0 1.075407
10 0.893277
20 0.891615
30 0.672937
40 0.824812
50 0.474225
60 0.452093
70 0.581412
80 0.450352
90 0.388311
100 0.434017
110 0.331752
120 0.366830
130 0.356486
140 0.288774
150 0.386157
160 0.299731
170 0.302679
180 0.352357
190 0.310401
200 0.270272
210 0.359429
220 0.360348
230 0.250387
240 0.304185
250 0.237513
260 0.308865
270 0.550562
280 0.228309
290 0.286077
300 0.253642
310 0.386689
320 0.407977
330 0.227463
340 0.273699
350 0.195392
360 0.330383
370 0.177995
380 0.258707
390 0.249585
400 0.209200
410 0.176544
420 0.195904
430 0.336662
440 0.205390
450 0.336046
460 0.296276
470 0.144112
480 0.182307
490 0.188655
500 0.232792
510 0.206549
520 0.161829
530 0.252002
540 0.294051
550 0.187774
560 0.173189
570 0.293196
580 0.314069
590 0.163268
600 0.094533
610 0.266753
620 0.276604
630 0.156505
640 0.128050
650 0.142472
660 0.202981
670 0.189982
680 0.191051
690 0.149681
700 0.189645
710 0.148097
720 0.158798
730 0.166233
740 0.170160
750 0.150376
760 0.131650
770 0.168127
780 0.105644
790 0.133199
800 0.242843
810 0.225601
820 0.139055
830 0.216204
840 0.202700
850 0.202823
860 0.100156
870 0.169398
880 0.146763
890 0.117476
900 0.136116
910 0.107033
920 0.166145
930 0.103076
940 0.108060
950 0.153989
960 0.137442
970 0.097768
980 0.240142
990 0.124553
1000 0.135043
1010 0.152603
1020 0.117201
1030 0.111292
1040 0.156995
1050 0.107729
1060 0.135535
1070 0.138264
1080 0.103674
1090 0.148923
1100 0.132914
1110 0.093257
1120 0.146064
1130 0.115462
1140 0.103256
1150 0.097185
1160 0.117075
1170 0.129736
1180 0.079946
1190 0.100196
1200 0.113176
1210 0.076368
1220 0.124915
1230 0.104704
1240 0.109165
1250 0.126507
1260 0.111413
1270 0.144468
1280 0.124173
1290 0.094252
1300 0.076925
1310 0.120790
1320 0.095788
1330 0.119346
1340 0.098601
1350 0.074569
1360 0.122328
1370 0.102456
1380 0.104946
1390 0.123615
1400 0.089393
1410 0.085009
1420 0.120325
1430 0.097189
1440 0.064694
1450 0.104342
1460 0.090536
1470 0.088244
1480 0.101273
1490 0.103407
1500 0.116675
1510 0.120595
1520 0.105951
1530 0.088363
1540 0.059332
1550 0.072322
1560 0.090057
1570 0.108987
1580 0.080137
1590 0.081599
1600 0.115388
1610 0.085446
1620 0.060680
1630 0.069027
1640 0.076846
1650 0.079483
1660 0.078192
1670 0.106975
1680 0.065959
1690 0.071257
1700 0.073214
1710 0.051202
1720 0.096680
1730 0.057591
1740 0.105216
1750 0.100483
1760 0.074013
1770 0.074086
1780 0.060998
1790 0.067542
1800 0.124757
1810 0.125706
1820 0.084047
1830 0.069164
1840 0.080000
1850 0.086604
1860 0.045605
1870 0.080316
1880 0.093786
1890 0.058429
1900 0.079711
1910 0.070670
1920 0.062926
1930 0.093057
1940 0.063897
1950 0.034749
1960 0.066481
1970 0.081306
1980 0.061393
1990 0.086771
2000 0.066245
2010 14.016902
2020 0.066688
2030 0.066245
2040 14.052042
2050 0.038958
2060 0.077658
2070 0.046933
2080 0.068755
2090 0.061043
2100 0.071730
2110 0.052334
2120 0.108959
2130 0.049874
2140 0.067309
2150 0.066810
2160 0.042448
2170 0.044762
2180 0.066109
2190 0.051188
2200 0.063586
2210 0.069123
2220 0.059983
2230 0.063618
2240 0.048132
2250 0.073970
2260 0.043782
2270 0.067825
2280 0.050444
2290 0.084049
2300 0.067633
2310 0.049498
2320 0.069894
2330 0.071756
2340 0.043704
2350 0.042612
2360 0.059513
2370 0.064772
2380 0.031903
2390 0.039028
2400 0.088696
2410 0.041790
2420 0.061295
2430 0.054064
2440 0.055034
2450 0.070507
2460 0.057323
2470 0.079957
2480 0.065825
2490 0.064874
2500 0.064699
2510 0.050467
2520 0.053300
2530 0.063962
2540 0.073838
2550 0.074669
2560 0.089836
2570 0.045168
2580 0.055964
2590 0.044586
2600 0.045124
2610 0.051908
2620 0.054786
2630 0.037775
2640 0.068007
2650 0.043665
2660 0.037909
2670 0.051497
2680 0.041855
2690 0.086835
2700 0.053509
2710 0.075227
2720 0.080583
2730 0.045213
2740 0.046819
2750 0.040992
2760 0.051113
2770 0.047530
2780 0.054404
2790 0.024391
2800 0.059466
2810 0.047108
2820 0.062091
2830 0.067721
2840 0.044676
2850 0.060082
2860 0.035655
2870 0.038436
2880 0.050206
2890 0.030151
2900 0.046166
2910 0.031287
2920 0.041685
2930 0.061123
2940 0.028692
2950 0.068416
2960 0.061216
2970 0.033080
2980 0.046530
2990 0.044654
3000 0.055157
3010 0.061827
3020 0.038465
3030 0.039929
3040 0.056068
3050 0.065619
3060 0.030632
3070 0.039819
3080 0.068940
3090 0.055896
3100 0.040775
3110 0.050124
3120 0.060958
3130 0.045171
3140 0.086950
3150 0.035779
3160 0.036196
3170 0.058530
3180 0.041729
3190 0.033832
3200 0.043683
3210 0.047284
3220 0.035063
3230 0.042762
3240 0.036184
3250 0.035946
3260 0.054830
3270 0.097015
3280 0.058342
3290 0.037144
3300 0.048490
3310 0.053993
3320 0.032460
3330 0.021882
3340 0.046246
3350 0.058262
3360 0.022604
3370 0.049269
3380 0.037842
3390 0.033539
3400 0.024975
3410 0.039843
3420 0.015325
3430 0.023963
3440 0.044161
3450 0.035417
3460 0.044874
3470 0.049905
3480 0.040377
3490 0.073300
3500 0.040132
3510 0.014937
3520 0.032859
3530 0.036286
3540 0.033242
3550 0.045389
3560 0.038955
3570 0.058445
3580 0.033870
3590 0.024325
3600 0.024813
3610 0.026741
3620 0.024915
3630 0.025371
3640 0.047305
3650 0.036225
3660 0.027483
3670 0.031552
3680 0.052266
3690 0.056782
3700 0.040956
3710 0.033544
3720 0.029651
3730 0.058283
3740 0.050204
3750 0.048317
3760 0.033649
3770 0.037812
3780 0.035202
3790 0.014124
3800 0.047657
3810 0.044273
3820 0.036799
3830 0.027673
3840 0.030868
3850 0.028723
3860 0.038146
3870 0.085257
3880 0.048654
3890 0.032806
3900 0.028729
3910 0.042737
3920 0.057720
3930 0.026698
3940 0.047224
3950 0.023511
3960 0.036652
3970 0.027975
3980 0.035539
3990 0.021913
4000 0.047907
4010 0.042031
4020 0.028723
4030 0.015244
4040 0.050368
4050 0.031358
4060 0.030028
4070 0.032962
4080 0.043622
4090 0.030984
4100 0.027071
4110 0.031416
4120 0.025973
4130 0.017974
4140 0.039298
4150 0.022235
4160 0.026710
4170 0.035271
4180 0.025192
4190 0.018580
4200 0.038296
4210 0.040221
4220 0.023508
4230 0.027238
4240 0.043532
4250 0.030029
4260 0.044660
4270 0.022412
4280 0.023378
4290 0.026891
4300 0.027711
4310 0.048905
4320 0.032141
4330 0.028116
4340 0.032023
4350 0.033485
4360 0.019026
4370 0.034875
4380 0.020664
4390 0.024532
4400 0.038535
4410 0.014366
4420 0.023292
4430 0.037332
4440 0.032541
4450 0.034138
4460 0.039632
4470 0.030630
4480 0.021654
4490 0.018984
4500 0.047218
4510 0.023151
4520 0.073028
4530 0.016311
4540 0.030328
4550 0.018525
4560 0.022008
4570 0.020696
4580 0.030931
4590 0.016969
4600 0.030262
4610 0.024422
4620 0.009717
4630 0.036802
4640 0.030900
4650 0.042251
4660 0.018787
4670 0.030311
4680 0.023506
4690 0.031469
4700 0.035702
4710 0.047958
4720 0.041154
4730 0.030747
4740 0.027818
4750 0.012690
4760 0.023169
4770 0.031090
4780 0.031826
4790 0.054120
4800 0.033581
4810 0.041503
4820 0.026109
4830 0.022977
4840 0.035813
4850 0.020262
4860 0.017757
4870 0.025067
4880 0.034679
4890 0.017917
4900 0.022775
4910 0.015058
4920 0.034793
4930 0.029832
4940 0.021953
4950 0.027046
4960 0.027235
4970 0.015046
4980 0.030026
4990 0.027463
5000 0.019837
5010 0.022095
5020 0.044665
5030 0.035723
5040 0.044707
5050 0.025930
5060 0.014005
5070 0.022011
5080 0.029645
5090 0.033669
5100 0.019177
5110 0.017786
5120 0.021530
5130 0.029638
5140 0.040905
5150 0.025392
5160 0.016740
5170 0.028359
5180 0.030024
5190 0.033471
5200 0.029253
5210 0.025768
5220 0.049198
5230 0.033091
5240 0.017526
5250 0.019118
5260 0.019082
5270 0.021123
5280 0.022434
5290 0.018691
5300 0.041383
5310 0.023024
5320 0.024649
5330 0.023648
5340 0.017212
5350 0.027940
5360 0.022746
5370 0.025155
5380 0.034582
5390 0.037081
5400 0.036100
5410 0.003797
5420 0.017176
5430 0.030769
5440 0.037013
5450 0.042145
5460 0.037903
5470 0.018131
5480 0.027608
5490 0.018809
5500 0.026195
5510 0.030384
5520 0.031285
5530 0.021506
5540 0.014069
5550 0.045333
5560 0.027576
5570 0.016332
5580 0.031756
5590 0.026595
5600 0.030298
5610 0.026249
5620 0.031062
5630 0.059532
5640 0.016135
5650 0.026693
5660 0.021541
5670 0.032352
5680 0.034517
5690 0.009405
5700 0.021701
5710 0.020370
5720 0.017486
5730 0.019299
5740 0.019369
5750 0.016479
5760 0.009795
5770 0.022716
5780 0.021314
5790 0.022537
5800 0.030990
5810 0.033444
5820 0.028324
5830 0.009764
5840 0.016669
5850 0.023127
5860 0.018324
5870 0.034255
5880 0.015991
5890 13.968008
5900 0.017680
5910 0.013648
5920 0.061478
5930 0.014988
5940 0.019179
5950 0.024246
5960 0.019928
5970 0.037064
5980 0.012396
5990 0.021021
6000 0.014244
6010 0.030442
6020 0.020861
6030 0.018207
6040 0.034449
6050 0.031226
6060 0.007900
6070 0.030456
6080 0.026029
6090 0.016860
6100 0.024447
6110 0.027721
6120 0.026157
6130 0.028025
6140 0.023052
6150 0.024583
6160 0.012553
6170 13.980506
6180 0.014047
6190 0.027091
6200 0.012463
6210 0.017395
6220 0.029636
6230 0.042945
6240 0.030751
6250 0.039344
6260 0.021633
6270 0.014094
6280 0.021144
6290 0.028309
6300 0.018001
6310 0.014093
6320 0.020643
6330 0.009670
6340 0.019605
6350 0.019382
6360 0.019455
6370 0.030635
6380 0.020982
6390 0.009181
6400 0.031376
6410 0.020520
6420 0.021596
6430 0.015170
6440 0.011741
6450 0.025546
6460 0.013005
6470 0.028300
6480 0.019698
6490 0.009933
6500 0.025566
6510 0.013012
6520 0.016226
6530 0.008244
6540 0.013992
6550 0.031195
6560 0.020303
6570 0.051730
6580 0.025283
6590 0.030918
6600 0.016000
6610 0.013903
6620 0.024954
6630 0.035366
6640 0.026655
6650 0.018157
6660 0.026703
6670 0.019748
6680 0.016626
6690 0.015722
6700 0.009501
6710 0.016748
6720 0.013331
6730 0.009948
6740 0.017013
6750 0.021375
6760 0.018830
6770 0.018522
6780 0.014994
6790 0.018723
6800 0.015224
6810 0.026793
6820 0.017381
6830 0.008890
6840 0.013738
6850 0.025855
6860 0.013577
6870 0.016265
6880 0.015856
6890 0.020263
6900 0.032616
6910 0.009579
6920 0.014333
6930 0.019325
6940 0.022844
6950 0.010252
6960 0.026041
6970 0.008704
6980 0.017120
6990 0.019235
7000 0.021847
7010 0.015717
7020 0.014274
7030 0.017788
7040 0.011906
7050 0.021115
7060 0.014562
7070 0.012720
7080 0.017910
7090 0.008693
7100 0.041667
7110 0.014101
7120 0.009555
7130 0.010885
7140 0.017486
7150 0.021415
7160 0.039049
7170 0.020961
7180 0.019344
7190 0.017376
7200 0.025039
7210 0.025462
7220 0.018329
7230 0.011275
7240 0.014105
7250 0.024115
7260 0.036933
7270 0.015823
7280 0.021930
7290 0.010190
7300 0.014886
7310 0.010232
7320 0.021654
7330 0.016180
7340 0.023137
7350 0.006586
7360 0.031548
7370 0.016730
7380 0.021479
7390 0.018659
7400 0.010262
7410 0.013901
7420 0.017493
7430 0.018175
7440 0.002599
7450 0.016704
7460 0.011021
7470 0.017919
7480 0.012913
7490 0.015405
7500 0.010201
7510 0.010554
7520 0.006968
7530 0.011891
7540 0.009633
7550 0.017383
7560 0.011130
7570 0.019204
7580 0.023948
7590 14.012735
7600 0.009270
7610 0.018529
7620 0.031192
7630 0.008860
7640 0.008310
7650 0.014614
7660 0.017091
7670 0.018408
7680 13.960891
7690 0.022254
7700 0.011114
7710 0.058600
7720 0.007693
7730 0.011446
7740 0.011728
7750 0.017515
7760 0.013901
7770 0.012605
7780 0.007452
7790 0.013985
7800 0.015419
7810 0.014457
7820 0.008502
7830 0.017135
7840 0.017557
7850 0.014463
7860 0.007251
7870 0.015440
7880 0.009644
7890 0.013903
7900 0.010118
7910 0.019482
7920 0.014864
7930 0.020831
7940 0.012684
7950 0.011572
7960 0.011041
7970 0.009769
7980 0.008770
7990 0.015315
8000 0.018917
8010 0.039069
8020 0.011241
8030 0.013025
8040 0.012761
8050 0.017032
8060 0.010910
8070 0.019630
8080 0.014280
8090 0.015339
8100 0.009172
8110 0.022337
8120 0.012292
8130 0.012352
8140 0.029995
8150 0.014303
8160 0.021125
8170 0.023352
8180 14.027830
8190 0.014057
8200 0.010841
8210 0.014374
8220 0.015006
8230 0.011278
8240 0.012371
8250 0.004257
8260 0.020208
8270 0.005285
8280 13.996716
8290 0.011987
8300 0.016072
8310 0.001637
8320 0.015778
8330 0.020282
8340 0.015321
8350 0.014233
8360 0.023764
8370 0.025971
8380 0.015804
8390 0.016227
8400 0.005127
8410 0.008933
8420 0.020162
8430 0.013836
8440 0.019969
8450 0.011519
8460 0.023882
8470 0.012686
8480 0.018554
8490 0.019663
8500 0.009412
8510 0.018523
8520 0.018657
8530 0.025865
8540 0.006672
8550 0.013258
8560 0.004129
8570 0.017865
8580 0.009442
8590 0.011018
8600 0.011602
8610 0.012827
8620 0.011023
8630 0.005639
8640 0.007115
8650 0.043675
8660 0.046741
8670 0.057821
8680 0.030373
8690 0.011132
8700 0.015084
8710 0.011204
8720 0.015601
8730 0.014084
8740 0.018425
8750 0.010713
8760 0.012175
8770 0.019227
8780 0.006279
8790 0.025195
8800 0.008026
8810 0.014002
8820 0.017188
8830 -0.002395
8840 0.012251
8850 0.013173
8860 0.006577
8870 0.019385
8880 0.012506
8890 0.014361
8900 0.010833
8910 0.008726
8920 0.010885
8930 0.010105
8940 0.041068
8950 0.015740
8960 0.013586
8970 0.012240
8980 0.011561
8990 0.010318
9000 0.007339
9010 0.009021
9020 0.010637
9030 0.014769
9040 0.002138
9050 0.025053
9060 0.010818
9070 0.002810
9080 0.005292
9090 0.020034
9100 0.008254
9110 0.002998
9120 0.008630
9130 0.020481
9140 0.007765
9150 0.009288
9160 0.017118
9170 -0.000043
9180 0.008159
9190 0.006987
9200 0.013034
9210 0.013026
9220 0.025641
9230 0.016378
9240 0.012509
9250 0.014257
9260 0.010477
9270 0.027251
9280 0.010759
9290 0.035162
9300 0.005776
9310 0.012072
9320 0.014589
9330 0.009719
9340 0.016445
9350 0.019194
9360 0.009594
9370 0.012711
9380 0.008159
9390 0.009241
9400 0.010238
9410 0.003477
9420 0.007173
9430 0.014877
9440 0.013216
9450 0.010406
9460 0.025363
9470 0.009759
9480 0.003567
9490 0.016551
9500 0.010489
9510 0.004828
9520 0.008816
9530 0.010239
9540 0.009475
9550 0.013312
9560 0.006420
9570 0.013067
9580 0.014212
9590 0.031414
9600 0.011972
9610 0.010258
9620 0.009797
9630 0.016631
9640 0.022883
9650 0.004643
9660 0.005778
9670 0.007832
9680 0.015673
9690 0.008783
9700 0.012570
9710 0.008948
9720 0.013226
9730 0.010795
9740 0.012278
9750 0.013325
9760 0.014931
9770 0.013183
9780 0.009659
9790 0.006149
9800 0.030071
9810 0.015663
9820 0.024076
9830 0.009390
9840 0.007630
9850 0.010995
9860 0.012731
9870 0.001822
9880 0.012451
9890 0.004745
9900 0.017954
9910 0.014088
9920 0.015950
9930 0.009863
9940 0.023798
9950 0.014129
9960 0.006782
9970 0.014729
9980 0.007806
9990 0.017832
10000 0.011990
10010 0.013378
10020 0.012624
10030 0.013450
10040 0.005968
10050 0.015444
10060 0.010556
10070 0.014971
10080 0.010023
10090 0.007494
10100 0.005122
10110 0.008828
10120 0.012647
10130 0.017329
10140 0.009078
10150 0.012191
10160 0.013789
10170 0.008319
10180 0.007151
10190 0.010550
10200 0.005957
10210 0.020562
10220 0.009960
10230 0.010402
10240 0.008127
10250 0.011383
10260 0.007600
10270 0.004168
10280 0.009713
10290 0.005043
10300 0.027430
10310 0.014638
10320 0.015756
10330 0.011151
10340 0.012285
10350 0.016705
10360 0.009362
10370 0.008439
10380 0.009121
10390 0.005833
10400 0.017546
10410 0.009336
10420 0.019987
10430 0.008287
10440 0.016236
10450 0.009862
10460 0.011498
10470 0.017535
10480 0.023073
10490 0.015802
10500 14.017936
10510 0.016921
10520 0.020931
10530 0.005765
10540 0.018747
10550 0.011895
10560 0.027186
10570 0.010471
10580 0.005676
10590 0.022072
10600 0.010568
10610 0.009488
10620 0.008504
10630 0.010230
10640 0.014740
10650 0.007561
10660 0.007867
10670 0.005554
10680 0.013727
10690 0.009012
10700 0.006211
10710 0.018664
10720 0.010143
10730 0.002975
10740 0.004396
10750 0.007888
10760 0.009910
10770 0.012319
10780 0.009916
10790 0.006232
10800 0.010439
10810 0.009828
10820 0.006786
10830 0.011356
10840 0.011751
10850 0.015527
10860 0.010311
10870 0.011882
10880 0.006574
10890 0.018709
10900 0.012232
10910 0.020882
10920 0.016353
10930 0.010368
10940 0.014031
10950 0.006171
10960 0.014547
10970 0.009377
10980 0.010988
10990 0.009150
11000 0.009478
11010 0.007467
11020 0.021543
11030 0.019933
11040 0.007785
11050 0.009002
11060 0.008844
11070 0.018719
11080 0.007949
11090 0.010465
11100 0.010317
11110 0.009411
11120 0.009297
11130 0.008170
11140 0.006180
11150 0.005690
11160 0.009981
11170 0.013152
11180 0.008576
11190 0.011992
11200 0.010169
11210 0.008069
11220 0.004823
11230 0.013662
11240 0.013772
11250 0.007389
11260 0.006849
11270 14.000186
11280 0.004235
11290 0.011189
11300 0.006698
11310 0.004413
11320 0.006323
11330 0.009523
11340 0.003800
11350 0.002170
11360 0.008786
11370 0.011018
11380 0.015862
11390 0.010457
11400 0.008068
11410 0.008218
11420 0.004658
11430 0.004842
11440 0.010401
11450 0.018007
11460 0.007306
11470 0.008654
11480 0.004609
11490 0.013671
11500 0.006932
11510 0.012976
11520 0.007759
11530 0.008624
11540 0.010003
11550 0.008676
11560 0.012100
11570 0.011200
11580 0.001978
11590 0.011382
11600 0.013694
11610 0.009861
11620 0.009933
11630 -0.000205
11640 0.012496
11650 0.010006
11660 0.002789
11670 0.003879
11680 0.005069
11690 0.008865
11700 0.006293
11710 0.004526
11720 0.010332
11730 0.003404
11740 0.013786
11750 0.007981
11760 0.004701
11770 0.012769
11780 0.008642
11790 0.008811
11800 0.010556
11810 0.014753
11820 0.011591
11830 0.016327
11840 0.007097
11850 0.008318
11860 0.003470
11870 0.009186
11880 0.009790
11890 0.008729
11900 0.017158
11910 0.011503
11920 0.009768
11930 0.002217
11940 0.006029
11950 0.008378
11960 0.009723
11970 0.011347
11980 0.010399
11990 0.007819
12000 0.008455
12010 0.014507
12020 0.008699
12030 0.010498
12040 0.014751
12050 0.010960
12060 0.010498
12070 0.013091
12080 0.002862
12090 0.007380
12100 0.006596
12110 0.010477
12120 0.005175
12130 0.008288
12140 0.005432
12150 0.051972
12160 0.015045
12170 0.008824
12180 0.008076
12190 0.014702
12200 0.003568
12210 0.009615
12220 0.003688
12230 0.017245
12240 0.010573
12250 0.019240
12260 0.003028
12270 0.023850
12280 0.003821
12290 0.008739
12300 0.006596
12310 0.007702
12320 0.005122
12330 0.006360
12340 0.017301
12350 0.011976
12360 0.012793
12370 0.002939
12380 0.006590
12390 0.010315
12400 0.012357
12410 0.005273
12420 0.005221
12430 0.007304
12440 0.011147
12450 0.006160
12460 0.009656
12470 0.010731
12480 0.006889
12490 0.012578
12500 0.009602
12510 0.009747
12520 0.009431
12530 0.005886
12540 0.009383
12550 0.006654
12560 0.008275
12570 0.005509
12580 0.011543
12590 0.004400
12600 0.019997
12610 0.014298
12620 0.004543
12630 0.010709
12640 0.006148
12650 0.004725
12660 0.005562
12670 0.002928
12680 0.015029
12690 0.008021
12700 0.011360
12710 0.006314
12720 0.013827
12730 0.008825
12740 0.009368
12750 0.022797
12760 0.008048
12770 0.016422
12780 0.004158
12790 0.009636
12800 0.005995
12810 0.006010
12820 0.011092
12830 0.002438
12840 0.005306
12850 0.006805
12860 0.007572
12870 0.007834
12880 0.009020
12890 0.008464
12900 0.015243
12910 0.006600
12920 0.007819
12930 0.010640
12940 0.008821
12950 0.004704
12960 0.011219
12970 0.014023
12980 0.010400
12990 0.010416
13000 0.005221
13010 0.010303
13020 0.006850
13030 0.004244
13040 0.008356
13050 0.005575
13060 0.008845
13070 0.008109
13080 0.012326
13090 0.014573
13100 0.009026
13110 0.015279
13120 0.010460
13130 0.009649
13140 0.001974
13150 0.003847
13160 0.011948
13170 0.008094
13180 0.008747
13190 0.007139
13200 0.004073
13210 13.968588
13220 0.007497
13230 0.003290
13240 0.002525
13250 0.016985
13260 0.013570
13270 0.006946
13280 0.006606
13290 0.008873
13300 0.002162
13310 0.003617
13320 0.007136
13330 0.008029
13340 0.006252
13350 0.003167
13360 0.008935
13370 0.010833
13380 0.008658
13390 0.006647
13400 0.002169
13410 0.006067
13420 0.003574
13430 0.005708
13440 0.008630
13450 0.007931
13460 0.005561
13470 0.013622
13480 0.007866
13490 0.001942
13500 0.009573
13510 0.016047
13520 0.005056
13530 0.012069
13540 0.002101
13550 0.004469
13560 0.007152
13570 0.004335
13580 0.003040
13590 0.030676
13600 0.005832
13610 0.003232
13620 0.007991
13630 0.012947
13640 0.007442
13650 0.011810
13660 0.006078
13670 0.009633
13680 0.002556
13690 0.007936
13700 0.011226
13710 0.006824
13720 0.007500
13730 0.004171
13740 0.007880
13750 0.003419
13760 0.013426
13770 0.008385
13780 0.007430
13790 0.005451
13800 0.008487
13810 0.004560
13820 0.030382
13830 0.001563
13840 0.013528
13850 0.011769
13860 0.008338
13870 0.002931
13880 0.002158
13890 0.007654
13900 0.006981
13910 0.002203
13920 0.003334
13930 0.003612
13940 0.003858
13950 0.009911
13960 0.009824
13970 0.011609
13980 0.005076
13990 14.040546
14000 0.007429
14010 0.003285
14020 0.004100
14030 0.006814
14040 0.006141
14050 0.019992
14060 0.007209
14070 0.004098
14080 0.046747
14090 0.008904
14100 0.000240
14110 0.005450
14120 0.006599
14130 0.015481
14140 0.009989
14150 0.009662
14160 0.008253
14170 0.008793
14180 0.024546
14190 0.008312
14200 0.010397
14210 0.004823
14220 0.005638
14230 0.008323
14240 0.010094
14250 0.002685
14260 0.007779
14270 0.012728
14280 0.000655
14290 0.003507
14300 0.006695
14310 0.005034
14320 0.012794
14330 0.003706
14340 0.010334
14350 0.010505
14360 0.012605
14370 0.012972
14380 0.007976
14390 0.008074
14400 0.023818
14410 0.005318
14420 0.008231
14430 0.010254
14440 0.010979
14450 0.009820
14460 0.000624
14470 0.008755
14480 0.006475
14490 0.003704
14500 0.005742
14510 0.010609
14520 0.005038
14530 0.003629
14540 -0.000688
14550 0.009637
14560 0.010991
14570 0.001767
14580 0.003514
14590 0.006691
14600 0.007120
14610 0.006166
14620 0.006578
14630 0.018547
14640 0.007769
14650 0.005840
14660 0.003376
14670 0.008074
14680 0.005203
14690 0.005371
14700 0.006209
14710 0.004807
14720 0.011228
14730 0.004954
14740 0.008424
14750 0.006097
14760 0.006342
14770 0.002661
14780 0.007642
14790 0.008319
14800 0.003437
14810 0.008742
14820 0.007105
14830 0.004785
14840 0.003535
14850 0.008256
14860 0.009874
14870 0.007982
14880 0.002987
14890 0.007652
14900 0.008058
14910 0.007347
14920 0.006953
14930 0.016465
14940 0.004969
14950 0.004859
14960 0.000203
14970 0.003475
14980 0.005697
14990 0.007652
15000 0.005873
15010 0.003669
15020 0.005486
15030 0.003559
15040 0.011914
15050 0.005105
15060 0.019780
15070 0.003371
15080 0.007251
15090 0.003201
15100 0.011686
15110 0.007009
15120 0.007805
15130 0.003410
15140 0.006608
15150 0.003842
15160 0.000410
15170 0.001277
15180 0.003881
15190 0.009287
15200 0.004249
15210 0.025850
15220 0.022913
15230 0.001603
15240 0.009686
15250 0.000653
15260 0.010691
15270 0.003139
15280 0.004131
15290 0.005149
15300 0.005589
15310 0.006988
15320 0.010197
15330 0.011807
15340 0.017887
15350 0.006932
15360 0.005290
15370 0.001734
15380 0.007623
15390 0.014131
15400 0.028554
15410 0.003645
15420 0.002305
15430 0.006652
15440 0.007012
15450 0.004400
15460 0.003808
15470 0.015822
15480 0.012082
15490 0.006777
15500 0.002694
15510 0.011013
15520 0.007831
15530 0.007996
15540 0.008259
15550 0.009599
15560 0.006103
15570 0.004898
15580 0.005991
15590 0.011903
15600 0.009356
15610 0.007539
15620 0.037312
15630 0.009695
15640 0.003106
15650 0.005626
15660 0.006181
15670 0.008853
15680 0.011514
15690 0.004955
15700 0.007607
15710 0.006076
15720 0.000284
15730 0.007758
15740 0.004386
15750 0.006677
15760 0.017106
15770 0.003694
15780 0.003664
15790 0.002788
15800 0.009059
15810 0.026270
15820 0.006176
15830 0.006609
15840 0.006547
15850 0.003501
15860 0.003058
15870 0.006718
15880 0.006585
15890 0.009874
15900 0.003719
15910 0.006020
15920 0.003930
15930 0.011955
15940 0.005425
15950 0.004630
15960 0.003020
15970 0.003539
15980 0.008971
15990 0.005176
16000 0.007607
16010 0.004760
16020 0.008783
16030 0.003315
16040 0.005991
16050 0.010427
16060 0.007383
16070 0.008530
16080 0.006450
16090 0.003311
16100 0.007801
16110 0.007756
16120 0.004286
16130 0.010588
16140 0.012882
16150 -0.000138
16160 0.011685
16170 0.005016
16180 0.003153
16190 0.012488
16200 0.006099
16210 0.026835
16220 0.004289
16230 0.009299
16240 0.004141
16250 0.006489
16260 0.004393
16270 0.005495
16280 0.001613
16290 0.005766
16300 0.010645
16310 0.003563
16320 0.005809
16330 0.004113
16340 0.004229
16350 0.005752
16360 13.942486
16370 0.012011
16380 0.006026
16390 0.007881
16400 0.003739
16410 0.008981
16420 0.002903
16430 0.009985
16440 0.006496
16450 0.003496
16460 0.006912
16470 0.011583
16480 0.003539
16490 0.006906
16500 0.009813
16510 0.006020
16520 0.002564
16530 0.003977
16540 0.005981
16550 0.004897
16560 0.017780
16570 0.001604
16580 0.003645
16590 14.008260
16600 -0.000435
16610 0.007073
16620 0.006217
16630 0.004939
16640 0.005357
16650 0.005239
16660 0.004218
16670 0.006084
16680 0.002847
16690 0.007337
16700 0.004082
16710 0.004759
16720 0.007659
16730 0.001941
16740 0.002801
16750 0.008951
16760 0.007620
16770 0.004027
16780 0.005749
16790 0.007947
16800 0.004850
16810 0.005460
16820 0.003482
16830 0.017354
16840 0.004735
16850 0.018788
16860 0.003041
16870 0.008503
16880 0.006993
16890 0.010352
16900 0.004629
16910 0.019476
16920 0.002200
16930 0.001774
16940 0.007248
16950 0.009249
16960 0.006203
16970 0.006062
16980 0.006695
16990 0.008542
17000 0.003110
17010 0.006894
17020 0.007380
17030 0.008133
17040 0.005501
17050 0.003854
17060 0.007202
17070 0.005200
17080 0.006847
17090 0.013522
17100 0.004147
17110 0.003438
17120 0.016942
17130 0.013482
17140 0.010883
17150 0.001656
17160 0.004729
17170 0.004328
17180 0.004513
17190 0.009205
17200 0.012663
17210 0.001320
17220 0.005677
17230 0.004997
17240 0.006354
17250 0.006895
17260 0.006750
17270 0.007347
17280 0.009247
17290 0.007881
17300 0.004934
17310 0.006724
17320 0.006449
17330 0.006915
17340 0.003461
17350 0.007869
17360 0.008154
17370 0.015377
17380 -0.000739
17390 0.011091
17400 0.007463
17410 0.004394
17420 0.009804
17430 0.004115
17440 0.010378
17450 0.009002
17460 0.017505
17470 0.007520
17480 0.008963
17490 0.005977
17500 0.001873
17510 0.007756
17520 0.010493
17530 0.006563
17540 0.014425
17550 0.004054
17560 0.005880
17570 0.004719
17580 0.007875
17590 0.007035
17600 0.003943
17610 0.008480
17620 0.013887
17630 0.005218
17640 0.005960
17650 0.004821
17660 0.008833
17670 0.002473
17680 0.017682
17690 14.008914
17700 0.005153
17710 0.008088
17720 0.004532
17730 0.006022
17740 0.010676
17750 0.004441
17760 0.007472
17770 0.003629
17780 0.005667
17790 0.010878
17800 0.002530
17810 0.004356
17820 0.007012
17830 0.006520
17840 0.000712
17850 0.008589
17860 0.006272
17870 0.005702
17880 0.004417
17890 0.005088
17900 0.008027
17910 0.006726
17920 0.005126
17930 0.003871
17940 0.007783
17950 0.003769
17960 0.005365
17970 0.006119
17980 0.003935
17990 0.005826
18000 0.004197
18010 0.005599
18020 0.002350
18030 0.010161
18040 0.003986
18050 0.012001
18060 0.005856
18070 13.977911
18080 0.005771
18090 0.008363
18100 0.007686
18110 0.004420
18120 0.003344
18130 0.008290
18140 13.983374
18150 0.005511
18160 0.002094
18170 0.010274
18180 0.004013
18190 0.004804
18200 0.004669
18210 0.050066
18220 0.007634
18230 0.008369
18240 0.006031
18250 0.004082
18260 0.006742
18270 0.007652
18280 0.008117
18290 0.006808
18300 0.006156
18310 0.004171
18320 0.006520
18330 0.002996
18340 0.006613
18350 0.006539
18360 0.008545
18370 0.011105
18380 0.010890
18390 0.002190
18400 0.004914
18410 0.006219
18420 0.000634
18430 0.004829
18440 0.007123
18450 0.004417
18460 0.009106
18470 0.002624
18480 0.008717
18490 0.006999
18500 0.006654
18510 0.008755
18520 0.003359
18530 0.003037
18540 0.007080
18550 0.008665
18560 0.006214
18570 0.004399
18580 0.004984
18590 0.009477
18600 0.008708
18610 0.003020
18620 0.006048
18630 0.009794
18640 0.007740
18650 0.007978
18660 0.011134
18670 0.004463
18680 0.001803
18690 0.006062
18700 0.008294
18710 0.005836
18720 0.006571
18730 0.006968
18740 0.007793
18750 0.006187
18760 0.001499
18770 0.008136
18780 0.010171
18790 0.006824
18800 0.010694
18810 0.005447
18820 0.004685
18830 0.008496
18840 0.007619
18850 0.000458
18860 0.005901
18870 0.003773
18880 0.003871
18890 0.008186
18900 0.007018
18910 0.003602
18920 0.010391
18930 0.007058
18940 0.002887
18950 0.008169
18960 0.007793
18970 0.009511
18980 0.002486
18990 0.010579
19000 0.004368
19010 0.006745
19020 0.005000
19030 0.015562
19040 0.004993
19050 0.007261
19060 0.007017
19070 0.004524
19080 0.006455
19090 0.007750
19100 0.006542
19110 0.005325
19120 0.009555
19130 0.005860
19140 0.007096
19150 0.006021
19160 0.010653
19170 0.002365
19180 0.006045
19190 14.007012
19200 0.005292
19210 0.013065
19220 0.003788
19230 0.006724
19240 0.005967
19250 0.000969
19260 0.005678
19270 0.013869
19280 0.005814
19290 0.006980
19300 0.006881
19310 0.006669
19320 0.005463
19330 0.009202
19340 0.005320
19350 0.006011
19360 0.006231
19370 0.002401
19380 0.005279
19390 0.006579
19400 0.005405
19410 0.006572
19420 0.003485
19430 0.007535
19440 0.006658
19450 0.014700
19460 0.007675
19470 0.012258
19480 0.004802
19490 0.007656
19500 0.006721
19510 0.009697
19520 0.009451
19530 -0.000239
19540 0.001957
19550 0.009774
19560 0.008815
19570 0.005851
19580 0.007236
19590 0.005378
19600 0.004369
19610 0.027673
19620 0.005158
19630 0.002232
19640 0.005159
19650 0.005417
19660 0.007577
19670 0.012448
19680 0.008651
19690 0.007480
19700 0.006956
19710 0.002773
19720 0.002151
19730 0.006009
19740 0.004176
19750 0.009325
19760 0.004620
19770 0.009567
19780 0.017130
19790 0.006412
19800 0.015201
19810 0.003175
19820 0.004241
19830 0.004829
19840 0.005127
19850 0.007286
19860 0.007722
19870 0.002366
19880 0.006856
19890 0.007931
19900 0.007157
19910 0.002955
19920 0.006244
19930 0.010322
19940 0.009505
19950 0.009767
19960 0.006881
19970 0.006555
19980 0.004002
19990 0.002511
20000 0.003144
20010 0.008963
20020 0.005137
20030 0.002965
20040 0.002351
20050 0.007166
20060 0.002929
20070 0.028231
20080 0.001089
20090 0.004997
20100 0.009210
20110 0.004862
20120 0.001168
20130 0.002412
20140 0.004373
20150 0.006022
20160 0.005365
20170 0.003238
20180 0.005902
20190 0.005900
20200 0.007283
20210 0.001668
20220 0.007339
20230 0.002101
20240 0.006626
20250 0.006673
20260 0.006964
20270 0.006265
20280 0.004269
20290 0.025560
20300 0.009605
20310 0.005802
20320 0.007145
20330 0.006910
20340 0.006872
20350 0.004488
20360 0.008898
20370 0.006230
20380 0.007066
20390 0.003842
20400 0.005370
20410 0.006767
20420 0.007343
20430 0.007519
20440 0.001704
20450 0.001614
20460 0.003320
20470 0.006568
20480 0.006176
20490 0.001727
20500 0.008799
20510 0.007223
20520 0.005635
20530 0.003276
20540 0.005263
20550 0.004932
20560 0.005442
20570 0.004829
20580 0.007123
20590 0.004126
20600 0.004987
20610 0.001478
20620 0.004543
20630 0.008565
20640 0.007122
20650 0.008137
20660 0.006940
20670 0.019973
20680 0.004366
20690 0.001927
20700 0.006289
20710 0.013774
20720 0.003814
20730 0.006385
20740 0.006181
20750 0.009662
20760 0.004194
20770 0.016375
20780 0.004264
20790 0.003122
20800 0.004373
20810 0.003765
20820 0.007366
20830 0.006420
20840 0.001818
20850 0.014945
20860 0.008750
20870 0.003829
20880 0.006466
20890 0.001126
20900 0.005468
20910 0.006916
20920 0.008595
20930 0.006696
20940 0.009601
20950 0.006193
20960 0.003561
20970 0.008321
20980 0.002912
20990 0.005395
21000 0.002108
21010 0.006365
21020 0.002671
21030 0.011621
21040 0.007631
21050 -0.000530
21060 0.005775
21070 0.003952
21080 0.006104
21090 0.003133
21100 0.005695
21110 0.004977
21120 0.007231
21130 0.008336
21140 0.014475
21150 0.002959
21160 0.009941
21170 0.006484
21180 0.004276
21190 0.008284
21200 0.000968
21210 0.004944
21220 0.014383
21230 0.009531
21240 0.008847
21250 0.005913
21260 0.009297
21270 0.008308
21280 0.008014
21290 0.011562
21300 0.007022
21310 0.005416
21320 0.010699
21330 0.005509
21340 0.005745
21350 0.004649
21360 0.006335
21370 0.007557
21380 0.003563
21390 0.007846
21400 0.003874
21410 0.004757
21420 0.005919
21430 0.005789
21440 0.005768
21450 0.001897
21460 0.001594
21470 0.004522
21480 0.005911
21490 0.005781
21500 0.006604
21510 0.006756
21520 0.003761
21530 0.006560
21540 0.007199
21550 0.005482
21560 0.004377
21570 0.019708
21580 0.005940
21590 0.005326
21600 0.005366
21610 0.007007
21620 0.008326
21630 0.001924
21640 0.003044
21650 0.005464
21660 0.006854
21670 0.005603
21680 0.009395
21690 0.055257
21700 0.005047
21710 0.009794
21720 0.023019
21730 0.006863
21740 0.010495
21750 0.004919
21760 0.005361
21770 0.013432
21780 0.004687
21790 0.007674
21800 0.006058
21810 0.006278
21820 0.008390
21830 0.011528
21840 0.006372
21850 0.008896
21860 0.005605
21870 0.003932
21880 0.001467
21890 0.003543
21900 0.001686
21910 0.005954
21920 13.976958
21930 0.004027
21940 0.011381
21950 0.008633
21960 0.004741
21970 0.002756
21980 0.012741
21990 -0.001265
22000 0.003522
22010 0.005264
22020 0.007778
22030 0.002509
22040 0.005176
22050 0.005095
22060 0.004557
22070 0.004783
22080 0.003248
22090 0.008075
22100 0.004141
22110 0.004252
22120 0.010539
22130 0.003762
22140 0.004786
22150 0.015836
22160 0.019034
22170 0.006287
22180 0.007619
22190 0.011465
22200 0.009591
22210 0.004945
22220 0.002381
22230 0.005132
22240 0.006066
22250 0.002283
22260 0.004201
22270 0.007675
22280 0.001054
22290 0.005483
22300 0.004440
22310 0.006881
22320 0.004943
22330 0.003597
22340 0.004736
22350 0.006433
22360 0.011432
22370 0.003437
22380 0.004374
22390 0.007160
22400 0.006661
22410 0.010605
22420 0.002818
22430 0.004390
22440 0.001417
22450 0.024483
22460 0.008442
22470 0.026761
22480 0.007531
22490 0.009530
22500 0.011048
22510 0.010827
22520 0.003952
22530 0.002981
22540 0.007750
22550 0.006955
22560 0.002740
22570 0.006222
22580 0.004620
22590 0.006143
22600 0.001900
22610 0.010726
22620 0.008319
22630 0.012289
22640 0.010158
22650 0.003923
22660 0.005423
22670 0.008285
22680 0.007022
22690 0.004761
22700 0.004135
22710 0.005041
22720 0.004867
22730 0.005382
22740 0.004516
22750 0.008872
22760 0.003441
22770 0.008735
22780 0.005471
22790 0.015490
22800 0.008282
22810 0.007583
22820 0.004120
22830 0.003168
22840 0.005813
22850 0.006749
22860 0.009063
22870 0.005180
22880 0.001675
22890 0.005160
22900 0.003910
22910 0.003978
22920 0.003951
22930 0.008772
22940 0.006346
22950 0.006131
22960 0.003942
22970 0.008212
22980 0.005898
22990 0.008920
23000 0.006284
23010 0.003815
23020 0.006392
23030 0.001568
23040 0.005017
23050 0.006405
23060 0.007722
23070 0.003510
23080 0.004112
23090 0.008674
23100 0.005879
23110 0.005756
23120 0.002319
23130 0.004989
23140 0.003914
23150 0.008488
23160 0.004994
23170 0.010296
23180 0.002508
23190 0.008568
23200 0.006367
23210 0.003875
23220 0.009437
23230 0.006311
23240 0.005081
23250 0.004812
23260 0.000223
23270 0.006507
23280 0.007697
23290 0.006761
23300 0.002673
23310 0.006083
23320 0.005116
23330 0.009314
23340 0.002852
23350 0.005161
23360 0.009034
23370 0.009665
23380 0.005350
23390 0.011222
23400 0.009478
23410 0.004189
23420 0.015885
23430 0.001089
23440 0.003258
23450 0.003491
23460 0.001616
23470 0.004717
23480 0.009651
23490 0.011069
23500 0.013544
23510 0.005837
23520 0.002861
23530 0.004559
23540 0.001851
23550 0.005051
23560 0.005907
23570 0.007358
23580 0.014043
23590 0.007289
23600 0.008988
23610 0.012789
23620 0.008624
23630 0.006090
23640 0.007672
23650 0.007291
23660 0.011293
23670 0.009236
23680 0.005961
23690 0.003377
23700 0.007021
23710 -0.000291
23720 14.026770
23730 0.016300
23740 0.003921
23750 0.003158
23760 0.002281
23770 0.004348
23780 0.004936
23790 0.007482
23800 0.006004
23810 14.005302
23820 0.006326
23830 0.005767
23840 0.003289
23850 0.005488
23860 0.003770
23870 0.007957
23880 0.011226
23890 0.005996
23900 0.005841
23910 0.003018
23920 0.005753
23930 0.005586
23940 0.004046
23950 0.003748
23960 0.005245
23970 0.003531
23980 0.002870
23990 0.004670
24000 0.004649
24010 0.004548
24020 0.005734
24030 0.007092
24040 0.009045
24050 0.008502
24060 0.008491
24070 0.007457
24080 0.008062
24090 0.007287
24100 0.011230
24110 0.018485
24120 0.006393
24130 0.016409
24140 0.004602
24150 0.006927
24160 0.005311
24170 0.006198
24180 0.005781
24190 0.004577
24200 0.006106
24210 0.003407
24220 0.015678
24230 0.008318
24240 0.007618
24250 0.006112
24260 0.006908
24270 0.009828
24280 0.009342
24290 0.006764
24300 0.003774
24310 0.004589
24320 0.005513
24330 0.002596
24340 0.022448
24350 0.005140
24360 0.004366
24370 0.005594
24380 0.008827
24390 0.003787
24400 0.000558
24410 0.006941
24420 0.009345
24430 0.005035
24440 0.006097
24450 0.005077
24460 0.005552
24470 0.004774
24480 0.007641
24490 0.006582
24500 0.006519
24510 0.009397
24520 0.003611
24530 0.004107
24540 0.006079
24550 0.008388
24560 -0.000492
24570 0.006950
24580 0.005059
24590 0.004282
24600 0.006301
24610 0.003579
24620 0.001870
24630 0.004986
24640 0.004545
24650 0.002212
24660 0.003760
24670 0.006772
24680 0.003424
24690 0.002726
24700 0.003388
24710 0.007558
24720 0.012075
24730 0.002552
24740 0.008170
24750 0.000462
24760 0.006882
24770 0.005049
24780 0.007350
24790 0.003622
24800 0.005898
24810 0.005467
24820 0.004702
24830 0.008190
24840 0.008618
24850 0.002079
24860 0.007867
24870 0.007307
24880 0.002541
24890 0.004252
24900 0.003446
24910 0.006196
24920 0.006606
24930 0.006021
24940 0.012515
24950 0.006156
24960 0.007227
24970 0.003341
24980 0.007404
24990 0.005841
25000 0.002715
25010 0.009541
25020 0.015124
25030 0.011532
25040 0.002421
25050 0.003921
25060 0.011637
25070 0.006721
25080 0.001600
25090 0.002714
25100 0.000966
25110 0.006321
25120 0.008078
25130 0.003216
25140 -0.000118
25150 0.003204
25160 0.004849
25170 0.004664
25180 0.004853
25190 0.004742
25200 0.007199
25210 0.002617
25220 0.003174
25230 0.002298
25240 0.010277
25250 0.002631
25260 0.006940
25270 0.006322
25280 0.001364
25290 0.009503
25300 0.012517
25310 0.004863
25320 0.004070
25330 0.007978
25340 0.006407
25350 0.005050
25360 0.005327
25370 0.003443
25380 0.002668
25390 0.005180
25400 0.009576
25410 0.016540
25420 0.006528
25430 0.005827
25440 0.009713
25450 0.007038
25460 0.006730
25470 0.004150
25480 0.009582
25490 0.022135
25500 0.004919
25510 0.007201
25520 0.008171
25530 0.005821
25540 0.002777
25550 0.002672
25560 0.004345
25570 0.007071
25580 0.005143
25590 0.002712
25600 0.010856
25610 0.008559
25620 0.007684
25630 0.007911
25640 0.005011
25650 0.006321
25660 0.005126
25670 0.003290
25680 0.003959
25690 0.004804
25700 0.014616
25710 0.002775
25720 0.005980
25730 0.008157
25740 0.007079
25750 0.013747
25760 0.002988
25770 0.004564
25780 0.004585
25790 0.005831
25800 0.003277
25810 0.005186
25820 0.000833
25830 0.006891
25840 0.006477
25850 0.002917
25860 0.006092
25870 0.001732
25880 0.002430
25890 0.003641
25900 0.003456
25910 0.002943
25920 0.005319
25930 0.005443
25940 0.007715
25950 0.006762
25960 0.006886
25970 0.007029
25980 0.005834
25990 0.001215
26000 0.003726
26010 0.002195
26020 0.002476
26030 0.003710
26040 0.012933
26050 0.003750
26060 0.002890
26070 0.004365
26080 0.006662
26090 0.003385
26100 0.005008
26110 0.002680
26120 0.006524
26130 0.007105
26140 0.004012
26150 0.008498
26160 0.005266
26170 0.009503
26180 0.009123
26190 0.007637
26200 0.013109
26210 0.006828
26220 0.010361
26230 0.007175
26240 0.006214
26250 0.005013
26260 0.003959
26270 0.006293
26280 0.006665
26290 0.011877
26300 0.003944
26310 0.008223
26320 0.012869
26330 0.008059
26340 0.013668
26350 0.006941
26360 0.006257
26370 0.006137
26380 0.006614
26390 0.009281
26400 0.007849
26410 0.010313
26420 0.005030
26430 0.007011
26440 0.007256
26450 0.007003
26460 0.004880
26470 0.006888
26480 0.011406
26490 0.005740
26500 0.003559
26510 0.005485
26520 0.006793
26530 0.004316
26540 0.007418
26550 0.004534
26560 0.004083
26570 0.003755
26580 0.007922
26590 0.017622
26600 0.005279
26610 0.005106
26620 0.006930
26630 0.005761
26640 0.000500
26650 0.004153
26660 0.005335
26670 0.002512
26680 0.003965
26690 0.002187
26700 0.006750
26710 0.013042
26720 0.002302
26730 0.004392
26740 0.006870
26750 0.005870
26760 0.004896
26770 0.009947
26780 0.002203
26790 0.006448
26800 0.003994
26810 0.003755
26820 0.005188
26830 0.005830
26840 0.006747
26850 0.003839
26860 0.005954
26870 0.001991
26880 0.003287
26890 0.002310
26900 0.010691
26910 0.004009
26920 0.003620
26930 0.003536
26940 0.008813
26950 0.004388
26960 0.005556
26970 0.003000
26980 0.005480
26990 0.007951
27000 0.013202
27010 0.004210
27020 0.009006
27030 0.003581
27040 0.010069
27050 0.006589
27060 0.003645
27070 0.009091
27080 0.013301
27090 0.006302
27100 0.010044
27110 0.004668
27120 0.013402
27130 0.004618
27140 0.004149
27150 0.007975
27160 0.007888
27170 0.011000
27180 0.004005
27190 0.019193
27200 0.007884
27210 0.000135
27220 0.006348
27230 0.003387
27240 0.001995
27250 0.005859
27260 0.005230
27270 0.003052
27280 0.007056
27290 0.043756
27300 0.005130
27310 0.010575
27320 0.009782
27330 0.007336
27340 0.005026
27350 0.005950
27360 0.005406
27370 0.010362
27380 0.005952
27390 0.003232
27400 0.005357
27410 0.007861
27420 0.006692
27430 0.002136
27440 0.007386
27450 0.006723
27460 0.009397
27470 0.006366
27480 0.003850
27490 0.004142
27500 0.010787
27510 0.003291
27520 0.006013
27530 0.003112
27540 0.001543
27550 0.005183
27560 0.013568
27570 0.005218
27580 0.002893
27590 0.007331
27600 0.007710
27610 0.002896
27620 0.004456
27630 0.004689
27640 0.005561
27650 0.004059
27660 0.003055
27670 0.001962
27680 0.003764
27690 0.002224
27700 0.004109
27710 0.011082
27720 0.003305
27730 0.004680
27740 0.001940
27750 0.008071
27760 0.008251
27770 0.002945
27780 0.003885
27790 0.000470
27800 0.004519
27810 0.003355
27820 0.010580
27830 0.002653
27840 0.014454
27850 0.005028
27860 0.014284
27870 0.004870
27880 0.008098
27890 0.001639
27900 0.007921
27910 0.004597
27920 0.011978
27930 0.008608
27940 0.004517
27950 0.000740
27960 0.000866
27970 0.003026
27980 0.002356
27990 0.005802
28000 0.008275
28010 0.004791
28020 0.003050
28030 0.004934
28040 0.007870
28050 0.003082
28060 0.004897
28070 0.008251
28080 0.017058
28090 0.006855
28100 0.005202
28110 0.006753
28120 0.004501
28130 0.006545
28140 0.005320
28150 0.016519
28160 0.005504
28170 0.004494
28180 0.005605
28190 0.001630
28200 0.002797
28210 0.005314
28220 0.004971
28230 0.006342
28240 0.018070
28250 0.004526
28260 0.024790
28270 0.007281
28280 0.004764
28290 0.002762
28300 0.004842
28310 0.005758
28320 0.005072
28330 0.002959
28340 0.005767
28350 0.005162
28360 0.006755
28370 0.004971
28380 0.003029
28390 0.003573
28400 0.008317
28410 0.004494
28420 0.006599
28430 0.006604
28440 0.003774
28450 0.005952
28460 0.003606
28470 0.005360
28480 0.006661
28490 0.003916
28500 0.004315
28510 0.003803
28520 0.005107
28530 0.005024
28540 0.003705
28550 0.003595
28560 0.001883
28570 0.002827
28580 0.005624
28590 0.003725
28600 0.005837
28610 0.001780
28620 0.004390
28630 0.002419
28640 0.004599
28650 0.005334
28660 0.005774
28670 0.004959
28680 0.005639
28690 0.005652
28700 0.002671
28710 0.005068
28720 0.007769
28730 0.009093
28740 0.008074
28750 0.005999
28760 0.010693
28770 0.004045
28780 0.005979
28790 14.026482
28800 0.004747
28810 0.004858
28820 0.009247
28830 0.005152
28840 0.008908
28850 0.008643
28860 0.003921
28870 0.005233
28880 0.005718
28890 0.004118
28900 0.008279
28910 0.002178
28920 0.005329
28930 0.003679
28940 0.004003
28950 0.004518
28960 0.003456
28970 0.006624
28980 0.005916
28990 0.003218
29000 0.005435
29010 0.003778
29020 0.003054
29030 0.003620
29040 0.007779
29050 0.004485
29060 0.007028
29070 0.000768
29080 0.001786
29090 0.005644
29100 0.005795
29110 0.016651
29120 0.004219
29130 0.004040
29140 0.006432
29150 0.006181
29160 0.006879
29170 0.004157
29180 0.005379
29190 0.002011
29200 0.003138
29210 0.005664
29220 0.004638
29230 0.003556
29240 0.001812
29250 0.003784
29260 0.003816
29270 0.002529
29280 0.008301
29290 0.007661
29300 0.001318
29310 0.008002
29320 0.002811
29330 0.011029
29340 0.012446
29350 0.010156
29360 0.004736
29370 0.006236
29380 0.011153
29390 0.003599
29400 0.004297
29410 0.020344
29420 0.007955
29430 0.001915
29440 0.007130
29450 0.002890
29460 0.009283
29470 0.002894
29480 0.004758
29490 0.003803
29500 0.003416
29510 0.004399
29520 0.009316
29530 0.004438
29540 0.005801
29550 0.004864
29560 0.002963
29570 0.003185
29580 0.009998
29590 0.003120
29600 0.011195
29610 0.003597
29620 0.007217
29630 0.002842
29640 0.002010
29650 0.007002
29660 0.005385
29670 0.006916
29680 0.008333
29690 0.004255
29700 0.004210
29710 0.005082
29720 0.004969
29730 0.005993
29740 0.002625
29750 0.005067
29760 0.013828
29770 0.001427
29780 0.003293
29790 0.006094
29800 0.002198
29810 0.005671
29820 0.004979
29830 0.001646
29840 0.004365
29850 0.009159
29860 0.006763
29870 0.004053
29880 0.007104
29890 0.003454
29900 0.004408
29910 0.006872
29920 0.007591
29930 0.005782
29940 0.003255
29950 0.018086
29960 0.006155
29970 0.003211
29980 0.003377
29990 0.005282
30000 0.002459
30010 0.005515
30020 0.007025
30030 0.005376
30040 0.002934
30050 14.040799
30060 0.010633
30070 0.004216
30080 13.961222
30090 0.000157
30100 0.005786
30110 0.004494
30120 0.003465
30130 0.004387
30140 0.001709
30150 0.001938
30160 0.000394
30170 0.006189
30180 0.006715
30190 0.004341
30200 0.004608
30210 0.006198
30220 0.005601
30230 0.010199
30240 13.997764
30250 0.001492
30260 0.008048
30270 0.006162
30280 0.009036
30290 0.003595
30300 0.003930
30310 0.001648
30320 0.003531
30330 0.002711
30340 0.004287
30350 0.009453
30360 0.005228
30370 0.004627
30380 0.009070
30390 0.006991
30400 0.004113
30410 0.003194
30420 0.008133
30430 0.004620
30440 0.002853
30450 0.010342
30460 0.002738
30470 0.003877
30480 0.008198
30490 0.002724
30500 0.007395
30510 0.002348
30520 0.002823
30530 0.003614
30540 0.004582
30550 0.005638
30560 0.022678
30570 0.004884
30580 0.001571
30590 0.014945
30600 0.005574
30610 0.004000
30620 0.003099
30630 0.006274
30640 0.005396
30650 0.000833
30660 0.005582
30670 0.007553
30680 0.015876
30690 0.002812
30700 0.004502
30710 0.003674
30720 0.006554
30730 0.011003
30740 0.001119
30750 0.005059
30760 0.005816
30770 0.008403
30780 0.006592
30790 0.003657
30800 0.005503
30810 0.005072
30820 0.003867
30830 0.016129
30840 0.005973
30850 0.005218
30860 0.004904
30870 0.007620
30880 0.007112
30890 0.004598
30900 0.001285
30910 0.017196
30920 0.003637
30930 0.005928
30940 0.010020
30950 0.003264
30960 0.002227
30970 -0.000180
30980 0.006720
30990 0.002568
31000 0.005149
31010 0.003844
31020 0.002263
31030 0.003626
31040 0.001396
31050 0.008351
31060 0.002223
31070 0.006130
31080 0.007276
31090 0.001772
31100 0.009903
31110 0.015766
31120 0.007495
31130 0.010129
31140 0.010130
31150 0.004212
31160 0.011146
31170 0.002002
31180 0.001574
31190 0.006540
31200 0.008806
31210 0.005382
31220 0.004965
31230 0.003113
31240 0.006274
31250 0.003048
31260 0.002284
31270 0.002441
31280 0.006515
31290 0.006450
31300 0.009201
31310 0.004132
31320 0.002611
31330 0.004007
31340 0.002950
31350 0.011409
31360 0.002495
31370 0.001451
31380 0.003997
31390 0.003296
31400 0.002304
31410 0.002485
31420 0.006223
31430 0.002322
31440 0.009637
31450 0.010985
31460 0.001546
31470 -0.000683
31480 0.005483
31490 0.003661
31500 0.006188
31510 0.008159
31520 0.006084
31530 0.002974
31540 0.001555
31550 0.008029
31560 0.007311
31570 0.013348
31580 0.005327
31590 0.001896
31600 0.003350
31610 0.001699
31620 0.007767
31630 0.004823
31640 0.003437
31650 0.005039
31660 0.005274
31670 0.004474
31680 0.012519
31690 0.005449
31700 0.006162
31710 0.004210
31720 0.002362
31730 0.000544
31740 0.004974
31750 0.017166
31760 0.004748
31770 0.004905
31780 0.003705
31790 0.002806
31800 0.003180
31810 0.002430
31820 0.005152
31830 0.002508
31840 0.005243
31850 0.003421
31860 0.003297
31870 0.007687
31880 0.004493
31890 0.005162
31900 0.003503
31910 0.001981
31920 0.005880
31930 0.005329
31940 0.005593
31950 0.004292
31960 0.012023
31970 0.004672
31980 0.004852
31990 0.007070
32000 0.003233
32010 0.004005
32020 0.004189
32030 0.034933
32040 0.002769
32050 0.006858
32060 0.015877
32070 0.006074
32080 0.006532
32090 13.973504
32100 0.008288
32110 0.021304
32120 0.005154
32130 0.009484
32140 0.003859
32150 0.011651
32160 0.002822
32170 0.002582
32180 0.004673
32190 0.005511
32200 0.004749
32210 0.004170
32220 0.005040
32230 -0.000178
32240 0.012421
32250 0.003738
32260 0.005506
32270 0.004442
32280 0.010140
32290 0.003997
32300 0.002193
32310 0.004401
32320 0.001168
32330 0.004911
32340 0.006451
32350 0.003777
32360 0.006386
32370 0.010314
32380 0.003182
32390 0.003912
32400 0.003636
32410 0.002692
32420 0.001310
32430 0.016026
32440 0.002208
32450 0.003812
32460 0.007727
32470 0.014613
32480 0.007888
32490 0.004337
32500 0.001230
32510 0.003989
32520 0.010514
32530 0.009676
32540 0.003264
32550 0.006292
32560 14.025126
32570 0.019647
32580 0.002380
32590 0.004208
32600 0.004853
32610 0.005914
32620 0.013172
32630 0.002039
32640 0.006194
32650 0.017957
32660 0.005834
32670 0.013917
32680 0.007875
32690 0.014260
32700 0.008920
32710 13.978003
32720 0.003150
32730 0.014178
32740 0.003332
32750 0.004165
32760 0.008598
32770 0.006387
32780 0.006532
32790 0.004709
32800 0.011881
32810 0.005489
32820 0.000777
32830 0.006072
32840 0.002568
32850 0.003278
32860 0.021924
32870 0.001466
32880 0.005961
32890 0.004199
32900 0.004925
32910 0.004032
32920 0.011415
32930 0.005992
32940 0.005008
32950 0.005410
32960 0.005724
32970 0.003182
32980 0.003187
32990 0.010316
33000 0.007784
33010 0.005538
33020 0.005859
33030 0.006090
33040 0.001736
33050 0.005523
33060 0.004879
33070 0.005599
33080 0.010791
33090 0.003807
33100 0.014243
33110 0.002904
33120 0.004416
33130 0.005167
33140 0.005621
33150 0.002800
33160 0.006357
33170 0.000708
33180 0.003153
33190 0.006361
33200 0.003885
33210 0.004464
33220 0.004694
33230 0.001141
33240 0.000244
33250 0.003071
33260 0.007298
33270 0.001343
33280 0.008372
33290 0.006481
33300 0.010327
33310 0.001067
33320 0.004768
33330 0.005449
33340 0.005270
33350 0.005253
33360 0.006354
33370 0.003939
33380 0.002927
33390 0.004110
33400 0.001656
33410 0.008600
33420 0.006921
33430 0.004716
33440 0.003213
33450 0.004136
33460 0.005123
33470 0.003104
33480 0.005900
33490 0.004158
33500 0.003258
33510 0.008187
33520 0.014746
33530 0.003045
33540 0.005632
33550 0.004926
33560 0.005112
33570 0.005158
33580 0.010204
33590 0.016780
33600 0.014759
33610 0.005480
33620 0.008012
33630 0.007208
33640 0.002579
33650 0.012409
33660 0.004144
33670 0.008151
33680 0.002985
33690 0.002385
33700 0.004305
33710 0.004581
33720 0.005831
33730 0.004758
33740 0.014655
33750 0.006490
33760 0.009610
33770 0.004954
33780 0.004436
33790 0.026942
33800 0.008127
33810 0.003348
33820 0.003175
33830 0.008102
33840 0.004365
33850 0.007009
33860 0.002794
33870 0.010696
33880 0.007604
33890 0.005548
33900 0.001595
33910 0.007220
33920 0.005442
33930 0.011210
33940 0.005051
33950 0.006739
33960 0.007326
33970 0.007172
33980 0.006337
33990 0.009545
34000 0.005267
34010 0.005941
34020 0.009072
34030 0.005181
34040 0.003464
34050 0.006008
34060 0.003664
34070 0.013530
34080 0.005751
34090 0.003861
34100 0.005868
34110 0.002833
34120 0.004709
34130 0.005654
34140 0.005535
34150 0.003547
34160 0.007069
34170 0.004894
34180 0.003778
34190 0.004341
34200 0.007813
34210 0.005402
34220 0.003678
34230 13.988475
34240 0.009307
34250 0.006126
34260 0.008326
34270 0.004269
34280 0.010866
34290 0.004048
34300 0.002963
34310 0.003348
34320 0.004667
34330 0.006436
34340 0.008385
34350 0.008117
34360 0.004348
34370 0.001352
34380 0.042760
34390 0.003982
34400 0.003291
34410 0.005557
34420 0.001666
34430 0.006827
34440 0.000608
34450 0.009486
34460 0.013350
34470 0.003541
34480 0.004521
34490 0.004886
34500 0.007536
34510 0.000943
34520 0.004659
34530 0.004405
34540 0.004436
34550 0.002778
34560 0.004398
34570 0.005380
34580 0.006174
34590 0.003548
34600 0.001798
34610 0.004827
34620 0.011186
34630 0.006310
34640 -0.001520
34650 0.006402
34660 0.001786
34670 0.004111
34680 0.003339
34690 0.003667
34700 0.007378
34710 0.015653
34720 0.008578
34730 0.004582
34740 0.005498
34750 0.013144
34760 0.007020
34770 0.009191
34780 0.006904
34790 0.008659
34800 0.000527
34810 0.003833
34820 0.004701
34830 0.006581
34840 0.003107
34850 0.000305
34860 0.005014
34870 0.001777
34880 0.009842
34890 0.004762
34900 0.004894
34910 0.005284
34920 0.008109
34930 0.003617
34940 0.004039
34950 0.022318
34960 0.007221
34970 0.005107
34980 0.005802
34990 0.009482
35000 0.010616
35010 0.007828
35020 0.004033
35030 0.007809
35040 0.000644
35050 0.002721
35060 0.006461
35070 0.008497
35080 0.005651
35090 0.004977
35100 0.003764
35110 0.009016
35120 0.005958
35130 0.003248
35140 0.008695
35150 0.004980
35160 0.003420
35170 0.002672
35180 0.008103
35190 0.005968
35200 0.009937
35210 0.006920
35220 0.021660
35230 0.008586
35240 0.015030
35250 0.008194
35260 0.002457
35270 0.009048
35280 14.008444
35290 0.043676
35300 0.011695
35310 0.007652
35320 0.004803
35330 0.005232
35340 0.000932
35350 0.002980
35360 0.001884
35370 0.006277
35380 0.006028
35390 0.011537
35400 0.003621
35410 0.005615
35420 0.003967
35430 0.006064
35440 0.007467
35450 0.004408
35460 0.008506
35470 0.012165
35480 0.005583
35490 0.007028
35500 0.012774
35510 0.013163
35520 0.012511
35530 0.007959
35540 0.002027
35550 0.001196
35560 0.005930
35570 0.007837
35580 0.006104
35590 0.004644
35600 0.009239
35610 0.009294
35620 0.003388
35630 0.001038
35640 0.007253
35650 0.001381
35660 0.002660
35670 0.003775
35680 0.004387
35690 0.004184
35700 0.007118
35710 0.010571
35720 0.003989
35730 0.010942
35740 0.003041
35750 0.007201
35760 0.007619
35770 0.005814
35780 0.002459
35790 0.004093
35800 0.002164
35810 0.004605
35820 0.002894
35830 0.007242
35840 0.005269
35850 0.003826
35860 0.002920
35870 0.005172
35880 0.006906
35890 0.000537
35900 0.002753
35910 0.013658
35920 0.005140
35930 0.006772
35940 0.011442
35950 0.004515
35960 0.005572
35970 0.008651
35980 0.011412
35990 0.007775
36000 0.012873
36010 0.008037
36020 0.006281
36030 0.004830
36040 0.006062
36050 0.003121
36060 0.008018
36070 0.004764
36080 0.002086
36090 0.016240
36100 0.018714
36110 0.004257
36120 0.005479
36130 0.005932
36140 0.003939
36150 0.003911
36160 0.003481
36170 0.006526
36180 0.002700
36190 0.003848
36200 0.007563
36210 0.017016
36220 0.007074
36230 0.008255
36240 0.006943
36250 0.008066
36260 0.016233
36270 0.008062
36280 0.003487
36290 0.010064
36300 0.004866
36310 0.004782
36320 0.002550
36330 0.004501
36340 0.008309
36350 0.004041
36360 0.006403
36370 0.001692
36380 0.009680
36390 0.006846
36400 0.003392
36410 0.013248
36420 0.014394
36430 0.004570
36440 0.007289
36450 0.003715
36460 0.007117
36470 0.005444
36480 0.005613
36490 0.002670
36500 0.008505
36510 0.005021
36520 0.002790
36530 0.003861
36540 0.002062
36550 0.004028
36560 0.002978
36570 0.010821
36580 0.006749
36590 0.004186
36600 0.004172
36610 0.002150
36620 0.004254
36630 0.004397
36640 0.004246
36650 0.007419
36660 0.003560
36670 0.011404
36680 0.002987
36690 0.002803
36700 0.002599
36710 0.002629
36720 0.008803
36730 0.006046
36740 0.008259
36750 0.003286
36760 0.003365
36770 0.008572
36780 0.005676
36790 0.004890
36800 0.001941
36810 0.012917
36820 0.002641
36830 0.007707
36840 0.004101
36850 0.005170
36860 0.013053
36870 0.004136
36880 0.027369
36890 0.004582
36900 0.010638
36910 0.005057
36920 0.003829
36930 0.002616
36940 0.005315
36950 0.010239
36960 0.008363
36970 0.005828
36980 0.007439
36990 0.010652
37000 0.002980
37010 0.022896
37020 0.006538
37030 0.010307
37040 0.000910
37050 0.001641
37060 0.003920
37070 0.003889
37080 0.006306
37090 0.005478
37100 0.003294
37110 0.006409
37120 0.007117
37130 0.016652
37140 0.007855
37150 0.002683
37160 0.003085
37170 0.002742
37180 0.005195
37190 0.007831
37200 0.002716
37210 0.009176
37220 0.004903
37230 0.006265
37240 0.004954
37250 0.007169
37260 0.017533
37270 0.005173
37280 0.004500
37290 0.004233
37300 0.003601
37310 0.007840
37320 0.004663
37330 0.006904
37340 0.008264
37350 0.004740
37360 0.012239
37370 0.001611
37380 0.003824
37390 0.004073
37400 0.003729
37410 0.012478
37420 0.009286
37430 0.006384
37440 0.005974
37450 0.001003
37460 0.003064
37470 0.005408
37480 0.006596
37490 0.005158
37500 0.006039
37510 0.003042
37520 0.010733
37530 0.004835
37540 0.004100
37550 0.007518
37560 0.004330
37570 0.007823
37580 0.005041
37590 0.007716
37600 0.006577
37610 0.005890
37620 0.014921
37630 0.006506
37640 0.005704
37650 0.007239
37660 0.011852
37670 13.999289
37680 0.007479
37690 0.004279
37700 0.004595
37710 0.012973
37720 0.005845
37730 0.001740
37740 0.001145
37750 0.001739
37760 0.005493
37770 0.007902
37780 0.017077
37790 0.004154
37800 0.003442
37810 0.007682
37820 0.004448
37830 0.004281
37840 0.002829
37850 0.004246
37860 0.004927
37870 0.009354
37880 0.005149
37890 0.002228
37900 0.003192
37910 0.009469
37920 0.012876
37930 0.003692
37940 0.005518
37950 0.003577
37960 0.005374
37970 0.006349
37980 0.002453
37990 0.011151
38000 0.008624
38010 0.006135
38020 0.011540
38030 0.006378
38040 0.001840
38050 0.003096
38060 0.002053
38070 0.002374
38080 0.008860
38090 0.002156
38100 0.004325
38110 0.006414
38120 0.005491
38130 0.010540
38140 0.006591
38150 0.005311
38160 0.001856
38170 0.002114
38180 0.002305
38190 0.006683
38200 0.006144
38210 0.007127
38220 0.012053
38230 0.006486
38240 0.005592
38250 0.013517
38260 0.004885
38270 0.004134
38280 0.016911
38290 0.008844
38300 0.010121
38310 0.004603
38320 0.004251
38330 0.011848
38340 0.005759
38350 0.005552
38360 0.003787
38370 0.003643
38380 0.007387
38390 -0.000688
38400 0.008227
38410 0.005084
38420 0.005185
38430 0.003946
38440 0.005016
38450 0.012215
38460 0.003776
38470 0.007770
38480 0.004097
38490 0.009483
38500 0.003539
38510 0.006503
38520 0.006947
38530 0.001709
38540 0.005926
38550 0.004077
38560 0.005492
38570 0.013295
38580 0.004424
38590 0.005055
38600 0.003418
38610 0.007488
38620 0.003034
38630 0.007433
38640 14.004896
38650 0.006794
38660 0.010806
38670 0.016123
38680 0.018591
38690 0.006005
38700 0.004303
38710 0.008502
38720 0.009752
38730 0.003316
38740 0.007492
38750 0.006633
38760 0.005496
38770 0.007237
38780 0.004069
38790 0.015442
38800 0.005518
38810 0.006785
38820 0.005017
38830 0.003515
38840 0.009372
38850 0.013496
38860 0.006179
38870 0.002759
38880 0.004157
38890 0.007228
38900 0.006431
38910 0.008409
38920 0.003628
38930 0.007382
38940 0.008306
38950 0.004930
38960 0.007579
38970 0.003297
38980 0.006940
38990 0.006632
39000 0.001395
39010 0.009706
39020 0.001945
39030 0.009269
39040 0.002166
39050 0.006743
39060 0.002896
39070 0.003695
39080 0.006092
39090 0.007701
39100 0.050205
39110 0.003411
39120 0.006552
39130 0.005446
39140 0.004276
39150 0.005318
39160 0.004648
39170 0.002147
39180 0.003437
39190 0.002592
39200 0.004537
39210 0.004803
39220 0.007496
39230 0.002542
39240 0.004185
39250 0.001209
39260 0.004222
39270 0.003761
39280 0.016919
39290 0.020232
39300 0.009218
39310 0.007519
39320 0.013853
39330 14.012844
39340 0.019939
39350 0.016632
39360 0.004940
39370 0.008010
39380 0.002018
39390 0.004111
39400 0.005902
39410 0.007709
39420 0.003897
39430 0.002545
39440 0.014289
39450 0.008472
39460 0.008634
39470 0.008382
39480 0.014392
39490 0.010882
39500 0.011753
39510 0.009907
39520 0.007512
39530 0.002235
39540 0.002938
39550 0.002696
39560 0.004449
39570 0.002068
39580 0.006740
39590 0.004493
39600 0.005598
39610 0.003081
39620 0.008467
39630 0.007561
39640 0.004356
39650 0.024714
39660 0.021800
39670 0.005732
39680 0.008171
39690 0.001958
39700 0.003897
39710 0.008640
39720 0.013546
39730 0.012090
39740 0.031584
39750 0.018153
39760 0.025385
39770 0.028285
39780 0.004547
39790 0.021723
39800 0.011536
39810 0.017161
39820 14.015986
39830 0.020075
39840 0.001969
39850 0.008791
39860 0.004842
39870 0.006904
39880 0.004585
39890 0.004946
39900 0.003141
39910 0.004831
39920 0.008938
39930 0.005949
39940 0.005852
39950 0.007011
39960 0.002392
39970 0.008641
39980 0.007246
39990 0.004175
40000 0.005140
40010 0.003690
40020 0.010411
40030 0.022409
40040 0.013920
40050 0.017066
40060 0.014111
40070 0.004926
40080 0.009943
40090 0.003641
40100 0.003197
40110 0.003486
40120 0.003702
40130 0.006288
40140 0.010916
40150 0.002186
40160 0.001893
40170 0.005360
40180 0.010012
40190 0.006504
40200 0.004175
40210 0.001507
40220 0.012182
40230 0.007301
40240 0.014149
40250 0.006830
40260 0.007318
40270 0.000956
40280 0.003872
40290 0.005675
40300 0.007769
40310 0.006921
40320 0.008337
40330 0.004281
40340 0.008092
40350 0.009970
40360 0.007095
40370 0.003988
40380 0.003553
40390 0.002034
40400 0.004939
40410 0.010777
40420 0.005477
40430 0.010459
40440 0.007326
40450 0.007720
40460 0.003285
40470 0.002242
40480 0.012020
40490 0.005238
40500 0.003135
40510 0.004020
40520 0.008046
40530 0.004929
40540 0.015984
40550 0.004457
40560 0.004017
40570 0.003839
40580 0.004430
40590 0.007025
40600 0.012124
40610 0.006642
40620 0.003547
40630 0.007565
40640 0.013161
40650 13.978640
40660 0.010041
40670 0.024627
40680 0.020981
40690 0.012843
40700 0.008553
40710 0.003830
40720 0.008550
40730 0.005563
40740 0.006544
40750 0.007136
40760 0.013117
40770 0.006076
40780 0.004576
40790 0.005492
40800 0.006788
40810 0.007425
40820 0.003732
40830 0.008120
40840 0.002594
40850 0.003907
40860 0.006258
40870 0.008781
40880 0.006250
40890 0.002072
40900 0.004873
40910 0.004735
40920 0.007376
40930 0.002843
40940 0.017643
40950 0.007601
40960 0.003766
40970 0.008056
40980 0.004998
40990 0.009403
41000 0.007792
41010 0.004237
41020 0.003250
41030 0.005139
41040 0.005684
41050 0.003513
41060 0.005454
41070 0.003507
41080 0.003514
41090 0.005134
41100 0.035627
41110 0.005996
41120 0.002951
41130 0.005899
41140 0.013817
41150 0.006873
41160 0.002364
41170 0.009618
41180 0.005023
41190 0.005745
41200 0.018686
41210 0.013444
41220 0.007874
41230 0.006285
41240 0.003149
41250 0.003029
41260 0.010287
41270 0.008324
41280 0.004399
41290 0.005317
41300 0.007791
41310 0.002557
41320 0.007147
41330 0.005715
41340 0.011198
41350 0.004392
41360 0.004319
41370 0.011237
41380 0.005916
41390 0.007321
41400 0.002599
41410 0.007220
41420 0.009920
41430 0.017114
41440 0.016986
41450 0.009058
41460 0.014715
41470 0.006813
41480 0.007856
41490 0.008955
41500 0.010122
41510 0.017121
41520 0.011643
41530 0.011626
41540 0.015229
41550 0.008578
41560 0.002908
41570 0.002977
41580 0.010369
41590 0.002212
41600 0.009199
41610 0.005542
41620 0.009228
41630 0.021308
41640 0.007647
41650 0.006330
41660 0.007559
41670 0.004961
41680 0.007547
41690 0.005743
41700 0.005523
41710 0.009588
41720 0.003925
41730 0.002233
41740 0.008776
41750 0.028925
41760 0.004028
41770 0.005377
41780 0.005996
41790 0.010185
41800 0.014561
41810 0.012647
41820 0.011789
41830 0.004588
41840 0.008263
41850 0.001568
41860 0.006362
41870 0.003616
41880 0.006468
41890 0.003833
41900 0.001908
41910 0.008626
41920 0.008277
41930 0.010537
41940 0.008132
41950 0.005499
41960 0.003295
41970 0.005344
41980 0.005276
41990 0.003241
42000 0.008794
42010 0.005204
42020 0.004441
42030 0.002724
42040 0.006981
42050 0.006406
42060 0.019662
42070 0.004018
42080 0.006955
42090 0.009088
42100 0.003377
42110 0.008665
42120 0.006283
42130 0.006154
42140 0.005388
42150 0.003996
42160 0.004272
42170 0.004632
42180 0.005628
42190 0.007807
42200 0.004754
42210 0.002729
42220 0.003081
42230 0.003978
42240 0.005894
42250 0.003468
42260 0.022343
42270 0.007612
42280 0.001484
42290 0.005666
42300 0.008865
42310 0.005241
42320 0.003941
42330 0.003794
42340 0.006835
42350 0.003727
42360 0.003086
42370 0.002716
42380 0.011517
42390 0.005376
42400 0.006403
42410 0.007002
42420 0.003206
42430 0.014450
42440 0.010262
42450 0.013628
42460 0.010757
42470 0.007865
42480 0.002152
42490 0.005579
42500 0.005166
42510 0.007893
42520 0.003320
42530 0.005900
42540 0.006605
42550 0.002043
42560 0.011706
42570 0.005197
42580 0.005393
42590 0.005954
42600 0.007196
42610 0.006698
42620 0.005520
42630 0.009244
42640 0.008526
42650 0.006655
42660 0.005097
42670 0.006092
42680 0.013090
42690 0.006924
42700 0.002677
42710 0.008450
42720 0.003979
42730 0.003874
42740 14.010661
42750 0.012869
42760 0.008376
42770 0.010221
42780 0.011322
42790 0.011486
42800 0.008534
42810 0.008091
42820 0.003804
42830 0.008125
42840 0.004343
42850 0.004213
42860 0.008096
42870 0.002585
42880 0.008296
42890 0.007391
42900 0.008747
42910 0.009508
42920 0.003638
42930 0.005175
42940 0.017044
42950 0.007333
42960 0.006192
42970 0.008018
42980 0.024504
42990 0.009417
43000 0.008817
43010 0.022521
43020 0.016880
43030 0.008395
43040 0.006343
43050 0.006150
43060 0.014644
43070 0.002894
43080 0.012569
43090 0.004744
43100 0.012199
43110 0.006358
43120 0.011191
43130 0.021738
43140 0.005405
43150 0.010413
43160 0.013203
43170 0.014039
43180 0.008407
43190 0.004758
43200 14.036641
43210 0.014384
43220 0.005353
43230 0.007308
43240 0.003939
43250 0.011205
43260 0.011307
43270 0.012122
43280 0.009316
43290 0.005431
43300 0.001418
43310 0.006910
43320 0.004507
43330 0.005888
43340 0.006612
43350 0.002590
43360 0.006469
43370 0.002837
43380 0.003179
43390 0.007470
43400 0.007891
43410 0.025818
43420 0.006501
43430 0.006410
43440 0.004977
43450 0.004343
43460 0.005274
43470 0.003243
43480 0.009919
43490 0.017478
43500 0.009198
43510 0.002151
43520 0.003887
43530 0.006147
43540 0.010748
43550 0.017129
43560 0.006444
43570 0.006538
43580 0.004874
43590 0.004064
43600 0.003304
43610 0.016114
43620 0.006052
43630 0.010984
43640 0.022344
43650 0.007670
43660 0.011392
43670 0.009287
43680 0.009419
43690 0.019563
43700 0.023447
43710 0.005410
43720 0.009097
43730 0.007866
43740 0.003921
43750 0.006753
43760 0.006318
43770 0.016477
43780 0.007962
43790 0.011217
43800 0.014066
43810 0.015945
43820 0.012258
43830 0.008358
43840 0.016467
43850 0.003239
43860 0.006968
43870 0.004431
43880 0.011610
43890 0.009698
43900 0.006781
43910 0.009679
43920 0.010446
43930 0.014923
43940 0.009800
43950 0.009461
43960 0.006520
43970 0.014006
43980 0.012708
43990 0.014254
44000 -0.002046
44010 0.037595
44020 0.014716
44030 0.020174
44040 0.005880
44050 0.012658
44060 0.005798
44070 0.012361
44080 0.005421
44090 0.003030
44100 0.010907
44110 0.006836
44120 0.003933
44130 0.015000
44140 0.005855
44150 0.012500
44160 0.009454
44170 0.013837
44180 0.006409
44190 0.011859
44200 0.011083
44210 0.004528
44220 0.011880
44230 0.006536
44240 0.011963
44250 0.009139
44260 0.006382
44270 0.012514
44280 0.009333
44290 0.002448
44300 0.000867
44310 0.005674
44320 0.005160
44330 0.004396
44340 0.009932
44350 0.002601
44360 0.007887
44370 0.005467
44380 0.008320
44390 0.007018
44400 0.008706
44410 0.011724
44420 0.011123
44430 0.006773
44440 0.008023
44450 -0.000889
44460 0.001981
44470 0.005121
44480 0.004143
44490 -0.000914
44500 0.007019
44510 0.008143
44520 0.006178
44530 0.006935
44540 0.014255
44550 0.002936
44560 0.004888
44570 0.007377
44580 0.004855
44590 0.001706
44600 0.002298
44610 0.013984
44620 0.008371
44630 0.007712
44640 0.001941
44650 0.006056
44660 0.005859
44670 0.004906
44680 0.007853
44690 0.004397
44700 0.005069
44710 0.005627
44720 0.007432
44730 0.004386
44740 0.010928
44750 0.014345
44760 0.004792
44770 0.007455
44780 0.006403
44790 0.001636
44800 0.008394
44810 0.009794
44820 0.002632
44830 0.004171
44840 0.010716
44850 0.005419
44860 0.008456
44870 0.004766
44880 0.005437
44890 0.006483
44900 0.004274
44910 0.003432
44920 0.002200
44930 0.004859
44940 0.003893
44950 0.001833
44960 0.007127
44970 0.004744
44980 0.003507
44990 0.005745
45000 0.003211
45010 0.004496
45020 0.005980
45030 0.004730
45040 0.011279
45050 0.004254
45060 0.008495
45070 0.019364
45080 0.003697
45090 0.004515
45100 0.006480
45110 0.004252
45120 0.007425
45130 0.003560
45140 0.007167
45150 0.004324
45160 0.015732
45170 0.008281
45180 0.003309
45190 0.004288
45200 0.015794
45210 0.006407
45220 0.012216
45230 0.012758
45240 0.002743
45250 0.008783
45260 0.008718
45270 0.002947
45280 0.010482
45290 0.003985
45300 0.004830
45310 0.006530
45320 0.003143
45330 0.002648
45340 0.005156
45350 0.010278
45360 0.004571
45370 0.003825
45380 0.004763
45390 0.004888
45400 0.004237
45410 0.001842
45420 0.004113
45430 0.006646
45440 0.005086
45450 0.003414
45460 0.005283
45470 0.007415
45480 0.019202
45490 0.006645
45500 0.006694
45510 0.005035
45520 0.005342
45530 0.010771
45540 0.002355
45550 0.005346
45560 0.007217
45570 0.003879
45580 0.007093
45590 0.007370
45600 0.017465
45610 0.004100
45620 0.007824
45630 0.010565
45640 0.036792
45650 0.005484
45660 0.011607
45670 0.004019
45680 0.009636
45690 -0.000195
45700 0.006404
45710 0.008708
45720 0.007598
45730 0.007938
45740 0.011228
45750 0.007715
45760 0.004275
45770 0.003282
45780 0.008843
45790 0.000773
45800 0.006877
45810 0.003237
45820 0.061760
45830 0.018386
45840 0.013278
45850 0.006864
45860 0.005612
45870 0.006154
45880 0.008062
45890 0.002948
45900 0.019804
45910 0.002629
45920 0.003014
45930 0.005218
45940 0.007496
45950 0.016166
45960 0.001586
45970 0.002140
45980 0.003823
45990 0.009694
46000 0.001265
46010 0.005986
46020 0.013949
46030 0.012436
46040 0.012767
46050 0.006076
46060 0.021091
46070 0.003085
46080 0.005656
46090 0.009292
46100 0.005720
46110 0.008166
46120 0.006309
46130 0.003553
46140 0.009883
46150 0.006616
46160 0.007003
46170 0.006724
46180 0.031272
46190 0.008989
46200 0.011876
46210 0.006146
46220 0.005045
46230 0.004982
46240 0.007421
46250 0.008673
46260 0.006140
46270 0.003780
46280 0.005703
46290 0.011094
46300 0.005175
46310 0.005858
46320 0.014847
46330 0.002687
46340 0.007127
46350 0.002723
46360 0.005723
46370 0.004185
46380 0.001515
46390 0.005365
46400 0.004854
46410 0.003980
46420 0.004788
46430 0.004646
46440 0.007662
46450 0.002447
46460 0.007542
46470 0.006711
46480 0.007358
46490 0.003970
46500 0.004095
46510 0.002845
46520 0.008428
46530 0.005453
46540 0.006641
46550 0.006250
46560 0.007007
46570 0.009960
46580 0.004934
46590 0.007731
46600 0.003049
46610 0.004627
46620 0.004157
46630 0.005517
46640 0.004341
46650 0.004044
46660 0.005286
46670 0.008938
46680 0.006479
46690 0.006543
46700 0.004357
46710 0.011055
46720 0.005290
46730 0.024212
46740 0.013230
46750 0.004782
46760 0.003583
46770 0.004633
46780 0.002576
46790 0.004142
46800 0.012358
46810 0.014419
46820 0.006076
46830 0.002458
46840 0.006598
46850 0.001490
46860 0.002771
46870 0.004158
46880 13.984673
46890 0.016599
46900 0.021543
46910 0.007673
46920 0.016629
46930 0.011297
46940 0.003936
46950 0.004470
46960 0.005326
46970 0.008631
46980 0.005798
46990 0.005426
47000 0.000593
47010 0.007298
47020 0.009404
47030 0.006594
47040 0.037652
47050 0.014511
47060 0.009078
47070 0.009587
47080 0.004912
47090 0.007763
47100 0.003788
47110 0.007275
47120 0.004451
47130 0.004570
47140 0.008982
47150 0.006745
47160 0.017807
47170 0.014433
47180 0.015767
47190 0.014226
47200 0.010909
47210 0.023843
47220 0.007403
47230 0.004564
47240 0.010306
47250 0.002485
47260 0.003804
47270 14.002733
47280 0.021867
47290 0.003674
47300 0.001607
47310 0.015233
47320 0.010753
47330 0.007491
47340 0.006692
47350 0.001865
47360 0.006896
47370 0.008233
47380 0.006850
47390 0.011346
47400 0.003867
47410 0.004684
47420 0.044337
47430 0.025105
47440 0.020711
47450 0.018301
47460 0.018202
47470 0.008564
47480 0.015528
47490 0.028025
47500 0.012654
47510 0.024541
47520 0.018343
47530 0.006787
47540 0.009554
47550 0.003885
47560 0.044675
47570 0.008192
47580 0.019393
47590 0.009976
47600 0.013299
47610 0.007383
47620 0.007155
47630 0.007272
47640 0.006777
47650 0.005961
47660 0.006071
47670 0.002912
47680 0.008254
47690 0.005880
47700 0.031184
47710 0.029238
47720 0.004625
47730 0.010779
47740 0.052622
47750 0.024769
47760 0.024043
47770 0.014250
47780 -0.000032
47790 0.008185
47800 0.008689
47810 0.005480
47820 0.005018
47830 0.005007
47840 0.004049
47850 0.008825
47860 0.003502
47870 0.005473
47880 0.003433
47890 0.004340
47900 0.006699
47910 0.003855
47920 0.003800
47930 0.011638
47940 0.004948
47950 0.006115
47960 0.007636
47970 0.002696
47980 0.003979
47990 0.004360
48000 0.004081
48010 0.046888
48020 0.022059
48030 0.019790
48040 0.005055
48050 0.002811
48060 0.028122
48070 0.006608
48080 0.004853
48090 0.017939
48100 0.007235
48110 0.004048
48120 0.004440
48130 0.012037
48140 0.006747
48150 0.006081
48160 0.007176
48170 0.007341
48180 0.006671
48190 0.002836
48200 0.002690
48210 0.006796
48220 0.005783
48230 0.006802
48240 0.005010
48250 0.004867
48260 0.003217
48270 0.006362
48280 0.005399
48290 0.008013
48300 0.004049
48310 0.003605
48320 0.007662
48330 0.004115
48340 0.006569
48350 0.000888
48360 0.004364
48370 0.016143
48380 0.005005
48390 0.004618
48400 0.014380
48410 0.093658
48420 0.009661
48430 0.032980
48440 0.010309
48450 0.016199
48460 0.053396
48470 14.037288
48480 0.012337
48490 0.013729
48500 0.011800
48510 0.015559
48520 0.005392
48530 0.005896
48540 0.002478
48550 0.005885
48560 0.004539
48570 0.008953
48580 0.007844
48590 0.004645
48600 0.004036
48610 0.005835
48620 0.002239
48630 0.006768
48640 0.006776
48650 0.022194
48660 0.049315
48670 0.021808
48680 0.029522
48690 0.167021
48700 0.014514
48710 0.036099
48720 0.037908
48730 0.043162
48740 0.008043
48750 0.024944
48760 0.029699
48770 0.023681
48780 0.016882
48790 0.015224
48800 0.023261
48810 0.007827
48820 0.017527
48830 0.010585
48840 0.011329
48850 0.001958
48860 0.008136
48870 0.012377
48880 0.002947
48890 0.003323
48900 0.011710
48910 0.011390
48920 0.012258
48930 0.008005
48940 0.009749
48950 0.003708
48960 0.003864
48970 0.011841
48980 0.005913
48990 0.004597
49000 0.005888
49010 0.007596
49020 0.004397
49030 0.009991
49040 -0.000066
49050 0.004028
49060 0.051227
49070 0.013586
49080 0.014807
49090 0.017274
49100 0.009498
49110 0.014864
49120 0.008214
49130 0.004509
49140 0.005343
49150 0.016853
49160 0.012778
49170 0.007397
49180 0.005457
49190 0.005490
49200 0.004913
49210 0.005026
49220 0.007742
49230 0.004119
49240 0.004451
49250 0.003462
49260 0.007975
49270 0.016410
49280 0.023279
49290 0.014906
49300 0.018183
49310 14.064650
49320 0.095856
49330 0.028980
49340 0.004283
49350 0.018004
49360 0.009295
49370 0.003145
49380 0.010836
49390 0.007536
49400 0.002107
49410 0.008686
49420 0.010072
49430 0.016413
49440 0.006431
49450 0.010233
49460 0.009164
49470 0.003854
49480 0.014912
49490 0.003921
49500 0.007654
49510 0.004249
49520 0.008188
49530 0.010821
49540 0.004696
49550 0.005372
49560 0.004118
49570 0.013084
49580 0.001327
49590 0.004864
49600 0.004413
49610 0.006449
49620 0.003296
49630 0.006744
49640 0.004984
49650 0.004148
49660 0.004412
49670 0.013083
49680 0.002769
49690 0.008328
49700 0.029555
49710 0.016355
49720 0.026685
49730 0.011311
49740 0.014667
49750 0.012002
49760 0.004493
49770 0.012115
49780 0.010841
49790 0.003807
49800 0.017251
49810 0.015102
49820 0.012352
49830 14.053873
49840 0.008596
49850 0.011476
49860 0.005642
49870 0.008727
49880 0.006786
49890 0.009720
49900 0.013028
49910 0.008630
49920 0.002946
49930 13.962371
49940 0.055056
49950 0.009376
49960 0.072583
49970 0.023467
49980 0.020313
49990 0.012139
50000 0.019938
50010 0.006879
50020 0.014223
50030 0.025049
50040 13.974080
50050 0.037129
50060 0.011017
50070 0.016396
50080 0.013423
50090 0.023388
50100 0.005750
50110 0.014355
50120 0.002728
50130 0.011312
50140 0.004057
50150 0.010363
50160 0.019372
50170 0.006420
50180 0.002374
50190 0.010231
50200 0.004161
50210 0.011091
50220 0.007868
50230 0.006968
50240 0.006473
50250 0.003360
50260 0.007291
50270 0.006743
50280 0.007647
50290 0.012629
50300 0.004769
50310 0.009038
50320 0.007609
50330 0.008324
50340 0.004396
50350 0.002477
50360 0.006738
50370 0.010772
50380 0.002165
50390 0.004638
50400 0.008331
50410 0.043893
50420 0.007458
50430 0.007151
50440 0.006382
50450 0.005439
50460 0.004756
50470 0.008571
50480 0.006995
50490 0.008246
50500 0.007230
50510 0.001976
50520 0.004438
50530 0.006172
50540 0.006010
50550 0.003647
50560 0.003967
50570 0.006393
50580 0.003616
50590 0.064992
50600 0.027068
50610 0.007183
50620 0.003837
50630 0.002886
50640 0.011837
50650 0.011660
50660 0.004087
50670 0.003855
50680 0.006116
50690 0.004500
50700 0.009466
50710 0.006320
50720 0.008772
50730 0.001720
50740 0.004879
50750 0.006823
50760 0.007248
50770 0.001894
50780 0.059307
50790 0.006559
50800 0.009949
50810 0.012462
50820 0.015687
50830 0.006642
50840 0.008665
50850 0.001828
50860 0.048769
50870 0.023995
50880 0.010310
50890 0.003410
50900 0.003085
50910 0.004661
50920 0.004496
50930 0.005078
50940 0.004332
50950 0.004500
50960 0.002484
50970 0.004750
50980 0.025231
50990 0.009273
51000 0.006643
51010 0.016268
51020 0.009622
51030 0.021566
51040 0.019136
51050 0.011016
51060 0.017755
51070 0.022931
51080 0.012633
51090 0.015430
51100 0.006629
51110 0.006927
51120 0.012196
51130 0.010569
51140 0.014746
51150 0.004886
51160 0.007657
51170 0.007200
51180 0.010292
51190 0.025695
51200 0.051926
51210 0.062314
51220 0.025757
51230 0.008194
51240 0.004364
51250 0.021934
51260 0.007803
51270 0.009004
51280 0.009243
51290 0.005945
51300 0.016808
51310 0.003150
51320 0.007225
51330 0.009285
51340 0.016692
51350 0.006483
51360 0.006752
51370 0.005321
51380 0.005803
51390 0.005240
51400 0.008050
51410 0.083189
51420 0.039006
51430 0.008464
51440 0.029531
51450 0.099831
51460 0.014595
51470 0.015887
51480 0.006054
51490 0.007352
51500 0.014354
51510 0.007464
51520 0.013889
51530 0.006491
51540 0.049973
51550 0.036151
51560 0.019907
51570 0.031989
51580 0.019283
51590 0.005875
51600 0.014979
51610 0.010103
51620 0.009270
51630 0.006290
51640 0.016582
51650 0.016694
51660 0.008898
51670 0.065069
51680 0.019563
51690 0.012525
51700 0.013314
51710 0.024271
51720 0.010332
51730 0.006985
51740 0.009699
51750 0.005276
51760 0.009512
51770 0.006961
51780 0.007021
51790 0.006226
51800 0.009827
51810 0.008770
51820 0.010792
51830 0.201069
51840 0.091730
51850 0.074799
51860 0.015238
51870 0.053654
51880 0.035853
51890 0.007515
51900 0.049287
51910 0.036626
51920 0.006276
51930 0.016576
51940 0.028596
51950 0.023901
51960 0.022147
51970 0.010784
51980 0.008573
51990 0.028208
52000 0.010537
52010 0.011616
52020 0.022997
52030 0.012733
52040 0.017766
52050 0.009980
52060 0.045630
52070 0.047493
52080 0.003415
52090 0.037619
52100 0.020416
52110 0.004482
52120 0.036645
52130 0.011737
52140 0.017840
52150 0.011798
52160 0.008143
52170 0.009132
52180 0.009531
52190 0.018461
52200 0.008445
52210 0.006550
52220 0.011629
52230 0.008719
52240 0.006791
52250 0.005587
52260 0.015197
52270 0.066296
52280 0.002845
52290 0.007842
52300 0.016799
52310 0.005277
52320 0.010633
52330 0.007546
52340 0.006764
52350 0.002918
52360 0.005759
52370 0.004598
52380 0.005342
52390 0.003743
52400 0.003572
52410 0.002423
52420 0.003610
52430 0.006619
52440 0.055063
52450 0.028974
52460 0.005782
52470 0.003429
52480 0.041833
52490 0.022382
52500 0.043138
52510 0.052726
52520 0.054700
52530 0.069981
52540 0.028473
52550 0.041033
52560 0.019215
52570 0.038263
52580 0.004174
52590 0.007667
52600 0.013795
52610 0.008543
52620 0.015365
52630 0.004832
52640 0.009895
52650 0.041938
52660 0.072468
52670 14.020682
52680 0.040745
52690 0.003874
52700 0.016045
52710 0.039327
52720 0.006426
52730 0.046323
52740 0.028036
52750 0.029800
52760 0.018095
52770 0.016207
52780 0.022883
52790 0.007864
52800 0.010587
52810 0.012167
52820 0.013199
52830 0.007111
52840 0.005800
52850 0.012515
52860 0.040180
52870 0.014158
52880 0.014809
52890 0.006762
52900 0.012425
52910 0.019229
52920 0.015041
52930 0.005967
52940 0.010355
52950 0.011947
52960 0.019013
52970 0.009438
52980 0.010066
52990 0.008103
53000 0.005324
53010 0.018210
53020 0.010265
53030 0.012667
53040 0.008874
53050 0.008883
53060 0.013253
53070 0.004319
53080 0.011396
53090 0.011411
53100 0.006638
53110 0.004345
53120 0.005031
53130 0.001568
53140 0.001717
53150 0.003747
53160 0.010307
53170 0.003665
53180 0.003047
53190 0.004632
53200 0.036102
53210 0.018971
53220 0.032546
53230 0.007709
53240 0.004103
53250 0.003951
53260 0.005657
53270 0.006989
53280 0.004081
53290 0.003581
53300 0.003553
53310 0.007744
53320 0.002420
53330 0.004689
53340 0.003042
53350 0.002761
53360 0.004901
53370 0.048876
53380 0.024750
53390 0.011838
53400 0.004793
53410 0.019526
53420 0.001851
53430 0.010389
53440 0.008443
53450 0.009288
53460 0.001523
53470 0.006351
53480 0.018066
53490 0.007972
53500 0.008015
53510 0.006582
53520 0.003142
53530 0.004690
53540 0.004855
53550 0.002748
53560 0.017810
53570 0.008125
53580 0.005634
53590 14.046088
53600 0.008688
53610 0.007368
53620 0.003858
53630 0.006091
53640 0.005961
53650 0.002438
53660 0.005545
53670 0.002641
53680 0.005525
53690 0.010872
53700 0.000630
53710 0.005002
53720 0.025283
53730 0.025203
53740 0.043801
53750 0.079089
53760 0.022665
53770 0.013493
53780 0.015975
53790 0.020041
53800 0.011745
53810 0.004406
53820 0.032960
53830 0.018712
53840 0.007773
53850 0.024159
53860 0.018284
53870 0.033155
53880 0.006490
53890 0.006082
53900 0.008945
53910 0.008585
53920 0.009999
53930 0.009590
53940 0.012616
53950 0.002149
53960 0.003062
53970 0.006940
53980 0.014030
53990 0.005866
54000 0.006630
54010 0.022993
54020 0.004468
54030 0.011737
54040 0.004568
54050 0.002567
54060 0.025919
54070 0.009171
54080 0.007911
54090 0.006174
54100 0.002726
54110 0.005707
54120 0.014234
54130 0.013269
54140 0.004783
54150 0.004694
54160 -0.000144
54170 0.005944
54180 0.005875
54190 0.006486
54200 0.005164
54210 0.006260
54220 0.006017
54230 0.005877
54240 0.006325
54250 0.005473
54260 0.026070
54270 0.016045
54280 0.007582
54290 0.010778
54300 0.005510
54310 0.010103
54320 0.004759
54330 0.000140
54340 0.005287
54350 0.006337
54360 0.004474
54370 0.003118
54380 0.004505
54390 0.004784
54400 0.009937
54410 -0.001619
54420 0.004519
54430 0.011936
54440 0.004110
54450 0.003190
54460 0.006659
54470 0.006800
54480 0.014784
54490 0.008961
54500 0.006563
54510 0.006146
54520 0.005019
54530 0.004167
54540 0.004643
54550 0.000556
54560 0.003615
54570 0.005787
54580 0.006519
54590 0.012612
54600 0.005107
54610 0.001046
54620 0.006103
54630 0.004238
54640 0.010818
54650 0.005421
54660 0.002591
54670 0.003479
54680 0.010811
54690 0.005706
54700 0.003155
54710 0.005440
54720 0.001986
54730 0.006868
54740 0.003401
54750 0.002429
54760 0.002775
54770 0.007727
54780 0.004885
54790 0.014827
54800 0.002450
54810 0.010680
54820 0.023813
54830 0.006237
54840 0.001921
54850 0.019344
54860 0.007219
54870 0.006285
54880 0.003306
54890 0.005164
54900 14.018446
54910 0.012250
54920 0.019439
54930 0.008564
54940 0.017905
54950 0.004798
54960 0.010072
54970 0.004980
54980 0.020911
54990 0.014943
55000 0.006924
55010 0.006336
55020 0.011047
55030 0.024383
55040 0.015007
55050 0.022210
55060 0.013097
55070 0.006436
55080 0.013447
55090 0.017570
55100 0.015959
55110 0.015631
55120 0.001206
55130 0.011883
55140 0.017511
55150 0.013087
55160 0.014934
55170 0.003951
55180 0.004008
55190 0.012311
55200 0.042487
55210 0.018274
55220 0.033075
55230 0.010244
55240 0.028398
55250 0.018783
55260 0.034805
55270 0.014134
55280 0.026187
55290 0.009889
55300 0.018882
55310 0.007298
55320 0.006171
55330 0.013214
55340 0.008101
55350 0.007155
55360 0.005655
55370 0.000496
55380 0.015976
55390 0.011758
55400 0.015801
55410 0.014486
55420 0.006751
55430 0.020550
55440 0.014867
55450 0.005726
55460 0.009939
55470 0.005485
55480 0.008279
55490 0.026164
55500 0.011896
55510 14.018265
55520 0.005399
55530 0.022855
55540 0.013016
55550 0.003522
55560 0.003011
55570 0.014232
55580 0.044217
55590 0.039015
55600 0.014109
55610 0.003669
55620 0.008681
55630 0.003467
55640 0.021345
55650 0.006213
55660 0.007589
55670 0.008454
55680 0.002535
55690 0.011813
55700 0.013094
55710 0.002422
55720 0.014864
55730 0.100133
55740 0.004293
55750 0.010622
55760 0.016905
55770 0.021389
55780 0.019926
55790 0.012784
55800 0.031552
55810 0.009285
55820 0.006213
55830 0.004532
55840 0.011522
55850 0.013564
55860 0.025296
55870 0.005074
55880 0.003838
55890 0.009514
55900 0.021098
55910 0.004210
55920 0.004467
55930 0.015316
55940 0.065567
55950 0.351512
55960 0.217638
55970 0.162794
55980 0.089868
55990 0.033008
56000 0.047115
56010 0.026950
56020 0.029417
56030 0.034814
56040 0.026722
56050 0.013024
56060 0.008971
56070 0.023686
56080 0.010630
56090 0.008714
56100 0.021908
56110 0.067091
56120 0.023454
56130 0.033524
56140 0.005414
56150 0.026648
56160 0.004921
56170 0.018813
56180 0.033263
56190 0.017155
56200 0.022092
56210 0.026104
56220 0.011764
56230 0.007328
56240 0.009094
56250 0.009629
56260 0.004582
56270 0.015458
56280 0.024085
56290 0.016637
56300 0.005512
56310 0.010717
56320 0.016232
56330 0.002112
56340 0.018043
56350 0.002773
56360 0.047380
56370 0.009773
56380 0.004423
56390 0.088007
56400 0.037036
56410 0.025439
56420 0.016596
56430 0.008044
56440 0.021327
56450 0.016443
56460 0.013721
56470 0.015847
56480 0.016987
56490 0.036856
56500 0.037031
56510 0.004650
56520 0.013216
56530 0.004148
56540 0.003156
56550 0.029018
56560 0.009334
56570 0.005513
56580 0.010920
56590 0.012696
56600 0.010588
56610 0.026973
56620 0.027880
56630 0.023348
56640 0.013263
56650 0.011766
56660 0.006519
56670 0.017337
56680 0.020027
56690 0.008070
56700 0.011930
56710 0.023419
56720 0.005925
56730 0.023192
56740 0.002599
56750 0.007658
56760 0.008004
56770 0.003458
56780 0.007676
56790 0.009780
56800 0.009538
56810 0.015313
56820 0.029036
56830 0.003849
56840 0.015762
56850 0.013459
56860 0.002946
56870 0.014200
56880 0.006580
56890 0.012850
56900 0.040907
56910 0.067024
56920 0.014189
56930 0.035245
56940 0.045318
56950 0.041216
56960 0.040309
56970 0.103959
56980 0.031812
56990 0.021406
57000 0.014544
57010 0.011293
57020 0.008606
57030 0.006641
57040 0.003502
57050 0.006235
57060 0.015971
57070 0.006301
57080 0.010265
57090 0.012830
57100 0.011751
57110 0.017608
57120 0.003707
57130 0.007132
57140 0.006502
57150 0.013814
57160 0.018425
57170 0.017166
57180 0.011593
57190 14.016290
57200 0.019912
57210 0.008783
57220 0.010155
57230 0.073806
57240 0.054811
57250 0.038737
57260 0.015693
57270 -0.002312
57280 0.010448
57290 0.008192
57300 0.007706
57310 0.007029
57320 0.007596
57330 0.011497
57340 0.002727
57350 0.010038
57360 0.003127
57370 0.022974
57380 0.031009
57390 0.019314
57400 0.011126
57410 0.030011
57420 0.017641
57430 0.012505
57440 0.012859
57450 0.004935
57460 0.002526
57470 0.009913
57480 0.004872
57490 0.012416
57500 0.010110
57510 0.002788
57520 0.012373
57530 0.011246
57540 0.009679
57550 0.018630
57560 0.008252
57570 0.011464
57580 0.006053
57590 0.008706
57600 0.046109
57610 0.025591
57620 0.022691
57630 0.017352
57640 0.009328
57650 0.017134
57660 0.014694
57670 0.008019
57680 0.012684
57690 0.002689
57700 0.014070
57710 0.015759
57720 0.003203
57730 0.004407
57740 0.008027
57750 0.003877
57760 0.022593
57770 0.001966
57780 0.014143
57790 0.007600
57800 0.019326
57810 0.008869
57820 0.009368
57830 0.003549
57840 0.005815
57850 0.014430
57860 0.006618
57870 0.007491
57880 0.013316
57890 0.012910
57900 0.005753
57910 0.005987
57920 0.007014
57930 0.006399
57940 0.009944
57950 0.011699
57960 0.011097
57970 0.009870
57980 0.005483
57990 0.032542
58000 0.007477
58010 0.007061
58020 0.017500
58030 0.019463
58040 0.017290
58050 0.024444
58060 0.019708
58070 0.010780
58080 0.013558
58090 13.969804
58100 0.018833
58110 0.019507
58120 0.012038
58130 0.002311
58140 0.006016
58150 0.016222
58160 0.014731
58170 0.015328
58180 0.010733
58190 0.015616
58200 0.013772
58210 0.006711
58220 0.004448
58230 0.014052
58240 0.008545
58250 0.015235
58260 0.015669
58270 0.006082
58280 0.019141
58290 0.008128
58300 0.008267
58310 0.010936
58320 0.087096
58330 -0.000650
58340 13.984535
58350 0.061620
58360 0.034550
58370 0.006502
58380 0.031889
58390 0.032189
58400 0.028702
58410 0.006927
58420 0.007406
58430 0.012624
58440 0.017885
58450 0.005789
58460 0.012223
58470 0.013168
58480 0.014126
58490 0.002264
58500 0.005376
58510 0.011711
58520 0.004325
58530 0.023355
58540 0.010923
58550 0.027327
58560 0.009237
58570 0.003904
58580 0.009352
58590 0.002728
58600 0.012673
58610 0.009535
58620 0.008431
58630 0.025862
58640 0.010918
58650 0.000904
58660 0.023564
58670 0.010211
58680 0.007821
58690 0.018875
58700 0.030200
58710 0.008961
58720 0.010057
58730 0.001015
58740 0.007622
58750 0.004758
58760 0.017483
58770 0.010939
58780 0.007355
58790 0.010395
58800 0.012088
58810 0.006699
58820 0.006455
58830 0.004483
58840 0.004181
58850 0.002250
58860 0.011394
58870 0.009919
58880 0.005069
58890 0.010240
58900 0.003108
58910 0.012015
58920 0.010397
58930 0.014928
58940 0.005412
58950 0.017474
58960 0.008649
58970 0.013096
58980 0.004615
58990 0.001672
59000 0.008616
59010 0.008567
59020 0.005510
59030 0.006199
59040 0.004173
59050 0.011744
59060 0.007952
59070 0.011145
59080 0.009213
59090 0.000809
59100 0.007870
59110 0.005677
59120 0.005396
59130 0.004534
59140 0.006038
59150 0.006967
59160 0.012756
59170 0.011977
59180 0.005520
59190 0.000470
59200 0.013719
59210 0.064944
59220 0.033540
59230 0.035510
59240 0.025258
59250 0.008068
59260 0.009851
59270 0.011977
59280 0.021693
59290 0.009777
59300 0.015451
59310 0.007789
59320 0.013950
59330 0.013299
59340 0.014351
59350 0.013497
59360 0.010323
59370 0.001050
59380 0.007282
59390 0.010978
59400 0.010296
59410 0.015540
59420 0.012594
59430 0.002223
59440 0.022981
59450 0.006273
59460 0.002458
59470 14.015161
59480 0.017639
59490 0.089229
59500 0.089062
59510 0.020514
59520 0.016504
59530 0.017141
59540 0.011344
59550 0.023783
59560 0.026373
59570 0.034510
59580 0.004605
59590 0.013829
59600 0.013443
59610 0.013709
59620 0.006420
59630 0.010829
59640 0.010595
59650 0.012326
59660 0.030809
59670 0.014218
59680 0.023512
59690 0.041376
59700 0.011415
59710 0.016841
59720 0.009239
59730 0.012124
59740 0.021733
59750 0.011509
59760 0.036255
59770 0.009836
59780 0.013438
59790 0.024470
59800 0.021046
59810 0.006598
59820 0.014998
59830 0.031798
59840 0.035496
59850 0.003478
59860 0.006836
59870 0.032504
59880 0.022719
59890 0.005876
59900 0.004708
59910 0.023712
59920 0.043354
59930 0.010235
59940 0.028251
59950 0.013916
59960 0.022130
59970 0.005231
59980 0.018624
59990 0.006716
60000 0.009656
60010 0.008882
60020 0.020643
60030 0.003097
60040 0.016042
60050 0.041285
60060 0.023354
60070 0.005121
60080 0.017514
60090 0.012778
60100 0.025334
60110 0.008734
60120 0.016003
60130 0.008232
60140 0.006552
60150 0.010432
60160 0.013806
60170 0.004672
60180 0.037574
60190 0.022771
60200 0.014068
60210 0.005715
60220 0.006491
60230 0.009399
60240 0.005528
60250 0.011457
60260 0.010166
60270 0.009197
60280 0.004477
60290 13.970149
60300 0.007624
60310 0.005762
60320 0.009849
60330 0.024110
60340 0.013314
60350 0.021895
60360 0.006737
60370 0.024699
60380 0.006826
60390 0.015384
60400 0.015495
60410 0.014220
60420 0.009038
60430 0.006402
60440 0.006821
60450 0.006295
60460 0.021605
60470 0.005157
60480 0.015001
60490 0.006826
60500 0.002622
60510 0.013152
60520 0.006774
60530 0.014697
60540 0.023493
60550 0.005350
60560 0.004886
60570 0.008558
60580 0.002127
60590 0.006447
60600 0.002640
60610 0.015116
60620 0.000428
60630 0.000059
60640 0.003418
60650 0.003070
60660 0.008049
60670 0.026076
60680 0.007228
60690 0.014441
60700 0.006731
60710 0.013778
60720 0.008593
60730 0.003700
60740 0.005732
60750 0.006394
60760 0.008036
60770 0.013209
60780 0.016972
60790 0.043237
60800 0.028445
60810 0.013552
60820 0.027211
60830 0.015048
60840 0.031291
60850 0.019763
60860 0.019202
60870 0.015982
60880 0.007363
60890 0.019188
60900 0.008662
60910 0.012942
60920 0.019537
60930 0.001244
60940 0.015804
60950 0.013387
60960 0.006965
60970 0.022616
60980 0.000668
60990 0.008760
61000 0.017969
61010 0.001757
61020 0.012627
61030 0.007904
61040 -0.000578
61050 0.004406
61060 0.003997
61070 0.000554
61080 0.000919
61090 0.006407
61100 0.006488
61110 0.001073
61120 0.010315
61130 0.012528
61140 14.001686
61150 0.012712
61160 0.008653
61170 0.003867
61180 0.001851
61190 0.004540
61200 0.014589
61210 0.009191
61220 0.023898
61230 0.005031
61240 0.023025
61250 0.005244
61260 0.020642
61270 0.007943
61280 0.011042
61290 0.007419
61300 0.017448
61310 0.023108
61320 0.012969
61330 0.010942
61340 0.006173
61350 0.009262
61360 0.007876
61370 0.003999
61380 0.009422
61390 0.018152
61400 0.012540
61410 0.010076
61420 0.026644
61430 0.009007
61440 0.003972
61450 0.007240
61460 0.002178
61470 -0.001648
61480 0.011949
61490 0.009727
61500 0.015958
61510 0.009749
61520 0.002834
61530 0.002550
61540 0.005130
61550 0.008844
61560 0.004995
61570 0.010832
61580 0.010330
61590 0.012565
61600 0.010378
61610 0.001019
61620 0.008059
61630 0.010869
61640 0.009183
61650 0.001789
61660 0.008626
61670 0.008898
61680 0.005632
61690 0.012898
61700 0.010465
61710 0.003929
61720 0.010074
61730 0.009263
61740 0.005638
61750 0.010422
61760 0.009900
61770 0.008888
61780 0.012209
61790 0.006644
61800 0.011591
61810 0.006360
61820 0.025278
61830 0.009001
61840 0.001942
61850 0.011629
61860 0.010967
61870 0.008182
61880 0.014659
61890 0.027105
61900 0.011037
61910 0.010715
61920 0.004213
61930 0.016012
61940 0.002361
61950 0.002338
61960 0.005211
61970 0.011020
61980 0.010082
61990 0.006521
62000 0.013630
62010 0.005408
62020 0.039776
62030 0.011792
62040 0.048581
62050 0.034193
62060 0.018817
62070 0.014954
62080 0.015309
62090 0.000610
62100 -0.001327
62110 0.018119
62120 0.049419
62130 0.024762
62140 0.004777
62150 0.012638
62160 0.010922
62170 0.007129
62180 0.008039
62190 0.010497
62200 0.002848
62210 0.013870
62220 0.033216
62230 0.008130
62240 0.006306
62250 0.003192
62260 0.013168
62270 0.006959
62280 0.013923
62290 0.009058
62300 0.018680
62310 0.035871
62320 0.027845
62330 0.010101
62340 0.006377
62350 0.027131
62360 14.026408
62370 0.021419
62380 0.042163
62390 0.043841
62400 0.039910
62410 0.035034
62420 0.036473
62430 0.038722
62440 0.017714
62450 0.014111
62460 0.007145
62470 0.015489
62480 0.073541
62490 0.008562
62500 0.014398
62510 0.005981
62520 0.014176
62530 0.011982
62540 0.024273
62550 0.004717
62560 0.006109
62570 0.003550
62580 0.004209
62590 0.007763
62600 0.010607
62610 0.005325
62620 0.018010
62630 0.003222
62640 0.013074
62650 0.008798
62660 0.005748
62670 0.007846
62680 0.008384
62690 0.002314
62700 0.002384
62710 0.007786
62720 0.009463
62730 0.000606
62740 0.008359
62750 0.010180
62760 0.002458
62770 0.002634
62780 0.013031
62790 0.008147
62800 -0.003802
62810 0.005258
62820 0.010750
62830 0.027040
62840 0.019007
62850 0.054622
62860 0.026851
62870 0.027284
62880 0.024478
62890 0.015696
62900 0.065867
62910 14.034647
62920 0.035126
62930 0.027735
62940 0.025064
62950 0.056565
62960 0.096687
62970 0.032555
62980 0.025386
62990 0.034490
63000 0.014479
63010 0.038752
63020 0.027615
63030 0.007671
63040 0.013319
63050 0.015695
63060 0.035993
63070 0.003332
63080 0.001806
63090 0.001918
63100 0.026078
63110 0.029549
63120 0.048189
63130 0.011570
63140 0.023274
63150 0.028062
63160 0.040428
63170 0.018670
63180 0.001359
63190 0.035977
63200 0.025490
63210 0.017043
63220 0.017285
63230 0.012666
63240 0.015491
63250 0.018855
63260 0.034369
63270 0.003700
63280 0.019698
63290 0.003686
63300 0.009132
63310 0.015509
63320 0.007372
63330 0.012873
63340 0.025383
63350 0.021113
63360 0.003881
63370 0.004790
63380 0.005714
63390 0.040497
63400 0.014479
63410 0.006684
63420 0.006807
63430 0.004338
63440 0.004750
63450 0.004359
63460 0.040093
63470 0.025396
63480 0.003272
63490 0.018874
63500 0.018643
63510 0.013746
63520 0.003475
63530 0.028546
63540 -0.000135
63550 0.015306
63560 0.031907
63570 0.009096
63580 0.006465
63590 0.010112
63600 0.006406
63610 0.010721
63620 -0.000966
63630 0.016056
63640 0.062163
63650 -0.003599
63660 0.008675
63670 14.023835
63680 0.022364
63690 0.014417
63700 0.017666
63710 0.009090
63720 0.006945
63730 0.012415
63740 0.005150
63750 0.006500
63760 0.006453
63770 0.005291
63780 0.007753
63790 0.005676
63800 0.025173
63810 0.021260
63820 0.003620
63830 0.110410
63840 0.049529
63850 0.031396
63860 0.015221
63870 0.016630
63880 0.012130
63890 0.011035
63900 0.029792
63910 13.994410
63920 0.062334
63930 0.012342
63940 0.002005
63950 0.027351
63960 0.010351
63970 0.008632
63980 0.008471
63990 0.008389
64000 0.009700
64010 0.012605
64020 0.012366
64030 0.011672
64040 0.005680
64050 0.007004
64060 0.011586
64070 0.012934
64080 0.004173
64090 0.008456
64100 0.003814
64110 0.009545
64120 0.012757
64130 0.011346
64140 0.004227
64150 0.005201
64160 0.010816
64170 0.021343
64180 0.022280
64190 0.040853
64200 0.013678
64210 0.002349
64220 0.004267
64230 0.002849
64240 0.002512
64250 0.014607
64260 0.007475
64270 0.005981
64280 0.023559
64290 0.003229
64300 0.015455
64310 0.003328
64320 0.002676
64330 0.020503
64340 0.014030
64350 0.010998
64360 0.014550
64370 0.005583
64380 0.002529
64390 0.003821
64400 0.016000
64410 0.004591
64420 0.014322
64430 0.009053
64440 0.006356
64450 0.006713
64460 0.004379
64470 0.009781
64480 0.002317
64490 0.008683
64500 0.006916
64510 0.001180
64520 0.010403
64530 0.012708
64540 0.002951
64550 0.036480
64560 0.067737
64570 0.003065
64580 0.023094
64590 0.012587
64600 0.011268
64610 0.004803
64620 0.009462
64630 0.005094
64640 0.023127
64650 0.007589
64660 0.001684
64670 0.012127
64680 0.011124
64690 0.005050
64700 0.006995
64710 -0.001150
64720 0.014197
64730 0.007631
64740 0.012329
64750 0.005529
64760 0.013360
64770 0.012355
64780 0.022524
64790 0.026063
64800 0.008320
64810 0.012600
64820 0.008438
64830 0.000865
64840 0.006280
64850 0.004365
64860 0.008261
64870 0.004993
64880 0.010705
64890 0.011213
64900 0.012007
64910 0.007741
64920 0.000651
64930 0.002476
64940 0.012876
64950 0.004802
64960 0.004370
64970 0.003913
64980 0.003951
64990 0.006384
65000 0.006442
65010 0.000307
65020 0.007434
65030 0.012529
65040 0.008875
65050 0.008546
65060 0.004272
65070 0.002795
65080 0.011394
65090 0.007385
65100 0.007928
65110 0.009257
65120 -0.001083
65130 0.007516
65140 0.008484
65150 0.008220
65160 -0.003600
65170 0.006868
65180 0.009608
65190 0.003383
65200 0.003519
65210 0.008255
65220 0.006289
65230 0.006272
65240 0.004403
65250 0.010659
65260 0.008375
65270 0.002472
65280 0.010521
65290 0.009339
65300 0.010871
65310 0.008469
65320 0.005360
65330 0.007023
65340 0.013773
65350 0.002733
65360 0.005850
65370 0.020913
65380 0.003029
65390 0.007861
65400 0.012769
65410 -0.001006
65420 0.003717
65430 0.003297
65440 0.004832
65450 0.004805
65460 -0.000135
65470 0.008046
65480 0.008828
65490 0.009459
65500 0.009957
65510 0.005499
65520 0.005763
65530 0.002799
65540 14.009265
65550 0.034706
65560 0.026351
65570 0.009053
65580 0.018539
65590 0.010877
65600 0.011705
65610 0.010556
65620 0.008930
65630 0.008105
65640 0.004166
65650 0.006060
65660 0.002936
65670 0.008742
65680 0.004890
65690 0.008902
65700 0.010093
65710 0.009473
65720 0.006164
65730 0.002233
65740 0.019360
65750 0.015827
65760 0.006848
65770 0.007694
65780 0.002828
65790 0.005700
65800 0.004090
65810 0.007220
65820 0.008573
65830 0.001169
65840 0.002174
65850 0.007658
65860 0.018173
65870 0.016781
65880 0.010663
65890 0.002557
65900 0.005219
65910 0.004438
65920 0.000036
65930 0.002147
65940 0.004667
65950 0.007650
65960 0.008270
65970 0.010914
65980 0.002558
65990 0.015470
66000 0.020381
66010 0.015241
66020 0.013975
66030 0.015721
66040 0.009035
66050 0.003249
66060 0.005572
66070 0.010241
66080 0.010979
66090 0.008720
66100 0.001562
66110 0.020592
66120 0.034091
66130 0.028861
66140 0.004590
66150 0.010111
66160 0.004233
66170 0.047295
66180 0.041788
66190 0.067652
66200 0.040183
66210 0.014701
66220 14.042636
66230 0.030514
66240 0.011164
66250 0.038745
66260 0.061801
66270 0.034721
66280 0.072136
66290 0.017289
66300 0.025996
66310 0.023571
66320 0.048046
66330 0.013730
66340 0.018814
66350 0.023031
66360 0.002983
66370 0.014813
66380 0.000765
66390 0.011976
66400 0.002775
66410 0.012895
66420 0.016813
66430 0.013898
66440 0.010657
66450 0.009657
66460 0.006768
66470 0.014145
66480 0.010799
66490 0.015771
66500 0.001701
66510 0.017665
66520 0.009833
66530 0.014862
66540 0.000726
66550 0.010084
66560 0.006351
66570 0.013148
66580 0.001879
66590 0.004476
66600 0.007626
66610 0.005398
66620 0.010733
66630 0.010971
66640 0.011617
66650 0.008536
66660 0.003066
66670 0.006036
66680 0.002681
66690 0.005123
66700 0.003756
66710 0.012335
66720 0.012645
66730 0.004658
66740 0.005471
66750 0.005205
66760 0.001006
66770 0.002062
66780 0.007438
66790 0.005803
66800 0.010345
66810 0.002531
66820 0.002921
66830 0.004299
66840 0.015459
66850 0.026446
66860 0.004512
66870 0.011453
66880 0.006077
66890 0.003149
66900 0.005297
66910 -0.000191
66920 0.004988
66930 0.000970
66940 0.011841
66950 0.005443
66960 0.004527
66970 0.005405
66980 0.011463
66990 0.011076
67000 0.001105
67010 0.010044
67020 0.011274
67030 0.003202
67040 0.003133
67050 0.002382
67060 0.002150
67070 0.005005
67080 0.011792
67090 0.007400
67100 0.008739
67110 0.008408
67120 0.008516
67130 0.017702
67140 0.007178
67150 0.006419
67160 0.006504
67170 0.011372
67180 -0.000743
67190 0.009050
67200 0.011658
67210 0.014823
67220 0.009548
67230 0.002452
67240 0.024406
67250 0.011821
67260 0.009427
67270 0.004418
67280 0.004765
67290 0.021842
67300 0.009934
67310 0.014617
67320 0.006172
67330 0.001272
67340 0.006963
67350 13.969751
67360 0.006439
67370 0.011843
67380 0.004495
67390 0.013103
67400 0.005844
67410 0.010948
67420 0.012587
67430 0.007892
67440 0.021163
67450 0.009295
67460 0.003520
67470 0.012671
67480 0.009544
67490 14.039873
67500 0.010964
67510 0.007087
67520 0.030558
67530 0.007735
67540 0.001962
67550 0.015534
67560 0.006344
67570 0.012690
67580 0.019277
67590 0.018127
67600 0.022820
67610 0.018174
67620 0.012845
67630 0.009413
67640 0.010804
67650 0.013100
67660 0.011491
67670 0.020099
67680 0.014781
67690 0.014027
67700 0.013692
67710 0.007527
67720 0.021855
67730 0.009467
67740 0.004582
67750 0.019408
67760 0.013566
67770 -0.006284
67780 -0.002271
67790 0.007213
67800 0.002121
67810 0.015075
67820 0.013163
67830 0.012828
67840 0.010233
67850 0.005881
67860 0.017728
67870 0.005948
67880 0.004661
67890 0.002053
67900 0.013276
67910 0.009454
67920 0.003870
67930 0.011168
67940 0.030861
67950 0.010279
67960 0.012482
67970 0.012244
67980 0.006173
67990 0.005346
68000 0.012311
68010 0.014631
68020 0.012985
68030 0.032586
68040 0.029896
68050 0.066090
68060 0.076982
68070 0.012716
68080 0.005389
68090 0.016071
68100 0.005015
68110 0.006748
68120 0.004700
68130 0.006586
68140 0.005317
68150 0.008707
68160 0.004753
68170 0.017106
68180 0.007285
68190 0.007947
68200 0.004323
68210 0.016017
68220 0.004527
68230 0.013383
68240 0.011854
68250 0.002363
68260 0.000240
68270 -0.000029
68280 0.021665
68290 14.048043
68300 0.010325
68310 0.006916
68320 0.011107
68330 0.003587
68340 0.011706
68350 0.024545
68360 0.004163
68370 0.023284
68380 0.007090
68390 0.024259
68400 0.033066
68410 0.042584
68420 0.011154
68430 0.005484
68440 0.011254
68450 0.003758
68460 0.001465
68470 0.019062
68480 0.012114
68490 0.014312
68500 0.002334
68510 0.022166
68520 0.018807
68530 0.005396
68540 0.018509
68550 0.000682
68560 0.001464
68570 0.006369
68580 0.000414
68590 0.007910
68600 0.003010
68610 0.009023
68620 0.000869
68630 -0.000033
68640 0.005767
68650 0.000160
68660 0.012306
68670 0.002952
68680 0.007912
68690 0.008628
68700 0.004989
68710 0.026867
68720 0.003807
68730 0.006645
68740 -0.000803
68750 0.031494
68760 0.010244
68770 0.005157
68780 0.004664
68790 0.004048
68800 0.008098
68810 0.007878
68820 0.004553
68830 0.004473
68840 0.005317
68850 0.004849
68860 0.028724
68870 0.027723
68880 0.026129
68890 0.025719
68900 0.016251
68910 0.018099
68920 0.019811
68930 0.007065
68940 0.008442
68950 0.013440
68960 0.017464
68970 0.009171
68980 0.011303
68990 0.001084
69000 0.024508
69010 0.020444
69020 0.010817
69030 0.002080
69040 0.009069
69050 0.010788
69060 0.016091
69070 0.011391
69080 0.009110
69090 0.022122
69100 0.029690
69110 0.022852
69120 0.017909
69130 0.023006
69140 0.026974
69150 0.006098
69160 0.020252
69170 14.081514
69180 0.016650
69190 0.026181
69200 0.014917
69210 0.018311
69220 0.008705
69230 0.013728
69240 0.013563
69250 0.015013
69260 0.003817
69270 0.061934
69280 0.004822
69290 0.105577
69300 0.051240
69310 0.020343
69320 0.014270
69330 0.014229
69340 0.010682
69350 0.017481
69360 0.012911
69370 0.035973
69380 0.014199
69390 0.014748
69400 0.011904
69410 0.005172
69420 0.005324
69430 0.018370
69440 0.009141
69450 0.011770
69460 0.019084
69470 0.013779
69480 0.006941
69490 0.002973
69500 0.008379
69510 0.010772
69520 0.012230
69530 0.012590
69540 0.023742
69550 -0.000844
69560 0.001745
69570 0.010950
69580 0.005381
69590 0.005900
69600 0.006046
69610 0.004652
69620 0.011381
69630 0.006541
69640 0.008247
69650 0.011420
69660 0.015232
69670 0.015493
69680 -0.000653
69690 0.006258
69700 0.007685
69710 14.017810
69720 0.011807
69730 0.006194
69740 0.025497
69750 0.036536
69760 0.011950
69770 0.011309
69780 0.016022
69790 0.006675
69800 0.007251
69810 0.008522
69820 0.003243
69830 0.001884
69840 0.009825
69850 0.002283
69860 0.004039
69870 0.010103
69880 0.005622
69890 -0.000584
69900 0.002874
69910 0.005725
69920 0.002077
69930 0.003333
69940 -0.003579
69950 0.002284
69960 0.003053
69970 0.007206
69980 0.008077
69990 0.007674
70000 0.002579
70010 0.005020
70020 0.007214
70030 0.003685
70040 0.005901
70050 0.000637
70060 0.005590
70070 0.005060
70080 0.003529
70090 0.002773
70100 0.005820
70110 0.005569
70120 0.001738
70130 0.003935
70140 0.004825
70150 0.006793
70160 0.005435
70170 0.017881
70180 0.005910
70190 0.007717
70200 0.005492
70210 0.008196
70220 0.005644
70230 0.012046
70240 0.022267
70250 0.007663
70260 0.037706
70270 0.019325
70280 0.005790
70290 0.049591
70300 0.007854
70310 0.022898
70320 0.015303
70330 0.016075
70340 0.007614
70350 0.012165
70360 0.014342
70370 0.026617
70380 0.031015
70390 0.014631
70400 13.972757
70410 0.016337
70420 0.009278
70430 0.008278
70440 0.004614
70450 0.011110
70460 0.012726
70470 0.014654
70480 0.011065
70490 0.006883
70500 0.013627
70510 0.012787
70520 0.046456
70530 0.002854
70540 0.006899
70550 0.007381
70560 0.005812
70570 0.015839
70580 0.004576
70590 0.010245
70600 0.003834
70610 0.003865
70620 0.007075
70630 -0.001166
70640 0.003055
70650 0.001947
70660 0.007025
70670 0.006129
70680 0.001017
70690 0.004768
70700 0.004182
70710 0.011685
70720 0.004663
70730 0.006038
70740 0.010929
70750 0.005628
70760 0.014613
70770 0.006613
70780 -0.000180
70790 0.004175
70800 -0.000387
70810 -0.000472
70820 0.013891
70830 0.010021
70840 0.004327
70850 0.002169
70860 -0.001697
70870 0.002494
70880 0.007518
70890 -0.000503
70900 0.004347
70910 0.006826
70920 0.001705
70930 0.004155
70940 0.002535
70950 0.003009
70960 0.009352
70970 0.012269
70980 0.011540
70990 0.009174
71000 0.004805
71010 0.010339
71020 0.013374
71030 0.014065
71040 0.001470
71050 0.005989
71060 0.012370
71070 0.007507
71080 0.010568
71090 0.005762
71100 0.002047
71110 0.008646
71120 0.016016
71130 0.016539
71140 0.005208
71150 0.003965
71160 -0.000579
71170 0.013005
71180 0.006658
71190 0.009109
71200 0.002773
71210 0.004757
71220 0.010971
71230 0.002870
71240 0.007000
71250 0.007115
71260 0.016173
71270 0.004969
71280 0.009573
71290 0.012786
71300 0.007670
71310 0.000466
71320 0.003270
71330 0.013720
71340 0.000314
71350 -0.000245
71360 0.007487
71370 14.026736
71380 0.004572
71390 0.003008
71400 0.009104
71410 0.002765
71420 0.005080
71430 0.008398
71440 0.008651
71450 0.022625
71460 0.005022
71470 0.010790
71480 0.005741
71490 0.001165
71500 0.008704
71510 0.005663
71520 0.010400
71530 0.008486
71540 0.008977
71550 0.005055
71560 0.005858
71570 0.005464
71580 -0.000958
71590 0.001263
71600 0.006045
71610 0.009122
71620 0.005521
71630 0.003089
71640 0.000608
71650 0.002304
71660 0.005713
71670 0.004220
71680 0.002369
71690 0.005119
71700 -0.000339
71710 0.002378
71720 0.004170
71730 0.005383
71740 0.006604
71750 -0.002182
71760 0.013034
71770 0.006200
71780 0.005781
71790 0.004480
71800 0.003542
71810 0.006930
71820 0.003519
71830 0.001134
71840 0.007304
71850 0.003568
71860 0.008304
71870 0.006335
71880 14.014419
71890 -0.001106
71900 0.007855
71910 0.022731
71920 0.007155
71930 0.013896
71940 0.004972
71950 -0.000541
71960 0.000187
71970 0.005071
71980 0.021895
71990 0.007049
72000 0.005114
72010 0.016713
72020 0.003648
72030 0.062486
72040 0.022003
72050 0.004921
72060 0.049845
72070 0.018066
72080 0.012045
72090 0.003674
72100 0.027740
72110 0.019200
72120 0.012668
72130 0.008574
72140 0.041331
72150 0.023754
72160 0.008006
72170 0.004912
72180 -0.004168
72190 0.003553
72200 0.008836
72210 0.005803
72220 0.008449
72230 0.025472
72240 14.034240
72250 0.003499
72260 0.009396
72270 0.002854
72280 0.029843
72290 0.007995
72300 0.028501
72310 0.005638
72320 0.023111
72330 0.006017
72340 0.011410
72350 -0.000941
72360 0.010071
72370 0.007398
72380 0.016058
72390 0.007617
72400 0.009164
72410 0.003270
72420 0.000592
72430 0.011699
72440 0.019799
72450 0.017864
72460 0.019371
72470 0.032420
72480 0.004911
72490 0.012250
72500 0.002072
72510 13.969716
72520 0.005295
72530 0.015462
72540 0.001364
72550 0.004176
72560 0.011678
72570 0.009085
72580 0.015604
72590 0.008102
72600 0.009153
72610 0.000523
72620 0.000745
72630 0.014648
72640 0.006880
72650 0.010335
72660 0.007738
72670 0.010626
72680 0.003703
72690 0.012044
72700 0.007968
72710 0.006715
72720 0.007620
72730 0.009553
72740 0.013879
72750 0.003585
72760 0.004244
72770 0.002131
72780 0.032252
72790 0.027885
72800 0.010520
72810 0.007478
72820 0.008851
72830 0.008125
72840 0.019397
72850 0.006763
72860 0.007571
72870 0.006961
72880 0.007646
72890 0.001665
72900 0.030303
72910 0.004564
72920 0.016530
72930 0.016625
72940 0.018374
72950 0.020998
72960 0.003189
72970 0.022521
72980 0.013533
72990 0.003289
73000 0.012474
73010 0.008620
73020 0.000242
73030 0.020589
73040 0.006001
73050 0.009594
73060 0.009201
73070 0.016887
73080 0.002858
73090 0.015464
73100 0.013392
73110 0.012480
73120 0.017569
73130 0.004208
73140 0.008225
73150 0.010982
73160 0.029038
73170 0.055259
73180 0.011272
73190 0.018120
73200 0.008519
73210 0.005855
73220 0.004536
73230 0.008105
73240 -0.000269
73250 0.007454
73260 0.020157
73270 0.008129
73280 0.002121
73290 0.006872
73300 0.023640
73310 0.011448
73320 14.002709
73330 0.006768
73340 0.025899
73350 0.006107
73360 0.007484
73370 0.015464
73380 0.007001
73390 0.006699
73400 0.014325
73410 0.011683
73420 0.011024
73430 0.011884
73440 0.015674
73450 0.017485
73460 0.010896
73470 0.006427
73480 0.026247
73490 0.010375
73500 0.025986
73510 0.009362
73520 0.010817
73530 13.968889
73540 0.024561
73550 0.007366
73560 0.011153
73570 0.004504
73580 0.014203
73590 0.011334
73600 0.004750
73610 0.005450
73620 0.008483
73630 0.013132
73640 0.007211
73650 14.027633
73660 0.017822
73670 0.020626
73680 0.023230
73690 0.012218
73700 0.019383
73710 0.003019
73720 -0.004341
73730 0.007549
73740 0.019785
73750 0.011488
73760 0.004009
73770 0.008091
73780 -0.000974
73790 0.001182
73800 0.013984
73810 0.016030
73820 0.009176
73830 0.028627
73840 0.008468
73850 0.008485
73860 0.013678
73870 0.029416
73880 0.015996
73890 0.039836
73900 0.014229
73910 0.013618
73920 0.018938
73930 0.035815
73940 0.005290
73950 0.021386
73960 0.031478
73970 0.026505
73980 0.016695
73990 0.038173
74000 0.041336
74010 0.016980
74020 0.013061
74030 0.086185
74040 0.098295
74050 0.066128
74060 0.087401
74070 0.038052
74080 0.014448
74090 0.010515
74100 0.025522
74110 0.007397
74120 0.023451
74130 0.004483
74140 0.021682
74150 0.009332
74160 -0.001168
74170 0.005062
74180 0.002022
74190 0.002657
74200 0.010448
74210 0.004351
74220 0.018152
74230 0.000609
74240 0.005265
74250 0.005444
74260 0.009389
74270 0.006533
74280 0.003733
74290 0.000595
74300 0.003541
74310 0.007414
74320 0.003058
74330 0.005580
74340 0.004122
74350 0.006540
74360 0.004952
74370 0.007470
74380 0.022742
74390 0.006249
74400 0.003369
74410 0.004929
74420 0.004567
74430 0.009422
74440 0.004750
74450 0.008674
74460 0.009590
74470 0.002558
74480 0.005531
74490 0.008995
74500 0.001000
74510 0.001216
74520 0.006741
74530 0.004414
74540 0.005611
74550 0.002325
74560 0.002937
74570 0.002896
74580 0.003582
74590 0.006859
74600 0.003908
74610 0.005243
74620 0.019412
74630 0.009979
74640 0.001034
74650 0.004396
74660 0.005174
74670 0.012169
74680 0.007486
74690 0.004391
74700 0.004853
74710 0.002544
74720 0.005370
74730 0.004340
74740 0.005654
74750 0.003743
74760 0.004609
74770 0.007494
74780 0.006834
74790 -0.002028
74800 0.008755
74810 0.010137
74820 0.011108
74830 0.020764
74840 0.003554
74850 0.007094
74860 0.008417
74870 0.005532
74880 0.001033
74890 0.007419
74900 -0.001463
74910 0.014541
74920 0.007667
74930 0.004111
74940 0.006948
74950 0.000547
74960 0.004950
74970 0.004772
74980 0.008097
74990 0.010236
75000 0.001164
75010 0.019281
75020 0.005137
75030 0.000008
75040 0.028612
75050 0.007096
75060 0.010680
75070 0.005141
75080 0.000575
75090 0.008362
75100 0.018139
75110 0.006260
75120 0.009127
75130 0.007761
75140 0.010458
75150 0.005109
75160 0.008545
75170 0.001434
75180 0.010926
75190 0.016155
75200 0.006454
75210 0.015340
75220 0.007788
75230 0.007003
75240 0.001982
75250 0.005893
75260 0.003634
75270 0.003796
75280 14.012741
75290 0.011412
75300 0.033803
75310 0.020128
75320 0.000975
75330 0.008524
75340 0.021804
75350 0.022842
75360 0.006872
75370 0.006155
75380 13.985570
75390 0.005001
75400 0.008532
75410 0.007671
75420 0.009000
75430 0.015841
75440 0.003345
75450 0.007083
75460 -0.000107
75470 0.006121
75480 0.005648
75490 0.009638
75500 0.007732
75510 0.011332
75520 0.015815
75530 0.028684
75540 0.010040
75550 0.008145
75560 0.006182
75570 0.007792
75580 0.004267
75590 0.005266
75600 0.007509
75610 0.015122
75620 0.013645
75630 0.017008
75640 0.032706
75650 0.024276
75660 0.014819
75670 0.018949
75680 0.014534
75690 0.011605
75700 0.024467
75710 0.025375
75720 0.033023
75730 0.011482
75740 0.021934
75750 0.018315
75760 0.018476
75770 0.005634
75780 0.013350
75790 0.002736
75800 0.010438
75810 0.008533
75820 0.008057
75830 0.006275
75840 0.008464
75850 0.002627
75860 0.006836
75870 0.016381
75880 0.002204
75890 0.007115
75900 0.010650
75910 0.005455
75920 0.004953
75930 0.005330
75940 0.003329
75950 0.000583
75960 0.006398
75970 0.002875
75980 0.008109
75990 0.014290
76000 0.014191
76010 0.016024
76020 0.032373
76030 0.012158
76040 0.029178
76050 0.025391
76060 0.026467
76070 0.009639
76080 0.007091
76090 0.009879
76100 0.003233
76110 0.011383
76120 0.011239
76130 0.009511
76140 0.013598
76150 0.010698
76160 0.013525
76170 0.007091
76180 0.010893
76190 0.010213
76200 0.003029
76210 0.001532
76220 0.011327
76230 0.003366
76240 -0.001047
76250 -0.000518
76260 0.007982
76270 0.027284
76280 0.006950
76290 0.019072
76300 0.007686
76310 0.004563
76320 0.008065
76330 0.007494
76340 0.009395
76350 0.015439
76360 0.012957
76370 0.022366
76380 0.004937
76390 0.010714
76400 0.009387
76410 0.011974
76420 0.010814
76430 0.014789
76440 0.009452
76450 0.001643
76460 0.008324
76470 0.008100
76480 0.008558
76490 0.004971
76500 0.003852
76510 0.008011
76520 0.005319
76530 0.006129
76540 0.005298
76550 0.008667
76560 0.002203
76570 0.003719
76580 0.006687
76590 0.009484
76600 0.008245
76610 0.002069
76620 0.008277
76630 -0.001031
76640 0.007036
76650 -0.000262
76660 0.000532
76670 0.003846
76680 0.007352
76690 0.002577
76700 0.011097
76710 0.001855
76720 0.006452
76730 0.006405
76740 0.008245
76750 0.007240
76760 0.006945
76770 0.005486
76780 0.008405
76790 0.002060
76800 0.005658
76810 0.012452
76820 0.005765
76830 0.012389
76840 -0.000326
76850 0.001613
76860 0.002641
76870 0.002339
76880 0.003270
76890 0.004063
76900 0.003408
76910 0.001159
76920 0.001413
76930 0.002418
76940 0.002969
76950 0.004192
76960 0.003116
76970 0.006909
76980 0.003383
76990 0.004768
77000 0.003249
77010 0.002747
77020 0.011548
77030 0.001976
77040 0.004564
77050 0.001196
77060 0.001042
77070 0.007915
77080 0.003124
77090 0.009837
77100 0.007477
77110 0.004416
77120 0.015726
77130 0.014653
77140 0.007300
77150 0.000603
77160 0.000874
77170 0.003317
77180 0.002268
77190 0.004562
77200 0.002407
77210 0.005557
77220 0.003752
77230 0.001913
77240 -0.003937
77250 0.003139
77260 0.004815
77270 0.004595
77280 0.007645
77290 0.007942
77300 0.005587
77310 0.002335
77320 0.009620
77330 0.008356
77340 0.006655
77350 0.006359
77360 0.010646
77370 0.001297
77380 0.006324
77390 0.004513
77400 0.005812
77410 0.009842
77420 0.007459
77430 0.018579
77440 0.010396
77450 0.010308
77460 0.007271
77470 0.016743
77480 0.003699
77490 0.004661
77500 0.004586
77510 0.000637
77520 0.007648
77530 0.000252
77540 0.007149
77550 0.007303
77560 0.001440
77570 0.008214
77580 0.005870
77590 0.014433
77600 0.005832
77610 0.008428
77620 0.003223
77630 0.003143
77640 0.010148
77650 0.006775
77660 0.028859
77670 0.006307
77680 -0.002280
77690 0.007915
77700 0.001974
77710 0.009352
77720 0.001924
77730 0.005009
77740 0.006295
77750 -0.001404
77760 0.004220
77770 0.004113
77780 0.009528
77790 -0.000284
77800 0.004206
77810 0.008797
77820 0.003985
77830 0.003967
77840 -0.001334
77850 0.007825
77860 0.002639
77870 0.001325
77880 0.009233
77890 0.005363
77900 0.011598
77910 0.005440
77920 0.010011
77930 0.010123
77940 0.010699
77950 0.021010
77960 0.006115
77970 0.013301
77980 0.004824
77990 0.004916
78000 0.000027
78010 0.001677
78020 0.001706
78030 0.002537
78040 0.007758
78050 -0.002030
78060 0.002061
78070 0.004635
78080 0.001496
78090 0.007101
78100 0.005864
78110 0.001975
78120 0.022409
78130 0.004111
78140 0.006953
78150 0.006830
78160 0.005129
78170 0.003549
78180 0.005479
78190 0.002246
78200 0.005269
78210 0.003303
78220 0.000466
78230 0.004576
78240 0.004749
78250 0.004571
78260 0.014132
78270 0.009230
78280 0.002828
78290 0.004767
78300 0.007309
78310 0.004843
78320 0.001178
78330 0.001041
78340 0.003444
78350 0.000731
78360 0.002134
78370 0.003345
78380 -0.003268
78390 0.002727
78400 0.001766
78410 0.003363
78420 0.007271
78430 0.004623
78440 0.004534
78450 0.005084
78460 -0.004008
78470 0.003033
78480 0.003016
78490 0.005900
78500 0.000656
78510 0.000186
78520 0.006213
78530 0.005801
78540 0.006487
78550 0.006409
78560 0.001189
78570 0.003868
78580 0.001396
78590 -0.000404
78600 0.016431
78610 0.004477
78620 0.004899
78630 0.021643
78640 0.005691
78650 0.000787
78660 0.010027
78670 0.000220
78680 0.002308
78690 0.002333
78700 0.005061
78710 0.002934
78720 0.001670
78730 0.005949
78740 0.005780
78750 0.010809
78760 0.017488
78770 0.006385
78780 0.000176
78790 0.012250
78800 0.012171
78810 0.007098
78820 0.005111
78830 0.002991
78840 0.011759
78850 0.001658
78860 0.007855
78870 0.004484
78880 0.016660
78890 0.016738
78900 0.010067
78910 0.001658
78920 0.030876
78930 0.012302
78940 0.010578
78950 0.015099
78960 0.010634
78970 0.037474
78980 0.007191
78990 0.016097
79000 0.014625
79010 0.014175
79020 0.009198
79030 0.008324
79040 0.007451
79050 0.015826
79060 0.010338
79070 0.004499
79080 0.009900
79090 0.010563
79100 0.004686
79110 0.005354
79120 0.001463
79130 0.007969
79140 0.003587
79150 0.005925
79160 0.010395
79170 0.005480
79180 0.004576
79190 0.003094
79200 0.047732
79210 0.003234
79220 0.005623
79230 0.004230
79240 0.006041
79250 13.998664
79260 0.008247
79270 0.004718
79280 0.013829
79290 0.005075
79300 0.007157
79310 -0.000367
79320 0.004452
79330 13.935404
79340 0.004530
79350 0.010365
79360 0.008402
79370 0.009181
79380 0.008997
79390 0.009756
79400 0.009976
79410 0.002306
79420 0.004962
79430 0.008033
79440 0.005783
79450 0.008536
79460 0.005040
79470 0.013521
79480 0.006387
79490 0.004943
79500 -0.001521
79510 0.003174
79520 0.005707
79530 0.008204
79540 0.009916
79550 0.004053
79560 0.004764
79570 0.006329
79580 0.003735
79590 0.003891
79600 0.005335
79610 0.004298
79620 0.006070
79630 -0.001329
79640 0.007236
79650 0.001279
79660 0.013170
79670 0.005765
79680 0.007855
79690 0.003964
79700 0.002509
79710 0.006190
79720 0.001836
79730 -0.000650
79740 0.000749
79750 0.014233
79760 0.031602
79770 0.032156
79780 0.008965
79790 0.023495
79800 0.058260
79810 0.029528
79820 0.018225
79830 0.026646
79840 0.047511
79850 0.007642
79860 0.033718
79870 0.009305
79880 0.013098
79890 0.011871
79900 0.017919
79910 0.013895
79920 0.007313
79930 0.013779
79940 0.002602
79950 0.015230
79960 0.020431
79970 0.007529
79980 0.004223
79990 0.017011
80000 0.019753
80010 14.025882
80020 0.008332
80030 0.007397
80040 0.008048
80050 0.012387
80060 0.013537
80070 0.010210
80080 0.004661
80090 0.009795
80100 0.007745
80110 0.017959
80120 0.014957
80130 0.019979
80140 0.015242
80150 0.013559
80160 0.001939
80170 0.011061
80180 0.005807
80190 0.002910
80200 0.001319
80210 0.007191
80220 0.009118
80230 0.010544
80240 0.004295
80250 0.006772
80260 13.957235
80270 0.010277
80280 0.009312
80290 0.007886
80300 0.018153
80310 0.013930
80320 0.009212
80330 0.007141
80340 0.010642
80350 0.005808
80360 0.013011
80370 0.016004
80380 0.013426
80390 0.010616
80400 0.011105
80410 0.007744
80420 0.010228
80430 0.001871
80440 0.002152
80450 0.009269
80460 0.002480
80470 0.013934
80480 0.008872
80490 0.010069
80500 0.010000
80510 0.007410
80520 0.007102
80530 0.010861
80540 0.005752
80550 0.017458
80560 0.007648
80570 0.006466
80580 0.009784
80590 0.020592
80600 0.003814
80610 0.021831
80620 0.012217
80630 0.015235
80640 0.004897
80650 0.010272
80660 0.012379
80670 0.006569
80680 0.021979
80690 0.009368
80700 0.013057
80710 0.007137
80720 0.007865
80730 0.008898
80740 0.007240
80750 0.012213
80760 0.015596
80770 0.010459
80780 0.010417
80790 0.001748
80800 0.016919
80810 0.007346
80820 0.007492
80830 0.006479
80840 0.008654
80850 0.014821
80860 0.008777
80870 0.005778
80880 0.005415
80890 0.008607
80900 0.006307
80910 0.004624
80920 -0.002241
80930 0.006202
80940 0.011711
80950 0.006666
80960 0.021098
80970 0.023346
80980 0.011364
80990 0.005922
81000 0.004028
81010 0.012835
81020 0.006354
81030 0.015454
81040 0.016073
81050 0.003878
81060 0.014184
81070 0.007780
81080 0.012012
81090 0.003920
81100 0.010470
81110 0.005290
81120 0.002970
81130 0.011931
81140 0.007388
81150 0.000808
81160 0.011303
81170 0.019599
81180 -0.001209
81190 0.007722
81200 0.008938
81210 0.002968
81220 0.010048
81230 0.001853
81240 0.009734
81250 0.006795
81260 0.011195
81270 0.006597
81280 0.007002
81290 0.009790
81300 0.006293
81310 0.005295
81320 0.003344
81330 0.005937
81340 0.000331
81350 0.010124
81360 0.012446
81370 0.012845
81380 0.009177
81390 0.004598
81400 0.010328
81410 0.002489
81420 0.012766
81430 0.005493
81440 0.005393
81450 0.004128
81460 0.009829
81470 0.002285
81480 0.010836
81490 0.009721
81500 -0.000531
81510 0.000754
81520 0.002067
81530 0.002483
81540 0.008442
81550 0.009542
81560 0.016779
81570 0.012284
81580 0.011668
81590 0.004043
81600 0.007512
81610 0.023017
81620 0.015390
81630 0.004297
81640 0.020094
81650 0.004726
81660 0.019005
81670 0.012158
81680 0.006221
81690 0.017020
81700 0.014873
81710 0.003556
81720 0.003382
81730 0.002863
81740 0.003885
81750 0.006807
81760 0.008482
81770 0.006550
81780 0.007250
81790 0.001640
81800 -0.001141
81810 -0.000212
81820 0.002470
81830 0.002916
81840 0.003750
81850 0.007773
81860 0.003859
81870 0.005014
81880 0.008976
81890 -0.000200
81900 0.011403
81910 0.007016
81920 0.000803
81930 0.004013
81940 0.002849
81950 0.007518
81960 0.004478
81970 0.003257
81980 0.005666
81990 0.013569
82000 0.002026
82010 -0.000325
82020 0.005872
82030 0.002242
82040 0.008346
82050 0.008338
82060 0.006423
82070 0.000760
82080 0.001722
82090 0.007169
82100 0.007355
82110 0.014416
82120 0.001746
82130 0.003370
82140 -0.000424
82150 0.004414
82160 0.003726
82170 0.003774
82180 -0.000286
82190 0.004883
82200 0.005588
82210 0.006195
82220 0.004471
82230 0.003876
82240 0.014421
82250 0.003276
82260 0.000944
82270 0.011001
82280 0.004760
82290 0.006471
82300 0.008080
82310 0.016369
82320 0.006538
82330 0.005621
82340 0.019009
82350 0.006063
82360 0.013923
82370 0.014224
82380 0.016884
82390 0.006384
82400 0.001828
82410 0.007059
82420 0.006301
82430 0.009026
82440 0.001231
82450 0.000311
82460 0.005919
82470 0.004491
82480 0.010244
82490 0.007796
82500 0.004541
82510 0.006073
82520 0.006316
82530 0.000666
82540 0.000333
82550 0.002774
82560 0.004017
82570 0.013311
82580 0.010455
82590 0.002316
82600 0.001595
82610 0.005209
82620 0.014950
82630 0.008088
82640 0.005313
82650 0.003258
82660 0.004589
82670 0.011976
82680 0.002274
82690 0.008947
82700 0.006482
82710 0.017610
82720 0.007704
82730 0.008403
82740 0.038843
82750 0.006935
82760 0.005821
82770 0.002506
82780 0.001941
82790 0.017495
82800 0.002060
82810 0.005486
82820 0.005507
82830 0.001888
82840 -0.000412
82850 0.008049
82860 0.013242
82870 0.012145
82880 0.001517
82890 0.001495
82900 0.005119
82910 0.011368
82920 0.006971
82930 0.002581
82940 0.003073
82950 0.001472
82960 0.003094
82970 0.001556
82980 0.007276
82990 0.007523
83000 -0.000250
83010 0.000430
83020 0.007406
83030 0.011649
83040 0.005995
83050 0.044915
83060 0.006298
83070 0.007809
83080 0.005679
83090 0.000192
83100 0.002872
83110 0.005877
83120 0.001411
83130 0.007972
83140 0.002936
83150 0.001517
83160 -0.000125
83170 0.006015
83180 0.004423
83190 0.004632
83200 0.004385
83210 0.005974
83220 0.009580
83230 0.007689
83240 -0.003923
83250 0.005282
83260 0.008602
83270 0.008406
83280 0.007996
83290 -0.003411
83300 0.005478
83310 0.005360
83320 0.006648
83330 0.005070
83340 14.046725
83350 0.001028
83360 0.003352
83370 0.004304
83380 0.003187
83390 0.004143
83400 0.006815
83410 0.003467
83420 0.005726
83430 0.004816
83440 0.008709
83450 0.004171
83460 0.003078
83470 0.003908
83480 0.003889
83490 0.008890
83500 0.037638
83510 0.020973
83520 0.005572
83530 0.011308
83540 0.009300
83550 0.021688
83560 0.011558
83570 0.011338
83580 0.011660
83590 0.021910
83600 0.005304
83610 0.005880
83620 0.005581
83630 0.009360
83640 0.038329
83650 0.003297
83660 0.006495
83670 0.007143
83680 0.005867
83690 0.021664
83700 0.017867
83710 0.013299
83720 0.004550
83730 0.007970
83740 0.003201
83750 0.009456
83760 0.003889
83770 0.002813
83780 0.006667
83790 0.016112
83800 -0.000210
83810 0.020683
83820 0.002451
83830 0.007808
83840 0.012851
83850 0.004242
83860 0.000831
83870 0.006638
83880 0.001917
83890 0.001584
83900 14.028227
83910 0.002519
83920 0.005729
83930 0.003801
83940 0.000234
83950 0.001552
83960 -0.000685
83970 0.006371
83980 0.001722
83990 0.001314
84000 0.005541
84010 0.003702
84020 0.000433
84030 0.001810
84040 0.004216
84050 0.011130
84060 0.000188
84070 0.008593
84080 0.008677
84090 0.004977
84100 0.005307
84110 0.007408
84120 0.007994
84130 0.001116
84140 0.002554
84150 0.004844
84160 0.005083
84170 0.001114
84180 0.004993
84190 0.006897
84200 0.002603
84210 0.034185
84220 0.002364
84230 0.004021
84240 0.004615
84250 0.002361
84260 0.004853
84270 0.003661
84280 0.002138
84290 0.002653
84300 0.006785
84310 0.003208
84320 0.003676
84330 0.011211
84340 0.000843
84350 0.005818
84360 0.002861
84370 0.004118
84380 0.004727
84390 0.000482
84400 0.003729
84410 0.006581
84420 0.006187
84430 0.004402
84440 0.005188
84450 0.003205
84460 0.003629
84470 0.012222
84480 0.008425
84490 0.006586
84500 13.983157
84510 0.001683
84520 0.023044
84530 0.026120
84540 0.013981
84550 0.011343
84560 0.019872
84570 0.010171
84580 0.009023
84590 -0.004553
84600 0.002390
84610 0.004041
84620 0.016362
84630 0.024556
84640 0.007250
84650 0.030129
84660 0.007878
84670 0.004562
84680 0.010784
84690 0.000922
84700 0.022133
84710 0.016769
84720 0.001924
84730 0.003862
84740 0.005157
84750 0.005241
84760 0.004486
84770 0.020027
84780 0.000663
84790 -0.002435
84800 0.000146
84810 0.007021
84820 13.969557
84830 0.002716
84840 0.013143
84850 0.010242
84860 0.012573
84870 0.002635
84880 0.011506
84890 0.003589
84900 13.967879
84910 0.000013
84920 0.002018
84930 0.003134
84940 0.003171
84950 0.003263
84960 -0.000201
84970 0.008442
84980 0.007166
84990 0.006235
85000 0.002240
85010 0.004592
85020 0.001467
85030 0.002896
85040 0.005171
85050 0.010331
85060 0.001924
85070 0.002598
85080 0.002197
85090 0.006178
85100 0.005644
85110 0.000518
85120 0.002936
85130 -0.000169
85140 0.001846
85150 0.012431
85160 0.007124
85170 0.024999
85180 0.007657
85190 0.001437
85200 0.004761
85210 0.002441
85220 0.004039
85230 0.001251
85240 0.008342
85250 0.004154
85260 0.004208
85270 0.001500
85280 0.013769
85290 0.005391
85300 0.003486
85310 0.001906
85320 -0.001707
85330 0.001195
85340 0.014897
85350 0.004428
85360 0.000704
85370 0.006191
85380 0.002865
85390 0.013466
85400 0.011279
85410 0.004680
85420 0.005027
85430 0.003081
85440 0.002800
85450 13.960589
85460 0.003684
85470 -0.001672
85480 0.000007
85490 0.007011
85500 0.001269
85510 0.009489
85520 0.002542
85530 0.006392
85540 0.009202
85550 0.003254
85560 0.017345
85570 0.005122
85580 0.007588
85590 0.006696
85600 0.006218
85610 0.010478
85620 0.001848
85630 0.006909
85640 0.005402
85650 0.001105
85660 0.005032
85670 0.004030
85680 0.002163
85690 0.006200
85700 0.004306
85710 0.004016
85720 0.012315
85730 0.006779
85740 0.004898
85750 0.022564
85760 0.005988
85770 0.008226
85780 0.002486
85790 0.004204
85800 0.000704
85810 0.005267
85820 0.005193
85830 0.007101
85840 0.016666
85850 0.016333
85860 0.024866
85870 0.009892
85880 0.010856
85890 0.014003
85900 0.015587
85910 0.011851
85920 0.001552
85930 0.008581
85940 0.007104
85950 0.003480
85960 0.015632
85970 0.001208
85980 0.012833
85990 0.011406
86000 0.008882
86010 0.006768
86020 0.021790
86030 0.024324
86040 0.011377
86050 0.026844
86060 0.019229
86070 0.013535
86080 0.003901
86090 0.004366
86100 0.001430
86110 0.014286
86120 0.041083
86130 0.014603
86140 0.024400
86150 0.008823
86160 0.036442
86170 0.015091
86180 0.020101
86190 0.010308
86200 0.016469
86210 0.018815
86220 0.010631
86230 0.051232
86240 0.010623
86250 0.003335
86260 0.010836
86270 0.010108
86280 0.004755
86290 0.013580
86300 0.006120
86310 0.017496
86320 0.014710
86330 0.013712
86340 0.018719
86350 0.022692
86360 0.015248
86370 0.028429
86380 0.025131
86390 0.008547
86400 0.003572
86410 0.009525
86420 0.008295
86430 0.004849
86440 0.004037
86450 0.010913
86460 0.001313
86470 0.010826
86480 0.005082
86490 0.005421
86500 0.010754
86510 0.007397
86520 0.001098
86530 0.007926
86540 0.002925
86550 0.008126
86560 0.002891
86570 0.006303
86580 0.039319
86590 0.012919
86600 0.002249
86610 0.007491
86620 0.007610
86630 0.009721
86640 0.002984
86650 0.003920
86660 0.007886
86670 0.003083
86680 0.003638
86690 0.001573
86700 0.010833
86710 0.002873
86720 0.010475
86730 0.004551
86740 0.006715
86750 0.004936
86760 0.000426
86770 0.009546
86780 0.009232
86790 0.007991
86800 -0.000514
86810 0.001671
86820 0.007571
86830 0.008868
86840 0.011249
86850 0.004446
86860 0.003622
86870 0.007384
86880 0.004679
86890 0.007126
86900 0.002630
86910 0.007877
86920 0.001394
86930 0.003939
86940 0.001510
86950 0.003871
86960 0.007511
86970 0.006713
86980 -0.002278
86990 0.002222
87000 0.004053
87010 0.007150
87020 0.006815
87030 13.952499
87040 0.007671
87050 0.000841
87060 0.004379
87070 0.006621
87080 -0.003483
87090 0.004690
87100 0.001133
87110 0.008240
87120 0.005580
87130 0.007840
87140 0.001239
87150 0.007210
87160 0.002936
87170 0.010035
87180 0.001662
87190 0.004504
87200 0.003921
87210 0.006461
87220 0.002098
87230 0.002526
87240 0.002625
87250 0.009507
87260 0.009949
87270 0.003413
87280 0.001147
87290 0.023042
87300 0.025206
87310 0.016384
87320 0.039358
87330 0.021493
87340 0.005222
87350 0.018105
87360 0.014089
87370 0.019422
87380 -0.004767
87390 0.018551
87400 0.002893
87410 0.006041
87420 0.007665
87430 0.008549
87440 0.006430
87450 0.011463
87460 0.019960
87470 -0.000000
87480 0.007003
87490 0.015174
87500 0.034967
87510 0.003697
87520 0.000883
87530 0.000374
87540 0.005521
87550 0.005730
87560 0.002442
87570 0.002823
87580 0.000516
87590 0.004188
87600 0.005905
87610 0.004600
87620 0.001688
87630 0.006783
87640 0.001850
87650 0.006933
87660 0.007624
87670 0.005543
87680 0.004232
87690 0.011903
87700 0.003699
87710 0.004628
87720 0.013128
87730 0.004055
87740 0.004965
87750 0.011408
87760 0.021295
87770 0.013946
87780 0.012432
87790 0.014503
87800 0.006352
87810 0.005820
87820 0.002617
87830 0.006515
87840 0.002503
87850 0.004203
87860 0.009645
87870 0.011115
87880 0.002951
87890 0.031552
87900 13.959661
87910 0.045262
87920 0.008676
87930 0.018195
87940 0.012804
87950 0.018210
87960 0.007977
87970 0.014436
87980 0.004534
87990 0.003225
88000 0.004778
88010 0.008299
88020 0.005913
88030 0.009645
88040 0.008818
88050 0.004648
88060 0.010396
88070 0.003619
88080 0.006706
88090 0.008127
88100 0.015379
88110 0.008125
88120 0.001075
88130 0.013008
88140 0.008663
88150 0.008538
88160 0.005468
88170 0.007863
88180 0.003451
88190 0.011161
88200 0.016493
88210 0.015573
88220 0.004361
88230 0.011136
88240 0.005801
88250 -0.001809
88260 0.001858
88270 0.002559
88280 -0.000782
88290 0.010987
88300 0.003250
88310 0.008536
88320 0.008881
88330 0.014723
88340 0.002147
88350 0.003086
88360 0.009687
88370 0.006806
88380 0.001070
88390 0.009266
88400 0.009752
88410 0.013932
88420 0.013723
88430 0.012947
88440 -0.000344
88450 0.005434
88460 0.021262
88470 0.014465
88480 0.010941
88490 0.016833
88500 0.023081
88510 0.022380
88520 0.024338
88530 0.012979
88540 0.008613
88550 0.011114
88560 0.006943
88570 0.003722
88580 0.009370
88590 0.012491
88600 0.012793
88610 0.011390
88620 0.003769
88630 0.006090
88640 0.004591
88650 0.003035
88660 0.018109
88670 0.009502
88680 0.011832
88690 0.008852
88700 0.009455
88710 0.018607
88720 0.005517
88730 0.006910
88740 0.011843
88750 0.007959
88760 0.011817
88770 0.023385
88780 0.015995
88790 0.007961
88800 0.007455
88810 0.008405
88820 0.004341
88830 0.000758
88840 0.006816
88850 -0.000294
88860 0.003589
88870 0.010629
88880 0.005821
88890 0.003638
88900 -0.000486
88910 0.004902
88920 0.004221
88930 0.008957
88940 0.000523
88950 0.006134
88960 0.009256
88970 0.000082
88980 0.003794
88990 0.014387
89000 0.008034
89010 0.001186
89020 0.003085
89030 0.007830
89040 -0.001615
89050 -0.001013
89060 0.002218
89070 0.002415
89080 0.000556
89090 0.002318
89100 0.004732
89110 0.005120
89120 0.001301
89130 0.008794
89140 0.010570
89150 0.007797
89160 -0.003650
89170 0.000481
89180 0.024977
89190 0.005321
89200 0.007724
89210 -0.000383
89220 0.010555
89230 0.008609
89240 0.002574
89250 0.000882
89260 0.007371
89270 0.001436
89280 0.001380
89290 -0.002520
89300 14.010457
89310 0.010955
89320 0.005285
89330 0.002126
89340 0.008936
89350 0.002749
89360 0.000638
89370 0.004143
89380 0.002681
89390 0.001679
89400 0.005488
89410 0.002420
89420 0.007244
89430 0.008398
89440 0.000511
89450 0.001596
89460 0.003948
89470 0.000673
89480 0.003287
89490 0.001581
89500 0.007450
89510 0.004465
89520 0.001502
89530 0.029817
89540 0.010956
89550 0.004914
89560 0.003429
89570 0.005334
89580 0.006408
89590 0.004584
89600 0.007781
89610 0.003258
89620 0.010625
89630 0.011957
89640 0.010594
89650 0.001663
89660 0.006648
89670 0.006713
89680 0.004585
89690 0.002301
89700 -0.001144
89710 -0.001652
89720 0.003899
89730 0.001989
89740 0.002697
89750 0.003074
89760 0.002599
89770 0.003041
89780 0.002370
89790 0.000369
89800 0.000556
89810 0.004466
89820 0.005612
89830 0.002582
89840 0.003117
89850 0.000445
89860 0.006593
89870 0.000505
89880 0.002609
89890 0.004616
89900 0.003958
89910 0.001327
89920 0.000943
89930 -0.002424
89940 0.003186
89950 0.002365
89960 0.003129
89970 0.004402
89980 0.000069
89990 0.007569
90000 0.004273
90010 0.003385
90020 0.010690
90030 0.001814
90040 0.008435
90050 0.005551
90060 0.001824
90070 0.009922
90080 0.001755
90090 0.001933
90100 0.001993
90110 0.002762
90120 0.003006
90130 0.002672
90140 0.000662
90150 0.006501
90160 0.003578
90170 0.006966
90180 0.003281
90190 0.002889
90200 0.002239
90210 0.001111
90220 0.009767
90230 0.004541
90240 0.002075
90250 0.001388
90260 0.001937
90270 -0.002192
90280 0.002229
90290 0.010368
90300 0.006913
90310 0.003663
90320 0.003104
90330 0.003752
90340 0.002752
90350 0.006727
90360 0.005786
90370 0.016825
90380 0.005325
90390 0.005170
90400 0.006504
90410 0.002997
90420 0.001066
90430 0.013877
90440 0.000106
90450 0.003388
90460 0.000213
90470 0.004313
90480 0.001169
90490 0.008123
90500 -0.000211
90510 0.001658
90520 0.006432
90530 13.959752
90540 0.010153
90550 0.020209
90560 0.005549
90570 0.010110
90580 0.002725
90590 0.004747
90600 0.008066
90610 0.012009
90620 0.011812
90630 -0.001865
90640 0.005614
90650 0.002341
90660 0.001773
90670 -0.000328
90680 0.003205
90690 0.003735
90700 0.006015
90710 0.000714
90720 0.006678
90730 0.006592
90740 0.002813
90750 0.003199
90760 0.005942
90770 0.002773
90780 0.003204
90790 0.006250
90800 0.004582
90810 0.003303
90820 0.004254
90830 0.001977
90840 0.001394
90850 0.003225
90860 0.004967
90870 0.004589
90880 0.006986
90890 0.004085
90900 -0.000835
90910 0.009707
90920 -0.001503
90930 0.004885
90940 0.001040
90950 0.003266
90960 0.004095
90970 0.005354
90980 0.004967
90990 0.007033
91000 0.002949
91010 0.005949
91020 0.020318
91030 0.003724
91040 0.005293
91050 0.005918
91060 0.005163
91070 0.004873
91080 0.000627
91090 0.007965
91100 0.007588
91110 0.001424
91120 -0.000427
91130 0.010851
91140 0.003919
91150 0.005837
91160 0.004377
91170 0.008353
91180 0.009354
91190 0.001936
91200 0.025301
91210 0.021702
91220 0.019024
91230 0.006355
91240 0.022897
91250 0.019419
91260 0.012944
91270 0.034369
91280 0.037792
91290 0.034373
91300 0.020411
91310 0.006351
91320 0.028154
91330 0.016342
91340 0.031128
91350 0.017613
91360 0.005676
91370 0.021978
91380 13.931278
91390 0.049568
91400 0.044120
91410 0.049582
91420 0.057832
91430 0.027035
91440 0.021132
91450 0.014005
91460 0.036502
91470 0.012585
91480 0.030604
91490 0.014892
91500 0.050819
91510 0.019819
91520 0.057427
91530 0.013098
91540 0.005969
91550 0.010198
91560 0.017635
91570 0.047925
91580 0.032605
91590 0.010514
91600 0.019214
91610 0.010517
91620 0.002024
91630 0.022222
91640 0.012693
91650 0.000908
91660 0.025027
91670 0.013640
91680 0.011533
91690 0.012779
91700 0.010981
91710 0.014953
91720 -0.000709
91730 0.012159
91740 0.009810
91750 0.002135
91760 0.011858
91770 0.002463
91780 0.011808
91790 0.016459
91800 0.005984
91810 0.013938
91820 0.014360
91830 0.009168
91840 0.007901
91850 0.014090
91860 0.004789
91870 0.002906
91880 0.014890
91890 0.011584
91900 0.003495
91910 0.016040
91920 0.009315
91930 0.009555
91940 0.010739
91950 0.014092
91960 0.005009
91970 0.041354
91980 0.015977
91990 0.014752
92000 0.006130
92010 0.014461
92020 0.013617
92030 0.004256
92040 0.011492
92050 0.009615
92060 0.011214
92070 0.012741
92080 0.010156
92090 0.014073
92100 0.003687
92110 0.001328
92120 0.012753
92130 0.004844
92140 0.011445
92150 0.007635
92160 0.004567
92170 0.019091
92180 0.007986
92190 0.005640
92200 0.006383
92210 0.004365
92220 0.011402
92230 0.008399
92240 0.020151
92250 0.008495
92260 0.005566
92270 0.000818
92280 0.000225
92290 0.002331
92300 0.004679
92310 0.002952
92320 0.016889
92330 0.003199
92340 0.009709
92350 0.018281
92360 0.005438
92370 -0.000127
92380 0.011851
92390 0.007808
92400 0.004412
92410 0.006708
92420 0.004204
92430 0.009229
92440 0.012864
92450 0.015373
92460 0.011473
92470 0.008769
92480 0.007562
92490 0.030732
92500 0.008579
92510 0.005756
92520 0.008577
92530 0.010136
92540 0.012380
92550 0.004244
92560 0.007994
92570 0.007121
92580 0.014357
92590 0.006266
92600 0.011638
92610 0.011366
92620 0.005123
92630 0.003943
92640 -0.000662
92650 0.012285
92660 13.962939
92670 0.012285
92680 0.010512
92690 0.013872
92700 0.012897
92710 0.001776
92720 0.006412
92730 0.010536
92740 0.007231
92750 0.004740
92760 0.001577
92770 0.008241
92780 -0.001328
92790 0.016739
92800 0.006988
92810 0.011898
92820 0.010948
92830 0.012303
92840 -0.000205
92850 0.002612
92860 0.005668
92870 0.010979
92880 0.006240
92890 0.017331
92900 0.007402
92910 0.004021
92920 0.017912
92930 0.014766
92940 0.017917
92950 0.024272
92960 0.019726
92970 0.006511
92980 0.012696
92990 0.012126
93000 0.007009
93010 0.028083
93020 0.017261
93030 13.935908
93040 0.002006
93050 0.010260
93060 0.021556
93070 0.023150
93080 0.009902
93090 0.008778
93100 0.017358
93110 0.011823
93120 0.012828
93130 0.024133
93140 0.016587
93150 0.027758
93160 0.008015
93170 0.007631
93180 -0.000133
93190 0.005855
93200 0.012237
93210 0.013860
93220 0.014635
93230 0.020056
93240 0.016528
93250 0.029868
93260 0.056019
93270 0.032773
93280 0.033168
93290 0.020003
93300 0.041614
93310 0.010373
93320 0.043678
93330 0.012900
93340 0.008923
93350 0.023730
93360 0.026093
93370 0.028187
93380 0.036130
93390 0.018346
93400 0.007884
93410 0.015107
93420 0.020182
93430 0.010726
93440 0.017105
93450 0.029871
93460 0.025788
93470 0.030809
93480 0.013360
93490 0.005309
93500 0.010217
93510 0.002547
93520 0.018387
93530 0.018111
93540 0.011039
93550 0.022433
93560 13.965178
93570 0.008219
93580 0.015954
93590 0.010393
93600 0.023906
93610 0.013324
93620 0.008703
93630 0.003757
93640 0.007493
93650 0.006237
93660 0.005409
93670 0.004632
93680 0.010264
93690 0.011751
93700 0.008290
93710 0.001945
93720 0.008876
93730 0.002983
93740 0.011068
93750 0.002943
93760 0.007948
93770 0.002058
93780 0.005644
93790 0.004029
93800 0.007277
93810 0.002034
93820 0.002300
93830 0.002758
93840 -0.001128
93850 0.011503
93860 0.013602
93870 0.005383
93880 0.005530
93890 0.004270
93900 0.002380
93910 0.007769
93920 0.002261
93930 0.001180
93940 0.002663
93950 0.003650
93960 -0.000383
93970 0.004540
93980 0.017113
93990 -0.000447
94000 0.004808
94010 0.005669
94020 0.003448
94030 0.006225
94040 0.001509
94050 0.011337
94060 -0.002520
94070 0.000990
94080 0.000991
94090 0.002936
94100 0.007866
94110 0.003338
94120 0.000956
94130 0.004318
94140 0.002265
94150 0.006376
94160 0.002999
94170 0.006153
94180 0.017028
94190 -0.000538
94200 0.008222
94210 0.004979
94220 0.002462
94230 0.006736
94240 0.006253
94250 0.000769
94260 0.006246
94270 0.000534
94280 0.008303
94290 0.012148
94300 0.000511
94310 0.004705
94320 -0.001151
94330 0.009131
94340 0.002873
94350 -0.002365
94360 0.000208
94370 0.005555
94380 0.003706
94390 0.018500
94400 0.003968
94410 0.004998
94420 0.006678
94430 0.002689
94440 0.003191
94450 0.002616
94460 0.007684
94470 0.002250
94480 0.007532
94490 0.001245
94500 0.003992
94510 0.003454
94520 0.008772
94530 0.006689
94540 0.012125
94550 0.007093
94560 0.004271
94570 0.003648
94580 0.006190
94590 0.002247
94600 0.007321
94610 0.008852
94620 0.003440
94630 0.005354
94640 0.007159
94650 -0.000978
94660 0.008995
94670 0.020653
94680 0.004427
94690 0.009829
94700 0.005152
94710 0.002218
94720 0.010048
94730 0.010923
94740 0.008778
94750 0.024219
94760 0.003356
94770 0.007223
94780 0.010741
94790 0.011512
94800 0.006506
94810 0.016606
94820 0.004935
94830 0.004396
94840 0.004287
94850 0.004284
94860 0.001399
94870 0.001774
94880 0.001786
94890 0.005393
94900 0.014186
94910 0.006052
94920 -0.000067
94930 0.005936
94940 0.009376
94950 -0.000406
94960 0.001584
94970 0.000509
94980 0.001512
94990 0.003227
95000 0.003167
95010 -0.003869
95020 0.003190
95030 0.001213
95040 0.004040
95050 0.003877
95060 0.004133
95070 -0.000588
95080 0.008379
95090 0.002202
95100 0.024529
95110 0.013704
95120 0.004829
95130 0.007051
95140 0.002391
95150 0.008418
95160 0.017186
95170 0.007912
95180 0.009594
95190 0.002734
95200 0.006099
95210 0.002541
95220 0.003768
95230 -0.000433
95240 0.007121
95250 0.002477
95260 0.005083
95270 0.002303
95280 0.002750
95290 0.006735
95300 -0.001399
95310 0.005720
95320 0.008770
95330 0.001600
95340 0.004883
95350 0.004532
95360 0.012279
95370 0.002532
95380 0.001275
95390 0.000459
95400 0.003291
95410 0.000601
95420 0.003991
95430 0.001161
95440 0.000312
95450 0.005801
95460 0.001636
95470 -0.002193
95480 0.012338
95490 0.008851
95500 0.005762
95510 0.003777
95520 13.993080
95530 0.001301
95540 0.005064
95550 0.003923
95560 0.002912
95570 0.005949
95580 0.004382
95590 0.009235
95600 0.002656
95610 0.002190
95620 0.002166
95630 0.005069
95640 0.000060
95650 0.006041
95660 0.006983
95670 0.006862
95680 0.014175
95690 0.011707
95700 0.011658
95710 0.007808
95720 0.003892
95730 0.006092
95740 0.000750
95750 0.007007
95760 0.002223
95770 0.001303
95780 0.008820
95790 0.002995
95800 0.005733
95810 0.007266
95820 0.007857
95830 0.005174
95840 0.000729
95850 0.006675
95860 0.006916
95870 0.001174
95880 0.001788
95890 0.006109
95900 0.002726
95910 0.007960
95920 0.003111
95930 0.007517
95940 0.009898
95950 0.003287
95960 0.004313
95970 0.000565
95980 0.004975
95990 0.003255
96000 -0.000467
96010 0.006889
96020 0.005488
96030 0.005874
96040 0.003539
96050 0.001248
96060 0.009182
96070 -0.001009
96080 0.007096
96090 0.005059
96100 0.011178
96110 0.002855
96120 0.002808
96130 -0.001499
96140 -0.000966
96150 0.002953
96160 0.001765
96170 0.000356
96180 0.004472
96190 0.006024
96200 0.001355
96210 0.003609
96220 0.001760
96230 0.008256
96240 0.004192
96250 -0.001392
96260 0.004745
96270 0.004913
96280 0.005815
96290 -0.000983
96300 0.004922
96310 0.002442
96320 0.001950
96330 0.005393
96340 0.004945
96350 0.002024
96360 0.006124
96370 0.000705
96380 0.005538
96390 0.006358
96400 -0.000355
96410 0.001128
96420 0.005454
96430 0.001129
96440 0.005821
96450 0.007283
96460 0.005374
96470 0.007493
96480 -0.001163
96490 0.000732
96500 0.000789
96510 -0.000075
96520 0.007835
96530 13.975853
96540 0.001316
96550 0.004227
96560 0.001788
96570 0.004191
96580 -0.001583
96590 0.007514
96600 0.002580
96610 0.007869
96620 0.010541
96630 0.003902
96640 0.007408
96650 0.002455
96660 0.003259
96670 0.006802
96680 0.003247
96690 0.003196
96700 0.003446
96710 0.003288
96720 -0.001784
96730 0.002281
96740 0.004811
96750 0.005804
96760 0.004243
96770 0.001420
96780 -0.001507
96790 -0.000392
96800 0.004107
96810 0.001132
96820 0.008601
96830 0.004162
96840 0.003836
96850 0.003426
96860 0.006886
96870 0.005554
96880 0.006995
96890 0.004286
96900 0.000739
96910 0.006057
96920 0.005227
96930 0.005987
96940 0.006852
96950 13.955997
96960 0.004848
96970 0.002021
96980 0.001070
96990 13.911877
97000 0.003445
97010 0.003235
97020 0.006877
97030 0.001578
97040 0.000735
97050 0.000204
97060 0.001204
97070 0.009679
97080 0.006548
97090 -0.000220
97100 0.000343
97110 0.002905
97120 0.003290
97130 -0.000173
97140 0.003129
97150 0.005639
97160 0.003105
97170 0.002058
97180 0.002467
97190 0.004083
97200 -0.000565
97210 0.003097
97220 0.000722
97230 0.005121
97240 0.001258
97250 0.003009
97260 0.009043
97270 0.001982
97280 0.006159
97290 0.003381
97300 0.008089
97310 0.000165
97320 0.005617
97330 0.011091
97340 0.009853
97350 0.005208
97360 0.005832
97370 0.002867
97380 0.005599
97390 0.005044
97400 -0.001906
97410 0.004904
97420 0.005685
97430 0.006923
97440 0.003155
97450 0.000681
97460 0.002422
97470 0.002750
97480 0.009931
97490 0.006233
97500 0.007527
97510 0.001983
97520 0.001464
97530 0.003337
97540 0.002260
97550 0.002339
97560 0.007142
97570 0.003774
97580 0.005639
97590 0.000928
97600 0.003570
97610 13.952431
97620 0.009853
97630 0.002267
97640 0.008852
97650 0.004236
97660 0.005017
97670 0.017792
97680 -0.000043
97690 0.003536
97700 -0.000946
97710 0.006487
97720 0.011231
97730 0.012395
97740 0.010507
97750 0.007155
97760 0.002733
97770 0.004901
97780 0.002619
97790 0.006175
97800 0.003943
97810 0.003291
97820 0.008873
97830 0.013121
97840 0.003757
97850 0.002196
97860 0.003167
97870 0.003189
97880 0.001552
97890 -0.000291
97900 0.002024
97910 0.017709
97920 0.002497
97930 0.001723
97940 0.008221
97950 0.000997
97960 0.003743
97970 0.006830
97980 0.012360
97990 0.002304
98000 0.000928
98010 0.001433
98020 0.001862
98030 0.002774
98040 0.000176
98050 0.002697
98060 -0.001531
98070 0.010737
98080 0.002751
98090 0.005714
98100 0.002481
98110 0.004583
98120 0.002655
98130 0.009527
98140 0.012318
98150 0.011158
98160 0.004183
98170 0.010452
98180 -0.002885
98190 0.015365
98200 0.022393
98210 0.009796
98220 0.010554
98230 0.013153
98240 0.008887
98250 0.007640
98260 0.019731
98270 0.011741
98280 0.004795
98290 0.003499
98300 0.010811
98310 0.012575
98320 0.018826
98330 0.003592
98340 0.006642
98350 0.008026
98360 0.003025
98370 0.012338
98380 0.019521
98390 0.008879
98400 0.002822
98410 0.002045
98420 0.005013
98430 0.002822
98440 0.008126
98450 0.002688
98460 -0.000186
98470 0.010041
98480 0.006695
98490 0.003557
98500 0.003651
98510 0.008607
98520 0.003697
98530 0.001133
98540 0.002461
98550 0.000548
98560 0.001390
98570 0.004521
98580 0.010350
98590 0.000767
98600 0.000284
98610 0.001126
98620 0.003832
98630 0.005443
98640 0.005813
98650 0.001447
98660 0.005305
98670 -0.001672
98680 0.003763
98690 -0.000242
98700 0.005659
98710 0.000646
98720 0.000322
98730 0.000333
98740 0.006850
98750 0.000105
98760 0.000574
98770 0.002820
98780 0.003369
98790 0.002954
98800 0.003888
98810 0.002626
98820 0.004098
98830 0.006593
98840 0.001857
98850 0.011960
98860 0.005154
98870 0.007984
98880 0.005817
98890 0.007979
98900 0.011786
98910 0.006469
98920 0.011490
98930 0.014449
98940 0.005731
98950 0.003151
98960 0.011059
98970 0.010886
98980 0.005393
98990 0.009352
99000 -0.000647
99010 0.004363
99020 0.007676
99030 0.001279
99040 0.002794
99050 0.007207
99060 0.006699
99070 0.008496
99080 0.006213
99090 0.011278
99100 0.002970
99110 0.013764
99120 0.016809
99130 0.008418
99140 0.006957
99150 0.012145
99160 0.003801
99170 0.020551
99180 0.007358
99190 0.008613
99200 0.004517
99210 0.002374
99220 0.009011
99230 0.005359
99240 0.003268
99250 0.002817
99260 -0.001416
99270 0.001296
99280 0.003467
99290 0.005570
99300 0.005063
99310 0.003960
99320 13.946338
99330 0.001575
99340 0.005401
99350 0.003376
99360 0.002032
99370 -0.000843
99380 0.001894
99390 0.007265
99400 0.005790
99410 0.009904
99420 0.002385
99430 0.000467
99440 0.002530
99450 0.009380
99460 0.000625
99470 0.005966
99480 0.003526
99490 0.004903
99500 0.002726
99510 0.004079
99520 -0.002464
99530 0.008404
99540 0.005207
99550 0.005916
99560 0.005085
99570 0.000647
99580 0.003621
99590 0.003550
99600 0.002476
99610 0.002233
99620 0.003235
99630 0.005678
99640 0.004259
99650 0.000999
99660 0.003456
99670 0.006026
99680 0.000813
99690 -0.001303
99700 0.006246
99710 0.009408
99720 0.004721
99730 0.007595
99740 0.013340
99750 0.002398
99760 0.002396
99770 0.000207
99780 0.006254
99790 0.001569
99800 0.006693
99810 0.007691
99820 0.002220
99830 0.003945
99840 0.003397
99850 0.001163
99860 0.004620
99870 0.005068
99880 0.000883
99890 0.006850
99900 0.002475
99910 0.004994
99920 0.005696
99930 0.004772
99940 0.003144
99950 0.002580
99960 13.923249
99970 0.007840
99980 0.004854
99990 0.005988
100000 0.000737
100010 0.004698
100020 0.005198
100030 -0.001351
100040 0.005790
100050 0.000571
100060 0.005589
100070 0.010258
100080 0.003988
100090 0.008855
100100 0.001419
100110 0.005870
100120 0.003314
100130 0.004940
100140 -0.002215
100150 0.004290
100160 0.003579
100170 0.004455
100180 0.002188
100190 0.000313
100200 0.007769
100210 0.006595
100220 0.004234
100230 0.016440
100240 0.004078
100250 0.002429
100260 0.003270
100270 0.008806
100280 0.005292
100290 0.002449
100300 0.007025
100310 0.002342
100320 0.002958
100330 0.001665
100340 0.007865
100350 0.003011
100360 0.005366
100370 -0.001437
100380 0.002174
100390 -0.000670
100400 0.001115
100410 0.001065
100420 -0.003362
100430 0.003490
100440 0.002624
100450 0.003839
100460 0.001740
100470 0.005258
100480 -0.002422
100490 0.000787
100500 0.002650
100510 0.005079
100520 0.007094
100530 0.003271
100540 -0.001461
100550 0.001846
100560 0.004517
100570 0.003285
100580 0.003892
100590 -0.000080
100600 0.005296
100610 0.001516
100620 0.000158
100630 0.003488
100640 0.004010
100650 0.003944
100660 0.004087
100670 0.002424
100680 0.002665
100690 0.006211
100700 0.009316
100710 0.004695
100720 0.004815
100730 0.014891
100740 0.000869
100750 0.011183
100760 0.001317
100770 0.008056
100780 0.001438
100790 0.004809
100800 0.000852
100810 0.004051
100820 -0.003888
100830 0.004825
100840 0.005354
100850 0.002881
100860 0.003268
100870 0.002815
100880 0.005067
100890 0.005975
100900 0.002719
100910 0.003783
100920 0.001249
100930 0.004482
100940 0.013846
100950 0.003490
100960 0.004248
100970 0.002014
100980 0.009301
100990 0.004955
101000 0.003149
101010 0.002409
101020 0.002047
101030 0.004740
101040 0.001743
101050 0.004861
101060 0.002865
101070 0.001402
101080 0.001657
101090 0.003547
101100 0.004622
101110 0.002766
101120 0.011295
101130 0.008741
101140 0.006917
101150 0.005135
101160 0.007053
101170 0.008248
101180 -0.002531
101190 0.011575
101200 0.005327
101210 0.003795
101220 0.002919
101230 0.006135
101240 -0.000922
101250 0.006679
101260 0.001808
101270 0.010352
101280 0.006056
101290 0.001698
101300 0.003858
101310 0.005896
101320 0.002479
101330 0.005652
101340 0.006234
101350 0.002001
101360 0.002378
101370 0.007082
101380 0.000466
101390 0.009385
101400 0.005686
101410 0.000035
101420 0.007615
101430 0.004582
101440 0.005204
101450 0.005906
101460 -0.001460
101470 0.001949
101480 0.004032
101490 0.005814
101500 -0.000548
101510 0.002347
101520 -0.001455
101530 0.004971
101540 0.000407
101550 -0.002228
101560 0.002769
101570 0.001458
101580 0.002572
101590 0.005457
101600 0.004566
101610 0.002876
101620 0.000770
101630 0.009037
101640 -0.000005
101650 0.013253
101660 0.010585
101670 -0.002364
101680 0.013556
101690 0.011183
101700 0.024418
101710 0.024144
101720 0.004457
101730 0.021218
101740 0.043269
101750 0.053837
101760 0.013945
101770 0.024700
101780 0.028395
101790 0.040760
101800 0.025728
101810 0.031033
101820 0.035842
101830 0.005788
101840 0.015863
101850 0.014850
101860 0.010047
101870 0.032581
101880 0.012539
101890 0.006963
101900 0.008127
101910 0.005135
101920 0.009695
101930 0.017331
101940 0.008041
101950 0.006430
101960 0.009689
101970 0.004494
101980 0.007321
101990 0.010684
102000 0.007474
102010 0.006041
102020 0.007620
102030 0.015942
102040 0.011898
102050 13.955884
102060 0.002926
102070 0.005940
102080 0.004947
102090 0.005596
102100 0.007587
102110 0.005615
102120 0.002680
102130 0.002301
102140 -0.000097
102150 0.002226
102160 0.005333
102170 0.008652
102180 0.011323
102190 0.004335
102200 0.006630
102210 0.007450
102220 0.005368
102230 0.010645
102240 0.011198
102250 -0.000734
102260 0.009972
102270 -0.000031
102280 0.006975
102290 0.002240
102300 0.003222
102310 0.008304
102320 0.012966
102330 0.016251
102340 0.006036
102350 0.004497
102360 0.012945
102370 0.012765
102380 13.919201
102390 0.003555
102400 0.006434
102410 0.005079
102420 0.011183
102430 0.003377
102440 -0.002482
102450 0.007874
102460 0.007267
102470 0.001006
102480 0.004253
102490 0.005590
102500 0.004984
102510 0.005492
102520 -0.001214
102530 0.004162
102540 0.008388
102550 0.005935
102560 0.001764
102570 0.011356
102580 0.018546
102590 0.010377
102600 0.007040
102610 0.006361
102620 0.010346
102630 0.010413
102640 0.002843
102650 0.014458
102660 0.006017
102670 -0.001403
102680 0.001887
102690 0.007873
102700 0.008513
102710 13.958882
102720 0.010041
102730 0.006428
102740 0.009830
102750 0.009932
102760 0.004209
102770 0.008940
102780 0.007877
102790 0.012015
102800 0.001791
102810 -0.001223
102820 0.000659
102830 0.009764
102840 0.002942
102850 0.006307
102860 0.000339
102870 0.004637
102880 0.003355
102890 0.012292
102900 0.005260
102910 0.004557
102920 0.001946
102930 0.002926
102940 0.001812
102950 0.004569
102960 0.004525
102970 0.005973
102980 0.007645
102990 0.004048
103000 0.015067
103010 0.004848
103020 0.006535
103030 0.016725
103040 0.008586
103050 0.004721
103060 0.008186
103070 0.003252
103080 0.009078
103090 0.007509
103100 0.002786
103110 0.002679
103120 0.006131
103130 0.007841
103140 0.002981
103150 0.006302
103160 0.006339
103170 0.011181
103180 0.014555
103190 0.001674
103200 0.020575
103210 0.012368
103220 0.008527
103230 0.006684
103240 0.007074
103250 0.011914
103260 0.005043
103270 0.004068
103280 0.022782
103290 0.010125
103300 0.004580
103310 0.008824
103320 0.000077
103330 0.015456
103340 -0.000187
103350 0.025225
103360 0.029664
103370 13.947537
103380 0.007545
103390 0.024182
103400 0.004776
103410 0.004291
103420 0.007022
103430 0.010168
103440 0.013423
103450 0.005253
103460 0.000797
103470 0.004455
103480 0.007988
103490 0.016629
103500 0.007843
103510 0.020223
103520 0.008935
103530 0.031694
103540 0.004947
103550 0.011851
103560 0.002542
103570 0.009947
103580 0.006575
103590 0.004155
103600 0.012322
103610 0.005407
103620 0.006144
103630 0.007830
103640 0.006974
103650 0.017839
103660 0.010934
103670 0.015367
103680 0.010468
103690 0.000816
103700 0.013518
103710 0.001808
103720 0.012770
103730 0.004059
103740 0.006528
103750 0.000682
103760 0.013646
103770 0.004416
103780 0.005508
103790 0.004262
103800 0.010048
103810 0.001756
103820 0.012309
103830 0.010442
103840 0.006910
103850 0.015696
103860 0.003314
103870 0.009522
103880 0.002951
103890 0.014054
103900 0.027063
103910 0.010195
103920 0.005495
103930 0.009824
103940 0.004004
103950 0.008559
103960 0.027506
103970 0.014235
103980 0.006583
103990 0.003776
104000 0.018511
104010 0.008720
104020 0.005597
104030 0.002155
104040 0.007316
104050 0.000401
104060 0.007636
104070 0.013500
104080 0.005481
104090 0.016356
104100 0.005922
104110 0.003167
104120 0.001302
104130 0.006154
104140 0.013362
104150 0.012890
104160 0.003153
104170 0.007757
104180 0.004827
104190 0.018724
104200 0.008303
104210 0.002753
104220 0.003399
104230 0.004502
104240 0.004935
104250 0.007194
104260 0.008019
104270 0.002614
104280 0.010397
104290 0.009267
104300 0.002581
104310 0.008562
104320 0.007242
104330 0.004792
104340 0.001669
104350 0.010353
104360 0.008194
104370 0.007353
104380 0.003973
104390 0.008205
104400 0.003114
104410 0.005580
104420 0.005472
104430 0.009977
104440 -0.001514
104450 0.005741
104460 0.006174
104470 0.007440
104480 0.005921
104490 0.004634
104500 0.007090
104510 0.004368
104520 -0.002338
104530 0.003777
104540 0.001683
104550 0.004371
104560 0.003887
104570 0.000834
104580 0.006265
104590 0.005931
104600 0.001376
104610 0.005748
104620 0.006491
104630 0.001418
104640 0.004794
104650 0.007490
104660 0.023280
104670 0.013145
104680 0.007182
104690 0.009369
104700 0.002957
104710 0.012107
104720 0.025099
104730 0.009437
104740 0.021006
104750 0.003825
104760 0.004051
104770 0.007529
104780 0.004971
104790 0.006215
104800 0.004417
104810 0.006588
104820 0.006150
104830 0.005655
104840 0.008732
104850 0.006288
104860 0.005061
104870 0.002669
104880 0.007209
104890 0.005978
104900 0.006450
104910 0.006782
104920 0.001989
104930 0.004099
104940 0.006245
104950 0.005764
104960 -0.000123
104970 0.003707
104980 0.001434
104990 0.020032
105000 0.007597
105010 0.002601
105020 0.003374
105030 0.003226
105040 0.006745
105050 0.003254
105060 0.003909
105070 0.000522
105080 0.000271
105090 0.011280
105100 0.004930
105110 0.002896
105120 0.002415
105130 0.005516
105140 0.007752
105150 0.003084
105160 0.008829
105170 0.002028
105180 0.003567
105190 0.010316
105200 0.005709
105210 0.012208
105220 0.017699
105230 0.019325
105240 0.002344
105250 0.004575
105260 0.005319
105270 0.019251
105280 0.007317
105290 0.007421
105300 0.015736
105310 0.031168
105320 0.004042
105330 0.007795
105340 0.011797
105350 0.017454
105360 0.036782
105370 0.014998
105380 0.015300
105390 0.004777
105400 0.006880
105410 0.012997
105420 0.013995
105430 0.011002
105440 0.017681
105450 0.012036
105460 0.007899
105470 0.003665
105480 0.012260
105490 0.028691
105500 0.011163
105510 0.011643
105520 0.017056
105530 0.005786
105540 0.003510
105550 0.006479
105560 0.008460
105570 0.001362
105580 0.005978
105590 0.005062
105600 0.000712
105610 0.010860
105620 0.013892
105630 0.006754
105640 -0.000553
105650 0.003268
105660 0.008162
105670 0.011260
105680 0.001677
105690 0.006192
105700 0.005639
105710 0.012982
105720 0.006613
105730 0.002758
105740 0.004359
105750 0.001662
105760 0.004962
105770 0.008066
105780 0.008980
105790 0.005477
105800 0.003311
105810 0.004293
105820 0.002095
105830 0.000053
105840 0.000122
105850 0.008027
105860 0.002327
105870 0.012319
105880 0.008058
105890 13.948620
105900 0.006218
105910 0.002989
105920 0.006766
105930 0.001540
105940 0.000139
105950 0.009853
105960 0.000024
105970 0.007131
105980 0.006128
105990 0.007357
106000 0.000816
106010 -0.000799
106020 0.010008
106030 0.005171
106040 0.003326
106050 0.007813
106060 0.005580
106070 13.945182
106080 0.017381
106090 0.010065
106100 0.000694
106110 0.004851
106120 0.003203
106130 0.004953
106140 0.005187
106150 0.005247
106160 0.002374
106170 0.001280
106180 0.004489
106190 0.010407
106200 0.000872
106210 0.005927
106220 0.000726
106230 0.002280
106240 0.003989
106250 -0.001191
106260 0.003674
106270 0.002052
106280 0.006930
106290 0.001895
106300 0.006944
106310 0.007126
106320 0.004332
106330 0.009123
106340 0.007428
106350 0.011383
106360 0.024226
106370 0.011086
106380 0.002148
106390 0.012952
106400 0.020730
106410 0.000132
106420 0.003445
106430 0.001505
106440 0.004254
106450 0.003929
106460 0.005210
106470 0.006663
106480 0.007201
106490 0.005916
106500 0.002404
106510 0.005303
106520 0.006384
106530 0.005177
106540 0.001120
106550 0.003207
106560 0.002111
106570 0.005907
106580 0.001540
106590 0.007003
106600 0.001343
106610 0.008421
106620 0.011248
106630 0.006912
106640 0.002614
106650 0.004029
106660 0.004927
106670 0.004102
106680 0.001592
106690 0.003934
106700 0.005564
106710 0.005193
106720 0.008947
106730 0.000782
106740 0.009531
106750 0.004829
106760 0.000873
106770 0.007750
106780 0.005651
106790 0.004309
106800 0.011051
106810 0.002995
106820 0.001673
106830 0.000509
106840 0.003081
106850 0.003705
106860 0.008508
106870 -0.000465
106880 0.000041
106890 0.004329
106900 0.006507
106910 0.002952
106920 0.007251
106930 0.004124
106940 0.004258
106950 0.005072
106960 0.006698
106970 0.007600
106980 0.005956
106990 0.003917
107000 0.000928
107010 0.003083
107020 -0.001474
107030 0.004748
107040 0.003568
107050 0.001466
107060 0.003077
107070 -0.000653
107080 0.006340
107090 0.002598
107100 -0.000364
107110 0.006498
107120 0.008123
107130 0.005552
107140 0.010992
107150 0.002244
107160 0.004576
107170 0.005494
107180 0.002559
107190 0.007289
107200 0.004784
107210 0.004045
107220 0.007432
107230 0.011367
107240 0.001637
107250 -0.000017
107260 0.000503
107270 0.007787
107280 0.004425
107290 0.004248
107300 0.007381
107310 0.005080
107320 0.002179
107330 0.008688
107340 0.002990
107350 0.004722
107360 0.001169
107370 0.003661
107380 0.001727
107390 0.005495
107400 0.009332
107410 0.006806
107420 0.005022
107430 0.003312
107440 0.007458
107450 0.006540
107460 0.012839
107470 0.007571
107480 0.001399
107490 0.004064
107500 0.004442
107510 0.000029
107520 0.006197
107530 0.009496
107540 0.002769
107550 0.005393
107560 -0.001139
107570 0.001963
107580 0.005008
107590 0.006263
107600 0.004621
107610 0.008083
107620 0.006524
107630 0.006314
107640 0.010358
107650 0.003153
107660 0.006011
107670 0.015960
107680 0.009108
107690 0.004121
107700 0.004426
107710 0.005390
107720 0.004617
107730 0.008768
107740 -0.000537
107750 0.004636
107760 0.006671
107770 0.005106
107780 0.003700
107790 0.007592
107800 -0.000579
107810 0.001474
107820 0.001249
107830 0.005084
107840 0.022377
107850 0.016309
107860 0.019735
107870 0.006448
107880 0.005093
107890 0.007649
107900 0.002479
107910 0.001516
107920 -0.000447
107930 0.007303
107940 0.002580
107950 0.006694
107960 0.006634
107970 0.005557
107980 0.003635
107990 -0.001581
108000 0.002111
108010 0.004547
108020 0.005498
108030 0.003199
108040 0.006777
108050 0.004137
108060 0.004113
108070 0.010465
108080 -0.000539
108090 0.014739
108100 0.010274
108110 0.003890
108120 0.012079
108130 0.001905
108140 0.010548
108150 0.001140
108160 0.001422
108170 -0.002310
108180 0.008377
108190 0.000874
108200 0.010610
108210 13.954385
108220 0.007711
108230 0.014346
108240 0.003990
108250 0.001727
108260 0.004073
108270 0.002992
108280 13.946158
108290 0.009972
108300 0.006359
108310 0.010477
108320 0.011211
108330 0.002449
108340 0.006910
108350 0.004060
108360 0.001862
108370 0.009617
108380 0.015690
108390 0.004065
108400 0.006801
108410 0.008951
108420 0.008830
108430 0.005682
108440 0.010172
108450 -0.001148
108460 0.007866
108470 0.007295
108480 0.005203
108490 0.001668
108500 0.002820
108510 0.006952
108520 0.004294
108530 0.003235
108540 0.004243
108550 0.000027
108560 0.004463
108570 0.008411
108580 0.008237
108590 0.004162
108600 0.005234
108610 0.011142
108620 0.010331
108630 0.000530
108640 0.003303
108650 0.002596
108660 0.005359
108670 0.002706
108680 0.005362
108690 0.006465
108700 0.006184
108710 0.003886
108720 0.011143
108730 0.009143
108740 0.001245
108750 0.001962
108760 0.007109
108770 0.000510
108780 0.002091
108790 0.003031
108800 0.013264
108810 0.009081
108820 0.006114
108830 0.010684
108840 0.003200
108850 0.003402
108860 0.004314
108870 0.008565
108880 0.008848
108890 0.003148
108900 0.006019
108910 0.004847
108920 0.001509
108930 0.002071
108940 -0.001656
108950 0.002082
108960 0.005898
108970 0.008078
108980 0.018606
108990 0.001903
109000 0.005087
109010 13.952837
109020 0.004107
109030 0.002531
109040 0.004897
109050 -0.000699
109060 0.004235
109070 0.002955
109080 0.000797
109090 0.003921
109100 0.001386
109110 0.001166
109120 0.005931
109130 0.006433
109140 0.005827
109150 0.007646
109160 0.005444
109170 0.005793
109180 0.004742
109190 0.005701
109200 0.002466
109210 0.009234
109220 0.001509
109230 0.009415
109240 0.012692
109250 0.027004
109260 0.005034
109270 0.009181
109280 0.009213
109290 0.005983
109300 0.002135
109310 0.004268
109320 0.012181
109330 0.004604
109340 0.004125
109350 0.006758
109360 0.002311
109370 -0.001672
109380 -0.000772
109390 0.005821
109400 0.001588
109410 0.014125
109420 0.019351
109430 0.003991
109440 0.001498
109450 0.006002
109460 0.009154
109470 0.011367
109480 0.002810
109490 0.005015
109500 0.000129
109510 0.006786
109520 0.000714
109530 0.012789
109540 0.000856
109550 0.006397
109560 0.008848
109570 0.000776
109580 -0.000757
109590 0.007622
109600 0.004267
109610 0.006770
109620 0.014254
109630 0.006395
109640 0.008872
109650 0.010753
109660 0.016183
109670 0.002030
109680 0.003770
109690 0.010412
109700 0.010249
109710 0.002234
109720 0.002662
109730 0.011561
109740 0.005205
109750 0.002787
109760 0.004955
109770 0.008952
109780 0.004034
109790 0.006848
109800 0.004224
109810 0.007410
109820 0.005570
109830 0.005668
109840 0.006473
109850 0.005076
109860 0.007102
109870 0.005921
109880 -0.001679
109890 -0.000034
109900 0.005930
109910 0.008329
109920 0.008806
109930 0.003638
109940 0.005242
109950 0.007733
109960 0.008213
109970 0.005936
109980 0.006718
109990 0.006339
110000 0.005963
110010 -0.001581
110020 0.007057
110030 0.003547
110040 0.006329
110050 0.001913
110060 0.012717
110070 0.006912
110080 -0.003930
110090 0.004352
110100 0.003405
110110 0.005439
110120 0.010515
110130 0.002839
110140 0.003715
110150 0.007295
110160 0.000104
110170 -0.000085
110180 0.007334
110190 0.003608
110200 0.000035
110210 0.003412
110220 0.001067
110230 0.002198
110240 0.005473
110250 0.006606
110260 0.002670
110270 0.009706
110280 0.000288
110290 0.014949
110300 0.003662
110310 0.004575
110320 0.000514
110330 0.005443
110340 0.006967
110350 0.004867
110360 0.008258
110370 0.004360
110380 0.005330
110390 0.002764
110400 0.008317
110410 0.001411
110420 0.003886
110430 0.000677
110440 0.001718
110450 0.009671
110460 0.010861
110470 0.007329
110480 0.007489
110490 0.006983
110500 0.001919
110510 0.003980
110520 0.001430
110530 0.008361
110540 -0.004114
110550 0.002031
110560 -0.000450
110570 0.009039
110580 0.001991
110590 0.007828
110600 0.006886
110610 0.002172
110620 0.003410
110630 0.008434
110640 -0.003421
110650 0.007255
110660 0.003716
110670 0.007821
110680 0.003828
110690 0.004431
110700 0.008311
110710 0.001615
110720 0.017551
110730 0.025275
110740 0.006047
110750 0.018739
110760 0.014322
110770 0.018342
110780 0.038752
110790 0.023618
110800 0.019753
110810 0.015574
110820 0.013387
110830 0.048966
110840 0.033737
110850 13.964307
110860 0.021660
110870 0.022486
110880 0.032100
110890 0.003351
110900 0.035917
110910 0.010562
110920 0.034036
110930 0.034103
110940 0.038483
110950 0.014758
110960 0.014441
110970 0.013568
110980 0.039758
110990 0.018178
111000 0.018828
111010 0.023067
111020 0.008996
111030 0.016619
111040 0.006953
111050 0.002227
111060 0.011476
111070 0.019774
111080 0.030108
111090 0.007248
111100 0.013623
111110 0.019004
111120 0.030228
111130 0.021065
111140 0.008476
111150 0.018547
111160 0.012699
111170 0.017574
111180 0.012310
111190 0.008626
111200 0.011754
111210 0.005976
111220 0.011948
111230 0.008920
111240 0.006582
111250 0.007023
111260 0.009643
111270 0.017410
111280 0.013781
111290 0.017617
111300 0.003330
111310 0.004472
111320 0.007164
111330 0.008671
111340 0.027733
111350 0.004011
111360 0.005494
111370 0.008518
111380 0.017832
111390 0.005764
111400 0.004461
111410 0.005319
111420 0.010049
111430 0.004779
111440 0.004332
111450 0.014675
111460 0.018520
111470 0.010371
111480 13.914587
111490 0.014062
111500 0.017680
111510 0.010144
111520 0.016414
111530 0.010597
111540 0.006407
111550 0.012121
111560 0.010222
111570 0.009367
111580 0.016517
111590 0.013167
111600 0.012741
111610 0.017650
111620 0.036736
111630 0.017252
111640 0.022333
111650 0.034565
111660 0.035801
111670 0.049969
111680 0.022210
111690 0.018725
111700 13.918406
111710 0.031664
111720 0.023143
111730 0.008682
111740 0.031207
111750 0.029666
111760 0.014609
111770 0.040365
111780 0.016593
111790 0.011027
111800 0.017977
111810 0.011874
111820 0.014166
111830 0.018378
111840 0.014664
111850 0.026691
111860 0.009581
111870 0.007947
111880 0.014774
111890 0.004666
111900 0.013457
111910 0.009060
111920 0.020172
111930 0.003651
111940 0.019248
111950 0.009924
111960 0.010690
111970 0.017764
111980 0.025909
111990 0.007051
112000 0.007343
112010 0.007937
112020 0.008443
112030 0.005532
112040 0.014777
112050 0.005100
112060 0.008726
112070 0.022314
112080 0.013519
112090 0.014211
112100 0.016490
112110 0.009269
112120 0.011014
112130 0.009286
112140 0.002921
112150 0.009850
112160 0.006851
112170 0.004696
112180 0.002432
112190 0.005832
112200 0.004534
112210 0.003470
112220 0.002971
112230 0.013958
112240 0.007394
112250 0.004009
112260 -0.000948
112270 0.002026
112280 0.001397
112290 0.002721
112300 0.001430
112310 -0.001027
112320 13.913551
112330 0.002070
112340 0.001087
112350 0.001490
112360 -0.000707
112370 0.005268
112380 0.005258
112390 0.003239
112400 0.015875
112410 0.006599
112420 0.009022
112430 0.006009
112440 0.009815
112450 0.010499
112460 0.007817
112470 13.985746
112480 -0.000309
112490 0.002210
112500 0.003909
112510 0.000908
112520 0.010973
112530 0.000835
112540 0.006881
112550 0.005819
112560 0.003628
112570 0.007448
112580 0.003013
112590 0.011919
112600 -0.000588
112610 0.003907
112620 0.019827
112630 0.008304
112640 0.007340
112650 0.006937
112660 0.012992
112670 0.010697
112680 0.010223
112690 0.004633
112700 0.016585
112710 0.001755
112720 0.003292
112730 0.018489
112740 0.007698
112750 0.010845
112760 0.009116
112770 0.004003
112780 0.012845
112790 0.010995
112800 0.005821
112810 0.012579
112820 0.013939
112830 0.014730
112840 0.003183
112850 0.007016
112860 0.008245
112870 0.001544
112880 0.009382
112890 0.008291
112900 0.010752
112910 0.011879
112920 0.008932
112930 0.017562
112940 0.005480
112950 0.013686
112960 0.005918
112970 0.010404
112980 0.005104
112990 0.000124
113000 0.002610
113010 0.011270
113020 0.000979
113030 0.005184
113040 0.005816
113050 0.010540
113060 0.002452
113070 0.006829
113080 0.017844
113090 0.008572
113100 0.006416
113110 0.003231
113120 0.004771
113130 0.005924
113140 0.004985
113150 0.004201
113160 0.004136
113170 0.002817
113180 0.004099
113190 -0.000795
113200 0.002908
113210 0.004822
113220 0.003642
113230 0.005588
113240 0.003336
113250 0.003971
113260 0.006362
113270 -0.000735
113280 0.007201
113290 0.007417
113300 0.003268
113310 0.006652
113320 0.002075
113330 0.003553
113340 0.003845
113350 0.004878
113360 0.006189
113370 0.006641
113380 0.005521
113390 -0.002061
113400 0.011242
113410 0.006810
113420 0.001794
113430 0.002427
113440 0.008112
113450 0.003535
113460 0.002530
113470 0.014478
113480 0.003726
113490 0.014092
113500 0.005026
113510 0.006855
113520 0.005593
113530 0.004591
113540 0.004822
113550 0.006259
113560 0.006347
113570 13.943118
113580 0.000511
113590 0.004679
113600 0.008491
113610 0.003150
113620 0.015340
113630 0.004545
113640 0.007362
113650 0.014682
113660 0.007045
113670 0.003365
113680 0.005033
113690 0.006636
113700 0.003987
113710 0.005150
113720 -0.000619
113730 0.004749
113740 0.003730
113750 0.004315
113760 0.004765
113770 0.001439
113780 0.008511
113790 -0.001453
113800 0.006107
113810 0.008030
113820 13.920721
113830 0.001973
113840 -0.000397
113850 0.009893
113860 0.001822
113870 -0.001312
113880 0.007820
113890 0.003413
113900 0.002472
113910 0.002302
113920 0.004989
113930 0.001355
113940 0.000732
113950 0.008518
113960 0.008628
113970 0.001727
113980 0.002533
113990 0.012949
114000 0.003587
114010 0.003777
114020 0.003471
114030 0.006606
114040 0.007530
114050 -0.002544
114060 0.007544
114070 0.006120
114080 0.008577
114090 0.001690
114100 -0.000991
114110 0.000912
114120 0.001259
114130 0.001855
114140 0.000841
114150 0.004902
114160 0.007403
114170 0.001111
114180 0.006568
114190 0.006892
114200 0.008763
114210 0.009383
114220 0.005079
114230 -0.000826
114240 0.001434
114250 0.008290
114260 0.005547
114270 0.003781
114280 -0.000496
114290 0.001972
114300 0.000458
114310 -0.006856
114320 0.004644
114330 0.006754
114340 0.002081
114350 0.004786
114360 0.006245
114370 0.001716
114380 0.010292
114390 0.003302
114400 0.004940
114410 0.002994
114420 0.004963
114430 13.895505
114440 13.951966
114450 -0.000070
114460 0.007850
114470 0.007076
114480 0.006267
114490 0.003521
114500 0.006269
114510 0.001837
114520 0.004055
114530 0.005981
114540 0.004759
114550 0.006627
114560 0.001585
114570 0.006189
114580 -0.000328
114590 0.008532
114600 0.010871
114610 0.001370
114620 0.006584
114630 0.013335
114640 0.004503
114650 0.023470
114660 0.006828
114670 0.015035
114680 0.004158
114690 0.018852
114700 0.033400
114710 0.027990
114720 0.029173
114730 0.011999
114740 0.004527
114750 0.011798
114760 0.001075
114770 0.002153
114780 0.015065
114790 0.002915
114800 0.001408
114810 0.006367
114820 0.006514
114830 0.006228
114840 0.010978
114850 0.014345
114860 0.010273
114870 0.009127
114880 0.004223
114890 0.003766
114900 0.002825
114910 0.010069
114920 0.000896
114930 -0.002142
114940 0.005747
114950 0.004512
114960 0.003516
114970 0.006182
114980 0.006586
114990 0.005425
115000 0.003178
115010 0.007287
115020 0.004436
115030 0.001890
115040 0.002224
115050 0.002648
115060 0.006709
115070 0.002661
115080 0.011685
115090 0.002725
115100 0.009156
115110 0.014647
115120 0.013860
115130 0.001933
115140 0.006991
115150 0.002567
115160 0.006424
115170 0.009044
115180 0.008358
115190 0.007153
115200 0.018617
115210 0.010209
115220 0.003468
115230 0.009736
115240 0.007058
115250 0.006270
115260 0.003680
115270 0.004834
115280 0.003309
115290 0.008165
115300 0.007408
115310 0.005037
115320 0.005579
115330 0.001480
115340 0.007670
115350 0.003859
115360 0.010963
115370 0.005054
115380 0.008913
115390 0.003257
115400 0.011550
115410 0.009893
115420 0.005190
115430 0.033122
115440 0.020661
115450 0.019681
115460 0.009895
115470 0.009545
115480 0.006375
115490 0.005438
115500 0.007359
115510 0.012783
115520 0.010349
115530 0.009932
115540 0.003441
115550 0.003187
115560 0.003643
115570 0.005767
115580 0.005822
115590 0.007248
115600 0.006093
115610 0.003759
115620 0.004390
115630 0.004352
115640 0.009748
115650 0.001225
115660 0.001272
115670 0.007348
115680 0.002123
115690 -0.000009
115700 0.007105
115710 0.010120
115720 0.000355
115730 0.006291
115740 0.003666
115750 0.002207
115760 0.005096
115770 0.007018
115780 0.003739
115790 0.002528
115800 0.005489
115810 0.003439
115820 0.003494
115830 0.009180
115840 0.002530
115850 0.002067
115860 0.002328
115870 0.008594
115880 0.006745
115890 0.008503
115900 0.005015
115910 0.003872
115920 0.019235
115930 0.001302
115940 0.000872
115950 -0.005417
115960 0.007812
115970 0.013696
115980 0.009412
115990 0.000745
116000 0.003315
116010 0.007332
116020 0.003188
116030 0.002313
116040 0.013291
116050 0.006948
116060 0.021414
116070 0.003468
116080 0.012586
116090 0.013307
116100 0.009627
116110 0.012819
116120 0.008391
116130 0.008797
116140 0.003087
116150 0.000868
116160 0.009906
116170 0.006312
116180 0.007977
116190 0.009715
116200 0.004312
116210 0.001836
116220 -0.000083
116230 0.009814
116240 0.010263
116250 0.019125
116260 0.006781
116270 0.009572
116280 0.003540
116290 0.003523
116300 0.006571
116310 -0.000516
116320 0.005381
116330 0.012723
116340 0.017605
116350 0.007895
116360 0.004210
116370 0.005140
116380 0.009347
116390 0.001344
116400 0.004929
116410 0.002450
116420 0.012484
116430 0.003492
116440 0.002648
116450 0.005606
116460 0.008301
116470 0.003931
116480 0.004478
116490 0.001615
116500 0.003924
116510 0.002315
116520 0.005143
116530 0.001853
116540 0.005137
116550 -0.001305
116560 0.004139
116570 0.004485
116580 0.001089
116590 0.010554
116600 13.910714
116610 0.002713
116620 0.001622
116630 0.008159
116640 0.003475
116650 0.000236
116660 0.004151
116670 0.006597
116680 13.981899
116690 0.006422
116700 0.005761
116710 0.008885
116720 0.001514
116730 0.010872
116740 0.002730
116750 0.011399
116760 0.005108
116770 0.008633
116780 0.002963
116790 0.012968
116800 0.007127
116810 0.006297
116820 0.010192
116830 0.009419
116840 0.020972
116850 0.009020
116860 0.036417
116870 0.005283
116880 0.009995
116890 0.008396
116900 0.006300
116910 0.005005
116920 0.019460
116930 0.006908
116940 -0.001541
116950 0.007046
116960 0.002456
116970 0.005386
116980 0.005672
116990 0.008791
117000 0.002027
117010 0.005700
117020 0.005378
117030 0.002403
117040 0.004127
117050 0.004547
117060 0.010071
117070 0.004645
117080 0.013825
117090 0.005086
117100 0.008301
117110 0.005223
117120 0.003441
117130 0.004763
117140 -0.001178
117150 0.000305
117160 0.005243
117170 0.002562
117180 0.001897
117190 0.004383
117200 0.009473
117210 0.013824
117220 0.005779
117230 0.006530
117240 0.010002
117250 0.003944
117260 0.001189
117270 0.000044
117280 0.004861
117290 0.003885
117300 0.006356
117310 0.008090
117320 0.006880
117330 0.006570
117340 0.020822
117350 0.022838
117360 0.004879
117370 0.008161
117380 0.000213
117390 0.005755
117400 0.004665
117410 0.007991
117420 0.003747
117430 -0.000501
117440 13.924687
117450 0.004496
117460 0.003350
117470 0.005417
117480 0.005710
117490 0.004512
117500 0.004753
117510 0.002352
117520 -0.001508
117530 0.002521
117540 -0.000292
117550 0.004609
117560 0.005705
117570 0.007314
117580 0.005136
117590 0.001200
117600 0.008140
117610 -0.002330
117620 0.005542
117630 0.000431
117640 0.006342
117650 0.004495
117660 0.004376
117670 0.001398
117680 0.003802
117690 0.014645
117700 0.005711
117710 0.004805
117720 0.006733
117730 0.002712
117740 0.007914
117750 0.012083
117760 0.004325
117770 -0.001007
117780 0.011096
117790 0.005966
117800 0.002957
117810 0.007985
117820 13.899709
117830 0.011252
117840 0.003372
117850 0.008225
117860 0.002819
117870 0.007757
117880 0.007169
117890 0.000816
117900 0.002295
117910 0.007800
117920 0.008026
117930 -0.000790
117940 0.003354
117950 0.021522
117960 0.009272
117970 0.002313
117980 0.016161
117990 0.006046
118000 0.021931
118010 0.007611
118020 0.008127
118030 0.002277
118040 0.020033
118050 0.013251
118060 0.007405
118070 0.017154
118080 0.010930
118090 0.008822
118100 0.008438
118110 0.004381
118120 0.005655
118130 0.021525
118140 0.005137
118150 0.009119
118160 0.009810
118170 0.007623
118180 0.001783
118190 0.013602
118200 0.005449
118210 0.003654
118220 0.017589
118230 0.008615
118240 0.010456
118250 0.000935
118260 0.002181
118270 0.015620
118280 0.012665
118290 0.006506
118300 0.004694
118310 0.007425
118320 0.006857
118330 0.007083
118340 0.003226
118350 0.009137
118360 0.009597
118370 0.005687
118380 0.006301
118390 13.979512
118400 0.010159
118410 0.002594
118420 0.002987
118430 -0.000749
118440 0.002914
118450 0.002298
118460 0.000830
118470 0.004487
118480 0.007853
118490 0.005989
118500 0.002800
118510 0.010947
118520 0.007191
118530 -0.003988
118540 0.008560
118550 0.003550
118560 -0.001499
118570 0.004012
118580 0.008710
118590 0.017536
118600 0.001858
118610 0.001790
118620 -0.001716
118630 0.001516
118640 0.000662
118650 0.010592
118660 0.004291
118670 0.004355
118680 0.005880
118690 0.001451
118700 0.000696
118710 0.003183
118720 0.002481
118730 0.007077
118740 0.003205
118750 0.006548
118760 0.004188
118770 0.016134
118780 0.002094
118790 -0.000853
118800 0.009375
118810 0.003032
118820 0.008736
118830 0.002297
118840 0.008681
118850 0.003357
118860 0.003995
118870 0.010032
118880 0.005871
118890 0.008017
118900 0.004280
118910 0.005902
118920 0.004149
118930 0.003239
118940 0.009003
118950 0.016907
118960 0.003457
118970 0.008468
118980 0.007769
118990 0.006899
119000 0.001920
119010 0.001043
119020 0.007721
119030 0.000206
119040 0.009443
119050 0.004478
119060 0.007711
119070 0.006354
119080 -0.001601
119090 0.001291
119100 0.007354
119110 0.009370
119120 0.004776
119130 0.013160
119140 0.003416
119150 0.005584
119160 0.002339
119170 0.007924
119180 0.006709
119190 0.004790
119200 0.004730
119210 0.006669
119220 0.003647
119230 0.005395
119240 0.000696
119250 0.001941
119260 0.003588
119270 0.006566
119280 -0.000610
119290 0.003353
119300 0.004317
119310 0.015267
119320 0.006214
119330 0.002425
119340 0.007592
119350 -0.002361
119360 0.008745
119370 0.005175
119380 0.007366
119390 0.009006
119400 0.003310
119410 0.007796
119420 0.006418
119430 -0.002043
119440 0.006700
119450 0.021007
119460 0.006652
119470 0.000617
119480 0.006572
119490 0.004999
119500 0.010898
119510 0.007628
119520 0.001481
119530 0.004762
119540 0.002601
119550 0.014815
119560 0.005193
119570 -0.000814
119580 0.007116
119590 0.004205
119600 0.004719
119610 0.005249
119620 0.014861
119630 0.002773
119640 0.003251
119650 0.003667
119660 0.005285
119670 0.003190
119680 0.003723
119690 0.006535
119700 0.004767
119710 0.000198
119720 0.005054
119730 0.006241
119740 0.006682
119750 0.008173
119760 0.001762
119770 0.008759
119780 -0.000265
119790 0.021416
119800 0.009088
119810 0.007017
119820 0.004013
119830 0.001396
119840 0.002724
119850 0.004884
119860 0.000965
119870 0.003220
119880 0.002193
119890 0.006705
119900 0.006822
119910 0.001993
119920 0.002303
119930 0.002392
119940 0.006895
119950 0.003387
119960 0.005714
119970 0.004232
119980 0.007065
119990 0.004779
120000 0.002311
120010 0.007767
120020 0.004456
120030 0.003697
120040 0.012634
120050 0.005168
120060 0.005919
120070 0.009076
120080 0.006061
120090 0.005468
120100 0.004286
120110 0.004550
120120 -0.001567
120130 0.000767
120140 0.006659
120150 0.003464
120160 0.012099
120170 0.013308
120180 0.003241
120190 0.002100
120200 0.005752
120210 0.006652
120220 0.009358
120230 0.003261
120240 0.000256
120250 0.001737
120260 0.004573
120270 0.017921
120280 -0.000129
120290 -0.001309
120300 -0.004264
120310 0.002203
120320 0.003658
120330 0.004821
120340 0.004858
120350 0.002509
120360 0.000500
120370 0.002857
120380 0.008533
120390 0.004317
120400 13.944818
120410 -0.000115
120420 0.008770
120430 0.001507
120440 0.006112
120450 0.027319
120460 0.002517
120470 0.013554
120480 0.031344
120490 0.030629
120500 0.033175
120510 0.009396
120520 0.013319
120530 0.000834
120540 0.030924
120550 0.008335
120560 0.023081
120570 0.014879
120580 0.043828
120590 0.016132
120600 0.013834
120610 0.020226
120620 0.018664
120630 0.021615
120640 0.003075
120650 0.031293
120660 0.021434
120670 0.012093
120680 0.029974
120690 0.004898
120700 0.020070
120710 0.008234
120720 0.002187
120730 0.018378
120740 0.001094
120750 0.003764
120760 -0.000252
120770 0.007700
120780 0.007077
120790 0.014073
120800 0.008853
120810 0.007300
120820 0.006086
120830 0.005746
120840 0.017459
120850 0.010805
120860 0.002551
120870 0.008019
120880 0.014126
120890 0.009559
120900 0.009174
120910 0.021362
120920 0.005602
120930 0.009173
120940 0.007956
120950 0.004461
120960 0.004419
120970 0.004365
120980 -0.002358
120990 0.006011
121000 0.003359
121010 0.002656
121020 -0.001620
121030 0.000693
121040 0.009276
121050 0.005535
121060 -0.000163
121070 0.003109
121080 0.005308
121090 0.010858
121100 0.007550
121110 0.010930
121120 0.006838
121130 0.005483
121140 0.006709
121150 0.001627
121160 0.005807
121170 0.010475
121180 0.006029
121190 0.008251
121200 0.008219
121210 0.005267
121220 0.005656
121230 0.007782
121240 0.002375
121250 0.005661
121260 0.010485
121270 0.009374
121280 0.014584
121290 0.004700
121300 0.005661
121310 0.007068
121320 0.010637
121330 13.941305
121340 0.013624
121350 0.003465
121360 0.004480
121370 0.002170
121380 0.010390
121390 0.007843
121400 0.004728
121410 0.001235
121420 0.005550
121430 0.004468
121440 0.003150
121450 0.005165
121460 0.003668
121470 0.005201
121480 0.033582
121490 0.009801
121500 0.001428
121510 0.008561
121520 0.006182
121530 0.006810
121540 0.008210
121550 0.005603
121560 0.006586
121570 0.008646
121580 0.002871
121590 0.006750
121600 0.010711
121610 0.002605
121620 0.013386
121630 0.005775
121640 0.004482
121650 0.006696
121660 0.004142
121670 0.013792
121680 0.009159
121690 0.004170
121700 0.007034
121710 0.005046
121720 0.007117
121730 0.006582
121740 0.013950
121750 0.004861
121760 0.001921
121770 0.012155
121780 0.010937
121790 0.016694
121800 0.008588
121810 0.007018
121820 0.006051
121830 0.002532
121840 0.010113
121850 -0.002137
121860 0.000490
121870 0.006225
121880 0.003466
121890 0.008577
121900 0.002848
121910 0.003686
121920 0.013908
121930 0.008454
121940 0.010528
121950 0.016367
121960 0.005006
121970 0.007636
121980 0.007059
121990 0.004476
122000 0.004711
122010 0.007506
122020 0.001080
122030 0.004246
122040 0.000490
122050 0.014101
122060 0.003308
122070 13.922280
122080 0.006651
122090 0.002710
122100 0.004020
122110 0.008390
122120 0.007167
122130 -0.000014
122140 0.005403
122150 0.003570
122160 0.001942
122170 0.007343
122180 0.004195
122190 0.008737
122200 0.003959
122210 0.004132
122220 0.002756
122230 0.001250
122240 0.015033
122250 0.001925
122260 0.011569
122270 0.004351
122280 0.004947
122290 0.004128
122300 0.008458
122310 0.015716
122320 0.019443
122330 0.005625
122340 0.004626
122350 0.004721
122360 0.004220
122370 0.008807
122380 0.008862
122390 0.008868
122400 13.947550
122410 0.008529
122420 0.002402
122430 -0.002898
122440 0.006933
122450 0.008474
122460 0.006288
122470 0.006087
122480 -0.000567
122490 0.007488
122500 0.003415
122510 0.006743
122520 0.009279
122530 0.011754
122540 0.009008
122550 0.011905
122560 0.008067
122570 0.001208
122580 0.003661
122590 0.003534
122600 0.000545
122610 0.013634
122620 0.003368
122630 0.014222
122640 0.004604
122650 0.025455
122660 0.006447
122670 0.007996
122680 0.001012
122690 0.001816
122700 -0.002347
122710 0.006403
122720 0.009618
122730 0.002946
122740 0.002385
122750 0.005323
122760 0.012519
122770 0.009098
122780 0.001390
122790 0.003267
122800 0.003859
122810 0.008237
122820 13.946006
122830 0.004111
122840 0.001763
122850 0.003215
122860 0.006385
122870 0.003048
122880 0.004060
122890 0.010055
122900 0.018961
122910 0.011245
122920 0.009653
122930 0.003667
122940 0.013280
122950 0.023723
122960 0.007805
122970 0.021736
122980 0.011823
122990 0.002516
123000 0.001978
123010 0.003249
123020 -0.000308
123030 0.009028
123040 0.001659
123050 -0.003606
123060 0.008464
123070 0.005106
123080 0.024193
123090 0.011459
123100 0.021961
123110 0.017072
123120 0.012362
123130 0.004851
123140 0.005867
123150 0.000562
123160 0.010123
123170 0.005976
123180 0.007344
123190 0.006656
123200 0.011050
123210 0.005280
123220 0.002160
123230 0.007615
123240 0.001241
123250 0.006424
123260 0.008665
123270 0.004863
123280 0.003242
123290 0.007587
123300 0.012659
123310 0.009312
123320 0.002324
123330 0.006330
123340 0.006689
123350 0.006738
123360 0.002468
123370 0.004253
123380 -0.003015
123390 0.001200
123400 0.003975
123410 0.001725
123420 0.009882
123430 13.971274
123440 0.006295
123450 0.004413
123460 0.001891
123470 0.007696
123480 0.006800
123490 0.008795
123500 0.002790
123510 0.008347
123520 0.008130
123530 0.016824
123540 0.014582
123550 0.013955
123560 0.008263
123570 0.004863
123580 0.010456
123590 0.005377
123600 0.007659
123610 0.002403
123620 -0.000497
123630 0.003402
123640 0.006934
123650 0.006617
123660 0.003865
123670 0.004679
123680 0.003051
123690 0.003671
123700 0.003214
123710 0.002227
123720 0.011604
123730 0.009847
123740 -0.000885
123750 0.006605
123760 0.006328
123770 0.005358
123780 0.009301
123790 0.000206
123800 0.000664
123810 0.010087
123820 0.009652
123830 0.006848
123840 0.005193
123850 0.006635
123860 0.004217
123870 0.003036
123880 0.003900
123890 0.008744
123900 0.008628
123910 0.004435
123920 0.002341
123930 0.004747
123940 -0.002172
123950 0.003725
123960 0.004714
123970 0.005188
123980 0.005463
123990 0.006944
124000 0.004598
124010 0.006448
124020 0.009622
124030 0.010130
124040 0.007686
124050 0.003050
124060 0.007951
124070 0.001332
124080 0.006110
124090 0.003524
124100 0.004171
124110 0.002688
124120 0.007074
124130 0.007546
124140 0.004128
124150 0.007689
124160 0.003318
124170 0.006895
124180 0.006427
124190 0.004050
124200 0.004887
124210 0.007479
124220 0.005696
124230 0.007380
124240 0.020497
124250 0.003511
124260 -0.000362
124270 -0.001331
124280 0.002255
124290 0.000870
124300 0.005515
124310 0.001726
124320 0.002813
124330 0.004380
124340 0.006214
124350 0.006282
124360 0.010917
124370 0.006049
124380 0.009306
124390 0.006305
124400 0.003570
124410 0.002326
124420 0.014727
124430 0.013603
124440 0.000559
124450 0.000944
124460 0.025360
124470 0.008793
124480 0.007851
124490 0.001486
124500 -0.000415
124510 0.002451
124520 0.001163
124530 0.001552
124540 0.005806
124550 0.004411
124560 0.003591
124570 -0.002563
124580 0.009361
124590 -0.002811
124600 0.002007
124610 0.002830
124620 0.009071
124630 -0.001937
124640 0.008395
124650 -0.002036
124660 0.010317
124670 0.009330
124680 0.004378
124690 0.001212
124700 0.005624
124710 0.004161
124720 0.002325
124730 0.006040
124740 0.002658
124750 13.913010
124760 0.002585
124770 13.947130
124780 0.008251
124790 0.004947
124800 0.005716
124810 0.003760
124820 0.007244
124830 0.012092
124840 0.002052
124850 0.004607
124860 0.002866
124870 0.008488
124880 0.006700
124890 0.003505
124900 0.004789
124910 0.006622
124920 0.005323
124930 0.005549
124940 0.000945
124950 0.002859
124960 0.003115
124970 0.002176
124980 0.008293
124990 0.002294
125000 -0.003327
125010 0.009418
125020 0.002102
125030 0.021311
125040 -0.000136
125050 0.004743
125060 0.001334
125070 0.023995
125080 0.003231
125090 0.008929
125100 0.005077
125110 0.008907
125120 0.005079
125130 0.006638
125140 0.000554
125150 0.000278
125160 0.002956
125170 0.005071
125180 0.007616
125190 0.027651
125200 0.000606
125210 0.009506
125220 0.002808
125230 0.011679
125240 0.007981
125250 0.017670
125260 0.004330
125270 0.002050
125280 0.003870
125290 0.009291
125300 0.007628
125310 0.010700
125320 0.010079
125330 0.005170
125340 0.007226
125350 0.004018
125360 0.006007
125370 0.010657
125380 0.009795
125390 0.014874
125400 0.005949
125410 0.007106
125420 0.007857
125430 0.004650
125440 0.004072
125450 13.917037
125460 0.014210
125470 0.005037
125480 0.006782
125490 0.012328
125500 -0.001244
125510 0.017550
125520 0.005187
125530 0.007085
125540 0.002769
125550 0.001612
125560 0.010535
125570 0.004343
125580 0.003845
125590 0.006404
125600 0.004979
125610 0.003576
125620 0.007165
125630 0.009617
125640 0.003840
125650 0.010254
125660 0.001951
125670 0.000808
125680 0.000374
125690 0.008217
125700 0.005415
125710 0.004324
125720 -0.001507
125730 0.005748
125740 13.909895
125750 0.003481
125760 0.010534
125770 0.005370
125780 0.011145
125790 0.007789
125800 0.000436
125810 0.008901
125820 0.003785
125830 -0.002478
125840 0.001201
125850 0.006691
125860 0.010820
125870 0.000343
125880 0.007824
125890 0.000583
125900 0.005326
125910 0.001115
125920 0.001671
125930 -0.004616
125940 0.003799
125950 0.008529
125960 13.948427
125970 0.007601
125980 0.000039
125990 0.006454
126000 0.007735
126010 0.002941
126020 0.003822
126030 0.003194
126040 0.005634
126050 0.007364
126060 0.006736
126070 0.005953
126080 0.006286
126090 0.000970
126100 0.006645
126110 0.000223
126120 0.003723
126130 0.005370
126140 -0.000325
126150 0.010573
126160 0.013501
126170 0.005892
126180 0.003116
126190 0.004031
126200 -0.001101
126210 0.004888
126220 0.018445
126230 0.008440
126240 -0.003188
126250 0.005942
126260 0.003767
126270 0.002197
126280 0.007782
126290 0.008456
126300 0.003528
126310 0.008548
126320 0.001302
126330 0.005029
126340 -0.000481
126350 0.012991
126360 -0.000529
126370 0.004548
126380 0.013848
126390 0.003672
126400 0.007997
126410 0.001603
126420 0.008898
126430 0.006836
126440 -0.001515
126450 0.007166
126460 0.003423
126470 0.015202
126480 0.012096
126490 0.010987
126500 0.009843
126510 0.002666
126520 0.002113
126530 0.005902
126540 0.002231
126550 0.002965
126560 0.004648
126570 0.001716
126580 0.006224
126590 0.008155
126600 0.002128
126610 0.008300
126620 0.003843
126630 13.913736
126640 0.006370
126650 0.007814
126660 0.006089
126670 0.011101
126680 0.010100
126690 0.001966
126700 0.011113
126710 0.003922
126720 0.013641
126730 0.011528
126740 0.011340
126750 0.008074
126760 0.015405
126770 0.007196
126780 0.005515
126790 0.004860
126800 0.007273
126810 0.003773
126820 0.004842
126830 0.013575
126840 0.013435
126850 0.006168
126860 0.007118
126870 -0.000817
126880 0.008186
126890 0.003534
126900 -0.000031
126910 0.009998
126920 0.006939
126930 0.020649
126940 0.004196
126950 0.004204
126960 0.006365
126970 0.009531
126980 0.002175
126990 0.015787
127000 0.005020
127010 0.004730
127020 0.002368
127030 0.005268
127040 0.006290
127050 0.006717
127060 0.003251
127070 0.002924
127080 0.007705
127090 0.006390
127100 0.005477
127110 0.007864
127120 0.003173
127130 0.007601
127140 0.001036
127150 0.004335
127160 0.005234
127170 0.006935
127180 0.005043
127190 0.003313
127200 0.002303
127210 0.001571
127220 0.004810
127230 -0.000525
127240 0.012766
127250 0.013576
127260 0.005816
127270 0.005575
127280 0.008543
127290 0.004933
127300 0.020695
127310 -0.001434
127320 0.002658
127330 0.001830
127340 -0.000070
127350 0.010981
127360 0.009788
127370 0.003748
127380 0.001141
127390 0.005607
127400 0.005486
127410 0.001017
127420 0.002098
127430 0.003490
127440 0.002473
127450 0.005696
127460 0.004909
127470 0.002577
127480 0.005242
127490 13.909215
127500 0.005627
127510 0.005059
127520 0.003630
127530 0.004805
127540 0.003255
127550 0.009244
127560 0.002202
127570 0.000582
127580 0.010565
127590 13.947462
127600 0.014052
127610 0.008200
127620 0.010035
127630 0.000145
127640 0.005099
127650 0.004478
127660 0.002297
127670 0.007250
127680 0.004252
127690 0.009621
127700 0.008170
127710 0.011612
127720 0.001036
127730 0.014887
127740 0.002654
127750 0.010567
127760 0.005932
127770 0.004519
127780 0.005189
127790 0.017765
127800 0.004098
127810 0.010090
127820 0.002974
127830 0.007628
127840 0.006790
127850 0.007216
127860 0.005336
127870 0.002649
127880 0.006441
127890 0.008525
127900 0.008711
127910 -0.000500
127920 0.004076
127930 -0.000451
127940 0.017754
127950 0.005562
127960 0.006337
127970 0.007858
127980 0.003778
127990 0.004826
128000 0.004892
128010 0.004565
128020 -0.000676
128030 0.002755
128040 0.010714
128050 0.011083
128060 0.007167
128070 0.014990
128080 0.011280
128090 0.010147
128100 0.007033
128110 0.005204
128120 0.007501
128130 0.004980
128140 0.005862
128150 0.006628
128160 0.014532
128170 0.009609
128180 0.003347
128190 0.005739
128200 0.013769
128210 0.004159
128220 0.005079
128230 0.003570
128240 13.971883
128250 0.010022
128260 0.004091
128270 0.004508
128280 0.006212
128290 0.007140
128300 -0.000578
128310 0.008673
128320 0.004909
128330 0.009814
128340 0.020366
128350 0.006958
128360 0.006705
128370 0.000919
128380 0.001356
128390 0.003323
128400 0.004362
128410 0.010493
128420 0.001865
128430 0.005430
128440 0.010579
128450 0.002639
128460 -0.000315
128470 0.006896
128480 0.005666
128490 0.007440
128500 0.006319
128510 0.004584
128520 0.005778
128530 0.006043
128540 0.000293
128550 0.002315
128560 0.005744
128570 0.002789
128580 0.000814
128590 0.005267
128600 13.950358
128610 0.005456
128620 0.001431
128630 0.005612
128640 0.006128
128650 0.001855
128660 0.002477
128670 0.000010
128680 0.008229
128690 0.003140
128700 0.002049
128710 0.006977
128720 0.007014
128730 0.000691
128740 0.008171
128750 0.006142
128760 0.003869
128770 0.006334
128780 0.011879
128790 0.002379
128800 0.003044
128810 0.007882
128820 0.007001
128830 0.005813
128840 0.005248
128850 0.004182
128860 0.005944
128870 0.009388
128880 0.004424
128890 0.005490
128900 0.011955
128910 0.004847
128920 0.008449
128930 0.009414
128940 0.006009
128950 0.017705
128960 0.022895
128970 0.007959
128980 0.016170
128990 13.930444
129000 0.013687
129010 13.976214
129020 0.013905
129030 0.001051
129040 0.011818
129050 0.010624
129060 0.008900
129070 0.010869
129080 0.000766
129090 0.006214
129100 0.015663
129110 0.008790
129120 0.009934
129130 13.962007
129140 0.009749
129150 0.012508
129160 0.014135
129170 0.025319
129180 0.006291
129190 0.006784
129200 0.002431
129210 0.005714
129220 0.012627
129230 0.002554
129240 0.015585
129250 0.014254
129260 0.013237
129270 0.011869
129280 0.006786
129290 0.007599
129300 0.004118
129310 0.007580
129320 0.004073
129330 0.004968
129340 0.000127
129350 0.007654
129360 0.001154
129370 0.002578
129380 0.010565
129390 0.001878
129400 0.009425
129410 0.029193
129420 0.007594
129430 0.014251
129440 0.004188
129450 0.018002
129460 0.008393
129470 -0.000517
129480 0.010642
129490 0.004188
129500 0.004998
129510 0.002532
129520 0.006576
129530 0.006754
129540 0.006777
129550 0.000711
129560 0.003726
129570 0.004572
129580 0.008245
129590 0.004897
129600 0.012201
129610 0.010513
129620 0.022435
129630 0.003655
129640 0.007857
129650 0.009903
129660 0.008551
129670 0.007086
129680 0.010815
129690 0.007607
129700 0.012891
129710 0.008068
129720 0.013162
129730 0.011051
129740 0.015460
129750 0.001608
129760 0.007570
129770 -0.000818
129780 0.010175
129790 0.002678
129800 0.010226
129810 0.008573
129820 0.009750
129830 0.019073
129840 0.007511
129850 0.019300
129860 0.019692
129870 0.016800
129880 0.014147
129890 0.013312
129900 -0.002511
129910 0.009910
129920 0.000231
129930 0.005922
129940 0.011333
129950 0.003980
129960 0.016839
129970 0.004084
129980 0.001641
129990 0.011107
130000 0.008986
130010 0.007835
130020 0.008024
130030 0.013759
130040 0.010299
130050 -0.000495
130060 0.014165
130070 0.006339
130080 0.012243
130090 0.010688
130100 0.003402
130110 0.013507
130120 0.010048
130130 0.002676
130140 0.003818
130150 0.006491
130160 0.007572
130170 0.005189
130180 0.006973
130190 0.009561
130200 0.003086
130210 0.006573
130220 0.001190
130230 0.017667
130240 0.002173
130250 0.005459
130260 0.005225
130270 0.005369
130280 0.003162
130290 0.007301
130300 0.016379
130310 0.010922
130320 0.008824
130330 0.009783
130340 0.013328
130350 0.007181
130360 0.012448
130370 0.004476
130380 0.009236
130390 0.001563
130400 0.020072
130410 0.004374
130420 0.001559
130430 0.004638
130440 0.000259
130450 0.004096
130460 0.006544
130470 0.004816
130480 0.003275
130490 0.015167
130500 0.021145
130510 0.019856
130520 0.003080
130530 0.009058
130540 0.006918
130550 0.000668
130560 0.008791
130570 0.006452
130580 0.011068
130590 0.015164
130600 -0.000821
130610 0.004023
130620 0.004919
130630 0.005034
130640 0.004026
130650 0.001973
130660 0.007768
130670 0.005184
130680 0.011307
130690 0.004811
130700 0.004946
130710 0.004203
130720 0.005163
130730 0.007104
130740 0.007933
130750 0.005647
130760 -0.002145
130770 0.000575
130780 0.000036
130790 0.017359
130800 0.007457
130810 0.005431
130820 0.008863
130830 0.005933
130840 0.003164
130850 0.005960
130860 0.004054
130870 0.003647
130880 0.006290
130890 0.009572
130900 0.012726
130910 0.002532
130920 0.003650
130930 0.001040
130940 0.006106
130950 0.011721
130960 -0.003976
130970 0.005263
130980 0.005512
130990 0.016802
131000 0.006681
131010 0.002669
131020 0.002976
131030 -0.003633
131040 0.006952
131050 0.006371
131060 0.007316
131070 0.008243
131080 0.002955
131090 0.004976
131100 0.000660
131110 0.006153
131120 0.007195
131130 0.008243
131140 0.001091
131150 0.009459
131160 -0.001264
131170 0.001322
131180 13.916663
131190 0.007453
131200 0.004801
131210 0.001952
131220 0.002988
131230 0.008039
131240 0.004097
131250 0.003653
131260 0.008414
131270 0.018795
131280 0.006087
131290 0.014037
131300 0.009235
131310 0.003753
131320 0.025447
131330 0.002577
131340 -0.000524
131350 0.005697
131360 0.010251
131370 0.009773
131380 0.010227
131390 0.002241
131400 0.002887
131410 0.004521
131420 0.007945
131430 0.005750
131440 0.007160
131450 0.032733
131460 0.008748
131470 0.000451
131480 0.002476
131490 0.003511
131500 0.011070
131510 0.005971
131520 0.019595
131530 0.004441
131540 -0.000450
131550 0.002995
131560 0.003403
131570 0.000761
131580 0.010333
131590 0.004293
131600 0.003075
131610 0.005442
131620 0.009586
131630 0.002847
131640 0.005331
131650 0.006060
131660 0.002854
131670 0.001772
131680 0.010569
131690 0.009917
131700 0.002017
131710 0.011004
131720 0.004658
131730 0.002293
131740 0.011569
131750 0.001366
131760 0.003453
131770 0.005968
131780 0.055701
131790 0.026478
131800 0.028868
131810 0.007179
131820 0.014579
131830 0.018236
131840 0.005946
131850 0.015784
131860 0.004572
131870 0.003892
131880 0.010920
131890 0.012026
131900 0.015301
131910 0.005756
131920 0.000276
131930 0.004597
131940 0.003542
131950 0.013867
131960 0.007019
131970 0.007578
131980 0.008315
131990 0.016034
132000 0.010951
132010 0.009968
132020 0.004705
132030 0.002104
132040 0.001957
132050 0.001489
132060 0.009600
132070 0.007841
132080 0.006860
132090 0.002850
132100 0.004842
132110 0.001463
132120 -0.002414
132130 0.002276
132140 0.004480
132150 -0.001890
132160 0.000041
132170 0.007977
132180 0.008540
132190 0.004593
132200 0.011634
132210 0.003620
132220 0.010353
132230 0.006872
132240 0.009946
132250 0.000326
132260 0.013699
132270 0.005489
132280 0.002928
132290 0.008449
132300 0.006419
132310 0.006915
132320 0.006833
132330 0.001109
132340 0.012417
132350 0.010078
132360 0.002183
132370 0.001461
132380 0.005329
132390 -0.003519
132400 0.001892
132410 0.008009
132420 0.008043
132430 0.003463
132440 0.007569
132450 0.010122
132460 0.005036
132470 0.006478
132480 0.003914
132490 0.009392
132500 0.018021
132510 0.012141
132520 0.009498
132530 0.017968
132540 0.009075
132550 0.011705
132560 0.011063
132570 -0.001007
132580 0.006974
132590 0.006996
132600 0.009458
132610 0.001241
132620 0.005145
132630 0.007104
132640 0.007357
132650 0.003800
132660 0.007640
132670 -0.003113
132680 0.003535
132690 0.008170
132700 -0.001036
132710 0.000916
132720 0.001341
132730 0.005541
132740 0.008208
132750 0.007509
132760 0.007785
132770 0.015499
132780 0.010384
132790 0.007791
132800 0.005476
132810 0.002571
132820 0.014075
132830 0.003159
132840 0.004722
132850 0.006645
132860 0.005435
132870 0.008893
132880 0.001120
132890 0.015731
132900 0.006330
132910 0.006801
132920 0.007275
132930 0.004129
132940 0.011117
132950 -0.000021
132960 0.003636
132970 0.002556
132980 0.015630
132990 0.001963
133000 0.002566
133010 0.006927
133020 0.004862
133030 0.005614
133040 0.009585
133050 0.007008
133060 0.002747
133070 0.004935
133080 0.000392
133090 0.007652
133100 0.002501
133110 0.012247
133120 0.002916
133130 0.004030
133140 0.004460
133150 0.006295
133160 13.928635
133170 0.005673
133180 0.016334
133190 0.000014
133200 -0.000943
133210 0.006543
133220 0.006083
133230 0.008607
133240 0.009303
133250 0.002421
133260 0.005434
133270 0.009993
133280 0.001055
133290 0.002043
133300 0.015983
133310 0.004528
133320 0.002133
133330 0.006911
133340 0.006223
133350 0.004474
133360 0.001670
133370 0.007994
133380 0.013132
133390 0.012113
133400 0.000267
133410 0.017323
133420 0.004981
133430 0.004111
133440 0.001036
133450 0.006285
133460 0.006209
133470 0.021649
133480 0.008696
133490 0.009057
133500 0.001309
133510 0.006851
133520 0.005066
133530 0.015419
133540 0.016507
133550 0.025100
133560 0.015641
133570 0.035240
133580 0.011932
133590 0.004784
133600 13.948256
133610 0.029171
133620 0.019068
133630 0.004545
133640 0.007010
133650 0.014377
133660 0.005203
133670 0.004927
133680 0.004804
133690 0.015136
133700 0.008234
133710 0.006825
133720 0.004798
133730 0.008204
133740 -0.001065
133750 0.009997
133760 0.004529
133770 0.012335
133780 0.032612
133790 0.015709
133800 -0.000038
133810 0.019371
133820 0.004979
133830 0.012008
133840 0.007742
133850 0.007469
133860 0.010964
133870 0.001735
133880 0.001233
133890 0.009112
133900 0.005400
133910 0.006791
133920 0.005114
133930 0.006054
133940 0.002986
133950 0.003525
133960 0.000349
133970 0.004519
133980 0.003670
133990 0.005013
134000 0.005472
134010 0.029539
134020 0.002977
134030 0.011316
134040 0.013880
134050 -0.000162
134060 0.004543
134070 -0.000595
134080 0.005854
134090 0.004322
134100 0.007913
134110 0.004317
134120 0.022495
134130 0.001754
134140 0.000716
134150 0.013949
134160 0.007301
134170 0.004790
134180 0.005793
134190 0.000585
134200 0.007088
134210 0.003841
134220 0.006100
134230 -0.000585
134240 0.005281
134250 0.000450
134260 0.005893
134270 0.001759
134280 0.002736
134290 -0.003003
134300 0.002025
134310 0.001448
134320 0.003904
134330 0.005320
134340 0.007031
134350 -0.000851
134360 0.003786
134370 0.014748
134380 0.003498
134390 0.000895
134400 0.003401
134410 0.001873
134420 0.000395
134430 0.001365
134440 0.008866
134450 0.005866
134460 0.008036
134470 0.001179
134480 0.004644
134490 0.007815
134500 0.004398
134510 0.005685
134520 0.009850
134530 0.005394
134540 0.007547
134550 0.005351
134560 0.001667
134570 0.007106
134580 0.010242
134590 0.003604
134600 0.002377
134610 0.005877
134620 0.005848
134630 0.005919
134640 0.005997
134650 0.001610
134660 0.002438
134670 0.005882
134680 0.003110
134690 0.009031
134700 -0.001713
134710 0.008570
134720 0.001976
134730 0.006715
134740 0.010457
134750 0.005035
134760 0.004424
134770 0.000985
134780 0.003281
134790 0.013963
134800 0.008016
134810 0.010551
134820 0.005583
134830 0.006862
134840 0.001388
134850 0.003204
134860 0.004658
134870 0.015037
134880 0.008655
134890 0.004690
134900 13.958138
134910 0.002395
134920 0.003479
134930 0.001752
134940 0.008372
134950 0.004725
134960 0.001616
134970 0.003215
134980 0.005144
134990 0.006933
135000 0.002108
135010 0.003998
135020 0.005809
135030 0.012590
135040 0.007785
135050 0.007953
135060 0.000599
135070 0.007038
135080 -0.004494
135090 0.004820
135100 0.025347
135110 0.000516
135120 0.005428
135130 0.003171
135140 0.004371
135150 0.002401
135160 0.006758
135170 0.004712
135180 0.011751
135190 0.002423
135200 0.002052
135210 0.008100
135220 0.003415
135230 0.000552
135240 0.005990
135250 0.011598
135260 0.004870
135270 0.003200
135280 0.004020
135290 -0.001218
135300 0.007880
135310 0.005487
135320 0.006931
135330 0.006751
135340 0.004297
135350 0.004773
135360 0.002728
135370 -0.000005
135380 0.002302
135390 0.002939
135400 0.006117
135410 0.005322
135420 0.006321
135430 0.002283
135440 0.002036
135450 0.004274
135460 0.002310
135470 0.003267
135480 0.000367
135490 0.004811
135500 0.003128
135510 0.005946
135520 0.004224
135530 0.005794
135540 0.005415
135550 13.945866
135560 0.007765
135570 0.009983
135580 13.961087
135590 -0.001955
135600 0.013720
135610 0.002611
135620 0.008183
135630 0.006252
135640 0.005396
135650 0.017594
135660 0.005590
135670 0.010961
135680 0.124037
135690 0.008425
135700 0.005100
135710 0.003985
135720 0.001196
135730 0.004811
135740 0.006829
135750 0.010743
135760 0.005490
135770 0.010846
135780 0.005278
135790 0.007422
135800 0.001978
135810 0.007574
135820 0.010567
135830 0.000575
135840 0.003424
135850 0.007675
135860 0.003182
135870 0.001108
135880 0.001950
135890 0.003435
135900 0.000309
135910 0.001316
135920 0.007924
135930 0.011288
135940 -0.000377
135950 0.009656
135960 0.010606
135970 0.003254
135980 0.005187
135990 -0.002649
136000 0.011272
136010 0.005926
136020 0.001865
136030 0.002177
136040 0.006866
136050 0.009278
136060 0.008670
136070 0.005987
136080 0.008444
136090 -0.000614
136100 0.014624
136110 0.007686
136120 0.002010
136130 0.003597
136140 0.017869
136150 0.006997
136160 0.001099
136170 0.000038
136180 0.027323
136190 0.006868
136200 0.017425
136210 0.002747
136220 0.011020
136230 0.006979
136240 0.002497
136250 -0.001761
136260 0.002036
136270 0.011721
136280 0.011967
136290 0.008172
136300 0.007844
136310 0.008137
136320 0.012482
136330 0.004395
136340 0.009115
136350 0.000500
136360 0.015270
136370 0.002338
136380 0.007209
136390 0.006926
136400 0.007087
136410 0.001921
136420 0.008257
136430 0.012723
136440 0.006969
136450 0.007664
136460 0.003722
136470 0.003259
136480 -0.004114
136490 0.004584
136500 0.003267
136510 0.009254
136520 0.001875
136530 0.008456
136540 0.005420
136550 0.007238
136560 0.005483
136570 0.016927
136580 0.002961
136590 0.001827
136600 0.008143
136610 0.003550
136620 0.002457
136630 0.017821
136640 0.002600
136650 0.004972
136660 0.009682
136670 0.003368
136680 0.011787
136690 0.000846
136700 0.003152
136710 0.004132
136720 0.004558
136730 -0.001083
136740 0.003244
136750 0.013380
136760 0.009785
136770 0.009389
136780 0.007015
136790 0.004913
136800 -0.000296
136810 0.006752
136820 0.003665
136830 -0.000751
136840 0.008669
136850 0.004173
136860 0.003323
136870 0.010479
136880 0.001044
136890 0.002532
136900 0.000884
136910 0.001721
136920 0.005715
136930 0.010338
136940 0.002353
136950 0.001966
136960 0.004108
136970 0.005576
136980 0.001959
136990 0.002524
137000 0.001153
137010 0.009384
137020 0.004935
137030 0.005620
137040 0.004908
137050 0.003607
137060 0.002493
137070 0.003432
137080 0.000413
137090 0.001578
137100 0.004105
137110 0.004938
137120 0.003818
137130 0.007644
137140 0.008972
137150 0.005947
137160 0.007209
137170 0.004340
137180 0.002730
137190 0.004879
137200 0.006989
137210 0.004853
137220 0.003859
137230 0.006696
137240 0.005982
137250 0.004751
137260 0.002895
137270 0.002915
137280 0.004181
137290 0.007321
137300 0.001215
137310 0.009349
137320 0.008608
137330 0.007841
137340 0.002471
137350 0.008269
137360 0.001766
137370 0.001764
137380 0.000636
137390 0.007941
137400 0.004208
137410 0.005043
137420 0.004851
137430 0.000012
137440 0.001613
137450 -0.000126
137460 0.001472
137470 0.005133
137480 0.007236
137490 0.009385
137500 0.000012
137510 0.003968
137520 0.003758
137530 0.001861
137540 0.014487
137550 0.006224
137560 0.008925
137570 0.003341
137580 0.002888
137590 0.007849
137600 0.002246
137610 0.001568
137620 0.002860
137630 0.004684
137640 0.000018
137650 0.003806
137660 0.007295
137670 0.006514
137680 0.005759
137690 0.000813
137700 0.007774
137710 0.004742
137720 0.000495
137730 0.005853
137740 0.002291
137750 0.000141
137760 0.001584
137770 0.010367
137780 0.003695
137790 0.003127
137800 0.002455
137810 0.006588
137820 0.003892
137830 0.003633
137840 -0.002505
137850 0.003984
137860 0.006829
137870 0.002304
137880 0.001765
137890 0.005044
137900 0.004053
137910 -0.001602
137920 0.002199
137930 0.008411
137940 0.002716
137950 -0.002574
137960 0.010041
137970 0.004461
137980 0.004270
137990 0.014067
138000 0.002598
138010 0.004335
138020 0.003831
138030 0.003608
138040 0.001852
138050 0.011115
138060 0.012761
138070 0.008115
138080 0.003409
138090 0.006091
138100 0.003356
138110 0.003528
138120 0.003106
138130 0.002297
138140 0.002622
138150 0.005247
138160 0.012104
138170 0.003940
138180 0.001691
138190 0.002841
138200 -0.001822
138210 0.002297
138220 0.003445
138230 0.009290
138240 0.009086
138250 0.006271
138260 0.006641
138270 0.002294
138280 0.000233
138290 0.005490
138300 0.000218
138310 -0.001178
138320 0.005085
138330 0.008197
138340 -0.000356
138350 0.012059
138360 0.006838
138370 0.002312
138380 0.004143
138390 0.011223
138400 0.004869
138410 0.006441
138420 -0.000166
138430 0.002147
138440 0.005773
138450 0.004436
138460 0.007678
138470 0.008045
138480 0.006642
138490 0.003418
138500 0.005073
138510 0.009103
138520 0.002725
138530 0.003274
138540 0.005588
138550 0.000145
138560 0.001957
138570 0.007616
138580 -0.000937
138590 0.004799
138600 0.000363
138610 0.004904
138620 0.005917
138630 0.000381
138640 0.000658
138650 0.000541
138660 0.003931
138670 0.000907
138680 0.001465
138690 0.004153
138700 0.004721
138710 0.005679
138720 0.003375
138730 0.003827
138740 0.014812
138750 0.016897
138760 0.009180
138770 0.006971
138780 0.008358
138790 0.006296
138800 0.007300
138810 -0.000233
138820 0.006191
138830 0.007024
138840 0.009375
138850 0.013040
138860 0.013172
138870 0.002144
138880 0.014703
138890 0.001747
138900 0.005985
138910 0.002930
138920 0.007400
138930 0.004160
138940 0.013456
138950 0.004016
138960 0.011718
138970 0.010198
138980 0.026605
138990 0.012726
139000 0.018058
139010 0.017579
139020 0.003428
139030 0.007326
139040 0.009828
139050 0.010520
139060 0.006990
139070 0.005578
139080 0.006544
139090 0.010014
139100 0.001055
139110 0.008060
139120 -0.000191
139130 0.004283
139140 0.004787
139150 0.004975
139160 0.004838
139170 0.009656
139180 0.003526
139190 0.004503
139200 0.003259
139210 0.010164
139220 0.004127
139230 -0.001184
139240 0.004187
139250 0.005170
139260 0.027234
139270 0.007638
139280 0.018355
139290 0.000637
139300 0.007691
139310 0.004671
139320 0.011576
139330 0.002294
139340 -0.001993
139350 0.004460
139360 0.004994
139370 0.000088
139380 0.005240
139390 0.006792
139400 0.002279
139410 0.004006
139420 0.004820
139430 0.011455
139440 0.014755
139450 0.004337
139460 -0.000702
139470 0.007223
139480 0.001752
139490 0.011152
139500 -0.001345
139510 0.005730
139520 0.003007
139530 0.005017
139540 0.000894
139550 0.001874
139560 0.001632
139570 0.011508
139580 0.007279
139590 -0.000013
139600 0.001379
139610 0.002349
139620 0.004296
139630 -0.000209
139640 0.006226
139650 0.006671
139660 0.006602
139670 0.008881
139680 0.016141
139690 0.002482
139700 0.003706
139710 0.004848
139720 0.005039
139730 0.011041
139740 0.003367
139750 0.009348
139760 0.002822
139770 0.005343
139780 0.007848
139790 0.001944
139800 0.004133
139810 0.004729
139820 0.002212
139830 0.012658
139840 0.022528
139850 0.032285
139860 0.036179
139870 0.031692
139880 0.031289
139890 0.014770
139900 0.008298
139910 0.033344
139920 0.015752
139930 0.028982
139940 0.000578
139950 0.024298
139960 0.015977
139970 0.022125
139980 0.009701
139990 0.007083
140000 -0.000663
140010 0.018483
140020 0.012758
140030 0.014482
140040 0.006948
140050 0.012609
140060 0.009329
140070 0.002806
140080 0.009806
140090 0.011832
140100 0.008604
140110 0.007059
140120 13.943132
140130 0.012888
140140 0.019448
140150 0.002756
140160 0.004805
140170 0.005141
140180 0.003763
140190 0.008918
140200 0.008802
140210 0.003517
140220 0.008545
140230 0.014249
140240 0.003910
140250 0.006259
140260 0.005184
140270 0.009731
140280 0.010671
140290 0.004421
140300 0.005185
140310 0.006963
140320 0.007891
140330 0.000376
140340 0.008284
140350 0.006500
140360 0.001986
140370 0.004191
140380 0.003208
140390 0.002841
140400 0.008335
140410 0.003841
140420 -0.002296
140430 0.003863
140440 0.002709
140450 0.008466
140460 0.003803
140470 0.009629
140480 0.004296
140490 0.003351
140500 0.012038
140510 0.003061
140520 0.002682
140530 0.001372
140540 0.006791
140550 0.004666
140560 0.003636
140570 0.001811
140580 -0.001593
140590 0.004745
140600 0.005699
140610 0.007511
140620 0.007547
140630 0.003306
140640 0.001828
140650 0.005400
140660 0.005385
140670 0.004319
140680 0.002156
140690 0.019058
140700 -0.000603
140710 0.001432
140720 0.010771
140730 0.008472
140740 0.003733
140750 0.004866
140760 0.008740
140770 0.000418
140780 0.004092
140790 0.005006
140800 0.002630
140810 0.005221
140820 0.002873
140830 0.008745
140840 0.006616
140850 0.003498
140860 0.007354
140870 0.009118
140880 0.006852
140890 0.008082
140900 0.004006
140910 -0.000738
140920 0.002538
140930 0.003269
140940 0.010683
140950 0.006092
140960 0.003007
140970 0.004822
140980 -0.001234
140990 0.010034
141000 0.008540
141010 0.005549
141020 0.006918
141030 0.004396
141040 0.005331
141050 0.003467
141060 0.003330
141070 0.009238
141080 -0.000901
141090 0.005594
141100 0.004987
141110 0.008120
141120 0.003891
141130 0.009140
141140 0.003580
141150 0.000998
141160 0.007752
141170 0.018280
141180 0.003560
141190 0.008017
141200 0.005119
141210 0.004059
141220 0.004500
141230 0.022715
141240 0.008162
141250 0.009988
141260 0.024046
141270 0.006489
141280 0.008356
141290 0.003795
141300 0.005430
141310 0.008546
141320 0.002210
141330 0.009150
141340 0.000853
141350 0.003958
141360 0.013311
141370 0.001458
141380 0.001590
141390 0.004101
141400 0.003002
141410 0.003509
141420 0.013124
141430 0.003752
141440 0.003222
141450 0.007432
141460 0.006800
141470 0.003826
141480 0.002544
141490 0.005832
141500 0.006469
141510 0.002897
141520 0.002751
141530 0.001220
141540 0.009968
141550 0.003788
141560 0.001339
141570 0.020759
141580 0.004678
141590 0.004891
141600 0.006903
141610 0.005397
141620 0.016186
141630 0.028508
141640 0.007606
141650 0.018227
141660 0.024987
141670 0.012959
141680 0.009177
141690 0.001047
141700 0.011785
141710 0.002425
141720 0.015226
141730 0.014302
141740 0.033633
141750 0.019678
141760 0.012042
141770 0.007719
141780 0.011266
141790 0.013888
141800 0.026046
141810 0.018051
141820 0.011270
141830 0.017652
141840 0.011304
141850 0.029398
141860 13.965075
141870 0.007026
141880 0.016983
141890 0.014154
141900 0.017651
141910 0.009245
141920 0.005990
141930 0.005020
141940 0.010250
141950 0.003590
141960 0.014526
141970 0.009494
141980 0.008226
141990 0.013439
142000 0.004018
142010 0.008211
142020 0.003889
142030 0.004619
142040 0.013288
142050 0.012110
142060 0.015505
142070 0.003083
142080 0.027983
142090 0.011898
142100 0.019428
142110 0.003710
142120 0.008122
142130 0.004972
142140 0.004770
142150 0.010594
142160 0.011954
142170 0.019176
142180 0.024801
142190 0.013569
142200 0.021303
142210 0.006593
142220 0.006591
142230 0.015735
142240 0.013350
142250 0.017245
142260 0.004400
142270 0.004735
142280 0.005267
142290 0.012317
142300 0.010804
142310 0.018177
142320 0.007722
142330 0.010381
142340 0.016420
142350 0.007487
142360 0.011834
142370 0.010244
142380 -0.000486
142390 0.006831
142400 0.007194
142410 0.006767
142420 0.008748
142430 0.003719
142440 0.002136
142450 0.013331
142460 0.003065
142470 0.004815
142480 0.005288
142490 0.012977
142500 0.003986
142510 0.008097
142520 0.004613
142530 0.006974
142540 0.008716
142550 0.005155
142560 0.007623
142570 0.008724
142580 0.011332
142590 0.021137
142600 0.001729
142610 0.008738
142620 0.001726
142630 -0.003398
142640 0.007976
142650 0.002320
142660 0.015099
142670 0.008446
142680 0.011559
142690 0.010936
142700 0.004469
142710 0.017874
142720 0.010441
142730 0.019296
142740 0.014293
142750 0.012200
142760 0.006565
142770 0.002483
142780 0.005225
142790 0.003504
142800 0.008412
142810 0.006968
142820 0.002654
142830 0.011427
142840 0.006091
142850 0.001591
142860 0.008967
142870 -0.001122
142880 0.003897
142890 0.004084
142900 0.010875
142910 0.006371
142920 0.000935
142930 0.001178
142940 13.950018
142950 0.004552
142960 0.006223
142970 0.004619
142980 0.013645
142990 0.004465
143000 0.004262
143010 0.006890
143020 0.000109
143030 0.014943
143040 0.009711
143050 0.006548
143060 0.010746
143070 0.009370
143080 0.005490
143090 0.000668
143100 0.006434
143110 0.007790
143120 0.008153
143130 0.016154
143140 0.008321
143150 0.008816
143160 0.005986
143170 0.018007
143180 0.005913
143190 0.007472
143200 0.004731
143210 0.006561
143220 0.010969
143230 0.002237
143240 0.009476
143250 0.008381
143260 0.014884
143270 -0.001988
143280 0.013733
143290 0.002218
143300 0.009603
143310 0.002115
143320 0.001057
143330 0.009889
143340 -0.000871
143350 0.001748
143360 0.004564
143370 0.009267
143380 0.004268
143390 0.006490
143400 0.006111
143410 0.010684
143420 0.005032
143430 0.004256
143440 0.005854
143450 0.008101
143460 0.007099
143470 0.007986
143480 0.057904
143490 0.005461
143500 0.006429
143510 0.004808
143520 0.001471
143530 0.007180
143540 0.002235
143550 0.002830
143560 0.006491
143570 0.008812
143580 0.008827
143590 0.000817
143600 0.001097
143610 0.000194
143620 0.012518
143630 0.003748
143640 0.001613
143650 0.004657
143660 0.012526
143670 0.003263
143680 0.006193
143690 0.000425
143700 0.001197
143710 0.000725
143720 0.006702
143730 0.007038
143740 0.009844
143750 0.005454
143760 0.005269
143770 0.007188
143780 -0.000401
143790 0.002767
143800 0.000652
143810 0.001889
143820 0.013983
143830 0.001557
143840 0.007052
143850 0.007072
143860 0.003889
143870 0.003871
143880 0.005492
143890 0.006928
143900 0.001181
143910 0.004459
143920 0.003391
143930 0.008266
143940 0.000083
143950 0.000517
143960 0.015906
143970 0.004311
143980 0.009949
143990 0.003046
144000 0.008441
144010 0.009842
144020 0.011106
144030 0.002327
144040 0.002595
144050 0.004383
144060 0.010840
144070 0.003558
144080 -0.000815
144090 0.002783
144100 0.003199
144110 0.005142
144120 0.002432
144130 0.023973
144140 0.009554
144150 0.008596
144160 0.005442
144170 0.013084
144180 0.012323
144190 0.004635
144200 0.010649
144210 0.006356
144220 0.005274
144230 0.010304
144240 0.005891
144250 0.003199
144260 0.003527
144270 -0.000005
144280 0.007171
144290 0.007119
144300 0.005102
144310 0.003176
144320 0.006217
144330 13.962912
144340 0.007666
144350 0.013665
144360 0.006398
144370 0.004968
144380 0.008997
144390 0.012426
144400 0.010533
144410 0.006028
144420 0.004695
144430 0.003319
144440 0.009148
144450 0.005398
144460 0.005025
144470 -0.001365
144480 0.001851
144490 13.948313
144500 0.014455
144510 0.012334
144520 0.006457
144530 0.006569
144540 0.006348
144550 0.004293
144560 0.003364
144570 0.005600
144580 0.007273
144590 0.009872
144600 0.005857
144610 0.003141
144620 0.009066
144630 0.004275
144640 0.003709
144650 0.002145
144660 0.007795
144670 0.008802
144680 0.003299
144690 -0.000615
144700 -0.000504
144710 0.002961
144720 0.004559
144730 0.003385
144740 0.003949
144750 -0.002224
144760 0.005683
144770 0.003983
144780 0.001856
144790 0.002878
144800 0.004641
144810 0.017079
144820 0.004325
144830 0.004710
144840 0.003305
144850 0.004762
144860 0.008735
144870 0.003734
144880 0.018906
144890 0.011590
144900 0.010964
144910 0.012378
144920 0.011448
144930 0.010459
144940 0.005520
144950 0.019881
144960 0.010621
144970 0.006714
144980 0.007949
144990 0.007554
145000 0.006122
145010 0.000144
145020 0.004617
145030 0.003831
145040 0.003694
145050 0.003048
145060 0.009714
145070 0.005377
145080 0.001257
145090 0.010481
145100 0.007850
145110 0.004411
145120 0.007669
145130 0.001264
145140 0.005698
145150 0.003967
145160 0.002807
145170 -0.003194
145180 0.004146
145190 0.004230
145200 0.009106
145210 0.013805
145220 0.010812
145230 0.001643
145240 0.007259
145250 0.001794
145260 0.011612
145270 0.000804
145280 0.004245
145290 0.017771
145300 0.001029
145310 0.001305
145320 0.004345
145330 0.005010
145340 0.007715
145350 0.003464
145360 0.004158
145370 0.003008
145380 0.003532
145390 0.001727
145400 0.002362
145410 0.009990
145420 0.003742
145430 0.002770
145440 0.000213
145450 -0.001799
145460 0.008943
145470 0.005655
145480 0.010810
145490 0.002362
145500 0.010690
145510 0.009499
145520 0.005633
145530 0.000230
145540 -0.003609
145550 0.011172
145560 0.003004
145570 0.004528
145580 0.006351
145590 0.010969
145600 0.005206
145610 0.008684
145620 0.002475
145630 0.007166
145640 0.008480
145650 0.009420
145660 0.004002
145670 0.006493
145680 0.003881
145690 0.005936
145700 0.005632
145710 0.007689
145720 0.006961
145730 0.008115
145740 0.005347
145750 0.007773
145760 0.004706
145770 0.006411
145780 0.021453
145790 0.012709
145800 0.006431
145810 0.001738
145820 0.008976
145830 0.005112
145840 0.002021
145850 0.005515
145860 -0.002170
145870 0.001856
145880 0.007206
145890 0.004757
145900 0.008676
145910 0.003814
145920 0.000944
145930 0.006764
145940 0.003171
145950 0.006438
145960 0.013204
145970 0.008942
145980 0.001101
145990 0.004469
146000 0.000598
146010 0.017708
146020 0.000983
146030 0.004834
146040 0.006572
146050 0.013291
146060 0.002504
146070 0.011028
146080 0.006226
146090 0.010173
146100 0.004223
146110 0.012118
146120 0.014572
146130 0.003145
146140 0.006697
146150 0.006527
146160 0.007966
146170 0.010205
146180 0.006668
146190 0.014341
146200 0.003824
146210 0.002220
146220 0.006353
146230 0.003959
146240 0.002307
146250 0.003529
146260 13.973781
146270 0.000151
146280 0.009521
146290 0.005488
146300 0.019523
146310 0.007014
146320 0.010546
146330 0.008766
146340 0.002223
146350 -0.000074
146360 0.005756
146370 0.007969
146380 0.000860
146390 0.006722
146400 0.008498
146410 0.006933
146420 0.005484
146430 0.003776
146440 0.007732
146450 0.009238
146460 0.003167
146470 0.011588
146480 0.002120
146490 0.005599
146500 0.002176
146510 0.004140
146520 0.004203
146530 0.008089
146540 0.014299
146550 0.007573
146560 0.006256
146570 0.009412
146580 0.012457
146590 0.015785
146600 -0.001372
146610 0.010840
146620 0.006199
146630 0.009693
146640 0.009471
146650 0.005092
146660 0.011785
146670 0.006800
146680 0.002994
146690 0.008891
146700 -0.000598
146710 0.004158
146720 0.002233
146730 0.004558
146740 0.011861
146750 0.005807
146760 0.007225
146770 0.001456
146780 0.007163
146790 0.005323
146800 0.009906
146810 0.001650
146820 0.006385
146830 0.007583
146840 0.009234
146850 -0.000404
146860 -0.000099
146870 -0.001716
146880 0.004719
146890 0.002490
146900 0.011361
146910 0.006480
146920 0.008824
146930 0.005457
146940 0.011920
146950 0.006241
146960 0.005345
146970 0.005941
146980 0.007016
146990 0.006788
147000 0.004683
147010 0.004520
147020 -0.000234
147030 0.005940
147040 0.003993
147050 0.003177
147060 0.001418
147070 0.003941
147080 0.003228
147090 0.009449
147100 0.018064
147110 0.019607
147120 0.017651
147130 0.027199
147140 0.018180
147150 0.006327
147160 0.009567
147170 0.006675
147180 0.007026
147190 0.010399
147200 0.004770
147210 0.017455
147220 0.008332
147230 0.010967
147240 0.011022
147250 0.009664
147260 0.019292
147270 0.018430
147280 0.013448
147290 0.013947
147300 0.004540
147310 0.007053
147320 0.007501
147330 0.008129
147340 0.004106
147350 0.007262
147360 0.004540
147370 0.005618
147380 0.007385
147390 0.004619
147400 0.004003
147410 0.005602
147420 0.005579
147430 0.018194
147440 0.004507
147450 0.005563
147460 0.000697
147470 0.005476
147480 0.010079
147490 0.020184
147500 0.006956
147510 0.012867
147520 0.004724
147530 0.005112
147540 0.006029
147550 0.005365
147560 0.006346
147570 0.005397
147580 0.006919
147590 0.020278
147600 0.005930
147610 0.012457
147620 0.012649
147630 0.005659
147640 0.007304
147650 0.017768
147660 0.004476
147670 0.007419
147680 0.017182
147690 0.006761
147700 0.003465
147710 0.006156
147720 0.006020
147730 0.000038
147740 0.005916
147750 0.022361
147760 0.009338
147770 0.013791
147780 0.004657
147790 0.014075
147800 0.008613
147810 0.009876
147820 0.006062
147830 0.010397
147840 0.021109
147850 0.002479
147860 0.004126
147870 0.015931
147880 0.014569
147890 0.006329
147900 -0.001538
147910 0.006212
147920 0.008498
147930 0.008414
147940 0.010540
147950 0.005346
147960 0.006337
147970 0.004886
147980 0.005361
147990 0.008706
148000 0.011577
148010 0.004587
148020 0.006589
148030 0.012851
148040 0.008134
148050 0.001754
148060 0.003187
148070 0.007097
148080 0.010579
148090 0.001966
148100 0.013586
148110 0.002878
148120 -0.002619
148130 0.005026
148140 0.002774
148150 0.005504
148160 0.005756
148170 0.015202
148180 13.959218
148190 0.006278
148200 0.003124
148210 0.007043
148220 0.010030
148230 0.002966
148240 0.005220
148250 0.011120
148260 0.005059
148270 0.005423
148280 0.003653
148290 0.014028
148300 0.014149
148310 0.007223
148320 0.027515
148330 0.011039
148340 0.017522
148350 0.006169
148360 0.031999
148370 0.013647
148380 0.041570
148390 0.026255
148400 0.014620
148410 0.008287
148420 0.004079
148430 0.020906
148440 0.020762
148450 0.005695
148460 0.013713
148470 0.027902
148480 0.034091
148490 0.026215
148500 0.012261
148510 0.010906
148520 0.014342
148530 0.000078
148540 0.013310
148550 0.011802
148560 -0.000761
148570 0.013460
148580 0.004636
148590 0.011208
148600 0.021492
148610 0.021138
148620 0.020548
148630 0.007927
148640 0.008226
148650 0.000978
148660 0.002692
148670 0.004954
148680 0.003364
148690 0.005793
148700 0.005414
148710 0.005727
148720 0.007667
148730 0.000996
148740 0.007175
148750 0.002714
148760 0.006201
148770 0.001048
148780 0.006287
148790 0.009733
148800 0.004949
148810 0.003521
148820 0.000128
148830 0.006681
148840 0.000902
148850 0.000709
148860 0.002512
148870 0.003499
148880 0.007348
148890 0.003692
148900 0.005932
148910 0.005191
148920 0.004620
148930 0.003367
148940 0.003922
148950 0.012091
148960 0.013533
148970 0.005073
148980 0.010389
148990 0.007502
149000 0.015218
149010 0.002686
149020 0.009021
149030 0.022719
149040 0.009267
149050 0.018381
149060 0.010584
149070 0.003294
149080 0.010294
149090 0.005165
149100 0.006755
149110 0.006891
149120 0.009458
149130 0.003651
149140 0.010691
149150 0.009553
149160 0.006922
149170 0.009056
149180 0.002006
149190 0.002238
149200 0.009853
149210 0.004421
149220 0.003537
149230 0.011304
149240 0.008260
149250 0.000416
149260 0.003122
149270 0.000230
149280 0.006872
149290 0.003940
149300 0.010897
149310 0.029678
149320 0.004367
149330 0.008136
149340 0.002736
149350 0.007091
149360 0.010579
149370 0.004125
149380 0.006672
149390 -0.000666
149400 0.019491
149410 0.017924
149420 0.018630
149430 0.006844
149440 0.009407
149450 0.006030
149460 0.009933
149470 0.000400
149480 0.016772
149490 0.013228
149500 0.003423
149510 0.004932
149520 0.020863
149530 0.004967
149540 -0.002005
149550 0.003514
149560 0.004798
149570 -0.002689
149580 0.008498
149590 0.008467
149600 0.007027
149610 0.009835
149620 0.001776
149630 0.006388
149640 0.001962
149650 0.005644
149660 0.005867
149670 0.006421
149680 0.006239
149690 0.003190
149700 0.002130
149710 -0.001323
149720 -0.000358
149730 0.002875
149740 0.006329
149750 0.002322
149760 0.010395
149770 0.003047
149780 0.006169
149790 0.004402
149800 0.004618
149810 0.006396
149820 0.014742
149830 0.010508
149840 0.003683
149850 0.007192
149860 0.013851
149870 0.002270
149880 0.002885
149890 0.005039
149900 -0.000525
149910 0.003960
149920 -0.000159
149930 0.012571
149940 0.009972
149950 0.002305
149960 0.004508
149970 0.008106
149980 0.007431
149990 0.006894
150000 0.003051
150010 0.003202
150020 0.005589
150030 0.013064
150040 -0.000869
150050 0.006597
150060 0.007883
150070 0.000809
150080 0.008125
150090 0.010945
150100 0.013616
150110 0.012862
150120 0.009415
150130 0.007105
150140 -0.001884
150150 0.008712
150160 0.011814
150170 0.005313
150180 13.947025
150190 0.012096
150200 0.005353
150210 0.005721
150220 0.001425
150230 0.008202
150240 0.013326
150250 0.004776
150260 0.005934
150270 0.008826
150280 0.005302
150290 0.010128
150300 0.006056
150310 0.005474
150320 0.006611
150330 0.010067
150340 0.005811
150350 0.012557
150360 0.005891
150370 0.000575
150380 0.011188
150390 0.001229
150400 -0.000212
150410 0.001849
150420 0.003416
150430 0.006428
150440 0.011599
150450 0.002861
150460 0.008304
150470 0.002192
150480 0.003581
150490 0.004072
150500 0.004081
150510 0.004820
150520 0.008152
150530 0.007676
150540 0.003163
150550 0.010222
150560 0.008186
150570 0.011664
150580 0.003069
150590 0.002939
150600 0.001954
150610 -0.000276
150620 0.005773
150630 0.003511
150640 0.007311
150650 0.002570
150660 0.003396
150670 0.001036
150680 0.008863
150690 0.005832
150700 -0.001986
150710 -0.000603
150720 0.003763
150730 0.002378
150740 0.007821
150750 0.002380
150760 0.006232
150770 0.004656
150780 0.004305
150790 0.005684
150800 0.006171
150810 0.001161
150820 0.002792
150830 0.008373
150840 -0.000728
150850 0.011069
150860 0.000940
150870 0.003727
150880 -0.001326
150890 0.005454
150900 0.007280
150910 0.004241
150920 0.004944
150930 0.008978
150940 0.001890
150950 0.005539
150960 -0.000578
150970 0.001844
150980 0.005464
150990 0.009086
151000 0.004208
151010 0.016855
151020 0.005890
151030 0.011521
151040 0.008187
151050 -0.000363
151060 0.004814
151070 0.005918
151080 0.000905
151090 0.000989
151100 0.000852
151110 0.008626
151120 0.002937
151130 0.004816
151140 0.003235
151150 0.005896
151160 0.003052
151170 0.008426
151180 0.003073
151190 0.005093
151200 0.003776
151210 0.004277
151220 0.006795
151230 0.004501
151240 0.002101
151250 0.002796
151260 0.008463
151270 0.006500
151280 0.003823
151290 0.001480
151300 0.007632
151310 0.004916
151320 0.003183
151330 0.003165
151340 0.000683
151350 0.008161
151360 0.004611
151370 0.003536
151380 0.007653
151390 0.008214
151400 0.009853
151410 0.003241
151420 0.001945
151430 0.003579
151440 0.003244
151450 0.011725
151460 0.007711
151470 0.013392
151480 0.008621
151490 0.002439
151500 0.008870
151510 0.005742
151520 0.007653
151530 0.005523
151540 0.011594
151550 0.004085
151560 0.007561
151570 0.010752
151580 -0.000965
151590 0.007152
151600 0.008992
151610 0.002993
151620 0.002545
151630 0.006679
151640 0.003932
151650 0.010079
151660 0.000270
151670 0.009993
151680 0.007136
151690 0.000946
151700 0.008999
151710 0.002046
151720 0.003627
151730 0.003633
151740 -0.000093
151750 0.003414
151760 0.010236
151770 0.006190
151780 0.007284
151790 0.007939
151800 0.000750
151810 0.002430
151820 0.012495
151830 0.000521
151840 0.003353
151850 0.004413
151860 0.015515
151870 0.005323
151880 0.011293
151890 0.006830
151900 0.006050
151910 0.008042
151920 0.004628
151930 -0.002354
151940 0.001643
151950 0.023821
151960 0.004309
151970 0.000483
151980 0.005195
151990 0.000945
152000 0.003061
152010 0.006832
152020 0.002890
152030 0.001556
152040 0.008297
152050 0.004402
152060 0.007432
152070 -0.000314
152080 0.006475
152090 0.002800
152100 0.001140
152110 0.003678
152120 0.006043
152130 0.001272
152140 0.000953
152150 0.003142
152160 0.001279
152170 0.004039
152180 0.002516
152190 0.005399
152200 0.006969
152210 0.001415
152220 0.006321
152230 0.001617
152240 0.001930
152250 0.004951
152260 0.003557
152270 0.008498
152280 0.005348
152290 0.003976
152300 -0.001312
152310 0.008942
152320 0.014392
152330 0.002316
152340 0.003108
152350 0.007533
152360 0.006439
152370 -0.001022
152380 -0.000130
152390 0.007291
152400 0.007979
152410 0.007871
152420 0.007661
152430 0.007250
152440 0.008868
152450 0.003124
152460 0.002193
152470 0.000227
152480 0.002563
152490 0.005873
152500 0.004721
152510 0.006048
152520 0.010582
152530 -0.000644
152540 0.006163
152550 0.004701
152560 0.002525
152570 0.002028
152580 0.004528
152590 0.003922
152600 0.009104
152610 0.006665
152620 0.004742
152630 0.003996
152640 0.005645
152650 0.001174
152660 0.008392
152670 0.004476
152680 0.006280
152690 0.005756
152700 0.004570
152710 -0.002556
152720 0.007100
152730 0.003082
152740 0.003908
152750 0.003033
152760 0.005456
152770 0.011828
152780 0.000007
152790 0.003087
152800 0.006327
152810 13.947775
152820 0.001992
152830 -0.001144
152840 -0.003384
152850 -0.001364
152860 0.000805
152870 0.001623
152880 0.008225
152890 0.002850
152900 0.002765
152910 0.006353
152920 -0.002728
152930 -0.002621
152940 0.002007
152950 0.001610
152960 0.005989
152970 0.005281
152980 0.004080
152990 0.002363
153000 0.002932
153010 -0.000282
153020 0.003584
153030 0.000116
153040 0.003023
153050 0.005715
153060 0.005449
153070 0.007764
153080 -0.001220
153090 0.004418
153100 -0.000329
153110 0.001716
153120 0.004545
153130 0.005631
153140 -0.000126
153150 0.007017
153160 0.007609
153170 0.003820
153180 13.960131
153190 0.002367
153200 0.006674
153210 0.003276
153220 0.002628
153230 0.001551
153240 0.004342
153250 0.003167
153260 0.008340
153270 0.005808
153280 0.004892
153290 0.006330
153300 0.009476
153310 0.001479
153320 0.007106
153330 0.004142
153340 0.005278
153350 0.008263
153360 13.975995
153370 0.005549
153380 0.006554
153390 0.017350
153400 13.957010
153410 0.007812
153420 -0.001021
153430 0.005611
153440 0.007885
153450 0.006307
153460 0.001598
153470 0.003322
153480 0.001976
153490 0.001957
153500 0.001366
153510 0.008469
153520 0.005610
153530 0.006851
153540 0.004972
153550 0.002043
153560 0.000915
153570 0.008173
153580 0.015237
153590 0.003292
153600 0.004092
153610 0.006955
153620 0.006113
153630 0.000217
153640 0.004579
153650 0.004532
153660 0.001138
153670 0.006808
153680 -0.000403
153690 0.005958
153700 13.951114
153710 0.001071
153720 0.000069
153730 13.989565
153740 0.011685
153750 0.009901
153760 0.006982
153770 -0.000514
153780 0.001611
153790 0.005626
153800 0.005981
153810 0.009620
153820 0.006222
153830 0.006520
153840 0.002013
153850 0.006157
153860 0.007231
153870 0.004315
153880 0.007309
153890 0.000578
153900 0.002313
153910 0.005167
153920 0.006694
153930 0.002368
153940 0.004277
153950 0.002698
153960 0.004793
153970 0.002259
153980 0.003519
153990 0.004190
154000 0.002814
154010 0.007007
154020 0.007124
154030 0.005059
154040 0.002427
154050 0.001744
154060 0.005033
154070 0.002398
154080 0.006453
154090 0.009198
154100 0.003097
154110 0.008900
154120 0.003297
154130 0.005210
154140 0.004197
154150 0.003920
154160 0.002113
154170 0.008271
154180 0.000429
154190 0.002890
154200 0.002267
154210 0.000680
154220 -0.000321
154230 0.008779
154240 0.004978
154250 0.007940
154260 0.004629
154270 0.008016
154280 0.003631
154290 0.000228
154300 0.001414
154310 0.003552
154320 0.007490
154330 0.008726
154340 0.004170
154350 0.006800
154360 0.001335
154370 0.005403
154380 0.004052
154390 0.005264
154400 0.004708
154410 0.004046
154420 0.000876
154430 0.008702
154440 0.004617
154450 0.000863
154460 0.005200
154470 0.007519
154480 0.007319
154490 0.001605
154500 0.004720
154510 0.005774
154520 0.011522
154530 0.015561
154540 0.006568
154550 0.001750
154560 0.002976
154570 0.002336
154580 0.000048
154590 0.006667
154600 0.004527
154610 -0.002537
154620 0.001192
154630 0.011141
154640 -0.000313
154650 0.003288
154660 0.008251
154670 0.001241
154680 0.006674
154690 0.003805
154700 0.004370
154710 0.009854
154720 0.005781
154730 0.005434
154740 0.004908
154750 0.006849
154760 0.004846
154770 0.007084
154780 0.008102
154790 0.013090
154800 0.005315
154810 0.000287
154820 0.005400
154830 0.009137
154840 0.005261
154850 0.003063
154860 0.008976
154870 0.000759
154880 -0.000561
154890 0.003867
154900 0.001788
154910 0.009858
154920 0.004203
154930 0.008293
154940 0.004812
154950 -0.000996
154960 0.004678
154970 0.008646
154980 0.007706
154990 0.007709
155000 0.014495
155010 0.004932
155020 0.003860
155030 0.001315
155040 0.006914
155050 -0.001908
155060 0.005526
155070 0.007695
155080 0.015413
155090 0.003559
155100 0.001452
155110 0.002288
155120 0.011437
155130 0.008701
155140 0.001396
155150 0.004732
155160 0.004358
155170 0.013356
155180 0.002693
155190 0.000076
155200 0.005097
155210 0.002981
155220 0.012965
155230 13.958404
155240 0.006080
155250 0.009233
155260 0.006375
155270 0.004158
155280 0.004516
155290 0.013552
155300 0.006156
155310 0.002105
155320 0.000678
155330 -0.001072
155340 0.005932
155350 0.007270
155360 0.003754
155370 0.002319
155380 0.001529
155390 0.005597
155400 0.000440
155410 -0.002047
155420 0.001690
155430 0.010302
155440 0.002649
155450 0.004274
155460 0.006883
155470 0.009011
155480 0.002228
155490 0.006761
155500 -0.001554
155510 0.005235
155520 0.000315
155530 0.001427
155540 0.001999
155550 0.004040
155560 0.005928
155570 -0.002156
155580 0.000240
155590 0.005031
155600 0.005407
155610 0.005259
155620 0.004999
155630 0.003978
155640 -0.000010
155650 0.003126
155660 -0.003638
155670 0.008105
155680 0.004395
155690 0.008904
155700 -0.002499
155710 0.014126
155720 0.001712
155730 0.003902
155740 0.002155
155750 0.001928
155760 0.000926
155770 0.004264
155780 0.002360
155790 -0.001667
155800 0.013494
155810 0.002741
155820 0.011326
155830 0.005836
155840 0.004595
155850 0.001317
155860 0.005437
155870 -0.000467
155880 0.003847
155890 0.006018
155900 0.000249
155910 -0.000672
155920 0.001870
155930 0.005740
155940 0.002126
155950 0.004628
155960 0.001046
155970 0.004930
155980 0.000646
155990 0.002815
156000 0.000927
156010 0.002668
156020 0.009726
156030 0.002881
156040 0.001851
156050 0.001655
156060 0.003233
156070 0.005814
156080 0.003753
156090 0.014176
156100 0.004556
156110 0.004706
156120 0.003374
156130 0.006160
156140 0.002668
156150 0.007448
156160 0.016119
156170 0.007600
156180 0.000593
156190 0.001259
156200 0.006684
156210 0.008827
156220 0.004810
156230 -0.002293
156240 -0.001385
156250 0.003018
156260 0.017429
156270 0.000334
156280 0.000582
156290 0.000124
156300 -0.005142
156310 0.001269
156320 0.000485
156330 0.002185
156340 0.002569
156350 0.002630
156360 0.000755
156370 0.000310
156380 0.005373
156390 0.002235
156400 0.001526
156410 0.004075
156420 0.005137
156430 0.001935
156440 0.005615
156450 -0.000646
156460 0.001350
156470 0.002507
156480 0.009399
156490 0.001051
156500 0.016323
156510 -0.001212
156520 0.000100
156530 -0.000733
156540 0.002592
156550 0.002832
156560 0.001636
156570 -0.000310
156580 0.002165
156590 0.001345
156600 0.004168
156610 0.006254
156620 0.007814
156630 0.005820
156640 0.006627
156650 0.005887
156660 0.002892
156670 0.002766
156680 0.000783
156690 0.009386
156700 0.000910
156710 0.003767
156720 0.009618
156730 0.004707
156740 0.005110
156750 0.009458
156760 0.005213
156770 0.004160
156780 0.003524
156790 0.003889
156800 0.006095
156810 0.008510
156820 0.004408
156830 0.003317
156840 0.006624
156850 0.002752
156860 0.007770
156870 -0.000892
156880 0.003935
156890 0.002448
156900 0.004143
156910 0.003873
156920 0.000537
156930 0.002137
156940 0.002716
156950 0.003634
156960 0.005953
156970 0.008730
156980 -0.001053
156990 0.005051
157000 0.007966
157010 0.007441
157020 0.004809
157030 -0.000903
157040 0.006337
157050 0.006670
157060 0.004310
157070 0.003510
157080 0.002578
157090 0.001970
157100 0.003320
157110 0.006925
157120 0.006203
157130 0.009328
157140 0.002262
157150 0.003114
157160 0.003118
157170 0.009209
157180 0.008118
157190 0.010636
157200 0.007810
157210 0.014193
157220 0.006186
157230 0.014665
157240 0.010979
157250 0.011753
157260 0.005084
157270 0.001682
157280 0.001927
157290 13.951009
157300 0.000959
157310 0.005150
157320 0.010185
157330 0.000325
157340 0.007144
157350 0.004931
157360 0.002246
157370 0.003632
157380 0.003892
157390 0.000357
157400 0.001315
157410 -0.003048
157420 0.001505
157430 0.000697
157440 0.005560
157450 0.006291
157460 0.003703
157470 0.003888
157480 0.007926
157490 0.004279
157500 0.007780
157510 0.002596
157520 0.002256
157530 0.004281
157540 0.011849
157550 0.001954
157560 0.006587
157570 0.005914
157580 0.004654
157590 0.004926
157600 0.003276
157610 0.000802
157620 0.005855
157630 0.001692
157640 0.000260
157650 0.005507
157660 0.001566
157670 0.001990
157680 0.000595
157690 0.003264
157700 0.007213
157710 0.002504
157720 0.000409
157730 0.006364
157740 0.005512
157750 -0.001318
157760 0.003395
157770 0.007553
157780 0.001514
157790 0.001843
157800 0.000687
157810 0.000711
157820 0.000763
157830 0.004685
157840 0.008576
157850 -0.000711
157860 0.006089
157870 0.006066
157880 0.007344
157890 0.008378
157900 0.000990
157910 0.000749
157920 0.009196
157930 0.005396
157940 0.006689
157950 0.004452
157960 -0.001654
157970 0.000760
157980 -0.000206
157990 0.006807
158000 0.005360
158010 0.009942
158020 0.009411
158030 0.001580
158040 0.008130
158050 0.002875
158060 0.003874
158070 0.002107
158080 0.001912
158090 0.006258
158100 0.001026
158110 0.002161
158120 0.002004
158130 0.001839
158140 0.002276
158150 0.002670
158160 0.005566
158170 0.001649
158180 0.005231
158190 -0.002017
158200 0.000766
158210 -0.000585
158220 0.006077
158230 0.004369
158240 0.001058
158250 0.006244
158260 0.002827
158270 0.004700
158280 0.002186
158290 -0.000658
158300 0.007446
158310 0.007489
158320 0.001759
158330 0.000585
158340 0.004715
158350 0.002838
158360 -0.000048
158370 0.006723
158380 0.001195
158390 0.003400
158400 0.011873
158410 -0.001206
158420 0.000138
158430 -0.000062
158440 0.008393
158450 0.005887
158460 -0.000770
158470 0.007106
158480 0.002421
158490 0.001199
158500 0.003442
158510 0.006859
158520 0.002305
158530 0.004415
158540 0.000209
158550 0.004035
158560 -0.001304
158570 0.009203
158580 -0.001071
158590 0.008137
158600 0.005163
158610 0.010801
158620 0.006154
158630 0.003727
158640 0.001948
158650 0.006492
158660 -0.003157
158670 -0.000168
158680 0.004606
158690 0.007883
158700 0.004012
158710 0.000318
158720 0.004887
158730 0.007654
158740 0.000664
158750 0.001550
158760 0.007427
158770 0.008451
158780 0.004525
158790 -0.001364
158800 -0.001119
158810 0.005234
158820 0.000349
158830 0.003486
158840 0.000887
158850 0.002629
158860 0.003829
158870 0.008104
158880 0.001315
158890 0.003788
158900 0.002304
158910 0.006204
158920 0.014774
158930 0.000891
158940 0.003949
158950 0.004174
158960 0.005635
158970 0.004098
158980 13.946667
158990 0.004171
159000 0.003833
159010 0.001543
159020 0.003391
159030 0.001330
159040 0.006219
159050 0.001299
159060 -0.004463
159070 0.002586
159080 0.001661
159090 0.004571
159100 -0.002797
159110 0.003445
159120 0.004160
159130 0.005631
159140 0.010733
159150 0.004782
159160 0.001613
159170 -0.005415
159180 0.000406
159190 0.004138
159200 0.007087
159210 0.008618
159220 0.001614
159230 0.004568
159240 0.006874
159250 0.005145
159260 0.000672
159270 0.004569
159280 0.004740
159290 -0.000979
159300 0.001503
159310 0.006470
159320 0.002202
159330 0.003098
159340 0.004025
159350 0.002544
159360 0.008926
159370 0.008206
159380 -0.000000
159390 0.005253
159400 0.006699
159410 0.002647
159420 0.003268
159430 -0.000371
159440 0.006159
159450 0.003160
159460 0.001753
159470 0.003091
159480 0.006820
159490 0.010559
159500 0.003642
159510 0.004204
159520 0.000018
159530 0.002029
159540 0.003473
159550 0.003966
159560 0.005827
159570 0.000300
159580 0.003074
159590 0.007216
159600 0.004946
159610 0.000133
159620 0.001794
159630 0.001329
159640 0.000884
159650 0.008371
159660 0.008208
159670 -0.000031
159680 0.000754
159690 0.004522
159700 0.002707
159710 0.005942
159720 0.002905
159730 0.004039
159740 13.985920
159750 0.002314
159760 0.004219
159770 0.008995
159780 0.003231
159790 0.003658
159800 0.001325
159810 13.917566
159820 0.001514
159830 0.001574
159840 0.003746
159850 0.007301
159860 0.004057
159870 0.003104
159880 0.004764
159890 0.002770
159900 0.003971
159910 -0.000326
159920 -0.000689
159930 0.004212
159940 0.002396
159950 0.006204
159960 0.006797
159970 -0.003161
159980 0.006301
159990 -0.001709
160000 0.001519
160010 -0.000383
160020 0.006798
160030 0.001972
160040 0.001833
160050 0.002914
160060 -0.000932
160070 0.000154
160080 0.007908
160090 0.004177
160100 0.002117
160110 -0.000152
160120 0.000273
160130 0.001923
160140 0.006749
160150 0.000820
160160 0.002032
160170 0.004930
160180 0.000390
160190 0.005280
160200 0.004187
160210 0.002047
160220 0.007132
160230 0.005579
160240 -0.000126
160250 0.003948
160260 -0.001036
160270 0.001207
160280 0.001804
160290 0.008217
160300 0.004952
160310 0.004778
160320 0.002065
160330 0.001856
160340 13.961602
160350 0.009032
160360 0.003765
160370 0.009902
160380 0.004595
160390 0.000607
160400 0.002310
160410 0.001356
160420 0.001702
160430 0.002240
160440 0.001985
160450 0.003672
160460 0.002785
160470 0.005227
160480 0.002548
160490 0.000236
160500 0.004357
160510 0.000011
160520 0.006317
160530 0.005179
160540 0.000498
160550 -0.001441
160560 0.003045
160570 0.003762
160580 0.005187
160590 0.000549
160600 0.003434
160610 0.005195
160620 -0.002530
160630 0.000810
160640 0.002414
160650 0.006283
160660 -0.000822
160670 0.005915
160680 0.003899
160690 0.012616
160700 0.001346
160710 0.007121
160720 0.005369
160730 0.006912
160740 0.007143
160750 0.000793
160760 -0.001179
160770 0.005143
160780 0.003442
160790 0.002377
160800 0.006678
160810 0.007790
160820 0.004173
160830 0.004595
160840 -0.000232
160850 0.007607
160860 -0.001552
160870 0.003462
160880 0.000945
160890 0.010353
160900 0.009031
160910 0.008189
160920 0.003453
160930 0.006250
160940 0.011444
160950 0.007286
160960 0.005064
160970 0.001581
160980 -0.002629
160990 0.008761
161000 -0.003452
161010 0.005129
161020 0.010939
161030 0.010233
161040 0.024115
161050 0.007078
161060 0.001689
161070 0.008093
161080 0.008816
161090 0.004155
161100 0.004552
161110 0.005551
161120 0.003351
161130 0.003677
161140 0.003438
161150 0.002433
161160 0.006822
161170 0.001201
161180 0.004117
161190 0.005896
161200 0.003217
161210 -0.002722
161220 0.004148
161230 0.004770
161240 0.000506
161250 -0.000468
161260 0.003392
161270 0.004847
161280 0.004672
161290 0.006340
161300 0.002034
161310 0.002359
161320 0.012985
161330 0.001705
161340 0.006575
161350 0.003889
161360 0.001883
161370 0.007478
161380 0.012355
161390 0.002032
161400 -0.001445
161410 0.005145
161420 0.005877
161430 0.001605
161440 0.000873
161450 0.006019
161460 0.004187
161470 0.002830
161480 0.003990
161490 0.005425
161500 0.002125
161510 0.006506
161520 0.000670
161530 0.002175
161540 0.003298
161550 -0.003794
161560 0.007638
161570 0.002859
161580 0.005890
161590 -0.002433
161600 0.007395
161610 0.006685
161620 0.001393
161630 0.005529
161640 0.009357
161650 0.001866
161660 0.002818
161670 0.003679
161680 0.002083
161690 0.007171
161700 0.002341
161710 0.002159
161720 0.000413
161730 0.002011
161740 0.002888
161750 0.016647
161760 -0.003599
161770 -0.001762
161780 0.003825
161790 0.004924
161800 0.003786
161810 0.002266
161820 0.000143
161830 0.003202
161840 0.000204
161850 0.001539
161860 0.000256
161870 0.000825
161880 0.004711
161890 0.008124
161900 0.008569
161910 0.002803
161920 0.015004
161930 0.007344
161940 0.006234
161950 0.002390
161960 0.005062
161970 0.008748
161980 0.007552
161990 0.006263
162000 0.006971
162010 0.004562
162020 0.008098
162030 0.002350
162040 0.003920
162050 0.003663
162060 0.005388
162070 0.002950
162080 0.002705
162090 0.006682
162100 0.004664
162110 0.005210
162120 0.003606
162130 0.004022
162140 0.006471
162150 0.004384
162160 0.002428
162170 0.013175
162180 0.002582
162190 0.003447
162200 0.004513
162210 -0.001954
162220 0.002947
162230 0.001521
162240 0.002260
162250 0.001042
162260 0.005002
162270 0.004641
162280 0.011371
162290 13.961515
162300 -0.000112
162310 0.002192
162320 0.003299
162330 0.003068
162340 0.004057
162350 0.001299
162360 0.003660
162370 0.012035
162380 0.003062
162390 0.002694
162400 0.005419
162410 0.007113
162420 0.010479
162430 0.014056
162440 0.010170
162450 0.007815
162460 0.010970
162470 13.964106
162480 0.002704
162490 0.006087
162500 0.011279
162510 0.014374
162520 0.003827
162530 0.008366
162540 0.010824
162550 0.000972
162560 0.006589
162570 0.004810
162580 0.003881
162590 0.009819
162600 0.004213
162610 0.009510
162620 -0.000401
162630 0.003810
162640 0.003533
162650 0.004645
162660 0.003820
162670 0.006918
162680 0.004286
162690 0.000273
162700 0.011012
162710 -0.003711
162720 0.003994
162730 0.007818
162740 0.002062
162750 0.005584
162760 0.010637
162770 0.004038
162780 0.011128
162790 0.002510
162800 0.012998
162810 0.009708
162820 0.012616
162830 -0.001028
162840 0.007021
162850 0.006038
162860 0.001749
162870 0.004994
162880 0.000241
162890 0.001795
162900 13.929990
162910 0.002788
162920 0.003777
162930 0.001586
162940 0.004626
162950 0.003260
162960 0.002743
162970 0.001897
162980 0.002293
162990 0.001440
163000 0.003554
163010 0.003310
163020 0.002116
163030 0.001319
163040 0.002429
163050 0.002583
163060 0.002713
163070 0.001691
163080 0.006461
163090 0.006045
163100 0.003882
163110 0.004937
163120 0.005026
163130 0.002806
163140 0.007250
163150 0.009055
163160 0.001616
163170 0.001825
163180 0.007390
163190 0.001276
163200 0.003947
163210 0.002058
163220 0.004465
163230 0.007140
163240 0.002153
163250 13.932301
163260 -0.001342
163270 -0.000922
163280 0.010310
163290 0.003573
163300 0.003982
163310 0.000577
163320 0.004659
163330 0.002813
163340 0.003964
163350 -0.002765
163360 0.006065
163370 0.000953
163380 0.009133
163390 0.003724
163400 0.000782
163410 0.006310
163420 0.002972
163430 0.005385
163440 0.005138
163450 0.005920
163460 0.008297
163470 0.003096
163480 0.007164
163490 0.001843
163500 0.004720
163510 -0.001539
163520 0.006218
163530 0.002760
163540 0.009138
163550 0.002903
163560 0.002698
163570 0.004465
163580 0.012723
163590 0.009249
163600 0.002986
163610 0.004199
163620 0.003145
163630 0.004763
163640 0.013587
163650 0.001530
163660 0.006951
163670 0.007552
163680 0.007185
163690 0.001622
163700 0.003444
163710 0.007541
163720 0.000668
163730 0.007303
163740 0.010932
163750 0.004134
163760 0.005292
163770 -0.003126
163780 0.007677
163790 0.006654
163800 0.002634
163810 0.005975
163820 0.002937
163830 0.005809
163840 0.008569
163850 0.001759
163860 -0.001000
163870 0.003487
163880 0.003360
163890 13.925448
163900 0.008457
163910 0.002647
163920 0.009338
163930 0.009778
163940 0.018155
163950 0.009027
163960 0.006672
163970 0.006042
163980 0.002280
163990 0.006345
164000 0.015040
164010 -0.000954
164020 0.007524
164030 0.012267
164040 13.922504
164050 0.004395
164060 0.007417
164070 0.012408
164080 0.009629
164090 0.005994
164100 0.010017
164110 0.008404
164120 0.004124
164130 0.005907
164140 -0.003394
164150 0.010373
164160 0.012192
164170 0.009821
164180 0.004261
164190 0.010151
164200 0.002046
164210 0.005829
164220 0.001549
164230 0.005417
164240 0.004522
164250 0.011020
164260 0.001190
164270 0.009162
164280 0.010054
164290 0.009832
164300 0.004958
164310 0.001510
164320 0.006433
164330 0.002747
164340 0.009103
164350 -0.001021
164360 -0.000386
164370 0.006207
164380 -0.000221
164390 0.003323
164400 0.004479
164410 0.003455
164420 0.006199
164430 0.002240
164440 0.001079
164450 0.002374
164460 -0.002418
164470 -0.000301
164480 0.001774
164490 0.002136
164500 0.004759
164510 0.001815
164520 0.003459
164530 0.016197
164540 0.003564
164550 -0.002065
164560 0.001702
164570 0.004262
164580 0.004786
164590 0.002964
164600 0.001789
164610 0.001757
164620 0.018016
164630 0.006762
164640 0.001395
164650 0.005758
164660 0.005743
164670 0.005627
164680 0.007051
164690 0.011849
164700 -0.002290
164710 0.012987
164720 0.004087
164730 0.003311
164740 0.004411
164750 0.001350
164760 0.010896
164770 0.011297
164780 0.007689
164790 0.003850
164800 0.005664
164810 0.016429
164820 0.008655
164830 0.002962
164840 0.011915
164850 0.007151
164860 0.013257
164870 0.010851
164880 0.007964
164890 0.011249
164900 0.003597
164910 0.004649
164920 0.002059
164930 0.002016
164940 0.003976
164950 0.003505
164960 0.005258
164970 0.002402
164980 0.003563
164990 0.004042
165000 0.007398
165010 0.004316
165020 0.003786
165030 0.002411
165040 0.008381
165050 0.002122
165060 0.007469
165070 -0.004892
165080 0.001931
165090 0.014103
165100 0.009151
165110 0.004683
165120 0.009590
165130 0.003784
165140 0.006639
165150 0.005003
165160 0.001522
165170 0.006567
165180 0.013129
165190 0.004521
165200 0.004512
165210 0.004340
165220 0.003042
165230 0.004240
165240 0.010934
165250 0.002184
165260 0.000475
165270 0.007561
165280 0.002723
165290 -0.001101
165300 0.000746
165310 0.001970
165320 0.004676
165330 0.003748
165340 0.004462
165350 0.002862
165360 0.008445
165370 0.007531
165380 0.003234
165390 0.010867
165400 0.007291
165410 0.002970
165420 -0.002576
165430 0.004157
165440 0.014657
165450 0.014548
165460 0.022566
165470 0.010498
165480 0.010486
165490 0.017522
165500 0.013594
165510 0.030743
165520 0.008293
165530 0.008925
165540 0.004231
165550 0.007071
165560 0.010765
165570 0.004991
165580 0.018208
165590 0.017838
165600 0.001019
165610 0.006999
165620 0.008837
165630 0.013213
165640 0.013192
165650 0.006640
165660 0.009751
165670 0.015239
165680 0.008568
165690 0.004225
165700 0.000628
165710 0.010466
165720 0.011403
165730 0.017428
165740 0.010399
165750 0.012065
165760 0.004628
165770 0.008539
165780 0.003861
165790 0.006536
165800 0.007294
165810 0.009810
165820 0.009715
165830 0.008093
165840 0.005482
165850 0.004628
165860 13.963701
165870 0.005304
165880 -0.001106
165890 0.004126
165900 0.004540
165910 0.003489
165920 0.005207
165930 -0.001039
165940 0.006230
165950 0.003791
165960 -0.000431
165970 0.004599
165980 0.006563
165990 0.005375
166000 0.000772
166010 0.000199
166020 0.002150
166030 0.001673
166040 0.003963
166050 0.002984
166060 -0.000972
166070 0.007858
166080 0.000379
166090 0.004424
166100 0.001878
166110 -0.000899
166120 -0.000146
166130 0.005879
166140 0.006227
166150 0.001041
166160 0.002113
166170 0.002626
166180 0.006508
166190 0.000433
166200 0.001609
166210 0.001422
166220 0.003800
166230 0.005490
166240 0.001969
166250 0.004393
166260 0.006084
166270 0.006336
166280 0.008227
166290 0.005206
166300 -0.001138
166310 0.006955
166320 0.001944
166330 0.001981
166340 0.000187
166350 0.005188
166360 0.004766
166370 0.007287
166380 -0.001666
166390 -0.002996
166400 0.003837
166410 0.001067
166420 0.001865
166430 0.004268
166440 -0.001157
166450 0.001687
166460 0.002009
166470 0.004745
166480 0.008081
166490 0.005105
166500 0.003813
166510 0.013183
166520 0.004329
166530 0.002267
166540 0.019634
166550 0.006246
166560 0.001813
166570 0.003512
166580 0.004906
166590 0.007945
166600 0.001512
166610 0.006663
166620 0.011134
166630 0.001331
166640 0.003343
166650 0.002986
166660 0.004772
166670 0.009422
166680 0.004949
166690 0.006194
166700 0.009188
166710 0.003428
166720 0.002974
166730 0.000542
166740 -0.000081
166750 0.006276
166760 0.001615
166770 -0.000417
166780 -0.000058
166790 0.002139
166800 0.003126
166810 0.001899
166820 0.004201
166830 0.002622
166840 0.008402
166850 0.005027
166860 0.000736
166870 0.006235
166880 0.000636
166890 0.003134
166900 -0.000296
166910 -0.003034
166920 0.005106
166930 0.006903
166940 0.008085
166950 -0.000344
166960 0.006027
166970 0.006391
166980 0.004280
166990 13.954830
167000 0.003384
167010 0.004940
167020 0.001302
167030 0.002112
167040 -0.001447
167050 0.004650
167060 0.005471
167070 0.002618
167080 0.004962
167090 0.001727
167100 0.004076
167110 0.004280
167120 0.006479
167130 0.006231
167140 0.000012
167150 0.005320
167160 0.004619
167170 -0.000711
167180 0.005465
167190 0.005991
167200 0.004532
167210 0.007451
167220 -0.000564
167230 -0.001717
167240 0.003762
167250 0.000442
167260 0.002654
167270 0.002927
167280 0.005372
167290 0.004613
167300 0.002306
167310 0.000153
167320 13.918173
167330 0.001745
167340 -0.000599
167350 0.004955
167360 0.002970
167370 0.003813
167380 0.003212
167390 0.002972
167400 0.000452
167410 0.009350
167420 0.001957
167430 0.003381
167440 0.003433
167450 0.008000
167460 0.002527
167470 0.005636
167480 0.001237
167490 0.006449
167500 0.000845
167510 0.003249
167520 0.000942
167530 0.004800
167540 0.001318
167550 0.002342
167560 0.006153
167570 0.009742
167580 0.000576
167590 0.003417
167600 0.003541
167610 0.004221
167620 0.006306
167630 0.008871
167640 0.002013
167650 0.003616
167660 0.003947
167670 0.004275
167680 0.006458
167690 0.003799
167700 0.002181
167710 0.000293
167720 0.001291
167730 0.006063
167740 0.005421
167750 0.003883
167760 0.002982
167770 0.000912
167780 0.004604
167790 0.006323
167800 0.004702
167810 0.001084
167820 0.012006
167830 -0.000841
167840 0.007630
167850 0.003879
167860 0.004985
167870 0.002372
167880 0.009393
167890 0.005446
167900 0.001382
167910 0.004869
167920 0.007316
167930 0.001138
167940 0.006639
167950 0.003239
167960 0.005520
167970 0.004223
167980 0.001918
167990 0.001028
168000 0.001324
168010 0.002219
168020 0.006469
168030 0.006867
168040 0.001861
168050 0.005527
168060 0.004527
168070 0.003695
168080 0.003041
168090 0.004584
168100 0.004044
168110 0.003042
168120 -0.001264
168130 0.007185
168140 0.003271
168150 0.004630
168160 0.010590
168170 0.001908
168180 0.004309
168190 -0.000294
168200 0.001292
168210 -0.002133
168220 0.008282
168230 0.002359
168240 0.002428
168250 0.004580
168260 0.001666
168270 0.006977
168280 -0.000111
168290 0.003734
168300 0.004625
168310 0.004159
168320 -0.001353
168330 0.006429
168340 -0.000455
168350 0.002342
168360 0.005669
168370 0.004649
168380 0.004174
168390 0.005290
168400 0.003886
168410 0.004305
168420 0.001935
168430 0.007464
168440 0.002738
168450 0.010262
168460 0.005265
168470 0.001848
168480 0.003564
168490 0.006512
168500 0.004690
168510 0.004782
168520 0.003150
168530 0.000818
168540 0.004470
168550 0.002302
168560 0.004140
168570 0.009294
168580 0.002759
168590 0.007840
168600 0.011467
168610 0.002511
168620 0.002476
168630 0.004401
168640 0.004939
168650 -0.000131
168660 0.000970
168670 0.004583
168680 0.005231
168690 0.007539
168700 0.004303
168710 0.000526
168720 0.001999
168730 0.006286
168740 0.002722
168750 0.003561
168760 0.002369
168770 0.001459
168780 0.003129
168790 0.005440
168800 0.007148
168810 -0.000635
168820 0.004541
168830 0.002614
168840 0.004626
168850 -0.000276
168860 0.002458
168870 0.010491
168880 0.001973
168890 0.003379
168900 0.004248
168910 0.001525
168920 0.002003
168930 0.003559
168940 0.000859
168950 0.002533
168960 0.006261
168970 0.005707
168980 0.002437
168990 -0.001297
169000 0.005509
169010 0.001220
169020 0.002281
169030 0.004232
169040 0.000238
169050 0.010646
169060 0.012734
169070 0.010859
169080 0.007693
169090 0.004967
169100 0.002959
169110 0.008484
169120 0.000784
169130 0.002838
169140 0.015407
169150 0.007681
169160 0.015698
169170 0.000650
169180 0.003843
169190 0.005869
169200 0.024058
169210 0.004342
169220 0.012314
169230 0.003539
169240 0.002768
169250 0.003288
169260 0.002476
169270 0.005602
169280 0.004931
169290 0.009252
169300 0.017567
169310 0.007422
169320 0.000851
169330 0.004808
169340 13.962646
169350 0.005678
169360 0.003268
169370 0.003717
169380 0.006526
169390 0.005672
169400 0.004241
169410 -0.000143
169420 0.004157
169430 -0.001099
169440 0.010617
169450 0.006892
169460 0.005391
169470 0.000738
169480 0.008525
169490 0.001160
169500 0.002835
169510 0.002774
169520 0.003265
169530 -0.000000
169540 0.004445
169550 0.011480
169560 0.004457
169570 0.002141
169580 0.007098
169590 -0.001070
169600 0.008228
169610 0.006805
169620 -0.000034
169630 0.004091
169640 0.014314
169650 0.001235
169660 0.001851
169670 0.002227
169680 -0.001024
169690 0.004021
169700 0.006223
169710 0.003112
169720 0.005667
169730 0.003798
169740 0.005457
169750 0.002832
169760 0.007408
169770 0.005517
169780 0.003657
169790 0.005074
169800 0.001952
169810 0.008958
169820 -0.002315
169830 13.956690
169840 0.003138
169850 0.006990
169860 0.004821
169870 0.007557
169880 0.000545
169890 0.018264
169900 0.004363
169910 0.007443
169920 0.005922
169930 -0.000171
169940 0.006294
169950 0.002704
169960 0.005775
169970 0.007963
169980 0.000315
169990 0.006207
170000 0.010144
170010 0.003347
170020 0.005135
170030 0.008470
170040 0.004930
170050 0.008515
170060 0.007070
170070 0.005690
170080 0.007021
170090 0.004720
170100 0.007087
170110 0.006137
170120 0.014982
170130 -0.001371
170140 0.018289
170150 0.006975
170160 0.003030
170170 0.000691
170180 0.007375
170190 0.002388
170200 -0.000760
170210 0.000344
170220 0.004652
170230 0.011290
170240 0.009079
170250 0.003427
170260 0.009065
170270 0.005195
170280 0.002695
170290 0.002858
170300 0.003769
170310 0.004418
170320 0.006771
170330 0.004284
170340 0.004573
170350 0.002123
170360 0.008251
170370 0.005532
170380 0.031983
170390 0.006736
170400 0.004998
170410 0.005206
170420 0.005506
170430 0.004158
170440 0.004340
170450 0.002088
170460 0.006387
170470 0.003287
170480 0.004683
170490 0.007550
170500 -0.001206
170510 0.003063
170520 0.004634
170530 0.008201
170540 0.000699
170550 0.013941
170560 0.001827
170570 0.005591
170580 0.005392
170590 0.002413
170600 0.001984
170610 0.014467
170620 0.008424
170630 0.008688
170640 0.005040
170650 0.007772
170660 0.006737
170670 0.001355
170680 0.008610
170690 0.004281
170700 0.019134
170710 0.002235
170720 0.005565
170730 0.003644
170740 0.009752
170750 0.006484
170760 0.002347
170770 0.015068
170780 0.003181
170790 0.009373
170800 0.009456
170810 0.006914
170820 0.005396
170830 0.009881
170840 0.006423
170850 0.003763
170860 0.004388
170870 0.009365
170880 0.001105
170890 0.003811
170900 0.002446
170910 0.007096
170920 0.009349
170930 0.006105
170940 0.005166
170950 0.001783
170960 0.006543
170970 0.008160
170980 0.005567
170990 0.003864
171000 0.008923
171010 0.002355
171020 0.002249
171030 0.008915
171040 0.003688
171050 0.007308
171060 0.000978
171070 0.006219
171080 0.007850
171090 0.001525
171100 0.010527
171110 0.003586
171120 0.002363
171130 0.003082
171140 0.002479
171150 -0.001659
171160 -0.003116
171170 0.009864
171180 0.004426
171190 0.002412
171200 0.007206
171210 0.007158
171220 0.010171
171230 0.005111
171240 0.012044
171250 0.002627
171260 0.002814
171270 -0.003397
171280 0.015485
171290 0.004416
171300 0.002962
171310 -0.000167
171320 0.003462
171330 0.003355
171340 0.002864
171350 0.002215
171360 0.000280
171370 -0.000370
171380 0.006116
171390 0.010271
171400 -0.000495
171410 13.928494
171420 0.008205
171430 0.006627
171440 -0.001889
171450 0.004822
171460 0.004949
171470 0.005512
171480 0.003850
171490 0.000858
171500 0.003733
171510 0.000778
171520 0.004991
171530 0.007068
171540 0.008214
171550 0.002578
171560 0.001988
171570 0.005516
171580 0.000003
171590 -0.000887
171600 0.007756
171610 0.006577
171620 0.006390
171630 0.006627
171640 0.000531
171650 0.008109
171660 0.001587
171670 0.007300
171680 0.009049
171690 0.010206
171700 0.002845
171710 0.002220
171720 -0.000078
171730 0.001320
171740 0.000011
171750 0.000225
171760 0.003406
171770 0.005882
171780 0.005222
171790 0.001727
171800 0.001568
171810 0.004241
171820 0.000242
171830 0.004038
171840 0.007852
171850 0.007096
171860 -0.002786
171870 0.004903
171880 0.003761
171890 0.001403
171900 0.006489
171910 0.001730
171920 0.000838
171930 0.002098
171940 -0.000264
171950 0.007758
171960 0.001603
171970 0.003410
171980 0.002294
171990 0.000406
172000 0.009511
172010 0.006578
172020 0.000395
172030 0.003197
172040 0.003896
172050 0.001792
172060 0.000623
172070 0.002761
172080 0.004011
172090 0.001933
172100 0.002024
172110 0.003026
172120 0.010222
172130 -0.002486
172140 0.005675
172150 0.001571
172160 0.004256
172170 0.004899
172180 0.002141
172190 -0.002228
172200 0.003980
172210 0.004427
172220 0.004658
172230 0.001161
172240 0.003644
172250 13.962504
172260 0.005653
172270 -0.000234
172280 0.005277
172290 0.006596
172300 0.003243
172310 0.005924
172320 0.004426
172330 0.003070
172340 0.002377
172350 0.005443
172360 0.001169
172370 0.007692
172380 0.002989
172390 0.000013
172400 0.005445
172410 0.002512
172420 0.004896
172430 0.000305
172440 0.000473
172450 0.009709
172460 0.001617
172470 0.006062
172480 0.003743
172490 0.003620
172500 0.008041
172510 0.001682
172520 0.000636
172530 0.006017
172540 -0.000281
172550 0.005283
172560 0.004020
172570 0.005035
172580 0.007122
172590 0.001775
172600 -0.001775
172610 0.005714
172620 0.003122
172630 0.001933
172640 0.001715
172650 0.005207
172660 0.003246
172670 0.003552
172680 0.009020
172690 0.003037
172700 0.000700
172710 0.002437
172720 0.001825
172730 0.005491
172740 0.005399
172750 0.001135
172760 0.007790
172770 -0.001165
172780 0.002840
172790 0.006562
172800 0.000834
172810 0.001480
172820 -0.000395
172830 0.001804
172840 0.001541
172850 0.002080
172860 13.953333
172870 -0.000843
172880 0.005228
172890 0.002499
172900 0.010085
172910 0.004454
172920 0.002715
172930 0.013603
172940 0.013881
172950 0.011237
172960 0.008967
172970 0.023133
172980 0.019852
172990 -0.000043
173000 0.010082
173010 0.013446
173020 0.007579
173030 0.007075
173040 0.018492
173050 0.012485
173060 0.022546
173070 0.022250
173080 0.012479
173090 0.014477
173100 0.005638
173110 0.004856
173120 0.004715
173130 0.018293
173140 0.023038
173150 0.009454
173160 0.024940
173170 0.009332
173180 0.009888
173190 0.013317
173200 0.003679
173210 0.005623
173220 0.001799
173230 0.001188
173240 0.004693
173250 0.006246
173260 13.922110
173270 0.006794
173280 0.006087
173290 0.003434
173300 0.002507
173310 0.007713
173320 0.002400
173330 -0.001278
173340 0.011009
173350 0.001082
173360 0.016509
173370 0.005534
173380 0.004444
173390 0.000986
173400 0.004685
173410 0.001462
173420 0.006203
173430 0.001629
173440 0.008412
173450 0.009280
173460 0.001354
173470 0.003348
173480 0.043045
173490 0.009011
173500 0.004368
173510 -0.001607
173520 0.001371
173530 0.004270
173540 0.008580
173550 0.007549
173560 0.002498
173570 0.004567
173580 0.001790
173590 0.002086
173600 0.003923
173610 0.005874
173620 0.005163
173630 0.009386
173640 0.005324
173650 0.003114
173660 0.007437
173670 0.003822
173680 0.002637
173690 0.003471
173700 0.004050
173710 0.000148
173720 0.004947
173730 0.005410
173740 0.006687
173750 0.007492
173760 0.006177
173770 0.000905
173780 0.017042
173790 0.002965
173800 0.007280
173810 0.006888
173820 0.003921
173830 0.004864
173840 0.008414
173850 0.006580
173860 0.004203
173870 0.001305
173880 0.025586
173890 0.004016
173900 0.000407
173910 0.009853
173920 0.008427
173930 13.942953
173940 0.017157
173950 0.005050
173960 0.006413
173970 0.002128
173980 0.001309
173990 0.010642
174000 0.002382
174010 0.005898
174020 0.002397
174030 -0.002252
174040 0.008019
174050 0.007053
174060 0.019528
174070 0.002444
174080 0.001917
174090 0.002521
174100 0.000503
174110 0.005378
174120 0.011634
174130 0.008476
174140 0.010386
174150 0.010580
174160 0.005732
174170 0.003003
174180 0.002254
174190 0.004053
174200 0.001837
174210 0.008049
174220 0.001401
174230 0.005980
174240 0.002934
174250 0.008858
174260 0.007059
174270 0.003165
174280 0.004236
174290 0.003696
174300 0.003485
174310 0.009258
174320 0.004511
174330 0.003316
174340 0.002594
174350 0.001908
174360 -0.002628
174370 0.005094
174380 0.008025
174390 -0.000182
174400 0.010808
174410 0.009230
174420 0.000519
174430 0.004316
174440 0.001643
174450 0.000902
174460 0.004982
174470 0.001033
174480 0.002255
174490 0.003225
174500 0.009710
174510 0.004640
174520 0.005646
174530 0.011054
174540 0.003387
174550 0.004576
174560 0.001679
174570 0.004820
174580 0.003592
174590 0.010502
174600 0.004036
174610 0.005867
174620 0.005360
174630 0.003675
174640 -0.000227
174650 0.004227
174660 0.003912
174670 0.002010
174680 0.003312
174690 0.004504
174700 -0.001064
174710 0.002692
174720 0.002539
174730 0.000401
174740 0.005702
174750 0.006196
174760 0.000970
174770 0.002718
174780 -0.000604
174790 0.004644
174800 0.003846
174810 0.010927
174820 0.004851
174830 0.006935
174840 0.007389
174850 0.008159
174860 0.003837
174870 0.003483
174880 0.004050
174890 0.001844
174900 0.007797
174910 0.005269
174920 0.000315
174930 0.007888
174940 0.009585
174950 0.001471
174960 0.007796
174970 0.007446
174980 0.001885
174990 0.005337
175000 13.932241
175010 0.001105
175020 0.005420
175030 0.004823
175040 0.001095
175050 0.003673
175060 0.002928
175070 0.005795
175080 0.001475
175090 0.005803
175100 0.004956
175110 0.004800
175120 0.000656
175130 0.002325
175140 0.005514
175150 0.008651
175160 0.002446
175170 0.003969
175180 0.002225
175190 -0.001907
175200 0.000405
175210 -0.000755
175220 0.002980
175230 0.006652
175240 0.005357
175250 0.007903
175260 0.008425
175270 0.006048
175280 0.004711
175290 0.006174
175300 0.011357
175310 0.001501
175320 0.003795
175330 0.001569
175340 0.000175
175350 0.002721
175360 0.005657
175370 0.009409
175380 0.001584
175390 0.002334
175400 0.001367
175410 -0.001192
175420 0.003483
175430 0.005067
175440 0.007124
175450 0.005182
175460 0.004025
175470 0.004807
175480 0.001220
175490 0.001438
175500 0.003065
175510 0.001661
175520 -0.000340
175530 0.003298
175540 0.003166
175550 0.010842
175560 0.008130
175570 0.006431
175580 0.006059
175590 0.002446
175600 0.003824
175610 0.004034
175620 0.002236
175630 0.006212
175640 0.006286
175650 0.001460
175660 0.006126
175670 0.001812
175680 0.005772
175690 0.002873
175700 0.003612
175710 0.006990
175720 -0.001228
175730 0.002027
175740 0.000912
175750 0.004242
175760 0.002622
175770 0.003856
175780 -0.000700
175790 0.001991
175800 0.004102
175810 0.003823
175820 0.004212
175830 0.006794
175840 -0.002153
175850 0.001674
175860 0.007917
175870 -0.001858
175880 0.009978
175890 0.005162
175900 0.003524
175910 0.001913
175920 0.002336
175930 0.002689
175940 0.008097
175950 0.003696
175960 0.002064
175970 -0.000594
175980 0.003037
175990 0.001509
176000 0.004565
176010 0.003816
176020 0.007126
176030 0.001294
176040 0.001725
176050 0.003294
176060 -0.000162
176070 0.005407
176080 0.000286
176090 0.001728
176100 0.006306
176110 0.002097
176120 0.004535
176130 0.001737
176140 0.003604
176150 0.003500
176160 0.003847
176170 0.001109
176180 0.000852
176190 0.001990
176200 0.004618
176210 -0.002517
176220 0.002600
176230 0.001979
176240 0.004995
176250 0.000704
176260 0.004507
176270 0.007534
176280 0.005532
176290 0.004298
176300 0.004158
176310 -0.000451
176320 0.002676
176330 0.005343
176340 0.006113
176350 0.007012
176360 0.001390
176370 0.007960
176380 0.003479
176390 0.004432
176400 0.001110
176410 0.003457
176420 0.004702
176430 0.001759
176440 0.001851
176450 0.012321
176460 0.004602
176470 0.004811
176480 0.001005
176490 0.001119
176500 0.001582
176510 0.008245
176520 0.007417
176530 0.007405
176540 0.006934
176550 0.001221
176560 -0.001573
176570 0.005422
176580 0.001145
176590 0.003714
176600 0.000142
176610 0.005572
176620 0.003582
176630 0.004824
176640 0.001543
176650 0.003663
176660 0.002317
176670 0.002452
176680 0.002419
176690 0.002575
176700 0.001842
176710 0.000071
176720 0.000821
176730 0.003528
176740 0.005030
176750 0.003642
176760 0.000728
176770 0.002894
176780 0.005438
176790 0.002344
176800 0.001606
176810 -0.001886
176820 0.002845
176830 0.012445
176840 -0.000663
176850 0.003417
176860 0.002393
176870 0.003009
176880 0.002470
176890 0.005979
176900 0.002338
176910 0.002799
176920 0.000761
176930 0.000965
176940 0.002183
176950 0.001744
176960 0.006570
176970 -0.001001
176980 0.001953
176990 0.006833
177000 0.002907
177010 0.002539
177020 0.006515
177030 0.000904
177040 0.005008
177050 0.002471
177060 0.003271
177070 0.004451
177080 0.002492
177090 0.002293
177100 0.002345
177110 -0.000834
177120 0.010711
177130 0.002846
177140 0.005535
177150 -0.001094
177160 -0.001068
177170 0.003939
177180 0.007078
177190 0.000712
177200 0.000418
177210 0.003031
177220 0.001025
177230 0.005646
177240 0.007908
177250 0.007141
177260 0.002067
177270 0.004432
177280 -0.001929
177290 0.001752
177300 0.003210
177310 0.007312
177320 0.001494
177330 0.003032
177340 0.003088
177350 0.002369
177360 0.004563
177370 0.004524
177380 0.000917
177390 -0.000528
177400 -0.001445
177410 -0.000319
177420 0.004366
177430 0.003775
177440 0.001313
177450 0.002388
177460 0.001077
177470 0.010939
177480 0.006465
177490 0.011489
177500 0.000407
177510 0.000658
177520 -0.000426
177530 0.002879
177540 0.004806
177550 0.004639
177560 0.002243
177570 0.000915
177580 0.007650
177590 0.004884
177600 0.001700
177610 0.001876
177620 -0.000175
177630 0.012001
177640 0.004001
177650 -0.001596
177660 -0.002000
177670 0.001702
177680 0.005162
177690 0.003069
177700 0.002813
177710 0.002944
177720 0.003339
177730 0.006212
177740 0.000579
177750 -0.000285
177760 0.001700
177770 0.005250
177780 0.000680
177790 -0.001358
177800 0.001414
177810 -0.002312
177820 -0.002046
177830 0.002965
177840 0.004200
177850 0.005835
177860 0.004508
177870 0.001425
177880 0.000241
177890 0.000361
177900 0.000573
177910 0.002812
177920 0.001654
177930 0.002621
177940 0.001490
177950 0.000623
177960 0.006138
177970 0.001560
177980 0.001342
177990 0.001578
178000 0.007694
178010 0.003944
178020 0.004846
178030 0.003665
178040 0.002496
178050 -0.000773
178060 0.000302
178070 0.001824
178080 0.001252
178090 0.004596
178100 0.003352
178110 0.002282
178120 0.001874
178130 0.003171
178140 0.004077
178150 0.003074
178160 -0.000140
178170 -0.001193
178180 0.007948
178190 -0.002446
178200 0.008420
178210 0.001816
178220 0.003486
178230 0.007542
178240 0.002833
178250 0.003518
178260 0.000206
178270 0.000136
178280 0.004188
178290 -0.001729
178300 0.002950
178310 -0.000427
178320 0.003169
178330 0.002394
178340 0.000604
178350 0.003124
178360 -0.002543
178370 0.004481
178380 0.003062
178390 0.003614
178400 0.005133
178410 0.000654
178420 0.002256
178430 -0.000153
178440 0.002426
178450 0.005077
178460 0.004881
178470 0.000234
178480 0.002911
178490 0.002684
178500 0.002058
178510 0.002036
178520 0.004745
178530 0.005022
178540 0.000084
178550 0.004122
178560 0.001349
178570 0.003312
178580 0.002974
178590 -0.000360
178600 -0.003717
178610 0.000741
178620 0.005124
178630 0.004792
178640 0.002710
178650 -0.001882
178660 0.005117
178670 0.003773
178680 -0.002884
178690 0.008191
178700 0.002787
178710 0.003673
178720 0.002667
178730 0.004504
178740 0.002713
178750 0.002154
178760 -0.000648
178770 0.005970
178780 0.001748
178790 0.002789
178800 0.003680
178810 0.002980
178820 -0.000637
178830 0.001081
178840 0.001498
178850 0.006706
178860 -0.000619
178870 -0.000384
178880 0.005382
178890 0.001067
178900 0.002758
178910 0.002444
178920 0.001029
178930 0.003776
178940 0.003430
178950 0.008215
178960 0.003549
178970 0.000810
178980 0.002904
178990 0.005826
179000 0.005540
179010 0.007996
179020 0.005965
179030 0.005271
179040 0.002893
179050 0.004009
179060 0.004100
179070 0.001412
179080 0.004393
179090 0.000763
179100 -0.000246
179110 0.000795
179120 0.005479
179130 -0.000445
179140 0.001735
179150 0.002672
179160 0.003854
179170 0.001536
179180 0.002280
179190 0.001891
179200 0.003252
179210 0.002321
179220 0.000213
179230 0.004535
179240 -0.000621
179250 -0.001993
179260 0.008956
179270 0.001436
179280 0.008787
179290 0.005755
179300 0.003932
179310 -0.000440
179320 0.009381
179330 0.003345
179340 0.002743
179350 0.003052
179360 -0.000159
179370 0.000303
179380 0.003936
179390 13.968265
179400 0.002020
179410 0.000348
179420 0.002309
179430 0.005207
179440 0.000721
179450 0.003087
179460 0.003636
179470 0.001427
179480 0.003316
179490 0.003876
179500 0.000736
179510 0.003190
179520 -0.001852
179530 -0.000095
179540 0.001329
179550 0.003481
179560 0.001154
179570 0.005727
179580 0.000121
179590 -0.000767
179600 0.003346
179610 -0.000742
179620 0.004118
179630 0.002438
179640 0.000790
179650 0.001355
179660 0.001885
179670 0.000726
179680 0.006638
179690 -0.000737
179700 13.948714
179710 0.003978
179720 0.003004
179730 0.004136
179740 -0.001094
179750 0.005072
179760 0.005650
179770 0.001453
179780 0.004269
179790 0.004170
179800 0.000784
179810 0.001874
179820 0.003072
179830 0.002982
179840 0.004613
179850 0.003735
179860 0.005220
179870 -0.000360
179880 0.003868
179890 0.005454
179900 0.004846
179910 0.002087
179920 0.007217
179930 0.003211
179940 0.002088
179950 0.006468
179960 0.003244
179970 0.005201
179980 -0.001026
179990 0.003289
180000 -0.001142
180010 0.007232
180020 0.001572
180030 0.002141
180040 0.003970
180050 0.004300
180060 0.002940
180070 0.003567
180080 -0.000247
180090 -0.001531
180100 0.000990
180110 0.003050
180120 0.001339
180130 -0.000077
180140 0.001714
180150 0.002790
180160 0.006411
180170 -0.002611
180180 0.001080
180190 0.006002
180200 0.004816
180210 0.002360
180220 0.003947
180230 0.003802
180240 0.005442
180250 0.002051
180260 0.000387
180270 0.003325
180280 0.001175
180290 0.002320
180300 0.005548
180310 0.002115
180320 -0.000599
180330 0.003799
180340 0.004176
180350 0.004693
180360 -0.001599
180370 0.008113
180380 0.003452
180390 -0.001049
180400 0.002644
180410 0.002482
180420 0.000623
180430 0.007821
180440 0.001987
180450 0.003724
180460 0.005551
180470 0.004409
180480 0.002290
180490 0.006073
180500 0.003044
180510 0.000528
180520 0.005351
180530 0.014295
180540 0.001921
180550 0.003925
180560 0.001205
180570 0.007535
180580 0.000966
180590 0.004555
180600 0.004915
180610 0.002055
180620 0.004479
180630 0.001557
180640 0.003766
180650 0.007645
180660 0.006583
180670 0.010324
180680 0.010928
180690 0.006092
180700 0.008068
180710 0.007246
180720 0.006305
180730 0.008086
180740 0.005725
180750 0.002477
180760 0.007668
180770 0.002548
180780 -0.001795
180790 0.002764
180800 0.002961
180810 0.003990
180820 -0.001579
180830 0.009602
180840 0.005743
180850 0.008129
180860 0.008468
180870 0.007282
180880 0.003345
180890 0.002858
180900 0.003219
180910 0.005112
180920 0.001796
180930 0.003846
180940 0.002835
180950 0.002864
180960 0.003881
180970 0.005234
180980 0.004612
180990 -0.000176
181000 0.000050
181010 0.002527
181020 0.001884
181030 -0.002801
181040 0.000232
181050 13.985400
181060 0.002897
181070 0.002490
181080 -0.001223
181090 0.002113
181100 0.002511
181110 0.008635
181120 0.007004
181130 0.007635
181140 -0.000845
181150 0.005969
181160 -0.001980
181170 0.005459
181180 0.001915
181190 0.002697
181200 0.005368
181210 -0.000552
181220 0.001345
181230 -0.001580
181240 0.001629
181250 0.002824
181260 0.004661
181270 0.005612
181280 0.002242
181290 0.001516
181300 0.005889
181310 0.001243
181320 0.001094
181330 0.004734
181340 0.002644
181350 0.005995
181360 0.003854
181370 0.008118
181380 0.008186
181390 0.005282
181400 0.002292
181410 0.000810
181420 -0.000770
181430 0.005507
181440 0.001054
181450 0.003444
181460 0.004946
181470 0.007799
181480 0.005519
181490 0.001696
181500 0.006374
181510 0.004141
181520 0.004668
181530 0.000862
181540 0.004742
181550 0.001428
181560 0.006007
181570 -0.000632
181580 0.006704
181590 -0.001261
181600 0.002639
181610 0.005492
181620 0.007569
181630 0.001412
181640 0.001172
181650 0.003553
181660 0.002412
181670 0.005279
181680 0.000311
181690 0.006582
181700 0.002598
181710 0.006385
181720 -0.001342
181730 0.005720
181740 0.004382
181750 0.000130
181760 0.006001
181770 0.000933
181780 0.001965
181790 0.003915
181800 0.008210
181810 -0.000819
181820 0.001729
181830 0.001067
181840 -0.002158
181850 -0.000971
181860 0.003784
181870 -0.000919
181880 0.004332
181890 0.004656
181900 0.001078
181910 0.004431
181920 0.003854
181930 0.004409
181940 0.004081
181950 0.003344
181960 0.001621
181970 0.000534
181980 0.000866
181990 0.001002
182000 -0.002085
182010 0.005187
182020 0.000640
182030 0.003420
182040 -0.000576
182050 0.003828
182060 0.003849
182070 0.005777
182080 0.003623
182090 0.004290
182100 0.002837
182110 0.006788
182120 0.000881
182130 0.005577
182140 0.002880
182150 0.001642
182160 0.000002
182170 0.007133
182180 -0.001001
182190 0.002015
182200 0.003875
182210 0.000758
182220 0.000555
182230 0.001938
182240 0.005222
182250 0.000674
182260 0.002020
182270 0.007344
182280 0.000260
182290 0.003538
182300 0.002992
182310 0.000849
182320 0.001940
182330 0.005856
182340 0.001580
182350 0.002518
182360 -0.000592
182370 0.001840
182380 0.004719
182390 0.001460
182400 -0.001361
182410 0.002561
182420 0.005095
182430 0.003810
182440 -0.001472
182450 0.002146
182460 0.005084
182470 0.001206
182480 0.003931
182490 -0.002162
182500 0.004973
182510 0.002429
182520 0.003177
182530 0.004604
182540 0.001885
182550 0.001735
182560 0.005337
182570 0.001751
182580 0.011913
182590 0.001899
182600 0.006006
182610 -0.000688
182620 -0.000079
182630 0.003537
182640 0.003306
182650 0.004453
182660 13.938929
182670 0.001164
182680 0.002731
182690 0.005526
182700 0.003172
182710 0.007130
182720 0.002448
182730 0.008342
182740 0.003031
182750 0.019932
182760 0.006467
182770 0.061394
182780 0.021109
182790 0.017685
182800 0.023029
182810 0.007961
182820 0.005899
182830 0.013864
182840 0.021825
182850 0.013627
182860 0.038036
182870 0.016250
182880 0.011467
182890 0.002840
182900 0.008150
182910 0.012031
182920 0.003153
182930 0.011824
182940 0.023474
182950 0.023002
182960 0.016943
182970 0.015809
182980 0.047576
182990 0.089702
183000 0.037708
183010 0.027837
183020 0.036219
183030 0.019764
183040 0.045208
183050 0.009690
183060 0.018792
183070 0.010666
183080 0.012868
183090 0.009687
183100 0.013270
183110 0.026626
183120 0.012282
183130 0.008094
183140 0.013656
183150 -0.000039
183160 0.013675
183170 0.003837
183180 0.005706
183190 0.007837
183200 0.004464
183210 0.002561
183220 0.000035
183230 0.005277
183240 0.010468
183250 0.019809
183260 0.005542
183270 0.019011
183280 0.003419
183290 0.003574
183300 0.000351
183310 0.011852
183320 0.015645
183330 0.015057
183340 0.005517
183350 0.007377
183360 0.001892
183370 0.012752
183380 0.008569
183390 0.006325
183400 0.010034
183410 0.005104
183420 0.005432
183430 0.009622
183440 0.005057
183450 0.009107
183460 0.009486
183470 -0.000559
183480 0.012544
183490 0.014803
183500 0.006688
183510 0.007026
183520 0.001828
183530 0.005292
183540 0.002339
183550 0.010374
183560 0.001630
183570 0.003600
183580 0.003692
183590 0.010802
183600 0.011885
183610 0.005985
183620 0.009144
183630 0.005566
183640 0.009092
183650 0.007529
183660 0.011200
183670 0.003298
183680 0.012378
183690 0.007945
183700 0.003228
183710 0.008173
183720 0.003324
183730 0.000658
183740 0.016524
183750 0.005304
183760 0.009822
183770 13.981110
183780 0.003165
183790 0.003917
183800 0.017181
183810 0.013237
183820 0.009393
183830 0.007977
183840 0.006298
183850 0.007090
183860 0.003029
183870 0.004470
183880 0.011034
183890 0.007906
183900 0.005224
183910 0.008437
183920 0.008557
183930 0.003136
183940 0.005788
183950 0.006284
183960 0.006254
183970 0.000448
183980 0.009886
183990 -0.000834
184000 0.007699
184010 0.005222
184020 0.004820
184030 0.003814
184040 0.001793
184050 0.004557
184060 0.011190
184070 0.000481
184080 0.011895
184090 0.009534
184100 0.004011
184110 0.000034
184120 0.004632
184130 0.001651
184140 0.002866
184150 0.004800
184160 0.002479
184170 0.000479
184180 0.017558
184190 0.001535
184200 0.011233
184210 0.003291
184220 0.004040
184230 0.005985
184240 0.004302
184250 0.005699
184260 0.000758
184270 0.001395
184280 0.006289
184290 0.001959
184300 0.007121
184310 0.006731
184320 0.005777
184330 0.001728
184340 0.001914
184350 0.007573
184360 0.000446
184370 0.003181
184380 13.942689
184390 0.006967
184400 0.006631
184410 0.001642
184420 0.004461
184430 0.004910
184440 0.013590
184450 0.005288
184460 0.006744
184470 0.004499
184480 0.000860
184490 0.008359
184500 0.005331
184510 0.007355
184520 0.005728
184530 0.012004
184540 0.006657
184550 0.002126
184560 0.007176
184570 0.004277
184580 0.008579
184590 0.004086
184600 0.000806
184610 0.009569
184620 0.007258
184630 0.016455
184640 -0.001873
184650 0.018616
184660 0.005135
184670 0.009218
184680 0.002308
184690 0.003347
184700 0.001650
184710 0.007248
184720 0.004269
184730 0.010627
184740 0.004031
184750 0.004164
184760 -0.000992
184770 0.004272
184780 0.001399
184790 0.011527
184800 0.002768
184810 0.001932
184820 -0.003495
184830 0.005083
184840 0.007462
184850 0.006493
184860 0.004436
184870 0.003991
184880 0.006245
184890 -0.002365
184900 0.007944
184910 0.003027
184920 0.002627
184930 0.003913
184940 0.003083
184950 0.002724
184960 0.001216
184970 0.005975
184980 0.010203
184990 0.008980
185000 0.005019
185010 0.000606
185020 0.002067
185030 0.014339
185040 0.011752
185050 0.004981
185060 0.000453
185070 0.006077
185080 0.016108
185090 0.003470
185100 0.001801
185110 0.002544
185120 0.002706
185130 -0.005140
185140 0.005150
185150 0.003793
185160 0.003836
185170 0.003684
185180 0.000084
185190 0.008074
185200 0.007078
185210 0.003586
185220 0.002237
185230 0.011356
185240 0.006430
185250 0.004997
185260 0.003006
185270 13.964244
185280 0.001122
185290 0.005970
185300 0.004051
185310 0.004547
185320 0.007010
185330 0.006080
185340 0.007927
185350 0.006463
185360 0.008836
185370 0.008712
185380 0.003474
185390 0.008494
185400 0.011747
185410 0.006395
185420 0.011658
185430 13.969859
185440 0.020215
185450 0.002055
185460 0.024211
185470 0.012111
185480 0.004626
185490 0.017939
185500 0.015376
185510 0.005523
185520 0.010728
185530 0.009522
185540 0.003213
185550 0.003190
185560 0.006597
185570 0.010846
185580 0.008234
185590 0.005505
185600 0.005391
185610 0.021218
185620 0.006904
185630 0.007858
185640 0.008120
185650 0.005955
185660 0.001959
185670 0.003513
185680 0.001384
185690 0.000899
185700 0.004182
185710 0.006189
185720 0.000285
185730 0.000322
185740 -0.000007
185750 0.004744
185760 0.001389
185770 0.006669
185780 0.011752
185790 0.009596
185800 -0.001243
185810 0.000088
185820 0.006194
185830 0.001724
185840 0.007751
185850 0.005219
185860 -0.002580
185870 0.009069
185880 0.002462
185890 0.001325
185900 0.007071
185910 0.007182
185920 0.004121
185930 0.002633
185940 0.004460
185950 0.003458
185960 0.001628
185970 0.006563
185980 0.000291
185990 0.005558
186000 -0.000561
186010 0.001186
186020 0.008736
186030 0.004094
186040 0.007958
186050 0.002165
186060 0.007019
186070 0.006603
186080 0.008370
186090 0.005166
186100 0.003709
186110 0.005672
186120 0.003811
186130 0.002199
186140 0.011900
186150 0.000877
186160 0.008370
186170 0.008540
186180 0.012834
186190 0.004520
186200 0.005361
186210 0.006396
186220 0.000106
186230 0.004684
186240 -0.000955
186250 0.006207
186260 0.009443
186270 0.005169
186280 0.005519
186290 0.006222
186300 0.004409
186310 0.005219
186320 0.006862
186330 0.001734
186340 0.011303
186350 0.004194
186360 0.006932
186370 0.008822
186380 0.003632
186390 0.005298
186400 0.000862
186410 0.007283
186420 0.001996
186430 0.018054
186440 0.004157
186450 0.007195
186460 0.006504
186470 0.009820
186480 0.002434
186490 0.005494
186500 0.010166
186510 0.004338
186520 0.009013
186530 0.007433
186540 0.005388
186550 0.001171
186560 0.008128
186570 0.003697
186580 0.011534
186590 0.006662
186600 0.000918
186610 0.005350
186620 0.006999
186630 0.012288
186640 0.004302
186650 0.002677
186660 0.004289
186670 0.005738
186680 0.002044
186690 0.006268
186700 0.012311
186710 0.017175
186720 0.010950
186730 0.015102
186740 0.011344
186750 0.007149
186760 0.006409
186770 0.000958
186780 0.001243
186790 0.003462
186800 0.005615
186810 0.005041
186820 13.965102
186830 0.002300
186840 0.004177
186850 0.006587
186860 0.000884
186870 0.007941
186880 0.001627
186890 -0.000048
186900 0.009235
186910 0.001383
186920 0.005808
186930 0.005815
186940 0.012172
186950 0.000747
186960 -0.003110
186970 0.006649
186980 0.005533
186990 0.015524
187000 0.002042
187010 0.006661
187020 -0.000262
187030 0.001810
187040 0.004795
187050 0.006675
187060 0.002809
187070 0.009012
187080 0.002991
187090 0.004561
187100 0.006690
187110 0.006032
187120 0.002298
187130 0.007754
187140 -0.000110
187150 0.009298
187160 0.008445
187170 0.014655
187180 0.004210
187190 0.000447
187200 0.007124
187210 0.005238
187220 0.015504
187230 0.008407
187240 0.000827
187250 -0.000508
187260 0.007849
187270 0.008367
187280 0.002828
187290 0.000024
187300 0.013401
187310 0.006229
187320 0.001029
187330 0.010058
187340 0.002894
187350 0.003731
187360 0.008319
187370 0.004011
187380 0.004158
187390 0.005065
187400 0.006873
187410 0.007161
187420 0.000097
187430 0.010680
187440 0.005301
187450 0.008052
187460 0.002935
187470 0.000225
187480 0.002857
187490 0.005048
187500 0.010481
187510 0.011479
187520 0.012416
187530 -0.001241
187540 0.006788
187550 0.011437
187560 0.003257
187570 0.004823
187580 0.004068
187590 0.005899
187600 0.001825
187610 0.001083
187620 0.006771
187630 0.005622
187640 0.011038
187650 0.007426
187660 0.006159
187670 0.006232
187680 0.007950
187690 0.002793
187700 0.004620
187710 0.008546
187720 0.004116
187730 0.007839
187740 0.008230
187750 0.004815
187760 0.006047
187770 0.003712
187780 0.001793
187790 0.009793
187800 0.004679
187810 0.003677
187820 0.000151
187830 0.002064
187840 -0.002122
187850 0.002830
187860 0.000710
187870 0.010951
187880 0.004186
187890 0.007130
187900 0.000453
187910 0.002777
187920 0.003253
187930 0.005982
187940 0.017363
187950 0.007293
187960 0.005201
187970 0.005699
187980 0.004803
187990 0.009643
188000 0.005365
188010 0.006589
188020 0.002018
188030 0.004730
188040 0.006178
188050 0.003791
188060 0.006438
188070 0.003985
188080 0.006926
188090 0.002757
188100 0.008858
188110 0.002894
188120 0.004702
188130 0.003035
188140 -0.000393
188150 0.017324
188160 0.003271
188170 0.006284
188180 0.004429
188190 0.007762
188200 0.006416
188210 0.003092
188220 0.004684
188230 0.006497
188240 0.007941
188250 0.007155
188260 0.008514
188270 -0.000169
188280 0.008933
188290 0.010802
188300 0.002838
188310 0.011047
188320 -0.001038
188330 0.002471
188340 0.002682
188350 0.011980
188360 -0.001493
188370 0.006220
188380 0.001770
188390 0.010037
188400 0.006583
188410 0.001166
188420 0.001841
188430 0.006809
188440 0.001306
188450 0.005306
188460 0.013669
188470 0.020201
188480 0.008844
188490 0.004599
188500 0.005749
188510 0.000220
188520 0.005557
188530 0.007691
188540 0.002881
188550 0.004470
188560 0.003641
188570 0.009577
188580 0.004984
188590 0.001709
188600 0.003791
188610 -0.002712
188620 0.000952
188630 -0.001419
188640 0.006230
188650 0.001747
188660 0.005527
188670 0.002581
188680 0.003805
188690 -0.002007
188700 0.006327
188710 0.003608
188720 0.007373
188730 0.001685
188740 0.005970
188750 -0.001993
188760 0.001807
188770 0.006533
188780 0.004652
188790 0.004995
188800 0.008904
188810 0.008180
188820 0.000624
188830 0.002266
188840 0.006649
188850 0.009155
188860 0.004489
188870 0.001741
188880 0.000299
188890 0.007185
188900 0.004667
188910 0.001506
188920 -0.002324
188930 0.000084
188940 0.004750
188950 0.007112
188960 0.002694
188970 0.001543
188980 0.007275
188990 0.005838
189000 0.006165
189010 0.004512
189020 0.006714
189030 0.003139
189040 0.006212
189050 0.008131
189060 0.003731
189070 0.001385
189080 0.006858
189090 0.000961
189100 0.001570
189110 0.003277
189120 0.002697
189130 0.008675
189140 -0.000844
189150 0.002735
189160 0.004125
189170 0.005451
189180 0.003906
189190 0.008733
189200 0.002091
189210 0.004010
189220 0.007591
189230 13.984688
189240 0.007489
189250 0.006514
189260 0.007628
189270 0.003177
189280 0.002446
189290 0.003316
189300 0.002678
189310 0.003079
189320 0.000872
189330 0.004288
189340 0.001807
189350 0.003465
189360 0.002160
189370 -0.000460
189380 -0.000810
189390 0.002935
189400 0.002038
189410 0.002233
189420 0.001648
189430 0.001270
189440 0.005749
189450 0.007850
189460 0.000648
189470 0.002221
189480 0.008248
189490 0.003828
189500 0.000598
189510 0.002352
189520 0.001923
189530 0.002635
189540 0.000372
189550 0.003201
189560 0.001866
189570 0.001434
189580 0.005792
189590 0.005289
189600 0.006324
189610 0.002639
189620 0.002191
189630 0.002118
189640 0.003588
189650 0.000807
189660 0.008133
189670 0.001595
189680 0.002729
189690 0.000943
189700 0.004330
189710 0.008252
189720 0.002661
189730 0.002093
189740 0.007167
189750 0.015791
189760 0.007847
189770 0.009168
189780 0.005124
189790 0.003247
189800 0.004814
189810 0.003063
189820 -0.004753
189830 -0.000959
189840 0.004730
189850 0.003822
189860 0.005523
189870 0.000101
189880 0.003603
189890 0.004111
189900 0.003603
189910 -0.000980
189920 0.008718
189930 0.017111
189940 0.007566
189950 0.004510
189960 0.003186
189970 0.005146
189980 -0.001572
189990 0.006433
190000 0.006564
190010 0.004630
190020 0.003223
190030 -0.000476
190040 0.000232
190050 -0.001716
190060 0.003555
190070 0.000136
190080 0.004271
190090 0.004756
190100 -0.000967
190110 0.000558
190120 0.000106
190130 0.006791
190140 0.005870
190150 0.006688
190160 0.009444
190170 -0.001623
190180 0.003928
190190 -0.002288
190200 0.005490
190210 0.005761
190220 0.009467
190230 0.004388
190240 0.000820
190250 0.001642
190260 0.002549
190270 -0.000003
190280 0.008190
190290 0.004229
190300 0.005353
190310 0.003705
190320 0.004915
190330 0.005367
190340 0.004104
190350 0.001451
190360 0.002952
190370 0.006244
190380 0.002887
190390 0.014192
190400 0.000342
190410 0.000843
190420 0.002540
190430 0.009719
190440 0.002213
190450 0.005699
190460 0.003354
190470 0.001218
190480 -0.000868
190490 0.003655
190500 0.002821
190510 0.002439
190520 -0.000125
190530 0.004395
190540 0.005608
190550 0.005073
190560 0.002070
190570 -0.000144
190580 0.008627
190590 0.004872
190600 -0.002190
190610 0.007194
190620 0.008430
190630 0.006273
190640 0.000819
190650 0.003365
190660 0.007311
190670 0.017411
190680 0.005184
190690 0.008658
190700 0.005280
190710 0.005277
190720 0.004416
190730 -0.002058
190740 0.002277
190750 -0.001687
190760 0.005877
190770 0.005388
190780 0.007400
190790 13.945018
190800 0.000205
190810 0.003028
190820 0.004180
190830 0.002917
190840 0.002619
190850 0.004053
190860 0.005197
190870 0.005709
190880 0.000111
190890 0.004959
190900 0.005818
190910 0.005355
190920 0.007204
190930 0.002724
190940 0.000654
190950 0.007704
190960 0.010157
190970 0.001952
190980 0.003339
190990 0.009099
191000 0.003969
191010 0.003600
191020 0.009045
191030 0.020691
191040 0.022746
191050 0.012082
191060 0.013627
191070 0.004307
191080 0.015116
191090 0.003887
191100 13.934398
191110 0.008571
191120 0.011704
191130 0.014668
191140 0.011064
191150 0.007601
191160 0.007021
191170 0.012664
191180 0.010119
191190 0.006776
191200 0.012762
191210 0.016851
191220 0.012795
191230 0.002048
191240 0.010977
191250 0.001613
191260 -0.000703
191270 0.005318
191280 0.009331
191290 0.002637
191300 0.011076
191310 0.006552
191320 0.004117
191330 0.005931
191340 0.007751
191350 0.004640
191360 0.005823
191370 0.006665
191380 0.005599
191390 0.003292
191400 -0.002676
191410 0.010249
191420 0.002117
191430 0.008653
191440 0.009557
191450 0.014836
191460 0.012942
191470 0.001073
191480 0.004396
191490 0.005328
191500 0.006606
191510 0.010726
191520 0.013634
191530 0.008590
191540 0.002140
191550 0.002809
191560 0.013710
191570 0.008424
191580 0.002261
191590 0.002942
191600 0.011987
191610 0.001450
191620 0.005757
191630 0.004959
191640 0.008941
191650 0.003010
191660 0.009133
191670 0.007417
191680 0.005680
191690 0.016721
191700 0.002419
191710 0.007365
191720 0.005746
191730 0.005632
191740 0.003154
191750 0.010325
191760 0.003973
191770 0.008454
191780 0.005394
191790 0.007049
191800 0.005294
191810 -0.000990
191820 0.013875
191830 -0.000191
191840 0.011889
191850 0.007558
191860 0.009971
191870 0.005970
191880 0.012190
191890 0.004768
191900 0.001869
191910 0.003103
191920 0.011070
191930 0.011663
191940 0.015113
191950 0.005791
191960 0.004148
191970 0.005342
191980 0.003824
191990 0.008460
192000 0.011244
192010 0.005983
192020 0.006650
192030 -0.000249
192040 0.003462
192050 0.004308
192060 0.008658
192070 0.008898
192080 0.011554
192090 0.006060
192100 0.004913
192110 0.005900
192120 0.007125
192130 0.007407
192140 0.008155
192150 0.001618
192160 0.010192
192170 0.000291
192180 0.002380
192190 0.004673
192200 0.000979
192210 0.002657
192220 0.012943
192230 0.003378
192240 0.003677
192250 0.004016
192260 0.004719
192270 0.007021
192280 0.003152
192290 0.003009
192300 0.005294
192310 0.005188
192320 0.008556
192330 0.008135
192340 0.007819
192350 0.008298
192360 0.005392
192370 0.003739
192380 0.004060
192390 0.005037
192400 0.002403
192410 0.001319
192420 0.005754
192430 0.013504
192440 0.002884
192450 0.001420
192460 0.005365
192470 0.014799
192480 0.008003
192490 0.009897
192500 0.001637
192510 0.002126
192520 0.004862
192530 0.005601
192540 0.006790
192550 0.001533
192560 0.003107
192570 0.002737
192580 0.003523
192590 0.003781
192600 0.004394
192610 0.009685
192620 0.000470
192630 0.000873
192640 0.001935
192650 0.004028
192660 0.002717
192670 0.006246
192680 0.006261
192690 0.007586
192700 0.008766
192710 0.003351
192720 0.008666
192730 -0.000899
192740 0.004595
192750 0.017076
192760 0.006253
192770 0.003730
192780 0.001902
192790 0.003621
192800 0.008422
192810 0.001831
192820 0.004843
192830 0.009407
192840 0.005666
192850 0.003093
192860 0.002626
192870 0.006580
192880 0.004821
192890 0.006265
192900 13.960970
192910 0.002379
192920 0.013877
192930 0.005340
192940 0.004546
192950 0.005208
192960 0.010440
192970 0.012748
192980 0.001642
192990 0.000164
193000 0.001378
193010 0.005117
193020 0.004026
193030 0.004520
193040 0.005864
193050 0.002334
193060 0.004524
193070 0.000838
193080 0.003693
193090 0.005118
193100 0.003035
193110 0.004314
193120 0.003692
193130 0.002960
193140 -0.000493
193150 0.002113
193160 0.001123
193170 0.005562
193180 0.006798
193190 0.003797
193200 0.004081
193210 0.003449
193220 0.009983
193230 0.003591
193240 -0.000223
193250 0.001573
193260 0.008811
193270 0.003904
193280 0.002982
193290 0.006388
193300 0.016491
193310 0.000651
193320 13.967756
193330 0.001819
193340 0.006427
193350 0.002939
193360 -0.000297
193370 0.003727
193380 0.004112
193390 0.001603
193400 0.004998
193410 0.006381
193420 0.005016
193430 0.007594
193440 0.003511
193450 0.013632
193460 0.001679
193470 0.008699
193480 0.017067
193490 0.006115
193500 0.005364
193510 0.004539
193520 0.001129
193530 0.002660
193540 0.003774
193550 0.010690
193560 0.005242
193570 0.004208
193580 0.001777
193590 0.003640
193600 -0.000219
193610 0.006374
193620 0.008681
193630 0.010594
193640 -0.000049
193650 -0.000670
193660 -0.001476
193670 0.000286
193680 0.009501
193690 0.003343
193700 0.004994
193710 0.006748
193720 0.008170
193730 -0.000281
193740 0.003977
193750 0.002431
193760 0.007345
193770 0.009264
193780 0.007601
193790 0.003312
193800 0.008103
193810 0.004791
193820 0.003805
193830 0.005846
193840 0.003262
193850 0.003391
193860 -0.000925
193870 0.006508
193880 0.006691
193890 -0.001439
193900 0.003469
193910 0.002532
193920 0.009601
193930 0.008979
193940 0.013913
193950 13.973882
193960 0.010763
193970 0.015835
193980 0.008006
193990 0.003755
194000 0.011653
194010 0.005501
194020 0.014393
194030 0.013269
194040 0.012601
194050 0.026851
194060 0.021781
194070 0.022297
194080 0.007502
194090 0.017714
194100 0.003704
194110 0.002322
194120 0.005291
194130 0.001800
194140 0.002347
194150 0.000056
194160 0.005901
194170 0.004521
194180 0.005143
194190 0.003669
194200 0.004783
194210 0.007140
194220 0.017689
194230 0.003100
194240 0.017765
194250 0.007878
194260 0.003643
194270 0.015620
194280 0.004192
194290 0.000578
194300 0.002955
194310 0.010465
194320 0.008539
194330 0.010126
194340 0.003697
194350 0.013343
194360 0.003728
194370 0.005791
194380 0.010960
194390 0.003872
194400 0.016821
194410 0.004393
194420 0.002989
194430 0.020727
194440 0.004201
194450 0.006074
194460 0.002520
194470 0.003177
194480 0.014445
194490 0.007192
194500 0.007853
194510 0.015636
194520 0.016372
194530 0.009511
194540 0.000402
194550 0.010109
194560 0.009244
194570 0.009893
194580 0.000374
194590 0.004823
194600 0.005680
194610 0.004780
194620 0.005333
194630 0.009984
194640 0.017708
194650 0.002304
194660 0.009322
194670 0.007060
194680 0.007381
194690 0.009873
194700 0.005868
194710 0.002026
194720 0.008554
194730 0.004177
194740 0.004373
194750 0.006061
194760 0.006340
194770 0.007074
194780 0.009027
194790 0.005661
194800 0.009367
194810 0.006269
194820 0.003849
194830 0.005881
194840 0.008238
194850 0.001181
194860 0.005978
194870 0.004583
194880 0.005224
194890 0.001835
194900 0.008693
194910 0.009631
194920 0.012094
194930 0.008052
194940 0.005435
194950 0.013405
194960 -0.002771
194970 0.001954
194980 0.006293
194990 0.004985
195000 0.004610
195010 0.010827
195020 0.000608
195030 0.003922
195040 0.004574
195050 0.010762
195060 0.001427
195070 0.004735
195080 0.006056
195090 0.006337
195100 0.003345
195110 0.000748
195120 0.004199
195130 0.005108
195140 0.008794
195150 0.011230
195160 0.009602
195170 0.002651
195180 0.024706
195190 0.007138
195200 0.004383
195210 0.011937
195220 0.009878
195230 0.014853
195240 0.009543
195250 0.007798
195260 0.001970
195270 0.010550
195280 0.006594
195290 0.009395
195300 0.005563
195310 0.002356
195320 0.003404
195330 0.012638
195340 0.005265
195350 13.968868
195360 0.004197
195370 0.009130
195380 0.007831
195390 0.006771
195400 0.001765
195410 0.017692
195420 0.007412
195430 0.006300
195440 0.008754
195450 0.000768
195460 0.009629
195470 0.013039
195480 0.007191
195490 0.015970
195500 0.007007
195510 0.002845
195520 0.009096
195530 -0.001705
195540 0.002578
195550 0.004696
195560 0.004308
195570 0.007150
195580 0.015693
195590 0.011613
195600 -0.003347
195610 0.003691
195620 -0.001531
195630 0.002945
195640 0.002576
195650 0.017396
195660 0.010638
195670 0.002777
195680 0.018508
195690 0.003780
195700 0.009884
195710 0.003537
195720 0.010791
195730 0.006037
195740 0.005974
195750 0.000088
195760 0.004150
195770 0.006498
195780 0.004370
195790 0.012065
195800 -0.000197
195810 0.009711
195820 0.006967
195830 0.006319
195840 0.004812
195850 0.005799
195860 0.001309
195870 0.000827
195880 0.006847
195890 0.007001
195900 0.002486
195910 0.003866
195920 0.005628
195930 0.004192
195940 0.003361
195950 0.003234
195960 0.004663
195970 0.005609
195980 -0.002418
195990 0.004748
196000 0.006797
196010 -0.000612
196020 0.005486
196030 0.003485
196040 0.007634
196050 0.007339
196060 0.003784
196070 0.005081
196080 0.010853
196090 0.007410
196100 0.005070
196110 0.001546
196120 0.005742
196130 -0.000496
196140 -0.001753
196150 0.005340
196160 0.003138
196170 0.003354
196180 0.002692
196190 0.004722
196200 0.002656
196210 0.004572
196220 0.000291
196230 0.012379
196240 0.003493
196250 -0.002124
196260 0.002138
196270 0.002006
196280 -0.000388
196290 0.004564
196300 0.000820
196310 0.002107
196320 0.003751
196330 0.003904
196340 0.003690
196350 0.005858
196360 -0.000492
196370 0.002465
196380 0.007077
196390 0.005977
196400 0.002034
196410 0.011366
196420 0.001982
196430 -0.001950
196440 0.006362
196450 0.001890
196460 0.001724
196470 0.003593
196480 0.001252
196490 0.003977
196500 0.006846
196510 -0.000042
196520 0.002682
196530 0.006931
196540 0.002682
196550 0.004407
196560 0.005291
196570 0.004784
196580 -0.000178
196590 0.004282
196600 0.001684
196610 0.006322
196620 0.004263
196630 0.003183
196640 13.957450
196650 0.005989
196660 0.005470
196670 0.001558
196680 0.008764
196690 0.003877
196700 0.000184
196710 0.002207
196720 0.010712
196730 0.001431
196740 0.006311
196750 0.003629
196760 0.004728
196770 0.004050
196780 0.001676
196790 0.008618
196800 0.003038
196810 0.004979
196820 0.005849
196830 0.002200
196840 0.005243
196850 0.008630
196860 -0.001891
196870 -0.000760
196880 0.003278
196890 0.000149
196900 0.008651
196910 0.005055
196920 0.005604
196930 0.004429
196940 0.007293
196950 0.005034
196960 0.001088
196970 -0.001172
196980 0.000636
196990 0.001652
197000 0.001960
197010 0.002876
197020 0.006204
197030 0.006841
197040 0.001956
197050 0.007131
197060 0.002990
197070 0.001147
197080 0.008631
197090 0.013185
197100 0.006320
197110 0.001546
197120 0.014202
197130 0.003333
197140 0.005081
197150 0.004639
197160 0.009256
197170 0.003109
197180 0.002792
197190 0.005387
197200 0.003627
197210 0.004187
197220 0.005480
197230 0.006351
197240 0.003223
197250 -0.000565
197260 0.005893
197270 0.006399
197280 0.006286
197290 0.004860
197300 0.021395
197310 0.011333
197320 -0.000588
197330 0.009195
197340 0.005053
197350 0.007619
197360 0.012832
197370 0.017285
197380 0.006921
197390 -0.000891
197400 0.000560
197410 0.004671
197420 0.022960
197430 0.002939
197440 0.006878
197450 0.011141
197460 0.004340
197470 0.006910
197480 0.005328
197490 0.009050
197500 0.014643
197510 0.005490
197520 -0.001183
197530 0.002710
197540 0.009338
197550 0.004930
197560 0.009920
197570 0.004467
197580 0.006688
197590 0.006065
197600 0.012199
197610 0.012811
197620 0.005790
197630 0.003164
197640 0.012296
197650 0.005016
197660 0.000658
197670 0.009014
197680 0.012256
197690 0.005798
197700 0.004967
197710 0.008834
197720 0.007974
197730 0.003165
197740 0.007708
197750 0.000859
197760 0.001300
197770 0.008070
197780 0.019158
197790 0.014519
197800 0.012659
197810 0.006077
197820 0.009398
197830 0.008122
197840 0.026029
197850 0.008683
197860 0.021092
197870 0.009893
197880 0.012670
197890 0.010142
197900 0.009476
197910 0.003099
197920 0.011912
197930 0.012576
197940 0.002713
197950 0.014013
197960 0.015101
197970 0.009113
197980 0.009474
197990 0.020835
198000 0.006728
198010 0.015047
198020 0.014801
198030 0.022515
198040 0.009166
198050 0.007681
198060 0.007906
198070 13.968775
198080 0.009405
198090 0.005352
198100 0.014146
198110 0.018191
198120 0.004236
198130 0.023136
198140 0.009420
198150 0.008989
198160 0.009833
198170 0.003948
198180 0.009221
198190 0.008210
198200 0.014448
198210 0.009345
198220 0.007674
198230 0.006366
198240 0.014396
198250 0.017643
198260 0.016506
198270 0.036271
198280 0.008951
198290 0.007799
198300 0.015180
198310 0.020982
198320 0.010228
198330 0.019644
198340 0.026025
198350 0.006484
198360 0.008594
198370 0.022897
198380 0.022472
198390 0.023026
198400 0.014570
198410 0.011452
198420 0.005447
198430 0.015530
198440 0.005088
198450 0.005078
198460 0.007145
198470 0.004694
198480 0.007347
198490 0.008185
198500 0.009664
198510 0.005834
198520 0.004935
198530 -0.002146
198540 0.001630
198550 0.002737
198560 0.004390
198570 0.003442
198580 0.034231
198590 0.006747
198600 0.005215
198610 0.009078
198620 0.003014
198630 -0.000347
198640 0.003181
198650 0.003522
198660 0.001317
198670 0.012187
198680 0.005719
198690 0.000800
198700 0.010610
198710 0.018421
198720 0.000667
198730 0.003817
198740 0.006270
198750 0.003511
198760 0.004674
198770 0.002527
198780 -0.001181
198790 0.015291
198800 0.009193
198810 -0.001195
198820 13.978334
198830 0.007345
198840 0.007040
198850 0.010314
198860 0.008260
198870 0.009268
198880 0.011289
198890 0.008439
198900 13.971621
198910 0.011313
198920 0.004714
198930 0.011429
198940 0.005910
198950 0.003147
198960 0.018099
198970 0.004132
198980 0.006351
198990 0.008179
199000 0.004036
199010 0.011875
199020 0.014792
199030 0.008790
199040 0.004809
199050 0.006848
199060 0.012402
199070 0.008680
199080 0.006842
199090 0.012934
199100 0.022173
199110 0.004874
199120 0.000606
199130 0.007142
199140 0.010649
199150 0.001906
199160 0.003664
199170 0.009199
199180 0.005644
199190 0.006674
199200 0.005140
199210 0.006722
199220 0.008889
199230 -0.002432
199240 0.003457
199250 0.003909
199260 0.001304
199270 0.007676
199280 0.006661
199290 0.000920
199300 0.005103
199310 0.019525
199320 0.007891
199330 0.015153
199340 0.004397
199350 0.005784
199360 0.006428
199370 0.000571
199380 0.006267
199390 0.004103
199400 0.016324
199410 0.011568
199420 0.004186
199430 0.008811
199440 0.007506
199450 0.015712
199460 0.008362
199470 0.008730
199480 0.001923
199490 0.004349
199500 0.004476
199510 0.002355
199520 0.004966
199530 0.012852
199540 0.007526
199550 0.006700
199560 0.004523
199570 0.007149
199580 0.008895
199590 0.009486
199600 0.008493
199610 0.006219
199620 0.002371
199630 0.004011
199640 0.003264
199650 0.011265
199660 0.005112
199670 0.004006
199680 0.005021
199690 0.003025
199700 0.007573
199710 0.012353
199720 0.013726
199730 0.002641
199740 0.002450
199750 0.004081
199760 0.003279
199770 0.006923
199780 0.000440
199790 0.007661
199800 -0.001260
199810 0.005763
199820 0.002157
199830 0.009933
199840 0.003713
199850 0.005664
199860 0.000481
199870 0.008693
199880 0.004501
199890 0.000805
199900 0.009072
199910 0.012780
199920 -0.000408
199930 0.015578
199940 0.002023
199950 0.003598
199960 0.005421
199970 0.009311
199980 0.001257
199990 0.007814
200000 0.001355
200010 -0.001460
200020 0.000533
200030 0.003197
200040 0.006433
200050 0.006329
200060 -0.000156
200070 0.000844
200080 0.019570
200090 0.009407
200100 0.006882
200110 0.001754
200120 0.018039
200130 0.007009
200140 0.005732
200150 0.015100
200160 0.019692
200170 0.011102
200180 0.009890
200190 0.006917
200200 0.020256
200210 0.013743
200220 0.003229
200230 0.008761
200240 0.003583
200250 0.005394
200260 0.005529
200270 0.017380
200280 0.004343
200290 0.002848
200300 -0.001841
200310 0.003525
200320 0.004519
200330 0.012458
200340 0.013038
200350 0.003616
200360 0.004614
200370 0.003087
200380 0.002302
200390 0.003593
200400 -0.000323
200410 0.005012
200420 0.011131
200430 0.004576
200440 0.007872
200450 0.004615
200460 0.001129
200470 -0.000473
200480 0.006469
200490 0.012391
200500 0.009594
200510 0.005432
200520 0.007103
200530 0.004157
200540 0.002728
200550 0.005880
200560 0.004726
200570 -0.000947
200580 0.015181
200590 0.006489
200600 0.006330
200610 0.003074
200620 0.004207
200630 0.002780
200640 0.017475
200650 0.014629
200660 0.002914
200670 0.003307
200680 0.011613
200690 0.003182
200700 0.003491
200710 0.000385
200720 0.000726
200730 0.001268
200740 0.006240
200750 0.006894
200760 0.005390
200770 0.001257
200780 0.005880
200790 0.001598
200800 0.006956
200810 0.007560
200820 0.002672
200830 0.002878
200840 0.011572
200850 0.003836
200860 0.008328
200870 0.000985
200880 0.004182
200890 0.004329
200900 0.003612
200910 0.004655
200920 0.003284
200930 0.003004
200940 0.017493
200950 0.000458
200960 0.000767
200970 0.001580
200980 0.003116
200990 0.002957
201000 0.006494
201010 0.004551
201020 0.002538
201030 -0.002468
201040 0.002477
201050 0.004098
201060 0.003278
201070 0.000761
201080 0.019267
201090 -0.000339
201100 0.007141
201110 0.006268
201120 0.006377
201130 0.005560
201140 0.004730
201150 0.003526
201160 0.013195
201170 -0.000039
201180 0.004760
201190 0.002860
201200 0.003604
201210 0.002249
201220 0.003468
201230 0.006277
201240 0.002059
201250 0.008050
201260 0.002975
201270 0.003522
201280 0.002949
201290 0.001263
201300 0.013403
201310 0.000341
201320 0.001334
201330 0.004754
201340 0.002610
201350 0.001443
201360 0.003892
201370 0.000726
201380 0.007553
201390 0.000600
201400 0.003254
201410 0.000403
201420 0.001190
201430 0.001834
201440 0.004534
201450 0.002756
201460 0.007873
201470 0.003488
201480 0.006601
201490 0.009136
201500 0.004303
201510 0.007136
201520 0.002869
201530 0.003877
201540 0.006817
201550 0.010878
201560 0.002683
201570 0.003141
201580 0.003914
201590 0.003160
201600 0.003149
201610 0.002986
201620 -0.000055
201630 0.004987
201640 -0.000659
201650 0.000473
201660 0.006755
201670 0.001695
201680 0.002690
201690 -0.000909
201700 0.007543
201710 0.002642
201720 0.004327
201730 0.000681
201740 0.000503
201750 0.009416
201760 0.002107
201770 0.001756
201780 0.002328
201790 -0.002096
201800 0.006663
201810 0.002427
201820 0.002450
201830 0.008094
201840 0.001309
201850 0.003996
201860 0.011569
201870 0.002135
201880 0.004323
201890 13.981120
201900 0.001120
201910 0.003364
201920 0.001504
201930 0.002489
201940 0.008884
201950 0.001661
201960 0.003629
201970 0.000338
201980 0.000655
201990 0.003875
202000 0.005999
202010 0.005968
202020 0.005489
202030 0.006384
202040 0.006852
202050 0.008040
202060 0.004518
202070 0.011791
202080 0.001347
202090 0.007185
202100 13.974800
202110 0.007355
202120 0.003494
202130 0.003347
202140 -0.000844
202150 0.005730
202160 0.005404
202170 0.004374
202180 0.003013
202190 0.008729
202200 0.004416
202210 0.002941
202220 0.007911
202230 0.000659
202240 0.006362
202250 0.015407
202260 0.005349
202270 0.006231
202280 0.003953
202290 -0.001185
202300 -0.000530
202310 0.002693
202320 0.003877
202330 0.003650
202340 0.004455
202350 0.007422
202360 0.002961
202370 -0.000457
202380 0.004069
202390 -0.000203
202400 -0.001270
202410 0.001046
202420 0.005957
202430 -0.000668
202440 0.003307
202450 0.004207
202460 0.001503
202470 0.003187
202480 0.007604
202490 -0.000440
202500 0.004534
202510 0.000933
202520 0.001944
202530 0.003734
202540 0.002798
202550 0.008033
202560 0.002979
202570 0.013064
202580 0.005469
202590 0.013761
202600 0.024136
202610 0.002623
202620 0.021895
202630 0.002228
202640 0.003944
202650 0.005368
202660 0.001935
202670 0.001880
202680 0.020818
202690 0.012798
202700 0.014227
202710 0.012820
202720 0.010903
202730 0.005269
202740 0.006340
202750 0.014302
202760 0.009781
202770 0.003566
202780 0.015686
202790 0.002554
202800 0.007900
202810 0.007785
202820 0.007309
202830 0.009748
202840 0.016651
202850 0.011892
202860 0.007290
202870 0.006442
202880 0.005121
202890 0.011925
202900 0.004546
202910 0.010299
202920 0.003725
202930 0.015090
202940 0.015511
202950 0.001727
202960 0.007121
202970 0.006678
202980 0.000391
202990 0.007269
203000 0.013417
203010 0.013098
203020 0.017290
203030 0.009387
203040 0.004049
203050 -0.001510
203060 0.010199
203070 0.021800
203080 0.014641
203090 0.019746
203100 0.014254
203110 -0.003320
203120 0.007757
203130 0.005069
203140 0.004749
203150 0.007122
203160 0.004292
203170 0.007567
203180 0.000766
203190 0.016340
203200 0.007124
203210 0.003245
203220 0.001671
203230 0.005111
203240 -0.000840
203250 0.004543
203260 0.002680
203270 0.018430
203280 0.001220
203290 0.008419
203300 0.005599
203310 0.002761
203320 0.004883
203330 0.007564
203340 -0.001634
203350 0.007367
203360 0.013159
203370 0.006312
203380 0.016589
203390 -0.000432
203400 0.002699
203410 0.008889
203420 0.006286
203430 0.005131
203440 0.004962
203450 0.009778
203460 0.012653
203470 0.000777
203480 0.013662
203490 0.013980
203500 0.016131
203510 0.005781
203520 -0.000738
203530 0.014625
203540 0.004019
203550 0.004477
203560 0.002632
203570 0.016037
203580 0.001297
203590 0.006861
203600 0.005299
203610 0.002392
203620 0.008792
203630 13.985311
203640 0.002436
203650 0.004180
203660 0.006952
203670 0.005847
203680 13.974064
203690 0.003784
203700 0.002608
203710 0.009746
203720 0.009136
203730 -0.000496
203740 0.005100
203750 0.008743
203760 0.004017
203770 0.004814
203780 0.001015
203790 0.004658
203800 0.005739
203810 0.006545
203820 0.006649
203830 0.008853
203840 0.008360
203850 0.004947
203860 0.004241
203870 -0.001470
203880 0.013338
203890 0.000417
203900 0.004974
203910 0.002084
203920 0.005927
203930 -0.001152
203940 -0.001713
203950 0.018410
203960 0.011544
203970 0.008288
203980 0.001981
203990 0.004294
204000 0.003896
204010 0.001595
204020 0.003808
204030 0.006401
204040 13.981763
204050 0.002248
204060 0.004032
204070 0.006545
204080 0.012678
204090 0.003136
204100 0.001794
204110 0.007796
204120 0.015919
204130 0.004018
204140 0.008452
204150 0.001714
204160 0.003277
204170 0.011219
204180 0.004996
204190 0.005263
204200 0.001040
204210 0.002671
204220 0.007730
204230 0.004207
204240 13.992832
204250 0.005107
204260 0.002174
204270 0.005984
204280 0.004488
204290 0.006713
204300 0.003306
204310 0.008507
204320 0.003806
204330 0.009070
204340 0.005591
204350 0.008739
204360 0.004612
204370 0.009069
204380 0.010000
204390 0.006135
204400 0.002930
204410 0.005624
204420 0.006518
204430 -0.000043
204440 0.008033
204450 0.007770
204460 0.001602
204470 -0.002944
204480 0.014074
204490 0.001795
204500 0.004978
204510 0.002708
204520 0.002060
204530 0.005608
204540 0.002215
204550 0.001242
204560 -0.000491
204570 0.006284
204580 0.002301
204590 0.003151
204600 0.003056
204610 0.005193
204620 0.003462
204630 0.007419
204640 0.005867
204650 0.006622
204660 0.003416
204670 0.006175
204680 0.000535
204690 0.003304
204700 0.003521
204710 0.010058
204720 0.001645
204730 0.004912
204740 0.014125
204750 0.002073
204760 0.001038
204770 0.004680
204780 0.006744
204790 0.000772
204800 0.000464
204810 0.004607
204820 0.004935
204830 0.000404
204840 0.000798
204850 0.006608
204860 -0.000107
204870 0.004850
204880 0.000482
204890 0.005242
204900 0.007366
204910 0.000401
204920 0.008242
204930 0.004656
204940 0.004193
204950 0.007465
204960 0.000871
204970 0.001929
204980 0.005220
204990 0.003285
205000 0.002002
205010 0.000413
205020 0.001435
205030 0.001166
205040 0.003622
205050 0.004939
205060 0.016479
205070 0.006710
205080 0.000697
205090 0.004154
205100 0.006499
205110 0.005277
205120 0.005628
205130 0.010912
205140 0.014707
205150 0.012442
205160 0.006020
205170 0.011429
205180 0.009149
205190 0.008915
205200 0.020238
205210 0.002564
205220 0.011880
205230 0.007777
205240 0.006788
205250 0.014643
205260 0.009519
205270 0.008657
205280 0.005283
205290 0.010266
205300 0.012586
205310 0.010919
205320 0.011662
205330 0.005608
205340 0.007568
205350 0.014219
205360 -0.003501
205370 0.007053
205380 0.008902
205390 0.002424
205400 0.004148
205410 0.011167
205420 0.005927
205430 0.002655
205440 0.009121
205450 0.013574
205460 0.008056
205470 0.010344
205480 -0.003126
205490 0.001680
205500 0.001124
205510 0.012446
205520 0.009020
205530 0.000403
205540 0.011199
205550 -0.000996
205560 0.001475
205570 0.008358
205580 0.004899
205590 0.011514
205600 0.007740
205610 13.984737
205620 0.004872
205630 0.013875
205640 0.009245
205650 0.003036
205660 0.002843
205670 0.005587
205680 0.004745
205690 0.014731
205700 0.004356
205710 0.008602
205720 0.004419
205730 0.007399
205740 0.004779
205750 0.016324
205760 0.004910
205770 0.005946
205780 -0.000538
205790 0.000654
205800 0.006418
205810 0.000732
205820 0.001578
205830 0.003260
205840 0.008394
205850 0.004165
205860 0.009658
205870 0.007466
205880 0.011987
205890 0.009317
205900 0.004499
205910 -0.001181
205920 0.003849
205930 0.004818
205940 0.015508
205950 0.004246
205960 0.002525
205970 0.032232
205980 0.001694
205990 0.000695
206000 0.006920
206010 0.010436
206020 0.005441
206030 0.004476
206040 0.007546
206050 0.006693
206060 0.003392
206070 0.006671
206080 0.002302
206090 0.004344
206100 0.004821
206110 0.009866
206120 0.005027
206130 0.002134
206140 0.007829
206150 0.009600
206160 0.000485
206170 0.008245
206180 0.011109
206190 0.013882
206200 0.010389
206210 0.004549
206220 0.002654
206230 0.008487
206240 0.006629
206250 0.000802
206260 0.002642
206270 0.007852
206280 0.001404
206290 0.001675
206300 0.002915
206310 0.004049
206320 0.003104
206330 0.008860
206340 0.002756
206350 0.001479
206360 0.009383
206370 0.000266
206380 0.005681
206390 0.004148
206400 0.009741
206410 0.009723
206420 -0.000557
206430 0.012139
206440 0.005197
206450 0.002858
206460 0.006337
206470 0.005118
206480 0.004956
206490 0.004738
206500 0.009334
206510 0.001289
206520 0.008319
206530 0.001659
206540 0.007878
206550 0.009693
206560 0.005413
206570 0.006563
206580 0.002820
206590 0.007509
206600 0.005381
206610 0.005797
206620 0.006708
206630 -0.000572
206640 0.006180
206650 0.005744
206660 0.016369
206670 0.011867
206680 0.004002
206690 0.002484
206700 0.009104
206710 0.022555
206720 14.018144
206730 0.001900
206740 0.008796
206750 0.010755
206760 0.002105
206770 0.008556
206780 -0.000731
206790 0.009179
206800 0.000750
206810 0.006702
206820 0.008611
206830 0.008675
206840 0.002191
206850 0.007843
206860 0.005369
206870 0.007566
206880 0.010345
206890 0.005953
206900 0.006796
206910 -0.000731
206920 0.008937
206930 0.004245
206940 0.000598
206950 0.001889
206960 0.010570
206970 0.000022
206980 0.004642
206990 0.005673
207000 0.003683
207010 0.004905
207020 0.001922
207030 0.004005
207040 0.008248
207050 0.001084
207060 -0.005217
207070 0.006800
207080 0.001663
207090 0.006126
207100 0.007441
207110 0.007694
207120 0.001816
207130 0.002724
207140 0.009209
207150 0.002367
207160 0.014659
207170 0.011045
207180 0.005306
207190 0.005940
207200 0.005292
207210 0.002210
207220 0.005328
207230 0.010474
207240 0.000931
207250 0.007262
207260 0.004614
207270 0.005139
207280 0.004649
207290 0.009176
207300 -0.000948
207310 0.001683
207320 0.005939
207330 0.001871
207340 -0.001031
207350 0.004202
207360 0.009663
207370 0.008172
207380 0.006726
207390 -0.002223
207400 -0.000890
207410 0.006302
207420 0.001334
207430 0.003720
207440 0.004090
207450 0.007137
207460 0.000855
207470 0.009768
207480 0.001485
207490 0.004553
207500 0.004395
207510 0.004385
207520 0.004650
207530 0.003279
207540 0.002761
207550 0.003365
207560 0.001723
207570 0.005591
207580 -0.001971
207590 0.000392
207600 0.003321
207610 0.009043
207620 0.007178
207630 0.000904
207640 0.007563
207650 0.003221
207660 0.000600
207670 0.003610
207680 0.001183
207690 0.005410
207700 -0.001357
207710 0.006906
207720 0.001247
207730 -0.000775
207740 0.003893
207750 0.002688
207760 0.003885
207770 0.009929
207780 -0.000093
207790 0.005736
207800 0.001449
207810 0.013662
207820 0.005207
207830 0.004166
207840 0.005393
207850 0.003710
207860 0.015653
207870 0.005880
207880 0.004544
207890 0.009272
207900 0.006683
207910 0.002438
207920 0.004569
207930 0.000303
207940 0.013555
207950 -0.002157
207960 0.004084
207970 0.008099
207980 0.001349
207990 0.002629
208000 0.002816
208010 0.007922
208020 0.002049
208030 0.003491
208040 0.006156
208050 0.004149
208060 0.000366
208070 0.005511
208080 13.941096
208090 0.005358
208100 0.009987
208110 0.002221
208120 0.009265
208130 0.001419
208140 0.005155
208150 0.003466
208160 0.012303
208170 0.008000
208180 0.011478
208190 -0.000512
208200 0.007576
208210 0.004447
208220 0.001942
208230 0.004035
208240 0.004539
208250 0.001676
208260 0.000505
208270 0.001193
208280 0.004467
208290 0.008214
208300 0.005909
208310 0.011101
208320 -0.000761
208330 0.006831
208340 0.002810
208350 0.003975
208360 -0.001293
208370 0.005427
208380 -0.000447
208390 0.003265
208400 0.004091
208410 0.001242
208420 0.008022
208430 0.003670
208440 0.003992
208450 0.003979
208460 0.004033
208470 0.002523
208480 0.005271
208490 -0.001709
208500 0.004461
208510 0.007366
208520 0.003711
208530 0.004273
208540 -0.002168
208550 0.009620
208560 0.008284
208570 0.004079
208580 0.005397
208590 0.002258
208600 0.006152
208610 0.003454
208620 0.009017
208630 0.005817
208640 0.005605
208650 -0.000124
208660 0.003650
208670 0.004732
208680 -0.000724
208690 0.001549
208700 0.002053
208710 0.001728
208720 0.005559
208730 0.009588
208740 0.001359
208750 0.005520
208760 0.007886
208770 0.000536
208780 0.006046
208790 0.001757
208800 0.001927
208810 0.003602
208820 0.005811
208830 0.002538
208840 0.004979
208850 0.006214
208860 0.015616
208870 0.011728
208880 0.007955
208890 0.006162
208900 0.006256
208910 0.004686
208920 0.010104
208930 0.018856
208940 0.007557
208950 0.000612
208960 -0.000712
208970 0.003718
208980 0.003748
208990 0.008402
209000 0.002585
209010 0.007390
209020 0.006896
209030 0.008091
209040 0.019166
209050 0.013333
209060 0.004578
209070 0.015176
209080 0.000771
209090 0.004277
209100 0.002011
209110 0.002950
209120 0.002447
209130 0.006631
209140 0.006841
209150 0.004852
209160 0.003990
209170 0.006994
209180 0.006905
209190 0.003777
209200 0.004117
209210 0.002172
209220 0.004861
209230 0.005811
209240 0.004091
209250 0.007270
209260 0.006740
209270 0.007666
209280 0.007194
209290 0.001697
209300 0.003306
209310 0.007982
209320 0.002740
209330 0.002662
209340 0.004462
209350 0.001402
209360 0.014355
209370 0.008958
209380 0.003854
209390 0.002770
209400 0.002071
209410 0.005573
209420 0.003661
209430 0.006952
209440 0.004363
209450 0.002840
209460 0.004774
209470 -0.000260
209480 0.004606
209490 -0.000539
209500 0.006405
209510 0.005526
209520 0.009647
209530 0.008168
209540 0.001809
209550 0.021865
209560 0.003977
209570 0.004178
209580 0.016799
209590 0.007522
209600 0.002514
209610 0.002994
209620 0.005330
209630 0.004763
209640 0.001963
209650 0.014923
209660 0.002797
209670 0.012641
209680 0.017693
209690 0.002403
209700 0.001175
209710 0.002416
209720 0.008400
209730 -0.001153
209740 0.004035
209750 0.012550
209760 0.005517
209770 0.008658
209780 0.002899
209790 0.014374
209800 0.008457
209810 0.002822
209820 0.002843
209830 0.020708
209840 0.005980
209850 0.006940
209860 0.014407
209870 -0.000286
209880 0.001968
209890 0.005580
209900 0.004743
209910 0.013030
209920 0.010798
209930 0.011897
209940 0.001599
209950 0.013023
209960 0.007378
209970 0.008700
209980 0.004903
209990 0.004191
210000 0.016478
210010 0.004355
210020 0.007896
210030 0.010605
210040 0.005779
210050 -0.002517
210060 0.013500
210070 0.009497
210080 -0.000174
210090 0.008522
210100 0.005430
210110 0.006158
210120 0.003822
210130 -0.000177
210140 0.007303
210150 0.001297
210160 -0.001354
210170 0.002289
210180 0.003631
210190 0.004518
210200 0.005008
210210 0.008281
210220 0.010601
210230 0.017990
210240 0.007558
210250 0.003031
210260 0.011142
210270 0.002810
210280 0.007671
210290 0.017903
210300 0.009521
210310 0.004905
210320 0.004337
210330 0.003841
210340 0.002156
210350 0.004415
210360 0.011625
210370 0.006851
210380 0.000108
210390 0.004442
210400 0.004261
210410 0.008720
210420 0.007396
210430 0.003079
210440 0.005538
210450 0.003247
210460 0.003523
210470 0.000355
210480 0.004841
210490 0.008205
210500 -0.001979
210510 0.002914
210520 0.004239
210530 0.005801
210540 0.002259
210550 0.007031
210560 0.005048
210570 0.008436
210580 0.004634
210590 0.005795
210600 0.017484
210610 0.005544
210620 0.002105
210630 0.004451
210640 0.005839
210650 0.006483
210660 0.011186
210670 0.004684
210680 0.014571
210690 0.007404
210700 0.004155
210710 0.000245
210720 0.003190
210730 0.001834
210740 0.016334
210750 0.003498
210760 -0.001403
210770 0.003776
210780 0.002420
210790 0.011447
210800 0.002519
210810 0.001911
210820 0.002669
210830 0.021419
210840 0.004192
210850 0.005523
210860 14.027235
210870 0.007170
210880 0.005456
210890 0.004239
210900 0.005559
210910 -0.000140
210920 0.004522
210930 0.006592
210940 0.008673
210950 0.019383
210960 0.007485
210970 0.003925
210980 0.005462
210990 0.006100
211000 0.003906
211010 0.001837
211020 0.005982
211030 0.008801
211040 0.006725
211050 0.003326
211060 0.003715
211070 0.008161
211080 0.004495
211090 0.004674
211100 0.004155
211110 0.004743
211120 0.002427
211130 0.005350
211140 0.010104
211150 -0.000310
211160 0.002735
211170 0.009741
211180 0.002570
211190 0.006813
211200 0.003712
211210 0.004567
211220 0.000856
211230 0.006259
211240 0.011359
211250 0.002893
211260 0.003815
211270 0.000573
211280 0.015688
211290 0.003784
211300 0.001114
211310 0.001408
211320 0.004581
211330 0.005256
211340 0.004740
211350 0.005310
211360 0.002549
211370 0.002587
211380 0.003020
211390 0.006648
211400 0.007134
211410 0.007657
211420 0.008062
211430 0.003172
211440 0.002888
211450 0.003226
211460 0.004352
211470 0.002070
211480 0.013230
211490 0.004717
211500 0.001590
211510 0.003608
211520 0.004348
211530 0.004664
211540 0.006749
211550 0.013109
211560 0.000982
211570 0.006564
211580 -0.003490
211590 0.007620
211600 0.004285
211610 0.006657
211620 0.000636
211630 0.002922
211640 0.006137
211650 0.008378
211660 0.003706
211670 0.001673
211680 0.005876
211690 0.002295
211700 0.006912
211710 0.004798
211720 -0.001256
211730 0.003689
211740 0.003961
211750 0.012512
211760 0.043526
211770 0.006882
211780 0.002172
211790 0.010166
211800 0.002085
211810 0.005130
211820 0.005604
211830 0.002047
211840 0.012591
211850 0.005516
211860 0.003181
211870 0.004578
211880 0.006776
211890 0.009753
211900 0.013736
211910 0.020019
211920 0.013430
211930 0.012938
211940 -0.002701
211950 0.014921
211960 0.011346
211970 0.008988
211980 0.007867
211990 0.016377
212000 0.019859
212010 0.031607
212020 0.034567
212030 0.014046
212040 0.028071
212050 0.011514
212060 0.007412
212070 -0.001878
212080 0.013928
212090 0.029597
212100 0.000449
212110 0.002775
212120 0.016359
212130 0.013532
212140 0.008655
212150 0.015931
212160 0.004599
212170 0.018000
212180 0.004890
212190 0.020797
212200 0.024040
212210 0.013251
212220 0.008793
212230 0.015324
212240 0.016531
212250 0.015102
212260 0.012434
212270 0.011672
212280 0.011803
212290 0.007253
212300 0.006059
212310 0.001423
212320 0.003780
212330 0.004631
212340 -0.003119
212350 0.013128
212360 0.009634
212370 0.011378
212380 0.016246
212390 0.008184
212400 0.017084
212410 0.017497
212420 0.013202
212430 0.011276
212440 0.023843
212450 0.010106
212460 0.009949
212470 0.007758
212480 0.010237
212490 0.001873
212500 0.009869
212510 0.011263
212520 0.012808
212530 0.000344
212540 0.006250
212550 0.007612
212560 0.005838
212570 0.019543
212580 0.002636
212590 0.009758
212600 0.006822
212610 0.009758
212620 0.004757
212630 0.004773
212640 0.008493
212650 0.002179
212660 0.011814
212670 0.012989
212680 0.011453
212690 0.004967
212700 0.013742
212710 0.016370
212720 0.012928
212730 0.012117
212740 -0.002366
212750 0.003907
212760 0.005612
212770 0.002362
212780 0.007883
212790 0.009137
212800 0.006209
212810 0.009179
212820 0.008529
212830 0.003538
212840 0.007880
212850 0.003784
212860 0.003483
212870 0.006124
212880 0.007392
212890 0.011662
212900 0.009872
212910 0.003995
212920 -0.000469
212930 0.006789
212940 0.023535
212950 0.009190
212960 0.006089
212970 0.007389
212980 0.009760
212990 0.005810
213000 0.008944
213010 0.006773
213020 0.001354
213030 0.009018
213040 0.028875
213050 14.021539
213060 0.009123
213070 0.014591
213080 0.005377
213090 0.013368
213100 0.006240
213110 0.004424
213120 -0.002180
213130 0.008824
213140 0.010418
213150 -0.000339
213160 0.007830
213170 0.001314
213180 0.005177
213190 0.020687
213200 0.016240
213210 0.006581
213220 0.001989
213230 -0.000985
213240 0.010788
213250 0.012136
213260 0.008123
213270 0.006322
213280 0.007897
213290 0.005559
213300 0.001361
213310 0.007955
213320 0.005271
213330 0.002637
213340 0.002448
213350 0.000829
213360 0.000949
213370 -0.001083
213380 0.015710
213390 0.008467
213400 0.009620
213410 0.003740
213420 0.010382
213430 0.015616
213440 0.016415
213450 0.021090
213460 0.009503
213470 0.010116
213480 0.016350
213490 0.013281
213500 0.014248
213510 0.010354
213520 0.005964
213530 0.011077
213540 0.011781
213550 0.019161
213560 0.009312
213570 0.007692
213580 -0.000084
213590 0.007183
213600 0.013185
213610 0.016678
213620 0.008641
213630 0.012333
213640 0.013176
213650 0.007879
213660 0.002727
213670 0.004865
213680 0.010318
213690 0.007753
213700 0.019059
213710 -0.000065
213720 0.002959
213730 0.001678
213740 0.009269
213750 0.011619
213760 0.006972
213770 0.006340
213780 0.025081
213790 0.010404
213800 0.009986
213810 0.005931
213820 0.010704
213830 0.003388
213840 0.007258
213850 14.014496
213860 0.014970
213870 0.013919
213880 0.012753
213890 0.007699
213900 0.002097
213910 0.009634
213920 0.009388
213930 0.006769
213940 0.000271
213950 0.003579
213960 0.005826
213970 0.005442
213980 0.009202
213990 0.001750
214000 0.012162
214010 0.018794
214020 0.005105
214030 0.027360
214040 0.006559
214050 0.003700
214060 0.013392
214070 0.002274
214080 0.004091
214090 0.011326
214100 14.072226
214110 0.009427
214120 0.008727
214130 0.007501
214140 -0.003756
214150 0.002648
214160 0.002264
214170 0.007888
214180 0.006676
214190 0.006965
214200 0.010172
214210 0.007561
214220 0.009473
214230 0.009288
214240 0.011612
214250 0.021164
214260 0.008219
214270 0.010520
214280 0.017614
214290 0.009039
214300 0.005718
214310 0.003154
214320 0.005448
214330 0.003363
214340 0.004342
214350 0.012139
214360 0.002347
214370 0.011153
214380 0.006911
214390 14.030358
214400 0.013510
214410 0.009917
214420 0.007090
214430 0.007235
214440 0.005476
214450 0.001008
214460 0.006867
214470 0.027093
214480 0.016520
214490 0.007823
214500 0.003867
214510 0.028914
214520 0.013174
214530 0.004447
214540 0.000900
214550 0.006545
214560 0.019274
214570 0.007982
214580 0.010180
214590 0.001735
214600 0.009247
214610 0.001695
214620 0.009750
214630 0.005278
214640 0.003342
214650 0.007385
214660 0.003183
214670 0.006342
214680 0.007519
214690 0.009475
214700 0.008208
214710 0.008104
214720 0.008967
214730 0.008260
214740 0.006893
214750 0.003096
214760 0.009189
214770 0.006343
214780 -0.000316
214790 0.009230
214800 -0.000938
214810 0.006984
214820 0.003095
214830 0.003265
214840 0.008119
214850 0.003931
214860 14.032460
214870 0.007328
214880 0.007309
214890 0.009378
214900 0.004070
214910 0.002008
214920 0.010132
214930 0.006465
214940 0.005757
214950 0.003818
214960 0.002572
214970 0.004901
214980 0.005807
214990 0.010663
215000 0.011944
215010 0.007165
215020 0.009488
215030 0.021369
215040 0.021382
215050 0.001674
215060 0.004965
215070 0.011680
215080 0.005694
215090 0.002617
215100 0.010815
215110 0.004621
215120 0.001202
215130 0.002893
215140 0.000987
215150 0.001983
215160 0.001436
215170 0.003637
215180 0.000033
215190 0.003696
215200 0.014829
215210 0.013724
215220 0.005643
215230 0.001315
215240 0.006304
215250 0.001965
215260 14.032853
215270 0.001784
215280 0.015621
215290 -0.000965
215300 0.003711
215310 0.007850
215320 0.007008
215330 0.005451
215340 0.008055
215350 0.022055
215360 0.005118
215370 0.003825
215380 0.002798
215390 0.006524
215400 0.001536
215410 -0.002945
215420 0.003962
215430 0.005158
215440 0.000914
215450 0.006315
215460 0.005727
215470 0.004035
215480 0.006451
215490 -0.001526
215500 0.006032
215510 0.011626
215520 0.003815
215530 0.003611
215540 0.002063
215550 0.003912
215560 0.009288
215570 0.005249
215580 0.005480
215590 0.009021
215600 -0.001931
215610 0.009949
215620 0.005468
215630 0.020599
215640 0.016269
215650 0.002661
215660 0.001071
215670 0.009957
215680 0.023214
215690 0.003115
215700 0.006200
215710 0.006807
215720 0.001689
215730 0.015615
215740 0.006309
215750 0.001769
215760 0.016521
215770 0.008240
215780 0.004555
215790 0.004036
215800 0.000304
215810 0.001486
215820 0.001312
215830 0.008941
215840 0.001452
215850 0.001838
215860 0.017910
215870 0.009901
215880 -0.000378
215890 -0.001683
215900 0.004032
215910 0.009749
215920 0.006475
215930 0.000522
215940 0.009126
215950 14.029491
215960 0.002228
215970 0.005038
215980 0.005663
215990 0.004721
216000 0.004265
216010 0.000548
216020 0.002718
216030 0.001753
216040 0.008819
216050 0.004923
216060 0.009867
216070 0.001291
216080 -0.001475
216090 -0.001226
216100 -0.001684
216110 0.005550
216120 0.003098
216130 0.002793
216140 -0.001529
216150 0.002630
216160 -0.000501
216170 0.004985
216180 0.003542
216190 0.004039
216200 0.009621
216210 0.001641
216220 0.005772
216230 0.001005
216240 0.000526
216250 0.002722
216260 0.002670
216270 0.005573
216280 0.002173
216290 0.017941
216300 0.001371
216310 0.013670
216320 0.008580
216330 0.006735
216340 0.002529
216350 0.004021
216360 0.008094
216370 0.002923
216380 0.000939
216390 0.004846
216400 0.007884
216410 -0.000682
216420 0.006038
216430 0.002701
216440 0.007499
216450 0.000188
216460 0.005978
216470 0.001539
216480 0.005167
216490 0.001281
216500 0.005887
216510 0.004070
216520 -0.002367
216530 0.005888
216540 0.007286
216550 0.008115
216560 0.007728
216570 0.007799
216580 0.007647
216590 0.011580
216600 0.008561
216610 0.015450
216620 0.014732
216630 0.000449
216640 0.009217
216650 0.006027
216660 0.008142
216670 0.022495
216680 0.010352
216690 0.012840
216700 0.009475
216710 0.007921
216720 -0.000839
216730 0.007281
216740 0.001539
216750 0.005285
216760 0.006583
216770 0.002172
216780 0.011954
216790 0.001955
216800 0.008746
216810 0.004480
216820 0.008921
216830 0.010730
216840 0.007016
216850 0.008404
216860 0.001508
216870 0.021188
216880 0.021293
216890 0.018885
216900 0.030079
216910 0.036495
216920 0.022743
216930 0.017430
216940 0.008817
216950 0.012556
216960 0.017044
216970 0.008280
216980 0.013683
216990 0.017221
217000 0.002412
217010 0.021157
217020 0.009246
217030 0.015397
217040 0.003007
217050 0.004466
217060 0.010956
217070 0.010772
217080 0.006570
217090 0.008134
217100 0.022672
217110 0.006425
217120 0.012378
217130 0.001172
217140 0.003897
217150 0.003580
217160 0.005416
217170 0.002923
217180 0.011398
217190 0.005956
217200 0.002726
217210 0.007324
217220 0.003896
217230 0.010087
217240 0.018885
217250 0.000341
217260 0.001979
217270 -0.003691
217280 0.012609
217290 0.003672
217300 0.006855
217310 0.011706
217320 14.031008
217330 0.012282
217340 0.009776
217350 0.003808
217360 0.002818
217370 0.008331
217380 0.005220
217390 0.004256
217400 0.008415
217410 0.010763
217420 0.002437
217430 0.004486
217440 0.008749
217450 0.007983
217460 0.010567
217470 0.003319
217480 0.003974
217490 0.005296
217500 0.009392
217510 0.003707
217520 0.009878
217530 0.012528
217540 0.005576
217550 0.005766
217560 0.010501
217570 0.013656
217580 0.003717
217590 0.006026
217600 0.000628
217610 0.002426
217620 0.011662
217630 0.004522
217640 0.020492
217650 0.007685
217660 0.009000
217670 0.000590
217680 0.008104
217690 0.002572
217700 0.003937
217710 0.004172
217720 0.013562
217730 0.013128
217740 0.003813
217750 0.007418
217760 0.010551
217770 0.009693
217780 0.020050
217790 0.009316
217800 0.005544
217810 0.013033
217820 0.012049
217830 0.012540
217840 0.009621
217850 0.010981
217860 0.004526
217870 0.013064
217880 0.010365
217890 0.009246
217900 0.021321
217910 0.004268
217920 -0.000378
217930 0.005695
217940 0.004685
217950 0.008459
217960 0.002600
217970 0.004984
217980 0.014428
217990 0.010679
218000 0.011980
218010 0.005168
218020 0.006430
218030 0.016733
218040 0.008059
218050 0.002079
218060 0.003413
218070 0.005742
218080 0.004911
218090 0.010262
218100 0.008204
218110 0.007404
218120 0.002045
218130 0.009176
218140 0.009482
218150 0.007225
218160 0.008141
218170 0.004569
218180 0.008685
218190 0.005073
218200 0.009407
218210 0.000034
218220 0.002063
218230 0.002520
218240 0.005316
218250 0.008323
218260 0.002897
218270 0.023201
218280 0.003208
218290 0.006144
218300 0.013055
218310 0.005475
218320 0.005018
218330 0.009453
218340 0.004470
218350 0.000516
218360 0.001676
218370 0.005581
218380 0.001092
218390 0.002107
218400 -0.005083
218410 0.005757
218420 0.002773
218430 0.012410
218440 0.004358
218450 0.003322
218460 0.005716
218470 0.019784
218480 0.012594
218490 0.005126
218500 0.007662
218510 0.001545
218520 0.002338
218530 0.006070
218540 0.006073
218550 0.006717
218560 0.003958
218570 0.004859
218580 0.004652
218590 0.005282
218600 0.005010
218610 0.004060
218620 0.007857
218630 0.019164
218640 0.003801
218650 0.007243
218660 -0.002066
218670 0.008037
218680 0.006082
218690 0.001599
218700 0.006847
218710 0.009887
218720 0.002433
218730 0.005928
218740 0.007586
218750 0.002715
218760 0.010215
218770 0.011893
218780 0.004702
218790 0.004360
218800 0.016400
218810 0.003370
218820 0.002579
218830 0.007734
218840 0.001345
218850 0.000682
218860 0.009515
218870 0.001866
218880 0.002970
218890 0.004553
218900 0.003773
218910 0.002599
218920 0.001969
218930 0.004962
218940 0.013558
218950 0.000332
218960 0.003311
218970 -0.000525
218980 0.002120
218990 0.008713
219000 0.006284
219010 0.014725
219020 0.006039
219030 0.004266
219040 0.004435
219050 0.007368
219060 0.007820
219070 0.007265
219080 0.003124
219090 0.003648
219100 0.006547
219110 0.005868
219120 0.005415
219130 0.002412
219140 0.004055
219150 0.005644
219160 0.001280
219170 0.005754
219180 0.002494
219190 0.008237
219200 0.008914
219210 0.008852
219220 -0.000268
219230 0.003136
219240 0.002008
219250 0.009802
219260 0.008545
219270 0.007273
219280 0.004762
219290 0.003812
219300 0.005670
219310 0.001110
219320 0.007911
219330 0.008284
219340 0.007066
219350 0.000242
219360 0.007017
219370 0.009740
219380 0.003175
219390 0.000146
219400 0.004462
219410 0.007565
219420 0.009451
219430 0.007007
219440 0.000227
219450 -0.002462
219460 0.003206
219470 0.002958
219480 0.007969
219490 0.000928
219500 0.003247
219510 0.003224
219520 0.002272
219530 0.012049
219540 0.006734
219550 0.009627
219560 0.006627
219570 0.010391
219580 0.002660
219590 0.004044
219600 0.003427
219610 0.004023
219620 -0.000308
219630 0.004524
219640 0.005130
219650 0.002894
219660 0.002152
219670 0.004969
219680 0.002870
219690 -0.002727
219700 0.004871
219710 0.014969
219720 -0.001987
219730 0.001571
219740 0.002876
219750 0.006222
219760 0.008865
219770 0.012126
219780 0.008407
219790 0.003419
219800 0.003909
219810 0.005124
219820 0.004343
219830 0.011867
219840 0.014083
219850 0.002649
219860 0.008957
219870 0.008742
219880 0.003593
219890 0.005893
219900 0.005967
219910 0.005971
219920 -0.000605
219930 0.001936
219940 0.004965
219950 0.009460
219960 -0.004478
219970 0.006329
219980 0.002482
219990 0.004081
220000 0.003354
220010 0.004510
220020 0.002617
220030 0.004890
220040 0.005174
220050 0.006022
220060 0.006886
220070 0.016408
220080 0.006143
220090 0.006597
220100 0.004461
220110 0.006715
220120 -0.001486
220130 0.011373
220140 -0.001475
220150 0.003540
220160 -0.000133
220170 0.003307
220180 0.003971
220190 0.003669
220200 0.002408
220210 0.014932
220220 0.000384
220230 -0.001350
220240 0.008873
220250 0.007083
220260 0.004868
220270 0.004351
220280 0.005377
220290 0.002327
220300 0.005851
220310 0.004370
220320 0.001599
220330 0.007049
220340 0.007853
220350 0.002848
220360 0.000311
220370 0.002177
220380 0.006196
220390 0.006115
220400 0.004960
220410 0.004965
220420 0.004364
220430 0.001841
220440 0.007919
220450 0.005159
220460 0.000740
220470 0.008601
220480 0.000396
220490 0.001541
220500 0.010857
220510 0.009009
220520 0.010486
220530 0.004243
220540 0.012389
220550 0.000831
220560 0.017589
220570 0.003031
220580 0.005314
220590 0.009163
220600 0.008691
220610 0.009789
220620 0.006279
220630 0.002321
220640 0.004479
220650 0.004199
220660 0.011516
220670 0.005372
220680 0.006042
220690 0.005157
220700 0.001362
220710 14.049188
220720 0.000393
220730 0.002316
220740 0.005669
220750 0.003610
220760 0.000142
220770 0.004430
220780 0.001761
220790 0.005155
220800 0.005329
220810 0.004578
220820 0.007790
220830 0.001445
220840 0.001100
220850 0.002882
220860 0.000211
220870 0.001429
220880 -0.001862
220890 0.003992
220900 0.003793
220910 0.002541
220920 0.005355
220930 0.003068
220940 0.006712
220950 0.006215
220960 0.002171
220970 0.005531
220980 0.000930
220990 14.056862
221000 0.006328
221010 0.003375
221020 0.005333
221030 0.003325
221040 0.001575
221050 0.001554
221060 0.000398
221070 0.002045
221080 0.004019
221090 0.003766
221100 0.002804
221110 0.000739
221120 0.003861
221130 0.004920
221140 0.001828
221150 0.007148
221160 0.004174
221170 0.001913
221180 0.002488
221190 0.004273
221200 0.003488
221210 0.000139
221220 0.004038
221230 0.001666
221240 0.002512
221250 0.002773
221260 0.004854
221270 0.002615
221280 -0.001818
221290 -0.000031
221300 0.020796
221310 0.005987
221320 0.002002
221330 -0.000104
221340 0.002654
221350 0.006692
221360 0.002769
221370 0.004683
221380 0.001712
221390 0.001943
221400 0.005156
221410 0.010501
221420 0.006168
221430 0.000292
221440 0.004827
221450 0.011941
221460 0.005986
221470 0.004674
221480 -0.001973
221490 0.011206
221500 0.003287
221510 0.005495
221520 0.007102
221530 0.000831
221540 0.006964
221550 0.001350
221560 0.009584
221570 0.007329
221580 0.007140
221590 0.010686
221600 0.004297
221610 0.007810
221620 0.004159
221630 0.003010
221640 0.000823
221650 0.006041
221660 0.006770
221670 0.001315
221680 0.005121
221690 13.992612
221700 0.005196
221710 -0.000468
221720 0.005147
221730 0.005216
221740 0.003604
221750 0.003123
221760 0.001306
221770 0.007468
221780 0.005504
221790 0.004027
221800 0.011564
221810 0.005857
221820 0.009394
221830 0.006273
221840 0.005308
221850 0.005250
221860 0.002028
221870 -0.000154
221880 0.007556
221890 0.016132
221900 0.004986
221910 0.002863
221920 -0.001076
221930 0.004293
221940 0.003553
221950 0.007025
221960 0.004931
221970 0.008376
221980 0.002228
221990 0.005730
222000 0.009750
222010 0.002769
222020 0.005938
222030 0.005454
222040 0.004756
222050 0.008346
222060 14.063288
222070 0.002776
222080 0.003782
222090 0.010873
222100 0.004890
222110 0.009444
222120 0.007165
222130 0.002291
222140 0.007717
222150 0.004753
222160 0.002044
222170 0.001316
222180 0.001117
222190 0.005109
222200 0.008880
222210 0.008313
222220 0.001070
222230 -0.000175
222240 0.006037
222250 0.010680
222260 0.001163
222270 0.001539
222280 0.007565
222290 0.004520
222300 0.004622
222310 0.007499
222320 -0.001130
222330 0.003910
222340 0.004713
222350 0.007306
222360 0.003659
222370 0.005367
222380 0.013960
222390 0.005840
222400 0.009374
222410 0.007816
222420 0.004916
222430 0.009440
222440 0.004842
222450 0.005557
222460 0.006244
222470 0.000561
222480 -0.001867
222490 0.001455
222500 -0.003247
222510 0.002559
222520 0.002611
222530 0.002541
222540 -0.000007
222550 0.008054
222560 0.005421
222570 0.010616
222580 0.003899
222590 0.014382
222600 0.004282
222610 0.009152
222620 14.049728
222630 -0.001403
222640 0.004912
222650 0.003158
222660 0.002313
222670 0.002931
222680 0.003387
222690 0.001746
222700 0.003185
222710 0.017711
222720 0.005490
222730 0.002623
222740 0.002857
222750 0.003143
222760 0.001048
222770 0.002685
222780 0.000123
222790 0.007745
222800 0.004221
222810 0.008087
222820 0.004902
222830 0.010767
222840 0.008502
222850 0.006250
222860 -0.000154
222870 0.005795
222880 0.004380
222890 0.008028
222900 0.003426
222910 0.001893
222920 13.966896
222930 0.004415
222940 0.002714
222950 0.006328
222960 0.005792
222970 0.005809
222980 0.004254
222990 0.002022
223000 0.002407
223010 -0.001034
223020 0.011708
223030 0.002531
223040 0.003162
223050 0.007323
223060 0.011665
223070 -0.002559
223080 0.006413
223090 0.004907
223100 0.019132
223110 0.013085
223120 0.005373
223130 0.007266
223140 0.008836
223150 0.005858
223160 0.004528
223170 0.003404
223180 0.011922
223190 0.001970
223200 0.002171
223210 0.004559
223220 0.001821
223230 0.007448
223240 0.003517
223250 0.001084
223260 0.003921
223270 0.004936
223280 -0.000517
223290 0.002964
223300 0.000871
223310 0.001558
223320 0.005610
223330 0.003003
223340 0.003091
223350 0.006382
223360 0.001352
223370 0.006157
223380 0.003877
223390 0.004316
223400 0.000245
223410 0.002581
223420 0.000219
223430 0.004082
223440 0.004496
223450 0.002758
223460 0.003815
223470 0.003169
223480 -0.001217
223490 -0.000131
223500 0.003740
223510 0.005926
223520 0.001167
223530 0.001586
223540 0.000776
223550 0.004281
223560 0.003226
223570 0.000720
223580 0.002029
223590 0.015583
223600 0.007515
223610 -0.000963
223620 0.005989
223630 0.000430
223640 0.001330
223650 0.003053
223660 0.014778
223670 0.013271
223680 0.004291
223690 0.005283
223700 0.002194
223710 -0.002430
223720 0.006332
223730 0.000082
223740 0.004749
223750 0.002451
223760 0.001707
223770 0.003646
223780 0.003360
223790 0.004161
223800 0.007301
223810 -0.000578
223820 0.002469
223830 0.001701
223840 0.005416
223850 0.003809
223860 0.004018
223870 0.007002
223880 0.004522
223890 0.005273
223900 0.002217
223910 0.001629
223920 0.004356
223930 0.003297
223940 0.001273
223950 0.005590
223960 0.008111
223970 0.001995
223980 0.006477
223990 -0.000266
224000 0.004226
224010 0.003350
224020 0.006029
224030 0.003386
224040 0.003459
224050 0.006257
224060 0.003533
224070 0.002199
224080 -0.000263
224090 0.007689
224100 0.003428
224110 0.008997
224120 0.004281
224130 0.003234
224140 0.012178
224150 0.009962
224160 -0.001583
224170 0.010295
224180 0.001571
224190 0.004845
224200 0.003967
224210 0.003833
224220 0.007652
224230 0.011668
224240 0.007006
224250 0.001540
224260 0.001875
224270 -0.003442
224280 0.004353
224290 0.001959
224300 0.003595
224310 0.002244
224320 0.000147
224330 0.011072
224340 0.008244
224350 0.003317
224360 0.001375
224370 0.003913
224380 0.004160
224390 0.000358
224400 0.004898
224410 0.004209
224420 0.002603
224430 0.002324
224440 0.004627
224450 0.002795
224460 0.003041
224470 -0.000643
224480 0.005033
224490 0.008146
224500 0.008173
224510 0.003055
224520 0.002981
224530 0.018553
224540 0.005105
224550 0.004241
224560 0.008121
224570 0.012180
224580 0.009159
224590 0.001103
224600 0.014817
224610 0.001466
224620 0.005369
224630 0.004823
224640 0.002556
224650 0.000696
224660 0.003931
224670 0.005530
224680 0.001178
224690 0.002332
224700 0.006381
224710 0.003141
224720 0.004119
224730 0.004557
224740 14.082741
224750 0.004956
224760 0.009321
224770 0.012084
224780 -0.001969
224790 0.006021
224800 0.007421
224810 0.010341
224820 0.006277
224830 0.003312
224840 0.003587
224850 0.002834
224860 -0.000005
224870 0.002034
224880 0.002039
224890 0.007125
224900 0.006900
224910 0.014121
224920 0.005676
224930 0.004623
224940 0.000099
224950 0.006008
224960 0.003509
224970 0.003928
224980 -0.000136
224990 0.008645
225000 0.002407
225010 0.001459
225020 0.003661
225030 0.000955
225040 0.009301
225050 0.008681
225060 -0.002234
225070 0.004532
225080 -0.000273
225090 0.003257
225100 0.004491
225110 0.008580
225120 0.006824
225130 0.007325
225140 0.003818
225150 0.004309
225160 0.011483
225170 0.005982
225180 0.004545
225190 0.004788
225200 0.004423
225210 0.001941
225220 0.011338
225230 0.003384
225240 0.002666
225250 0.008567
225260 0.005280
225270 0.005445
225280 0.009460
225290 0.008894
225300 0.004567
225310 0.005774
225320 0.008350
225330 0.003089
225340 -0.000347
225350 0.000824
225360 0.000644
225370 0.002718
225380 0.000459
225390 0.004154
225400 0.002396
225410 0.006758
225420 0.003068
225430 0.003922
225440 0.019000
225450 -0.000864
225460 0.006277
225470 0.002961
225480 0.014214
225490 0.004636
225500 0.000895
225510 0.005472
225520 0.005290
225530 0.006270
225540 0.004660
225550 0.002681
225560 0.006460
225570 14.060180
225580 0.001643
225590 0.002875
225600 0.001251
225610 0.006227
225620 0.004373
225630 0.002516
225640 0.007815
225650 0.005784
225660 0.002186
225670 0.001663
225680 0.006585
225690 0.002117
225700 0.007449
225710 0.001430
225720 0.003248
225730 0.016704
225740 0.005916
225750 0.002531
225760 0.002226
225770 0.003340
225780 0.003803
225790 0.006769
225800 0.002497
225810 0.005150
225820 0.001609
225830 -0.000877
225840 0.001755
225850 0.003442
225860 0.004247
225870 0.003176
225880 0.002851
225890 0.007051
225900 14.092630
225910 0.000237
225920 0.001135
225930 0.007244
225940 0.005439
225950 0.002958
225960 -0.004543
225970 0.009374
225980 0.001881
225990 0.004890
226000 0.004329
226010 0.001273
226020 0.001614
226030 0.002608
226040 0.000565
226050 0.015061
226060 0.006012
226070 0.009179
226080 -0.001166
226090 0.001061
226100 0.001310
226110 0.007143
226120 0.007635
226130 0.000463
226140 0.006388
226150 0.001638
226160 0.001674
226170 0.003213
226180 0.000929
226190 -0.000391
226200 0.003248
226210 0.005836
226220 0.002351
226230 0.005102
226240 0.006407
226250 0.003650
226260 0.002624
226270 0.002234
226280 0.002604
226290 0.002513
226300 0.001867
226310 0.005838
226320 0.006575
226330 -0.000282
226340 0.000680
226350 0.001871
226360 0.008251
226370 0.004477
226380 0.004261
226390 0.003952
226400 0.001420
226410 0.016736
226420 0.003479
226430 0.003699
226440 0.000537
226450 0.000393
226460 0.000730
226470 0.000250
226480 0.008583
226490 0.005819
226500 0.004796
226510 14.072693
226520 0.004692
226530 0.004758
226540 0.007956
226550 0.004864
226560 0.001920
226570 0.002540
226580 0.009051
226590 0.008219
226600 0.001145
226610 0.005873
226620 0.002538
226630 0.004285
226640 -0.002344
226650 0.001507
226660 0.001315
226670 0.004385
226680 0.003297
226690 0.004184
226700 0.001185
226710 0.000442
226720 0.006713
226730 0.004861
226740 0.002811
226750 0.003351
226760 -0.000927
226770 0.002296
226780 0.001991
226790 0.003520
226800 0.003739
226810 0.003859
226820 0.003492
226830 0.004410
226840 0.000829
226850 -0.000531
226860 0.000100
226870 0.007772
226880 0.004961
226890 0.006916
226900 0.003034
226910 0.002445
226920 -0.000400
226930 0.005562
226940 0.003198
226950 0.003519
226960 0.001232
226970 0.005317
226980 0.004421
226990 0.000366
227000 0.006129
227010 -0.002104
227020 -0.001074
227030 0.003561
227040 0.004505
227050 0.001342
227060 14.062941
227070 0.008789
227080 0.006624
227090 0.002524
227100 0.000853
227110 0.003552
227120 -0.000596
227130 0.003186
227140 0.007814
227150 0.004607
227160 0.000034
227170 0.003020
227180 0.002887
227190 0.014947
227200 0.002065
227210 0.003643
227220 0.001440
227230 0.003624
227240 0.000865
227250 0.004910
227260 0.003998
227270 0.003088
227280 0.001486
227290 0.002703
227300 0.001678
227310 0.000480
227320 0.003011
227330 0.000072
227340 0.006427
227350 0.003232
227360 0.000164
227370 -0.000171
227380 0.003241
227390 0.005939
227400 0.003805
227410 0.004934
227420 0.002244
227430 0.009027
227440 0.002203
227450 0.002967
227460 0.000295
227470 0.004186
227480 0.001565
227490 -0.000598
227500 0.001202
227510 0.002279
227520 0.002724
227530 0.006072
227540 0.002476
227550 0.002151
227560 0.001778
227570 0.012854
227580 0.007023
227590 0.016383
227600 0.011412
227610 0.006627
227620 0.001780
227630 0.003172
227640 0.000832
227650 0.005675
227660 0.003847
227670 0.003103
227680 0.007648
227690 0.006145
227700 0.012597
227710 0.007236
227720 0.009953
227730 0.007674
227740 0.005027
227750 0.005558
227760 0.006121
227770 0.004342
227780 0.003366
227790 0.005541
227800 0.003579
227810 0.006530
227820 0.002120
227830 0.010031
227840 0.011742
227850 0.004056
227860 0.010251
227870 0.003010
227880 -0.000708
227890 0.006737
227900 0.002235
227910 0.005256
227920 0.002669
227930 0.000880
227940 0.007114
227950 0.008183
227960 0.003219
227970 0.005704
227980 0.003390
227990 0.014002
228000 0.003940
228010 -0.000301
228020 0.009461
228030 0.001086
228040 0.005616
228050 0.007922
228060 -0.001062
228070 0.003392
228080 -0.000831
228090 0.006005
228100 0.008516
228110 0.007783
228120 0.003093
228130 0.008917
228140 0.009401
228150 0.007980
228160 0.002732
228170 -0.001534
228180 0.003591
228190 0.001445
228200 0.005462
228210 0.004187
228220 0.004235
228230 0.010157
228240 0.003765
228250 0.011716
228260 0.007096
228270 0.004233
228280 0.000421
228290 0.001361
228300 0.001195
228310 0.003694
228320 0.009308
228330 14.087136
228340 0.003209
228350 0.009241
228360 0.005629
228370 0.005272
228380 0.007340
228390 0.004018
228400 0.002412
228410 0.007537
228420 0.002884
228430 0.007550
228440 0.014813
228450 0.002797
228460 0.003657
228470 0.004985
228480 0.001448
228490 0.003441
228500 0.007624
228510 -0.000417
228520 0.006205
228530 0.004113
228540 0.004293
228550 0.010601
228560 0.002093
228570 0.001340
228580 -0.002252
228590 0.006692
228600 0.003428
228610 0.004448
228620 0.004129
228630 -0.002935
228640 14.000625
228650 0.007155
228660 0.003579
228670 0.003572
228680 0.008356
228690 -0.001602
228700 0.002552
228710 0.007558
228720 0.003822
228730 0.011657
228740 0.010404
228750 0.010194
228760 0.009752
228770 0.003256
228780 0.013286
228790 0.004814
228800 0.005387
228810 0.009436
228820 0.003425
228830 0.026220
228840 0.012298
228850 0.008014
228860 0.008772
228870 0.004597
228880 0.002028
228890 0.010770
228900 0.002235
228910 0.014725
228920 14.070122
228930 0.011497
228940 0.004869
228950 0.002551
228960 0.008572
228970 0.004369
228980 0.009131
228990 0.000681
229000 0.004580
229010 0.003962
229020 0.004248
229030 0.002269
229040 0.010385
229050 0.000240
229060 0.013641
229070 0.013786
229080 0.008281
229090 0.007840
229100 0.003399
229110 0.006724
229120 0.002133
229130 0.006640
229140 0.005785
229150 0.008956
229160 0.004611
229170 0.005186
229180 0.002127
229190 0.006227
229200 0.000350
229210 0.002123
229220 0.003566
229230 0.000754
229240 0.003111
229250 0.005206
229260 0.008047
229270 0.007896
229280 0.005543
229290 0.011070
229300 0.010077
229310 0.012853
229320 0.000283
229330 0.003592
229340 0.009210
229350 0.003831
229360 0.007530
229370 0.008643
229380 0.009039
229390 0.005002
229400 0.004819
229410 0.002054
229420 0.009821
229430 0.005029
229440 0.008396
229450 0.007265
229460 0.004239
229470 0.003159
229480 0.002245
229490 0.008029
229500 -0.002404
229510 0.000015
229520 0.006067
229530 -0.000223
229540 -0.001343
229550 0.010059
229560 -0.000962
229570 0.003267
229580 0.007500
229590 0.004347
229600 0.005655
229610 0.002394
229620 -0.000713
229630 0.001430
229640 0.006192
229650 -0.000641
229660 0.004255
229670 0.004616
229680 0.004888
229690 0.010764
229700 0.003083
229710 -0.000123
229720 0.002301
229730 0.001967
229740 -0.001579
229750 0.003562
229760 0.001797
229770 0.002653
229780 -0.000553
229790 -0.003652
229800 0.002311
229810 -0.000214
229820 0.008788
229830 0.002209
229840 0.001502
229850 0.002383
229860 0.004821
229870 0.005899
229880 -0.000122
229890 0.008323
229900 0.001615
229910 0.002761
229920 0.004235
229930 0.007623
229940 0.000419
229950 0.005263
229960 0.005579
229970 0.002385
229980 0.005569
229990 0.005666
230000 0.008292
230010 0.000815
230020 0.003464
230030 0.004326
230040 0.003583
230050 -0.001511
230060 0.004351
230070 0.001644
230080 0.003956
230090 0.003659
230100 0.005168
230110 0.000564
230120 0.001712
230130 0.001338
230140 0.005454
230150 0.001508
230160 0.006913
230170 0.005925
230180 -0.000319
230190 0.002925
230200 0.005547
230210 0.003358
230220 0.002710
230230 0.006624
230240 0.002916
230250 0.011534
230260 14.066853
230270 0.001575
230280 -0.002749
230290 0.007753
230300 0.000581
230310 0.004167
230320 -0.000521
230330 0.008460
230340 0.004731
230350 0.004740
230360 0.002582
230370 0.000183
230380 0.003090
230390 0.007524
230400 0.004127
230410 0.004413
230420 -0.001436
230430 0.005826
230440 0.004455
230450 0.003257
230460 -0.002617
230470 0.007514
230480 0.004043
230490 0.006189
230500 0.015534
230510 0.007693
230520 0.001568
230530 0.004279
230540 0.002999
230550 0.000175
230560 0.004099
230570 0.004112
230580 0.004380
230590 0.002709
230600 0.003522
230610 0.011782
230620 -0.003297
230630 0.011349
230640 0.000586
230650 0.004904
230660 0.002195
230670 0.003037
230680 0.003745
230690 0.002881
230700 0.005048
230710 -0.000066
230720 0.001537
230730 0.000515
230740 0.004294
230750 0.002796
230760 0.003460
230770 0.002994
230780 -0.000497
230790 0.000655
230800 0.005925
230810 -0.002634
230820 -0.001189
230830 0.000842
230840 0.007983
230850 0.010839
230860 0.003918
230870 0.003558
230880 0.005300
230890 0.002721
230900 -0.002297
230910 -0.000272
230920 0.000952
230930 0.008020
230940 0.003779
230950 0.001280
230960 0.001851
230970 0.003427
230980 0.003825
230990 0.002159
231000 0.014172
231010 0.001471
231020 0.001615
231030 0.002025
231040 0.004117
231050 0.004612
231060 0.004578
231070 0.002460
231080 0.008143
231090 0.007506
231100 0.003935
231110 0.002700
231120 0.004592
231130 0.006262
231140 0.008827
231150 0.004811
231160 0.003090
231170 0.002179
231180 0.004115
231190 0.004425
231200 0.003860
231210 0.002404
231220 -0.000695
231230 0.003359
231240 0.001375
231250 0.001323
231260 0.003507
231270 0.003709
231280 -0.000738
231290 0.014183
231300 0.003039
231310 0.004365
231320 -0.001818
231330 0.005757
231340 0.004836
231350 0.006987
231360 0.003648
231370 0.004599
231380 0.004974
231390 0.005080
231400 0.002896
231410 0.000233
231420 0.003799
231430 0.002781
231440 0.004109
231450 0.003027
231460 0.000477
231470 0.005992
231480 0.000456
231490 0.001942
231500 0.000922
231510 -0.000897
231520 0.005078
231530 -0.002225
231540 0.017538
231550 0.016877
231560 0.012557
231570 0.006479
231580 0.023366
231590 0.001043
231600 0.006053
231610 0.004218
231620 -0.003063
231630 0.012999
231640 0.006896
231650 0.005164
231660 0.026816
231670 0.022440
231680 0.023046
231690 0.015867
231700 0.008872
231710 0.015891
231720 0.006474
231730 0.016471
231740 0.020313
231750 0.010069
231760 0.009249
231770 0.012368
231780 0.011746
231790 0.001782
231800 0.007448
231810 0.007077
231820 0.005513
231830 0.009216
231840 0.003356
231850 0.018091
231860 0.015370
231870 0.031462
231880 0.008269
231890 0.013230
231900 0.010975
231910 0.016379
231920 0.009140
231930 0.008923
231940 0.017240
231950 0.020350
231960 0.009459
231970 0.004561
231980 0.012747
231990 0.003329
232000 0.009931
232010 0.005955
232020 0.008398
232030 0.010780
232040 0.004095
232050 0.019114
232060 0.006434
232070 0.007096
232080 0.007223
232090 0.008013
232100 14.023034
232110 0.008873
232120 0.020280
232130 0.008997
232140 0.014537
232150 0.010610
232160 0.026364
232170 0.011803
232180 0.014976
232190 0.012525
232200 0.027118
232210 0.013177
232220 0.011128
232230 0.022499
232240 0.018864
232250 0.019076
232260 0.019993
232270 0.016705
232280 0.022045
232290 0.023078
232300 0.019149
232310 0.019482
232320 0.017321
232330 0.010018
232340 0.017509
232350 0.020090
232360 0.004077
232370 0.008674
232380 0.020582
232390 0.005893
232400 0.009904
232410 0.015604
232420 0.000316
232430 0.015644
232440 0.010929
232450 0.024899
232460 0.013090
232470 0.016377
232480 0.027435
232490 0.019534
232500 0.007040
232510 0.008966
232520 0.009108
232530 0.012786
232540 0.010530
232550 0.005047
232560 0.012449
232570 0.016881
232580 0.015468
232590 -0.001202
232600 0.014541
232610 0.005938
232620 0.006726
232630 0.007651
232640 0.004773
232650 0.019559
232660 0.006548
232670 0.007671
232680 0.020694
232690 0.019504
232700 0.009542
232710 0.027070
232720 0.012842
232730 0.019135
232740 0.038350
232750 0.024097
232760 0.017854
232770 0.010928
232780 0.011398
232790 0.008837
232800 0.009888
232810 0.002751
232820 0.010553
232830 0.011738
232840 0.007316
232850 0.024229
232860 0.011237
232870 0.007347
232880 0.020770
232890 0.004499
232900 0.006242
232910 0.013246
232920 0.017677
232930 0.011457
232940 0.025378
232950 0.012516
232960 0.012010
232970 0.014735
232980 0.026960
232990 0.010003
233000 0.010516
233010 0.015211
233020 -0.001495
233030 0.011634
233040 0.008049
233050 0.006921
233060 0.006146
233070 0.008325
233080 0.010803
233090 0.004487
233100 0.011641
233110 -0.002734
233120 -0.002395
233130 0.006665
233140 0.008081
233150 0.004705
233160 0.019758
233170 0.006378
233180 0.004354
233190 0.001955
233200 0.009638
233210 0.007645
233220 0.009557
233230 0.010601
233240 0.014765
233250 0.012430
233260 -0.002438
233270 0.012090
233280 0.011857
233290 0.010514
233300 0.010420
233310 0.007771
233320 0.003152
233330 0.013380
233340 0.015566
233350 0.016497
233360 0.005514
233370 0.007735
233380 0.004611
233390 0.006185
233400 0.005215
233410 0.007678
233420 0.011270
233430 0.008199
233440 0.014135
233450 0.010685
233460 0.010053
233470 0.018878
233480 0.021389
233490 0.007554
233500 0.003915
233510 0.016676
233520 0.008783
233530 0.005409
233540 0.009897
233550 0.011221
233560 0.005918
233570 0.001738
233580 0.015243
233590 0.010322
233600 0.001247
233610 0.007512
233620 0.003781
233630 0.008834
233640 0.005762
233650 0.001172
233660 0.004099
233670 0.004476
233680 0.006746
233690 0.006713
233700 0.008151
233710 0.007583
233720 0.003948
233730 0.004594
233740 0.008991
233750 0.005290
233760 0.007183
233770 0.005784
233780 0.005739
233790 0.006401
233800 0.007736
233810 0.002086
233820 -0.000225
233830 0.010194
233840 0.011176
233850 0.014776
233860 0.008999
233870 0.013830
233880 0.007640
233890 0.008754
233900 0.006923
233910 0.010152
233920 0.006040
233930 0.004390
233940 0.002942
233950 0.006181
233960 0.009022
233970 0.011031
233980 0.006262
233990 0.002499
234000 0.004380
234010 0.007059
234020 0.010726
234030 0.001290
234040 0.005915
234050 0.004013
234060 0.008614
234070 0.004063
234080 0.006720
234090 0.006074
234100 0.007283
234110 0.003173
234120 0.006952
234130 0.002054
234140 0.008055
234150 0.012006
234160 0.002663
234170 0.008099
234180 0.010097
234190 0.013585
234200 0.008009
234210 0.006312
234220 0.004174
234230 0.001628
234240 0.001872
234250 0.009278
234260 0.001031
234270 0.002684
234280 0.001600
234290 0.003840
234300 0.005537
234310 0.004718
234320 0.006467
234330 0.007403
234340 0.002385
234350 0.011257
234360 0.004116
234370 0.009698
234380 0.005993
234390 0.011698
234400 0.000577
234410 0.009671
234420 0.003333
234430 0.004970
234440 0.005323
234450 0.008087
234460 0.005272
234470 0.005833
234480 0.003045
234490 0.002179
234500 0.010718
234510 0.006688
234520 0.001551
234530 0.001651
234540 0.003296
234550 0.006488
234560 0.004158
234570 14.061397
234580 0.008571
234590 0.013071
234600 0.003171
234610 0.008168
234620 0.003708
234630 0.009651
234640 0.003430
234650 0.005144
234660 0.003426
234670 0.008614
234680 0.003802
234690 0.005548
234700 0.011199
234710 0.002109
234720 0.005950
234730 0.004617
234740 0.001456
234750 0.018901
234760 -0.001916
234770 0.002442
234780 0.012169
234790 0.003454
234800 0.010114
234810 0.003672
234820 0.003948
234830 0.002710
234840 0.004111
234850 0.003221
234860 0.002191
234870 0.008479
234880 0.014727
234890 0.002358
234900 0.005159
234910 0.006286
234920 0.008661
234930 0.002931
234940 0.021801
234950 0.004455
234960 0.006405
234970 0.002586
234980 0.007017
234990 0.005409
235000 0.020070
235010 0.002554
235020 0.021537
235030 0.003432
235040 0.004468
235050 0.006011
235060 0.007656
235070 0.007697
235080 0.003638
235090 0.006631
235100 0.009134
235110 0.005513
235120 0.014621
235130 0.003159
235140 0.005589
235150 0.003155
235160 -0.001074
235170 0.005602
235180 0.011358
235190 0.013150
235200 0.020032
235210 0.008024
235220 0.016791
235230 0.007263
235240 0.012920
235250 0.007148
235260 0.022352
235270 0.014077
235280 0.004395
235290 0.006218
235300 0.005995
235310 0.009594
235320 0.006083
235330 0.003884
235340 0.006038
235350 0.000458
235360 0.003249
235370 0.007671
235380 0.009385
235390 0.004025
235400 -0.002839
235410 0.008095
235420 0.007264
235430 0.004572
235440 0.010680
235450 0.016772
235460 0.011978
235470 0.004597
235480 0.001503
235490 0.000463
235500 0.000880
235510 0.004180
235520 0.001601
235530 0.000370
235540 0.003746
235550 0.003092
235560 0.005239
235570 0.004796
235580 0.000608
235590 0.000458
235600 0.004099
235610 -0.000109
235620 0.007181
235630 0.002894
235640 0.002451
235650 0.005290
235660 0.005009
235670 0.003166
235680 0.012310
235690 0.005838
235700 0.013889
235710 0.005795
235720 0.009023
235730 0.014803
235740 0.008672
235750 0.004252
235760 0.000465
235770 0.007323
235780 0.013561
235790 0.001773
235800 0.019268
235810 0.006394
235820 0.006318
235830 0.003157
235840 0.003428
235850 0.001382
235860 0.000910
235870 0.007287
235880 0.012124
235890 0.009726
235900 -0.001197
235910 -0.001799
235920 0.006008
235930 0.003699
235940 0.005537
235950 0.004196
235960 0.007935
235970 0.002445
235980 0.004659
235990 0.003625
236000 -0.001383
236010 0.006866
236020 0.010820
236030 0.005395
236040 0.003734
236050 0.003422
236060 0.005873
236070 0.006433
236080 0.004096
236090 0.007528
236100 0.002817
236110 0.005891
236120 0.000920
236130 0.004569
236140 0.008195
236150 0.003882
236160 0.004586
236170 0.005264
236180 0.007111
236190 0.003804
236200 0.001231
236210 0.002909
236220 0.003301
236230 0.009206
236240 0.003364
236250 0.003160
236260 0.006376
236270 0.005668
236280 0.001302
236290 0.005179
236300 14.058965
236310 0.009221
236320 14.008777
236330 0.000127
236340 0.004990
236350 0.002565
236360 0.011806
236370 0.003961
236380 0.002188
236390 -0.001588
236400 0.016006
236410 0.003985
236420 0.006098
236430 0.003592
236440 0.006773
236450 0.004769
236460 0.004491
236470 0.007147
236480 0.002727
236490 0.002491
236500 0.001301
236510 -0.000706
236520 0.011923
236530 0.004929
236540 0.003685
236550 0.005471
236560 0.012948
236570 0.002145
236580 0.008718
236590 0.002520
236600 0.007589
236610 0.009922
236620 0.002145
236630 0.000617
236640 0.006040
236650 0.001452
236660 0.005384
236670 0.003110
236680 0.004119
236690 0.015855
236700 0.007823
236710 0.007382
236720 0.002888
236730 0.005368
236740 0.004884
236750 0.001660
236760 0.010893
236770 0.003643
236780 0.009886
236790 0.001104
236800 0.010883
236810 0.002517
236820 -0.001213
236830 0.000126
236840 0.003371
236850 0.003914
236860 0.002102
236870 0.003985
236880 0.004220
236890 0.003037
236900 0.007130
236910 0.008734
236920 0.001628
236930 0.007213
236940 0.007468
236950 0.004732
236960 0.001780
236970 0.000913
236980 0.021187
236990 0.004100
237000 0.006085
237010 0.007740
237020 0.004305
237030 0.001484
237040 0.006567
237050 14.100059
237060 0.025157
237070 0.028145
237080 0.004784
237090 0.007296
237100 0.016890
237110 0.006522
237120 0.003891
237130 0.006258
237140 0.005964
237150 0.006668
237160 0.004447
237170 0.002868
237180 0.001993
237190 0.008160
237200 14.039297
237210 0.005485
237220 0.002931
237230 0.004194
237240 0.009170
237250 -0.001078
237260 0.009098
237270 0.004498
237280 0.002746
237290 0.002327
237300 0.004685
237310 0.000724
237320 0.002491
237330 -0.000175
237340 0.003429
237350 0.000627
237360 0.007154
237370 0.003867
237380 0.006013
237390 0.003549
237400 0.002354
237410 -0.000378
237420 0.001940
237430 0.001568
237440 0.004676
237450 0.005458
237460 0.005087
237470 0.009743
237480 0.000190
237490 0.000238
237500 0.001593
237510 0.001298
237520 0.000625
237530 -0.001298
237540 0.000563
237550 0.003868
237560 0.004097
237570 0.004527
237580 0.002205
237590 0.003010
237600 0.001365
237610 0.000629
237620 0.004417
237630 0.006646
237640 0.006836
237650 -0.001780
237660 -0.001948
237670 0.006010
237680 0.005310
237690 0.001307
237700 0.002645
237710 0.000988
237720 0.003865
237730 0.002595
237740 0.010400
237750 0.009265
237760 0.008526
237770 -0.000275
237780 0.009733
237790 0.002064
237800 0.013355
237810 0.004578
237820 0.005823
237830 0.008745
237840 0.010211
237850 0.009711
237860 0.009431
237870 0.004416
237880 0.004503
237890 0.006155
237900 0.004585
237910 0.005166
237920 0.003523
237930 0.009303
237940 0.015369
237950 0.018144
237960 0.011781
237970 0.018457
237980 0.009583
237990 0.007373
238000 0.006493
238010 0.031340
238020 0.008534
238030 0.008897
238040 0.010018
238050 0.004238
238060 0.011766
238070 0.008797
238080 0.004244
238090 0.018279
238100 0.004702
238110 0.011531
238120 0.007998
238130 0.009857
238140 0.012435
238150 0.002590
238160 0.005694
238170 0.001930
238180 0.012753
238190 0.001816
238200 0.011592
238210 0.008859
238220 0.001967
238230 0.006566
238240 0.011712
238250 0.018314
238260 0.003768
238270 0.009598
238280 0.002264
238290 0.002601
238300 -0.000099
238310 0.007328
238320 0.005874
238330 0.005594
238340 0.009736
238350 0.008809
238360 14.098146
238370 0.009936
238380 0.006510
238390 0.005990
238400 0.005715
238410 0.003749
238420 0.005198
238430 0.014006
238440 0.005068
238450 0.000204
238460 0.001559
238470 0.006725
238480 0.005463
238490 0.005801
238500 0.010393
238510 -0.001640
238520 0.004770
238530 0.003725
238540 0.001537
238550 0.017284
238560 0.004432
238570 0.006721
238580 0.005942
238590 0.008746
238600 0.005336
238610 0.001974
238620 0.001971
238630 0.000809
238640 0.003197
238650 0.002919
238660 0.008559
238670 0.014439
238680 0.014995
238690 -0.001622
238700 0.003463
238710 0.009595
238720 0.007935
238730 0.008646
238740 0.007624
238750 0.000584
238760 0.006363
238770 0.005034
238780 -0.000091
238790 0.014753
238800 0.007335
238810 0.006082
238820 0.000241
238830 0.004961
238840 0.000725
238850 0.011923
238860 -0.005301
238870 0.002995
238880 0.004342
238890 0.000983
238900 0.003669
238910 0.000274
238920 0.014561
238930 0.008815
238940 0.009311
238950 0.002942
238960 0.003968
238970 0.009497
238980 0.003047
238990 -0.003214
239000 0.003499
239010 0.017064
239020 0.003539
239030 0.012110
239040 0.004692
239050 0.021979
239060 0.002996
239070 0.005965
239080 0.006292
239090 0.000068
239100 0.015127
239110 0.003470
239120 0.006513
239130 0.006111
239140 0.003788
239150 0.004107
239160 0.009505
239170 0.000539
239180 0.005814
239190 0.006032
239200 0.003104
239210 0.004088
239220 0.005304
239230 0.008297
239240 0.006713
239250 0.003396
239260 0.004268
239270 0.001072
239280 0.007109
239290 0.005655
239300 0.017292
239310 0.018787
239320 0.003953
239330 0.001534
239340 0.001950
239350 0.005531
239360 0.005457
239370 0.005590
239380 0.003410
239390 -0.000176
239400 -0.002483
239410 0.002641
239420 0.003810
239430 -0.002710
239440 -0.000015
239450 0.000345
239460 0.006070
239470 0.003626
239480 0.002178
239490 0.007118
239500 0.003196
239510 0.000947
239520 0.005757
239530 0.001858
239540 0.008060
239550 0.009850
239560 0.000730
239570 0.006746
239580 0.004106
239590 0.009970
239600 -0.001299
239610 0.002294
239620 0.003985
239630 0.006200
239640 0.004767
239650 0.007229
239660 0.010750
239670 0.004434
239680 0.009219
239690 0.007029
239700 0.005309
239710 -0.003777
239720 0.008486
239730 0.004476
239740 0.008182
239750 0.000184
239760 0.014116
239770 0.005154
239780 -0.000029
239790 0.002338
239800 0.000238
239810 0.005416
239820 0.001251
239830 0.000539
239840 0.001249
239850 0.006863
239860 0.004143
239870 0.004722
239880 0.002398
239890 0.001624
239900 0.003912
239910 0.002588
239920 -0.002668
239930 0.002225
239940 0.001612
239950 0.008421
239960 0.001259
239970 0.001550
239980 0.004715
239990 0.006988
240000 0.006772
240010 -0.000299
240020 0.006014
240030 0.001040
240040 -0.002026
240050 0.005002
240060 0.008288
240070 0.005163
240080 0.004752
240090 0.001357
240100 0.007392
240110 0.002031
240120 0.001159
240130 0.003539
240140 0.002456
240150 0.004385
240160 0.003747
240170 0.000975
240180 0.005292
240190 -0.001199
240200 0.005462
240210 -0.001953
240220 0.000794
240230 0.001993
240240 0.004267
240250 0.002326
240260 0.007121
240270 0.003947
240280 0.009894
240290 -0.000180
240300 0.003768
240310 -0.000030
240320 0.004993
240330 0.000396
240340 0.001391
240350 0.003427
240360 -0.000069
240370 0.005862
240380 0.005899
240390 0.003188
240400 0.004275
240410 -0.000098
240420 0.004321
240430 0.005072
240440 0.015422
240450 0.017559
240460 0.008766
240470 0.006623
240480 0.000394
240490 0.000704
240500 0.004132
240510 0.003323
240520 -0.002509
240530 0.002734
240540 0.008353
240550 0.007754
240560 0.006686
240570 0.007842
240580 0.004475
240590 0.002554
240600 0.001174
240610 0.003677
240620 -0.000827
240630 0.004587
240640 0.002633
240650 0.008708
240660 0.003730
240670 0.001972
240680 0.000008
240690 0.002115
240700 -0.002410
240710 0.001983
240720 0.000917
240730 0.005074
240740 14.046495
240750 0.004625
240760 0.002235
240770 -0.000559
240780 0.001858
240790 0.000181
240800 -0.000035
240810 0.002995
240820 0.000607
240830 -0.000942
240840 0.000024
240850 0.005874
240860 0.011071
240870 0.003340
240880 0.002165
240890 0.003612
240900 -0.001629
240910 0.001693
240920 0.002401
240930 0.002937
240940 0.002677
240950 -0.000502
240960 0.006908
240970 0.001276
240980 0.004054
240990 0.004780
241000 0.011249
241010 0.004532
241020 -0.000036
241030 0.004317
241040 0.001908
241050 0.004927
241060 0.001095
241070 0.004866
241080 0.005213
241090 -0.001029
241100 0.004935
241110 0.016734
241120 0.010259
241130 0.003216
241140 0.002052
241150 -0.001264
241160 -0.000148
241170 -0.002288
241180 0.002837
241190 0.004420
241200 0.003993
241210 0.002710
241220 0.004415
241230 0.001491
241240 0.003042
241250 0.005462
241260 0.002828
241270 0.004988
241280 0.004081
241290 0.015396
241300 0.007571
241310 0.005966
241320 0.002912
241330 0.006624
241340 -0.001609
241350 0.015070
241360 0.002687
241370 0.002762
241380 0.004916
241390 0.003364
241400 -0.001125
241410 0.003791
241420 0.002325
241430 0.002318
241440 0.000636
241450 -0.000901
241460 0.005795
241470 0.001031
241480 0.001736
241490 14.044882
241500 0.001273
241510 0.002450
241520 -0.001863
241530 0.000023
241540 0.006996
241550 0.003645
241560 0.002615
241570 0.007469
241580 0.006040
241590 0.008775
241600 -0.000373
241610 0.005908
241620 -0.000253
241630 0.003424
241640 0.000119
241650 0.001251
241660 0.002317
241670 0.004176
241680 0.002119
241690 0.003815
241700 0.007007
241710 0.003397
241720 0.004313
241730 -0.000428
241740 -0.000867
241750 0.005009
241760 0.002428
241770 0.001496
241780 0.005756
241790 0.002005
241800 0.001911
241810 0.000330
241820 -0.000229
241830 0.001093
241840 0.005834
241850 0.003627
241860 0.004346
241870 0.003005
241880 0.002517
241890 0.002870
241900 0.001340
241910 0.003960
241920 0.000439
241930 0.003804
241940 0.003674
241950 0.004859
241960 0.003156
241970 0.003313
241980 0.005434
241990 0.002630
242000 0.001484
242010 0.003144
242020 0.000376
242030 0.000657
242040 0.005862
242050 0.003866
242060 0.002744
242070 -0.001228
242080 0.001786
242090 0.005172
242100 0.004047
242110 0.002067
242120 14.072643
242130 0.005302
242140 0.001013
242150 0.005325
242160 0.004989
242170 0.002477
242180 -0.001863
242190 0.001619
242200 0.003109
242210 0.001169
242220 0.000198
242230 0.003881
242240 0.003249
242250 0.003042
242260 0.007594
242270 0.006529
242280 0.001822
242290 0.005598
242300 0.005952
242310 0.000345
242320 -0.000508
242330 14.105443
242340 0.005915
242350 0.003322
242360 0.002419
242370 0.001208
242380 0.001406
242390 0.006831
242400 0.003561
242410 0.001013
242420 0.001557
242430 0.001717
242440 0.002590
242450 0.002132
242460 0.000704
242470 0.000100
242480 0.010738
242490 0.003022
242500 0.005263
242510 0.004964
242520 0.002002
242530 0.006076
242540 0.000070
242550 -0.002768
242560 0.006801
242570 0.004646
242580 0.003916
242590 -0.000597
242600 0.004439
242610 0.001400
242620 0.002082
242630 -0.000322
242640 0.001337
242650 0.011580
242660 0.014524
242670 0.005680
242680 0.003751
242690 0.007593
242700 0.001441
242710 0.003217
242720 0.008528
242730 0.006151
242740 0.011185
242750 0.003574
242760 0.004635
242770 0.003607
242780 -0.000110
242790 -0.000950
242800 0.005359
242810 0.004598
242820 0.000298
242830 0.004558
242840 0.003825
242850 0.002815
242860 0.006198
242870 0.000231
242880 0.002952
242890 0.002272
242900 0.005647
242910 0.003017
242920 0.001290
242930 -0.000143
242940 0.003490
242950 0.002529
242960 0.000461
242970 0.001755
242980 -0.001480
242990 -0.001521
243000 0.003719
243010 -0.000694
243020 0.004861
243030 0.008984
243040 0.000836
243050 0.000105
243060 0.002259
243070 -0.003871
243080 0.003003
243090 -0.000012
243100 -0.001141
243110 0.001029
243120 0.002051
243130 0.002756
243140 0.012027
243150 0.002103
243160 0.001916
243170 0.003352
243180 0.006352
243190 0.001279
243200 0.009590
243210 0.006886
243220 0.002340
243230 0.000357
243240 0.000974
243250 0.009363
243260 0.003668
243270 0.003921
243280 0.000829
243290 0.003355
243300 0.003693
243310 0.003497
243320 0.004789
243330 0.000274
243340 0.003637
243350 0.002754
243360 0.006524
243370 0.010080
243380 0.010215
243390 0.005759
243400 0.002102
243410 0.004780
243420 0.002905
243430 0.001920
243440 0.006494
243450 0.002112
243460 0.004747
243470 -0.000287
243480 -0.001831
243490 0.007086
243500 0.003309
243510 0.003433
243520 0.009446
243530 0.004246
243540 0.006673
243550 0.000935
243560 0.001595
243570 0.001861
243580 -0.000195
243590 0.003026
243600 0.002020
243610 0.001639
243620 0.004437
243630 0.006347
243640 0.005121
243650 0.001722
243660 0.003266
243670 0.001841
243680 0.004230
243690 0.005313
243700 0.001781
243710 0.000887
243720 14.066062
243730 0.004604
243740 0.003906
243750 0.001829
243760 0.000674
243770 0.005260
243780 0.005329
243790 0.003795
243800 0.001378
243810 -0.001098
243820 0.001118
243830 0.006006
243840 -0.002315
243850 0.005218
243860 0.002575
243870 0.002227
243880 0.000216
243890 0.004774
243900 0.002549
243910 0.001528
243920 0.000359
243930 0.007702
243940 0.007724
243950 -0.002085
243960 0.002217
243970 0.002583
243980 0.004248
243990 0.003408
244000 0.009326
244010 0.006222
244020 0.008751
244030 0.004620
244040 -0.001235
244050 0.006842
244060 0.005136
244070 0.001453
244080 0.009148
244090 0.008157
244100 0.007974
244110 0.005688
244120 -0.001222
244130 0.004354
244140 0.000999
244150 0.003253
244160 0.009089
244170 0.003649
244180 0.009898
244190 0.006028
244200 0.005402
244210 0.005207
244220 -0.001424
244230 14.026293
244240 0.003242
244250 -0.003411
244260 0.005048
244270 0.002860
244280 0.005265
244290 0.010597
244300 0.004271
244310 0.004536
244320 -0.000569
244330 0.004864
244340 0.005934
244350 0.002511
244360 0.000058
244370 0.000046
244380 0.006754
244390 0.001569
244400 0.006717
244410 0.007642
244420 0.008552
244430 0.005525
244440 0.002606
244450 0.005911
244460 0.002084
244470 0.005626
244480 0.001144
244490 0.005262
244500 0.005643
244510 0.004439
244520 0.014728
244530 0.004620
244540 14.046581
244550 0.007044
244560 0.001543
244570 -0.003686
244580 0.005262
244590 -0.000804
244600 0.005012
244610 0.003962
244620 0.003276
244630 0.007001
244640 0.007487
244650 0.001588
244660 0.006436
244670 0.006844
244680 0.003471
244690 0.003714
244700 0.001542
244710 0.004936
244720 0.001985
244730 0.005403
244740 0.003049
244750 0.002315
244760 0.009507
244770 0.007854
244780 0.005354
244790 0.002673
244800 0.003881
244810 0.006369
244820 0.003935
244830 0.003854
244840 0.003353
244850 0.002543
244860 0.001880
244870 0.000694
244880 0.006972
244890 0.004686
244900 0.009120
244910 0.000314
244920 0.003260
244930 0.000066
244940 0.005310
244950 0.003488
244960 0.008364
244970 0.002257
244980 0.000988
244990 0.002928
245000 0.006749
245010 0.007003
245020 0.006059
245030 0.000149
245040 0.007001
245050 0.000879
245060 0.005790
245070 0.001091
245080 0.006340
245090 0.002954
245100 0.014072
245110 0.002152
245120 0.005524
245130 0.002286
245140 0.001248
245150 0.012726
245160 0.006517
245170 0.007412
245180 0.004755
245190 0.001140
245200 0.001887
245210 -0.002017
245220 0.009608
245230 0.014014
245240 0.007417
245250 0.001627
245260 0.003926
245270 0.001747
245280 0.000023
245290 0.002022
245300 0.003657
245310 0.003514
245320 0.001086
245330 0.002360
245340 0.004560
245350 0.006226
245360 0.006698
245370 0.000967
245380 0.005819
245390 0.003894
245400 0.001851
245410 -0.000305
245420 0.004535
245430 0.002002
245440 -0.003004
245450 0.005570
245460 0.004997
245470 0.006663
245480 0.001955
245490 0.005983
245500 0.002470
245510 0.004349
245520 0.002253
245530 0.002515
245540 0.004213
245550 0.002030
245560 0.003555
245570 0.003677
245580 0.002696
245590 0.007981
245600 0.011948
245610 0.001853
245620 0.004103
245630 0.008533
245640 0.003157
245650 0.006274
245660 0.002310
245670 0.005507
245680 0.003665
245690 0.002135
245700 0.003635
245710 -0.003719
245720 0.005242
245730 0.010099
245740 0.002653
245750 0.004171
245760 0.002008
245770 0.002704
245780 0.002939
245790 0.000551
245800 0.000250
245810 0.003226
245820 -0.000057
245830 0.004110
245840 -0.001452
245850 0.005254
245860 0.004280
245870 0.003516
245880 0.002186
245890 0.003973
245900 0.000703
245910 0.002598
245920 0.002607
245930 0.002976
245940 0.004414
245950 0.003294
245960 0.001392
245970 0.002554
245980 0.004222
245990 0.004120
246000 0.003683
246010 0.005011
246020 0.002794
246030 0.007212
246040 0.003821
246050 -0.000398
246060 -0.002961
246070 0.001516
246080 0.012486
246090 0.006131
246100 0.002294
246110 -0.001345
246120 0.006109
246130 0.002194
246140 0.006248
246150 0.006812
246160 -0.002365
246170 -0.001027
246180 0.001740
246190 0.003310
246200 0.002681
246210 0.004883
246220 0.000090
246230 0.003137
246240 0.002761
246250 0.004721
246260 -0.001326
246270 0.003101
246280 0.002843
246290 0.002572
246300 0.008762
246310 0.005493
246320 0.002440
246330 0.003114
246340 0.014013
246350 0.001416
246360 0.006531
246370 0.004904
246380 0.000841
246390 0.003302
246400 0.001315
246410 0.005068
246420 0.014248
246430 0.002251
246440 -0.000453
246450 0.003367
246460 0.002157
246470 0.011853
246480 0.003384
246490 0.005988
246500 0.004967
246510 0.004127
246520 0.001592
246530 0.004509
246540 0.001667
246550 0.002814
246560 0.003003
246570 -0.000585
246580 0.000148
246590 -0.001539
246600 0.001380
246610 0.001796
246620 0.006972
246630 0.015788
246640 0.004501
246650 0.005964
246660 -0.001076
246670 0.004110
246680 0.001905
246690 0.001140
246700 -0.002698
246710 0.004718
246720 0.000090
246730 0.001558
246740 0.008991
246750 0.001541
246760 0.005222
246770 0.005805
246780 0.005534
246790 0.002374
246800 0.000962
246810 0.002381
246820 0.002070
246830 0.003490
246840 -0.000987
246850 -0.001454
246860 0.003887
246870 0.005301
246880 0.003380
246890 0.003405
246900 0.003155
246910 0.002198
246920 0.005204
246930 -0.000054
246940 0.010217
246950 0.005902
246960 -0.003069
246970 -0.000982
246980 0.001171
246990 0.001086
247000 0.002755
247010 0.004654
247020 0.000868
247030 -0.000741
247040 0.007746
247050 -0.000362
247060 0.002834
247070 0.000228
247080 0.006882
247090 0.005573
247100 0.000341
247110 0.003750
247120 0.002216
247130 0.004706
247140 0.007025
247150 0.003272
247160 0.003699
247170 0.006949
247180 0.004699
247190 0.000596
247200 0.001511
247210 0.003023
247220 0.000034
247230 0.005560
247240 0.004587
247250 0.001239
247260 0.003266
247270 0.002287
247280 -0.002387
247290 0.001539
247300 0.000343
247310 0.006533
247320 -0.000712
247330 0.002523
247340 0.002866
247350 0.002508
247360 0.001241
247370 -0.000708
247380 0.001913
247390 0.000366
247400 -0.000242
247410 0.001608
247420 0.002086
247430 -0.002192
247440 0.004831
247450 -0.003275
247460 0.005734
247470 -0.000520
247480 0.004778
247490 0.002674
247500 0.000411
247510 0.003961
247520 -0.002965
247530 -0.000101
247540 0.004887
247550 0.003623
247560 0.002463
247570 0.001628
247580 -0.000496
247590 0.000675
247600 0.000104
247610 -0.002094
247620 0.002305
247630 0.009538
247640 -0.000845
247650 0.009971
247660 0.002074
247670 0.000766
247680 0.000979
247690 0.002366
247700 0.004291
247710 0.000663
247720 0.001691
247730 -0.002503
247740 0.005396
247750 0.002025
247760 0.002636
247770 -0.000868
247780 0.003218
247790 0.001197
247800 0.001845
247810 0.000773
247820 0.002006
247830 0.002453
247840 0.005504
247850 0.004209
247860 -0.001328
247870 0.004013
247880 0.002519
247890 0.002134
247900 0.001231
247910 0.003823
247920 -0.001797
247930 0.000702
247940 0.002714
247950 0.001634
247960 0.004615
247970 0.004644
247980 14.098608
247990 0.006830
248000 0.006540
248010 0.004590
248020 0.021755
248030 -0.001093
248040 0.005960
248050 0.003207
248060 0.004534
248070 0.003511
248080 -0.001189
248090 0.007279
248100 0.001594
248110 0.001488
248120 0.004791
248130 0.012855
248140 0.007859
248150 0.003113
248160 0.004729
248170 0.005165
248180 -0.000399
248190 0.004294
248200 -0.001409
248210 0.004176
248220 0.006547
248230 0.000594
248240 -0.000315
248250 0.004029
248260 0.002658
248270 0.000474
248280 0.004061
248290 0.007781
248300 0.005582
248310 0.003487
248320 0.005787
248330 0.001134
248340 0.002712
248350 0.001046
248360 0.000184
248370 0.002996
248380 0.010242
248390 0.007618
248400 -0.000461
248410 0.001922
248420 0.002738
248430 -0.000371
248440 0.004456
248450 0.005178
248460 0.001754
248470 0.004934
248480 0.004867
248490 0.007247
248500 -0.004381
248510 -0.002507
248520 0.005953
248530 0.004336
248540 0.001913
248550 -0.001506
248560 0.002870
248570 0.010356
248580 0.000132
248590 -0.001334
248600 0.005853
248610 0.000057
248620 0.004144
248630 0.008048
248640 0.003824
248650 0.007096
248660 -0.000888
248670 0.003310
248680 0.008379
248690 0.003234
248700 0.001582
248710 0.002906
248720 0.010096
248730 0.001397
248740 0.000538
248750 0.003704
248760 0.001984
248770 0.002328
248780 0.000464
248790 0.003337
248800 0.011361
248810 0.003459
248820 0.005718
248830 0.002419
248840 0.001073
248850 0.000364
248860 0.004893
248870 14.052885
248880 0.004042
248890 0.003665
248900 0.007165
248910 0.003238
248920 0.002075
248930 0.003456
248940 0.001540
248950 0.003712
248960 0.001909
248970 0.003249
248980 14.106383
248990 0.000137
249000 0.005318
249010 0.003219
249020 0.006536
249030 0.002452
249040 0.004683
249050 0.009134
249060 0.002441
249070 -0.000449
249080 0.005217
249090 0.007247
249100 0.000591
249110 0.006043
249120 0.008629
249130 -0.000252
249140 0.004723
249150 0.003924
249160 0.007052
249170 0.004959
249180 0.005494
249190 0.008637
249200 0.004055
249210 0.002970
249220 0.000105
249230 0.005820
249240 -0.000865
249250 0.005407
249260 0.003113
249270 0.000750
249280 0.002421
249290 -0.000626
249300 -0.001706
249310 -0.000220
249320 0.002786
249330 0.004471
249340 0.001313
249350 0.003530
249360 0.003571
249370 0.003625
249380 0.003182
249390 0.004074
249400 0.003373
249410 0.009975
249420 0.003660
249430 0.001242
249440 0.002104
249450 0.013696
249460 0.001417
249470 0.002648
249480 0.000361
249490 0.002444
249500 0.000604
249510 0.003543
249520 0.001077
249530 0.004754
249540 0.003338
249550 -0.000130
249560 0.004252
249570 0.000928
249580 0.004383
249590 -0.003109
249600 0.003689
249610 0.004711
249620 0.002609
249630 -0.000846
249640 0.000052
249650 0.001377
249660 0.000595
249670 0.027619
249680 -0.000505
249690 -0.000944
249700 -0.000265
249710 0.001015
249720 0.002745
249730 0.005436
249740 0.001032
249750 0.005296
249760 0.003344
249770 0.007776
249780 0.000146
249790 0.000044
249800 0.004329
249810 0.003438
249820 0.003689
249830 0.004836
249840 -0.000725
249850 0.026967
249860 0.002122
249870 0.005848
249880 -0.000122
249890 0.004180
249900 0.010485
249910 0.001781
249920 0.005484
249930 -0.000657
249940 0.003678
249950 -0.000840
249960 0.003060
249970 0.002832
249980 0.004755
249990 0.008471
250000 0.000756
250010 0.006398
250020 -0.000533
250030 0.003179
250040 0.001861
250050 0.001431
250060 -0.002335
250070 0.007411
250080 0.002323
250090 0.001989
250100 0.006329
250110 0.001493
250120 0.002863
250130 0.005022
250140 0.001909
250150 0.001596
250160 0.006091
250170 0.007292
250180 0.001325
250190 0.001548
250200 0.004385
250210 0.001230
250220 -0.001014
250230 0.007095
250240 -0.000298
250250 0.001923
250260 0.002396
250270 0.003281
250280 0.011195
250290 0.002237
250300 0.002888
250310 0.002485
250320 0.003165
250330 0.002565
250340 0.004663
250350 0.012898
250360 0.003868
250370 0.003952
250380 0.004445
250390 0.007644
250400 -0.001218
250410 0.004240
250420 0.001964
250430 0.000798
250440 0.005668
250450 0.000845
250460 0.001350
250470 0.001765
250480 0.001932
250490 0.002303
250500 0.003253
250510 0.002381
250520 0.000507
250530 -0.003744
250540 0.001628
250550 0.000950
250560 0.003850
250570 0.001312
250580 0.003241
250590 0.004812
250600 -0.000549
250610 0.001617
250620 -0.000671
250630 0.002270
250640 0.003865
250650 0.001728
250660 -0.001648
250670 0.003106
250680 0.004299
250690 0.002868
250700 -0.002966
250710 0.004522
250720 -0.003245
250730 -0.003951
250740 0.004254
250750 0.001907
250760 0.000796
250770 0.009613
250780 0.004550
250790 0.001829
250800 0.006618
250810 -0.000885
250820 0.001641
250830 0.001759
250840 0.002085
250850 0.000462
250860 -0.000194
250870 0.002701
250880 0.003039
250890 0.003128
250900 -0.002934
250910 0.005020
250920 -0.000496
250930 -0.000982
250940 0.001562
250950 0.000690
250960 0.001736
250970 0.005438
250980 0.000913
250990 0.001699
251000 -0.000241
251010 0.000883
251020 0.003580
251030 0.004374
251040 0.003575
251050 0.006150
251060 0.004013
251070 0.003699
251080 0.002817
251090 0.001837
251100 0.000442
251110 -0.001460
251120 0.001467
251130 0.001042
251140 0.002613
251150 0.002147
251160 0.003554
251170 0.003146
251180 0.003234
251190 0.005294
251200 0.000895
251210 0.002124
251220 0.001892
251230 0.003698
251240 -0.001103
251250 0.006023
251260 0.002279
251270 0.011590
251280 0.004377
251290 0.001122
251300 -0.001510
251310 -0.000590
251320 0.000230
251330 0.002028
251340 0.002782
251350 0.001693
251360 0.002096
251370 0.003115
251380 0.003827
251390 0.014027
251400 0.002034
251410 0.001719
251420 0.003639
251430 0.000578
251440 -0.000176
251450 0.003846
251460 0.006614
251470 0.000553
251480 0.002909
251490 0.003579
251500 0.001681
251510 0.001220
251520 0.002097
251530 0.001479
251540 -0.000775
251550 0.001395
251560 0.000270
251570 0.002581
251580 0.004842
251590 0.001781
251600 0.000169
251610 0.001581
251620 0.001797
251630 0.002261
251640 -0.000646
251650 0.002859
251660 -0.000424
251670 0.001626
251680 0.008539
251690 0.003738
251700 0.000631
251710 0.006424
251720 0.006778
251730 0.003903
251740 0.002909
251750 0.005542
251760 0.013166
251770 -0.002923
251780 0.004642
251790 0.006299
251800 0.000724
251810 0.001210
251820 0.003025
251830 0.003804
251840 0.003746
251850 0.003286
251860 -0.003062
251870 -0.000172
251880 0.004494
251890 0.004016
251900 -0.002123
251910 0.001468
251920 -0.000273
251930 0.003943
251940 0.002434
251950 0.000746
251960 0.010411
251970 0.004863
251980 0.004247
251990 0.000479
252000 -0.000824
252010 0.000820
252020 0.005290
252030 0.002916
252040 0.004171
252050 -0.001225
252060 0.015990
252070 0.005197
252080 0.000925
252090 -0.000562
252100 0.003476
252110 0.002514
252120 0.000236
252130 0.002633
252140 0.001701
252150 0.002136
252160 0.001425
252170 0.000584
252180 0.002362
252190 -0.001100
252200 0.004215
252210 0.003732
252220 0.001335
252230 0.001519
252240 0.001662
252250 0.003141
252260 0.006214
252270 0.002763
252280 -0.000107
252290 0.003259
252300 -0.000019
252310 0.002384
252320 0.003281
252330 0.001287
252340 -0.000349
252350 -0.000049
252360 -0.001254
252370 -0.000576
252380 0.005174
252390 0.003536
252400 0.005931
252410 0.001522
252420 0.003957
252430 0.001406
252440 0.007698
252450 0.009909
252460 0.002542
252470 0.017634
252480 0.004912
252490 -0.000150
252500 0.002540
252510 -0.000764
252520 0.000664
252530 0.003850
252540 -0.001320
252550 0.005478
252560 0.014133
252570 0.002123
252580 0.002360
252590 -0.000556
252600 -0.001103
252610 0.004623
252620 0.001347
252630 0.005275
252640 0.001817
252650 0.001949
252660 0.003559
252670 0.002143
252680 0.000234
252690 0.005083
252700 -0.000634
252710 0.003563
252720 0.004711
252730 0.001870
252740 -0.000285
252750 0.006379
252760 0.005322
252770 -0.000565
252780 -0.000317
252790 0.000664
252800 -0.001021
252810 -0.001107
252820 0.004203
252830 0.005797
252840 0.002935
252850 0.005015
252860 0.003740
252870 -0.000826
252880 0.001579
252890 -0.001454
252900 0.002053
252910 0.002791
252920 0.005234
252930 -0.000447
252940 0.004365
252950 0.000241
252960 0.001693
252970 0.004435
252980 0.003472
252990 0.001715
253000 0.000085
253010 0.015144
253020 -0.001187
253030 0.001318
253040 0.001935
253050 0.002802
253060 0.003760
253070 0.003212
253080 0.001895
253090 0.003029
253100 0.002625
253110 0.001983
253120 0.002475
253130 -0.001340
253140 0.001811
253150 0.000813
253160 0.000644
253170 0.001532
253180 0.005102
253190 0.001956
253200 -0.000036
253210 0.000187
253220 0.000786
253230 0.004430
253240 0.008567
253250 0.020320
253260 0.006428
253270 0.016221
253280 0.004044
253290 0.002604
253300 0.002390
253310 0.002778
253320 0.004917
253330 0.000380
253340 0.002384
253350 0.002998
253360 0.004135
253370 0.002264
253380 0.003685
253390 0.010548
253400 0.002403
253410 0.000727
253420 0.002967
253430 0.002296
253440 -0.001455
253450 0.001831
253460 0.004188
253470 0.004454
253480 0.000206
253490 0.001736
253500 0.005925
253510 0.012678
253520 0.000211
253530 0.004472
253540 -0.001508
253550 0.003292
253560 0.004258
253570 0.004453
253580 0.002258
253590 0.000260
253600 -0.002086
253610 0.002913
253620 0.000638
253630 0.002018
253640 0.001636
253650 0.002686
253660 0.000625
253670 0.001021
253680 0.001016
253690 0.003562
253700 0.004055
253710 -0.000507
253720 -0.000207
253730 -0.000009
253740 0.003292
253750 -0.001073
253760 0.002735
253770 0.003082
253780 0.002825
253790 0.000110
253800 0.001553
253810 0.000641
253820 0.002738
253830 0.001059
253840 0.002713
253850 0.000993
253860 0.002902
253870 0.004709
253880 0.001299
253890 0.001709
253900 0.002706
253910 0.003821
253920 0.004684
253930 0.000707
253940 -0.000439
253950 0.000004
253960 0.005333
253970 0.002566
253980 0.004051
253990 -0.001859
254000 -0.001176
254010 0.002891
254020 0.002308
254030 0.006217
254040 -0.000491
254050 0.002587
254060 0.003525
254070 0.000810
254080 0.004468
254090 0.002370
254100 0.001414
254110 0.002075
254120 0.005047
254130 0.004347
254140 0.002612
254150 0.003562
254160 0.002085
254170 0.000964
254180 0.002977
254190 0.008281
254200 14.071194
254210 0.000223
254220 0.001537
254230 0.003062
254240 -0.001170
254250 0.003374
254260 0.003150
254270 0.000588
254280 0.006759
254290 0.007794
254300 0.004356
254310 -0.000087
254320 0.000410
254330 0.003879
254340 0.000771
254350 0.003415
254360 0.003448
254370 0.002265
254380 0.001543
254390 0.001646
254400 0.003127
254410 0.003823
254420 0.002892
254430 0.002368
254440 -0.000553
254450 0.004219
254460 -0.000053
254470 0.000297
254480 0.001278
254490 0.002209
254500 0.002376
254510 0.003776
254520 0.000516
254530 0.000190
254540 -0.000483
254550 0.005899
254560 0.001932
254570 -0.001785
254580 0.013285
254590 0.006442
254600 0.006370
254610 0.002054
254620 -0.000219
254630 -0.001054
254640 0.004569
254650 0.001911
254660 0.002090
254670 -0.000748
254680 -0.000773
254690 0.002033
254700 -0.002367
254710 0.001977
254720 0.001533
254730 0.001574
254740 0.000726
254750 0.000255
254760 0.004443
254770 0.001890
254780 0.005197
254790 0.017259
254800 0.000145
254810 0.013462
254820 0.000802
254830 -0.000146
254840 0.000166
254850 0.000895
254860 0.002553
254870 0.002369
254880 0.003686
254890 0.003900
254900 0.004684
254910 0.004744
254920 -0.000621
254930 0.000910
254940 0.003294
254950 0.004105
254960 -0.002890
254970 0.007077
254980 0.002057
254990 14.044010
255000 0.004880
255010 0.001625
255020 0.004414
255030 0.003502
255040 0.003105
255050 -0.000603
255060 0.004980
255070 0.000314
255080 -0.002592
255090 0.001702
255100 0.001105
255110 0.001846
255120 0.004408
255130 0.004538
255140 0.001817
255150 0.002445
255160 0.002914
255170 0.001100
255180 -0.000888
255190 14.081963
255200 0.002935
255210 -0.000661
255220 0.001118
255230 0.000276
255240 0.000908
255250 -0.000038
255260 0.006924
255270 0.002188
255280 0.001424
255290 0.001317
255300 0.002585
255310 0.000808
255320 0.004709
255330 0.000365
255340 0.008463
255350 0.002832
255360 0.000693
255370 -0.002838
255380 0.005356
255390 0.002767
255400 0.001555
255410 0.001845
255420 0.002785
255430 0.004596
255440 0.002321
255450 -0.001298
255460 0.001150
255470 0.001790
255480 0.002068
255490 0.002730
255500 0.002983
255510 0.002212
255520 0.004045
255530 0.000606
255540 0.001230
255550 0.002847
255560 0.005496
255570 0.000207
255580 -0.003451
255590 0.000742
255600 0.002568
255610 0.004425
255620 -0.001012
255630 0.002985
255640 0.010891
255650 -0.003411
255660 0.000114
255670 0.003469
255680 0.002509
255690 0.001088
255700 0.001205
255710 0.001772
255720 0.015390
255730 0.011455
255740 0.008082
255750 0.003522
255760 0.005037
255770 0.000961
255780 0.004472
255790 0.004620
255800 0.000319
255810 0.001842
255820 0.001816
255830 0.002378
255840 0.006222
255850 0.004098
255860 0.000454
255870 0.002928
255880 0.002218
255890 -0.001001
255900 0.002760
255910 -0.000447
255920 0.002018
255930 -0.002767
255940 0.004765
255950 0.001835
255960 0.001878
255970 0.003610
255980 -0.000241
255990 0.000836
256000 -0.000116
256010 0.002942
256020 0.001791
256030 0.005338
256040 0.002155
256050 0.000718
256060 -0.001436
256070 0.005143
256080 0.001011
256090 0.002870
256100 0.000968
256110 0.000812
256120 0.001851
256130 0.000058
256140 0.001884
256150 0.003434
256160 -0.000123
256170 -0.000267
256180 0.001108
256190 0.006861
256200 0.001944
256210 0.002609
256220 0.004394
256230 0.004242
256240 -0.001705
256250 -0.000960
256260 0.000235
256270 0.002716
256280 0.000736
256290 0.001173
256300 0.003522
256310 0.004585
256320 0.005119
256330 0.002944
256340 0.000894
256350 -0.003103
256360 0.004750
256370 0.002017
256380 0.007388
256390 0.002010
256400 0.000418
256410 0.003084
256420 0.000182
256430 0.004364
256440 0.016116
256450 0.002622
256460 -0.000230
256470 -0.001075
256480 -0.001668
256490 0.001270
256500 0.000913
256510 0.003207
256520 0.001362
256530 0.011624
256540 0.001944
256550 -0.001350
256560 0.002436
256570 0.005354
256580 0.002985
256590 0.005346
256600 0.004840
256610 0.007508
256620 0.001971
256630 0.004103
256640 0.003029
256650 0.002202
256660 -0.001898
256670 0.001613
256680 -0.000111
256690 0.000981
256700 0.000460
256710 0.002381
256720 0.002020
256730 0.004712
256740 0.002813
256750 0.002303
256760 -0.001321
256770 -0.000671
256780 0.002599
256790 0.004192
256800 -0.000192
256810 0.002975
256820 0.002561
256830 0.001461
256840 0.000181
256850 -0.001418
256860 -0.000066
256870 0.001064
256880 0.001704
256890 0.004136
256900 0.002224
256910 0.003101
256920 -0.000709
256930 0.000288
256940 0.002293
256950 0.003365
256960 0.000303
256970 0.001468
256980 -0.000179
256990 0.001630
257000 -0.001175
257010 0.005099
257020 0.000096
257030 0.003626
257040 0.004629
257050 0.000162
257060 0.007843
257070 0.001909
257080 0.002203
257090 0.010711
257100 0.001669
257110 0.005001
257120 0.002373
257130 0.002670
257140 -0.000336
257150 0.000887
257160 -0.000509
257170 0.000830
257180 -0.000380
257190 0.000496
257200 0.007697
257210 14.056650
257220 0.004810
257230 0.000568
257240 0.005022
257250 0.002220
257260 0.002661
257270 0.001480
257280 0.000825
257290 0.003684
257300 -0.001908
257310 0.002609
257320 0.003704
257330 0.008336
257340 0.005383
257350 0.003970
257360 0.004939
257370 0.009247
257380 0.006597
257390 0.012943
257400 0.003986
257410 0.002022
257420 0.003623
257430 0.007814
257440 0.016209
257450 0.003792
257460 0.004434
257470 0.002021
257480 0.003953
257490 0.003006
257500 0.006878
257510 0.003712
257520 0.001979
257530 0.000694
257540 0.002532
257550 0.000423
257560 0.000116
257570 0.002517
257580 0.000143
257590 0.000496
257600 0.001362
257610 -0.001614
257620 14.055037
257630 0.002843
257640 0.001051
257650 0.001344
257660 0.001968
257670 -0.001583
257680 0.003885
257690 0.006713
257700 0.003156
257710 -0.000036
257720 -0.002910
257730 0.005248
257740 -0.000640
257750 0.001972
257760 0.003265
257770 0.000019
257780 0.002371
257790 0.001993
257800 0.009266
257810 0.005105
257820 0.002233
257830 0.004946
257840 0.001280
257850 0.001713
257860 0.003523
257870 0.001214
257880 0.001406
257890 0.001614
257900 0.001431
257910 0.008259
257920 0.000852
257930 0.006064
257940 0.015653
257950 0.004067
257960 0.002176
257970 0.002296
257980 0.001304
257990 0.001156
258000 0.000514
258010 0.001471
258020 0.002520
258030 0.001257
258040 0.000491
258050 0.002078
258060 0.001179
258070 -0.000224
258080 0.003791
258090 0.001663
258100 0.001192
258110 -0.001890
258120 0.003396
258130 0.001742
258140 -0.000008
258150 0.002129
258160 0.001178
258170 0.001912
258180 0.022793
258190 0.002784
258200 0.003053
258210 0.004637
258220 0.006384
258230 0.000307
258240 0.006017
258250 -0.000593
258260 -0.000275
258270 0.003517
258280 0.018088
258290 -0.000140
258300 0.000725
258310 0.003909
258320 -0.001275
258330 0.000675
258340 0.003524
258350 0.002344
258360 0.000737
258370 -0.000810
258380 0.003125
258390 0.001043
258400 0.001482
258410 0.002456
258420 0.000522
258430 0.001869
258440 0.004435
258450 0.002274
258460 0.002988
258470 -0.000393
258480 -0.000327
258490 -0.001191
258500 -0.000579
258510 0.002775
258520 0.003251
258530 0.001288
258540 0.001511
258550 0.003640
258560 0.002515
258570 0.000006
258580 0.003652
258590 0.004690
258600 0.003863
258610 0.003637
258620 0.006975
258630 0.002237
258640 0.002536
258650 0.003030
258660 0.004672
258670 0.004205
258680 0.005034
258690 0.002797
258700 0.002533
258710 0.001636
258720 0.002576
258730 0.002979
258740 0.002028
258750 0.000966
258760 0.004991
258770 -0.003401
258780 0.002821
258790 0.004229
258800 -0.000443
258810 0.005415
258820 0.003002
258830 0.001251
258840 0.003261
258850 0.001261
258860 0.004612
258870 0.005768
258880 0.004710
258890 0.001043
258900 0.001452
258910 -0.000204
258920 0.001222
258930 0.004175
258940 0.003732
258950 0.002747
258960 0.000720
258970 0.010381
258980 -0.000040
258990 0.000232
259000 0.000631
259010 0.001299
259020 0.001425
259030 0.000978
259040 0.003662
259050 0.000647
259060 0.004420
259070 0.002437
259080 0.001196
259090 -0.000331
259100 0.005353
259110 0.005079
259120 0.004262
259130 0.001198
259140 0.003095
259150 0.003414
259160 0.001465
259170 0.003450
259180 0.012734
259190 0.006349
259200 0.002269
259210 0.002571
259220 -0.000448
259230 0.003030
259240 -0.001035
259250 0.001793
259260 0.001469
259270 0.001909
259280 0.008597
259290 0.003725
259300 0.001527
259310 0.012550
259320 0.003209
259330 0.000931
259340 0.004273
259350 -0.000263
259360 -0.001934
259370 0.003491
259380 14.073846
259390 0.000916
259400 0.001756
259410 0.003603
259420 0.002926
259430 0.001551
259440 0.000102
259450 -0.000038
259460 0.000133
259470 0.005616
259480 0.002411
259490 0.002922
259500 -0.000737
259510 -0.001960
259520 0.001729
259530 0.003816
259540 0.005656
259550 0.004622
259560 0.001389
259570 0.004906
259580 -0.000957
259590 0.000668
259600 0.000998
259610 -0.000581
259620 0.002822
259630 0.000472
259640 0.008490
259650 0.001417
259660 0.002064
259670 0.001457
259680 -0.000619
259690 0.004389
259700 0.000517
259710 0.000705
259720 0.000834
259730 14.073644
259740 0.000665
259750 0.011942
259760 0.002806
259770 0.000984
259780 0.002475
259790 0.001659
259800 -0.000433
259810 -0.001116
259820 0.002786
259830 -0.000466
259840 0.001490
259850 0.004768
259860 0.005964
259870 0.012254
259880 -0.000959
259890 0.004951
259900 0.002561
259910 -0.000834
259920 14.078255
259930 0.003555
259940 0.003373
259950 0.003376
259960 0.000921
259970 0.002335
259980 0.002278
259990 0.001635
260000 0.004422
260010 0.001873
260020 0.001057
260030 0.002282
260040 14.031507
260050 0.007097
260060 0.003945
260070 -0.001114
260080 0.004916
260090 0.000944
260100 0.003902
260110 0.003214
260120 0.003782
260130 -0.000355
260140 0.003049
260150 0.001495
260160 0.000950
260170 -0.002383
260180 -0.000846
260190 -0.003116
260200 0.002090
260210 -0.000666
260220 0.003636
260230 0.000421
260240 0.003850
260250 0.004458
260260 0.002429
260270 0.003314
260280 -0.000519
260290 -0.001276
260300 0.000247
260310 0.004793
260320 0.001212
260330 0.003752
260340 0.004388
260350 0.003644
260360 0.001569
260370 0.001298
260380 0.002028
260390 0.000996
260400 0.002334
260410 14.077786
260420 0.002542
260430 -0.000535
260440 0.000095
260450 -0.000539
260460 0.001551
260470 -0.000593
260480 -0.000904
260490 0.001778
260500 0.003743
260510 0.004594
260520 0.002007
260530 0.003852
260540 -0.000079
260550 0.001976
260560 0.007485
260570 0.002574
260580 0.002023
260590 0.001127
260600 0.001986
260610 -0.001224
260620 0.002726
260630 -0.000383
260640 -0.000038
260650 0.005097
260660 0.006565
260670 -0.000940
260680 -0.000037
260690 0.006350
260700 -0.000778
260710 0.004148
260720 0.002288
260730 0.009971
260740 0.001687
260750 -0.001090
260760 0.002708
260770 0.002855
260780 -0.000495
260790 0.012243
260800 0.005041
260810 0.002097
260820 0.005222
260830 0.004722
260840 0.004287
260850 0.002224
260860 0.004691
260870 -0.001267
260880 0.004095
260890 0.000885
260900 0.004145
260910 -0.001423
260920 0.004102
260930 0.002915
260940 0.005937
260950 0.002303
260960 0.001398
260970 0.002577
260980 0.002997
260990 0.008552
261000 -0.000010
261010 0.003448
261020 -0.001174
261030 -0.000824
261040 0.003701
261050 0.009221
261060 -0.002432
261070 0.005043
261080 0.002168
261090 0.003921
261100 0.002953
261110 0.001599
261120 0.001379
261130 0.001135
261140 0.003709
261150 0.002833
261160 0.002362
261170 0.001854
261180 0.000891
261190 0.002928
261200 0.004034
261210 0.002851
261220 0.002395
261230 0.003177
261240 0.000825
261250 0.002609
261260 0.004327
261270 0.001586
261280 0.003540
261290 0.001837
261300 0.001452
261310 0.001255
261320 0.000895
261330 0.003112
261340 0.001104
261350 0.005694
261360 0.001294
261370 -0.000544
261380 -0.000080
261390 0.002474
261400 -0.000126
261410 0.002176
261420 0.002137
261430 0.000258
261440 -0.001683
261450 0.005006
261460 0.000264
261470 0.002232
261480 0.001955
261490 0.000295
261500 14.057721
261510 0.000675
261520 0.009339
261530 -0.000676
261540 0.002850
261550 0.002537
261560 0.004089
261570 0.001164
261580 0.008465
261590 0.001515
261600 0.001800
261610 0.001049
261620 0.002120
261630 0.003923
261640 0.001952
261650 0.004195
261660 0.001573
261670 0.005111
261680 0.001875
261690 0.002246
261700 0.001560
261710 0.004742
261720 0.003814
261730 0.004296
261740 -0.000135
261750 0.003527
261760 -0.001011
261770 -0.000456
261780 0.010033
261790 0.000516
261800 -0.000103
261810 0.000476
261820 0.002036
261830 0.002598
261840 0.003432
261850 0.001346
261860 0.000270
261870 0.002622
261880 0.004803
261890 0.000958
261900 0.002958
261910 0.000349
261920 -0.000496
261930 0.010620
261940 0.001572
261950 0.001378
261960 0.001543
261970 0.003125
261980 -0.001309
261990 -0.000772
262000 -0.000786
262010 0.017896
262020 0.002773
262030 -0.000055
262040 0.001033
262050 0.001304
262060 -0.000231
262070 0.004297
262080 0.001105
262090 0.001113
262100 0.000870
262110 0.005052
262120 -0.002629
262130 -0.000090
262140 0.005043
262150 0.002977
262160 0.000805
262170 0.005084
262180 0.004645
262190 0.002952
262200 0.005308
262210 -0.000325
262220 0.002708
262230 -0.001920
262240 0.000088
262250 0.001565
262260 0.001838
262270 0.001663
262280 0.005569
262290 -0.000004
262300 0.001341
262310 0.003143
262320 0.000892
262330 0.002757
262340 0.003905
262350 0.003298
262360 0.007404
262370 0.003261
262380 0.004065
262390 0.001562
262400 0.004061
262410 0.004192
262420 0.003406
262430 -0.002309
262440 0.003545
262450 0.007710
262460 0.003459
262470 -0.000550
262480 0.006623
262490 0.003389
262500 0.003479
262510 -0.002199
262520 0.001842
262530 0.001837
262540 0.000374
262550 0.003345
262560 0.002770
262570 0.003974
262580 -0.002138
262590 0.002742
262600 0.000035
262610 0.003014
262620 -0.001047
262630 0.001086
262640 0.001157
262650 -0.001584
262660 0.005427
262670 0.003621
262680 0.000677
262690 0.004405
262700 0.002945
262710 0.000648
262720 0.004560
262730 0.001518
262740 -0.000430
262750 -0.000741
262760 0.003256
262770 0.002394
262780 0.000106
262790 -0.000898
262800 0.004088
262810 0.003450
262820 -0.000430
262830 0.000563
262840 0.001412
262850 -0.000061
262860 -0.000071
262870 0.002854
262880 0.002531
262890 -0.001035
262900 0.001285
262910 0.000815
262920 0.003481
262930 0.001932
262940 0.001192
262950 0.007612
262960 0.003258
262970 0.002563
262980 0.000671
262990 0.003257
263000 0.002457
263010 -0.000382
263020 0.001865
263030 -0.001454
263040 0.001780
263050 0.001184
263060 0.003459
263070 -0.001861
263080 0.005773
263090 0.001370
263100 0.000618
263110 0.002609
263120 0.000493
263130 0.001169
263140 -0.001011
263150 0.000526
263160 0.005171
263170 0.014668
263180 0.000751
263190 0.001996
263200 0.001818
263210 0.002306
263220 0.002893
263230 0.002034
263240 -0.000473
263250 -0.000014
263260 0.002803
263270 0.001876
263280 0.000385
263290 -0.000349
263300 -0.000407
263310 0.000224
263320 0.001028
263330 0.002810
263340 0.004514
263350 0.000199
263360 0.000027
263370 -0.001394
263380 0.001625
263390 0.001518
263400 0.001416
263410 0.000936
263420 0.000347
263430 0.001900
263440 0.001354
263450 0.000918
263460 0.002454
263470 0.005156
263480 0.002566
263490 -0.000323
263500 0.001318
263510 0.004220
263520 -0.000049
263530 0.009906
263540 14.035780
263550 0.003603
263560 0.000121
263570 0.001961
263580 -0.000723
263590 0.003109
263600 0.001132
263610 -0.000344
263620 0.002412
263630 0.009059
263640 -0.000728
263650 0.005694
263660 0.006043
263670 0.001861
263680 0.002664
263690 0.002394
263700 0.001833
263710 0.004729
263720 0.002235
263730 0.003697
263740 0.003480
263750 -0.000721
263760 0.003330
263770 0.002032
263780 0.004768
263790 -0.001638
263800 -0.000929
263810 0.000016
263820 0.000181
263830 0.004594
263840 0.003489
263850 0.000813
263860 0.008440
263870 -0.001857
263880 0.004325
263890 14.080899
263900 -0.001300
263910 -0.000837
263920 0.003342
263930 0.000248
263940 0.004377
263950 -0.001848
263960 0.003987
263970 0.004163
263980 0.002552
263990 0.002528
264000 0.003293
264010 0.002525
264020 0.003898
264030 0.003703
264040 0.001243
264050 0.002132
264060 0.006392
264070 0.000420
264080 0.004431
264090 0.002584
264100 0.000564
264110 -0.001673
264120 -0.000279
264130 0.002663
264140 0.000910
264150 0.000586
264160 0.002289
264170 0.006249
264180 0.000576
264190 0.001547
264200 -0.000351
264210 0.002552
264220 0.000912
264230 0.005937
264240 0.003987
264250 0.003183
264260 -0.001090
264270 0.000855
264280 0.000277
264290 0.001060
264300 0.002150
264310 0.001004
264320 0.001214
264330 0.017015
264340 0.005863
264350 0.000907
264360 0.004850
264370 0.009258
264380 0.003643
264390 0.000938
264400 0.002937
264410 0.000524
264420 0.003516
264430 0.001134
264440 0.000750
264450 0.005710
264460 0.005153
264470 0.001334
264480 0.001935
264490 0.002507
264500 0.001326
264510 0.000253
264520 0.004338
264530 0.007704
264540 0.006600
264550 0.000694
264560 0.000787
264570 -0.000792
264580 0.002057
264590 0.003103
264600 0.003227
264610 0.001417
264620 0.003915
264630 0.002100
264640 -0.000374
264650 0.001030
264660 0.001373
264670 0.002846
264680 0.002336
264690 0.007486
264700 0.003629
264710 0.004354
264720 0.000159
264730 -0.000420
264740 -0.000640
264750 0.003060
264760 0.001391
264770 0.000365
264780 0.009006
264790 0.001643
264800 0.003936
264810 0.002372
264820 0.000643
264830 0.000167
264840 0.004452
264850 0.002891
264860 0.002588
264870 -0.000227
264880 0.005415
264890 0.001607
264900 0.001512
264910 0.000072
264920 -0.001615
264930 0.006123
264940 0.010335
264950 0.002093
264960 0.001795
264970 -0.000371
264980 0.009665
264990 0.003904
265000 0.003327
265010 0.006231
265020 0.002490
265030 0.002794
265040 -0.000420
265050 0.000907
265060 0.014551
265070 0.008538
265080 0.008315
265090 0.009116
265100 0.006888
265110 0.010766
265120 0.013360
265130 0.007129
265140 0.006121
265150 0.010605
265160 0.006777
265170 0.008365
265180 0.000241
265190 0.005806
265200 0.012313
265210 0.004412
265220 0.004027
265230 0.008434
265240 0.000832
265250 0.006247
265260 0.003775
265270 0.005499
265280 0.004230
265290 0.003527
265300 0.005684
265310 0.013584
265320 0.001757
265330 0.005467
265340 0.003851
265350 0.004112
265360 0.005713
265370 0.005230
265380 0.014311
265390 0.020688
265400 -0.000111
265410 0.006904
265420 0.005959
265430 0.008263
265440 0.001507
265450 0.005038
265460 0.004115
265470 0.009721
265480 0.007361
265490 0.001697
265500 0.001870
265510 0.003272
265520 0.004271
265530 0.005236
265540 0.002686
265550 0.012106
265560 0.001776
265570 0.003439
265580 0.001932
265590 -0.000028
265600 0.001876
265610 0.004410
265620 0.001356
265630 0.004804
265640 0.003356
265650 0.006998
265660 0.008178
265670 0.004555
265680 -0.000034
265690 0.001419
265700 0.002382
265710 0.011078
265720 -0.000217
265730 0.001255
265740 -0.000918
265750 0.001769
265760 0.010939
265770 0.002713
265780 0.005090
265790 0.000711
265800 0.003062
265810 0.000687
265820 0.007054
265830 0.010335
265840 0.004974
265850 0.000470
265860 0.003772
265870 0.004577
265880 0.001258
265890 0.006616
265900 0.000626
265910 -0.001184
265920 0.004833
265930 0.002573
265940 0.003812
265950 0.004234
265960 0.004325
265970 -0.000655
265980 0.002179
265990 0.005744
266000 0.003289
266010 0.001162
266020 0.001153
266030 0.000649
266040 0.007282
266050 0.006621
266060 0.001316
266070 0.002182
266080 0.003039
266090 0.006093
266100 0.007867
266110 0.009502
266120 0.001637
266130 0.004641
266140 0.001620
266150 0.018118
266160 0.006315
266170 0.009303
266180 0.002437
266190 -0.002252
266200 0.002713
266210 0.001672
266220 0.003157
266230 0.001810
266240 0.005917
266250 0.006121
266260 0.005362
266270 0.001727
266280 0.000441
266290 0.000516
266300 0.002795
266310 0.004866
266320 -0.000575
266330 0.004339
266340 0.004235
266350 0.002715
266360 0.002571
266370 -0.001032
266380 -0.000695
266390 0.003470
266400 0.003044
266410 0.005249
266420 0.004168
266430 0.008421
266440 0.006335
266450 0.002322
266460 0.004750
266470 0.003313
266480 0.005248
266490 0.000932
266500 0.008400
266510 0.001881
266520 0.001368
266530 0.004572
266540 0.001632
266550 0.003350
266560 0.003463
266570 -0.000417
266580 0.007378
266590 0.005030
266600 0.005446
266610 0.009936
266620 0.007714
266630 -0.001489
266640 0.002869
266650 0.000504
266660 0.013738
266670 0.000525
266680 0.015647
266690 0.001151
266700 0.000796
266710 0.002302
266720 0.003330
266730 -0.000587
266740 0.001580
266750 0.002151
266760 0.000843
266770 0.002995
266780 0.003903
266790 0.002559
266800 0.004664
266810 0.004346
266820 0.001555
266830 14.035631
266840 0.003888
266850 0.001033
266860 0.000044
266870 -0.000430
266880 0.001666
266890 0.003420
266900 0.005968
266910 0.002855
266920 0.007983
266930 0.003810
266940 0.003539
266950 0.002362
266960 0.001555
266970 0.003195
266980 0.005526
266990 0.008630
267000 0.002648
267010 0.000065
267020 0.005748
267030 0.000022
267040 0.004943
267050 0.000205
267060 0.002926
267070 0.004556
267080 0.004380
267090 0.000368
267100 0.002267
267110 0.001813
267120 0.003614
267130 0.000819
267140 0.005882
267150 -0.000564
267160 0.002613
267170 0.001998
267180 0.003031
267190 0.000284
267200 0.001146
267210 0.002532
267220 0.000225
267230 0.005074
267240 0.000829
267250 -0.000603
267260 0.017856
267270 0.002883
267280 0.002394
267290 0.003245
267300 0.002066
267310 -0.001441
267320 0.001302
267330 0.001699
267340 0.001102
267350 0.000972
267360 0.000711
267370 0.001363
267380 0.003711
267390 0.003367
267400 0.001840
267410 0.001519
267420 0.003326
267430 0.003118
267440 0.003031
267450 0.002137
267460 0.006806
267470 0.003170
267480 0.000114
267490 0.006673
267500 0.000409
267510 0.002447
267520 0.004214
267530 0.002180
267540 0.002713
267550 0.002656
267560 0.000209
267570 0.001292
267580 0.002174
267590 0.010249
267600 0.001851
267610 0.001914
267620 0.003898
267630 0.000515
267640 0.003517
267650 0.006605
267660 0.000479
267670 -0.000491
267680 0.008976
267690 0.005620
267700 -0.000612
267710 0.003176
267720 -0.003292
267730 0.008263
267740 0.003995
267750 0.003198
267760 0.002913
267770 0.007100
267780 0.001760
267790 0.000723
267800 0.002273
267810 0.001746
267820 0.002774
267830 0.002433
267840 0.002017
267850 0.003475
267860 0.002263
267870 0.000427
267880 -0.000003
267890 0.006103
267900 0.012494
267910 0.002822
267920 0.002259
267930 0.004837
267940 -0.001307
267950 0.001170
267960 0.000224
267970 0.004168
267980 0.010894
267990 0.002389
268000 0.000520
268010 0.004023
268020 0.003684
268030 0.011295
268040 -0.000668
268050 0.001593
268060 -0.001312
268070 0.002306
268080 0.002410
268090 0.001711
268100 0.001669
268110 0.004547
268120 0.000846
268130 0.005327
268140 0.001338
268150 0.002943
268160 0.001141
268170 0.001825
268180 0.002608
268190 0.003988
268200 0.005161
268210 0.003174
268220 0.000613
268230 0.006321
268240 0.001595
268250 0.001408
268260 0.003480
268270 0.003395
268280 0.004802
268290 0.003378
268300 14.023744
268310 0.006760
268320 0.001538
268330 -0.000659
268340 0.000535
268350 0.003182
268360 0.001380
268370 -0.000038
268380 0.009906
268390 0.001351
268400 0.006826
268410 14.076851
268420 0.000847
268430 0.005765
268440 0.001391
268450 0.004983
268460 0.006444
268470 0.005759
268480 0.005470
268490 0.006202
268500 0.002658
268510 0.003566
268520 0.001876
268530 0.000299
268540 0.000844
268550 -0.000602
268560 -0.000797
268570 -0.004475
268580 -0.002000
268590 0.002857
268600 -0.000442
268610 0.002557
268620 -0.001012
268630 0.005460
268640 0.002124
268650 0.005757
268660 -0.000187
268670 0.002093
268680 0.001472
268690 0.003777
268700 0.004583
268710 14.082582
268720 0.001638
268730 0.002813
268740 -0.001872
268750 0.004112
268760 0.002106
268770 0.007064
268780 0.005288
268790 0.013894
268800 0.001121
268810 0.000989
268820 0.002687
268830 0.001278
268840 0.006893
268850 0.003067
268860 0.003851
268870 0.002013
268880 0.003302
268890 0.001188
268900 -0.001405
268910 0.000195
268920 0.005065
268930 0.000105
268940 -0.000684
268950 0.004996
268960 0.003854
268970 0.013072
268980 0.011215
268990 0.000217
269000 0.002353
269010 0.001397
269020 0.008879
269030 0.004749
269040 0.003701
269050 0.002128
269060 0.002759
269070 0.000986
269080 0.001675
269090 0.001871
269100 0.000459
269110 -0.000977
269120 0.003004
269130 0.003008
269140 0.001742
269150 -0.001867
269160 0.004464
269170 -0.002444
269180 0.002146
269190 0.000733
269200 0.001752
269210 -0.002718
269220 0.005126
269230 -0.002837
269240 0.003879
269250 0.002596
269260 0.001769
269270 0.002044
269280 -0.000508
269290 0.005197
269300 0.001361
269310 0.004518
269320 0.002015
269330 0.003781
269340 -0.000665
269350 0.003710
269360 0.000883
269370 0.005831
269380 0.000586
269390 0.005125
269400 0.002019
269410 -0.000630
269420 0.000336
269430 -0.002239
269440 0.002369
269450 0.004172
269460 -0.000919
269470 -0.002688
269480 0.001684
269490 -0.000681
269500 -0.001973
269510 -0.000304
269520 0.003129
269530 0.003814
269540 0.004924
269550 0.006496
269560 0.000702
269570 0.002443
269580 0.005289
269590 0.001548
269600 -0.001193
269610 0.001289
269620 0.005413
269630 0.001104
269640 0.000487
269650 0.005580
269660 0.016055
269670 0.004544
269680 0.002967
269690 0.000334
269700 0.003082
269710 -0.000052
269720 0.002794
269730 0.002939
269740 0.005033
269750 0.003372
269760 0.005723
269770 0.007235
269780 0.003350
269790 0.000222
269800 0.004225
269810 0.008185
269820 0.002864
269830 0.004923
269840 0.000638
269850 14.072548
269860 0.000798
269870 0.001933
269880 0.004921
269890 0.000348
269900 0.007418
269910 0.003197
269920 0.010109
269930 0.004929
269940 0.003582
269950 14.050856
269960 0.004359
269970 0.004113
269980 0.002236
269990 0.002512
270000 0.002794
270010 0.004533
270020 0.002826
270030 0.000265
270040 0.002609
270050 0.003712
270060 -0.002076
270070 0.002235
270080 0.023453
270090 0.000522
270100 0.001221
270110 0.005657
270120 0.003462
270130 0.007773
270140 0.001529
270150 0.001070
270160 0.003890
270170 -0.000529
270180 0.001346
270190 0.004915
270200 0.004039
270210 0.002639
270220 0.009455
270230 0.003361
270240 0.005118
270250 0.010609
270260 0.005684
270270 0.004915
270280 0.000941
270290 0.001912
270300 0.002288
270310 0.003166
270320 0.002007
270330 0.004613
270340 -0.000277
270350 0.002391
270360 0.005586
270370 0.003917
270380 0.000156
270390 0.002075
270400 0.014552
270410 0.010329
270420 0.007016
270430 0.002112
270440 0.014532
270450 0.004041
270460 0.006370
270470 0.000767
270480 0.002577
270490 -0.000027
270500 0.001857
270510 0.002877
270520 0.001853
270530 0.002710
270540 0.006518
270550 0.005663
270560 0.001776
270570 0.001495
270580 0.001293
270590 0.005451
270600 0.001214
270610 0.007475
270620 0.001325
270630 0.002587
270640 -0.000966
270650 0.000732
270660 0.002288
270670 0.001562
270680 0.010040
270690 0.006604
270700 0.001515
270710 0.000683
270720 -0.001545
270730 0.000591
270740 0.004506
270750 0.003104
270760 0.006151
270770 0.001518
270780 -0.000701
270790 0.003947
270800 -0.000408
270810 0.000801
270820 -0.000169
270830 0.003712
270840 -0.003018
270850 0.001021
270860 0.004050
270870 0.003802
270880 0.010984
270890 0.001967
270900 0.004987
270910 0.005592
270920 -0.002142
270930 0.002624
270940 -0.002035
270950 0.001699
270960 0.000644
270970 0.003022
270980 0.003805
270990 0.003114
271000 0.002771
271010 -0.000563
271020 0.002004
271030 0.001046
271040 0.004153
271050 0.000316
271060 0.007191
271070 0.001409
271080 0.000361
271090 0.003933
271100 0.003572
271110 0.001745
271120 0.001869
271130 0.001383
271140 0.002162
271150 0.015118
271160 0.001159
271170 -0.000162
271180 0.007699
271190 -0.000072
271200 0.000993
271210 0.000209
271220 0.001618
271230 0.003020
271240 0.001799
271250 0.005660
271260 0.003768
271270 0.001696
271280 0.003704
271290 -0.000160
271300 0.006427
271310 0.008780
271320 0.007103
271330 -0.001806
271340 0.001390
271350 0.004469
271360 -0.000558
271370 0.004836
271380 0.001444
271390 0.002791
271400 0.002405
271410 0.000013
271420 0.004791
271430 0.002043
271440 0.004758
271450 0.003261
271460 0.003095
271470 0.001241
271480 0.001970
271490 0.002339
271500 0.002748
271510 0.002438
271520 0.005310
271530 -0.001603
271540 0.003774
271550 0.002265
271560 0.002066
271570 0.001077
271580 0.001941
271590 0.003492
271600 0.002627
271610 0.001088
271620 0.003553
271630 0.000842
271640 0.002751
271650 0.004968
271660 -0.002288
271670 0.003236
271680 -0.000684
271690 0.002953
271700 0.000261
271710 0.007095
271720 0.002461
271730 0.003063
271740 0.003026
271750 -0.000344
271760 0.004036
271770 0.001020
271780 0.000088
271790 0.000010
271800 0.003612
271810 0.002268
271820 0.003959
271830 0.002082
271840 -0.000081
271850 0.000926
271860 0.004915
271870 0.000253
271880 0.004015
271890 0.006529
271900 0.001852
271910 0.006956
271920 0.002329
271930 0.000584
271940 0.003641
271950 0.002462
271960 0.002669
271970 0.006849
271980 0.006048
271990 0.007478
272000 0.002007
272010 0.001807
272020 0.000552
272030 -0.000214
272040 0.007136
272050 0.002337
272060 0.002498
272070 0.000248
272080 0.001096
272090 0.001539
272100 0.006149
272110 0.000617
272120 0.004769
272130 -0.000347
272140 0.003492
272150 0.000482
272160 0.000968
272170 0.005086
272180 0.001139
272190 0.002024
272200 0.002889
272210 0.002458
272220 0.004057
272230 -0.001582
272240 0.002680
272250 0.002022
272260 -0.001216
272270 0.005848
272280 0.003989
272290 0.001162
272300 -0.003377
272310 0.001570
272320 0.003758
272330 0.010419
272340 -0.000112
272350 0.003219
272360 0.010383
272370 0.006128
272380 -0.002117
272390 0.001241
272400 0.000747
272410 0.005633
272420 0.000536
272430 0.000972
272440 0.004082
272450 0.006668
272460 0.001025
272470 -0.001963
272480 0.000101
272490 0.003602
272500 0.002120
272510 0.000807
272520 0.003945
272530 0.002255
272540 0.003025
272550 0.002243
272560 0.003360
272570 0.005845
272580 0.001217
272590 0.005249
272600 0.001620
272610 0.003420
272620 0.002464
272630 0.003179
272640 0.003554
272650 0.003389
272660 0.003674
272670 0.002457
272680 -0.000368
272690 0.002734
272700 0.001654
272710 0.004106
272720 0.011128
272730 0.004503
272740 -0.000701
272750 -0.001377
272760 0.006271
272770 0.004224
272780 0.001000
272790 0.003373
272800 0.001776
272810 0.000671
272820 0.004487
272830 -0.000298
272840 0.002146
272850 0.000817
272860 0.000637
272870 0.004345
272880 -0.000192
272890 0.005070
272900 0.002868
272910 0.001916
272920 0.000176
272930 0.001178
272940 0.007764
272950 0.000524
272960 0.003804
272970 0.001636
272980 0.003352
272990 0.003542
273000 0.003701
273010 0.001746
273020 0.001921
273030 0.004946
273040 -0.000132
273050 -0.000245
273060 0.002268
273070 0.000940
273080 0.001853
273090 0.001752
273100 0.000841
273110 0.002450
273120 0.002952
273130 -0.001714
273140 -0.001202
273150 0.000678
273160 -0.000981
273170 0.000970
273180 0.000424
273190 0.003034
273200 0.003795
273210 -0.002975
273220 -0.002647
273230 0.002539
273240 0.003424
273250 0.003238
273260 0.004249
273270 -0.000053
273280 0.004977
273290 -0.001848
273300 0.002065
273310 0.002219
273320 0.003113
273330 -0.001230
273340 0.002843
273350 0.001931
273360 0.006556
273370 0.004413
273380 0.003221
273390 -0.000075
273400 0.011021
273410 -0.001390
273420 0.003273
273430 0.004585
273440 0.001857
273450 0.001403
273460 0.001360
273470 0.012527
273480 0.002565
273490 -0.000133
273500 0.001159
273510 0.001269
273520 0.000310
273530 0.000527
273540 0.001504
273550 0.004994
273560 0.006980
273570 0.000819
273580 0.002111
273590 0.003164
273600 0.001849
273610 0.000642
273620 0.001050
273630 0.003743
273640 0.003481
273650 0.001745
273660 -0.000312
273670 0.002743
273680 -0.003096
273690 0.000941
273700 -0.000743
273710 0.002969
273720 0.000472
273730 0.001368
273740 0.004596
273750 -0.000072
273760 0.000601
273770 14.019476
273780 0.001445
273790 0.006642
273800 -0.000161
273810 0.002969
273820 0.004391
273830 0.003449
273840 -0.000214
273850 14.031757
273860 0.004851
273870 0.001420
273880 0.006437
273890 0.003696
273900 0.003216
273910 -0.001879
273920 -0.001574
273930 -0.001370
273940 0.005122
273950 -0.000846
273960 0.002703
273970 0.009629
273980 0.011747
273990 0.002099
274000 0.004669
274010 -0.000639
274020 0.002117
274030 0.000271
274040 0.002833
274050 0.003009
274060 0.000942
274070 0.002641
274080 0.004298
274090 0.003291
274100 -0.000124
274110 0.002294
274120 0.001845
274130 0.003876
274140 -0.000134
274150 0.001900
274160 -0.001138
274170 -0.000156
274180 0.001720
274190 0.002304
274200 0.020530
274210 0.002043
274220 14.079660
274230 -0.001323
274240 0.000315
274250 0.003263
274260 -0.002009
274270 0.001680
274280 0.003293
274290 -0.000370
274300 0.002053
274310 0.001276
274320 0.000013
274330 0.004457
274340 0.004648
274350 0.001976
274360 0.002116
274370 14.081535
274380 0.000433
274390 0.001437
274400 0.001382
274410 0.004977
274420 0.006208
274430 0.009370
274440 0.005622
274450 -0.000831
274460 0.001573
274470 0.002765
274480 0.004483
274490 0.006596
274500 0.002890
274510 0.001064
274520 0.007415
274530 0.014567
274540 0.006073
274550 0.001347
274560 0.003182
274570 0.000022
274580 0.002254
274590 0.001553
274600 -0.000215
274610 0.005785
274620 0.003859
274630 0.001852
274640 0.004566
274650 0.000167
274660 0.003208
274670 0.003713
274680 0.001142
274690 0.001629
274700 0.006375
274710 -0.000470
274720 0.002298
274730 0.001216
274740 0.000056
274750 0.000783
274760 -0.000595
274770 0.001885
274780 0.001814
274790 0.003051
274800 0.000109
274810 0.003875
274820 0.001926
274830 0.002895
274840 0.002097
274850 -0.001465
274860 -0.000216
274870 -0.000935
274880 0.003088
274890 0.005068
274900 0.003049
274910 0.006737
274920 0.000718
274930 0.002280
274940 0.001238
274950 0.008169
274960 0.002484
274970 0.000789
274980 0.009111
274990 0.003479
275000 0.001266
275010 0.005679
275020 0.002685
275030 0.002125
275040 0.006843
275050 0.003460
275060 0.004320
275070 0.006237
275080 0.005370
275090 0.004513
275100 0.000173
275110 0.006720
275120 0.005252
275130 0.002951
275140 0.001231
275150 -0.000450
275160 0.001098
275170 0.002393
275180 -0.000455
275190 0.004144
275200 0.003590
275210 0.002807
275220 0.001171
275230 0.000442
275240 0.004232
275250 0.003232
275260 0.000128
275270 0.001304
275280 0.003100
275290 0.001000
275300 0.001432
275310 -0.000337
275320 0.004084
275330 0.002071
275340 0.002903
275350 0.003065
275360 0.005843
275370 0.000565
275380 0.006241
275390 0.002674
275400 0.006618
275410 -0.000851
275420 0.001271
275430 0.003100
275440 0.001705
275450 0.000772
275460 0.005311
275470 -0.000223
275480 0.000717
275490 0.003843
275500 0.000758
275510 0.013478
275520 0.009969
275530 0.004830
275540 0.002646
275550 0.002797
275560 -0.000261
275570 -0.000385
275580 0.002189
275590 0.001883
275600 0.006679
275610 0.000521
275620 0.000759
275630 0.003655
275640 -0.002790
275650 0.003918
275660 0.007905
275670 0.002041
275680 0.003601
275690 0.001325
275700 -0.000068
275710 0.000953
275720 0.001693
275730 0.000020
275740 0.003463
275750 -0.000117
275760 0.001869
275770 0.003740
275780 0.002101
275790 0.001703
275800 0.003145
275810 0.004320
275820 0.003479
275830 0.000393
275840 0.004864
275850 0.000219
275860 0.001369
275870 0.000529
275880 -0.000633
275890 0.003263
275900 -0.000182
275910 0.003309
275920 0.002457
275930 0.001202
275940 0.002817
275950 0.006033
275960 0.010595
275970 0.000236
275980 0.002358
275990 0.001214
276000 0.001905
276010 0.001116
276020 0.006786
276030 0.006405
276040 0.002283
276050 0.000670
276060 0.002014
276070 0.012841
276080 -0.000351
276090 0.000679
276100 0.003086
276110 0.000991
276120 0.002688
276130 -0.000952
276140 -0.000064
276150 0.010006
276160 0.004709
276170 0.000932
276180 0.002324
276190 0.002093
276200 -0.002237
276210 -0.000177
276220 0.003775
276230 0.000078
276240 0.002716
276250 0.003511
276260 0.001328
276270 0.001790
276280 0.000418
276290 0.004189
276300 0.004323
276310 0.002443
276320 0.003472
276330 0.000566
276340 0.002244
276350 0.001729
276360 0.002601
276370 0.001163
276380 -0.000020
276390 0.001170
276400 0.000819
276410 14.069274
276420 -0.000340
276430 0.004370
276440 0.001784
276450 0.003712
276460 0.002365
276470 0.001790
276480 0.001915
276490 -0.001198
276500 0.000234
276510 -0.003462
276520 -0.000529
276530 0.001348
276540 0.002757
276550 0.000995
276560 0.000900
276570 0.003733
276580 0.002817
276590 0.003142
276600 0.009431
276610 0.005508
276620 0.002363
276630 -0.001804
276640 0.001543
276650 0.003267
276660 0.003710
276670 0.003107
276680 0.006718
276690 0.004227
276700 0.004204
276710 0.003213
276720 0.005269
276730 0.001243
276740 0.002072
276750 0.002258
276760 0.002019
276770 0.001647
276780 0.000729
276790 -0.002658
276800 0.003764
276810 0.005473
276820 0.003491
276830 0.004670
276840 0.001460
276850 -0.001895
276860 0.004417
276870 0.000508
276880 0.002762
276890 0.005458
276900 -0.000608
276910 -0.000353
276920 0.004535
276930 -0.000652
276940 0.009535
276950 0.000792
276960 0.002235
276970 -0.000870
276980 -0.001449
276990 -0.002940
277000 0.005155
277010 -0.000380
277020 -0.000191
277030 -0.001229
277040 0.000804
277050 0.015911
277060 0.003869
277070 0.002006
277080 0.002325
277090 0.001436
277100 14.044660
277110 0.003540
277120 0.001731
277130 0.001245
277140 0.001765
277150 0.003141
277160 0.003791
277170 0.003464
277180 0.001267
277190 0.000300
277200 0.002172
277210 0.002754
277220 -0.000710
277230 0.000102
277240 -0.001219
277250 0.005502
277260 -0.000273
277270 0.001211
277280 0.002752
277290 0.001797
277300 0.009223
277310 0.003346
277320 0.002519
277330 0.000801
277340 0.000131
277350 0.000515
277360 0.004291
277370 0.004912
277380 0.001946
277390 0.002569
277400 0.001831
277410 0.001895
277420 0.003776
277430 0.001205
277440 0.003382
277450 0.001325
277460 0.002264
277470 0.003724
277480 -0.001841
277490 -0.000769
277500 0.000714
277510 0.000830
277520 0.001648
277530 0.002364
277540 0.005349
277550 0.002686
277560 0.001878
277570 0.004842
277580 0.004903
277590 0.001614
277600 0.004063
277610 -0.000643
277620 -0.000238
277630 0.003035
277640 0.000562
277650 0.002870
277660 0.003678
277670 0.007151
277680 0.001696
277690 0.010405
277700 0.001020
277710 0.000755
277720 0.000705
277730 -0.000857
277740 14.083773
277750 0.006852
277760 0.007936
277770 0.004146
277780 0.001960
277790 0.006405
277800 0.001630
277810 0.001449
277820 0.003782
277830 0.009021
277840 0.001439
277850 -0.004552
277860 0.009797
277870 0.002343
277880 0.006636
277890 0.002309
277900 -0.004326
277910 0.002859
277920 -0.001422
277930 0.003349
277940 0.000263
277950 0.000106
277960 0.004757
277970 0.000284
277980 0.000531
277990 0.002784
278000 0.003344
278010 0.007743
278020 0.006799
278030 0.000373
278040 0.006459
278050 0.003371
278060 0.007965
278070 0.013333
278080 0.010034
278090 0.004689
278100 0.001264
278110 0.002680
278120 0.002773
278130 0.004590
278140 0.004558
278150 0.003231
278160 0.001363
278170 0.010819
278180 0.005032
278190 0.002521
278200 0.002175
278210 -0.000620
278220 14.096113
278230 -0.000042
278240 0.006519
278250 0.002057
278260 0.004890
278270 0.002511
278280 0.005106
278290 0.007653
278300 0.018486
278310 0.017740
278320 0.013510
278330 0.008897
278340 0.007230
278350 0.004678
278360 0.004282
278370 0.003214
278380 0.004139
278390 14.100536
278400 0.005618
278410 0.003307
278420 0.005839
278430 0.007318
278440 0.001463
278450 0.003087
278460 0.017698
278470 0.007974
278480 0.018220
278490 0.014305
278500 0.006368
278510 0.021880
278520 0.001253
278530 0.001335
278540 0.003114
278550 0.003994
278560 -0.000073
278570 0.004352
278580 0.001660
278590 0.003619
278600 0.002140
278610 0.004984
278620 0.003169
278630 0.001402
278640 0.007229
278650 0.002902
278660 0.002393
278670 0.012123
278680 0.008541
278690 0.001685
278700 -0.000081
278710 -0.000470
278720 0.007378
278730 0.003592
278740 0.001557
278750 0.009419
278760 14.027800
278770 0.002530
278780 0.003117
278790 -0.000351
278800 0.005334
278810 0.005534
278820 0.002889
278830 -0.000045
278840 0.001736
278850 0.000216
278860 0.002692
278870 0.003696
278880 0.000380
278890 -0.002394
278900 -0.000582
278910 0.001739
278920 0.003054
278930 0.001620
278940 0.005052
278950 0.002399
278960 0.000752
278970 0.002063
278980 0.000084
278990 0.002085
279000 0.003524
279010 0.001076
279020 0.004159
279030 0.004119
279040 0.005831
279050 0.001392
279060 0.001474
279070 0.001241
279080 0.003660
279090 -0.000254
279100 -0.000892
279110 0.000098
279120 -0.001634
279130 0.005302
279140 -0.001471
279150 0.000295
279160 0.001827
279170 0.003535
279180 0.001009
279190 0.003892
279200 0.003302
279210 -0.000274
279220 0.004543
279230 -0.000571
279240 0.003638
279250 0.000456
279260 -0.000421
279270 0.004975
279280 0.000307
279290 0.002955
279300 0.002075
279310 0.004236
279320 0.006102
279330 0.002625
279340 0.002672
279350 14.087481
279360 0.002152
279370 0.001843
279380 0.000918
279390 0.001086
279400 0.001972
279410 0.001960
279420 0.002905
279430 0.009016
279440 0.006503
279450 0.002049
279460 0.000071
279470 0.002125
279480 0.003750
279490 -0.000335
279500 0.004966
279510 -0.000647
279520 0.000746
279530 0.002010
279540 -0.000491
279550 0.001600
279560 0.004921
279570 0.006343
279580 0.000750
279590 0.008860
279600 0.002345
279610 0.005337
279620 -0.001759
279630 -0.000489
279640 0.000727
279650 0.005345
279660 0.002795
279670 0.001537
279680 0.003211
279690 0.004691
279700 0.003669
279710 0.003534
279720 0.001798
279730 0.000273
279740 0.004493
279750 0.000320
279760 0.003544
279770 0.001438
279780 0.003998
279790 0.002117
279800 0.002127
279810 0.001288
279820 0.001620
279830 0.001604
279840 0.003237
279850 0.005747
279860 0.013909
279870 0.005151
279880 0.002989
279890 0.000960
279900 0.003615
279910 0.003038
279920 0.002032
279930 0.000209
279940 0.000349
279950 0.003706
279960 0.002347
279970 0.002448
279980 0.003648
279990 0.000234
280000 0.003582
280010 0.001732
280020 -0.000322
280030 0.003830
280040 0.006467
280050 0.005254
280060 0.002840
280070 0.001289
280080 0.008056
280090 0.003322
280100 0.008381
280110 0.003242
280120 0.003349
280130 0.000828
280140 0.004480
280150 -0.004004
280160 -0.001676
280170 0.000354
280180 0.000126
280190 0.002701
280200 0.003908
280210 0.001344
280220 0.004085
280230 0.006307
280240 0.001311
280250 0.003510
280260 0.000517
280270 -0.001590
280280 0.001326
280290 0.003760
280300 0.001610
280310 -0.000594
280320 0.005127
280330 0.007493
280340 0.003728
280350 0.002939
280360 0.000190
280370 0.001525
280380 -0.001638
280390 0.002615
280400 0.002845
280410 0.002553
280420 0.001369
280430 0.003880
280440 -0.000354
280450 0.000780
280460 0.001924
280470 -0.001680
280480 0.006111
280490 0.004835
280500 0.017999
280510 -0.000058
280520 0.010059
280530 0.003716
280540 0.005881
280550 0.003969
280560 0.003098
280570 -0.003300
280580 0.000072
280590 0.011485
280600 0.002493
280610 0.003238
280620 0.003498
280630 0.000586
280640 0.002069
280650 0.000208
280660 0.001384
280670 0.005259
280680 0.000865
280690 0.000859
280700 0.001179
280710 0.001878
280720 0.004251
280730 0.001740
280740 0.006354
280750 0.003964
280760 0.002646
280770 0.002827
280780 0.002115
280790 0.002565
280800 0.005156
280810 0.001551
280820 0.001634
280830 0.004632
280840 0.003874
280850 0.001251
280860 0.004613
280870 0.001370
280880 0.005184
280890 0.001082
280900 -0.000966
280910 0.001890
280920 -0.002608
280930 0.002187
280940 0.005921
280950 0.004844
280960 -0.001406
280970 -0.001146
280980 0.006260
280990 0.004968
281000 0.000164
281010 0.003074
281020 0.005398
281030 0.005216
281040 0.001741
281050 0.001992
281060 0.006693
281070 0.002675
281080 0.003482
281090 0.004584
281100 0.002155
281110 0.003054
281120 0.000111
281130 0.004484
281140 0.001471
281150 0.001281
281160 0.002470
281170 0.005534
281180 0.001400
281190 0.000756
281200 0.000633
281210 0.001906
281220 0.003091
281230 0.002955
281240 0.001681
281250 0.001918
281260 0.003861
281270 0.002244
281280 0.002463
281290 0.001606
281300 0.002021
281310 0.000976
281320 0.002191
281330 0.000633
281340 0.001416
281350 0.001964
281360 0.004211
281370 0.002940
281380 0.009202
281390 0.001188
281400 0.000640
281410 0.017140
281420 0.014103
281430 0.021479
281440 0.030017
281450 0.010150
281460 14.091351
281470 0.011158
281480 0.004300
281490 0.006067
281500 0.020810
281510 0.018845
281520 0.018880
281530 0.022625
281540 0.011221
281550 0.009470
281560 0.028519
281570 0.024489
281580 0.034554
281590 0.007921
281600 0.027349
281610 0.016348
281620 0.021357
281630 0.014582
281640 0.011298
281650 0.003778
281660 0.021443
281670 0.006184
281680 0.016921
281690 0.020658
281700 0.008830
281710 0.009421
281720 0.016114
281730 0.009025
281740 0.001027
281750 0.015353
281760 0.013834
281770 0.015971
281780 0.005276
281790 0.008164
281800 -0.004517
281810 0.018520
281820 0.001062
281830 0.009080
281840 0.007710
281850 0.016564
281860 0.012067
281870 0.010098
281880 0.002086
281890 0.010086
281900 0.003138
281910 0.007961
281920 0.006663
281930 0.006591
281940 14.069406
281950 0.011825
281960 0.006931
281970 0.009732
281980 0.009398
281990 0.006807
282000 14.068064
282010 0.017672
282020 0.013517
282030 0.012686
282040 0.006936
282050 0.012466
282060 0.001461
282070 0.003596
282080 0.013293
282090 0.010810
282100 0.008064
282110 0.010605
282120 0.019249
282130 0.003030
282140 0.001278
282150 0.012525
282160 0.007747
282170 0.009625
282180 0.007386
282190 0.006936
282200 0.006328
282210 0.006213
282220 0.007883
282230 0.000299
282240 0.009605
282250 0.001605
282260 0.006239
282270 0.007795
282280 0.004039
282290 0.006544
282300 -0.000950
282310 -0.000742
282320 0.004959
282330 0.006531
282340 0.011998
282350 0.005306
282360 0.007925
282370 0.014118
282380 0.011336
282390 0.002009
282400 0.001267
282410 0.011916
282420 0.003039
282430 0.007769
282440 0.002609
282450 0.009225
282460 0.007690
282470 0.006251
282480 0.012686
282490 0.008418
282500 0.011927
282510 0.011674
282520 0.007855
282530 0.008585
282540 0.013086
282550 0.003672
282560 0.013132
282570 0.020663
282580 0.007271
282590 0.001390
282600 0.009593
282610 0.007796
282620 0.013094
282630 0.012268
282640 -0.000736
282650 0.010207
282660 -0.000333
282670 0.012210
282680 0.012450
282690 0.008841
282700 0.007648
282710 0.004440
282720 0.005544
282730 0.002849
282740 0.009937
282750 0.011846
282760 0.008761
282770 0.015868
282780 0.007480
282790 0.003960
282800 0.005067
282810 0.025408
282820 0.000997
282830 0.008941
282840 0.002403
282850 0.004163
282860 0.005626
282870 0.002550
282880 0.006866
282890 0.002838
282900 0.003337
282910 0.006986
282920 0.006198
282930 0.002174
282940 0.002864
282950 0.004533
282960 14.056847
282970 0.002792
282980 0.009091
282990 0.008611
283000 0.002090
283010 0.003535
283020 0.009696
283030 0.010839
283040 0.008523
283050 -0.002077
283060 0.002853
283070 0.002001
283080 0.007966
283090 -0.000592
283100 0.007903
283110 0.006035
283120 0.012124
283130 0.002526
283140 0.007119
283150 0.006495
283160 0.007652
283170 0.007107
283180 0.005585
283190 0.003713
283200 0.007809
283210 -0.001581
283220 0.008335
283230 0.003847
283240 0.009831
283250 0.002092
283260 0.007750
283270 -0.002370
283280 0.002339
283290 0.001358
283300 0.001459
283310 0.009213
283320 0.003132
283330 0.001307
283340 0.002453
283350 0.008313
283360 14.067351
283370 0.004711
283380 0.002926
283390 0.001421
283400 0.000839
283410 -0.000031
283420 0.005444
283430 0.003866
283440 0.012487
283450 -0.000277
283460 0.008416
283470 0.003356
283480 0.006000
283490 0.003914
283500 0.001402
283510 0.005581
283520 0.005701
283530 0.005611
283540 0.005706
283550 0.005513
283560 0.000216
283570 0.002818
283580 0.002479
283590 0.000798
283600 0.005569
283610 -0.000408
283620 0.000219
283630 0.001526
283640 0.000438
283650 0.002143
283660 0.006851
283670 0.004244
283680 0.004451
283690 0.004783
283700 0.002765
283710 0.003787
283720 0.009967
283730 0.003446
283740 0.006169
283750 0.001974
283760 0.004903
283770 0.005045
283780 0.002623
283790 -0.002045
283800 0.000940
283810 0.001765
283820 0.006078
283830 0.006465
283840 0.004422
283850 -0.004360
283860 0.000993
283870 -0.000069
283880 0.004743
283890 0.002403
283900 0.003844
283910 0.001505
283920 0.011564
283930 -0.001489
283940 0.003279
283950 0.022015
283960 0.005967
283970 -0.003729
283980 14.081767
283990 0.006226
284000 0.002992
284010 0.003655
284020 0.002764
284030 0.005198
284040 0.005266
284050 0.003487
284060 0.002449
284070 -0.000135
284080 0.011081
284090 -0.000869
284100 0.002688
284110 0.002071
284120 0.002669
284130 0.001388
284140 0.005296
284150 0.003932
284160 0.003476
284170 0.001521
284180 0.013527
284190 0.002725
284200 0.003798
284210 0.003969
284220 0.009231
284230 0.001293
284240 -0.001947
284250 0.006240
284260 0.000970
284270 0.002725
284280 -0.001571
284290 0.001120
284300 0.003338
284310 0.003982
284320 0.003789
284330 -0.001204
284340 0.003211
284350 -0.001589
284360 -0.000189
284370 -0.000569
284380 0.000960
284390 0.005393
284400 0.003610
284410 0.001070
284420 0.008104
284430 -0.001486
284440 0.006050
284450 0.000298
284460 0.002446
284470 0.001135
284480 0.004430
284490 0.003113
284500 0.002567
284510 -0.001362
284520 0.002464
284530 0.002578
284540 0.001942
284550 0.005182
284560 0.005765
284570 0.002042
284580 0.006352
284590 0.005130
284600 -0.000418
284610 0.004955
284620 0.000172
284630 -0.001815
284640 0.000932
284650 0.003311
284660 -0.000671
284670 -0.000962
284680 0.000678
284690 0.001700
284700 0.000116
284710 0.003437
284720 0.003054
284730 0.004942
284740 0.004410
284750 0.002109
284760 0.003951
284770 0.001469
284780 0.002502
284790 0.003056
284800 0.002774
284810 0.005821
284820 -0.000511
284830 0.001315
284840 0.002326
284850 0.002805
284860 0.000960
284870 0.002602
284880 0.011186
284890 0.001367
284900 0.006602
284910 0.002226
284920 0.004274
284930 0.003364
284940 0.004782
284950 0.003240
284960 0.007709
284970 -0.000210
284980 0.000899
284990 0.001245
285000 0.001501
285010 0.005063
285020 0.010404
285030 0.005783
285040 0.006204
285050 0.002879
285060 0.001570
285070 0.007175
285080 0.003448
285090 0.004691
285100 0.001379
285110 0.000773
285120 0.002083
285130 0.002971
285140 0.005239
285150 14.093212
285160 0.003937
285170 0.000849
285180 -0.000120
285190 0.004167
285200 0.004535
285210 0.001300
285220 0.003923
285230 0.000215
285240 0.004970
285250 0.004642
285260 0.003463
285270 0.001214
285280 0.003242
285290 0.000174
285300 0.006597
285310 0.000102
285320 0.002035
285330 0.007167
285340 0.002577
285350 0.009125
285360 0.011584
285370 0.004074
285380 -0.000730
285390 0.003240
285400 0.003794
285410 0.002949
285420 0.004269
285430 0.005158
285440 0.019979
285450 0.002474
285460 0.004361
285470 0.002474
285480 0.002041
285490 0.001552
285500 0.004803
285510 0.003927
285520 0.003745
285530 0.004701
285540 0.003805
285550 0.001866
285560 0.003603
285570 0.000645
285580 0.010591
285590 0.002496
285600 0.003715
285610 0.000661
285620 0.001938
285630 0.003234
285640 0.003952
285650 0.004707
285660 0.001457
285670 0.004677
285680 0.000619
285690 0.002047
285700 0.001366
285710 0.008579
285720 0.013228
285730 0.018537
285740 0.007378
285750 0.014671
285760 0.005312
285770 0.006469
285780 0.020139
285790 0.014644
285800 0.002748
285810 0.007528
285820 0.003796
285830 0.017788
285840 0.004220
285850 0.001624
285860 0.013498
285870 0.008550
285880 0.005510
285890 0.002691
285900 0.000277
285910 0.004409
285920 0.004635
285930 0.004226
285940 0.002201
285950 0.002368
285960 0.005195
285970 0.006094
285980 0.011572
285990 0.005422
286000 0.001470
286010 0.001730
286020 -0.001243
286030 -0.002081
286040 0.004279
286050 0.005800
286060 0.001728
286070 0.000208
286080 0.009043
286090 0.003116
286100 0.003528
286110 0.000104
286120 0.005633
286130 0.003329
286140 0.006022
286150 0.001685
286160 0.002947
286170 0.000143
286180 0.003045
286190 0.002008
286200 0.002643
286210 0.002786
286220 0.004097
286230 -0.001378
286240 0.000880
286250 0.001898
286260 0.001462
286270 0.015631
286280 0.003342
286290 0.002774
286300 0.002500
286310 0.001734
286320 0.004907
286330 0.005517
286340 0.004032
286350 0.009613
286360 -0.000224
286370 0.018842
286380 -0.001357
286390 0.006564
286400 0.004711
286410 0.001896
286420 0.007067
286430 0.009039
286440 0.002876
286450 0.002111
286460 0.004141
286470 0.003374
286480 0.001727
286490 14.092521
286500 0.003975
286510 0.000145
286520 0.004303
286530 0.002530
286540 0.004558
286550 0.003759
286560 0.003035
286570 -0.001944
286580 0.007633
286590 0.004797
286600 0.000873
286610 0.002266
286620 0.001627
286630 -0.001653
286640 0.007069
286650 0.003647
286660 0.003609
286670 0.002045
286680 0.002150
286690 0.004893
286700 0.003049
286710 0.001426
286720 0.001094
286730 0.001007
286740 0.003411
286750 -0.000233
286760 0.003527
286770 0.004318
286780 0.001068
286790 0.000932
286800 0.003342
286810 0.002441
286820 0.002743
286830 0.005465
286840 0.004524
286850 0.000359
286860 0.000719
286870 0.002545
286880 0.006952
286890 0.007396
286900 0.010322
286910 0.005041
286920 0.001431
286930 -0.000318
286940 0.002505
286950 0.004943
286960 0.004854
286970 0.000547
286980 0.002297
286990 0.005191
287000 0.011721
287010 -0.000308
287020 0.009883
287030 0.002432
287040 0.014201
287050 0.005100
287060 0.004124
287070 0.001609
287080 0.007942
287090 -0.002123
287100 0.000658
287110 0.001989
287120 0.003842
287130 0.004821
287140 -0.000940
287150 0.003977
287160 0.002046
287170 0.001428
287180 0.004588
287190 0.001299
287200 0.003843
287210 0.010565
287220 0.006268
287230 0.009594
287240 0.012560
287250 0.008625
287260 0.002836
287270 0.000329
287280 0.001880
287290 0.000317
287300 14.066689
287310 0.002375
287320 0.002417
287330 0.009411
287340 0.000543
287350 -0.002209
287360 0.005307
287370 0.004123
287380 0.003011
287390 0.002713
287400 0.005880
287410 0.001944
287420 0.001602
287430 -0.000431
287440 0.001423
287450 0.000555
287460 0.002390
287470 0.003830
287480 0.000482
287490 0.004143
287500 0.003626
287510 0.001924
287520 0.002058
287530 0.002718
287540 0.004510
287550 14.130546
287560 0.013771
287570 0.017808
287580 0.021643
287590 0.005865
287600 0.013965
287610 0.011388
287620 0.009084
287630 -0.001647
287640 0.000521
287650 0.005220
287660 0.004618
287670 0.001451
287680 0.004741
287690 -0.000536
287700 0.001604
287710 0.002854
287720 0.000108
287730 0.002663
287740 0.001318
287750 0.001322
287760 0.001956
287770 0.000426
287780 0.001381
287790 0.001337
287800 0.003243
287810 0.000337
287820 0.000394
287830 0.002829
287840 0.002141
287850 -0.000787
287860 0.002994
287870 0.004136
287880 0.007264
287890 0.002919
287900 0.001760
287910 0.002467
287920 0.008427
287930 0.005715
287940 0.002361
287950 0.000394
287960 0.004078
287970 0.002511
287980 0.005893
287990 0.003356
288000 0.001209
288010 -0.000197
288020 0.003423
288030 0.001096
288040 0.001282
288050 -0.001616
288060 0.002270
288070 0.001314
288080 0.002057
288090 0.001350
288100 0.000567
288110 0.005587
288120 0.002569
288130 0.003395
288140 0.003449
288150 0.001067
288160 0.005017
288170 0.007467
288180 -0.002379
288190 0.002119
288200 0.003548
288210 -0.001598
288220 0.005363
288230 0.002371
288240 -0.000044
288250 -0.001418
288260 0.004996
288270 0.006911
288280 0.001346
288290 -0.001214
288300 0.000897
288310 0.000406
288320 0.001661
288330 0.003457
288340 0.001680
288350 0.003066
288360 0.003948
288370 -0.000157
288380 14.056929
288390 0.005362
288400 0.012875
288410 0.002729
288420 0.002992
288430 0.000586
288440 0.002789
288450 0.001974
288460 0.000074
288470 0.002769
288480 0.003403
288490 0.002344
288500 0.001574
288510 0.001513
288520 0.001465
288530 0.005419
288540 0.003568
288550 0.003305
288560 0.000183
288570 0.002094
288580 0.003030
288590 -0.000384
288600 0.000245
288610 0.003350
288620 0.002960
288630 0.007029
288640 -0.001635
288650 0.001871
288660 0.003573
288670 -0.001384
288680 -0.001581
288690 0.001073
288700 0.003223
288710 0.001042
288720 0.003715
288730 0.000880
288740 0.003949
288750 0.000787
288760 0.006218
288770 -0.003422
288780 0.001342
288790 0.004472
288800 0.001849
288810 0.000198
288820 0.002263
288830 0.003338
288840 -0.001392
288850 0.001763
288860 0.000083
288870 0.003658
288880 0.001116
288890 -0.002736
288900 0.002793
288910 0.003112
288920 0.000513
288930 0.002869
288940 0.001936
288950 0.002578
288960 0.004039
288970 0.000244
288980 0.003550
288990 0.003270
289000 -0.001885
289010 -0.000796
289020 -0.000512
289030 0.002248
289040 -0.000637
289050 0.000217
289060 0.003192
289070 0.003382
289080 0.004011
289090 -0.000152
289100 -0.000101
289110 0.003469
289120 0.001277
289130 0.001952
289140 -0.002543
289150 0.001706
289160 0.002586
289170 -0.000910
289180 0.008662
289190 -0.000759
289200 0.003369
289210 0.001951
289220 0.000072
289230 0.001550
289240 0.000426
289250 0.006114
289260 0.004646
289270 0.001780
289280 0.000993
289290 0.005095
289300 -0.000473
289310 0.004141
289320 0.003968
289330 0.004026
289340 0.000999
289350 0.001628
289360 0.000014
289370 0.001570
289380 -0.000707
289390 0.002832
289400 0.002192
289410 -0.000652
289420 0.002931
289430 -0.000378
289440 0.001114
289450 0.000932
289460 0.003376
289470 -0.000010
289480 0.002426
289490 0.001309
289500 -0.001279
289510 0.003910
289520 0.003231
289530 0.000893
289540 0.000944
289550 0.001005
289560 -0.000744
289570 0.005669
289580 0.003066
289590 0.002610
289600 0.002083
289610 0.001996
289620 -0.001104
289630 0.000745
289640 0.002597
289650 0.000035
289660 0.001131
289670 -0.000838
289680 0.001133
289690 0.004000
289700 0.002872
289710 0.002733
289720 0.000527
289730 0.000105
289740 0.001026
289750 0.001770
289760 0.005124
289770 -0.001356
289780 0.003656
289790 0.002717
289800 0.001564
289810 0.004129
289820 -0.000650
289830 0.002111
289840 0.000953
289850 0.000173
289860 0.003460
289870 -0.000295
289880 0.001936
289890 0.006662
289900 0.001808
289910 0.001087
289920 0.000457
289930 0.005454
289940 -0.002388
289950 -0.001135
289960 0.004755
289970 0.003540
289980 0.000898
289990 0.001326
290000 0.000136
290010 14.078837
290020 -0.001989
290030 -0.000490
290040 0.001536
290050 -0.001619
290060 0.004262
290070 0.001028
290080 0.002028
290090 0.001949
290100 0.003554
290110 0.001335
290120 0.001356
290130 -0.000044
290140 0.002697
290150 0.003782
290160 0.004603
290170 0.001294
290180 0.002879
290190 -0.000202
290200 0.002129
290210 0.006660
290220 0.000831
290230 14.077807
290240 0.004008
290250 -0.000632
290260 0.001535
290270 0.003764
290280 0.002653
290290 0.004932
290300 -0.000171
290310 0.003135
290320 -0.000463
290330 0.009017
290340 0.002056
290350 0.010607
290360 0.004405
290370 0.007755
290380 0.003942
290390 0.003126
290400 0.005582
290410 -0.000392
290420 0.000686
290430 0.002391
290440 -0.002189
290450 0.002966
290460 0.003750
290470 0.004588
290480 -0.000196
290490 -0.002182
290500 -0.000339
290510 0.003960
290520 0.000531
290530 0.001357
290540 0.000481
290550 0.001401
290560 0.004175
290570 0.001366
290580 0.000582
290590 -0.002456
290600 0.000527
290610 0.002384
290620 0.000813
290630 0.001263
290640 0.001432
290650 0.022475
290660 0.001439
290670 0.006819
290680 0.008927
290690 -0.001405
290700 0.003732
290710 0.002317
290720 0.002794
290730 0.000636
290740 0.002265
290750 0.002586
290760 -0.000861
290770 -0.001185
290780 0.002065
290790 -0.000768
290800 0.000053
290810 0.001979
290820 0.004480
290830 0.000629
290840 0.001442
290850 0.000933
290860 0.003428
290870 0.006104
290880 0.003221
290890 0.000213
290900 -0.000530
290910 0.006349
290920 -0.003010
290930 0.004043
290940 0.000475
290950 0.003233
290960 0.002679
290970 0.000407
290980 -0.000241
290990 0.003561
291000 0.016236
291010 0.001873
291020 0.002881
291030 0.001822
291040 0.003494
291050 0.001846
291060 0.002744
291070 0.008679
291080 0.004926
291090 0.003488
291100 0.003418
291110 0.004410
291120 0.003703
291130 0.001508
291140 0.001229
291150 0.003939
291160 -0.000252
291170 -0.002320
291180 0.003371
291190 0.002243
291200 -0.001195
291210 0.002138
291220 0.002051
291230 0.013314
291240 0.002193
291250 0.003108
291260 0.004321
291270 0.002370
291280 0.002301
291290 0.002205
291300 0.001969
291310 0.012164
291320 14.010339
291330 0.000800
291340 0.009875
291350 0.002371
291360 0.003241
291370 0.001512
291380 0.003224
291390 0.001063
291400 0.000826
291410 0.003396
291420 0.000344
291430 0.001796
291440 0.002878
291450 0.001610
291460 -0.000709
291470 -0.000598
291480 0.002440
291490 0.001275
291500 0.001823
291510 0.000821
291520 0.006391
291530 0.003682
291540 0.004423
291550 0.001517
291560 0.001844
291570 0.003090
291580 0.001278
291590 0.000100
291600 -0.000344
291610 14.032398
291620 0.001959
291630 0.001572
291640 0.005095
291650 0.002519
291660 0.001834
291670 0.001981
291680 0.000113
291690 0.016535
291700 0.001509
291710 0.003979
291720 0.001742
291730 0.004153
291740 0.003262
291750 -0.000202
291760 -0.001526
291770 0.002141
291780 0.003829
291790 0.005549
291800 0.000700
291810 0.004107
291820 0.001710
291830 0.003736
291840 -0.000665
291850 0.000381
291860 0.001019
291870 0.007036
291880 0.003738
291890 0.003190
291900 -0.000200
291910 0.003979
291920 0.005205
291930 -0.001172
291940 0.000940
291950 0.001169
291960 0.002745
291970 0.004609
291980 0.001985
291990 0.002211
292000 0.001219
292010 0.001555
292020 0.001962
292030 0.002987
292040 0.002984
292050 -0.002296
292060 0.007330
292070 0.002925
292080 -0.000743
292090 0.000558
292100 0.002312
292110 0.001951
292120 0.003909
292130 0.001724
292140 0.003866
292150 0.003646
292160 -0.000620
292170 0.005753
292180 0.000747
292190 0.003392
292200 0.001190
292210 0.000554
292220 0.018032
292230 -0.000952
292240 0.002130
292250 0.001998
292260 0.000118
292270 0.004632
292280 0.003517
292290 0.000558
292300 0.003702
292310 -0.001091
292320 0.001811
292330 0.001032
292340 -0.000290
292350 0.000528
292360 0.002758
292370 0.000875
292380 0.001239
292390 -0.000663
292400 0.003314
292410 0.001181
292420 0.002843
292430 0.000088
292440 0.003959
292450 0.000468
292460 0.003216
292470 0.000308
292480 0.000414
292490 0.000644
292500 0.001046
292510 0.004291
292520 0.002724
292530 0.001294
292540 0.003270
292550 -0.000510
292560 0.019549
292570 0.000629
292580 0.001819
292590 0.003177
292600 0.001582
292610 0.002147
292620 0.000666
292630 0.000641
292640 0.000403
292650 0.002565
292660 0.001521
292670 0.002779
292680 0.002618
292690 -0.000214
292700 0.002940
292710 0.002831
292720 -0.000956
292730 0.002533
292740 0.001292
292750 -0.000066
292760 0.003848
292770 14.059283
292780 0.015906
292790 0.001596
292800 0.003140
292810 0.000357
292820 0.002258
292830 0.002805
292840 0.000175
292850 0.001214
292860 0.000814
292870 0.001282
292880 0.002373
292890 0.010302
292900 -0.002452
292910 0.001923
292920 0.002427
292930 0.002566
292940 0.001089
292950 0.001695
292960 0.001049
292970 0.001940
292980 0.002636
292990 0.002967
293000 0.004433
293010 0.003413
293020 0.004551
293030 0.003314
293040 0.001574
293050 0.003383
293060 0.001696
293070 0.003055
293080 0.001179
293090 -0.000209
293100 0.003007
293110 0.000616
293120 0.000824
293130 -0.000369
293140 0.010662
293150 0.003308
293160 0.002770
293170 -0.003957
293180 0.002760
293190 -0.000213
293200 0.004441
293210 0.000929
293220 -0.000584
293230 0.004244
293240 0.002248
293250 0.002396
293260 0.000743
293270 0.000357
293280 0.001076
293290 0.002573
293300 0.000514
293310 0.001857
293320 0.002797
293330 0.001146
293340 -0.000411
293350 0.007350
293360 0.003384
293370 0.005038
293380 0.000901
293390 0.004338
293400 0.005213
293410 0.004117
293420 -0.000946
293430 0.004681
293440 0.003603
293450 0.001227
293460 0.003197
293470 0.001389
293480 0.000475
293490 0.003635
293500 -0.001474
293510 0.015033
293520 0.001954
293530 0.002319
293540 0.004454
293550 0.001022
293560 0.002544
293570 0.003199
293580 0.001964
293590 0.005154
293600 0.006947
293610 0.000688
293620 0.000301
293630 0.001990
293640 0.003826
293650 0.002322
293660 0.006340
293670 0.000669
293680 0.003230
293690 -0.000300
293700 0.001925
293710 0.001756
293720 0.000527
293730 0.001269
293740 0.003526
293750 0.003548
293760 -0.000194
293770 0.016162
293780 0.001397
293790 0.001531
293800 0.002408
293810 0.001073
293820 0.000990
293830 0.002415
293840 0.000712
293850 0.001663
293860 0.002870
293870 -0.000086
293880 0.003188
293890 0.004009
293900 -0.000949
293910 -0.000761
293920 0.002568
293930 0.000745
293940 -0.001418
293950 0.003522
293960 0.005242
293970 0.001935
293980 0.000829
293990 0.001720
294000 0.000973
294010 0.001974
294020 -0.000319
294030 0.003349
294040 0.001664
294050 0.000815
294060 0.003767
294070 0.001364
294080 0.004365
294090 0.003121
294100 0.001729
294110 0.001327
294120 0.007305
294130 0.007667
294140 0.002946
294150 0.000843
294160 0.002353
294170 0.004171
294180 0.000292
294190 0.000933
294200 -0.001480
294210 0.001784
294220 0.000980
294230 0.001119
294240 0.001078
294250 0.001122
294260 0.001110
294270 0.000680
294280 0.003764
294290 0.002859
294300 0.000766
294310 -0.000294
294320 0.000280
294330 0.002415
294340 0.006194
294350 -0.000253
294360 0.000635
294370 0.003124
294380 0.001146
294390 -0.000767
294400 0.012552
294410 0.000325
294420 0.004809
294430 0.007928
294440 0.002969
294450 0.001893
294460 0.000354
294470 0.002212
294480 0.004918
294490 0.002547
294500 -0.001212
294510 0.001939
294520 0.002690
294530 0.002702
294540 0.001478
294550 0.005832
294560 0.001678
294570 0.001163
294580 0.001851
294590 0.004748
294600 0.000958
294610 0.001682
294620 0.001075
294630 0.001522
294640 -0.000201
294650 0.004367
294660 0.000342
294670 0.003025
294680 0.000125
294690 0.002026
294700 0.000841
294710 0.003873
294720 0.001356
294730 0.001743
294740 0.003350
294750 0.000573
294760 0.002293
294770 0.002815
294780 0.003137
294790 -0.000252
294800 0.000795
294810 -0.000884
294820 0.003858
294830 0.002613
294840 0.000579
294850 0.003497
294860 0.002371
294870 0.003758
294880 0.012161
294890 0.000406
294900 0.003200
294910 0.000216
294920 -0.000103
294930 0.001558
294940 -0.000721
294950 0.000462
294960 -0.000491
294970 0.001348
294980 0.003882
294990 0.002885
295000 0.002172
295010 0.001740
295020 0.001631
295030 0.001674
295040 0.000476
295050 0.000578
295060 0.002352
295070 0.003972
295080 -0.000089
295090 0.003504
295100 -0.001254
295110 0.000372
295120 0.002664
295130 -0.001170
295140 0.002287
295150 0.003512
295160 0.000749
295170 0.005110
295180 0.003919
295190 0.004883
295200 0.005532
295210 0.000641
295220 0.002798
295230 0.002998
295240 0.002006
295250 0.001942
295260 -0.000777
295270 0.004127
295280 0.003824
295290 0.011091
295300 0.005524
295310 -0.000405
295320 0.001916
295330 0.002084
295340 0.004058
295350 0.002547
295360 -0.001710
295370 0.001485
295380 0.002105
295390 0.001956
295400 0.000365
295410 0.002172
295420 -0.000676
295430 0.002526
295440 0.003955
295450 0.003090
295460 0.003512
295470 0.004327
295480 0.001727
295490 -0.000486
295500 0.001285
295510 0.006312
295520 -0.000176
295530 0.004256
295540 0.002383
295550 0.010907
295560 0.000260
295570 0.000663
295580 0.003441
295590 0.001505
295600 0.006116
295610 0.001184
295620 0.001027
295630 -0.000244
295640 -0.000016
295650 0.005266
295660 0.002867
295670 0.005530
295680 0.002574
295690 0.005541
295700 14.084377
295710 0.001728
295720 -0.002517
295730 -0.002383
295740 0.001533
295750 -0.000127
295760 0.000687
295770 0.001619
295780 -0.002206
295790 0.002660
295800 -0.001547
295810 0.003214
295820 -0.000917
295830 0.006081
295840 0.000923
295850 0.000059
295860 0.001549
295870 14.067990
295880 0.001365
295890 0.001850
295900 0.005512
295910 0.002771
295920 0.005665
295930 0.001695
295940 0.000422
295950 0.000861
295960 -0.000101
295970 0.000778
295980 0.000070
295990 0.005513
296000 0.001634
296010 0.002145
296020 -0.002256
296030 0.007221
296040 14.072199
296050 0.002022
296060 -0.001649
296070 0.001099
296080 -0.000159
296090 -0.001053
296100 0.000706
296110 0.004122
296120 0.004197
296130 0.002128
296140 -0.002993
296150 0.002210
296160 0.004151
296170 0.001659
296180 0.003100
296190 0.002625
296200 0.004062
296210 0.002988
296220 -0.001851
296230 0.000651
296240 0.002439
296250 0.000003
296260 0.001317
296270 0.000666
296280 0.000576
296290 0.000332
296300 -0.000781
296310 14.064565
296320 0.003632
296330 -0.000585
296340 0.009591
296350 0.005039
296360 0.003592
296370 0.005860
296380 -0.002125
296390 0.006351
296400 0.001296
296410 0.001307
296420 0.000699
296430 0.000285
296440 0.004443
296450 0.002542
296460 0.002413
296470 0.000854
296480 0.000088
296490 0.000689
296500 0.003464
296510 0.001174
296520 -0.001075
296530 0.003349
296540 0.001855
296550 0.003301
296560 0.000264
296570 0.000524
296580 0.002757
296590 -0.001035
296600 0.001598
296610 0.002076
296620 0.002128
296630 0.006542
296640 0.004216
296650 -0.001701
296660 -0.001432
296670 0.001018
296680 0.001200
296690 0.004792
296700 0.005451
296710 0.002196
296720 0.001655
296730 0.000879
296740 0.003348
296750 0.004434
296760 0.000932
296770 0.000787
296780 -0.000338
296790 0.001000
296800 -0.000766
296810 0.004515
296820 0.002887
296830 0.003235
296840 0.001092
296850 0.004024
296860 0.003628
296870 0.001814
296880 0.002770
296890 0.006969
296900 0.000072
296910 0.001737
296920 0.002390
296930 0.002002
296940 -0.001606
296950 0.001997
296960 0.001564
296970 0.000712
296980 -0.000413
296990 0.002339
297000 0.001027
297010 -0.001033
297020 -0.000281
297030 -0.000932
297040 -0.001469
297050 -0.001040
297060 0.001164
297070 0.002776
297080 0.004153
297090 -0.001162
297100 -0.000522
297110 0.003889
297120 -0.002355
297130 0.000241
297140 0.004539
297150 0.000673
297160 0.000116
297170 0.007021
297180 0.002405
297190 0.001842
297200 0.002841
297210 -0.000921
297220 -0.001342
297230 0.002219
297240 0.000134
297250 -0.000633
297260 0.001497
297270 0.004741
297280 0.001928
297290 0.001245
297300 0.001067
297310 -0.001935
297320 0.000405
297330 -0.000214
297340 0.002685
297350 0.004409
297360 -0.001371
297370 -0.000656
297380 -0.000031
297390 0.003988
297400 -0.000448
297410 0.000412
297420 0.000731
297430 0.002122
297440 0.002681
297450 0.001811
297460 0.000606
297470 -0.001518
297480 0.001083
297490 0.000574
297500 0.001705
297510 0.000642
297520 0.002978
297530 0.001683
297540 -0.000131
297550 0.001985
297560 -0.000660
297570 0.000139
297580 0.000639
297590 0.003586
297600 0.000893
297610 0.001571
297620 0.001105
297630 0.007029
297640 0.000869
297650 -0.001042
297660 0.003633
297670 0.004139
297680 0.000417
297690 -0.001192
297700 -0.001527
297710 14.079804
297720 0.003547
297730 0.001365
297740 0.001278
297750 0.002775
297760 0.000413
297770 0.002985
297780 0.002237
297790 0.001105
297800 0.001848
297810 0.002548
297820 -0.001081
297830 0.004215
297840 0.003759
297850 0.001284
297860 0.004775
297870 0.004312
297880 -0.001311
297890 0.002281
297900 -0.001100
297910 0.001025
297920 0.002959
297930 0.003701
297940 0.001690
297950 0.003083
297960 0.003413
297970 0.001254
297980 0.002868
297990 0.000350
298000 0.002720
298010 0.004421
298020 0.002159
298030 0.001747
298040 0.001798
298050 0.001783
298060 -0.000534
298070 0.000147
298080 0.004571
298090 -0.000631
298100 0.001267
298110 0.002114
298120 0.000268
298130 -0.000053
298140 0.001086
298150 0.004209
298160 0.002174
298170 0.004095
298180 0.001028
298190 0.003527
298200 0.002626
298210 0.002399
298220 0.004252
298230 0.001190
298240 0.001781
298250 0.001553
298260 0.001811
298270 0.001511
298280 -0.000399
298290 0.000782
298300 0.001081
298310 -0.000552
298320 0.002323
298330 0.001298
298340 0.003278
298350 -0.000429
298360 0.002691
298370 0.000071
298380 0.002692
298390 0.003357
298400 -0.001556
298410 -0.002238
298420 -0.000073
298430 0.002445
298440 0.001106
298450 0.002221
298460 0.000243
298470 0.000462
298480 0.003237
298490 0.000466
298500 -0.000633
298510 0.003357
298520 0.003261
298530 0.002903
298540 -0.000716
298550 0.004404
298560 0.003506
298570 0.001410
298580 0.001667
298590 0.001443
298600 0.001272
298610 0.002181
298620 0.003662
298630 0.002567
298640 0.001732
298650 0.003250
298660 0.003577
298670 0.003328
298680 0.004612
298690 0.002057
298700 -0.000405
298710 0.002086
298720 0.001517
298730 0.001572
298740 -0.000035
298750 0.001414
298760 -0.002691
298770 -0.000115
298780 0.001006
298790 0.005828
298800 0.002614
298810 0.001483
298820 0.001834
298830 0.002730
298840 0.008143
298850 0.003110
298860 0.001326
298870 0.004895
298880 0.000036
298890 0.004513
298900 0.002402
298910 0.004468
298920 0.001443
298930 0.004206
298940 0.000252
298950 0.000328
298960 0.000189
298970 0.003963
298980 -0.000308
298990 -0.001668
299000 0.004632
299010 0.004979
299020 -0.001701
299030 -0.000014
299040 0.002961
299050 0.002608
299060 14.031926
299070 0.001505
299080 0.001187
299090 0.000611
299100 0.001733
299110 0.004543
299120 0.007226
299130 0.002334
299140 0.002308
299150 0.003342
299160 0.001248
299170 0.001006
299180 -0.000803
299190 0.007633
299200 0.003080
299210 0.004235
299220 -0.000044
299230 -0.000494
299240 0.003578
299250 0.002186
299260 0.002688
299270 0.000318
299280 -0.000690
299290 0.008007
299300 0.000117
299310 0.000594
299320 0.005436
299330 0.003161
299340 0.005318
299350 -0.002465
299360 0.002053
299370 -0.000034
299380 0.000174
299390 0.003634
299400 0.004107
299410 0.011839
299420 -0.000928
299430 0.001858
299440 0.003822
299450 0.003892
299460 0.002034
299470 0.001226
299480 0.002265
299490 0.001680
299500 -0.001095
299510 0.001518
299520 0.001604
299530 0.001303
299540 0.004208
299550 -0.001705
299560 0.004854
299570 -0.001529
299580 -0.000427
299590 0.000740
299600 0.003152
299610 0.000628
299620 0.003283
299630 0.000603
299640 0.001937
299650 0.002016
299660 -0.000485
299670 0.002093
299680 -0.001022
299690 0.000774
299700 0.003115
299710 0.001965
299720 0.000655
299730 0.001327
299740 0.001422
299750 0.001334
299760 14.036374
299770 0.003463
299780 0.001803
299790 0.003283
299800 14.123172
299810 0.007573
299820 0.004023
299830 0.007244
299840 -0.000182
299850 0.013538
299860 0.002629
299870 0.006362
299880 0.006107
299890 0.002062
299900 0.003902
299910 0.000866
299920 0.003921
299930 -0.000474
299940 0.004056
299950 0.000568
299960 0.000688
299970 0.002206
299980 -0.000322
299990 0.004615
