0 6.646947
10 0.385491
20 0.213841
30 0.144141
40 0.085859
50 0.091141
60 0.068982
70 0.042565
80 0.059001
90 0.036072
100 0.043440
110 0.057893
120 0.041258
130 0.024373
140 0.038244
150 0.043256
160 0.029184
170 0.030131
180 0.024019
190 0.036889
200 0.042075
210 0.032119
220 0.018740
230 0.031820
240 0.007668
250 0.039494
260 0.054075
270 0.028246
280 0.018973
290 0.027512
300 0.023486
310 0.018550
320 0.017136
330 0.020306
340 0.039254
350 0.015895
360 0.016465
370 0.028874
380 0.011764
390 0.024486
400 0.024178
410 0.046419
420 0.037943
430 0.024874
440 0.022368
450 0.018636
460 0.017437
470 0.024106
480 0.018804
490 0.014242
500 0.022264
510 0.003015
520 0.039072
530 0.018697
540 0.012629
550 0.040401
560 0.012988
570 0.019507
580 0.019442
590 0.012705
600 0.010899
610 0.015696
620 0.025964
630 0.017922
640 0.019935
650 0.026034
660 0.019851
670 0.018219
680 0.026970
690 0.034402
700 0.020569
710 0.032925
720 0.018988
730 0.009602
740 0.008279
750 0.016690
760 0.016551
770 0.029540
780 0.025280
790 0.031649
800 0.028131
810 0.015555
820 0.012139
830 0.011581
840 0.019761
850 0.015308
860 0.005881
870 0.017557
880 0.012737
890 0.019104
900 0.020219
910 0.005391
920 0.013790
930 0.010784
940 0.020427
950 0.000690
960 0.013200
970 0.007750
980 0.009428
990 0.011504
1000 0.020151
1010 0.013379
1020 0.024876
1030 0.014601
1040 0.039920
1050 0.019481
1060 0.016125
1070 0.015009
1080 0.011118
1090 0.015576
1100 0.004611
1110 0.006561
1120 0.011369
1130 0.021645
1140 0.013463
1150 0.007532
1160 11.670592
1170 0.012403
1180 0.022788
1190 0.013725
1200 0.013907
1210 -0.000716
1220 0.012610
1230 0.022245
1240 11.545017
1250 0.020317
1260 11.549623
1270 0.014014
1280 0.016401
1290 0.007212
1300 0.012638
1310 0.003037
1320 0.017025
1330 0.013960
1340 0.010295
1350 0.001331
1360 0.022754
1370 0.007365
1380 0.026166
1390 0.042659
1400 0.015776
1410 0.017556
1420 0.013055
1430 0.015577
1440 0.010289
1450 0.004210
1460 0.020503
1470 0.012116
1480 0.007210
1490 -0.001737
1500 0.007032
1510 0.016994
1520 0.035055
1530 0.009361
1540 0.013066
1550 0.022983
1560 0.019899
1570 0.021845
1580 0.019998
1590 0.017307
1600 0.018452
1610 0.019063
1620 0.012674
1630 0.012723
1640 0.010531
1650 0.017332
1660 0.014437
1670 0.014609
1680 0.010773
1690 0.021855
1700 0.029717
1710 0.011168
1720 0.017201
1730 0.022246
1740 0.013978
1750 0.004815
1760 0.020830
1770 0.009037
1780 0.005670
1790 0.011113
1800 0.022626
1810 0.013938
1820 0.017680
1830 0.028395
1840 0.014531
1850 0.015301
1860 0.018909
1870 0.014306
1880 0.034401
1890 0.011869
1900 0.014825
1910 0.045830
1920 0.035512
1930 0.012093
1940 0.024139
1950 0.017835
1960 0.013120
1970 0.007951
1980 -0.000921
1990 0.035700
2000 0.016533
2010 0.008446
2020 0.013692
2030 0.020136
2040 0.081434
2050 0.016544
2060 0.009026
2070 0.011081
2080 0.015579
2090 0.001703
2100 0.018314
2110 0.015536
2120 0.021023
2130 0.017939
2140 0.011281
2150 0.008572
2160 0.019745
2170 0.008922
2180 0.006899
2190 0.015364
2200 0.007883
2210 0.009541
2220 0.011646
2230 0.017682
2240 0.009454
2250 0.019296
2260 0.018101
2270 0.016555
2280 0.016184
2290 0.008658
2300 0.009759
2310 0.020785
2320 0.018313
2330 0.022734
2340 0.011366
2350 0.005546
2360 0.012342
2370 0.013849
2380 0.023432
2390 0.003129
2400 0.024466
2410 0.019616
2420 0.020167
2430 0.009674
2440 0.025586
2450 0.015338
2460 0.012762
2470 0.003360
2480 0.023814
2490 0.026052
2500 0.015232
2510 0.021903
2520 0.066283
2530 0.018677
2540 0.013776
2550 0.011810
2560 0.012138
2570 0.024039
2580 0.017574
2590 0.019804
2600 0.011867
2610 0.008430
2620 0.012208
2630 0.021948
2640 0.022241
2650 0.011100
2660 0.012444
2670 0.109987
2680 0.014301
2690 0.012128
2700 0.012366
2710 0.011790
2720 0.056884
2730 0.023712
2740 0.023490
2750 0.010393
2760 0.018280
2770 0.013726
2780 0.016508
2790 0.020772
2800 0.017180
2810 0.014502
2820 0.013942
2830 0.010902
2840 0.001920
2850 0.003797
2860 0.015713
2870 0.013895
2880 0.008774
2890 0.015838
2900 0.011647
2910 0.012634
2920 0.014729
2930 0.010153
2940 0.004162
2950 0.008322
2960 0.011439
2970 0.003380
2980 0.012306
2990 0.005719
3000 0.010449
3010 0.017791
3020 0.021054
3030 -0.001741
3040 0.017159
3050 0.004681
3060 0.019423
3070 0.014388
3080 0.018675
3090 0.004317
3100 0.022284
3110 0.018312
3120 0.011251
3130 0.012716
3140 0.017178
3150 0.007498
3160 0.021430
3170 0.012490
3180 0.010009
3190 0.019706
3200 0.019070
3210 0.016889
3220 0.015087
3230 0.023873
3240 0.004882
3250 0.019568
3260 0.025210
3270 0.017460
3280 0.013255
3290 0.015197
3300 0.015448
3310 0.021548
3320 0.017903
3330 0.016764
3340 0.011369
3350 0.010212
3360 0.004699
3370 0.018063
3380 0.011595
3390 0.005540
3400 0.008568
3410 0.011658
3420 0.004314
3430 0.017063
3440 0.001421
3450 11.184373
3460 0.018027
3470 0.008192
3480 0.008168
3490 0.008320
3500 0.008947
3510 0.020742
3520 0.013292
3530 0.004606
3540 0.006577
3550 0.016361
3560 0.046835
3570 0.025925
3580 0.105878
3590 0.009328
3600 0.022200
3610 0.025944
3620 0.018918
3630 0.014689
3640 0.013091
3650 10.795054
3660 0.014501
3670 0.021334
3680 0.015516
3690 0.019006
3700 0.010701
3710 0.018158
3720 0.024647
3730 0.021307
3740 0.016490
3750 0.014279
3760 0.014071
3770 0.033988
3780 0.022787
3790 0.011562
3800 0.132004
3810 0.008277
3820 0.021091
3830 0.017739
3840 0.004308
3850 0.013282
3860 0.029516
3870 0.017387
3880 0.009693
3890 0.013386
3900 0.019514
3910 0.009770
3920 0.048595
3930 0.008337
3940 0.019046
3950 0.055596
3960 0.013155
3970 0.008619
3980 0.002157
3990 -0.000106
4000 0.008417
4010 0.007925
4020 0.010892
4030 0.013258
4040 0.022549
4050 0.010052
4060 0.019820
4070 0.016693
4080 0.021941
4090 0.015270
4100 0.014057
4110 0.286746
4120 0.012789
4130 0.016615
4140 0.010873
4150 0.020496
4160 0.030044
4170 0.010649
4180 0.011562
4190 0.011966
4200 0.007306
4210 0.019446
4220 0.014559
4230 0.022489
4240 0.010671
4250 0.013259
4260 0.009770
4270 0.010856
4280 0.023482
4290 0.013764
4300 0.015493
4310 0.020107
4320 0.004362
4330 0.009433
4340 0.003406
4350 0.029261
4360 0.009805
4370 0.009875
4380 0.012239
4390 0.006701
4400 0.006722
4410 0.014347
4420 0.005738
4430 0.009310
4440 0.027172
4450 0.003490
4460 0.004108
4470 0.026837
4480 0.015872
4490 0.011947
4500 0.017046
4510 0.007037
4520 0.012305
4530 0.000224
4540 0.018364
4550 0.051629
4560 0.043635
4570 0.014202
4580 0.014721
4590 0.009794
4600 0.009564
4610 0.007332
4620 0.025789
4630 0.013734
4640 0.002418
4650 0.015500
4660 0.009509
4670 0.009252
4680 0.031291
4690 0.012522
4700 0.020205
4710 0.042390
4720 0.003617
4730 0.022873
4740 0.015118
4750 0.012738
4760 0.013442
4770 0.012773
4780 0.017162
4790 0.009884
4800 0.014908
4810 0.023019
4820 0.015282
4830 0.014300
4840 0.025830
4850 0.015794
4860 0.014322
4870 0.011752
4880 0.004200
4890 0.012384
4900 0.013329
4910 0.020302
4920 0.022016
4930 0.007325
4940 0.018324
4950 0.009817
4960 0.006835
4970 0.011754
4980 0.010708
4990 0.010606
5000 10.713768
5010 0.011299
5020 0.010007
5030 0.013627
5040 0.003332
5050 0.006299
5060 0.003022
5070 0.006408
5080 0.013745
5090 0.011999
5100 0.006034
5110 0.028077
5120 0.012697
5130 0.003633
5140 0.006122
5150 0.021983
5160 0.011213
5170 10.461355
5180 0.026762
5190 0.003496
5200 0.037930
5210 0.076886
5220 10.647411
5230 0.009796
5240 0.012020
5250 0.007706
5260 0.012772
5270 0.010433
5280 0.009990
5290 0.021726
5300 0.007429
5310 0.017231
5320 0.038499
5330 0.009517
5340 0.011755
5350 0.015621
5360 0.013537
5370 10.842316
5380 0.017715
5390 0.021237
5400 0.016494
5410 0.053092
5420 0.009400
5430 0.006398
5440 0.008561
5450 10.519894
5460 0.027490
5470 0.011026
5480 0.047751
5490 0.009054
5500 0.025190
5510 0.011228
5520 0.014452
5530 0.016533
5540 0.020391
5550 0.015562
5560 0.013816
5570 0.010451
5580 0.002539
5590 0.023599
5600 0.010352
5610 0.015206
5620 0.019518
5630 0.016755
5640 0.004939
5650 0.008277
5660 0.010974
5670 0.005110
5680 0.005672
5690 0.019340
5700 0.009532
5710 0.003710
5720 0.013472
5730 10.255140
5740 0.012846
5750 0.017728
5760 0.007599
5770 0.027262
5780 0.007085
5790 0.009046
5800 0.011744
5810 0.012151
5820 0.016319
5830 0.013095
5840 0.020332
5850 0.010287
5860 0.005795
5870 0.008008
5880 0.011998
5890 0.011271
5900 0.006709
5910 0.009897
5920 0.027944
5930 0.011850
5940 0.012372
5950 0.043406
5960 0.027219
5970 0.007824
5980 0.012827
5990 0.043973
6000 0.045079
6010 0.012303
6020 0.012677
6030 0.007734
6040 0.014735
6050 0.005755
6060 0.010234
6070 0.006328
6080 0.015303
6090 0.007989
6100 0.014191
6110 0.030207
6120 0.005088
6130 0.030817
6140 0.061609
6150 0.028419
6160 0.024089
6170 0.015982
6180 10.214167
6190 0.279132
6200 0.007944
6210 0.047891
6220 0.045646
6230 0.017228
6240 0.011140
6250 0.013639
6260 0.013902
6270 0.031000
6280 0.013156
6290 0.008618
6300 0.006843
6310 0.017909
6320 0.037063
6330 0.013463
6340 0.024289
6350 0.014553
6360 0.016613
6370 0.044655
6380 0.007715
6390 0.020706
6400 0.036915
6410 0.006806
6420 0.021912
6430 0.011008
6440 0.014318
6450 0.048709
6460 0.026061
6470 0.011041
6480 0.010753
6490 0.015209
6500 0.012630
6510 0.023620
6520 0.018806
6530 0.031989
6540 0.023829
6550 0.013179
6560 0.011768
6570 0.014412
6580 0.014494
6590 0.022439
6600 0.012219
6610 0.010876
6620 0.012884
6630 9.981717
6640 0.015252
6650 0.011744
6660 0.025795
6670 0.017049
6680 0.008849
6690 0.007319
6700 0.019743
6710 0.004273
6720 0.009534
6730 0.026898
6740 0.010075
6750 0.006522
6760 0.026631
6770 0.014301
6780 0.013701
6790 0.022026
6800 0.031101
6810 0.016416
6820 0.043087
6830 0.008190
6840 0.015252
6850 0.010135
6860 0.012355
6870 0.040247
6880 0.012404
6890 0.013856
6900 0.016769
6910 0.040596
6920 0.017048
6930 0.015329
6940 0.023538
6950 0.027300
6960 0.032367
6970 0.016131
6980 0.030741
6990 0.015567
7000 0.012235
7010 0.019144
7020 0.010910
7030 0.018083
7040 0.052492
7050 0.010439
7060 0.028851
7070 10.318458
7080 0.013616
7090 0.017509
7100 0.017164
7110 0.022704
7120 0.012106
7130 0.019241
7140 0.046624
7150 0.016770
7160 0.016905
7170 0.019345
7180 0.008759
7190 0.029259
7200 0.012121
7210 0.007522
7220 0.020892
7230 0.011630
7240 0.009931
7250 0.022747
7260 0.016683
7270 0.007392
7280 0.023766
7290 0.010300
7300 0.043813
7310 0.025984
7320 0.012041
7330 0.007992
7340 0.017292
7350 0.025304
7360 0.033079
7370 0.011627
7380 0.023400
7390 0.022552
7400 0.019808
7410 0.034087
7420 0.015516
7430 0.013877
7440 0.028085
7450 0.020631
7460 0.009598
7470 0.014253
7480 0.022592
7490 0.012184
7500 0.005409
7510 0.010755
7520 0.021642
7530 0.011770
7540 0.010786
7550 0.015248
7560 0.013235
7570 0.010393
7580 0.030978
7590 0.014576
7600 0.014674
7610 0.022399
7620 0.011580
7630 10.203418
7640 0.017530
7650 0.008552
7660 0.013394
7670 0.008497
7680 0.010679
7690 0.027906
7700 0.010945
7710 0.035194
7720 0.009036
7730 0.038122
7740 0.040121
7750 10.005861
7760 9.798223
7770 0.020173
7780 0.036025
7790 0.023319
7800 0.015248
7810 0.016011
7820 0.014279
7830 0.025710
7840 0.037507
7850 0.021507
7860 0.007923
7870 0.005824
7880 0.032229
7890 0.008522
7900 0.007317
7910 0.016776
7920 0.027605
7930 0.092369
7940 0.007521
7950 9.967770
7960 0.016818
7970 0.009294
7980 0.015202
7990 0.015148
8000 0.012754
8010 0.011439
8020 0.016731
8030 0.013026
8040 0.022485
8050 0.020956
8060 0.014663
8070 0.010121
8080 0.019075
8090 0.008429
8100 0.017445
8110 0.014331
8120 0.014411
8130 0.023925
8140 0.013437
8150 0.016935
8160 0.012954
8170 0.024528
8180 0.015396
8190 0.014675
8200 9.905181
8210 0.025572
8220 0.009801
8230 0.013365
8240 0.013648
8250 0.011212
8260 0.009577
8270 0.055349
8280 0.005247
8290 0.014271
8300 0.022235
8310 0.018379
8320 0.012985
8330 0.009943
8340 0.013218
8350 0.013692
8360 0.051198
8370 0.023417
8380 0.009230
8390 0.003190
8400 0.021506
8410 0.013106
8420 0.008898
8430 0.018319
8440 0.015675
8450 0.017260
8460 0.011326
8470 0.009741
8480 0.011250
8490 0.027747
8500 0.033369
8510 0.033909
8520 0.020021
8530 0.026094
8540 0.039426
8550 0.052284
8560 0.014971
8570 0.034286
8580 0.008080
8590 0.041165
8600 0.020088
8610 0.016001
8620 0.014179
8630 0.013511
8640 0.018791
8650 0.076167
8660 0.013406
8670 0.008643
8680 0.015486
8690 0.021481
8700 0.028680
8710 0.012281
8720 0.010992
8730 0.008002
8740 0.007516
8750 0.020263
8760 0.009391
8770 0.012798
8780 0.241735
8790 0.027306
8800 0.027899
8810 0.015711
8820 0.013148
8830 0.015992
8840 0.028881
8850 0.010903
8860 0.013268
8870 0.026861
8880 0.014501
8890 0.165792
8900 0.006822
8910 0.042997
8920 0.012516
8930 0.024340
8940 0.008549
8950 0.016728
8960 0.023101
8970 0.016637
8980 0.010493
8990 0.008287
9000 9.923524
9010 0.012388
9020 0.031399
9030 0.012714
9040 0.032002
9050 0.013126
9060 0.009333
9070 0.012174
9080 0.012331
9090 0.042934
9100 0.008175
9110 0.012294
9120 0.008044
9130 0.006585
9140 0.012033
9150 0.008370
9160 0.010845
9170 0.015956
9180 0.019337
9190 0.027429
9200 0.037357
9210 0.008842
9220 0.019041
9230 0.023509
9240 0.008428
9250 9.926000
9260 0.016658
9270 0.015755
9280 0.029954
9290 0.007914
9300 0.008479
9310 0.010523
9320 0.016145
9330 0.011015
9340 0.008411
9350 0.011611
9360 0.021428
9370 0.019358
9380 0.033104
9390 0.009517
9400 0.019765
9410 0.033085
9420 0.016800
9430 0.054838
9440 0.008170
9450 0.014027
9460 0.016117
9470 0.017530
9480 0.039268
9490 0.025275
9500 0.013054
9510 0.024255
9520 0.008091
9530 0.053065
9540 0.010567
9550 0.024369
9560 0.039015
9570 0.043569
9580 0.013948
9590 0.011207
9600 0.007155
9610 0.033864
9620 0.008732
9630 0.028227
9640 0.010130
9650 0.010812
9660 0.011795
9670 0.013668
9680 0.027179
9690 0.017613
9700 0.008388
9710 0.008319
9720 0.046766
9730 0.005370
9740 0.029094
9750 0.073346
9760 9.735383
9770 0.011895
9780 0.014432
9790 0.025770
9800 0.015537
9810 0.025893
9820 0.031420
9830 0.007727
9840 0.008596
9850 0.017267
9860 0.015185
9870 0.013323
9880 0.040209
9890 0.005823
9900 0.004492
9910 0.011879
9920 0.021281
9930 0.008456
9940 0.012397
9950 0.011242
9960 0.020569
9970 0.009759
9980 0.012100
9990 0.007810
10000 0.016872
10010 0.009300
10020 0.303958
10030 0.007628
10040 0.007772
10050 0.014642
10060 0.015985
10070 0.015758
10080 0.013242
10090 0.030286
10100 0.029976
10110 0.011339
10120 0.030499
10130 0.013872
10140 0.011315
10150 0.019313
10160 0.006416
10170 0.007787
10180 0.007089
10190 0.012713
10200 0.010925
10210 0.020369
10220 0.012595
10230 0.020031
10240 0.016890
10250 0.009255
10260 0.011867
10270 0.023806
10280 0.022663
10290 0.009847
10300 0.030121
10310 0.027216
10320 0.026452
10330 0.012910
10340 0.033833
10350 0.034766
10360 0.066377
10370 0.021679
10380 0.008916
10390 0.016897
10400 0.016428
10410 0.035040
10420 0.015015
10430 0.010728
10440 0.014238
10450 0.004190
10460 0.009081
10470 0.015169
10480 0.005706
10490 0.033066
10500 0.008798
10510 0.008463
10520 0.011928
10530 0.005066
10540 0.005420
10550 0.020844
10560 0.022627
10570 0.010930
10580 0.021819
10590 0.010606
10600 0.013689
10610 0.022567
10620 0.017290
10630 0.008858
10640 0.060497
10650 0.013586
10660 0.014562
10670 0.009372
10680 0.028306
10690 0.011490
10700 0.027667
10710 0.010751
10720 0.024740
10730 0.013920
10740 0.011197
10750 0.009404
10760 0.011434
10770 0.008013
10780 9.763328
10790 0.028870
10800 0.010979
10810 0.018170
10820 0.066552
10830 0.009321
10840 0.013384
10850 0.014792
10860 0.011502
10870 0.023938
10880 0.011187
10890 0.017577
10900 0.003025
10910 0.009860
10920 0.017239
10930 0.041868
10940 0.008176
10950 0.017616
10960 0.007167
10970 0.156861
10980 0.009288
10990 0.014836
11000 0.019453
11010 0.031533
11020 0.015560
11030 0.007862
11040 0.019473
11050 0.011306
11060 0.011767
11070 0.010817
11080 0.012903
11090 0.012282
11100 0.077200
11110 0.010365
11120 0.014137
11130 0.009732
11140 0.012424
11150 0.011233
11160 0.014028
11170 0.012985
11180 0.008585
11190 0.016530
11200 0.005061
11210 0.012668
11220 0.011787
11230 0.012652
11240 0.020527
11250 0.004632
11260 0.022344
11270 0.007548
11280 0.013885
11290 0.021720
11300 0.019547
11310 0.006274
11320 0.014843
11330 0.012159
11340 0.018990
11350 0.013745
11360 0.035569
11370 0.013707
11380 0.014174
11390 0.004223
11400 0.008229
11410 0.013111
11420 0.010438
11430 0.064593
11440 0.014202
11450 0.030056
11460 0.044813
11470 0.008203
11480 0.010762
11490 0.063871
11500 0.017501
11510 0.019357
11520 0.009525
11530 0.032820
11540 0.008126
11550 0.011899
11560 0.008250
11570 0.015272
11580 0.023129
11590 0.009899
11600 0.006707
11610 0.004977
11620 0.025583
11630 0.027860
11640 0.014007
11650 0.026038
11660 0.011888
11670 0.007452
11680 0.009647
11690 0.007131
11700 0.004817
11710 0.022296
11720 0.011608
11730 0.028317
11740 0.034293
11750 0.005395
11760 0.008527
11770 0.008077
11780 0.013240
11790 0.022598
11800 0.010645
11810 0.004778
11820 0.029160
11830 0.006547
11840 0.007646
11850 0.006742
11860 0.004940
11870 0.033433
11880 0.010979
11890 0.006237
11900 0.033577
11910 0.010212
11920 0.006612
11930 0.004355
11940 0.013890
11950 0.007340
11960 0.014808
11970 0.005463
11980 0.006836
11990 0.022676
12000 0.014105
12010 0.006715
12020 0.019519
12030 0.015187
12040 0.004920
12050 0.017499
12060 0.005146
12070 0.006779
12080 0.017688
12090 0.018241
12100 0.006286
12110 0.007861
12120 0.039725
12130 0.020869
12140 0.007340
12150 0.007290
12160 0.030030
12170 0.004990
12180 0.005626
12190 0.022206
12200 0.016486
12210 0.021692
12220 0.012658
12230 0.004293
12240 0.018198
12250 0.008107
12260 0.012297
12270 0.004099
12280 0.010029
12290 0.018195
12300 0.016791
12310 0.003663
12320 0.013495
12330 0.200605
12340 0.015664
12350 0.010812
12360 0.008010
12370 0.037340
12380 0.008845
12390 0.017341
12400 0.005791
12410 0.004449
12420 0.027574
12430 0.018423
12440 0.006906
12450 0.008572
12460 0.011009
12470 0.011634
12480 0.005769
12490 0.007939
12500 0.064393
12510 0.040436
12520 0.025770
12530 0.006151
12540 0.006591
12550 0.045942
12560 0.010478
12570 0.008287
12580 0.007526
12590 0.010702
12600 0.018462
12610 0.011421
12620 0.002712
12630 0.005130
12640 0.015585
12650 0.008718
12660 0.020417
12670 0.007527
12680 0.030945
12690 0.019531
12700 0.017325
12710 0.023374
12720 0.015125
12730 0.008508
12740 0.055488
12750 0.006888
12760 0.006344
12770 0.008324
12780 0.008480
12790 0.016377
12800 0.007732
12810 0.006212
12820 0.004323
12830 0.005853
12840 0.008293
12850 0.007563
12860 0.008404
12870 0.007709
12880 0.012863
12890 0.014309
12900 0.005276
12910 0.025191
12920 0.004034
12930 0.006912
12940 0.005453
12950 0.010475
12960 0.009803
12970 0.016776
12980 0.010799
12990 0.011663
13000 0.034654
13010 0.010082
13020 0.007796
13030 0.008781
13040 0.009533
13050 0.011106
13060 0.015416
13070 0.006880
13080 0.005002
13090 0.016342
13100 0.011750
13110 0.015445
13120 0.007129
13130 0.004288
13140 0.005998
13150 0.023806
13160 0.009341
13170 0.023782
13180 0.023664
13190 0.030239
13200 0.007035
13210 0.011361
13220 0.007710
13230 0.011270
13240 0.009061
13250 0.017536
13260 0.011496
13270 0.013900
13280 0.003861
13290 0.009600
13300 0.043217
13310 0.004125
13320 0.008026
13330 0.005834
13340 0.008220
13350 0.003179
13360 0.006489
13370 0.023065
13380 0.004873
13390 0.005004
13400 0.008360
13410 0.005729
13420 0.007111
13430 0.006186
13440 0.006267
13450 0.006470
13460 0.007673
13470 0.010345
13480 0.010101
13490 0.012641
13500 0.004210
13510 0.011205
13520 0.008909
13530 0.006419
13540 0.027446
13550 0.009476
13560 0.008190
13570 0.023882
13580 0.008729
13590 0.010325
13600 0.029109
13610 0.004518
13620 0.006798
13630 0.006880
13640 0.005296
13650 0.095256
13660 0.005467
13670 0.007246
13680 0.007590
13690 0.005756
13700 0.028344
13710 0.022048
13720 0.031401
13730 0.009093
13740 0.022964
13750 0.008550
13760 0.021574
13770 0.060143
13780 0.002970
13790 0.011335
13800 0.014973
13810 0.005084
13820 0.012899
13830 0.020258
13840 0.020738
13850 0.105491
13860 0.003906
13870 0.014347
13880 0.021614
13890 0.009020
13900 0.014261
13910 0.011625
13920 0.011361
13930 0.034190
13940 0.167572
13950 0.009431
13960 0.012753
13970 0.008638
13980 0.019841
13990 0.042192
14000 0.033925
14010 0.012240
14020 0.040628
14030 0.007222
14040 0.023619
14050 0.132813
14060 0.016160
14070 0.017772
14080 0.012770
14090 0.007301
14100 0.004031
14110 0.007352
14120 0.005441
14130 0.008285
14140 0.006246
14150 0.037282
14160 0.017414
14170 0.023949
14180 0.032991
14190 0.022039
14200 0.013508
14210 0.044635
14220 0.005099
14230 0.002358
14240 0.003909
14250 0.011536
14260 0.021143
14270 0.005663
14280 0.008252
14290 0.014845
14300 0.006740
14310 0.009401
14320 0.016279
14330 0.005423
14340 0.004360
14350 0.003033
14360 0.006252
14370 0.015900
14380 0.007983
14390 0.001851
14400 0.006793
14410 0.008924
14420 0.003813
14430 0.010358
14440 0.016943
14450 0.010708
14460 0.040275
14470 0.015295
14480 0.411963
14490 0.022257
14500 0.006656
14510 0.007422
14520 0.014449
14530 0.002432
14540 0.007485
14550 0.012345
14560 0.003596
14570 0.011587
14580 0.009112
14590 0.014964
14600 0.006954
14610 0.008515
14620 0.042411
14630 0.008577
14640 0.014943
14650 0.008558
14660 0.038934
14670 0.012753
14680 0.012785
14690 0.015514
14700 0.019672
14710 0.009662
14720 0.009817
14730 0.022996
14740 0.006988
14750 0.004482
14760 0.004684
14770 0.007379
14780 0.005999
14790 0.016123
14800 0.007120
14810 0.011936
14820 0.002711
14830 0.019262
14840 0.003147
14850 0.008830
14860 0.021823
14870 0.006358
14880 0.022966
14890 0.009590
14900 0.016098
14910 0.006050
14920 0.005397
14930 0.018207
14940 0.021490
14950 0.004725
14960 0.071605
14970 0.008717
14980 0.006384
14990 0.025847
15000 0.007866
15010 0.010897
15020 0.023711
15030 0.005562
15040 0.027836
15050 0.005699
15060 0.005196
15070 0.015567
15080 0.002770
15090 0.005524
15100 0.019763
15110 0.018540
15120 0.021862
15130 0.052745
15140 0.026741
15150 0.027034
15160 0.004938
15170 0.020255
15180 0.009150
15190 0.005795
15200 0.008431
15210 0.020275
15220 0.018760
15230 0.030620
15240 0.019194
15250 0.026603
15260 9.188901
15270 0.008904
15280 0.006854
15290 0.002848
15300 0.020871
15310 0.164174
15320 0.015270
15330 0.005917
15340 0.030443
15350 0.009557
15360 0.023788
15370 0.006530
15380 0.012510
15390 0.015206
15400 0.012284
15410 0.001542
15420 0.007139
15430 0.012770
15440 0.003524
15450 0.067641
15460 0.002422
15470 0.002621
15480 0.004627
15490 0.004722
15500 0.030605
15510 0.038244
15520 0.007555
15530 0.004369
15540 0.004303
15550 0.002849
15560 0.013377
15570 0.006120
15580 0.010579
15590 0.002840
15600 0.007868
15610 0.007032
15620 0.009011
15630 0.030111
15640 0.077432
15650 0.009976
15660 0.002490
15670 0.030804
15680 0.031042
15690 0.001517
15700 0.011321
15710 0.007631
15720 0.006595
15730 0.008661
15740 0.004094
15750 0.009621
15760 0.004110
15770 0.005285
15780 0.006967
15790 0.005998
15800 0.020838
15810 0.006953
15820 -0.000071
15830 0.025885
15840 0.023023
15850 0.002894
15860 0.027992
15870 0.003207
15880 0.001363
15890 0.039728
15900 0.003859
15910 0.005905
15920 0.005931
15930 0.002073
15940 0.001208
15950 0.003306
15960 0.000122
15970 0.005870
15980 0.005007
15990 0.005931
16000 0.000080
16010 0.009027
16020 0.011114
16030 0.004420
16040 0.005585
16050 0.005484
16060 0.017992
16070 0.005358
16080 0.034570
16090 0.006382
16100 0.003230
16110 0.011263
16120 0.007789
16130 0.004016
16140 0.026036
16150 0.008739
16160 0.021102
16170 0.021737
16180 0.015996
16190 0.008285
16200 0.015971
16210 0.021692
16220 0.032160
16230 0.007377
16240 0.005613
16250 0.020761
16260 0.008333
16270 0.003865
16280 0.002626
16290 0.002700
16300 0.033737
16310 0.000847
16320 0.024286
16330 0.010037
16340 0.006406
16350 0.001120
16360 0.033381
16370 0.150649
16380 0.010365
16390 0.016641
16400 0.004024
16410 0.005717
16420 0.003772
16430 0.027977
16440 0.003739
16450 0.005545
16460 0.005971
16470 0.008072
16480 0.004328
16490 0.001836
16500 0.004003
16510 0.012612
16520 0.004798
16530 0.020268
16540 0.025114
16550 0.006569
16560 0.003351
16570 0.003749
16580 0.013733
16590 0.027343
16600 0.002778
16610 0.004862
16620 0.020348
16630 0.003771
16640 0.016926
16650 0.007158
16660 0.007266
16670 0.005409
16680 0.006434
16690 0.011820
16700 0.040865
16710 0.005754
16720 0.003913
16730 0.016638
16740 0.005166
16750 0.005145
16760 0.016040
16770 0.020642
16780 0.054360
16790 0.001355
16800 0.004437
16810 0.002926
16820 0.016956
16830 0.005025
16840 0.003499
16850 0.005107
16860 0.012078
16870 0.004372
16880 0.002803
16890 0.013294
16900 0.019558
16910 0.005115
16920 0.003425
16930 0.004590
16940 0.001648
16950 0.028537
16960 0.003816
16970 0.001628
16980 0.031126
16990 0.004932
17000 0.001271
17010 0.001821
17020 0.001444
17030 0.016686
17040 0.078917
17050 0.005329
17060 0.002040
17070 0.068523
17080 0.019626
17090 0.007473
17100 0.007511
17110 0.004099
17120 0.010530
17130 0.001480
17140 0.003755
17150 0.003433
17160 0.002446
17170 0.008249
17180 0.005809
17190 0.001574
17200 0.001238
17210 0.010251
17220 0.065423
17230 0.029008
17240 0.024492
17250 0.016075
17260 0.033360
17270 0.005259
17280 0.006242
17290 0.016237
17300 0.002973
17310 0.005497
17320 0.006140
17330 0.004914
17340 0.003726
17350 0.033376
17360 0.003941
17370 0.017993
17380 0.032083
17390 0.006729
17400 0.003420
17410 0.005735
17420 0.043474
17430 0.013915
17440 0.000808
17450 0.003130
17460 0.051012
17470 0.003565
17480 0.008317
17490 0.023457
17500 0.004684
17510 0.003691
17520 0.004095
17530 0.003169
17540 0.006599
17550 0.025640
17560 0.007555
17570 0.004092
17580 0.022262
17590 0.004280
17600 0.010543
17610 0.008766
17620 0.009411
17630 -0.000037
17640 0.179406
17650 0.018919
17660 0.021507
17670 0.002916
17680 0.030801
17690 0.024218
17700 0.003842
17710 0.006463
17720 0.002902
17730 0.022978
17740 0.019664
17750 0.003843
17760 0.024995
17770 0.004165
17780 0.002651
17790 0.004851
17800 0.003521
17810 0.007451
17820 0.002120
17830 0.028189
17840 0.035693
17850 -0.000429
17860 0.003867
17870 0.007637
17880 0.000338
17890 0.049929
17900 0.003693
17910 0.003900
17920 0.014236
17930 0.008227
17940 0.001245
17950 9.231763
17960 0.001784
17970 0.002980
17980 0.006580
17990 0.023850
18000 0.015965
18010 0.026192
18020 0.005251
18030 0.004455
18040 0.005049
18050 0.008811
18060 0.007195
18070 0.087770
18080 0.004278
18090 0.022332
18100 0.008797
18110 0.008749
18120 0.006043
18130 0.131569
18140 9.093631
18150 0.002725
18160 0.008582
18170 0.002814
18180 0.012214
18190 0.037865
18200 0.006037
18210 0.004049
18220 0.004310
18230 0.006079
18240 0.006297
18250 0.002641
18260 0.002672
18270 0.002854
18280 0.014025
18290 0.020345
18300 0.006722
18310 0.002622
18320 0.004677
18330 0.028598
18340 0.007634
18350 0.006496
18360 0.009066
18370 0.003852
18380 0.031803
18390 0.066941
18400 0.003152
18410 0.005516
18420 0.014534
18430 0.003032
18440 0.004637
18450 0.000740
18460 0.008359
18470 0.008117
18480 0.010006
18490 0.014530
18500 0.011767
18510 0.023403
18520 0.005624
18530 0.007539
18540 0.003038
18550 -0.000234
18560 0.003749
18570 0.001555
18580 0.000370
18590 0.003247
18600 0.003585
18610 0.027108
18620 0.004706
18630 0.001392
18640 0.004193
18650 0.020649
18660 0.007212
18670 0.008835
18680 0.056877
18690 0.006112
18700 0.003724
18710 0.005880
18720 0.005890
18730 0.018676
18740 0.022357
18750 0.000865
18760 0.004380
18770 0.012338
18780 0.004080
18790 0.044993
18800 0.034772
18810 0.016665
18820 0.006572
18830 0.003535
18840 0.002103
18850 0.033917
18860 0.000505
18870 0.002871
18880 0.004066
18890 0.005605
18900 0.016718
18910 0.004144
18920 0.021174
18930 0.005812
18940 0.005766
18950 0.014964
18960 0.057967
18970 0.009561
18980 0.032646
18990 0.003383
19000 0.006405
19010 0.002100
19020 0.003761
19030 0.005943
19040 -0.000909
19050 0.001594
19060 0.002404
19070 0.007153
19080 0.048975
19090 0.003053
19100 0.005981
19110 0.114082
19120 0.019743
19130 0.004589
19140 0.028706
19150 0.016052
19160 0.000868
19170 0.005705
19180 0.002568
19190 0.002402
19200 0.007525
19210 0.026334
19220 -0.000960
19230 0.026061
19240 0.001770
19250 0.011591
19260 0.181291
19270 0.001473
19280 0.001271
19290 0.004225
19300 0.266874
19310 0.000719
19320 0.026927
19330 0.017497
19340 0.002615
19350 0.004389
19360 0.001487
19370 0.025198
19380 0.005069
19390 0.002720
19400 0.002180
19410 0.037771
19420 0.017343
19430 0.002700
19440 0.004854
19450 0.012722
19460 0.003543
19470 0.004663
19480 0.001840
19490 0.000888
19500 0.003443
19510 0.015991
19520 0.003704
19530 0.004458
19540 0.001301
19550 0.003119
19560 0.007006
19570 0.010101
19580 0.001934
19590 0.003729
19600 0.015165
19610 0.003166
19620 0.004187
19630 0.002290
19640 0.002273
19650 0.003294
19660 0.001432
19670 0.005337
19680 0.002022
19690 0.012736
19700 0.001882
19710 -0.000420
19720 0.002531
19730 -0.000551
19740 0.029055
19750 0.003667
19760 0.005650
19770 0.001666
19780 0.005958
19790 0.004860
19800 0.003643
19810 0.001510
19820 0.011524
19830 0.006680
19840 0.002702
19850 0.007652
19860 0.001542
19870 0.020751
19880 0.001951
19890 0.003215
19900 0.006347
19910 0.002494
19920 0.005359
19930 0.005069
19940 0.000772
19950 0.006777
19960 0.025518
19970 0.020770
19980 0.001035
19990 0.031601
20000 0.010855
20010 0.049145
20020 0.011737
20030 0.001609
20040 0.001023
20050 0.001719
20060 0.004306
20070 0.018443
20080 0.101211
20090 0.002827
20100 0.003096
20110 0.004378
20120 0.003109
20130 0.023167
20140 -0.000675
20150 0.027338
20160 0.011423
20170 0.002305
20180 0.002080
20190 0.001570
20200 0.007112
20210 0.003618
20220 0.015500
20230 0.014635
20240 0.005550
20250 0.000830
20260 0.003657
20270 0.002644
20280 0.001018
20290 0.024525
20300 0.003622
20310 0.015744
20320 0.005302
20330 0.001844
20340 0.038367
20350 0.000856
20360 0.001567
20370 0.010603
20380 0.002759
20390 0.002845
20400 0.014735
20410 0.001989
20420 0.032538
20430 0.001730
20440 0.001055
20450 0.005617
20460 0.023607
20470 0.008542
20480 0.003430
20490 0.018590
20500 0.150885
20510 0.002320
20520 0.002298
20530 0.003086
20540 0.004858
20550 0.001288
20560 0.021045
20570 0.015054
20580 0.003135
20590 0.031881
20600 0.002765
20610 0.013942
20620 0.005364
20630 0.002367
20640 0.013924
20650 0.005360
20660 0.004818
20670 0.024259
20680 0.001991
20690 0.032792
20700 0.022524
20710 0.019481
20720 0.003594
20730 0.010154
20740 0.001525
20750 0.041443
20760 0.003630
20770 -0.000105
20780 0.028904
20790 0.003572
20800 0.003102
20810 0.002133
20820 0.003864
20830 0.002400
20840 0.002061
20850 0.005788
20860 9.019589
20870 0.022738
20880 0.002202
20890 0.002200
20900 0.009001
20910 0.004656
20920 0.033094
20930 0.064004
20940 0.008469
20950 0.004693
20960 0.011293
20970 0.001151
20980 0.002536
20990 0.002814
21000 0.003177
21010 0.000491
21020 0.002546
21030 0.002790
21040 0.003866
21050 0.001333
21060 0.002350
21070 0.009439
21080 0.002119
21090 0.002452
21100 0.002624
21110 0.001070
21120 0.017593
21130 0.013874
21140 0.023232
21150 0.002237
21160 0.006584
21170 0.021528
21180 0.002166
21190 0.000390
21200 0.000726
21210 0.002829
21220 0.028119
21230 0.022073
21240 0.003156
21250 0.004567
21260 0.002921
21270 0.002035
21280 0.003847
21290 0.065979
21300 0.003374
21310 0.001000
21320 0.005002
21330 0.021415
21340 0.057853
21350 0.014957
21360 0.001006
21370 0.004173
21380 0.002907
21390 0.024276
21400 0.000265
21410 0.004514
21420 0.003089
21430 0.004551
21440 0.002387
21450 0.001865
21460 0.002844
21470 0.030167
21480 0.002329
21490 0.002701
21500 0.001627
21510 0.002702
21520 0.020215
21530 0.007453
21540 0.004471
21550 0.003833
21560 0.033763
21570 0.002796
21580 0.001187
21590 0.002613
21600 0.002303
21610 0.004017
21620 -0.000860
21630 0.000655
21640 0.002624
21650 9.002598
21660 0.000298
21670 -0.000557
21680 0.001813
21690 8.939506
21700 0.004589
21710 0.001301
21720 0.008579
21730 0.003538
21740 0.001558
21750 0.001300
21760 0.002220
21770 0.001217
21780 0.011063
21790 0.008063
21800 0.014897
21810 -0.000475
21820 0.026117
21830 0.005945
21840 0.002469
21850 0.021635
21860 0.003152
21870 0.001889
21880 0.001134
21890 0.163125
21900 0.003699
21910 0.001526
21920 0.068124
21930 0.004281
21940 0.031252
21950 0.008852
21960 0.012851
21970 0.004187
21980 0.002382
21990 0.003441
22000 0.008838
22010 0.004112
22020 0.001746
22030 0.002600
22040 0.003257
22050 0.000605
22060 0.009533
22070 0.000757
22080 0.003663
22090 0.001615
22100 0.005268
22110 0.004643
22120 0.000117
22130 0.004904
22140 0.022738
22150 0.003928
22160 0.000744
22170 0.018254
22180 0.002157
22190 0.022387
22200 0.003117
22210 0.000753
22220 0.002669
22230 0.003603
22240 0.003212
22250 0.003605
22260 0.000768
22270 0.008046
22280 0.002072
22290 0.002325
22300 0.000240
22310 0.007332
22320 0.031470
22330 0.007731
22340 0.001910
22350 0.018073
22360 0.000604
22370 0.001221
22380 0.002471
22390 0.010842
22400 0.001158
22410 0.001261
22420 0.003308
22430 0.024815
22440 0.001266
22450 0.001634
22460 0.003823
22470 0.017841
22480 0.002816
22490 0.024489
22500 0.007853
22510 0.001643
22520 0.011412
22530 0.003957
22540 0.022618
22550 0.001407
22560 0.001233
22570 0.000667
22580 0.008811
22590 0.008713
22600 0.008790
22610 0.001931
22620 0.002916
22630 0.001041
22640 -0.000734
22650 0.022632
22660 0.003782
22670 -0.002217
22680 0.003429
22690 0.005135
22700 0.007915
22710 0.002030
22720 0.016643
22730 0.015450
22740 0.003665
22750 0.003848
22760 0.003962
22770 0.001192
22780 0.004221
22790 0.002160
22800 0.355968
22810 0.020077
22820 -0.000293
22830 0.000811
22840 0.002266
22850 0.000277
22860 0.000685
22870 0.017904
22880 0.000315
22890 0.001646
22900 0.001561
22910 0.001612
22920 0.004096
22930 0.002402
22940 0.009077
22950 0.001595
22960 0.010862
22970 0.002378
22980 0.003284
22990 0.001652
23000 0.002520
23010 0.002144
23020 0.003669
23030 0.001799
23040 0.008408
23050 0.003377
23060 0.000482
23070 0.020760
23080 0.001249
23090 0.002548
23100 0.005388
23110 0.000455
23120 0.000681
23130 0.001668
23140 0.004932
23150 0.048603
23160 0.001350
23170 0.001631
23180 0.002318
23190 0.017731
23200 -0.000186
23210 0.000029
23220 0.000604
23230 0.023496
23240 0.031089
23250 0.002089
23260 0.003524
23270 0.000265
23280 0.001202
23290 0.002045
23300 0.001833
23310 0.008863
23320 0.000860
23330 8.937093
23340 0.002983
23350 0.001022
23360 0.001209
23370 0.000072
23380 0.000333
23390 0.002883
23400 0.002585
23410 -0.000994
23420 0.010735
23430 0.002020
23440 0.010446
23450 0.002525
23460 -0.000155
23470 0.003449
23480 0.002722
23490 0.007913
23500 0.000996
23510 0.000754
23520 0.002213
23530 0.001369
23540 0.001737
23550 0.010735
23560 -0.000277
23570 0.000535
23580 0.001405
23590 0.001774
23600 -0.001504
23610 0.001985
23620 0.013534
23630 0.000292
23640 0.000416
23650 0.002123
23660 0.000800
23670 0.001620
23680 0.001832
23690 0.001087
23700 0.003327
23710 0.003347
23720 0.001832
23730 0.005886
23740 0.000463
23750 0.002942
23760 0.001524
23770 0.002815
23780 8.910122
23790 0.001212
23800 0.000254
23810 0.043280
23820 0.000944
23830 0.001210
23840 0.011825
23850 -0.000269
23860 0.009344
23870 0.047009
23880 0.000835
23890 0.027261
23900 -0.000394
23910 0.001607
23920 0.001889
23930 0.023807
23940 0.002951
23950 0.049811
23960 -0.000494
23970 0.001424
23980 0.000659
23990 0.005857
24000 0.001930
24010 0.002102
24020 0.001814
24030 0.006446
24040 0.002041
24050 0.000764
24060 0.002507
24070 0.005773
24080 0.001951
24090 0.001880
24100 0.001054
24110 0.002288
24120 0.018319
24130 0.002317
24140 0.003867
24150 0.010721
24160 0.007125
24170 0.019537
24180 0.002946
24190 0.002261
24200 0.001966
24210 0.020356
24220 0.004001
24230 0.001761
24240 0.002562
24250 0.000249
24260 0.002160
24270 0.002240
24280 0.018937
24290 -0.000545
24300 0.002818
24310 0.001871
24320 0.010703
24330 0.000030
24340 0.001495
24350 -0.000302
24360 0.001822
24370 0.001642
24380 0.000357
24390 -0.000027
24400 0.000754
24410 0.011530
24420 0.001229
24430 0.002244
24440 0.007178
24450 -0.000598
24460 0.004045
24470 0.003511
24480 0.003504
24490 0.001778
24500 0.001261
24510 0.001127
24520 0.000126
24530 0.000116
24540 0.004021
24550 -0.001066
24560 0.014106
24570 0.024618
24580 0.001546
24590 0.000456
24600 0.001927
24610 0.004382
24620 -0.000775
24630 0.002710
24640 8.896237
24650 0.001488
24660 0.001374
24670 0.003665
24680 0.020521
24690 0.003987
24700 0.000136
24710 0.019207
24720 0.001196
24730 0.008571
24740 0.002522
24750 0.003399
24760 0.003721
24770 0.002478
24780 0.007993
24790 0.007741
24800 0.023618
24810 0.019057
24820 0.000769
24830 0.001456
24840 0.001284
24850 0.023309
24860 0.003174
24870 0.131316
24880 0.000642
24890 0.002990
24900 0.000751
24910 0.004323
24920 0.002179
24930 0.018203
24940 0.001490
24950 0.017298
24960 0.002137
24970 0.022095
24980 0.051375
24990 0.007520
25000 0.031115
25010 0.001708
25020 0.001205
25030 0.000943
25040 0.061758
25050 0.003538
25060 0.002102
25070 0.000456
25080 0.001382
25090 0.001411
25100 0.003770
25110 0.002673
25120 0.024578
25130 0.001548
25140 0.015592
25150 0.001740
25160 0.001228
25170 0.001173
25180 0.005440
25190 0.038259
25200 0.000259
25210 0.001484
25220 0.014919
25230 0.017461
25240 0.002264
25250 0.000300
25260 0.002839
25270 0.000978
25280 0.000246
25290 0.050615
25300 0.005335
25310 0.002724
25320 0.002999
25330 0.005942
25340 0.002593
25350 0.001603
25360 0.045441
25370 0.001101
25380 0.001308
25390 0.002553
25400 0.001529
25410 0.007015
25420 0.007590
25430 0.001904
25440 0.002178
25450 0.001927
25460 -0.001433
25470 0.016093
25480 0.001027
25490 0.003311
25500 0.001667
25510 0.000656
25520 -0.003997
25530 -0.001518
25540 0.011576
25550 0.060463
25560 0.000911
25570 -0.000117
25580 0.025432
25590 0.005097
25600 0.001751
25610 0.015714
25620 0.002566
25630 0.068306
25640 0.001588
25650 0.001012
25660 0.001731
25670 -0.001051
25680 0.051092
25690 0.000071
25700 0.000131
25710 0.013371
25720 0.003590
25730 0.002167
25740 0.001301
25750 0.021449
25760 0.003529
25770 0.000802
25780 8.739511
25790 0.002407
25800 0.002034
25810 0.002931
25820 0.002368
25830 0.002232
25840 -0.000098
25850 0.005769
25860 0.002709
25870 0.001044
25880 0.000811
25890 0.022194
25900 0.001816
25910 0.020003
25920 -0.000141
25930 0.043937
25940 0.001635
25950 0.001649
25960 0.009434
25970 0.001307
25980 0.001175
25990 0.001698
26000 0.028168
26010 0.001067
26020 0.029492
26030 0.000112
26040 0.002292
26050 0.000267
26060 -0.001191
26070 0.000193
26080 0.001248
26090 0.033742
26100 0.006905
26110 0.001368
26120 0.021430
26130 0.003590
26140 -0.001411
26150 -0.000480
26160 0.000626
26170 0.001453
26180 0.005821
26190 -0.000680
26200 0.001034
26210 0.001009
26220 0.001604
26230 -0.000072
26240 0.026043
26250 0.000207
26260 0.003403
26270 0.001363
26280 0.025209
26290 0.001858
26300 0.001474
26310 0.003626
26320 0.049523
26330 0.000519
26340 0.001911
26350 0.007667
26360 0.005524
26370 0.018849
26380 -0.000814
26390 0.001027
26400 0.068448
26410 0.002951
26420 0.002310
26430 0.002974
26440 0.000212
26450 -0.000962
26460 0.016919
26470 0.001793
26480 0.002102
26490 0.000350
26500 -0.000024
26510 -0.000716
26520 0.018540
26530 0.002467
26540 0.001169
26550 0.001639
26560 -0.000495
26570 0.001213
26580 0.000167
26590 0.009880
26600 0.016319
26610 0.034462
26620 0.004662
26630 0.001961
26640 0.008951
26650 0.002635
26660 8.869849
26670 0.003046
26680 0.007997
26690 0.001499
26700 0.002194
26710 0.000389
26720 0.001954
26730 0.000161
26740 -0.000916
26750 0.001603
26760 0.006582
26770 0.003244
26780 0.001767
26790 0.006340
26800 0.013757
26810 0.001978
26820 0.021609
26830 0.038222
26840 0.000773
26850 -0.000487
26860 0.013618
26870 0.006483
26880 0.008687
26890 0.017119
26900 0.002577
26910 -0.000742
26920 0.001522
26930 0.000160
26940 0.014727
26950 0.006714
26960 0.013226
26970 0.002372
26980 0.012696
26990 0.000517
27000 0.001800
27010 0.003142
27020 0.004198
27030 0.007737
27040 0.000878
27050 0.324524
27060 -0.000049
27070 0.018915
27080 0.000792
27090 0.023179
27100 0.000659
27110 0.002160
27120 0.007926
27130 0.024903
27140 -0.000912
27150 9.021338
27160 -0.001602
27170 0.001824
27180 0.001239
27190 -0.000511
27200 0.002749
27210 0.000699
27220 0.000994
27230 0.001520
27240 -0.000445
27250 0.000537
27260 -0.000215
27270 0.004733
27280 0.011738
27290 0.000272
27300 0.001395
27310 0.008080
27320 0.004045
27330 0.000736
27340 0.001854
27350 0.002555
27360 0.065053
27370 0.002355
27380 0.001465
27390 0.009417
27400 0.024145
27410 0.002484
27420 0.000967
27430 0.001117
27440 0.001084
27450 0.002551
27460 0.000880
27470 0.002268
27480 0.013021
27490 0.000587
27500 -0.000272
27510 0.003328
27520 0.000151
27530 0.002607
27540 0.003154
27550 0.002211
27560 0.001562
27570 0.001465
27580 0.028287
27590 -0.000437
27600 0.000712
27610 0.027161
27620 0.000883
27630 0.001156
27640 0.000637
27650 0.001382
27660 0.002563
27670 0.000442
27680 0.006299
27690 0.000672
27700 0.000716
27710 0.001430
27720 0.000431
27730 0.001088
27740 0.002948
27750 0.001728
27760 0.000522
27770 0.000949
27780 0.002839
27790 0.001439
27800 0.013583
27810 -0.000976
27820 0.001346
27830 0.001893
27840 0.001183
27850 0.001393
27860 0.001337
27870 0.002060
27880 0.002119
27890 0.000498
27900 0.000492
27910 8.789947
27920 0.000875
27930 0.000259
27940 0.016735
27950 0.002857
27960 0.007414
27970 0.371221
27980 0.001488
27990 0.000767
28000 0.022291
28010 -0.000864
28020 0.009722
28030 0.003129
28040 0.002192
28050 0.003124
28060 0.002525
28070 0.000877
28080 -0.000176
28090 0.003851
28100 0.001933
28110 0.044152
28120 0.002127
28130 0.000191
28140 0.000193
28150 0.000751
28160 0.000597
28170 0.015157
28180 0.001284
28190 0.002423
28200 0.001695
28210 -0.001911
28220 0.003631
28230 0.002024
28240 -0.000005
28250 0.000056
28260 0.002835
28270 -0.000761
28280 0.002997
28290 0.012569
28300 0.002677
28310 0.029768
28320 0.000800
28330 0.139916
28340 0.000495
28350 0.000504
28360 0.000161
28370 0.002189
28380 -0.001076
28390 0.000015
28400 0.000683
28410 0.000704
28420 0.008176
28430 0.002479
28440 0.007450
28450 0.001675
28460 0.001279
28470 0.001972
28480 0.004408
28490 0.002963
28500 0.043396
28510 0.008422
28520 0.008572
28530 0.003854
28540 -0.000433
28550 0.004606
28560 0.001705
28570 -0.000439
28580 0.002357
28590 0.001804
28600 0.001942
28610 0.000811
28620 0.000854
28630 0.012093
28640 0.012271
28650 -0.000341
28660 0.000497
28670 -0.001207
28680 0.001150
28690 0.001835
28700 0.000627
28710 0.000385
28720 0.001358
28730 0.035081
28740 0.001218
28750 0.008237
28760 0.002602
28770 0.000319
28780 0.001097
28790 0.000892
28800 0.001218
28810 0.000752
28820 0.001219
28830 0.005479
28840 0.045339
28850 0.001536
28860 0.021716
28870 -0.000266
28880 0.000284
28890 0.000498
28900 0.001594
28910 0.001516
28920 0.024421
28930 0.010351
28940 0.000796
28950 0.016054
28960 0.042284
28970 0.005433
28980 0.001283
28990 0.165104
29000 0.001097
29010 0.002178
29020 -0.000619
29030 0.001724
29040 0.001899
29050 0.000068
29060 0.006851
29070 0.000421
29080 0.002280
29090 0.016120
29100 0.001854
29110 -0.000081
29120 0.000551
29130 0.001856
29140 -0.000392
29150 0.036180
29160 0.000455
29170 0.018477
29180 0.009399
29190 0.015291
29200 -0.002244
29210 0.001518
29220 0.001100
29230 0.005565
29240 0.000632
29250 0.000992
29260 0.000918
29270 0.010643
29280 0.007279
29290 0.020832
29300 0.001129
29310 0.005860
29320 0.000753
29330 8.778731
29340 0.001789
29350 0.046875
29360 0.020710
29370 0.002524
29380 -0.001625
29390 0.015230
29400 0.000188
29410 0.003980
29420 -0.001205
29430 0.004881
29440 0.001878
29450 0.004764
29460 0.001519
29470 0.001258
29480 0.023933
29490 0.026675
29500 0.000570
29510 8.671318
29520 0.002144
29530 0.001985
29540 0.006083
29550 0.017796
29560 -0.000467
29570 0.000814
29580 0.024234
29590 -0.000454
29600 0.000546
29610 0.000267
29620 0.002221
29630 0.004665
29640 0.003049
29650 0.000484
29660 0.001012
29670 -0.000441
29680 0.002552
29690 8.722425
29700 0.001867
29710 0.022544
29720 0.031054
29730 0.000501
29740 -0.000192
29750 0.000231
29760 0.002675
29770 -0.000096
29780 0.000555
29790 0.001882
29800 0.000588
29810 0.009128
29820 -0.001683
29830 0.001926
29840 -0.000315
29850 0.002340
29860 -0.001417
29870 -0.000300
29880 -0.000343
29890 -0.002125
29900 0.003465
29910 -0.000194
29920 0.001705
29930 0.053489
29940 0.000233
29950 0.001004
29960 0.001246
29970 0.165130
29980 0.001010
29990 0.073293
30000 -0.000195
30010 0.001836
30020 0.001804
30030 0.021220
30040 0.004440
30050 -0.000244
30060 0.003331
30070 0.141870
30080 0.001840
30090 0.023983
30100 0.000636
30110 0.000990
30120 0.003382
30130 0.000555
30140 0.001879
30150 0.014967
30160 0.013772
30170 0.001435
30180 -0.000256
30190 0.000260
30200 0.000379
30210 0.005964
30220 0.000181
30230 0.000805
30240 0.000606
30250 0.012411
30260 0.080303
30270 0.000587
30280 0.000965
30290 0.001555
30300 0.037067
30310 0.002397
30320 0.010748
30330 0.002726
30340 0.002286
30350 0.001436
30360 0.000689
30370 0.000824
30380 0.044153
30390 0.000359
30400 0.001533
30410 -0.001213
30420 0.022445
30430 0.001466
30440 0.000970
30450 0.004248
30460 0.002962
30470 0.000796
30480 0.001131
30490 0.001892
30500 0.001210
30510 0.001375
30520 -0.000987
30530 0.002650
30540 -0.000098
30550 0.000970
30560 0.000734
30570 0.001293
30580 0.010482
30590 0.000652
30600 -0.000768
30610 0.001110
30620 0.005666
30630 0.001568
30640 0.002206
30650 0.001335
30660 0.001309
30670 0.001471
30680 0.002038
30690 0.002215
30700 0.000110
30710 0.000590
30720 0.000235
30730 0.000739
30740 0.023818
30750 0.000767
30760 0.000256
30770 0.000924
30780 0.001067
30790 0.001324
30800 0.001613
30810 0.001670
30820 0.002020
30830 0.001301
30840 -0.000203
30850 0.000421
30860 0.002295
30870 0.000871
30880 0.001704
30890 0.001231
30900 0.125891
30910 0.025306
30920 0.001242
30930 0.000959
30940 -0.001213
30950 0.000578
30960 0.022718
30970 0.002535
30980 0.037818
30990 0.002500
31000 0.014893
31010 0.005522
31020 -0.000431
31030 0.001390
31040 0.000453
31050 0.000285
31060 -0.000540
31070 0.027222
31080 0.001144
31090 0.000806
31100 -0.000175
31110 0.000480
31120 0.009640
31130 0.001005
31140 0.000868
31150 0.006763
31160 -0.000995
31170 0.001977
31180 0.007119
31190 0.019835
31200 -0.000156
31210 0.010900
31220 0.001326
31230 0.034630
31240 0.001276
31250 -0.000371
31260 0.000753
31270 -0.000602
31280 0.003160
31290 0.001170
31300 0.005065
31310 0.000519
31320 -0.000013
31330 0.018529
31340 0.014226
31350 0.001406
31360 0.019875
31370 -0.000288
31380 0.017131
31390 0.075451
31400 -0.000212
31410 0.001555
31420 0.002182
31430 -0.000200
31440 0.002533
31450 0.001078
31460 0.016765
31470 0.002220
31480 0.010007
31490 0.001285
31500 0.002262
31510 0.000131
31520 0.000992
31530 0.002664
31540 0.001173
31550 0.002175
31560 0.001155
31570 -0.000740
31580 0.001282
31590 0.000825
31600 -0.000483
31610 0.000577
31620 0.002248
31630 0.002483
31640 0.001337
31650 -0.000688
31660 0.001178
31670 -0.000536
31680 -0.000300
31690 0.002289
31700 0.120274
31710 0.001233
31720 0.020190
31730 0.000197
31740 -0.000428
31750 -0.000510
31760 -0.000580
31770 0.000703
31780 -0.001562
31790 0.001246
31800 -0.000200
31810 0.000795
31820 0.005914
31830 0.001165
31840 0.000537
31850 -0.000511
31860 0.000323
31870 0.002789
31880 0.001507
31890 -0.000872
31900 0.000915
31910 0.000791
31920 -0.000572
31930 0.000799
31940 0.011599
31950 0.001384
31960 0.008891
31970 -0.000926
31980 -0.001633
31990 0.001563
32000 0.001067
32010 0.000454
32020 0.001894
32030 -0.000058
32040 0.012927
32050 0.001365
32060 0.001561
32070 0.001625
32080 0.000314
32090 0.010382
32100 0.000287
32110 -0.001056
32120 0.020495
32130 0.003807
32140 0.001245
32150 0.001038
32160 -0.000083
32170 0.002481
32180 0.003634
32190 0.003843
32200 0.000655
32210 0.000896
32220 -0.001269
32230 0.017150
32240 -0.000507
32250 0.000500
32260 0.000373
32270 0.000105
32280 0.000225
32290 0.001154
32300 0.005147
32310 0.000256
32320 0.018709
32330 0.000662
32340 0.000804
32350 0.000334
32360 0.033711
32370 0.001144
32380 0.009056
32390 0.003580
32400 0.003395
32410 0.000255
32420 0.001315
32430 0.007440
32440 0.002023
32450 0.002261
32460 0.001168
32470 0.028962
32480 0.001034
32490 -0.000971
32500 0.015793
32510 0.000075
32520 0.001573
32530 0.000787
32540 -0.000204
32550 0.029841
32560 0.021576
32570 0.005022
32580 -0.000153
32590 0.020413
32600 0.012478
32610 0.000607
32620 0.002205
32630 0.001694
32640 0.013032
32650 0.003674
32660 0.001529
32670 0.001379
32680 0.008565
32690 0.000281
32700 0.001239
32710 -0.000352
32720 0.001991
32730 0.014464
32740 0.000411
32750 0.001176
32760 0.000801
32770 0.000705
32780 0.001919
32790 0.001607
32800 0.002056
32810 0.000410
32820 0.000056
32830 0.016497
32840 0.000396
32850 0.024323
32860 0.000131
32870 0.001062
32880 0.000549
32890 0.001332
32900 0.001129
32910 0.000501
32920 0.000457
32930 0.021653
32940 0.000450
32950 0.000749
32960 0.000994
32970 0.042463
32980 0.003912
32990 0.000737
33000 0.000642
33010 0.001451
33020 0.001995
33030 0.018685
33040 0.002367
33050 0.000411
33060 0.001379
33070 -0.001482
33080 0.001265
33090 0.000828
33100 0.000754
33110 0.000187
33120 0.036270
33130 0.002621
33140 -0.001233
33150 0.000551
33160 0.001662
33170 0.006694
33180 0.001284
33190 0.001583
33200 0.001634
33210 0.000665
33220 0.000347
33230 -0.000110
33240 0.000801
33250 0.001409
33260 0.020785
33270 0.008410
33280 0.013540
33290 0.000231
33300 0.000386
33310 0.001545
33320 0.020086
33330 -0.001018
33340 0.012159
33350 0.004950
33360 0.000536
33370 0.003882
33380 0.028262
33390 0.006580
33400 0.000702
33410 0.002862
33420 -0.001303
33430 0.000060
33440 -0.000776
33450 8.705787
33460 -0.000508
33470 0.001002
33480 0.006007
33490 0.002350
33500 -0.000522
33510 0.000482
33520 0.000918
33530 0.001096
33540 0.000945
33550 0.005104
33560 0.000623
33570 0.000226
33580 0.001139
33590 0.001691
33600 0.001212
33610 0.016773
33620 0.025641
33630 -0.000052
33640 0.001482
33650 0.000812
33660 0.038402
33670 -0.000130
33680 0.021138
33690 0.000571
33700 0.000939
33710 0.001261
33720 0.001055
33730 0.000437
33740 0.000965
33750 0.000832
33760 0.005386
33770 -0.000109
33780 -0.000189
33790 -0.000281
33800 0.014662
33810 -0.000576
33820 0.000816
33830 0.014722
33840 0.001298
33850 0.000954
33860 0.001232
33870 0.023285
33880 0.003561
33890 0.007100
33900 0.001694
33910 0.002864
33920 0.000285
33930 0.010349
33940 0.003252
33950 -0.000361
33960 -0.000100
33970 0.001459
33980 0.021941
33990 0.019328
34000 0.001334
34010 0.015246
34020 -0.000572
34030 0.001460
34040 0.003243
34050 0.002543
34060 0.001258
34070 0.000383
34080 0.000190
34090 0.001189
34100 0.007798
34110 0.001123
34120 0.003905
34130 -0.000032
34140 0.001328
34150 0.001782
34160 0.003841
34170 0.001069
34180 0.001266
34190 0.001964
34200 -0.000436
34210 0.001719
34220 0.001117
34230 -0.000084
34240 0.000103
34250 0.000191
34260 0.000461
34270 -0.001097
34280 0.000379
34290 0.000395
34300 0.155874
34310 0.001356
34320 0.001138
34330 0.020155
34340 0.010032
34350 0.001275
34360 0.000080
34370 0.001849
34380 0.000374
34390 0.000350
34400 0.001479
34410 0.000939
34420 0.001730
34430 -0.000665
34440 0.000586
34450 0.000509
34460 0.002373
34470 0.025617
34480 0.068833
34490 0.001478
34500 0.000857
34510 0.002154
34520 0.000597
34530 -0.000345
34540 0.000741
34550 -0.000490
34560 0.000576
34570 0.001895
34580 0.000381
34590 0.001387
34600 0.000141
34610 0.000877
34620 0.001543
34630 0.002091
34640 0.011521
34650 0.000355
34660 0.000505
34670 0.001139
34680 0.001122
34690 0.001840
34700 0.001613
34710 0.000037
34720 0.005181
34730 0.000882
34740 0.000516
34750 0.000719
34760 0.000246
34770 0.002684
34780 0.002665
34790 0.000874
34800 -0.000113
34810 0.002505
34820 0.000241
34830 0.053278
34840 0.000992
34850 0.001991
34860 0.013273
34870 0.000658
34880 0.001370
34890 0.000914
34900 0.000520
34910 0.002046
34920 0.000326
34930 0.000347
34940 0.000483
34950 0.000477
34960 0.000789
34970 0.000877
34980 0.002392
34990 0.001209
35000 -0.001014
35010 0.000860
35020 0.003847
35030 0.001230
35040 0.000823
35050 0.033899
35060 0.000244
35070 0.018299
35080 0.001310
35090 0.001658
35100 0.000633
35110 0.002251
35120 0.001274
35130 0.004651
35140 -0.000245
35150 -0.000116
35160 0.001148
35170 0.000187
35180 0.000514
35190 0.001031
35200 0.000057
35210 0.003759
35220 0.004014
35230 0.000042
35240 0.000770
35250 -0.000322
35260 0.001877
35270 0.001695
35280 0.000032
35290 -0.000346
35300 0.001224
35310 0.000369
35320 -0.000837
35330 0.000223
35340 0.001257
35350 -0.000016
35360 0.000881
35370 0.001363
35380 0.000090
35390 0.005594
35400 0.002078
35410 0.002034
35420 -0.000119
35430 0.000379
35440 0.000385
35450 0.003546
35460 0.015129
35470 0.000418
35480 0.002252
35490 -0.000666
35500 0.000424
35510 0.000244
35520 -0.000446
35530 0.033787
35540 0.001993
35550 0.001251
35560 0.002239
35570 0.007239
35580 0.002359
35590 0.001487
35600 8.689508
35610 0.020566
35620 -0.000414
35630 0.131101
35640 0.002388
35650 8.694725
35660 0.002053
35670 0.002169
35680 0.001357
35690 0.007048
35700 0.001536
35710 0.000095
35720 0.000704
35730 0.000493
35740 -0.000082
35750 0.016660
35760 0.000986
35770 0.000179
35780 0.000604
35790 0.002521
35800 0.000809
35810 0.000553
35820 0.017026
35830 0.000041
35840 0.000204
35850 -0.000869
35860 0.021732
35870 -0.001839
35880 0.001842
35890 0.003953
35900 0.000189
35910 0.024397
35920 0.001193
35930 0.001080
35940 0.000772
35950 0.002175
35960 0.000217
35970 0.001009
35980 0.005511
35990 0.000523
36000 0.001701
36010 0.002292
36020 0.000165
36030 0.000580
36040 0.014630
36050 -0.000252
36060 0.000534
36070 0.002908
36080 0.001733
36090 0.053572
36100 0.000700
36110 0.000694
36120 0.001165
36130 -0.001122
36140 0.000283
36150 0.013528
36160 0.000515
36170 -0.000345
36180 -0.000953
36190 0.000921
36200 -0.000727
36210 0.000848
36220 0.000582
36230 0.000309
36240 0.002058
36250 0.002300
36260 -0.000736
36270 0.001387
36280 0.008678
36290 -0.000090
36300 0.000259
36310 0.000464
36320 0.000383
36330 0.002752
36340 0.001089
36350 0.001786
36360 0.000753
36370 -0.000263
36380 0.001220
36390 8.727393
36400 0.001389
36410 0.028705
36420 -0.000360
36430 0.009330
36440 0.002461
36450 0.255700
36460 0.001277
36470 -0.000440
36480 0.016019
36490 0.001365
36500 0.000605
36510 0.001129
36520 0.001370
36530 0.007716
36540 0.001770
36550 -0.000665
36560 0.005993
36570 0.000573
36580 0.000772
36590 0.000303
36600 0.033645
36610 0.002000
36620 0.001078
36630 0.001845
36640 0.000899
36650 0.010685
36660 0.000904
36670 -0.000259
36680 0.002484
36690 0.032543
36700 0.002345
36710 0.000929
36720 0.024806
36730 0.003448
36740 0.001742
36750 0.112333
36760 0.000857
36770 0.001958
36780 -0.000217
36790 0.001193
36800 0.002498
36810 0.000221
36820 0.000150
36830 0.000472
36840 0.000982
36850 0.000723
36860 0.014323
36870 0.010989
36880 0.001683
36890 0.021214
36900 0.000229
36910 -0.000456
36920 -0.000456
36930 0.000611
36940 0.001604
36950 0.000988
36960 0.001971
36970 0.000189
36980 -0.000991
36990 -0.000557
37000 0.001763
37010 0.000432
37020 0.042268
37030 0.001117
37040 -0.000402
37050 0.000963
37060 0.001417
37070 0.001942
37080 0.001104
37090 0.001008
37100 0.000861
37110 0.002349
37120 0.001796
37130 0.001230
37140 0.003535
37150 0.001596
37160 0.001005
37170 0.005879
37180 0.000823
37190 0.002443
37200 0.000933
37210 -0.000156
37220 -0.000255
37230 -0.000002
37240 0.002189
37250 0.000903
37260 -0.001375
37270 0.003323
37280 0.002039
37290 -0.000064
37300 0.000034
37310 0.000743
37320 0.003161
37330 0.001631
37340 0.001635
37350 0.108181
37360 0.000077
37370 0.001197
37380 0.001978
37390 0.028384
37400 0.000970
37410 0.011610
37420 0.024426
37430 0.000916
37440 0.002021
37450 0.000207
37460 0.000270
37470 0.007941
37480 -0.001005
37490 0.000270
37500 0.000148
37510 0.015193
37520 0.000704
37530 0.001981
37540 0.000692
37550 0.000200
37560 0.000379
37570 0.001258
37580 -0.000208
37590 0.000097
37600 -0.000454
37610 -0.000371
37620 0.005307
37630 0.014057
37640 0.004323
37650 0.000390
37660 0.009505
37670 0.000748
37680 8.664548
37690 0.018452
37700 0.001653
37710 0.036371
37720 -0.000023
37730 0.000976
37740 0.000421
37750 0.001518
37760 0.011287
37770 0.006061
37780 0.010861
37790 0.016434
37800 0.031423
37810 0.000760
37820 0.000660
37830 0.093438
37840 0.000367
37850 0.009098
37860 0.001139
37870 0.010605
37880 0.000200
37890 0.000633
37900 0.000620
37910 0.001394
37920 0.000423
37930 0.001221
37940 0.001337
37950 0.001389
37960 0.000739
37970 0.001231
37980 0.026220
37990 0.000086
38000 0.000876
38010 -0.000388
38020 0.000927
38030 -0.000135
38040 0.000493
38050 0.001075
38060 0.001001
38070 0.001184
38080 0.000311
38090 0.001553
38100 0.000473
38110 0.000435
38120 -0.000683
38130 0.001573
38140 0.002783
38150 0.013206
38160 0.000860
38170 0.002320
38180 0.000023
38190 -0.000484
38200 0.002636
38210 0.000574
38220 0.009051
38230 0.000342
38240 0.000906
38250 0.001923
38260 0.027730
38270 0.002391
38280 0.022062
38290 0.002355
38300 0.000648
38310 0.011000
38320 0.001742
38330 0.000824
38340 0.000897
38350 0.001990
38360 0.003023
38370 0.000507
38380 0.000283
38390 0.000459
38400 0.000196
38410 0.001817
38420 0.017443
38430 0.001681
38440 0.000174
38450 0.000654
38460 0.000716
38470 0.000009
38480 0.000215
38490 0.000399
38500 0.001667
38510 0.000478
38520 0.004227
38530 0.012473
38540 0.001031
38550 0.001462
38560 0.000802
38570 0.000294
38580 0.000544
38590 0.006215
38600 0.008293
38610 0.000154
38620 -0.000397
38630 0.000461
38640 0.042371
38650 0.002105
38660 0.000702
38670 -0.000077
38680 0.001798
38690 0.001242
38700 0.000831
38710 0.018960
38720 0.001012
38730 0.003097
38740 0.001144
38750 0.000480
38760 -0.000836
38770 0.001736
38780 0.000166
38790 0.000667
38800 0.010051
38810 -0.000468
38820 -0.000006
38830 0.010609
38840 0.002180
38850 0.001686
38860 0.082634
38870 0.001297
38880 0.000580
38890 0.001562
38900 0.000572
38910 0.004967
38920 0.001077
38930 0.003673
38940 0.001286
38950 0.011142
38960 -0.001109
38970 -0.000355
38980 0.000241
38990 0.001146
39000 0.002086
39010 -0.000201
39020 0.012831
39030 0.001410
39040 0.000578
39050 0.001256
39060 0.040073
39070 -0.000843
39080 -0.000355
39090 0.000484
39100 -0.000243
39110 0.026939
39120 -0.000452
39130 0.001251
39140 0.000184
39150 0.008978
39160 0.001828
39170 0.002702
39180 0.001512
39190 0.001119
39200 0.000578
39210 0.000384
39220 0.005335
39230 0.001835
39240 0.003971
39250 0.005745
39260 0.318931
39270 -0.000258
39280 0.000014
39290 0.000608
39300 0.000412
39310 0.005086
39320 0.001867
39330 0.001078
39340 0.003014
39350 8.554541
39360 -0.000404
39370 0.002144
39380 0.001240
39390 0.001129
39400 0.000797
39410 -0.000198
39420 -0.000152
39430 -0.000803
39440 0.000140
39450 0.003226
39460 0.000339
39470 0.000552
39480 0.000372
39490 -0.000844
39500 0.000524
39510 0.024350
39520 0.007034
39530 0.000310
39540 0.001243
39550 0.000869
39560 0.001519
39570 0.000466
39580 0.000254
39590 0.002272
39600 0.000655
39610 -0.000186
39620 0.000729
39630 0.009358
39640 0.000909
39650 0.000260
39660 0.001318
39670 0.023970
39680 -0.001031
39690 0.001251
39700 0.000479
39710 0.000039
39720 0.001245
39730 0.000938
39740 0.000461
39750 0.006843
39760 8.542864
39770 0.000102
39780 0.004864
39790 0.001249
39800 0.001098
39810 0.001073
39820 0.001576
39830 0.000575
39840 0.001563
39850 0.001318
39860 -0.001298
39870 0.000980
39880 0.001010
39890 0.000607
39900 0.001512
39910 0.000872
39920 0.000657
39930 0.005353
39940 8.574211
39950 -0.000398
39960 0.001370
39970 0.000620
39980 0.001354
39990 0.001214
40000 0.010298
40010 0.002114
40020 0.000776
40030 0.002339
40040 0.000601
40050 -0.000604
40060 0.000339
40070 8.560939
40080 0.002717
40090 0.000071
40100 -0.000549
40110 0.001256
40120 -0.000875
40130 0.000451
40140 0.019534
40150 0.000385
40160 0.001805
40170 0.012335
40180 0.000243
40190 0.001736
40200 0.000780
40210 0.000426
40220 0.001291
40230 -0.000316
40240 0.000895
40250 0.001321
40260 0.000258
40270 0.002414
40280 0.002521
40290 0.001510
40300 0.014750
40310 0.000059
40320 0.001655
40330 0.015830
40340 0.005174
40350 -0.000039
40360 0.001805
40370 0.002303
40380 -0.000262
40390 0.002657
40400 0.001496
40410 0.010551
40420 0.006778
40430 -0.000193
40440 0.000957
40450 0.010754
40460 -0.000600
40470 -0.001048
40480 -0.000266
40490 0.001202
40500 0.070601
40510 -0.000394
40520 0.284611
40530 0.000055
40540 0.000819
40550 -0.000007
40560 0.000000
40570 0.001211
40580 -0.000958
40590 0.002646
40600 -0.000057
40610 0.001995
40620 0.000013
40630 0.000713
40640 0.000392
40650 0.000221
40660 8.517339
40670 0.001754
40680 0.000844
40690 0.013892
40700 -0.000663
40710 0.000790
40720 0.010789
40730 0.001331
40740 0.001499
40750 0.000004
40760 0.002382
40770 0.001852
40780 0.000930
40790 0.001602
40800 0.000487
40810 -0.001617
40820 -0.000109
40830 0.002236
40840 0.011619
40850 0.035094
40860 0.000350
40870 0.001838
40880 -0.000284
40890 0.000612
40900 0.000477
40910 0.019480
40920 -0.000563
40930 0.001650
40940 0.001256
40950 0.003798
40960 0.019545
40970 0.000272
40980 8.556597
40990 0.001902
41000 0.019280
41010 0.002098
41020 0.001424
41030 0.005880
41040 0.037843
41050 0.001609
41060 -0.000100
41070 0.000087
41080 0.005606
41090 0.002460
41100 0.000460
41110 0.008999
41120 -0.000791
41130 -0.000159
41140 0.001984
41150 -0.000792
41160 8.479693
41170 0.001715
41180 0.000477
41190 0.010962
41200 0.000252
41210 0.001231
41220 0.000729
41230 0.000573
41240 0.001791
41250 0.001015
41260 -0.001909
41270 -0.000119
41280 0.000460
41290 0.002108
41300 -0.000019
41310 0.000520
41320 0.001164
41330 -0.000459
41340 0.000120
41350 0.001160
41360 0.000707
41370 0.021005
41380 0.001244
41390 0.000317
41400 -0.000103
41410 0.000018
41420 -0.001490
41430 0.001221
41440 -0.001794
41450 0.001089
41460 0.002966
41470 0.000361
41480 0.000172
41490 0.000039
41500 0.000659
41510 0.000039
41520 0.000334
41530 0.000681
41540 0.001045
41550 0.000510
41560 0.000180
41570 0.002236
41580 -0.000775
41590 0.000003
41600 0.013052
41610 0.000363
41620 0.011856
41630 0.000571
41640 0.000463
41650 0.000088
41660 0.020495
41670 0.001124
41680 0.009982
41690 -0.000151
41700 0.000419
41710 0.001031
41720 0.015776
41730 -0.000251
41740 0.014603
41750 8.418037
41760 0.007771
41770 0.002527
41780 0.000257
41790 0.000248
41800 -0.002182
41810 -0.000171
41820 0.000216
41830 0.001414
41840 0.000838
41850 0.001259
41860 0.000906
41870 0.000510
41880 0.001264
41890 0.001468
41900 0.031470
41910 0.000299
41920 -0.000403
41930 0.000884
41940 0.001043
41950 0.000521
41960 0.000538
41970 -0.000226
41980 0.000093
41990 0.000167
42000 -0.000675
42010 0.002728
42020 0.000532
42030 0.000510
42040 0.002513
42050 0.000538
42060 0.001303
42070 -0.000272
42080 0.000555
42090 0.001768
42100 0.001030
42110 0.015163
42120 0.000002
42130 0.000256
42140 0.000909
42150 0.002131
42160 0.021734
42170 0.000377
42180 0.001463
42190 0.001881
42200 0.000129
42210 -0.000405
42220 0.000001
42230 0.001426
42240 0.001544
42250 0.000917
42260 -0.000349
42270 0.001366
42280 -0.000703
42290 0.002016
42300 0.000941
42310 0.002164
42320 -0.000360
42330 0.000960
42340 -0.000158
42350 0.000281
42360 0.000720
42370 0.000396
42380 0.001177
42390 0.000026
42400 0.007925
42410 0.004163
42420 -0.000489
42430 0.002057
42440 0.000286
42450 0.002200
42460 0.000794
42470 0.004389
42480 0.000036
42490 0.000726
42500 0.000415
42510 -0.000471
42520 0.000670
42530 0.002209
42540 0.001033
42550 0.000349
42560 -0.000132
42570 0.000037
42580 0.002382
42590 -0.000273
42600 0.000434
42610 0.006560
42620 0.000422
42630 -0.000465
42640 -0.000024
42650 0.000082
42660 0.001600
42670 -0.000417
42680 -0.001721
42690 0.000542
42700 0.000511
42710 0.001543
42720 0.000788
42730 0.012230
42740 0.001071
42750 -0.000174
42760 0.000492
42770 -0.000238
42780 -0.000123
42790 0.001022
42800 0.000126
42810 -0.000149
42820 0.003543
42830 0.000509
42840 0.010955
42850 0.000914
42860 -0.000468
42870 0.009308
42880 -0.000370
42890 -0.001489
42900 0.000991
42910 0.005493
42920 0.009512
42930 0.000291
42940 0.001831
42950 -0.000856
42960 0.001972
42970 0.018449
42980 -0.000020
42990 0.000132
43000 0.000362
43010 -0.000319
43020 -0.000996
43030 0.000481
43040 0.002245
43050 0.001143
43060 -0.000792
43070 -0.000060
43080 -0.000158
43090 0.000949
43100 -0.000015
43110 0.000833
43120 0.000014
43130 0.002248
43140 0.000193
43150 0.000362
43160 0.001219
43170 -0.000117
43180 0.000967
43190 -0.000067
43200 0.003184
43210 0.000494
43220 0.184119
43230 0.000057
43240 0.001361
43250 0.007403
43260 0.000841
43270 0.001330
43280 0.016621
43290 0.001216
43300 0.004203
43310 0.016896
43320 0.001454
43330 0.090335
43340 0.150102
43350 -0.000200
43360 0.002130
43370 0.000153
43380 0.000319
43390 0.000374
43400 -0.000031
43410 0.002467
43420 0.000037
43430 0.000753
43440 0.014504
43450 0.000283
43460 -0.000923
43470 0.010057
43480 0.000216
43490 0.000637
43500 0.000391
43510 0.003168
43520 0.000864
43530 0.000364
43540 0.000226
43550 0.001154
43560 0.000370
43570 0.000010
43580 -0.000322
43590 0.000065
43600 0.002464
43610 0.001154
43620 0.007203
43630 0.003833
43640 0.017335
43650 0.000347
43660 -0.000198
43670 0.007689
43680 0.003230
43690 -0.000070
43700 0.000121
43710 0.000685
43720 0.001707
43730 0.000455
43740 0.000488
43750 0.000095
43760 0.000057
43770 0.001650
43780 -0.000158
43790 -0.000735
43800 0.003744
43810 0.000025
43820 0.000553
43830 0.000275
43840 0.001301
43850 0.015834
43860 -0.000547
43870 0.001172
43880 0.001265
43890 0.000837
43900 0.000017
43910 0.014120
43920 0.000817
43930 -0.000095
43940 0.000510
43950 0.000724
43960 -0.000598
43970 0.006184
43980 0.000520
43990 0.000399
44000 0.000541
44010 0.000707
44020 8.413041
44030 0.001589
44040 0.001816
44050 0.000721
44060 -0.000273
44070 0.000715
44080 0.000251
44090 0.001219
44100 0.000656
44110 0.000438
44120 0.016711
44130 0.002085
44140 0.000155
44150 0.000439
44160 0.000859
44170 0.000196
44180 0.001900
44190 0.000577
44200 0.000342
44210 -0.001647
44220 0.000846
44230 -0.000339
44240 -0.000279
44250 0.010612
44260 -0.000097
44270 0.007120
44280 0.000114
44290 0.000322
44300 0.000949
44310 0.002488
44320 0.000761
44330 -0.000105
44340 0.000489
44350 0.028920
44360 0.001062
44370 0.000942
44380 0.001891
44390 0.000781
44400 0.008600
44410 -0.000077
44420 -0.000170
44430 0.005215
44440 0.001170
44450 0.000414
44460 0.008565
44470 0.000311
44480 0.000494
44490 0.004645
44500 0.000341
44510 0.001121
44520 -0.000648
44530 0.002372
44540 0.001504
44550 0.002418
44560 0.000968
44570 0.000815
44580 0.001330
44590 0.000242
44600 0.004599
44610 0.010304
44620 0.009947
44630 0.000714
44640 0.000255
44650 0.000319
44660 -0.000318
44670 0.000629
44680 0.000992
44690 0.000155
44700 0.000872
44710 0.000842
44720 0.000108
44730 0.000014
44740 -0.004810
44750 0.000780
44760 -0.000835
44770 0.000529
44780 0.001056
44790 0.025026
44800 0.000999
44810 0.000631
44820 -0.000219
44830 -0.000266
44840 -0.000136
44850 0.000882
44860 0.000379
44870 0.000040
44880 0.000246
44890 0.000141
44900 -0.000899
44910 0.001241
44920 -0.000514
44930 0.000059
44940 0.000787
44950 -0.000117
44960 -0.000003
44970 0.000111
44980 0.000237
44990 -0.000358
45000 0.002285
45010 -0.000466
45020 0.001128
45030 0.014511
45040 0.000397
45050 -0.000707
45060 0.002004
45070 0.012618
45080 0.017741
45090 -0.000116
45100 0.001363
45110 -0.000384
45120 0.002229
45130 0.007297
45140 0.002187
45150 -0.000029
45160 0.000574
45170 0.000105
45180 -0.000827
45190 0.001996
45200 -0.000416
45210 0.015572
45220 0.002700
45230 0.000157
45240 0.000676
45250 0.000709
45260 0.004055
45270 0.000785
45280 0.000736
45290 0.000149
45300 -0.000743
45310 0.000225
45320 -0.000194
45330 -0.000519
45340 -0.000690
45350 0.038492
45360 0.000585
45370 0.000613
45380 -0.000021
45390 -0.001163
45400 0.008049
45410 0.006604
45420 0.001019
45430 0.001434
45440 -0.001211
45450 -0.000372
45460 0.001522
45470 0.003926
45480 -0.000148
45490 0.012029
45500 -0.000302
45510 -0.001973
45520 0.000923
45530 0.000954
45540 0.000273
45550 0.019874
45560 0.005806
45570 -0.000270
45580 0.050958
45590 -0.000406
45600 0.001584
45610 0.000651
45620 -0.000218
45630 -0.000141
45640 0.013993
45650 0.002002
45660 0.000846
45670 0.000609
45680 0.000769
45690 -0.000508
45700 -0.000012
45710 -0.000082
45720 0.000101
45730 -0.000262
45740 -0.000474
45750 0.000530
45760 0.000475
45770 -0.000080
45780 0.001174
45790 0.002542
45800 0.002599
45810 -0.001003
45820 0.022296
45830 0.000110
45840 0.000113
45850 0.000534
45860 0.000883
45870 0.005133
45880 0.000275
45890 0.000232
45900 0.001017
45910 0.001253
45920 0.000790
45930 0.046250
45940 0.012924
45950 0.000203
45960 -0.000341
45970 -0.000583
45980 0.000732
45990 -0.000465
46000 0.000982
46010 0.000785
46020 -0.000537
46030 0.000109
46040 0.020557
46050 0.017747
46060 -0.000334
46070 -0.000240
46080 0.000338
46090 -0.000484
46100 0.000068
46110 0.000510
46120 0.000352
46130 0.001037
46140 0.000027
46150 0.000921
46160 -0.001489
46170 0.003774
46180 -0.000483
46190 0.000981
46200 -0.000531
46210 0.000193
46220 0.000012
46230 0.000239
46240 0.000223
46250 -0.001026
46260 0.015196
46270 -0.000597
46280 0.000819
46290 -0.000108
46300 0.000506
46310 0.000734
46320 -0.000694
46330 -0.000289
46340 0.001393
46350 0.000135
46360 0.001543
46370 -0.000627
46380 0.009740
46390 0.000163
46400 0.001119
46410 0.000862
46420 0.023790
46430 0.000405
46440 -0.000331
46450 -0.000722
46460 0.000597
46470 -0.000565
46480 0.000688
46490 0.000011
46500 -0.001172
46510 0.000688
46520 -0.000103
46530 0.000138
46540 0.002105
46550 0.000318
46560 8.447730
46570 -0.000104
46580 0.000988
46590 0.000795
46600 0.000703
46610 0.000132
46620 0.000768
46630 -0.001204
46640 0.000861
46650 -0.000044
46660 0.000634
46670 0.000636
46680 0.001198
46690 0.000204
46700 -0.001810
46710 0.000573
46720 0.001147
46730 0.007228
46740 -0.001538
46750 0.000560
46760 0.000390
46770 0.100531
46780 0.000506
46790 0.001555
46800 -0.000314
46810 -0.000173
46820 0.001027
46830 0.001625
46840 0.000713
46850 -0.000332
46860 -0.000212
46870 0.000968
46880 -0.000445
46890 0.000693
46900 -0.000361
46910 0.000537
46920 0.001263
46930 0.004029
46940 0.004504
46950 -0.000244
46960 0.001902
46970 0.000812
46980 0.000488
46990 -0.000355
47000 0.000678
47010 0.000890
47020 0.002576
47030 0.000500
47040 0.000551
47050 -0.000434
47060 0.000394
47070 -0.000454
47080 0.001379
47090 0.001302
47100 0.001489
47110 0.000897
47120 0.000486
47130 0.003822
47140 -0.001388
47150 0.000787
47160 0.000161
47170 0.032767
47180 0.002999
47190 -0.000110
47200 -0.000295
47210 0.001023
47220 0.000364
47230 0.000680
47240 0.004213
47250 0.004617
47260 0.001456
47270 0.000857
47280 -0.000776
47290 0.000389
47300 0.000393
47310 0.000066
47320 -0.000016
47330 0.003479
47340 0.000133
47350 0.001613
47360 0.001176
47370 -0.000912
47380 8.401160
47390 0.000197
47400 0.000894
47410 0.001348
47420 0.000305
47430 -0.001178
47440 0.001177
47450 0.000131
47460 0.000424
47470 0.000266
47480 0.004417
47490 0.001205
47500 0.036040
47510 0.000298
47520 -0.000472
47530 0.002084
47540 0.000018
47550 0.001092
47560 0.002590
47570 0.002058
47580 -0.000065
47590 -0.001155
47600 0.018788
47610 0.000631
47620 0.000770
47630 0.001364
47640 0.001529
47650 0.000233
47660 0.000373
47670 -0.000117
47680 0.000547
47690 0.001344
47700 -0.000231
47710 0.000836
47720 0.000871
47730 -0.000312
47740 -0.000921
47750 0.000327
47760 0.000729
47770 0.000296
47780 0.000095
47790 0.001189
47800 0.000256
47810 0.000083
47820 -0.000156
47830 0.001290
47840 0.016920
47850 -0.000708
47860 0.000524
47870 0.000526
47880 0.000613
47890 0.000602
47900 0.025737
47910 -0.000486
47920 -0.000868
47930 0.000657
47940 0.002966
47950 -0.000577
47960 0.000295
47970 -0.000591
47980 0.000249
47990 0.000147
48000 -0.000383
48010 0.000328
48020 0.000260
48030 0.000251
48040 0.000643
48050 -0.000222
48060 -0.000131
48070 0.001378
48080 0.001273
48090 -0.001202
48100 0.000074
48110 0.000019
48120 0.001323
48130 0.002379
48140 0.000280
48150 0.000120
48160 0.008633
48170 0.001147
48180 0.000629
48190 0.002908
48200 0.000362
48210 0.001006
48220 0.030288
48230 -0.000370
48240 0.000606
48250 0.000276
48260 0.005005
48270 0.000024
48280 -0.000491
48290 0.000386
48300 0.000852
48310 0.000773
48320 0.046638
48330 0.001435
48340 0.000009
48350 -0.000233
48360 0.000206
48370 0.000155
48380 -0.000224
48390 0.000224
48400 0.001175
48410 0.000758
48420 0.000162
48430 0.000318
48440 0.014769
48450 0.000028
48460 0.018297
48470 0.019833
48480 0.000523
48490 0.000364
48500 0.001496
48510 0.000523
48520 0.000368
48530 0.000271
48540 0.000522
48550 0.001530
48560 0.011566
48570 -0.000472
48580 -0.000399
48590 -0.000156
48600 0.000937
48610 0.022078
48620 0.000776
48630 -0.000057
48640 0.019683
48650 -0.000146
48660 0.004300
48670 -0.000497
48680 0.000613
48690 -0.000287
48700 -0.000795
48710 0.000539
48720 -0.000958
48730 0.001140
48740 -0.000236
48750 0.001254
48760 0.002388
48770 0.000257
48780 0.000463
48790 0.001432
48800 0.000750
48810 0.000433
48820 0.000804
48830 0.000132
48840 0.000937
48850 0.002217
48860 -0.000080
48870 -0.000183
48880 0.000903
48890 -0.000031
48900 0.000226
48910 0.000682
48920 0.019381
48930 0.001500
48940 0.000194
48950 0.001114
48960 0.000334
48970 0.000641
48980 -0.000153
48990 0.000189
49000 0.000640
49010 0.000046
49020 0.002741
49030 0.001680
49040 0.001260
49050 0.000481
49060 -0.000958
49070 0.001708
49080 0.032274
49090 -0.000361
49100 0.000145
49110 -0.000223
49120 -0.000244
49130 0.001333
49140 0.002036
49150 0.002323
49160 0.002263
49170 0.001457
49180 -0.000901
49190 0.000175
49200 0.002118
49210 -0.000313
49220 -0.000756
49230 0.000386
49240 0.000484
49250 8.359164
49260 0.000158
49270 0.001913
49280 0.000800
49290 0.000967
49300 -0.000216
49310 0.000253
49320 0.001590
49330 0.001653
49340 0.000276
49350 0.000207
49360 -0.000364
49370 -0.000317
49380 -0.000295
49390 0.000581
49400 0.000317
49410 0.001457
49420 0.032068
49430 0.008764
49440 0.000613
49450 0.000854
49460 0.026376
49470 -0.000573
49480 -0.000544
49490 0.000274
49500 0.006915
49510 -0.000097
49520 0.000531
49530 -0.000426
49540 0.000661
49550 0.000891
49560 0.001505
49570 0.017927
49580 0.001172
49590 -0.000526
49600 0.001123
49610 -0.000042
49620 0.011523
49630 0.001939
49640 0.000439
49650 -0.000498
49660 -0.000247
49670 0.000796
49680 0.000873
49690 0.000219
49700 0.000134
49710 0.000324
49720 0.000270
49730 0.000115
49740 -0.001016
49750 0.000952
49760 -0.000449
49770 -0.000111
49780 0.000041
49790 0.000141
49800 0.000050
49810 0.001920
49820 0.000152
49830 -0.000764
49840 0.000253
49850 0.019065
49860 0.008462
49870 0.042420
49880 0.084110
49890 0.002486
49900 0.000732
49910 0.006478
49920 0.013161
49930 0.000062
49940 -0.000219
49950 0.000355
49960 0.000111
49970 -0.000260
49980 -0.001534
49990 0.000183
50000 0.002219
50010 0.000993
50020 0.003134
50030 0.015786
50040 0.000728
50050 -0.001106
50060 0.000619
50070 0.004608
50080 0.000036
50090 0.000593
50100 -0.000004
50110 0.002060
50120 -0.000849
50130 0.000077
50140 -0.000157
50150 0.047132
50160 -0.000638
50170 -0.000142
50180 0.003972
50190 0.015865
50200 0.000599
50210 0.004763
50220 -0.000496
50230 0.003593
50240 -0.000910
50250 -0.000910
50260 0.001369
50270 0.001341
50280 -0.000554
50290 0.003383
50300 0.000657
50310 0.000333
50320 0.000055
50330 -0.000246
50340 0.000859
50350 -0.000718
50360 0.001597
50370 0.000713
50380 0.002181
50390 0.001546
50400 0.003771
50410 0.000148
50420 0.000457
50430 0.007856
50440 0.000607
50450 -0.000481
50460 -0.000299
50470 0.009848
50480 0.071316
50490 -0.000109
50500 0.001347
50510 0.001124
50520 0.000531
50530 -0.000345
50540 0.000848
50550 0.000200
50560 -0.000710
50570 0.000188
50580 0.000092
50590 0.000023
50600 0.055485
50610 -0.000789
50620 0.000024
50630 0.001073
50640 0.000971
50650 0.000112
50660 0.013100
50670 0.002112
50680 -0.000063
50690 0.000326
50700 0.000593
50710 0.015439
50720 0.000392
50730 0.030824
50740 -0.000104
50750 -0.001145
50760 0.000256
50770 -0.000426
50780 0.001064
50790 -0.000044
50800 0.003233
50810 0.000170
50820 0.000837
50830 -0.000470
50840 0.000919
50850 0.000684
50860 0.000371
50870 0.000552
50880 0.003791
50890 -0.000441
50900 -0.000344
50910 0.000471
50920 -0.001387
50930 0.002325
50940 0.000120
50950 0.000034
50960 0.000204
50970 0.000271
50980 0.000237
50990 -0.000275
51000 0.000037
51010 -0.000440
51020 0.000334
51030 0.000688
51040 0.008215
51050 0.001130
51060 0.000229
51070 0.000750
51080 0.006494
51090 -0.000898
51100 -0.000220
51110 0.000490
51120 0.002171
51130 0.000455
51140 0.000598
51150 0.004343
51160 0.000671
51170 0.000601
51180 0.000231
51190 0.000363
51200 0.000251
51210 0.001481
51220 0.000192
51230 0.000905
51240 0.000685
51250 0.001092
51260 -0.000372
51270 -0.000094
51280 0.000158
51290 0.001164
51300 -0.000023
51310 0.000601
51320 0.002037
51330 -0.000835
51340 0.004479
51350 0.001128
51360 0.000223
51370 -0.000210
51380 0.000137
51390 0.001430
51400 0.056354
51410 0.000679
51420 0.044020
51430 0.000817
51440 0.004239
51450 0.007507
51460 0.000053
51470 -0.000833
51480 -0.002014
51490 0.001024
51500 0.000006
51510 0.000802
51520 0.001238
51530 0.000377
51540 0.000257
51550 0.001576
51560 0.033376
51570 -0.000591
51580 0.000457
51590 0.004942
51600 -0.000288
51610 -0.000114
51620 0.000331
51630 0.001055
51640 0.000612
51650 0.000007
51660 0.005581
51670 0.000033
51680 -0.000606
51690 0.000198
51700 -0.000274
51710 -0.000488
51720 0.000158
51730 0.001472
51740 -0.000175
51750 -0.000014
51760 -0.000311
51770 -0.000262
51780 0.000450
51790 -0.001674
51800 0.000379
51810 0.000333
51820 -0.000231
51830 -0.000207
51840 0.000553
51850 0.000237
51860 0.001803
51870 0.019003
51880 0.001220
51890 -0.000562
51900 0.022737
51910 0.001420
51920 -0.000445
51930 0.000495
51940 0.000136
51950 -0.000382
51960 0.022139
51970 0.001227
51980 0.001646
51990 0.001750
52000 0.000527
52010 -0.000703
52020 0.016478
52030 0.000300
52040 0.000696
52050 -0.000736
52060 -0.000080
52070 -0.000162
52080 -0.000838
52090 -0.001138
52100 0.000510
52110 0.002000
52120 0.002512
52130 0.001468
52140 -0.000450
52150 0.000681
52160 0.000573
52170 0.003452
52180 -0.000855
52190 0.000773
52200 -0.000086
52210 0.000360
52220 0.001065
52230 0.010910
52240 0.000191
52250 0.000460
52260 0.000391
52270 0.000277
52280 0.014206
52290 -0.000387
52300 0.000427
52310 0.000192
52320 0.000546
52330 8.341803
52340 -0.001085
52350 0.003525
52360 -0.000864
52370 -0.000058
52380 -0.000183
52390 -0.000083
52400 -0.000503
52410 0.000286
52420 0.000828
52430 -0.000131
52440 -0.000481
52450 0.022474
52460 0.000307
52470 0.000367
52480 0.000068
52490 -0.000134
52500 -0.000022
52510 0.000780
52520 0.000583
52530 0.014735
52540 0.013092
52550 0.001102
52560 -0.000114
52570 -0.000388
52580 0.000462
52590 0.000152
52600 0.000266
52610 0.003768
52620 0.000488
52630 0.000792
52640 0.000025
52650 -0.000618
52660 -0.000192
52670 0.009635
52680 0.000275
52690 -0.000267
52700 0.000170
52710 0.000249
52720 0.000677
52730 -0.000199
52740 0.000475
52750 0.000263
52760 0.006288
52770 0.000277
52780 0.000870
52790 0.000007
52800 0.000568
52810 -0.000228
52820 0.000777
52830 -0.000740
52840 0.000030
52850 0.000087
52860 -0.000370
52870 0.000383
52880 0.000142
52890 0.000344
52900 -0.000075
52910 -0.000072
52920 -0.000107
52930 0.000426
52940 0.000688
52950 -0.000178
52960 0.002314
52970 0.000186
52980 0.000962
52990 0.000266
53000 0.000244
53010 0.000849
53020 0.000853
53030 0.001506
53040 0.000850
53050 0.000973
53060 0.001202
53070 -0.000304
53080 0.009499
53090 0.002885
53100 0.010582
53110 -0.000249
53120 -0.000865
53130 -0.000725
53140 -0.000740
53150 -0.000399
53160 0.001146
53170 0.000056
53180 0.001534
53190 0.000342
53200 -0.000425
53210 0.001175
53220 0.000076
53230 0.000423
53240 0.001090
53250 0.000826
53260 -0.000559
53270 0.000926
53280 0.000056
53290 0.000374
53300 0.016250
53310 0.000521
53320 0.000497
53330 0.000650
53340 0.014621
53350 0.000872
53360 0.001133
53370 0.000461
53380 0.001496
53390 0.021673
53400 0.000697
53410 0.000627
53420 0.000541
53430 -0.000672
53440 0.001493
53450 0.000567
53460 0.000708
53470 0.009416
53480 0.000032
53490 0.000335
53500 -0.000383
53510 0.033003
53520 -0.000594
53530 0.001053
53540 0.000983
53550 -0.000211
53560 0.013807
53570 0.020356
53580 0.000465
53590 -0.000081
53600 -0.000356
53610 -0.000440
53620 0.028111
53630 0.000516
53640 0.004840
53650 0.018710
53660 0.000126
53670 -0.000874
53680 -0.000901
53690 0.014708
53700 0.000797
53710 0.001085
53720 0.000721
53730 -0.000065
53740 0.000387
53750 0.000767
53760 -0.000885
53770 0.000400
53780 0.000298
53790 0.000314
53800 0.000357
53810 0.010094
53820 -0.000352
53830 -0.000251
53840 -0.000278
53850 -0.000428
53860 0.002050
53870 -0.001566
53880 0.000076
53890 -0.000177
53900 0.020246
53910 0.027012
53920 0.000946
53930 0.001021
53940 0.039441
53950 0.013496
53960 -0.000028
53970 0.000197
53980 -0.001546
53990 -0.000062
54000 0.001936
54010 0.030271
54020 0.001544
54030 0.000615
54040 0.000272
54050 0.000514
54060 0.000540
54070 0.010595
54080 -0.001002
54090 -0.000838
54100 -0.000176
54110 -0.000030
54120 -0.000805
54130 0.000522
54140 8.394640
54150 0.000778
54160 0.000750
54170 0.058451
54180 0.000686
54190 0.007480
54200 -0.000458
54210 0.000755
54220 -0.000207
54230 -0.000534
54240 0.004119
54250 0.000352
54260 0.000532
54270 0.000202
54280 0.001414
54290 0.000767
54300 -0.000034
54310 0.001736
54320 0.001305
54330 8.375757
54340 0.000691
54350 -0.000461
54360 0.000600
54370 0.000132
54380 0.000376
54390 0.059605
54400 0.020670
54410 -0.000556
54420 -0.000231
54430 0.000654
54440 0.000393
54450 0.000687
54460 -0.000264
54470 -0.000502
54480 -0.000935
54490 0.000400
54500 -0.000511
54510 -0.000645
54520 0.000669
54530 -0.000285
54540 -0.001218
54550 0.000190
54560 0.000130
54570 0.000803
54580 -0.000512
54590 0.000286
54600 0.040033
54610 0.000940
54620 0.001310
54630 0.000661
54640 0.000201
54650 0.000526
54660 -0.000473
54670 -0.000112
54680 -0.000105
54690 -0.000313
54700 0.000402
54710 0.000240
54720 -0.000292
54730 0.000893
54740 0.000655
54750 0.000161
54760 0.000770
54770 -0.000766
54780 0.001003
54790 0.001807
54800 -0.000157
54810 0.000798
54820 -0.000045
54830 -0.000165
54840 0.000764
54850 0.000645
54860 0.000285
54870 0.000730
54880 0.000594
54890 0.000215
54900 0.105524
54910 0.000577
54920 -0.000210
54930 -0.000506
54940 0.000618
54950 -0.000433
54960 -0.000122
54970 -0.000144
54980 -0.000950
54990 0.000175
55000 0.001950
55010 -0.000442
55020 0.000089
55030 0.002185
55040 0.000019
55050 0.000156
55060 0.002537
55070 0.000719
55080 0.000228
55090 0.163584
55100 0.000428
55110 0.000500
55120 -0.000185
55130 0.000212
55140 0.000135
55150 -0.000580
55160 0.000158
55170 0.009591
55180 -0.000532
55190 0.000324
55200 0.000260
55210 -0.000205
55220 0.002788
55230 0.000292
55240 -0.000119
55250 0.000018
55260 0.010352
55270 -0.000150
55280 -0.002404
55290 0.000866
55300 0.238041
55310 0.000180
55320 0.019721
55330 0.000203
55340 -0.000357
55350 0.001949
55360 0.015594
55370 0.001329
55380 -0.000418
55390 -0.000190
55400 0.000976
55410 0.000410
55420 -0.000425
55430 -0.000799
55440 -0.000074
55450 0.000524
55460 -0.000708
55470 -0.000089
55480 -0.000495
55490 0.000203
55500 0.000041
55510 -0.000349
55520 0.004449
55530 0.001525
55540 0.001010
55550 0.001449
55560 0.001625
55570 0.000962
55580 -0.000104
55590 0.000612
55600 -0.001842
55610 0.028971
55620 0.000893
55630 -0.000079
55640 -0.000338
55650 0.000085
55660 -0.000109
55670 0.000423
55680 0.014534
55690 0.002123
55700 0.000308
55710 -0.000427
55720 0.007918
55730 0.000500
55740 0.000923
55750 -0.000063
55760 0.000838
55770 -0.000201
55780 0.004793
55790 0.000002
55800 -0.000195
55810 0.023638
55820 0.000859
55830 0.000383
55840 0.000113
55850 -0.000456
55860 0.019093
55870 0.000647
55880 -0.000435
55890 -0.000632
55900 0.000507
55910 0.000086
55920 -0.000420
55930 -0.000318
55940 0.000491
55950 0.000795
55960 -0.000161
55970 -0.000392
55980 0.000126
55990 0.000047
56000 0.000565
56010 0.000889
56020 0.000810
56030 0.000207
56040 0.000580
56050 0.000136
56060 -0.000349
56070 0.000201
56080 0.006333
56090 0.000865
56100 -0.000786
56110 -0.001271
56120 -0.000786
56130 -0.000006
56140 -0.000496
56150 0.010350
56160 0.000373
56170 -0.000389
56180 8.383431
56190 0.005005
56200 0.004857
56210 -0.000960
56220 0.000332
56230 -0.000322
56240 0.000123
56250 -0.000453
56260 0.000597
56270 0.000630
56280 -0.000549
56290 0.001075
56300 0.000051
56310 0.001355
56320 0.000260
56330 0.023277
56340 0.000214
56350 0.004850
56360 0.001233
56370 0.002688
56380 0.005833
56390 0.000583
56400 0.000264
56410 8.343850
56420 0.001863
56430 0.002357
56440 0.000976
56450 0.000913
56460 0.004324
56470 -0.000198
56480 -0.000124
56490 0.001447
56500 -0.000773
56510 -0.000012
56520 0.000357
56530 0.001015
56540 0.001125
56550 -0.000261
56560 0.009070
56570 -0.000130
56580 -0.000748
56590 0.019972
56600 -0.000011
56610 0.000670
56620 0.000298
56630 0.334914
56640 0.000778
56650 0.000813
56660 0.000514
56670 0.000080
56680 0.000522
56690 -0.000098
56700 0.000548
56710 -0.000670
56720 0.000474
56730 0.000715
56740 0.001684
56750 0.022256
56760 0.005083
56770 0.000420
56780 0.001570
56790 0.000048
56800 -0.000481
56810 0.002262
56820 -0.000430
56830 0.034728
56840 0.001447
56850 -0.000542
56860 0.000508
56870 0.000444
56880 -0.000251
56890 -0.000281
56900 -0.000273
56910 -0.000585
56920 -0.000670
56930 0.003161
56940 0.001571
56950 0.001175
56960 0.035415
56970 0.001820
56980 0.000040
56990 0.000828
57000 0.000838
57010 0.000625
57020 0.000938
57030 0.000460
57040 0.000595
57050 0.000395
57060 0.000630
57070 -0.000552
57080 0.000670
57090 0.000228
57100 0.006368
57110 -0.000902
57120 0.002726
57130 0.000034
57140 -0.000761
57150 -0.000391
57160 0.000386
57170 0.001060
57180 0.001480
57190 -0.000227
57200 -0.000286
57210 8.361901
57220 0.000066
57230 0.000523
57240 8.350108
57250 -0.000267
57260 0.236256
57270 -0.000157
57280 0.001228
57290 0.036670
57300 0.000022
57310 0.000445
57320 0.000752
57330 -0.000459
57340 0.000397
57350 -0.000357
57360 0.000004
57370 -0.000167
57380 -0.000354
57390 8.326084
57400 0.000904
57410 0.000180
57420 0.000005
57430 0.089599
57440 0.000597
57450 -0.000608
57460 0.000274
57470 0.000173
57480 0.015670
57490 -0.000192
57500 -0.000315
57510 0.000168
57520 0.000804
57530 -0.000698
57540 -0.000437
57550 -0.000034
57560 0.000198
57570 -0.000084
57580 0.001257
57590 0.000595
57600 -0.000401
57610 0.005796
57620 0.000083
57630 0.001123
57640 0.000232
57650 -0.000546
57660 -0.000441
57670 -0.000755
57680 -0.000141
57690 0.001689
57700 0.001020
57710 0.000632
57720 0.000064
57730 0.000730
57740 -0.000644
57750 0.000157
57760 0.001316
57770 -0.000141
57780 -0.000019
57790 0.000348
57800 -0.000453
57810 -0.000057
57820 -0.000097
57830 -0.000024
57840 0.001023
57850 0.001011
57860 -0.001347
57870 0.000394
57880 -0.000159
57890 -0.000756
57900 -0.000267
57910 0.000362
57920 0.000928
57930 -0.000420
57940 0.000328
57950 0.000081
57960 0.018545
57970 0.000581
57980 0.012675
57990 0.000817
58000 0.001957
58010 0.000751
58020 0.001274
58030 -0.000250
58040 0.000781
58050 0.001632
58060 0.000107
58070 0.000988
58080 0.000522
58090 0.028332
58100 0.000342
58110 0.004171
58120 0.001191
58130 0.000065
58140 0.000181
58150 -0.000082
58160 0.000390
58170 0.000894
58180 0.000945
58190 -0.000614
58200 -0.000657
58210 0.000241
58220 0.000536
58230 0.000041
58240 -0.000106
58250 0.000607
58260 0.000095
58270 0.000508
58280 0.001116
58290 -0.000284
58300 0.003685
58310 -0.000214
58320 0.000586
58330 0.000420
58340 0.000880
58350 -0.000263
58360 0.009747
58370 0.000727
58380 -0.000664
58390 0.000732
58400 0.000186
58410 0.000563
58420 0.000235
58430 0.000339
58440 -0.000059
58450 0.018258
58460 0.000999
58470 0.000751
58480 -0.000386
58490 0.000288
58500 0.150076
58510 -0.000028
58520 0.000758
58530 0.000123
58540 0.000523
58550 0.000265
58560 0.001768
58570 -0.000025
58580 0.000679
58590 0.000085
58600 8.390093
58610 0.000099
58620 -0.000176
58630 0.000076
58640 0.001246
58650 0.001041
58660 -0.000229
58670 0.235057
58680 0.001324
58690 0.000787
58700 0.000106
58710 0.000259
58720 -0.000116
58730 0.000199
58740 -0.000464
58750 0.000034
58760 0.000563
58770 -0.001388
58780 -0.001014
58790 0.000277
58800 0.001467
58810 0.000511
58820 0.001773
58830 -0.000282
58840 0.000817
58850 0.000643
58860 0.000034
58870 0.000878
58880 -0.000418
58890 0.001071
58900 0.000490
58910 0.000922
58920 -0.000031
58930 0.000964
58940 0.000466
58950 0.001401
58960 -0.000965
58970 0.000561
58980 0.001376
58990 0.027045
59000 0.000459
59010 0.003520
59020 0.000841
59030 -0.000229
59040 0.015764
59050 0.030235
59060 0.000174
59070 0.000420
59080 0.000134
59090 -0.000177
59100 -0.000329
59110 0.000817
59120 0.001173
59130 0.012328
59140 0.016802
59150 0.000558
59160 0.000795
59170 0.007334
59180 0.000948
59190 0.000807
59200 0.000119
59210 0.000857
59220 0.000557
59230 0.000787
59240 0.000534
59250 -0.000434
59260 0.000629
59270 0.000599
59280 0.000918
59290 0.000536
59300 0.000570
59310 0.001031
59320 -0.000340
59330 0.000154
59340 -0.001143
59350 0.003580
59360 -0.000113
59370 0.000071
59380 0.060365
59390 -0.000599
59400 0.000674
59410 0.001151
59420 0.008222
59430 -0.001184
59440 0.013672
59450 0.000059
59460 -0.001467
59470 0.000431
59480 0.012592
59490 0.001199
59500 0.000706
59510 0.000349
59520 0.000645
59530 0.000210
59540 -0.000582
59550 0.019522
59560 -0.000489
59570 0.003735
59580 0.000498
59590 0.000246
59600 0.004764
59610 0.000266
59620 0.000811
59630 0.000364
59640 0.000093
59650 8.323874
59660 0.000649
59670 -0.000379
59680 0.000233
59690 0.003992
59700 0.000309
59710 0.000111
59720 0.002077
59730 -0.000329
59740 0.001093
59750 0.000558
59760 0.001942
59770 0.024557
59780 -0.002336
59790 0.010712
59800 0.002351
59810 0.001002
59820 0.000338
59830 0.001074
59840 -0.000092
59850 -0.000167
59860 0.000833
59870 0.000442
59880 0.000306
59890 0.000164
59900 0.000370
59910 0.000134
59920 0.001462
59930 0.000383
59940 0.000208
59950 0.001830
59960 0.000099
59970 0.000656
59980 0.000212
59990 0.000493
60000 -0.000477
60010 -0.000426
60020 0.001596
60030 0.000348
60040 -0.000359
60050 8.253496
60060 0.000004
60070 0.000477
60080 -0.000541
60090 0.000423
60100 0.001459
60110 0.000560
60120 0.001139
60130 0.000331
60140 0.000127
60150 -0.000384
60160 0.001413
60170 0.002043
60180 0.000492
60190 0.000484
60200 -0.000226
60210 0.001230
60220 0.000403
60230 0.000241
60240 0.000569
60250 0.000167
60260 0.000384
60270 -0.000397
60280 0.000066
60290 0.000067
60300 0.000044
60310 0.000467
60320 -0.000209
60330 0.000819
60340 0.008383
60350 0.000908
60360 -0.000523
60370 -0.000047
60380 -0.001063
60390 -0.000629
60400 0.000507
60410 -0.000581
60420 -0.000462
60430 0.000398
60440 0.000540
60450 -0.000984
60460 0.000883
60470 -0.000248
60480 0.000734
60490 -0.001257
60500 0.000621
60510 0.001097
60520 0.000985
60530 -0.000383
60540 0.000333
60550 -0.000336
60560 -0.000230
60570 0.000429
60580 -0.000616
60590 -0.000010
60600 0.000175
60610 0.000459
60620 0.001282
60630 -0.000043
60640 -0.000282
60650 -0.000072
60660 -0.000338
60670 8.231214
60680 0.020582
60690 0.001464
60700 0.000119
60710 -0.000414
60720 0.001754
60730 0.000920
60740 -0.000141
60750 0.000694
60760 -0.000272
60770 0.048588
60780 -0.000132
60790 0.000299
60800 -0.000045
60810 0.000682
60820 -0.000458
60830 0.000462
60840 -0.000000
60850 -0.001619
60860 0.000761
60870 0.000451
60880 0.000601
60890 0.001002
60900 -0.000598
60910 0.000423
60920 -0.000826
60930 0.000655
60940 -0.001561
60950 -0.000971
60960 0.001191
60970 0.061912
60980 0.001234
60990 0.000317
61000 0.000005
61010 0.001259
61020 0.000343
61030 0.013469
61040 0.014352
61050 0.001012
61060 0.000307
61070 -0.000154
61080 0.000415
61090 -0.000156
61100 0.000292
61110 0.000040
61120 0.000379
61130 -0.000134
61140 -0.000033
61150 0.000012
61160 0.000650
61170 0.000019
61180 0.000344
61190 0.000951
61200 0.000245
61210 -0.000106
61220 -0.000053
61230 0.000249
61240 0.650151
61250 0.001394
61260 0.000082
61270 0.000627
61280 0.000264
61290 0.000779
61300 0.000641
61310 0.000676
61320 0.000139
61330 -0.000202
61340 -0.000003
61350 0.000075
61360 0.283991
61370 0.001312
61380 0.010977
61390 -0.000632
61400 -0.000071
61410 0.000386
61420 0.000323
61430 -0.000064
61440 -0.000058
61450 0.000561
61460 0.001068
61470 0.000998
61480 0.000668
61490 0.005199
61500 0.004431
61510 0.001980
61520 0.000061
61530 0.000118
61540 -0.001015
61550 0.060617
61560 0.000834
61570 -0.000418
61580 -0.000817
61590 -0.000927
61600 -0.000255
61610 0.000147
61620 0.000101
61630 0.011796
61640 0.000319
61650 -0.000598
61660 0.000729
61670 -0.000224
61680 -0.000933
61690 0.000278
61700 -0.000041
61710 -0.000787
61720 0.001148
61730 0.000545
61740 0.000262
61750 -0.000518
61760 0.000134
61770 0.000891
61780 0.001023
61790 0.000268
61800 0.000420
61810 0.007472
61820 0.003343
61830 0.004183
61840 0.000175
61850 0.011500
61860 0.000438
61870 -0.000077
61880 0.000796
61890 0.000566
61900 -0.000026
61910 -0.000324
61920 -0.000544
61930 0.000287
61940 0.001658
61950 -0.000359
61960 0.000801
61970 0.000292
61980 0.001361
61990 0.018843
62000 0.000655
62010 0.000895
62020 0.000378
62030 -0.000340
62040 0.000208
62050 0.000501
62060 -0.000114
62070 0.001002
62080 0.000838
62090 0.001571
62100 0.000884
62110 -0.001169
62120 -0.001006
62130 0.000349
62140 0.000007
62150 -0.000345
62160 0.000997
62170 0.257101
62180 -0.000112
62190 0.000874
62200 0.024437
62210 -0.000114
62220 0.000081
62230 0.002401
62240 0.016485
62250 0.000673
62260 0.002797
62270 0.000196
62280 0.001002
62290 0.001106
62300 0.000864
62310 0.000932
62320 -0.000523
62330 -0.000029
62340 0.000009
62350 0.000876
62360 0.000447
62370 0.000247
62380 0.000506
62390 0.000892
62400 0.000911
62410 0.000094
62420 0.000142
62430 -0.000762
62440 -0.000292
62450 0.000327
62460 0.001501
62470 0.001365
62480 -0.000502
62490 -0.000581
62500 -0.000456
62510 -0.000430
62520 0.000966
62530 0.000692
62540 0.000725
62550 0.000817
62560 0.000552
62570 -0.000124
62580 0.000716
62590 0.000752
62600 0.000599
62610 0.000661
62620 -0.000004
62630 0.000693
62640 0.000248
62650 0.000330
62660 0.000453
62670 -0.000295
62680 0.188909
62690 0.003652
62700 -0.000949
62710 0.000545
62720 0.001308
62730 0.000905
62740 0.001737
62750 0.000205
62760 0.000878
62770 0.003234
62780 -0.000039
62790 -0.000579
62800 0.012976
62810 0.000562
62820 -0.000214
62830 0.000786
62840 0.000262
62850 0.001222
62860 0.000575
62870 -0.000759
62880 -0.000762
62890 0.022610
62900 0.000570
62910 0.002138
62920 0.001290
62930 0.000613
62940 -0.000586
62950 0.000284
62960 0.000096
62970 -0.000035
62980 -0.000895
62990 0.009632
63000 0.006409
63010 -0.000286
63020 -0.000088
63030 -0.000307
63040 0.014715
63050 -0.000612
63060 -0.000304
63070 -0.000403
63080 -0.000064
63090 -0.000900
63100 -0.000809
63110 -0.000464
63120 0.000640
63130 0.006961
63140 0.000589
63150 0.000030
63160 -0.000118
63170 0.000739
63180 0.001174
63190 -0.000211
63200 0.000267
63210 0.000884
63220 0.000934
63230 0.000064
63240 0.000843
63250 0.000644
63260 0.000242
63270 0.000734
63280 0.000433
63290 -0.000255
63300 0.000509
63310 0.002026
63320 0.000483
63330 0.000255
63340 -0.000382
63350 0.000464
63360 0.030877
63370 -0.000221
63380 0.000104
63390 0.000537
63400 0.000892
63410 -0.000042
63420 0.003501
63430 -0.000814
63440 0.000489
63450 0.000852
63460 0.003809
63470 0.002622
63480 0.004959
63490 0.000357
63500 0.001058
63510 0.000758
63520 0.003253
63530 0.001261
63540 0.001099
63550 0.004115
63560 0.000177
63570 -0.000638
63580 0.000145
63590 0.000314
63600 0.000837
63610 0.026077
63620 0.000002
63630 -0.000495
63640 0.000635
63650 0.000677
63660 -0.000188
63670 0.014005
63680 -0.000324
63690 0.001216
63700 0.000614
63710 0.000660
63720 0.000600
63730 -0.000607
63740 -0.000114
63750 -0.000210
63760 -0.000429
63770 -0.000101
63780 0.000754
63790 0.000314
63800 -0.000200
63810 0.011718
63820 0.000377
63830 0.000335
63840 -0.000070
63850 0.000493
63860 0.000791
63870 0.029561
63880 -0.000690
63890 0.000017
63900 0.000709
63910 0.000801
63920 0.000401
63930 0.000555
63940 0.000244
63950 0.001050
63960 0.000217
63970 0.000199
63980 0.000383
63990 0.001460
64000 -0.000826
64010 0.000383
64020 0.002357
64030 -0.000168
64040 -0.001044
64050 0.001292
64060 0.000274
64070 -0.000243
64080 0.000800
64090 0.003711
64100 0.000357
64110 0.000397
64120 0.000355
64130 0.000079
64140 0.000000
64150 0.000255
64160 -0.000013
64170 0.000412
64180 0.000151
64190 0.000771
64200 0.002558
64210 0.000400
64220 0.000414
64230 0.000308
64240 0.000289
64250 -0.000289
64260 -0.000105
64270 0.001374
64280 -0.000380
64290 0.000288
64300 -0.000239
64310 0.000098
64320 -0.000637
64330 0.000878
64340 0.000520
64350 0.003224
64360 0.000561
64370 0.000605
64380 0.001062
64390 0.000466
64400 0.005398
64410 -0.000582
64420 0.000276
64430 0.005873
64440 0.001192
64450 0.023343
64460 0.012987
64470 0.002659
64480 0.009170
64490 0.000180
64500 -0.000328
64510 0.000394
64520 0.000162
64530 -0.000184
64540 -0.000486
64550 0.000855
64560 -0.000634
64570 0.001368
64580 -0.000279
64590 0.002037
64600 -0.000120
64610 0.000516
64620 -0.000076
64630 -0.000886
64640 0.001477
64650 0.000223
64660 0.010420
64670 0.000204
64680 0.000696
64690 -0.001231
64700 0.001107
64710 0.001221
64720 -0.000553
64730 0.000071
64740 0.000237
64750 0.000149
64760 -0.000372
64770 0.013652
64780 -0.000131
64790 0.000145
64800 0.000420
64810 -0.000873
64820 0.000041
64830 0.000258
64840 0.000659
64850 0.000573
64860 0.001149
64870 0.000385
64880 0.000555
64890 0.001844
64900 0.000418
64910 0.000148
64920 0.000540
64930 -0.000375
64940 0.000396
64950 0.000529
64960 0.000671
64970 0.001012
64980 0.001101
64990 0.000404
65000 -0.000960
65010 0.018723
65020 0.000668
65030 0.000165
65040 -0.000247
65050 -0.000054
65060 0.000371
65070 -0.000004
65080 -0.000736
65090 0.000190
65100 0.001446
65110 0.069159
65120 0.001170
65130 0.000514
65140 0.001026
65150 0.000078
65160 0.000595
65170 0.000273
65180 -0.000085
65190 -0.000023
65200 -0.000331
65210 0.000563
65220 -0.000672
65230 0.000062
65240 -0.000312
65250 0.000874
65260 0.000010
65270 0.010595
65280 0.000837
65290 0.000459
65300 0.018829
65310 0.003709
65320 -0.000371
65330 0.000756
65340 0.000829
65350 0.000900
65360 8.230261
65370 0.005458
65380 -0.000442
65390 0.000252
65400 -0.000748
65410 0.000332
65420 0.034738
65430 -0.000267
65440 -0.001400
65450 0.013849
65460 -0.000220
65470 -0.000191
65480 0.000053
65490 0.000081
65500 0.000120
65510 -0.001579
65520 0.000495
65530 -0.000649
65540 -0.000731
65550 -0.000046
65560 0.001035
65570 0.000619
65580 0.000137
65590 0.000823
65600 0.000080
65610 0.000495
65620 0.000554
65630 -0.000322
65640 0.000642
65650 -0.000499
65660 0.000096
65670 0.000934
65680 0.000210
65690 0.002864
65700 0.000483
65710 0.001792
65720 -0.000754
65730 0.000049
65740 0.000193
65750 -0.000360
65760 0.000025
65770 0.000227
65780 0.000909
65790 0.000418
65800 0.001264
65810 0.001052
65820 -0.000004
65830 0.001842
65840 0.000457
65850 0.001133
65860 0.001188
65870 -0.000003
65880 8.217637
65890 -0.000331
65900 0.002051
65910 -0.000025
65920 -0.000509
65930 -0.000586
65940 -0.000241
65950 0.001010
65960 0.000256
65970 0.001170
65980 0.001050
65990 0.000143
66000 -0.000100
66010 -0.000204
66020 0.002015
66030 -0.000090
66040 -0.001197
66050 0.001474
66060 0.000473
66070 0.000587
66080 -0.000645
66090 -0.000727
66100 0.001597
66110 -0.000230
66120 -0.000372
66130 0.000185
66140 -0.000134
66150 0.000272
66160 0.001208
66170 0.000578
66180 0.000534
66190 0.000363
66200 -0.000284
66210 0.001557
66220 0.001783
66230 0.000456
66240 -0.000076
66250 0.000679
66260 0.000963
66270 0.000256
66280 8.284167
66290 0.000269
66300 -0.000103
66310 0.000467
66320 0.000350
66330 0.001405
66340 -0.000876
66350 0.000399
66360 -0.000069
66370 0.000350
66380 -0.000449
66390 0.001276
66400 -0.000174
66410 0.001565
66420 -0.000665
66430 0.000243
66440 -0.000427
66450 0.000093
66460 0.000410
66470 -0.001273
66480 0.002854
66490 0.000275
66500 -0.000062
66510 -0.000567
66520 0.033876
66530 0.000890
66540 0.042143
66550 0.000494
66560 0.000132
66570 0.000179
66580 0.000756
66590 0.000915
66600 0.000991
66610 0.000207
66620 0.000109
66630 0.001292
66640 0.044281
66650 0.000868
66660 0.002406
66670 -0.000344
66680 0.000489
66690 0.000156
66700 0.000675
66710 -0.000046
66720 -0.000066
66730 0.000502
66740 0.001396
66750 -0.000262
66760 0.004029
66770 0.000100
66780 0.000017
66790 0.000555
66800 -0.000621
66810 0.005076
66820 0.000592
66830 0.000292
66840 0.001270
66850 -0.000445
66860 0.000692
66870 -0.000620
66880 0.000200
66890 0.000509
66900 0.000744
66910 0.001203
66920 0.000689
66930 0.000869
66940 0.002206
66950 -0.000601
66960 -0.000934
66970 0.000791
66980 -0.000620
66990 0.000995
67000 -0.000214
67010 0.001286
67020 0.009151
67030 -0.000644
67040 0.000259
67050 0.000014
67060 0.022427
67070 0.000020
67080 -0.000623
67090 0.000734
67100 0.002150
67110 0.000361
67120 0.000028
67130 0.000808
67140 0.000489
67150 0.001446
67160 -0.000612
67170 -0.000379
67180 0.000192
67190 -0.000412
67200 -0.000671
67210 0.000605
67220 0.000251
67230 0.000170
67240 0.000541
67250 0.001174
67260 0.001221
67270 -0.000345
67280 0.010738
67290 0.000264
67300 -0.000641
67310 -0.000395
67320 0.000436
67330 -0.000033
67340 -0.000738
67350 0.002012
67360 -0.000850
67370 0.000167
67380 -0.000509
67390 0.000486
67400 0.000195
67410 0.000817
67420 -0.000528
67430 0.000760
67440 0.000307
67450 0.000456
67460 0.021892
67470 0.002444
67480 0.000321
67490 -0.000585
67500 0.000874
67510 0.000764
67520 0.002297
67530 -0.000072
67540 0.000410
67550 0.001440
67560 0.001600
67570 -0.000437
67580 -0.000540
67590 -0.000501
67600 -0.000300
67610 0.000784
67620 -0.000073
67630 0.000324
67640 0.000757
67650 -0.000113
67660 0.000173
67670 0.000196
67680 -0.000575
67690 -0.000356
67700 -0.001125
67710 0.000533
67720 0.000991
67730 0.000274
67740 0.000368
67750 -0.000027
67760 0.000071
67770 -0.000093
67780 -0.000246
67790 -0.000046
67800 -0.000680
67810 0.012948
67820 -0.000491
67830 0.000678
67840 0.000468
67850 -0.000071
67860 -0.000447
67870 0.000356
67880 0.000124
67890 0.000183
67900 0.000256
67910 -0.000013
67920 -0.000815
67930 0.001394
67940 0.000547
67950 -0.000153
67960 0.000509
67970 0.000471
67980 0.000029
67990 0.001075
68000 0.001982
68010 0.000778
68020 -0.000867
68030 0.000597
68040 0.000095
68050 0.000273
68060 0.000169
68070 0.000008
68080 0.001349
68090 -0.000887
68100 0.000503
68110 0.000228
68120 0.000106
68130 0.000211
68140 0.000346
68150 0.001126
68160 0.000301
68170 0.000007
68180 0.000614
68190 -0.000956
68200 -0.001033
68210 0.001146
68220 0.051740
68230 -0.000545
68240 -0.000217
68250 0.000489
68260 0.001128
68270 0.000516
68280 0.001362
68290 0.000249
68300 0.000514
68310 0.001049
68320 0.000541
68330 0.021654
68340 -0.000187
68350 0.000169
68360 -0.000344
68370 0.000349
68380 0.000017
68390 0.000111
68400 0.000627
68410 0.013711
68420 0.000062
68430 0.000796
68440 0.000483
68450 0.000678
68460 0.000710
68470 -0.001023
68480 0.000187
68490 0.040917
68500 0.000364
68510 8.140506
68520 0.000222
68530 0.002013
68540 0.002898
68550 0.000345
68560 0.000571
68570 -0.000666
68580 0.000522
68590 0.000272
68600 0.000039
68610 0.000126
68620 -0.001455
68630 0.000068
68640 0.000071
68650 -0.000772
68660 0.000402
68670 0.000550
68680 -0.000241
68690 0.000464
68700 0.102381
68710 0.000485
68720 0.001011
68730 0.000986
68740 -0.000090
68750 -0.000114
68760 0.000309
68770 0.000350
68780 0.000645
68790 -0.000705
68800 0.000958
68810 0.001420
68820 0.000117
68830 -0.000527
68840 -0.000005
68850 0.000975
68860 -0.000365
68870 0.000478
68880 -0.000430
68890 0.000309
68900 0.001103
68910 0.000266
68920 0.000486
68930 0.000385
68940 -0.000887
68950 -0.000043
68960 -0.000329
68970 0.000263
68980 0.000424
68990 0.000241
69000 -0.000422
69010 0.000205
69020 0.008534
69030 0.000040
69040 0.000477
69050 0.024577
69060 0.000687
69070 0.000021
69080 0.000134
69090 -0.000429
69100 0.001299
69110 0.000484
69120 -0.000673
69130 -0.000112
69140 -0.000749
69150 0.000181
69160 -0.000108
69170 -0.000416
69180 -0.000202
69190 -0.000727
69200 0.000313
69210 0.000031
69220 0.000698
69230 0.000714
69240 0.000535
69250 0.000158
69260 0.000423
69270 -0.000533
69280 0.001505
69290 -0.000554
69300 0.000191
69310 0.000033
69320 0.001017
69330 0.001353
69340 0.006050
69350 0.000429
69360 0.000153
69370 0.000123
69380 0.000598
69390 0.000583
69400 0.000789
69410 0.000047
69420 0.000165
69430 0.000288
69440 0.000492
69450 0.003268
69460 0.000365
69470 0.121869
69480 0.000307
69490 -0.000611
69500 0.000414
69510 0.000368
69520 -0.000112
69530 0.000433
69540 0.000011
69550 0.000563
69560 0.000630
69570 0.001308
69580 0.000402
69590 0.001007
69600 0.001328
69610 0.000422
69620 0.001432
69630 0.000385
69640 0.000024
69650 0.002152
69660 -0.000075
69670 -0.000029
69680 0.023819
69690 -0.000845
69700 0.000118
69710 0.000028
69720 -0.000561
69730 -0.000465
69740 -0.000014
69750 0.000832
69760 0.019235
69770 -0.000295
69780 -0.000364
69790 0.000629
69800 0.000242
69810 -0.000801
69820 -0.000062
69830 0.000593
69840 -0.000099
69850 -0.000430
69860 0.001681
69870 0.001660
69880 -0.000404
69890 -0.000085
69900 0.002249
69910 0.000138
69920 0.001103
69930 0.000597
69940 0.000032
69950 0.000789
69960 0.002221
69970 -0.000209
69980 0.017337
69990 0.020688
70000 0.000739
70010 0.000339
70020 0.000342
70030 0.009269
70040 -0.000038
70050 -0.000341
70060 0.002990
70070 0.000853
70080 0.000939
70090 -0.000216
70100 0.035760
70110 0.000185
70120 -0.000394
70130 0.000712
70140 -0.000048
70150 0.002072
70160 -0.000469
70170 0.000408
70180 0.000294
70190 0.000816
70200 -0.000379
70210 -0.000077
70220 0.000348
70230 0.000190
70240 -0.000160
70250 0.000617
70260 -0.000355
70270 -0.000471
70280 0.000653
70290 0.005251
70300 0.000403
70310 0.003317
70320 -0.000273
70330 -0.000163
70340 8.244333
70350 -0.000318
70360 -0.000880
70370 -0.000041
70380 -0.000075
70390 0.002099
70400 0.000855
70410 0.000995
70420 -0.000373
70430 0.000285
70440 -0.000253
70450 0.001021
70460 0.000101
70470 0.000050
70480 0.009496
70490 -0.000300
70500 -0.001131
70510 -0.000150
70520 0.000318
70530 -0.000241
70540 0.000543
70550 0.000125
70560 0.000474
70570 -0.000111
70580 0.000641
70590 0.000476
70600 0.001185
70610 0.000872
70620 0.000477
70630 0.000280
70640 0.000409
70650 0.000362
70660 -0.000374
70670 0.000512
70680 0.000555
70690 -0.000086
70700 0.000957
70710 0.000791
70720 -0.000687
70730 -0.000391
70740 0.000158
70750 0.036615
70760 0.000006
70770 0.000083
70780 -0.000590
70790 0.000600
70800 -0.000454
70810 -0.000412
70820 0.000338
70830 0.000052
70840 0.000523
70850 0.000505
70860 0.000191
70870 -0.000444
70880 -0.000456
70890 -0.000018
70900 0.000052
70910 0.000039
70920 -0.000744
70930 0.000526
70940 -0.000619
70950 0.000255
70960 0.006578
70970 -0.000570
70980 0.008290
70990 0.002105
71000 -0.000187
71010 0.000475
71020 0.000489
71030 -0.000407
71040 0.000159
71050 0.000333
71060 -0.000307
71070 0.000758
71080 0.000699
71090 -0.000100
71100 0.000097
71110 0.001308
71120 0.000033
71130 -0.000425
71140 0.001022
71150 -0.000216
71160 0.001120
71170 -0.000422
71180 -0.000624
71190 0.000806
71200 -0.000808
71210 -0.000220
71220 0.000225
71230 0.000272
71240 0.002760
71250 0.001009
71260 0.008466
71270 0.000321
71280 0.000119
71290 0.000015
71300 -0.000613
71310 -0.000724
71320 -0.000105
71330 0.000245
71340 -0.000825
71350 -0.000341
71360 0.001310
71370 -0.000353
71380 -0.000446
71390 0.009998
71400 -0.000199
71410 -0.000032
71420 -0.000135
71430 0.001419
71440 0.000020
71450 0.000441
71460 0.000056
71470 0.000158
71480 0.000109
71490 -0.000081
71500 0.000859
71510 0.000182
71520 8.204556
71530 -0.000353
71540 -0.000879
71550 -0.001287
71560 -0.000226
71570 0.000868
71580 0.001244
71590 0.005390
71600 -0.000118
71610 0.000233
71620 -0.000206
71630 -0.000086
71640 -0.000650
71650 0.000835
71660 0.001075
71670 -0.000676
71680 -0.000159
71690 0.000447
71700 0.000736
71710 0.000315
71720 0.000418
71730 0.000028
71740 0.000777
71750 0.000116
71760 -0.000070
71770 -0.000630
71780 0.000734
71790 -0.000191
71800 0.000291
71810 -0.000067
71820 0.000422
71830 0.000625
71840 0.000776
71850 -0.000125
71860 0.000223
71870 -0.000020
71880 0.000643
71890 -0.000103
71900 0.001328
71910 0.000593
71920 0.000538
71930 0.000633
71940 -0.000142
71950 0.003569
71960 0.000735
71970 0.000276
71980 0.000579
71990 0.000780
72000 0.000679
72010 0.000746
72020 0.000330
72030 0.000450
72040 -0.000566
72050 0.000397
72060 -0.000013
72070 0.027958
72080 -0.000047
72090 0.000348
72100 0.000165
72110 -0.000262
72120 -0.000568
72130 0.000403
72140 0.004256
72150 0.001550
72160 -0.000285
72170 0.017211
72180 0.297128
72190 -0.000707
72200 0.001399
72210 0.000333
72220 0.000862
72230 0.000156
72240 -0.000138
72250 -0.000028
72260 0.002835
72270 -0.000826
72280 0.000517
72290 -0.000596
72300 0.000848
72310 0.000236
72320 0.000035
72330 -0.001761
72340 -0.000219
72350 -0.000646
72360 0.000141
72370 0.028828
72380 0.000520
72390 0.000222
72400 0.000082
72410 0.000127
72420 0.000942
72430 0.000023
72440 -0.000483
72450 -0.000201
72460 0.000612
72470 -0.001271
72480 0.000769
72490 -0.000815
72500 -0.000199
72510 -0.000402
72520 -0.001365
72530 0.001285
72540 0.000558
72550 0.000039
72560 0.000049
72570 -0.000065
72580 -0.000130
72590 0.000292
72600 0.000466
72610 0.000417
72620 0.000177
72630 0.000168
72640 0.000350
72650 -0.000564
72660 -0.000520
72670 0.000547
72680 0.000411
72690 0.022984
72700 0.000427
72710 0.000304
72720 0.000477
72730 0.000587
72740 0.000786
72750 -0.000140
72760 0.008122
72770 0.000521
72780 0.000039
72790 0.000710
72800 -0.000125
72810 -0.000497
72820 -0.000291
72830 -0.000355
72840 0.000943
72850 -0.000379
72860 -0.000627
72870 -0.000046
72880 -0.000645
72890 -0.000071
72900 0.001473
72910 -0.000672
72920 0.000115
72930 0.000020
72940 0.000840
72950 0.000019
72960 0.034836
72970 0.002024
72980 0.000182
72990 0.000216
73000 0.001229
73010 -0.000777
73020 0.002519
73030 0.001996
73040 -0.000548
73050 0.008751
73060 0.000053
73070 -0.000032
73080 -0.000240
73090 0.000287
73100 0.000694
73110 -0.000465
73120 0.000517
73130 -0.000168
73140 -0.000194
73150 0.000813
73160 0.000086
73170 -0.000344
73180 0.001398
73190 -0.000125
73200 0.000179
73210 -0.000518
73220 -0.000245
73230 0.000528
73240 0.000255
73250 0.000487
73260 0.000369
73270 0.000843
73280 -0.000072
73290 0.001850
73300 -0.000623
73310 0.000052
73320 0.000762
73330 -0.000497
73340 0.000182
73350 0.000350
73360 0.001148
73370 0.001824
73380 0.000100
73390 0.000623
73400 0.000835
73410 0.001597
73420 -0.000665
73430 0.000273
73440 -0.000440
73450 0.001694
73460 -0.000070
73470 -0.000026
73480 -0.000157
73490 0.000181
73500 0.000434
73510 -0.000301
73520 -0.000524
73530 0.000267
73540 -0.000262
73550 0.001414
73560 0.000278
73570 0.000856
73580 0.000058
73590 0.000631
73600 0.007926
73610 0.001105
73620 -0.000079
73630 0.000935
73640 -0.000273
73650 0.000328
73660 -0.000789
73670 0.000693
73680 0.047235
73690 0.000734
73700 -0.000220
73710 -0.000207
73720 0.000603
73730 0.001241
73740 0.000122
73750 0.000341
73760 0.000057
73770 0.000131
73780 0.000574
73790 -0.000909
73800 0.000011
73810 -0.000211
73820 0.001191
73830 0.000118
73840 -0.000517
73850 -0.000251
73860 0.000344
73870 0.000686
73880 0.001261
73890 0.000800
73900 -0.000565
73910 -0.000091
73920 0.014211
73930 -0.000182
73940 0.000828
73950 0.000058
73960 0.000214
73970 0.000896
73980 -0.000076
73990 0.000625
74000 -0.000091
74010 0.016232
74020 0.000109
74030 0.000863
74040 0.000135
74050 0.000115
74060 -0.001331
74070 0.001166
74080 0.000603
74090 0.001061
74100 -0.001023
74110 0.000504
74120 0.000149
74130 0.001025
74140 0.000436
74150 -0.000396
74160 0.000725
74170 0.024229
74180 0.000173
74190 -0.000132
74200 -0.000297
74210 0.000695
74220 -0.000121
74230 0.000753
74240 0.000409
74250 0.000175
74260 0.000515
74270 0.002142
74280 0.000651
74290 0.035262
74300 0.001130
74310 0.007219
74320 -0.000278
74330 0.000020
74340 -0.000207
74350 0.000721
74360 0.000608
74370 0.000646
74380 -0.000190
74390 -0.000048
74400 0.013162
74410 0.002812
74420 0.000311
74430 0.000049
74440 0.000095
74450 -0.000270
74460 -0.000760
74470 0.000550
74480 0.000478
74490 -0.000588
74500 0.001186
74510 0.000354
74520 -0.000216
74530 -0.000407
74540 0.000341
74550 -0.000520
74560 0.000813
74570 -0.000011
74580 0.000018
74590 0.000325
74600 0.000043
74610 -0.000555
74620 0.000182
74630 0.000544
74640 0.000380
74650 0.000046
74660 0.000202
74670 0.000220
74680 -0.000372
74690 0.001629
74700 -0.000028
74710 0.000170
74720 -0.000152
74730 -0.000187
74740 0.000135
74750 -0.000060
74760 0.000084
74770 -0.000064
74780 0.005986
74790 0.001253
74800 0.000282
74810 -0.000145
74820 -0.000047
74830 -0.000088
74840 -0.000062
74850 0.000668
74860 0.000650
74870 0.000997
74880 0.000122
74890 0.000006
74900 0.000855
74910 -0.000272
74920 0.000066
74930 -0.000470
74940 -0.001043
74950 0.000517
74960 0.000100
74970 0.000047
74980 -0.000277
74990 0.000462
75000 0.000167
75010 0.000860
75020 0.003082
75030 0.005844
75040 0.000865
75050 -0.000527
75060 0.006091
75070 -0.000976
75080 0.000491
75090 -0.000099
75100 0.001054
75110 0.000280
75120 0.015359
75130 0.000334
75140 -0.000293
75150 0.000594
75160 0.002339
75170 0.000191
75180 0.000190
75190 0.000109
75200 0.000007
75210 0.000503
75220 -0.000022
75230 0.000218
75240 0.500147
75250 0.000449
75260 0.000105
75270 -0.000655
75280 -0.000792
75290 0.000655
75300 0.000993
75310 0.000179
75320 0.000003
75330 0.001464
75340 0.000755
75350 0.000924
75360 0.000598
75370 0.000197
75380 -0.000533
75390 -0.000175
75400 0.000502
75410 0.000850
75420 0.000219
75430 0.000150
75440 -0.000772
75450 0.000086
75460 0.000976
75470 0.003424
75480 0.000448
75490 -0.000667
75500 -0.000017
75510 0.000183
75520 0.000934
75530 0.001275
75540 -0.000113
75550 0.000534
75560 -0.000312
75570 0.000281
75580 0.000510
75590 0.000666
75600 0.001192
75610 -0.000082
75620 0.000241
75630 0.000895
75640 0.000360
75650 -0.000261
75660 0.006132
75670 -0.000019
75680 -0.000787
75690 -0.000269
75700 0.001736
75710 0.000560
75720 -0.000754
75730 0.000157
75740 0.000528
75750 0.001220
75760 0.001226
75770 -0.000617
75780 0.001559
75790 0.000584
75800 0.000511
75810 -0.000273
75820 0.001109
75830 0.000821
75840 0.000700
75850 -0.000198
75860 0.000500
75870 0.000466
75880 0.000176
75890 -0.000493
75900 0.000523
75910 0.000573
75920 -0.000024
75930 0.000684
75940 0.000707
75950 0.000600
75960 -0.000430
75970 0.000003
75980 -0.000366
75990 -0.000017
76000 0.000096
76010 0.000563
76020 -0.000173
76030 -0.000561
76040 -0.000296
76050 0.000644
76060 -0.000017
76070 -0.000511
76080 0.000686
76090 -0.000269
76100 0.000758
76110 0.000251
76120 -0.000474
76130 0.002076
76140 -0.000240
76150 -0.000554
76160 0.000614
76170 -0.001011
76180 -0.000007
76190 -0.000021
76200 -0.000595
76210 -0.000745
76220 0.000838
76230 0.000007
76240 0.000749
76250 0.000207
76260 0.000318
76270 0.000615
76280 0.000020
76290 -0.000789
76300 0.001279
76310 0.001046
76320 0.001722
76330 -0.000174
76340 -0.000257
76350 -0.000173
76360 0.000120
76370 -0.000081
76380 0.000725
76390 0.000750
76400 0.001957
76410 -0.000285
76420 0.001708
76430 -0.000676
76440 -0.000388
76450 -0.000065
76460 0.000142
76470 0.000190
76480 0.026395
76490 -0.000397
76500 -0.000805
76510 0.000192
76520 -0.000037
76530 -0.000254
76540 -0.001093
76550 0.008376
76560 0.000288
76570 -0.000064
76580 -0.000423
76590 0.000075
76600 0.001030
76610 -0.000107
76620 0.000772
76630 -0.000303
76640 -0.000151
76650 0.000065
76660 -0.000189
76670 0.000557
76680 0.000291
76690 0.000105
76700 0.000375
76710 -0.000736
76720 0.000505
76730 -0.000221
76740 0.000949
76750 0.008566
76760 0.000528
76770 0.000256
76780 -0.000361
76790 0.004907
76800 -0.000210
76810 -0.000829
76820 0.000639
76830 0.000248
76840 0.000832
76850 0.000183
76860 0.000609
76870 -0.000197
76880 0.001683
76890 0.000288
76900 0.003838
76910 0.000532
76920 0.010480
76930 0.016925
76940 -0.000464
76950 0.000521
76960 0.008983
76970 0.002808
76980 0.000289
76990 0.001468
77000 0.000622
77010 -0.000158
77020 0.000584
77030 0.000322
77040 -0.000679
77050 0.000405
77060 0.003951
77070 -0.000509
77080 0.000588
77090 -0.000270
77100 0.000980
77110 0.000173
77120 -0.000194
77130 0.000874
77140 -0.000277
77150 0.000428
77160 0.001561
77170 0.022957
77180 0.017584
77190 0.000044
77200 -0.000883
77210 0.000121
77220 0.021761
77230 0.028349
77240 -0.000024
77250 0.003249
77260 0.001467
77270 0.000567
77280 0.000284
77290 0.000178
77300 -0.000348
77310 0.000256
77320 0.000498
77330 -0.000522
77340 0.000303
77350 0.000472
77360 0.000593
77370 0.001315
77380 0.006206
77390 0.008736
77400 0.000474
77410 0.000152
77420 0.000196
77430 0.001051
77440 -0.000549
77450 0.000993
77460 -0.000586
77470 0.000053
77480 -0.000024
77490 -0.000312
77500 0.000271
77510 -0.000312
77520 -0.000066
77530 -0.000270
77540 0.000447
77550 0.000915
77560 -0.000566
77570 0.001060
77580 0.000025
77590 -0.000128
77600 0.000319
77610 0.000736
77620 0.000227
77630 0.000882
77640 -0.000026
77650 0.000354
77660 0.000109
77670 -0.001321
77680 -0.000043
77690 0.000499
77700 0.000958
77710 0.022099
77720 -0.000826
77730 0.007767
77740 0.000337
77750 -0.000670
77760 0.000637
77770 -0.000437
77780 0.059643
77790 0.013942
77800 -0.000402
77810 0.001060
77820 0.000173
77830 -0.000009
77840 -0.000163
77850 0.001453
77860 0.000241
77870 0.000849
77880 0.000993
77890 0.000595
77900 0.000328
77910 -0.000057
77920 0.000496
77930 -0.005094
77940 0.001181
77950 -0.000247
77960 0.000286
77970 0.000143
77980 0.000167
77990 0.000801
78000 -0.000682
78010 0.000534
78020 0.000069
78030 0.000182
78040 -0.000744
78050 0.000718
78060 -0.000535
78070 0.000281
78080 0.000626
78090 0.000056
78100 0.000421
78110 0.000053
78120 0.000665
78130 -0.000941
78140 0.000070
78150 0.000239
78160 -0.000321
78170 0.000063
78180 0.000503
78190 0.001188
78200 0.000593
78210 -0.000109
78220 -0.000333
78230 8.156725
78240 -0.001182
78250 -0.000202
78260 -0.000095
78270 0.000013
78280 -0.000665
78290 0.001019
78300 0.000179
78310 0.000210
78320 0.000582
78330 -0.000015
78340 -0.000211
78350 0.021132
78360 0.001025
78370 0.000285
78380 0.052356
78390 -0.000830
78400 0.000599
78410 0.000506
78420 -0.000921
78430 -0.000043
78440 -0.000332
78450 0.000706
78460 -0.000106
78470 0.001053
78480 0.000803
78490 -0.000198
78500 0.000011
78510 -0.000171
78520 -0.000024
78530 0.000070
78540 0.000951
78550 -0.000394
78560 0.006547
78570 0.000071
78580 -0.000210
78590 0.000112
78600 0.003788
78610 -0.000024
78620 0.000610
78630 0.000953
78640 0.000065
78650 0.000429
78660 -0.000099
78670 0.000149
78680 0.000172
78690 -0.000243
78700 0.001369
78710 0.018999
78720 0.000217
78730 0.000685
78740 -0.000202
78750 -0.000115
78760 -0.000239
78770 0.002365
78780 -0.000476
78790 0.000196
78800 -0.000230
78810 0.022664
78820 -0.000081
78830 0.000174
78840 -0.000833
78850 0.000457
78860 0.000117
78870 0.001622
78880 0.000030
78890 -0.000491
78900 0.001384
78910 -0.000066
78920 -0.000295
78930 -0.000035
78940 -0.000335
78950 0.000524
78960 0.000837
78970 0.000165
78980 -0.000129
78990 0.000280
79000 -0.000617
79010 0.000148
79020 0.000458
79030 0.000148
79040 -0.000134
79050 0.000391
79060 -0.000186
79070 0.000677
79080 0.008563
79090 -0.000566
79100 -0.000166
79110 -0.000157
79120 0.000174
79130 0.000546
79140 0.000768
79150 -0.000140
79160 0.001459
79170 -0.000440
79180 -0.000116
79190 0.000353
79200 -0.000023
79210 0.000360
79220 0.021804
79230 -0.000542
79240 0.000954
79250 0.000662
79260 0.000199
79270 -0.000918
79280 -0.000455
79290 0.009616
79300 -0.000025
79310 -0.000173
79320 8.150237
79330 0.001004
79340 -0.000533
79350 0.000016
79360 0.000227
79370 0.000445
79380 0.005670
79390 -0.000491
79400 -0.000124
79410 0.000933
79420 -0.000112
79430 -0.000489
79440 0.000220
79450 0.000067
79460 -0.000453
79470 0.001062
79480 -0.000466
79490 -0.000594
79500 0.000603
79510 0.000643
79520 -0.000020
79530 0.000524
79540 0.001062
79550 0.025248
79560 -0.000384
79570 0.000459
79580 0.001297
79590 -0.000096
79600 0.000133
79610 -0.000312
79620 0.000857
79630 0.000057
79640 0.008270
79650 0.000568
79660 0.000896
79670 0.000642
79680 0.000046
79690 0.009849
79700 0.000162
79710 0.002053
79720 0.000902
79730 0.000495
79740 -0.000744
79750 0.000628
79760 0.032386
79770 -0.000719
79780 -0.000051
79790 0.000926
79800 0.000079
79810 0.000200
79820 -0.000024
79830 0.006795
79840 0.000252
79850 0.050527
79860 0.015024
79870 -0.000116
79880 0.000235
79890 -0.000191
79900 0.000178
79910 -0.000217
79920 -0.000104
79930 0.000438
79940 -0.001256
79950 -0.000083
79960 0.000315
79970 0.000819
79980 0.002399
79990 0.000515
80000 0.000037
80010 0.364852
80020 0.000692
80030 -0.000394
80040 -0.000181
80050 0.000627
80060 -0.001032
80070 8.189391
80080 0.000287
80090 -0.000140
80100 0.000237
80110 0.000270
80120 0.000932
80130 0.000156
80140 -0.000518
80150 0.000123
80160 -0.000079
80170 -0.000748
80180 0.000413
80190 0.000851
80200 0.000220
80210 -0.000013
80220 -0.000207
80230 0.000393
80240 -0.000331
80250 0.001858
80260 0.001320
80270 0.000821
80280 -0.000635
80290 0.000095
80300 -0.000262
80310 0.000528
80320 -0.000074
80330 8.122423
80340 0.000237
80350 0.000624
80360 -0.000418
80370 0.019389
80380 0.000154
80390 0.000781
80400 0.000182
80410 0.045858
80420 0.000500
80430 0.000183
80440 0.000625
80450 -0.000301
80460 0.000189
80470 0.000485
80480 0.000302
80490 0.033908
80500 0.000553
80510 0.007814
80520 0.000197
80530 0.003182
80540 -0.000604
80550 0.001432
80560 0.000957
80570 0.001812
80580 -0.000410
80590 -0.000200
80600 0.000104
80610 0.002244
80620 0.000312
80630 0.000361
80640 0.004283
80650 0.000341
80660 0.000326
80670 0.001285
80680 0.000848
80690 -0.001346
80700 0.000762
80710 0.002145
80720 0.372337
80730 -0.000170
80740 0.001059
80750 0.010336
80760 0.000243
80770 0.000340
80780 0.001322
80790 0.000289
80800 0.000711
80810 -0.000499
80820 -0.000254
80830 0.000379
80840 0.000380
80850 -0.000261
80860 0.000410
80870 0.000651
80880 0.000438
80890 -0.000465
80900 0.000226
80910 0.000328
80920 0.000227
80930 0.000075
80940 0.000327
80950 0.000055
80960 0.001651
80970 0.000706
80980 -0.000346
80990 0.001012
81000 0.000157
81010 0.000490
81020 0.000117
81030 0.002638
81040 -0.000235
81050 -0.000102
81060 0.000573
81070 -0.000195
81080 0.001166
81090 -0.000449
81100 0.000323
81110 0.003867
81120 -0.000205
81130 -0.000242
81140 0.000441
81150 0.000907
81160 0.000905
81170 0.000484
81180 0.000566
81190 0.000475
81200 0.000442
81210 0.000472
81220 0.000668
81230 0.000694
81240 0.000539
81250 0.000528
81260 0.007028
81270 -0.000517
81280 0.008740
81290 -0.000412
81300 -0.000531
81310 -0.000446
81320 -0.000338
81330 -0.000100
81340 0.000082
81350 0.000104
81360 -0.000287
81370 -0.000117
81380 -0.000132
81390 0.000645
81400 0.001392
81410 0.000165
81420 0.000719
81430 0.000294
81440 0.000445
81450 0.000353
81460 0.000135
81470 -0.000445
81480 0.000319
81490 0.000582
81500 8.108539
81510 -0.000730
81520 8.162239
81530 0.000586
81540 0.000103
81550 0.000614
81560 0.000450
81570 0.000774
81580 -0.000082
81590 0.000092
81600 0.000434
81610 0.000087
81620 0.000033
81630 0.000856
81640 0.011848
81650 -0.000406
81660 0.000360
81670 -0.000048
81680 0.000060
81690 -0.000693
81700 0.000962
81710 0.002356
81720 -0.000284
81730 -0.000364
81740 -0.000381
81750 0.000849
81760 0.000216
81770 0.000532
81780 0.044351
81790 0.000204
81800 -0.000701
81810 0.000114
81820 -0.000768
81830 0.000327
81840 0.000237
81850 0.001524
81860 0.000538
81870 0.000580
81880 0.000465
81890 0.000131
81900 0.000156
81910 0.000500
81920 -0.000014
81930 0.000418
81940 -0.000650
81950 -0.000732
81960 0.000037
81970 -0.000310
81980 0.000227
81990 -0.000356
82000 0.000566
82010 -0.000242
82020 0.000991
82030 0.001129
82040 0.000553
82050 0.004050
82060 0.000293
82070 0.001105
82080 0.000021
82090 0.000671
82100 0.000078
82110 -0.000694
82120 0.000308
82130 0.001579
82140 -0.000140
82150 0.000524
82160 -0.000807
82170 0.000016
82180 0.000189
82190 -0.000646
82200 0.001416
82210 -0.000009
82220 0.000759
82230 0.000489
82240 0.000337
82250 0.000943
82260 -0.000394
82270 0.000658
82280 0.000836
82290 0.000398
82300 0.000392
82310 0.005568
82320 0.000187
82330 0.000692
82340 0.000094
82350 0.000493
82360 -0.000299
82370 0.000946
82380 0.000757
82390 0.000120
82400 0.016167
82410 -0.000373
82420 0.001613
82430 8.130259
82440 -0.000086
82450 -0.000563
82460 -0.000424
82470 -0.000393
82480 0.000692
82490 0.000578
82500 0.000169
82510 0.000442
82520 0.001561
82530 -0.000180
82540 0.001339
82550 0.000114
82560 0.000251
82570 0.000059
82580 0.000260
82590 0.000454
82600 -0.000059
82610 -0.000242
82620 0.001284
82630 0.000606
82640 0.000453
82650 -0.000293
82660 -0.000035
82670 -0.000246
82680 0.000295
82690 0.000230
82700 -0.000547
82710 -0.000014
82720 -0.000624
82730 -0.000133
82740 -0.000241
82750 -0.000278
82760 0.000745
82770 -0.000268
82780 0.000223
82790 0.000029
82800 0.000356
82810 0.000123
82820 0.006393
82830 0.000688
82840 0.000368
82850 -0.000102
82860 0.192441
82870 -0.000280
82880 0.000257
82890 0.000543
82900 0.000831
82910 -0.000042
82920 0.000350
82930 0.000095
82940 0.000623
82950 -0.000403
82960 -0.000212
82970 0.000246
82980 0.001065
82990 0.001455
83000 -0.001519
83010 -0.000689
83020 0.000654
83030 -0.000211
83040 0.000223
83050 0.000517
83060 0.001457
83070 0.024463
83080 -0.000400
83090 0.000403
83100 0.000735
83110 0.000690
83120 0.016596
83130 0.000285
83140 -0.000398
83150 0.000396
83160 -0.000051
83170 8.147513
83180 -0.000688
83190 0.000630
83200 -0.000697
83210 0.001710
83220 0.000839
83230 0.000070
83240 -0.000103
83250 -0.000511
83260 -0.000088
83270 -0.000793
83280 -0.000404
83290 -0.000041
83300 0.000279
83310 0.001550
83320 0.000020
83330 0.000501
83340 -0.000063
83350 -0.000241
83360 0.014894
83370 0.000256
83380 -0.000611
83390 0.000034
83400 0.000127
83410 0.000865
83420 0.001017
83430 -0.000067
83440 -0.000498
83450 0.001494
83460 -0.000271
83470 -0.000148
83480 -0.000430
83490 -0.000029
83500 0.000688
83510 0.000888
83520 0.000398
83530 0.000890
83540 0.076738
83550 -0.000534
83560 0.000281
83570 -0.001669
83580 -0.000136
83590 -0.000442
83600 0.016387
83610 -0.001996
83620 0.016721
83630 0.000570
83640 0.000309
83650 0.001075
83660 0.000086
83670 0.000661
83680 -0.000167
83690 0.001243
83700 0.000582
83710 0.000516
83720 0.000070
83730 -0.000592
83740 -0.000198
83750 0.000967
83760 -0.000121
83770 0.000274
83780 -0.000188
83790 0.000118
83800 -0.000075
83810 0.000496
83820 0.005902
83830 8.087716
83840 0.010690
83850 0.000090
83860 0.000483
83870 -0.000530
83880 -0.000030
83890 0.000802
83900 0.029021
83910 0.000567
83920 0.000863
83930 0.000238
83940 0.000473
83950 0.000192
83960 0.002268
83970 0.001581
83980 -0.000803
83990 0.000143
84000 0.000440
84010 -0.000221
84020 0.003939
84030 -0.000080
84040 -0.000346
84050 -0.000436
84060 0.000547
84070 -0.001256
84080 0.017110
84090 -0.000193
84100 -0.000175
84110 -0.000124
84120 0.007941
84130 0.000690
84140 0.227480
84150 0.000526
84160 0.000133
84170 0.000370
84180 0.000772
84190 -0.000134
84200 -0.000118
84210 -0.000006
84220 0.000106
84230 0.004758
84240 0.000070
84250 -0.001043
84260 -0.000053
84270 0.000360
84280 0.000392
84290 0.000094
84300 -0.000226
84310 -0.001064
84320 0.000216
84330 8.092083
84340 0.000168
84350 0.000255
84360 0.000499
84370 -0.000861
84380 -0.000008
84390 -0.000123
84400 0.000985
84410 -0.000082
84420 -0.000297
84430 0.000493
84440 0.000946
84450 0.017664
84460 -0.000012
84470 0.000050
84480 0.000103
84490 -0.000410
84500 -0.000512
84510 0.000471
84520 -0.001282
84530 0.000514
84540 0.000345
84550 0.000128
84560 -0.000288
84570 -0.000275
84580 0.000621
84590 0.000605
84600 0.000738
84610 -0.000617
84620 8.129412
84630 -0.000275
84640 0.000014
84650 -0.000593
84660 0.003576
84670 0.000390
84680 -0.000454
84690 0.000190
84700 -0.000063
84710 0.000600
84720 -0.000484
84730 -0.001267
84740 0.000270
84750 -0.000063
84760 0.000531
84770 0.001393
84780 0.000237
84790 0.001198
84800 -0.000015
84810 0.001315
84820 -0.000130
84830 0.000148
84840 0.000209
84850 0.000308
84860 0.000318
84870 -0.000399
84880 0.000436
84890 -0.000599
84900 0.001227
84910 0.015687
84920 -0.000485
84930 -0.000297
84940 0.000581
84950 -0.000159
84960 0.001288
84970 0.031206
84980 -0.000041
84990 -0.000187
85000 0.000139
85010 -0.000679
85020 0.000708
85030 -0.000203
85040 0.001337
85050 0.000246
85060 -0.000072
85070 0.000505
85080 0.000203
85090 0.000381
85100 0.000147
85110 -0.000033
85120 0.000598
85130 0.000108
85140 -0.000273
85150 -0.000098
85160 0.000952
85170 0.001159
85180 0.000932
85190 0.024519
85200 0.000716
85210 0.000038
85220 0.000777
85230 0.000598
85240 0.000194
85250 -0.000282
85260 0.015002
85270 0.000230
85280 0.000787
85290 0.002836
85300 0.007047
85310 0.000319
85320 0.000534
85330 0.001777
85340 -0.000302
85350 0.000188
85360 -0.000416
85370 0.000071
85380 0.000684
85390 -0.000585
85400 0.000082
85410 0.002402
85420 0.016054
85430 -0.000334
85440 -0.000123
85450 0.000357
85460 0.000790
85470 -0.000445
85480 -0.000274
85490 0.002627
85500 0.000460
85510 0.000079
85520 0.000354
85530 -0.000642
85540 0.000107
85550 -0.000579
85560 0.000310
85570 0.002116
85580 -0.000111
85590 0.000128
85600 0.000391
85610 -0.000241
85620 -0.001301
85630 0.000075
85640 0.003973
85650 0.001013
85660 -0.000130
85670 0.002217
85680 -0.000004
85690 0.000040
85700 0.001094
85710 -0.000408
85720 -0.001001
85730 0.001386
85740 -0.000158
85750 -0.000674
85760 0.001288
85770 -0.001013
85780 -0.000068
85790 0.000238
85800 -0.000265
85810 0.000462
85820 0.001065
85830 0.000986
85840 -0.000503
85850 0.000803
85860 0.000617
85870 0.000776
85880 0.000285
85890 0.000124
85900 0.000869
85910 0.000683
85920 0.000415
85930 0.000006
85940 0.000678
85950 -0.000145
85960 0.000228
85970 0.001194
85980 0.000470
85990 -0.000019
86000 0.001048
86010 -0.000107
86020 0.002151
86030 0.001112
86040 0.000670
86050 0.001005
86060 0.000751
86070 0.000354
86080 0.008573
86090 0.000723
86100 0.000030
86110 0.000735
86120 -0.000332
86130 0.000189
86140 0.023311
86150 0.000532
86160 0.000663
86170 -0.000018
86180 -0.000107
86190 -0.000157
86200 0.000439
86210 -0.000224
86220 0.001396
86230 -0.000495
86240 0.001561
86250 0.000156
86260 0.000283
86270 -0.000391
86280 0.001463
86290 0.000246
86300 0.000011
86310 0.000636
86320 0.000173
86330 0.000349
86340 0.000939
86350 0.000325
86360 -0.000670
86370 0.000961
86380 0.000373
86390 -0.000136
86400 0.001928
86410 0.000537
86420 -0.000136
86430 0.000108
86440 -0.000478
86450 -0.000143
86460 0.002634
86470 -0.000247
86480 0.000697
86490 -0.000025
86500 -0.000210
86510 -0.000711
86520 0.000588
86530 -0.000306
86540 -0.000333
86550 -0.000130
86560 0.000256
86570 0.000371
86580 -0.000309
86590 -0.000254
86600 -0.000630
86610 0.000737
86620 0.000236
86630 -0.000112
86640 -0.000262
86650 -0.000110
86660 -0.000759
86670 0.000382
86680 0.000332
86690 0.000010
86700 0.007070
86710 0.007543
86720 0.000206
86730 0.002491
86740 0.001033
86750 0.001362
86760 0.000749
86770 -0.000025
86780 -0.000431
86790 0.001240
86800 0.000434
86810 0.000669
86820 0.000389
86830 0.000112
86840 0.000423
86850 -0.000056
86860 0.000196
86870 0.001441
86880 0.000017
86890 0.000176
86900 0.001140
86910 0.000939
86920 0.000390
86930 0.000050
86940 0.000826
86950 0.000132
86960 0.000243
86970 -0.000516
86980 0.000430
86990 -0.000479
87000 0.000069
87010 -0.000716
87020 -0.000435
87030 0.000208
87040 -0.000215
87050 0.108651
87060 0.000763
87070 -0.000640
87080 -0.000169
87090 -0.000142
87100 0.000159
87110 0.000031
87120 0.000369
87130 -0.000206
87140 0.000205
87150 0.000767
87160 -0.000666
87170 -0.001071
87180 0.000296
87190 0.000808
87200 -0.000422
87210 0.000458
87220 -0.000414
87230 0.000733
87240 -0.000276
87250 0.000685
87260 0.000689
87270 0.000829
87280 -0.001264
87290 -0.000024
87300 0.014178
87310 -0.000759
87320 0.000830
87330 -0.000096
87340 -0.000078
87350 0.000109
87360 -0.000192
87370 -0.000524
87380 0.000410
87390 -0.000344
87400 0.000089
87410 -0.000490
87420 -0.000037
87430 0.001135
87440 0.000749
87450 -0.000373
87460 0.000549
87470 0.001522
87480 -0.000626
87490 0.000037
87500 0.000001
87510 -0.000393
87520 -0.000217
87530 -0.000147
87540 -0.000120
87550 0.000418
87560 0.002641
87570 0.000239
87580 0.000519
87590 -0.000543
87600 0.000632
87610 -0.000295
87620 0.001163
87630 -0.000032
87640 -0.000356
87650 0.000103
87660 0.000705
87670 0.007637
87680 -0.000523
87690 -0.000119
87700 0.000038
87710 -0.000626
87720 -0.000166
87730 0.000182
87740 0.000621
87750 0.000308
87760 -0.000733
87770 -0.000266
87780 0.000740
87790 0.000477
87800 -0.000449
87810 -0.000298
87820 0.000445
87830 -0.000142
87840 -0.000053
87850 0.000401
87860 0.001259
87870 0.034878
87880 0.000813
87890 0.000355
87900 0.000448
87910 0.000297
87920 0.001180
87930 -0.000352
87940 0.000643
87950 -0.000435
87960 0.000567
87970 0.000439
87980 0.007573
87990 0.000230
88000 -0.000336
88010 0.000016
88020 0.000608
88030 0.000039
88040 -0.000058
88050 0.000296
88060 0.000840
88070 0.000443
88080 -0.000416
88090 8.126975
88100 0.000065
88110 0.034681
88120 0.000796
88130 -0.000491
88140 -0.000192
88150 0.000007
88160 0.000494
88170 0.000240
88180 -0.000045
88190 -0.000323
88200 -0.000863
88210 0.000650
88220 0.000005
88230 -0.000299
88240 0.002352
88250 -0.000795
88260 0.000304
88270 0.000370
88280 -0.000694
88290 -0.000348
88300 -0.000061
88310 0.005227
88320 0.000852
88330 -0.000183
88340 0.000709
88350 0.000132
88360 -0.000278
88370 0.001257
88380 0.001347
88390 -0.000481
88400 -0.000086
88410 0.000007
88420 -0.000438
88430 -0.000049
88440 0.000029
88450 0.009054
88460 0.000202
88470 0.000021
88480 0.000313
88490 -0.000134
88500 0.000444
88510 -0.000191
88520 0.000945
88530 -0.000380
88540 -0.000159
88550 0.000487
88560 0.000024
88570 -0.000317
88580 -0.000601
88590 0.000028
88600 -0.000158
88610 -0.000193
88620 0.000473
88630 0.020048
88640 0.000375
88650 0.000124
88660 -0.000171
88670 0.001849
88680 -0.000161
88690 -0.000321
88700 0.000459
88710 -0.000514
88720 0.001022
88730 0.000684
88740 0.000054
88750 0.000427
88760 -0.000211
88770 0.000984
88780 0.000385
88790 0.001038
88800 0.000494
88810 -0.000423
88820 -0.000259
88830 0.000734
88840 -0.000238
88850 0.000949
88860 -0.000149
88870 0.001192
88880 -0.000207
88890 0.000868
88900 0.009570
88910 -0.000002
88920 0.000716
88930 0.001176
88940 -0.000140
88950 0.000252
88960 0.000414
88970 -0.000342
88980 0.001053
88990 0.000366
89000 0.000115
89010 0.000063
89020 0.000557
89030 0.000615
89040 -0.000089
89050 0.001098
89060 -0.000777
89070 0.000254
89080 0.000894
89090 0.000395
89100 0.000175
89110 0.000184
89120 0.010426
89130 0.000769
89140 -0.000181
89150 -0.000439
89160 0.000463
89170 -0.000131
89180 -0.000490
89190 0.000005
89200 0.000311
89210 0.000714
89220 0.000106
89230 -0.000143
89240 -0.000312
89250 -0.000042
89260 0.000708
89270 0.000164
89280 0.000423
89290 0.017850
89300 -0.000399
89310 -0.000452
89320 0.000221
89330 -0.000216
89340 0.000469
89350 0.000628
89360 0.000610
89370 -0.000293
89380 -0.000243
89390 -0.000008
89400 0.000303
89410 0.001842
89420 -0.000542
89430 -0.000371
89440 0.000851
89450 -0.000031
89460 0.001814
89470 0.000289
89480 0.000147
89490 0.000349
89500 0.000420
89510 -0.000345
89520 0.000647
89530 0.000407
89540 -0.000018
89550 0.000058
89560 0.000370
89570 0.017544
89580 0.000246
89590 -0.000762
89600 0.000193
89610 0.000359
89620 0.000021
89630 0.000037
89640 0.001260
89650 -0.000128
89660 0.000238
89670 0.000818
89680 0.001399
89690 0.000329
89700 0.000234
89710 0.000295
89720 0.001659
89730 -0.000743
89740 -0.000011
89750 0.000676
89760 0.000444
89770 -0.000011
89780 0.000475
89790 -0.001565
89800 -0.000289
89810 0.001145
89820 0.000590
89830 -0.000189
89840 0.000121
89850 0.000424
89860 0.000770
89870 0.000706
89880 0.000002
89890 0.002889
89900 0.002304
89910 0.000079
89920 0.001205
89930 -0.000176
89940 0.000633
89950 0.000116
89960 0.001018
89970 0.000484
89980 0.001050
89990 -0.000320
90000 0.000110
90010 0.001356
90020 0.000426
90030 0.001434
90040 -0.000432
90050 0.000513
90060 -0.000211
90070 -0.000247
90080 0.000514
90090 0.000350
90100 0.001596
90110 -0.000003
90120 -0.000429
90130 0.000513
90140 -0.000131
90150 0.000297
90160 0.001076
90170 -0.000430
90180 0.000758
90190 -0.000371
90200 0.000192
90210 0.000054
90220 0.000028
90230 0.000485
90240 0.001360
90250 0.000499
90260 -0.000240
90270 -0.000680
90280 0.000071
90290 -0.000395
90300 0.000350
90310 0.000251
90320 -0.000060
90330 -0.000265
90340 -0.000044
90350 0.001158
90360 0.000299
90370 0.000549
90380 0.000963
90390 -0.001049
90400 -0.000549
90410 0.000332
90420 0.000038
90430 0.001209
90440 0.000607
90450 0.000743
90460 0.000960
90470 0.000630
90480 -0.000408
90490 0.003971
90500 -0.000220
90510 -0.000196
90520 0.000513
90530 -0.000030
90540 0.000728
90550 -0.000125
90560 0.000668
90570 0.000173
90580 0.000731
90590 0.000969
90600 0.000299
90610 0.000482
90620 0.000939
90630 0.000264
90640 -0.000317
90650 0.000263
90660 -0.000485
90670 0.000381
90680 0.001071
90690 0.000058
90700 0.000091
90710 -0.000355
90720 -0.000113
90730 -0.000073
90740 0.000149
90750 -0.000042
90760 -0.001537
90770 0.002567
90780 0.238765
90790 -0.000170
90800 -0.000015
90810 0.001058
90820 -0.000190
90830 0.459957
90840 -0.000559
90850 -0.000332
90860 -0.000193
90870 -0.000110
90880 0.000451
90890 -0.000048
90900 -0.000427
90910 0.000573
90920 0.000180
90930 0.000225
90940 0.000929
90950 0.000172
90960 -0.000413
90970 0.000113
90980 0.056824
90990 -0.000059
91000 0.000043
91010 0.000629
91020 0.000673
91030 0.000690
91040 -0.000299
91050 0.000286
91060 -0.000885
91070 -0.000415
91080 0.000092
91090 0.000328
91100 0.000358
91110 0.000075
91120 0.000362
91130 0.000725
91140 0.092750
91150 0.000974
91160 -0.000155
91170 -0.000436
91180 -0.000309
91190 0.000194
91200 -0.000666
91210 0.000402
91220 0.000998
91230 -0.000235
91240 0.000518
91250 0.008871
91260 -0.000284
91270 -0.000047
91280 -0.000234
91290 0.000731
91300 0.000498
91310 -0.000032
91320 -0.000015
91330 0.000182
91340 0.000062
91350 -0.000089
91360 0.000476
91370 0.000361
91380 0.000248
91390 -0.000015
91400 -0.000110
91410 0.002383
91420 0.020983
91430 0.000402
91440 0.000433
91450 -0.000298
91460 -0.000187
91470 0.002633
91480 0.000107
91490 0.001425
91500 0.000259
91510 -0.000123
91520 0.000661
91530 0.000141
91540 -0.000047
91550 -0.000019
91560 0.000316
91570 0.000054
91580 -0.000391
91590 0.000462
91600 -0.000179
91610 0.000624
91620 -0.000685
91630 0.000698
91640 0.025472
91650 0.000028
91660 0.000535
91670 0.000473
91680 0.000033
91690 -0.000634
91700 -0.000526
91710 -0.000405
91720 -0.000200
91730 0.001148
91740 0.000088
91750 0.000960
91760 0.000308
91770 0.000254
91780 0.000521
91790 -0.000312
91800 0.001883
91810 0.000194
91820 -0.000246
91830 0.001255
91840 0.000171
91850 -0.000234
91860 -0.000039
91870 -0.000597
91880 -0.000669
91890 -0.000328
91900 -0.000484
91910 8.132756
91920 -0.001223
91930 -0.000629
91940 -0.000543
91950 0.000760
91960 0.207420
91970 -0.000502
91980 0.001416
91990 -0.000211
92000 0.000742
92010 -0.000045
92020 -0.000384
92030 0.000376
92040 0.000508
92050 -0.000477
92060 0.022832
92070 0.000097
92080 -0.000050
92090 0.000521
92100 0.000840
92110 -0.000382
92120 0.000723
92130 0.000540
92140 0.000225
92150 0.000333
92160 0.000190
92170 -0.000016
92180 0.000759
92190 0.000914
92200 0.000523
92210 -0.000669
92220 0.000579
92230 -0.000295
92240 -0.000464
92250 0.000755
92260 0.000340
92270 0.000277
92280 0.000025
92290 -0.000015
92300 0.000143
92310 0.005105
92320 -0.000402
92330 0.000835
92340 0.000155
92350 0.000107
92360 -0.000179
92370 0.000474
92380 -0.000536
92390 0.002709
92400 -0.000260
92410 0.000273
92420 0.000348
92430 -0.001768
92440 0.000681
92450 0.000108
92460 0.001784
92470 0.000515
92480 0.000758
92490 -0.000555
92500 0.000919
92510 -0.000300
92520 -0.000201
92530 0.001534
92540 0.000406
92550 0.000313
92560 0.000236
92570 -0.000076
92580 -0.000643
92590 0.011790
92600 0.000211
92610 -0.000573
92620 0.000151
92630 0.000261
92640 0.000213
92650 0.000727
92660 0.000245
92670 -0.000230
92680 -0.000099
92690 -0.000021
92700 -0.000711
92710 -0.000170
92720 0.000699
92730 0.000292
92740 -0.000949
92750 0.000720
92760 0.000006
92770 0.046151
92780 -0.000331
92790 -0.000028
92800 0.001043
92810 -0.000268
92820 -0.000478
92830 0.007462
92840 0.000030
92850 0.000065
92860 -0.000176
92870 0.001312
92880 0.000485
92890 0.000483
92900 0.012501
92910 0.000770
92920 0.001360
92930 -0.000065
92940 -0.000387
92950 0.000611
92960 -0.000170
92970 -0.000404
92980 0.000709
92990 -0.000111
93000 0.000448
93010 0.000405
93020 0.002020
93030 -0.000062
93040 0.000202
93050 -0.000488
93060 0.000340
93070 -0.000358
93080 0.001002
93090 -0.000350
93100 -0.000705
93110 -0.000123
93120 0.001023
93130 -0.000591
93140 0.000573
93150 -0.000480
93160 0.322396
93170 -0.000531
93180 -0.000380
93190 -0.000104
93200 0.000327
93210 -0.000957
93220 0.000011
93230 0.000048
93240 -0.000525
93250 0.000362
93260 -0.000402
93270 0.046907
93280 0.000551
93290 0.000475
93300 0.000470
93310 0.001246
93320 0.000041
93330 -0.000067
93340 0.001087
93350 0.000168
93360 0.000653
93370 0.001488
93380 0.000387
93390 0.000464
93400 0.000356
93410 0.000960
93420 0.000630
93430 -0.000135
93440 -0.000163
93450 -0.000711
93460 0.000529
93470 -0.000017
93480 0.004439
93490 0.000076
93500 -0.000046
93510 -0.000091
93520 -0.000491
93530 0.000800
93540 -0.000447
93550 -0.000827
93560 0.000651
93570 -0.000413
93580 0.000536
93590 8.151160
93600 -0.000085
93610 0.000069
93620 0.000517
93630 -0.000622
93640 0.000771
93650 -0.000739
93660 0.018872
93670 0.000523
93680 0.000099
93690 -0.000250
93700 -0.000217
93710 0.000462
93720 -0.000423
93730 0.000010
93740 -0.000242
93750 0.000316
93760 0.000678
93770 0.000628
93780 0.000128
93790 0.000273
93800 -0.000557
93810 -0.000844
93820 0.000368
93830 0.000243
93840 -0.000542
93850 0.001048
93860 0.008293
93870 0.000161
93880 0.000460
93890 -0.000078
93900 -0.000052
93910 0.000467
93920 -0.000007
93930 0.000145
93940 -0.000362
93950 0.003308
93960 0.000523
93970 0.000336
93980 -0.000241
93990 0.001210
94000 0.000147
94010 0.000354
94020 0.001918
94030 0.002485
94040 -0.000171
94050 0.000195
94060 0.001200
94070 0.000152
94080 0.000600
94090 0.000348
94100 0.000062
94110 -0.000641
94120 0.000018
94130 0.000250
94140 0.000689
94150 -0.000172
94160 0.000171
94170 0.000642
94180 0.000556
94190 -0.000007
94200 0.000322
94210 0.000752
94220 -0.000310
94230 0.000521
94240 0.000391
94250 0.000587
94260 0.000499
94270 0.067174
94280 0.000822
94290 0.000338
94300 0.001001
94310 0.000652
94320 0.000184
94330 0.000009
94340 0.000553
94350 0.000580
94360 -0.000408
94370 -0.000071
94380 0.000144
94390 0.000404
94400 -0.000332
94410 -0.000283
94420 0.000001
94430 0.000767
94440 0.000310
94450 -0.000074
94460 -0.000178
94470 0.000244
94480 0.032463
94490 0.000803
94500 0.000761
94510 0.000360
94520 -0.000353
94530 0.000127
94540 0.000598
94550 0.000398
94560 0.000714
94570 0.000658
94580 0.000541
94590 0.000145
94600 -0.000082
94610 0.001115
94620 -0.000075
94630 0.000626
94640 0.000803
94650 -0.000163
94660 8.157475
94670 -0.000159
94680 -0.000079
94690 0.000533
94700 0.027633
94710 8.165434
94720 -0.000625
94730 0.000204
94740 0.000585
94750 0.000357
94760 -0.002334
94770 -0.000357
94780 0.000471
94790 -0.000200
94800 -0.000313
94810 -0.000450
94820 0.000514
94830 0.000174
94840 0.016763
94850 -0.000185
94860 -0.001108
94870 0.000118
94880 -0.000341
94890 0.002481
94900 0.000393
94910 0.000326
94920 0.000103
94930 0.000387
94940 0.000662
94950 0.000218
94960 -0.000509
94970 0.000034
94980 0.000026
94990 0.000411
95000 -0.000586
95010 0.000443
95020 -0.000158
95030 0.000100
95040 -0.000123
95050 -0.000152
95060 -0.000042
95070 -0.000357
95080 0.000106
95090 -0.000637
95100 0.007453
95110 -0.000501
95120 0.000134
95130 -0.001128
95140 0.012799
95150 0.000112
95160 0.004009
95170 -0.000288
95180 0.000016
95190 0.038497
95200 0.000189
95210 0.000484
95220 -0.000211
95230 0.000145
95240 -0.000393
95250 0.000608
95260 0.007897
95270 0.000237
95280 0.000303
95290 0.000134
95300 0.000126
95310 0.000583
95320 0.000073
95330 0.000559
95340 -0.000036
95350 0.000932
95360 0.000163
95370 -0.000244
95380 -0.000227
95390 -0.000327
95400 0.000861
95410 0.001251
95420 -0.000066
95430 0.000216
95440 0.000028
95450 0.000745
95460 -0.000610
95470 0.003184
95480 0.000093
95490 -0.000254
95500 -0.000153
95510 -0.000129
95520 0.000870
95530 -0.000414
95540 0.003803
95550 -0.000129
95560 0.000414
95570 0.000272
95580 -0.000446
95590 0.000011
95600 0.001663
95610 0.000314
95620 0.000521
95630 0.000388
95640 -0.000348
95650 -0.000099
95660 0.000260
95670 -0.000286
95680 0.000506
95690 0.000335
95700 -0.000220
95710 0.025039
95720 0.000681
95730 0.000518
95740 -0.000313
95750 0.000018
95760 0.000686
95770 -0.000217
95780 0.000329
95790 0.000713
95800 -0.000019
95810 0.000053
95820 0.000240
95830 -0.000081
95840 0.000092
95850 -0.000301
95860 0.000255
95870 0.010259
95880 0.000436
95890 -0.000218
95900 0.000660
95910 0.001087
95920 0.001009
95930 0.000074
95940 0.000739
95950 -0.000156
95960 0.000379
95970 -0.000928
95980 -0.000055
95990 -0.000250
96000 -0.000322
96010 -0.000341
96020 0.000440
96030 0.000469
96040 0.000295
96050 0.000325
96060 0.000257
96070 -0.000978
96080 0.000258
96090 -0.000412
96100 -0.000402
96110 -0.000204
96120 0.006293
96130 0.000621
96140 -0.000291
96150 0.000302
96160 0.000167
96170 0.000617
96180 -0.000741
96190 0.000937
96200 -0.000466
96210 0.000863
96220 0.000058
96230 0.000254
96240 0.000758
96250 0.221490
96260 0.000529
96270 -0.000088
96280 0.000131
96290 -0.000739
96300 0.001218
96310 -0.001111
96320 0.000657
96330 0.000516
96340 0.000341
96350 0.000115
96360 -0.000240
96370 0.016011
96380 0.001372
96390 0.000850
96400 0.000172
96410 -0.000631
96420 0.001124
96430 0.001301
96440 0.000728
96450 0.000091
96460 0.000122
96470 0.000604
96480 -0.000123
96490 0.000506
96500 -0.000042
96510 -0.000920
96520 0.000143
96530 0.000481
96540 -0.000625
96550 8.102607
96560 0.000296
96570 -0.000034
96580 0.002465
96590 0.000266
96600 -0.000074
96610 0.000316
96620 0.000817
96630 0.000193
96640 -0.000086
96650 8.116037
96660 0.000106
96670 0.000190
96680 -0.000592
96690 0.000269
96700 -0.000011
96710 0.000547
96720 0.000246
96730 0.000234
96740 0.001022
96750 -0.000810
96760 0.006151
96770 -0.000215
96780 0.000597
96790 0.010024
96800 8.110158
96810 -0.000352
96820 -0.000439
96830 0.000218
96840 0.000742
96850 0.001375
96860 -0.000119
96870 -0.000075
96880 0.002253
96890 0.000495
96900 0.000512
96910 -0.000752
96920 0.000530
96930 -0.000312
96940 0.000328
96950 0.001181
96960 -0.000321
96970 -0.000135
96980 -0.000554
96990 0.001304
97000 0.000025
97010 0.001238
97020 0.000739
97030 0.000062
97040 0.000389
97050 0.000407
97060 0.000165
97070 0.000290
97080 -0.000534
97090 0.028442
97100 0.000438
97110 -0.000227
97120 0.008990
97130 -0.000424
97140 0.000385
97150 -0.000260
97160 -0.000618
97170 0.000135
97180 0.000176
97190 0.000006
97200 -0.000138
97210 0.000199
97220 0.001121
97230 0.000394
97240 0.028794
97250 -0.000723
97260 -0.000933
97270 0.000834
97280 0.001036
97290 0.000013
97300 -0.000226
97310 0.000172
97320 -0.000102
97330 0.001490
97340 0.003420
97350 -0.000462
97360 0.000789
97370 0.000717
97380 -0.000680
97390 0.042885
97400 -0.000697
97410 0.000416
97420 -0.000489
97430 -0.000214
97440 -0.000123
97450 -0.000571
97460 0.000072
97470 0.000359
97480 -0.001041
97490 -0.000224
97500 0.026823
97510 0.000509
97520 0.000222
97530 0.000925
97540 -0.000504
97550 0.000062
97560 0.043402
97570 0.000044
97580 -0.000450
97590 0.000512
97600 -0.000167
97610 -0.000548
97620 -0.000052
97630 0.000204
97640 0.000918
97650 -0.000217
97660 0.000128
97670 -0.000546
97680 -0.000376
97690 -0.000921
97700 -0.000731
97710 -0.000360
97720 -0.000228
97730 0.000306
97740 -0.000124
97750 0.000128
97760 0.000542
97770 -0.000167
97780 0.001395
97790 0.006248
97800 0.000370
97810 0.000429
97820 0.000241
97830 -0.000275
97840 -0.000069
97850 0.000164
97860 0.000035
97870 0.000519
97880 0.000141
97890 -0.000793
97900 0.000405
97910 0.000411
97920 0.001523
97930 -0.000514
97940 0.001239
97950 -0.000485
97960 -0.000173
97970 0.000490
97980 0.000820
97990 0.000443
98000 -0.000160
98010 0.000114
98020 0.000043
98030 0.000378
98040 0.000167
98050 0.007540
98060 -0.000388
98070 0.000460
98080 0.000486
98090 0.000575
98100 8.184894
98110 0.000511
98120 -0.000401
98130 -0.000484
98140 0.000691
98150 0.000344
98160 0.000664
98170 0.000321
98180 0.000665
98190 -0.000101
98200 -0.000186
98210 0.000264
98220 0.000986
98230 0.000435
98240 0.000211
98250 -0.001048
98260 0.000314
98270 -0.000755
98280 -0.000246
98290 0.000096
98300 0.000909
98310 0.002127
98320 -0.000131
98330 0.000216
98340 0.000257
98350 -0.000194
98360 -0.000306
98370 0.028612
98380 0.002411
98390 -0.000283
98400 -0.000553
98410 0.000013
98420 0.000501
98430 0.000018
98440 0.000564
98450 0.000495
98460 0.000677
98470 -0.000384
98480 0.001517
98490 0.000513
98500 -0.000014
98510 0.000241
98520 0.000719
98530 0.000054
98540 0.000034
98550 -0.000617
98560 -0.000588
98570 -0.000405
98580 0.001117
98590 -0.000108
98600 -0.000315
98610 -0.000966
98620 -0.000568
98630 0.000043
98640 0.010299
98650 0.000712
98660 0.001840
98670 -0.000173
98680 0.000609
98690 0.000194
98700 0.002137
98710 0.000128
98720 0.000164
98730 0.000006
98740 -0.000822
98750 0.000667
98760 0.000172
98770 -0.000467
98780 0.000298
98790 0.001221
98800 0.000584
98810 -0.000030
98820 0.000878
98830 0.000094
98840 -0.000446
98850 0.026699
98860 0.000763
98870 0.000100
98880 0.000174
98890 0.000271
98900 -0.000271
98910 0.001067
98920 0.000199
98930 -0.000198
98940 0.000635
98950 0.000150
98960 0.000131
98970 0.000445
98980 0.000682
98990 -0.000415
99000 0.000853
99010 -0.000055
99020 0.000331
99030 0.008846
99040 0.000632
99050 -0.000294
99060 -0.000655
99070 -0.000395
99080 0.002965
99090 0.077220
99100 -0.000282
99110 0.000804
99120 -0.000391
99130 -0.000077
99140 -0.001257
99150 -0.000063
99160 0.000289
99170 -0.000128
99180 -0.000794
99190 0.000655
99200 0.001685
99210 0.006149
99220 0.004596
99230 0.000434
99240 0.003269
99250 0.000239
99260 0.000354
99270 0.000175
99280 0.001189
99290 0.004736
99300 0.000230
99310 -0.000445
99320 -0.000262
99330 -0.000228
99340 0.023987
99350 -0.000760
99360 0.000259
99370 0.000824
99380 0.001148
99390 0.000105
99400 0.000688
99410 0.000209
99420 0.000586
99430 0.000895
99440 -0.000055
99450 0.000155
99460 0.000089
99470 -0.000744
99480 -0.000519
99490 -0.000226
99500 0.003256
99510 0.003467
99520 -0.000657
99530 0.001231
99540 -0.000406
99550 0.000636
99560 0.000715
99570 0.000987
99580 0.000427
99590 -0.000155
99600 -0.000029
99610 -0.000035
99620 0.000989
99630 0.032903
99640 0.000297
99650 0.000387
99660 0.000535
99670 -0.000215
99680 0.000646
99690 0.000433
99700 0.000987
99710 0.000494
99720 0.000324
99730 0.000283
99740 0.000344
99750 0.000075
99760 0.000964
99770 0.000150
99780 0.000549
99790 0.001305
99800 0.000107
99810 -0.000022
99820 0.000562
99830 -0.000538
99840 8.098251
99850 -0.000252
99860 0.000306
99870 0.000049
99880 -0.000133
99890 0.000084
99900 -0.004263
99910 0.008754
99920 0.000267
99930 -0.000125
99940 0.000238
99950 0.037810
99960 0.000328
99970 -0.000312
99980 -0.000131
99990 0.000365
