0 16.623494
10 0.000582
20 0.000382
30 0.000513
40 0.001357
50 -0.000097
60 0.000693
70 0.000318
80 0.000865
90 -0.000112
100 0.000002
110 -0.000356
120 0.000092
130 -0.000543
140 0.000263
150 0.000257
160 -0.000334
170 0.001047
180 -0.000290
190 0.000373
200 0.000419
210 -0.000041
220 -0.000066
230 -0.000277
240 0.000030
250 0.000071
260 0.000083
270 -0.000213
280 -0.000504
290 0.000608
300 -0.000272
310 0.000476
320 -0.000107
330 0.000150
340 0.000183
350 -0.000159
360 0.000221
370 0.000101
380 0.000283
390 -0.000445
400 -0.000297
410 -0.000339
420 -0.000201
430 -0.000544
440 0.000131
450 0.000061
460 0.000103
470 -0.000135
480 0.000183
490 -0.000024
500 0.000103
510 0.000082
520 0.000280
530 0.000086
540 -0.000153
550 0.000134
560 -0.000386
570 0.000214
580 0.001392
590 -0.000107
600 0.000278
610 -0.000340
620 0.000152
630 0.024030
640 0.000707
650 0.000106
660 0.000620
670 0.000009
680 0.000304
690 0.000031
700 -0.000846
710 0.000220
720 0.000264
730 0.000146
740 -0.000124
750 0.000287
760 0.000169
770 0.000143
780 0.001805
790 0.000013
800 -0.000110
810 -0.000113
820 -0.000604
830 -0.000025
840 -0.000248
850 0.000686
860 -0.000327
870 -0.000555
880 0.000485
890 0.010022
900 -0.000206
910 0.000272
920 0.000217
930 -0.000165
940 0.000647
950 0.000175
960 -0.000023
970 -0.000082
980 0.000105
990 0.000126
1000 0.000107
1010 0.000436
1020 0.001068
1030 0.000083
1040 0.000116
1050 0.000375
1060 -0.000001
1070 -0.000096
1080 0.000016
1090 -0.001869
1100 -0.000120
1110 0.000107
1120 -0.000822
1130 -0.000112
1140 0.000123
1150 0.009883
1160 0.000105
1170 0.000287
1180 0.000027
1190 -0.000177
1200 0.000140
1210 -0.000105
1220 0.000087
1230 -0.000075
1240 0.000290
1250 0.000062
1260 -0.000027
1270 -0.000083
1280 0.000026
1290 0.000271
1300 -0.000064
1310 0.000240
1320 0.002014
1330 0.001229
1340 -0.000168
1350 -0.000049
1360 -0.000007
1370 -0.000002
1380 -0.000002
1390 0.000029
1400 -0.000097
1410 -0.000213
1420 0.000001
1430 0.000470
1440 0.000036
1450 0.000093
1460 0.000318
1470 -0.000077
1480 -0.000449
1490 0.000015
1500 0.000046
1510 0.000101
1520 0.000800
1530 -0.000067
1540 0.000074
1550 0.000901
1560 0.000427
1570 0.001381
1580 -0.000059
1590 0.000156
1600 0.000290
1610 -0.000016
1620 -0.000148
1630 0.000021
1640 0.000312
1650 0.000090
1660 0.000028
1670 0.000100
1680 -0.000044
1690 -0.000169
1700 0.000023
1710 -0.000006
1720 0.000763
1730 0.000216
1740 -0.000108
1750 -0.000017
1760 -0.000739
1770 -0.000168
1780 0.000084
1790 0.000308
1800 0.000028
1810 0.000367
1820 -0.000057
1830 0.000057
1840 0.000010
1850 0.000076
1860 0.000761
1870 0.000062
1880 -0.000152
1890 -0.000052
1900 -0.000072
1910 -0.000748
1920 0.000158
1930 0.000025
1940 0.000462
1950 0.000136
1960 0.000139
1970 -0.000023
1980 -0.000075
1990 0.000001
2000 0.000359
2010 -0.000020
2020 0.000188
2030 0.000058
2040 -0.000446
2050 0.000000
2060 -0.000131
2070 -0.000011
2080 0.000040
2090 -0.000474
2100 -0.000063
2110 -0.000088
2120 -0.000012
2130 -0.000080
2140 0.000037
2150 -0.000138
2160 -0.000139
2170 -0.000098
2180 -0.000038
2190 0.000089
2200 -0.000359
2210 0.001123
2220 0.000042
2230 -0.000218
2240 0.000024
2250 0.000082
2260 0.000017
2270 -0.000104
2280 0.000110
2290 0.000154
2300 0.000395
2310 0.000166
2320 -0.000200
2330 0.000006
2340 0.000275
2350 -0.000025
2360 0.000168
2370 -0.000081
2380 0.000080
2390 0.000229
2400 -0.000021
2410 0.000029
2420 0.000013
2430 0.000001
2440 -0.000442
2450 0.000257
2460 0.000096
2470 -0.000001
2480 -0.000085
2490 0.000066
2500 0.000070
2510 0.000044
2520 -0.000046
2530 0.000079
2540 0.000036
2550 -0.000042
2560 0.000120
2570 0.000108
2580 -0.000041
2590 -0.000006
2600 0.000070
2610 -0.000068
2620 0.000259
2630 -0.000189
2640 -0.000080
2650 0.000172
2660 0.000065
2670 0.000142
2680 0.000228
2690 -0.000083
2700 0.000009
2710 -0.000550
2720 -0.000220
2730 0.000503
2740 0.000166
2750 0.000095
2760 0.000008
2770 -0.000035
2780 0.000549
2790 0.000005
2800 0.000504
2810 0.000311
2820 0.000335
2830 0.000035
2840 -0.000016
2850 0.000232
2860 -0.000095
2870 0.000083
2880 0.000113
2890 -0.000442
2900 -0.000805
2910 0.000224
2920 -0.000009
2930 0.000132
2940 0.000473
2950 0.000721
2960 -0.000071
2970 0.000050
2980 -0.000210
2990 0.000158
3000 0.000091
3010 0.000299
3020 0.000078
3030 -0.000004
3040 0.000014
3050 0.000043
3060 0.000006
3070 -0.000065
3080 -0.000104
3090 -0.000288
3100 0.000058
3110 0.000255
3120 0.000133
3130 0.000198
3140 -0.000006
3150 0.000051
3160 0.000400
3170 0.000099
3180 -0.000576
3190 -0.000211
3200 0.000086
3210 0.000014
3220 0.000218
3230 0.000179
3240 -0.000145
3250 -0.001012
3260 -0.000166
3270 -0.000020
3280 -0.000535
3290 0.000130
3300 -0.000098
3310 0.001718
3320 -0.000549
3330 0.000067
3340 0.000062
3350 -0.000139
3360 -0.000050
3370 0.000117
3380 -0.000118
3390 -0.000052
3400 0.000073
3410 0.000077
3420 -0.000036
3430 0.000125
3440 0.000022
3450 -0.000028
3460 -0.000025
3470 0.000107
3480 0.000095
3490 0.000050
3500 0.000053
3510 -0.000054
3520 -0.000081
3530 0.000041
3540 0.000029
3550 -0.000060
3560 0.000057
3570 -0.001235
3580 0.000084
3590 0.000053
3600 0.000059
3610 0.000060
3620 -0.000034
3630 0.000008
3640 0.000023
3650 0.000034
3660 0.002271
3670 0.000022
3680 0.000020
3690 -0.000673
3700 0.000117
3710 -0.000060
3720 0.000091
3730 -0.000283
3740 0.000138
3750 0.000090
3760 0.000117
3770 0.000091
3780 0.000110
3790 0.000158
3800 0.000042
3810 0.000137
3820 0.000055
3830 0.000000
3840 0.000087
3850 0.000076
3860 -0.000040
3870 0.000005
3880 0.000164
3890 0.000131
3900 0.000010
3910 0.000061
3920 -0.000086
3930 -0.000110
3940 0.000096
3950 -0.000037
3960 -0.000766
3970 0.000066
3980 0.000079
3990 0.000070
4000 0.000397
4010 0.000049
4020 -0.001720
4030 0.000068
4040 -0.000732
4050 0.000118
4060 -0.000414
4070 0.000044
4080 0.000020
4090 0.000106
4100 0.000021
4110 0.000115
4120 -0.000745
4130 0.000081
4140 0.000023
4150 -0.000251
4160 -0.000015
4170 -0.000008
4180 0.000141
4190 0.000026
4200 0.000082
4210 -0.000042
4220 0.000014
4230 0.000134
4240 0.000809
4250 0.000022
4260 0.000097
4270 0.000079
4280 0.000037
4290 0.000084
4300 -0.000002
4310 0.000077
4320 0.000099
4330 0.000024
4340 0.000060
4350 0.000088
4360 0.000171
4370 0.000049
4380 -0.000056
4390 0.000096
4400 -0.000004
4410 0.000160
4420 0.000108
4430 0.000026
4440 0.000085
4450 -0.000013
4460 0.000190
4470 0.000023
4480 0.000091
4490 0.000240
4500 0.000022
4510 0.000042
4520 0.000028
4530 0.000093
4540 0.000027
4550 -0.000007
4560 0.000088
4570 0.000042
4580 0.000017
4590 0.000084
4600 0.000154
4610 0.000040
4620 0.000077
4630 0.000029
4640 0.000022
4650 0.000002
4660 0.000055
4670 0.000041
4680 -0.000088
4690 0.000065
4700 0.000044
4710 0.000108
4720 0.000079
4730 0.000094
4740 0.000094
4750 -0.000057
4760 0.000080
4770 0.000132
4780 0.000028
4790 0.000079
4800 0.000047
4810 -0.000103
4820 0.000144
4830 0.000038
4840 0.000057
4850 0.000073
4860 0.000071
4870 -0.000448
4880 0.000039
4890 0.000054
4900 0.000114
4910 0.000213
4920 0.000001
4930 0.000127
4940 0.000106
4950 0.000121
4960 0.000043
4970 0.000095
4980 0.000017
4990 0.000103
5000 0.000164
5010 0.000084
5020 0.000019
5030 0.000088
5040 0.000099
5050 0.000080
5060 0.000334
5070 0.000021
5080 -0.000027
5090 0.000041
5100 0.000119
5110 0.000022
5120 0.000070
5130 -0.000181
5140 -0.000021
5150 -0.000042
5160 -0.000231
5170 0.000466
5180 0.000090
5190 0.000062
5200 0.000192
5210 -0.000131
5220 0.000141
5230 0.000089
5240 0.000167
5250 -0.000028
5260 0.000082
5270 0.000093
5280 0.000137
5290 0.000038
5300 0.000097
5310 0.000195
5320 0.000049
5330 0.000087
5340 0.000134
5350 0.000087
5360 0.000177
5370 0.000115
5380 0.000024
5390 0.000110
5400 0.000140
5410 0.000018
5420 0.000114
5430 -0.000572
5440 0.000059
5450 0.000082
5460 0.000098
5470 -0.000661
5480 0.000071
5490 0.000112
5500 -0.000131
5510 0.000246
5520 0.000108
5530 0.000111
5540 0.000146
5550 -0.000261
5560 0.000112
5570 0.000149
5580 0.000168
5590 0.000120
5600 0.000061
5610 -0.000158
5620 0.000064
5630 0.000102
5640 0.000098
5650 0.000075
5660 0.000105
5670 0.000097
5680 0.000089
5690 0.000053
5700 0.000033
5710 0.000091
5720 -0.000095
5730 0.000110
5740 0.000105
5750 0.000112
5760 0.000069
5770 -0.000154
5780 0.000012
5790 -0.000250
5800 -0.000170
5810 0.000042
5820 -0.000173
5830 0.000101
5840 0.000016
5850 -0.001177
5860 0.000074
5870 0.000103
5880 0.000046
5890 0.000144
5900 -0.002424
5910 0.000094
5920 0.000024
5930 0.000111
5940 -0.000039
5950 0.000101
5960 0.000157
5970 0.000122
5980 0.000242
5990 0.000021
6000 0.000209
6010 -0.000036
6020 -0.000297
6030 0.000078
6040 -0.000154
6050 0.000126
6060 0.000148
6070 0.000112
6080 0.000086
6090 -0.000951
6100 0.000164
6110 0.000074
6120 0.000014
6130 0.000130
6140 0.000188
6150 -0.000032
6160 0.000171
6170 -0.000004
6180 0.000082
6190 0.000120
6200 0.000201
6210 0.000070
6220 0.000071
6230 0.000136
6240 0.000121
6250 0.000105
6260 -0.000140
6270 -0.000008
6280 0.000271
6290 0.000154
6300 0.000091
6310 0.000016
6320 0.000115
6330 0.000415
6340 -0.000186
6350 0.000046
6360 0.000169
6370 0.000095
6380 0.000233
6390 0.000058
6400 0.000165
6410 0.000138
6420 0.000061
6430 0.000084
6440 -0.000061
6450 0.000121
6460 0.000177
6470 0.000093
6480 -0.000016
6490 0.000013
6500 -0.000798
6510 0.000133
6520 0.000087
6530 0.000005
6540 0.000276
6550 0.000134
6560 0.000183
6570 -0.000004
6580 0.000109
6590 0.000051
6600 0.000146
6610 0.000197
6620 -0.000247
6630 0.000125
6640 -0.000006
6650 -0.000006
6660 0.000005
6670 -0.000129
6680 -0.000343
6690 0.000074
6700 0.000058
6710 0.000196
6720 -0.000801
6730 -0.000016
6740 0.000076
6750 0.000124
6760 0.000114
6770 0.000111
6780 0.000020
6790 0.000068
6800 0.000284
6810 0.000107
6820 -0.000274
6830 0.000038
6840 -0.000002
6850 0.000125
6860 -0.000009
6870 0.000013
6880 0.000129
6890 -0.001155
6900 0.000120
6910 -0.000006
6920 -0.000048
6930 0.000060
6940 0.000186
6950 0.000018
6960 0.000172
6970 0.000153
6980 0.000109
6990 0.000122
7000 -0.000041
7010 -0.000008
7020 -0.000051
7030 -0.000671
7040 -0.000354
7050 0.000182
7060 -0.000248
7070 -0.000250
7080 0.000093
7090 0.000139
7100 0.000062
7110 0.000020
7120 -0.000009
7130 0.000070
7140 0.000127
7150 0.000153
7160 0.000125
7170 -0.000031
7180 0.000094
7190 -0.000099
7200 0.000076
7210 0.000021
7220 0.000194
7230 -0.000029
7240 0.000074
7250 0.000006
7260 -0.000240
7270 -0.000117
7280 0.000393
7290 0.000027
7300 0.000135
7310 0.000115
7320 -0.000004
7330 0.000212
7340 0.000132
7350 -0.000112
7360 -0.000003
7370 0.000134
7380 0.000129
7390 0.000097
7400 0.000161
7410 0.000188
7420 0.000149
7430 0.000142
7440 -0.000294
7450 0.000048
7460 -0.000447
7470 -0.000010
7480 -0.000033
7490 0.000041
7500 0.000165
7510 0.000166
7520 0.000112
7530 -0.000432
7540 -0.000153
7550 0.000025
7560 -0.000102
7570 0.000090
7580 0.000237
7590 0.000055
7600 0.000183
7610 -0.000131
7620 -0.000285
7630 0.000008
7640 0.000002
7650 0.000026
7660 0.000123
7670 0.000092
7680 -0.000006
7690 0.000125
7700 0.000021
7710 0.000141
7720 -0.000162
7730 0.000227
7740 0.000270
7750 0.000123
7760 0.000960
7770 0.000137
7780 0.000215
7790 0.000025
7800 -0.000086
7810 0.000111
7820 -0.000090
7830 0.000164
7840 0.000176
7850 0.000232
7860 0.000162
7870 0.000121
7880 -0.000154
7890 0.000129
7900 0.000142
7910 0.000067
7920 0.000019
7930 0.000087
7940 0.000207
7950 0.000147
7960 -0.000114
7970 -0.000121
7980 0.000027
7990 -0.000019
8000 -0.000060
8010 -0.000020
8020 -0.000180
8030 0.000017
8040 0.000074
8050 0.000085
8060 -0.000008
8070 0.000048
8080 0.000068
8090 0.000145
8100 -0.000331
8110 0.000095
8120 -0.000012
8130 0.000236
8140 0.000118
8150 0.000223
8160 0.000089
8170 0.000095
8180 -0.000061
8190 0.000002
8200 0.000010
8210 -0.000122
8220 0.000228
8230 0.000127
8240 0.000216
8250 0.000013
8260 -0.000029
8270 -0.000189
8280 0.000108
8290 -0.000024
8300 0.000128
8310 0.000037
8320 0.000035
8330 0.000173
8340 -0.000157
8350 -0.000117
8360 0.000088
8370 0.000113
8380 0.000130
8390 -0.000087
8400 0.000117
8410 0.000205
8420 -0.000244
8430 -0.000056
8440 -0.000234
8450 0.000056
8460 0.000126
8470 0.000199
8480 -0.000075
8490 -0.000080
8500 0.000098
8510 -0.000017
8520 0.000252
8530 -0.000015
8540 0.000068
8550 0.000031
8560 0.000133
8570 -0.000021
8580 0.000195
8590 0.000054
8600 -0.000109
8610 0.000077
8620 -0.000088
8630 -0.000132
8640 -0.000149
8650 0.000050
8660 -0.000018
8670 -0.000067
8680 0.000096
8690 -0.000075
8700 0.000067
8710 0.000102
8720 -0.000288
8730 0.000109
8740 -0.000107
8750 -0.000084
8760 0.000120
8770 0.000091
8780 0.000023
8790 -0.000113
8800 -0.000037
8810 0.000013
8820 0.000118
8830 0.000051
8840 0.000392
8850 -0.000117
8860 0.000085
8870 -0.000150
8880 -0.000056
8890 0.000041
8900 -0.000102
8910 -0.000019
8920 -0.000038
8930 0.000102
8940 0.000113
8950 0.000366
8960 -0.000106
8970 0.000243
8980 0.000104
8990 0.000004
9000 -0.000117
9010 -0.000007
9020 -0.000104
9030 0.000163
9040 0.000098
9050 0.000072
9060 -0.000035
9070 0.000118
9080 -0.000070
9090 -0.000010
9100 -0.000052
9110 0.000212
9120 0.000101
9130 -0.000137
9140 0.000162
9150 -0.000144
9160 -0.000042
9170 -0.000003
9180 -0.000016
9190 0.000068
9200 -0.000050
9210 -0.000191
9220 -0.000006
9230 0.000017
9240 0.000051
9250 0.000063
9260 -0.000015
9270 0.000067
9280 -0.000042
9290 -0.000088
9300 -0.000016
9310 0.000077
9320 0.000166
9330 -0.000033
9340 0.000764
9350 0.000047
9360 0.000141
9370 0.000124
9380 0.000003
9390 -0.000116
9400 -0.000116
9410 -0.000024
9420 -0.000121
9430 -0.000108
9440 -0.000121
9450 0.000030
9460 0.000218
9470 -0.000129
9480 -0.000022
9490 0.000048
9500 0.000128
9510 0.000107
9520 0.000033
9530 -0.000069
9540 0.000034
9550 -0.000061
9560 -0.000085
9570 0.000050
9580 0.000391
9590 0.000008
9600 0.000081
9610 -0.000602
9620 0.000097
9630 0.000021
9640 0.000041
9650 0.000126
9660 0.000032
9670 -0.000024
9680 -0.000004
9690 0.000038
9700 -0.000010
9710 -0.000141
9720 -0.000017
9730 -0.000063
9740 0.000034
9750 0.000062
9760 0.000019
9770 0.000071
9780 0.000099
9790 0.000130
9800 -0.000021
9810 -0.000032
9820 0.000056
9830 -0.000167
9840 0.000017
9850 -0.000005
9860 0.000068
9870 0.000039
9880 0.000089
9890 0.000032
9900 0.000166
9910 0.000032
9920 0.000063
9930 -0.000003
9940 0.000098
9950 0.000035
9960 -0.000025
9970 -0.000039
9980 -0.000002
9990 -0.000102
10000 -0.000012
10010 -0.000116
10020 0.000047
10030 0.000056
10040 0.000008
10050 0.000100
10060 -0.000021
10070 -0.000015
10080 0.000031
10090 0.000076
10100 0.000062
10110 0.000002
10120 -0.000005
10130 -0.000045
10140 -0.000026
10150 -0.000061
10160 -0.000047
10170 0.000049
10180 -0.000033
10190 0.000004
10200 -0.000017
10210 0.000063
10220 0.000079
10230 -0.000088
10240 0.000020
10250 -0.000031
10260 0.000005
10270 -0.000066
10280 -0.000045
10290 -0.000024
10300 -0.000096
10310 0.000098
10320 0.000006
10330 -0.000109
10340 -0.000005
10350 0.000083
10360 -0.000046
10370 0.000077
10380 0.000057
10390 0.000035
10400 -0.000101
10410 -0.000001
10420 0.000028
10430 0.000016
10440 -0.000075
10450 -0.000023
10460 -0.000028
10470 0.000010
10480 0.000125
10490 -0.000085
10500 -0.000010
10510 -0.000006
10520 0.000030
10530 -0.000101
10540 0.000014
10550 -0.000013
10560 0.000030
10570 0.000076
10580 -0.000079
10590 -0.000014
10600 0.000007
10610 -0.000023
10620 0.000055
10630 0.000040
10640 0.000007
10650 0.000005
10660 -0.000018
10670 0.000006
10680 0.000029
10690 -0.000007
10700 -0.000043
10710 -0.000019
10720 0.000015
10730 -0.000077
10740 -0.000054
10750 0.000043
10760 0.000080
10770 0.000150
10780 0.000054
10790 -0.000119
10800 0.000157
10810 0.000050
10820 -0.000022
10830 -0.000054
10840 0.000058
10850 0.000000
10860 0.000055
10870 0.000056
10880 -0.000003
10890 -0.000015
10900 -0.000034
10910 -0.000029
10920 0.000063
10930 -0.000030
10940 -0.000005
10950 -0.000041
10960 -0.000054
10970 -0.000072
10980 -0.000036
10990 -0.000010
11000 -0.000059
11010 0.000044
11020 0.000007
11030 -0.000103
11040 0.000092
11050 0.000036
11060 -0.000112
11070 0.000080
11080 -0.000052
11090 -0.000043
11100 -0.000013
11110 -0.000023
11120 0.000020
11130 -0.000018
11140 0.000029
11150 0.000086
11160 -0.000097
11170 0.000015
11180 0.000017
11190 0.000057
11200 0.000029
11210 0.000003
11220 -0.000103
11230 0.000047
11240 -0.000061
11250 -0.000034
11260 -0.000008
11270 -0.000071
11280 0.000090
11290 -0.000034
11300 -0.000024
11310 0.000011
11320 0.000002
11330 0.000045
11340 0.000048
11350 0.000003
11360 0.000016
11370 -0.000067
11380 0.000035
11390 -0.000015
11400 -0.000099
11410 0.000028
11420 0.000027
11430 -0.000032
11440 0.000029
11450 0.000048
11460 -0.000016
11470 -0.000100
11480 -0.000035
11490 0.000007
11500 -0.000002
11510 -0.000085
11520 -0.000045
11530 -0.000122
11540 0.000016
11550 -0.000018
11560 -0.000174
11570 0.000068
11580 0.000052
11590 -0.000068
11600 0.000014
11610 -0.000121
11620 -0.000053
11630 -0.000051
11640 -0.000018
11650 0.000049
11660 -0.000001
11670 -0.000013
11680 -0.000019
11690 0.000005
11700 -0.000087
11710 -0.000115
11720 -0.000001
11730 0.000099
11740 -0.000053
11750 -0.000023
11760 0.000090
11770 0.000025
11780 0.000064
11790 0.000011
11800 -0.000100
11810 -0.000164
11820 0.000129
11830 0.000068
11840 0.000002
11850 0.000030
11860 0.000208
11870 -0.000030
11880 -0.000077
11890 0.000005
11900 0.000140
11910 0.000017
11920 0.000011
11930 0.000018
11940 0.000019
11950 0.000026
11960 0.000074
11970 0.000019
11980 -0.000016
11990 -0.000030
12000 -0.000003
12010 0.000012
12020 0.000096
12030 0.000369
12040 -0.000085
12050 0.000081
12060 0.000014
12070 0.000043
12080 0.000016
12090 -0.000096
12100 0.000002
12110 0.000012
12120 -0.000110
12130 -0.000052
12140 0.000002
12150 0.000007
12160 -0.000037
12170 -0.000048
12180 -0.000042
12190 -0.000049
12200 -0.000014
12210 -0.000027
12220 -0.000040
12230 0.000005
12240 0.000003
12250 0.000015
12260 0.000054
12270 -0.000038
12280 -0.000071
12290 -0.000055
12300 0.000019
12310 -0.000008
12320 0.000046
12330 0.000003
12340 0.000097
12350 0.000057
12360 -0.000025
12370 -0.000000
12380 0.000056
12390 -0.000011
12400 0.000031
12410 0.000071
12420 -0.000001
12430 0.000010
12440 -0.000046
12450 -0.000062
12460 -0.000031
12470 -0.000051
12480 0.000141
12490 0.000048
12500 -0.000015
12510 0.000049
12520 -0.000017
12530 0.000073
12540 -0.000026
12550 0.000046
12560 -0.000037
12570 -0.000018
12580 0.000031
12590 -0.000037
12600 0.000058
12610 0.000064
12620 0.000080
12630 0.000027
12640 -0.000112
12650 -0.000007
12660 0.000036
12670 -0.000024
12680 -0.000011
12690 0.000010
12700 0.000025
12710 -0.000003
12720 0.000008
12730 -0.000012
12740 0.000049
12750 0.000017
12760 0.000015
12770 -0.000034
12780 -0.000032
12790 0.000040
12800 0.000031
12810 -0.000050
12820 0.000110
12830 -0.000019
12840 0.000064
12850 0.000095
12860 -0.000023
12870 0.000011
12880 -0.000006
12890 0.000094
12900 0.000013
12910 -0.000047
12920 -0.000022
12930 0.000013
12940 -0.000018
12950 0.000035
12960 -0.000037
12970 -0.000102
12980 -0.000059
12990 -0.000033
13000 -0.000019
13010 0.000049
13020 0.000034
13030 -0.000005
13040 -0.000031
13050 -0.000017
13060 0.000001
13070 0.000019
13080 -0.000006
13090 0.000084
13100 0.000017
13110 -0.000034
13120 0.000056
13130 -0.000216
13140 0.000005
13150 0.000069
13160 0.000043
13170 -0.000001
13180 -0.000003
13190 0.000119
13200 0.000061
13210 0.000019
13220 0.000033
13230 0.000089
13240 0.000015
13250 0.000006
13260 -0.000001
13270 0.000006
13280 0.000040
13290 -0.000025
13300 -0.000033
13310 -0.000053
13320 0.000029
13330 -0.000028
13340 -0.000015
13350 -0.000026
13360 -0.000056
13370 -0.000006
13380 0.000020
13390 -0.000054
13400 0.000024
13410 0.000070
13420 -0.000007
13430 -0.000028
13440 -0.000009
13450 -0.000161
13460 0.000052
13470 -0.000005
13480 -0.000053
13490 0.000027
13500 0.000043
13510 -0.000001
13520 0.000086
13530 0.000041
13540 -0.000067
13550 -0.000014
13560 -0.000023
13570 0.000117
13580 -0.000050
13590 0.000029
13600 0.000027
13610 -0.000049
13620 -0.000104
13630 -0.000061
13640 0.000003
13650 -0.000042
13660 0.000034
13670 0.000023
13680 -0.000046
13690 -0.000016
13700 -0.000015
13710 -0.000032
13720 -0.000036
13730 0.000029
13740 0.000107
13750 0.000034
13760 0.000050
13770 -0.000022
13780 -0.000004
13790 0.000097
13800 -0.000029
13810 0.000046
13820 0.000005
13830 0.000000
13840 -0.000056
13850 0.000005
13860 0.000015
13870 0.000043
13880 -0.000036
13890 0.000041
13900 0.000118
13910 -0.000018
13920 -0.000019
13930 -0.000002
13940 -0.000028
13950 -0.000040
13960 0.000033
13970 -0.000003
13980 0.000054
13990 -0.000019
14000 -0.000040
14010 0.000002
14020 -0.000006
14030 -0.000002
14040 0.000033
14050 -0.000042
14060 0.000027
14070 0.000051
14080 0.000012
14090 0.000013
14100 0.000052
14110 0.000070
14120 -0.000001
14130 0.000025
14140 0.000029
14150 -0.000007
14160 -0.000008
14170 0.000002
14180 0.000077
14190 0.000013
14200 0.000004
14210 0.000050
14220 0.000020
14230 -0.000022
14240 0.000067
14250 0.000066
14260 -0.000022
14270 0.000041
14280 0.000068
14290 0.000080
14300 -0.000011
14310 -0.000073
14320 -0.000030
14330 0.000055
14340 -0.000008
14350 -0.000098
14360 -0.000033
14370 -0.000068
14380 -0.000060
14390 -0.000007
14400 0.000025
14410 -0.000011
14420 -0.000064
14430 -0.000069
14440 0.000031
14450 -0.000003
14460 0.000009
14470 -0.000004
14480 0.000004
14490 0.000011
14500 -0.000005
14510 -0.000034
14520 -0.000001
14530 -0.000051
14540 0.000012
14550 0.000053
14560 -0.000083
14570 0.000014
14580 -0.000022
14590 0.000047
14600 -0.000037
14610 0.000027
14620 -0.000046
14630 -0.000027
14640 -0.000033
14650 0.000009
14660 -0.000046
14670 0.000010
14680 0.000040
14690 0.000073
14700 0.000022
14710 -0.000068
14720 0.000016
14730 0.000018
14740 0.000009
14750 -0.000003
14760 -0.000094
14770 0.000040
14780 -0.000012
14790 -0.000008
14800 -0.000014
14810 0.000015
14820 -0.000068
14830 -0.000020
14840 -0.000006
14850 -0.000047
14860 0.000013
14870 0.000085
14880 0.000027
14890 -0.000089
14900 0.000023
14910 0.000001
14920 0.000015
14930 0.000014
14940 -0.000014
14950 -0.000024
14960 0.000132
14970 -0.000042
14980 0.000031
14990 -0.000129
15000 0.000049
15010 0.000069
15020 0.000040
15030 -0.000007
15040 0.000077
15050 -0.000003
15060 -0.000014
15070 0.000037
15080 0.000014
15090 0.000022
15100 -0.000005
15110 0.000045
15120 -0.000042
15130 -0.000080
15140 0.000072
15150 0.000190
15160 -0.000048
15170 0.000060
15180 -0.000019
15190 0.000042
15200 0.000029
15210 -0.000039
15220 0.000091
15230 -0.000002
15240 0.000003
15250 -0.000082
15260 -0.000007
15270 0.000053
15280 0.000040
15290 0.000001
15300 0.000098
15310 0.000056
15320 0.000027
15330 -0.000037
15340 -0.000061
15350 0.000007
15360 -0.000064
15370 -0.000085
15380 -0.000046
15390 -0.000006
15400 0.000023
15410 -0.000062
15420 -0.000004
15430 -0.000011
15440 -0.000045
15450 0.000050
15460 0.000029
15470 0.000029
15480 0.000039
15490 0.000012
15500 0.000002
15510 0.000036
15520 0.000038
15530 -0.000013
15540 -0.000046
15550 -0.000054
15560 0.000030
15570 0.000013
15580 -0.000089
15590 -0.000003
15600 0.000012
15610 0.000015
15620 -0.000066
15630 -0.000000
15640 -0.000017
15650 -0.000030
15660 0.000021
15670 0.000013
15680 -0.000039
15690 0.000071
15700 0.000020
15710 0.000000
15720 -0.000033
15730 0.000042
15740 -0.000086
15750 0.000034
15760 -0.000082
15770 -0.000012
15780 0.000069
15790 0.000024
15800 -0.000075
15810 0.000052
15820 0.000096
15830 -0.000021
15840 -0.000006
15850 0.000035
15860 0.000006
15870 0.000021
15880 -0.000096
15890 0.000003
15900 0.000027
15910 0.000069
15920 -0.000058
15930 0.000035
15940 0.000026
15950 -0.000002
15960 -0.000023
15970 -0.000060
15980 -0.000023
15990 0.000013
16000 -0.000006
16010 0.000006
16020 0.000020
16030 -0.000016
16040 0.000046
16050 -0.000034
16060 -0.000032
16070 -0.000026
16080 0.000079
16090 -0.000027
16100 -0.000021
16110 0.000034
16120 0.000056
16130 0.000053
16140 -0.000023
16150 -0.000008
16160 0.000060
16170 -0.000001
16180 0.000005
16190 -0.000084
16200 0.000086
16210 0.000008
16220 0.000084
16230 0.000017
16240 -0.000012
16250 -0.000021
16260 0.000009
16270 -0.000034
16280 0.000065
16290 0.000057
16300 0.000098
16310 0.000067
16320 0.000044
16330 -0.000034
16340 0.000024
16350 -0.000029
16360 0.000015
16370 -0.000044
16380 0.000003
16390 -0.000069
16400 -0.000050
16410 0.000047
16420 -0.000015
16430 -0.000047
16440 -0.000056
16450 -0.000009
16460 0.000109
16470 -0.000057
16480 -0.000037
16490 0.000015
16500 -0.000019
16510 0.000042
16520 -0.000008
16530 -0.000038
16540 0.000005
16550 0.000102
16560 0.000007
16570 0.000015
16580 0.000010
16590 0.000003
16600 0.000046
16610 0.000012
16620 0.000006
16630 -0.000029
16640 0.000023
16650 -0.000044
16660 -0.000014
16670 -0.000025
16680 0.000041
16690 -0.000081
16700 0.000052
16710 0.000065
16720 0.000041
16730 0.000047
16740 -0.000026
16750 -0.000037
16760 0.000007
16770 0.000006
16780 0.000031
16790 0.000017
16800 0.000075
16810 -0.000046
16820 0.000037
16830 -0.000025
16840 -0.000008
16850 0.000014
16860 0.000083
16870 -0.000021
16880 -0.000013
16890 -0.000068
16900 0.000017
16910 0.000011
16920 0.000070
16930 -0.000061
16940 0.000024
16950 -0.000180
16960 0.000050
16970 -0.000030
16980 0.000044
16990 -0.000101
17000 0.000025
17010 0.000001
17020 -0.000087
17030 -0.000010
17040 0.000035
17050 -0.000006
17060 -0.000036
17070 0.000001
17080 -0.000020
17090 -0.000240
17100 0.000058
17110 0.000047
17120 0.000030
17130 0.000030
17140 0.000020
17150 -0.000396
17160 -0.000053
17170 0.000067
17180 -0.000029
17190 0.000006
17200 0.000033
17210 0.000021
17220 -0.000004
17230 0.000007
17240 0.000074
17250 0.000008
17260 0.000014
17270 0.000047
17280 0.000005
17290 0.000104
17300 -0.000009
17310 0.000080
17320 -0.000024
17330 -0.000107
17340 -0.000019
17350 0.000042
17360 0.000016
17370 0.000058
17380 0.000073
17390 -0.000042
17400 -0.000102
17410 0.000000
17420 0.000269
17430 -0.000029
17440 0.000065
17450 0.000000
17460 -0.000046
17470 0.000021
17480 -0.000099
17490 -0.000003
17500 0.000027
17510 -0.000020
17520 0.000073
17530 -0.000053
17540 0.000023
17550 -0.000012
17560 -0.000000
17570 0.000033
17580 0.000014
17590 0.000052
17600 -0.000065
17610 -0.000024
17620 -0.000017
17630 -0.000146
17640 0.000024
17650 -0.000014
17660 0.000060
17670 0.000043
17680 -0.000012
17690 0.000021
17700 -0.000039
17710 0.000015
17720 -0.000032
17730 -0.000002
17740 0.000036
17750 0.000050
17760 0.000041
17770 -0.000038
17780 -0.000054
17790 -0.000010
17800 -0.000042
17810 0.000014
17820 0.000031
17830 -0.000013
17840 -0.000012
17850 0.000034
17860 -0.000004
17870 -0.000017
17880 0.000038
17890 -0.000032
17900 -0.000034
17910 -0.000018
17920 0.000097
17930 0.000007
17940 -0.000018
17950 0.000029
17960 0.000142
17970 -0.000091
17980 -0.000016
17990 0.000017
18000 0.000055
18010 0.000012
18020 0.000000
18030 -0.000030
18040 -0.000094
18050 0.000034
18060 0.000178
18070 0.000024
18080 -0.000071
18090 0.000006
18100 -0.000033
18110 -0.000015
18120 0.000074
18130 -0.000022
18140 -0.000009
18150 -0.000044
18160 0.000012
18170 -0.000033
18180 -0.000079
18190 0.000034
18200 0.000021
18210 0.000035
18220 0.000041
18230 -0.000020
18240 0.000049
18250 -0.000011
18260 -0.000017
18270 -0.000001
18280 -0.000019
18290 -0.000048
18300 -0.000060
18310 0.000038
18320 -0.000043
18330 -0.000009
18340 0.000024
18350 -0.000029
18360 0.000025
18370 -0.000022
18380 0.000109
18390 0.000034
18400 0.000051
18410 0.000024
18420 0.000053
18430 0.000041
18440 -0.000011
18450 0.000010
18460 -0.000082
18470 0.000036
18480 0.000010
18490 -0.000049
18500 0.000003
18510 0.000025
18520 0.000019
18530 0.000110
18540 -0.000020
18550 0.000113
18560 0.000039
18570 -0.000147
18580 0.000052
18590 0.000030
18600 0.000091
18610 0.000001
18620 -0.000015
18630 -0.000020
18640 0.000026
18650 -0.000022
18660 -0.000039
18670 0.000045
18680 -0.000055
18690 -0.000046
18700 -0.000056
18710 -0.000009
18720 -0.000011
18730 0.000030
18740 0.000004
18750 -0.000009
18760 0.000119
18770 -0.000095
18780 0.000051
18790 -0.000011
18800 0.000030
18810 0.000003
18820 0.000002
18830 -0.000005
18840 0.000022
18850 0.000038
18860 -0.000052
18870 -0.000001
18880 -0.000013
18890 0.000028
18900 0.000026
18910 -0.000008
18920 -0.000004
18930 -0.000006
18940 0.000031
18950 0.000064
18960 0.000009
18970 0.000003
18980 0.000073
18990 -0.000048
19000 0.000090
19010 -0.000060
19020 -0.000039
19030 -0.000050
19040 -0.000003
19050 -0.000067
19060 0.000024
19070 -0.000044
19080 0.000066
19090 0.000022
19100 -0.000019
19110 0.000071
19120 -0.000032
19130 0.000014
19140 0.000023
19150 -0.000051
19160 -0.000031
19170 0.000012
19180 0.000124
19190 -0.000079
19200 -0.000040
19210 0.000046
19220 0.000045
19230 0.000209
19240 -0.000037
19250 -0.000003
19260 0.000047
19270 -0.000009
19280 0.000086
19290 -0.000009
19300 0.000007
19310 0.000053
19320 0.000016
19330 0.000035
19340 -0.000012
19350 0.000056
19360 -0.000159
19370 0.000052
19380 0.000008
19390 -0.000038
19400 0.000115
19410 -0.000124
19420 -0.000005
19430 -0.000014
19440 0.000052
19450 0.000030
19460 0.000023
19470 0.000036
19480 -0.000077
19490 -0.000044
19500 0.000020
19510 -0.000028
19520 -0.000007
19530 0.000046
19540 0.000001
19550 -0.000039
19560 0.000044
19570 -0.000018
19580 -0.000000
19590 -0.000052
19600 0.000040
19610 0.000023
19620 0.000016
19630 -0.000134
19640 -0.000014
19650 -0.000026
19660 -0.000008
19670 -0.000041
19680 -0.000000
19690 -0.000034
19700 -0.000047
19710 0.000011
19720 0.000024
19730 0.000037
19740 -0.000083
19750 0.000002
19760 -0.000019
19770 0.000032
19780 0.000074
19790 0.000047
19800 0.000053
19810 -0.000007
19820 0.000030
19830 0.000097
19840 0.000021
19850 -0.000015
19860 -0.000005
19870 0.000007
19880 -0.000059
19890 -0.000003
19900 -0.000058
19910 0.000053
19920 -0.000002
19930 -0.000006
19940 -0.000010
19950 0.000024
19960 0.000090
19970 0.000024
19980 0.000041
19990 -0.000064
20000 0.000003
20010 0.000014
20020 -0.000031
20030 0.000000
20040 0.000096
20050 0.000002
20060 -0.000003
20070 0.000040
20080 -0.000085
20090 0.000017
20100 -0.000034
20110 -0.000043
20120 -0.000029
20130 0.000006
20140 0.000068
20150 0.000028
20160 0.000000
20170 0.000021
20180 0.000012
20190 0.000003
20200 -0.000009
20210 -0.000034
20220 0.000021
20230 0.000035
20240 0.000018
20250 -0.000058
20260 -0.000009
20270 0.000027
20280 0.000042
20290 -0.000042
20300 -0.000036
20310 -0.000029
20320 -0.000013
20330 0.000001
20340 -0.000048
20350 0.000004
20360 -0.000020
20370 0.000202
20380 -0.000018
20390 0.000001
20400 0.000012
20410 0.000034
20420 0.000043
20430 0.000027
20440 -0.000015
20450 -0.000010
20460 0.000016
20470 0.000009
20480 0.000001
20490 -0.000014
20500 -0.000055
20510 0.000006
20520 0.000014
20530 -0.000020
20540 -0.000006
20550 0.000149
20560 -0.000038
20570 -0.000022
20580 0.000092
20590 0.000014
20600 -0.000002
20610 0.000018
20620 0.000010
20630 0.000030
20640 -0.000003
20650 0.000123
20660 -0.000086
20670 0.000002
20680 0.000021
20690 -0.000004
20700 -0.000039
20710 0.000023
20720 0.000020
20730 0.000044
20740 -0.000017
20750 0.000019
20760 0.000006
20770 0.000025
20780 0.000048
20790 -0.000019
20800 -0.000018
20810 -0.000023
20820 0.000043
20830 0.000088
20840 0.000007
20850 -0.000007
20860 -0.000037
20870 0.000012
20880 -0.000068
20890 -0.000051
20900 0.000062
20910 0.000025
20920 0.000042
20930 0.000004
20940 0.000034
20950 0.000071
20960 -0.000037
20970 0.000076
20980 0.000011
20990 -0.000054
21000 0.000087
21010 0.000029
21020 0.000030
21030 -0.000020
21040 0.000025
21050 -0.000017
21060 0.000054
21070 0.000016
21080 -0.000034
21090 0.000042
21100 -0.000038
21110 0.000035
21120 0.000024
21130 -0.000145
21140 0.000056
21150 0.000026
21160 0.000083
21170 0.000010
21180 0.000033
21190 0.000018
21200 0.000035
21210 0.000081
21220 0.000012
21230 0.000006
21240 -0.000046
21250 0.000011
21260 -0.000013
21270 0.000033
21280 0.000033
21290 -0.000011
21300 -0.000000
21310 -0.000007
21320 -0.000001
21330 0.000034
21340 0.000000
21350 -0.000015
21360 -0.000050
21370 -0.000014
21380 0.000018
21390 0.000032
21400 0.000079
21410 -0.000058
21420 -0.000035
21430 0.000038
21440 -0.000014
21450 -0.000011
21460 0.000051
21470 -0.000044
21480 -0.000060
21490 -0.000037
21500 0.000019
21510 0.000005
21520 -0.000031
21530 -0.000011
21540 -0.000062
21550 -0.000039
21560 0.000009
21570 0.000035
21580 0.000025
21590 0.000035
21600 -0.000001
21610 0.000028
21620 -0.000046
21630 0.000098
21640 0.000010
21650 -0.000024
21660 -0.000007
21670 -0.000057
21680 0.000037
21690 0.000106
21700 -0.000039
21710 -0.000054
21720 -0.000007
21730 -0.000033
21740 0.000004
21750 0.000024
21760 -0.000018
21770 0.000052
21780 -0.000020
21790 -0.000021
21800 -0.000022
21810 -0.000149
21820 0.000060
21830 -0.000000
21840 -0.000017
21850 -0.000009
21860 0.000007
21870 -0.000027
21880 0.000087
21890 0.000021
21900 0.000058
21910 0.000004
21920 0.000030
21930 0.000020
21940 -0.000004
21950 -0.000098
21960 -0.000007
21970 0.000009
21980 0.000013
21990 0.000015
22000 0.000055
22010 -0.000001
22020 -0.000005
22030 -0.000025
22040 0.000033
22050 0.000030
22060 -0.000024
22070 -0.000043
22080 0.000025
22090 -0.000061
22100 0.000026
22110 -0.000030
22120 0.000051
22130 -0.000006
22140 0.000033
22150 -0.000065
22160 -0.000112
22170 -0.000016
22180 0.000045
22190 -0.000016
22200 0.000039
22210 -0.000015
22220 0.000017
22230 -0.000048
22240 0.000029
22250 0.000004
22260 -0.000031
22270 0.000013
22280 0.000004
22290 0.000026
22300 0.000025
22310 -0.000008
22320 0.000054
22330 0.000015
22340 -0.000001
22350 0.000038
22360 0.000010
22370 0.000034
22380 -0.000043
22390 0.000003
22400 -0.000019
22410 -0.000005
22420 -0.000012
22430 -0.000039
22440 0.000014
22450 -0.000106
22460 0.000090
22470 0.000001
22480 -0.000027
22490 -0.000008
22500 -0.000026
22510 -0.000027
22520 -0.000063
22530 -0.000015
22540 -0.000022
22550 0.000060
22560 -0.000094
22570 0.000200
22580 -0.000024
22590 0.000025
22600 0.000012
22610 -0.000051
22620 -0.000031
22630 -0.000018
22640 -0.000053
22650 0.000004
22660 -0.000027
22670 0.000027
22680 0.000021
22690 -0.000028
22700 0.000047
22710 -0.000031
22720 -0.000020
22730 0.000004
22740 -0.000016
22750 0.000042
22760 -0.000008
22770 0.000041
22780 -0.000028
22790 -0.000005
22800 0.000029
22810 -0.000016
22820 0.000071
22830 0.000012
22840 -0.000024
22850 0.000017
22860 -0.000045
22870 -0.000001
22880 0.000003
22890 0.000082
22900 0.000026
22910 0.000005
22920 0.000032
22930 0.000001
22940 0.000024
22950 0.000015
22960 -0.000090
22970 0.000044
22980 0.000021
22990 -0.000004
23000 0.000006
23010 -0.000033
23020 0.000046
23030 0.000047
23040 0.000031
23050 -0.000032
23060 0.000034
23070 0.000006
23080 -0.000025
23090 -0.000046
23100 0.000005
23110 0.000039
23120 0.000035
23130 0.000232
23140 0.000051
23150 -0.000026
23160 -0.000036
23170 0.000016
23180 0.000128
23190 0.000056
23200 0.000014
23210 -0.000026
23220 -0.000004
23230 0.000004
23240 0.000006
23250 0.000041
23260 0.000029
23270 -0.000071
23280 -0.000048
23290 -0.000024
23300 0.000013
23310 -0.000022
23320 -0.000042
23330 0.000035
23340 -0.000051
23350 0.000020
23360 -0.000027
23370 0.000020
23380 -0.000002
23390 0.000023
23400 0.000044
23410 0.000083
23420 0.000007
23430 0.000019
23440 0.000009
23450 0.000035
23460 0.000037
23470 -0.000063
23480 -0.000048
23490 0.000041
23500 -0.000010
23510 -0.000002
23520 -0.000000
23530 0.000073
23540 -0.000032
23550 0.000025
23560 0.000006
23570 0.000046
23580 0.000010
23590 0.000156
23600 0.000023
23610 0.000028
23620 0.000026
23630 -0.000002
23640 0.000016
23650 -0.000044
23660 0.000000
23670 -0.000035
23680 0.000021
23690 0.000012
23700 -0.000078
23710 0.000062
23720 0.000002
23730 0.000051
23740 0.000018
23750 -0.000002
23760 0.000029
23770 -0.000008
23780 0.000028
23790 0.000028
23800 -0.000023
23810 0.000051
23820 0.000010
23830 0.000028
23840 -0.000020
23850 -0.000023
23860 -0.000044
23870 -0.000003
23880 -0.000001
23890 0.000031
23900 -0.000064
23910 0.000010
23920 0.000032
23930 0.000021
23940 -0.000001
23950 0.000017
23960 0.000022
23970 0.000009
23980 0.000004
23990 -0.000035
24000 -0.000015
24010 0.000029
24020 0.000045
24030 -0.000067
24040 0.000043
24050 -0.000018
24060 -0.000037
24070 0.000027
24080 -0.000070
24090 -0.000001
24100 0.000024
24110 0.000022
24120 -0.000039
24130 -0.000009
24140 0.000038
24150 0.000034
24160 0.000020
24170 -0.000082
24180 -0.000071
24190 0.000005
24200 0.000005
24210 0.000052
24220 0.000007
24230 0.000005
24240 0.000003
24250 0.000000
24260 -0.000022
24270 0.000010
24280 0.000019
24290 -0.000008
24300 0.000046
24310 -0.000043
24320 0.000010
24330 -0.000027
24340 0.000029
24350 0.000052
24360 0.000017
24370 -0.000016
24380 0.000020
24390 0.000045
24400 -0.000039
24410 0.000038
24420 0.000046
24430 0.000031
24440 -0.000013
24450 0.000004
24460 0.000017
24470 0.000059
24480 0.000106
24490 0.000018
24500 0.000047
24510 -0.000008
24520 0.000055
24530 -0.000005
24540 -0.000009
24550 -0.000018
24560 0.000022
24570 -0.000018
24580 0.000067
24590 0.000029
24600 0.000006
24610 0.000047
24620 -0.000008
24630 -0.000002
24640 -0.000005
24650 -0.000000
24660 0.000006
24670 -0.000011
24680 0.000001
24690 0.000077
24700 -0.000023
24710 0.000012
24720 -0.000021
24730 -0.000024
24740 -0.000010
24750 0.000004
24760 -0.000016
24770 0.000077
24780 -0.000000
24790 0.000033
24800 -0.000008
24810 -0.000092
24820 -0.000004
24830 0.000003
24840 0.000052
24850 -0.000023
24860 0.000022
24870 0.000013
24880 0.000206
24890 0.000006
24900 0.000056
24910 0.000057
24920 0.000030
24930 0.000023
24940 0.000010
24950 -0.000033
24960 -0.000032
24970 -0.000006
24980 0.000028
24990 0.000219
25000 -0.000067
25010 -0.000046
25020 -0.000015
25030 0.000055
25040 0.000031
25050 -0.000043
25060 0.000027
25070 0.000011
25080 0.000037
25090 0.000132
25100 -0.000002
25110 0.000092
25120 -0.000077
25130 0.000025
25140 0.000030
25150 0.000002
25160 0.000025
25170 -0.000083
25180 0.000017
25190 -0.000007
25200 0.000001
25210 -0.000014
25220 0.000026
25230 0.000029
25240 -0.000009
25250 0.000111
25260 -0.000054
25270 -0.000025
25280 -0.000021
25290 0.000050
25300 0.000013
25310 0.000015
25320 -0.000038
25330 -0.000029
25340 0.000031
25350 0.000004
25360 -0.000032
25370 0.000010
25380 -0.000054
25390 -0.000001
25400 0.000029
25410 0.000006
25420 -0.000007
25430 0.000006
25440 0.000037
25450 -0.000029
25460 0.000087
25470 0.000008
25480 0.000017
25490 0.000043
25500 0.000171
25510 0.000065
25520 0.000003
25530 0.000013
25540 -0.000025
25550 -0.000013
25560 0.000004
25570 0.000007
25580 -0.000017
25590 -0.000018
25600 -0.000006
25610 0.000011
25620 0.000012
25630 -0.000008
25640 -0.000029
25650 -0.000009
25660 0.000045
25670 0.000007
25680 0.000005
25690 0.000007
25700 0.000009
25710 0.000023
25720 0.000023
25730 -0.000021
25740 0.000017
25750 0.000040
25760 -0.000017
25770 -0.000016
25780 -0.000114
25790 -0.000029
25800 -0.000004
25810 -0.000290
25820 -0.000228
25830 -0.000016
25840 0.000062
25850 -0.000086
25860 0.000029
25870 0.000008
25880 0.000035
25890 -0.000002
25900 0.000035
25910 0.000040
25920 0.000014
25930 0.000001
25940 0.000037
25950 -0.000009
25960 -0.000027
25970 0.000005
25980 -0.000021
25990 -0.000030
26000 -0.000063
26010 0.000037
26020 -0.000040
26030 0.000009
26040 -0.000030
26050 -0.000003
26060 -0.000006
26070 -0.000026
26080 -0.000029
26090 0.000017
26100 -0.000045
26110 -0.000038
26120 -0.000018
26130 -0.000044
26140 0.000001
26150 -0.000057
26160 -0.000055
26170 -0.000029
26180 -0.000003
26190 0.000007
26200 0.000011
26210 -0.000002
26220 0.000023
26230 -0.000007
26240 0.000012
26250 0.000018
26260 -0.000011
26270 0.000002
26280 0.000050
26290 -0.000004
26300 0.000017
26310 -0.000004
26320 -0.000004
26330 -0.000071
26340 -0.000029
26350 -0.000003
26360 0.000009
26370 0.000000
26380 0.000005
26390 0.000026
26400 0.000007
26410 -0.000013
26420 0.000396
26430 -0.000031
26440 0.000008
26450 -0.000022
26460 0.000026
26470 -0.000031
26480 -0.000015
26490 -0.000065
26500 -0.000019
26510 0.000004
26520 0.000017
26530 0.000178
26540 -0.000005
26550 -0.000041
26560 -0.000002
26570 -0.000074
26580 0.000038
26590 -0.000056
26600 -0.000013
26610 -0.000301
26620 0.000013
26630 -0.000047
26640 -0.000040
26650 0.000012
26660 -0.000003
26670 0.000030
26680 0.000008
26690 0.000035
26700 0.000010
26710 0.000010
26720 0.000004
26730 0.000065
26740 0.000049
26750 -0.000013
26760 0.000016
26770 -0.000019
26780 0.000024
26790 0.000016
26800 0.000266
26810 -0.000019
26820 -0.000041
26830 0.000080
26840 0.001056
26850 -0.000002
26860 -0.000007
26870 -0.000001
26880 -0.000006
26890 -0.000052
26900 0.000007
26910 -0.000016
26920 -0.000030
26930 -0.000000
26940 0.000119
26950 -0.000024
26960 -0.000006
26970 -0.000029
26980 -0.000006
26990 0.000004
27000 0.000004
27010 0.000010
27020 0.000011
27030 0.000032
27040 0.000018
27050 -0.000027
27060 0.000001
27070 -0.000007
27080 0.000038
27090 0.000009
27100 -0.000071
27110 0.000008
27120 0.000019
27130 -0.000007
27140 0.000031
27150 -0.000014
27160 -0.000004
27170 -0.000003
27180 0.000009
27190 -0.000021
27200 -0.000032
27210 0.000019
27220 0.000002
27230 -0.000030
27240 0.000031
27250 0.000014
27260 -0.000016
27270 0.000017
27280 -0.000001
27290 0.000008
27300 -0.000038
27310 -0.000016
27320 0.000010
27330 0.000374
27340 -0.000060
27350 -0.000008
27360 -0.000032
27370 -0.000036
27380 0.000005
27390 0.000013
27400 0.000019
27410 0.000038
27420 0.000020
27430 0.000040
27440 0.000015
27450 0.000041
27460 0.000033
27470 -0.000012
27480 0.000015
27490 -0.000006
27500 -0.000010
27510 -0.000017
27520 0.000021
27530 0.000051
27540 -0.000001
27550 0.000011
27560 0.000084
27570 0.000021
27580 -0.000035
27590 0.000015
27600 0.000002
27610 -0.000002
27620 0.000023
27630 0.000020
27640 0.000024
27650 0.000004
27660 0.000009
27670 0.000118
27680 0.000003
27690 -0.000002
27700 -0.000057
27710 0.000047
27720 -0.000032
27730 0.000002
27740 0.000068
27750 0.000018
27760 -0.000020
27770 0.000014
27780 -0.000039
27790 0.000033
27800 -0.000009
27810 -0.000000
27820 0.000071
27830 0.000182
27840 -0.000019
27850 0.000061
27860 0.000007
27870 0.000017
27880 0.000014
27890 -0.000018
27900 0.000005
27910 -0.000017
27920 -0.000015
27930 0.000024
27940 0.000001
27950 -0.000047
27960 -0.000056
27970 -0.000008
27980 -0.000005
27990 0.000002
28000 0.000018
28010 -0.000016
28020 0.000037
28030 0.000002
28040 0.000004
28050 -0.000062
28060 0.000013
28070 -0.000033
28080 0.000010
28090 -0.000069
28100 0.000035
28110 0.000008
28120 0.000039
28130 -0.000016
28140 0.000002
28150 0.000033
28160 0.000018
28170 0.000062
28180 0.000028
28190 0.000095
28200 0.000001
28210 0.000025
28220 0.000023
28230 0.000035
28240 0.000005
28250 0.000029
28260 0.000027
28270 -0.000031
28280 -0.000006
28290 -0.000009
28300 -0.000006
28310 -0.000032
28320 0.000053
28330 -0.000016
28340 -0.000010
28350 -0.000005
28360 -0.000016
28370 -0.000013
28380 0.000009
28390 -0.000023
28400 0.000006
28410 0.000055
28420 -0.000027
28430 -0.000064
28440 0.000003
28450 0.000015
28460 0.000025
28470 -0.000009
28480 0.000006
28490 0.000030
28500 0.000019
28510 0.000005
28520 -0.000050
28530 0.000027
28540 0.000015
28550 -0.000004
28560 -0.000009
28570 0.000025
28580 -0.000000
28590 0.000005
28600 -0.000005
28610 0.000030
28620 0.000050
28630 0.000076
28640 -0.000006
28650 0.000010
28660 0.000004
28670 0.000051
28680 -0.000038
28690 -0.000035
28700 0.000005
28710 0.000010
28720 -0.000034
28730 0.000080
28740 0.000000
28750 0.000041
28760 0.000019
28770 -0.000034
28780 -0.000009
28790 -0.000003
28800 -0.000016
28810 0.000030
28820 0.000000
28830 -0.000048
28840 -0.000019
28850 0.000030
28860 0.000018
28870 -0.000014
28880 -0.000112
28890 0.000004
28900 0.000029
28910 0.000032
28920 -0.000035
28930 -0.000075
28940 0.000115
28950 -0.000038
28960 0.000008
28970 0.000006
28980 -0.000011
28990 0.000022
29000 0.000015
29010 0.000004
29020 -0.000022
29030 0.000060
29040 -0.000003
29050 0.000020
29060 0.000001
29070 -0.000009
29080 -0.000015
29090 -0.000010
29100 -0.000007
29110 -0.000023
29120 -0.000014
29130 -0.000039
29140 0.000010
29150 -0.000018
29160 0.000005
29170 0.000023
29180 -0.000085
29190 -0.000013
29200 0.000026
29210 -0.000013
29220 0.000032
29230 0.000018
29240 0.000047
29250 0.000037
29260 0.000007
29270 0.000025
29280 0.000007
29290 -0.000012
29300 0.000011
29310 -0.000006
29320 0.000014
29330 0.000010
29340 0.000027
29350 -0.000032
29360 0.000008
29370 0.000005
29380 -0.000001
29390 0.000004
29400 -0.000001
29410 -0.000029
29420 0.000025
29430 0.000035
29440 -0.000026
29450 -0.000008
29460 -0.000038
29470 -0.000006
29480 -0.000012
29490 0.000005
29500 0.000010
29510 0.000003
29520 -0.000005
29530 -0.000003
29540 -0.000118
29550 0.000041
29560 -0.000007
29570 0.000021
29580 0.000053
29590 -0.000013
29600 0.000021
29610 0.000001
29620 -0.000035
29630 0.000100
29640 0.000003
29650 -0.000069
29660 -0.000001
29670 0.000032
29680 0.000010
29690 0.000013
29700 -0.000017
29710 -0.000022
29720 -0.000039
29730 -0.000006
29740 0.000000
29750 0.000027
29760 -0.000006
29770 0.000045
29780 -0.000276
29790 0.000021
29800 -0.000005
29810 -0.000055
29820 -0.000041
29830 -0.000017
29840 -0.000005
29850 -0.000009
29860 -0.000031
29870 0.000019
29880 0.000297
29890 -0.000060
29900 0.000002
29910 -0.000014
29920 -0.000082
29930 -0.000034
29940 -0.000007
29950 -0.000018
29960 0.000021
29970 -0.000034
29980 0.000041
29990 0.000225
30000 0.000043
30010 -0.000029
30020 0.000012
30030 -0.000019
30040 0.000040
30050 0.000002
30060 -0.000002
30070 -0.000001
30080 0.000017
30090 0.000033
30100 -0.000026
30110 0.000035
30120 0.000007
30130 0.000026
30140 0.000064
30150 0.000029
30160 -0.000030
30170 -0.000025
30180 0.000011
30190 0.000397
30200 -0.000020
30210 -0.000116
30220 -0.000013
30230 0.000000
30240 -0.000034
30250 0.000002
30260 0.000040
30270 0.000012
30280 0.000029
30290 -0.000013
30300 0.000009
30310 0.000182
30320 -0.000004
30330 -0.000035
30340 0.000035
30350 0.000002
30360 -0.000020
30370 0.000013
30380 0.000016
30390 -0.000041
30400 -0.000004
30410 0.000004
30420 0.000035
30430 -0.000035
30440 0.000027
30450 0.000032
30460 0.000015
30470 -0.000002
30480 -0.000053
30490 0.000020
30500 -0.000025
30510 0.000081
30520 -0.000060
30530 -0.000019
30540 -0.000004
30550 -0.000023
30560 0.000013
30570 0.000039
30580 0.000010
30590 0.000026
30600 0.000005
30610 -0.000020
30620 0.000005
30630 0.000009
30640 -0.000017
30650 -0.000021
30660 0.000013
30670 -0.000013
30680 0.000016
30690 -0.000025
30700 -0.000002
30710 0.000021
30720 -0.000011
30730 0.000010
30740 0.000004
30750 0.000006
30760 0.000050
30770 0.000008
30780 -0.000034
30790 0.000003
30800 0.000017
30810 0.000025
30820 -0.000009
30830 0.000005
30840 -0.000048
30850 -0.000026
30860 0.000005
30870 0.000011
30880 0.000103
30890 0.000020
30900 -0.000015
30910 0.000027
30920 -0.000014
30930 0.000028
30940 0.000003
30950 -0.000061
30960 0.000028
30970 -0.000040
30980 -0.000021
30990 -0.000113
31000 0.000000
31010 -0.000016
31020 0.000009
31030 0.000029
31040 0.000040
31050 -0.000013
31060 0.000015
31070 0.000080
31080 -0.000012
31090 -0.000017
31100 -0.000001
31110 0.000030
31120 0.000004
31130 0.000025
31140 -0.000015
31150 0.000677
31160 0.000000
31170 -0.000002
31180 0.000001
31190 0.000019
31200 -0.000005
31210 0.000017
31220 0.000038
31230 -0.000026
31240 -0.000000
31250 -0.000015
31260 -0.000003
31270 0.000009
31280 0.000033
31290 -0.000016
31300 0.000034
31310 0.000008
31320 0.000027
31330 0.000021
31340 -0.000037
31350 -0.000011
31360 -0.000013
31370 0.000019
31380 -0.000034
31390 0.000008
31400 0.000008
31410 -0.000022
31420 0.000008
31430 -0.000011
31440 0.000015
31450 0.000007
31460 -0.000035
31470 -0.000000
31480 0.000016
31490 -0.000007
31500 -0.000030
31510 -0.000040
31520 0.000005
31530 0.000001
31540 0.000016
31550 0.000000
31560 0.000023
31570 -0.000022
31580 -0.000020
31590 -0.000036
31600 0.000016
31610 -0.000012
31620 0.000009
31630 0.000020
31640 -0.000015
31650 -0.000001
31660 0.000012
31670 0.000006
31680 -0.000166
31690 -0.000035
31700 0.000004
31710 0.000037
31720 0.000001
31730 0.000294
31740 0.000057
31750 0.000010
31760 -0.000018
31770 0.000011
31780 0.000056
31790 0.000001
31800 0.000030
31810 -0.000003
31820 0.000013
31830 0.000030
31840 0.000070
31850 -0.000004
31860 0.000047
31870 -0.000002
31880 -0.000007
31890 -0.000028
31900 0.000011
31910 0.000010
31920 0.000012
31930 0.000003
31940 0.000008
31950 0.000002
31960 0.000013
31970 0.000004
31980 0.000043
31990 0.000005
32000 0.000011
32010 -0.000023
32020 -0.000035
32030 -0.000040
32040 -0.000087
32050 -0.000013
32060 0.000039
32070 -0.000012
32080 -0.000004
32090 -0.000025
32100 0.000003
32110 0.000001
32120 0.000056
32130 -0.000025
32140 0.000002
32150 0.000016
32160 -0.000005
32170 -0.000002
32180 0.000004
32190 0.000027
32200 0.000031
32210 -0.000025
32220 0.000003
32230 -0.000018
32240 0.000024
32250 0.000028
32260 -0.000005
32270 0.000003
32280 0.000022
32290 -0.000013
32300 0.000039
32310 0.000000
32320 0.000012
32330 0.000002
32340 -0.000009
32350 0.000004
32360 -0.000005
32370 -0.000042
32380 -0.000004
32390 0.000012
32400 0.000010
32410 -0.000005
32420 0.000005
32430 -0.000027
32440 -0.000098
32450 0.000007
32460 -0.000024
32470 0.000013
32480 -0.000046
32490 0.000022
32500 -0.000015
32510 -0.000031
32520 -0.000005
32530 -0.000009
32540 -0.000040
32550 -0.000029
32560 -0.000003
32570 -0.000002
32580 0.000010
32590 -0.000001
32600 -0.000135
32610 -0.000026
32620 0.000011
32630 0.000014
32640 0.000007
32650 0.000023
32660 0.000012
32670 -0.000029
32680 0.000009
32690 0.000036
32700 0.000003
32710 -0.000012
32720 0.000006
32730 -0.000024
32740 -0.000020
32750 0.000005
32760 0.000007
32770 0.000022
32780 -0.000013
32790 0.000009
32800 -0.000023
32810 -0.000009
32820 -0.000013
32830 0.000005
32840 -0.000002
32850 0.000001
32860 -0.000023
32870 -0.000031
32880 -0.000020
32890 0.000019
32900 -0.000008
32910 -0.000029
32920 0.000027
32930 0.000012
32940 0.000005
32950 0.000012
32960 -0.000022
32970 -0.000051
32980 0.000003
32990 0.000017
33000 0.000032
33010 -0.000042
33020 0.000022
33030 0.000024
33040 0.000055
33050 0.000007
33060 -0.000013
33070 0.000027
33080 -0.000200
33090 -0.000005
33100 -0.000010
33110 -0.000056
33120 -0.000032
33130 -0.000003
33140 -0.000010
33150 0.000050
33160 0.000026
33170 0.000094
33180 -0.000036
33190 -0.000016
33200 0.000016
33210 0.000048
33220 0.000070
33230 0.000034
33240 -0.000025
33250 0.000002
33260 -0.000014
33270 0.000007
33280 -0.000000
33290 -0.000013
33300 0.000004
33310 -0.000001
33320 0.000017
33330 0.000008
33340 0.000004
33350 0.000008
33360 0.000034
33370 0.000004
33380 0.000001
33390 -0.000002
33400 0.000046
33410 -0.000023
33420 -0.000013
33430 0.000011
33440 0.000001
33450 -0.000009
33460 -0.000005
33470 -0.000002
33480 0.000019
33490 0.000011
33500 -0.000007
33510 0.000007
33520 0.000024
33530 0.000006
33540 0.000058
33550 -0.000004
33560 -0.000004
33570 -0.000025
33580 0.000027
33590 -0.000000
33600 -0.000004
33610 0.000005
33620 -0.000021
33630 -0.000024
33640 -0.000118
33650 0.000038
33660 0.000004
33670 -0.000019
33680 0.000011
33690 -0.000043
33700 -0.000015
33710 -0.000006
33720 -0.000012
33730 -0.000105
33740 -0.000005
33750 0.000008
33760 -0.000004
33770 0.000003
33780 -0.000007
33790 0.000006
33800 -0.000017
33810 0.000035
33820 -0.000026
33830 0.000059
33840 0.000011
33850 0.000003
33860 -0.000003
33870 0.000006
33880 -0.000005
33890 -0.000005
33900 -0.000044
33910 -0.000013
33920 -0.000008
33930 0.000003
33940 -0.000006
33950 0.000056
33960 0.000013
33970 -0.000000
33980 0.000012
33990 0.000004
34000 -0.000017
34010 -0.000004
34020 0.000014
34030 0.000470
34040 0.000045
34050 0.000019
34060 -0.000017
34070 -0.000011
34080 -0.000026
34090 -0.000007
34100 -0.000015
34110 0.000037
34120 -0.000006
34130 -0.000004
34140 0.000019
34150 -0.000015
34160 -0.000065
34170 0.000010
34180 0.000009
34190 -0.000007
34200 0.000014
34210 0.000032
34220 -0.000009
34230 -0.000023
34240 0.000007
34250 -0.000012
34260 0.000027
34270 0.000028
34280 -0.000002
34290 -0.000004
34300 -0.000007
34310 0.000051
34320 0.000014
34330 -0.000032
34340 0.000022
34350 0.000012
34360 -0.000068
34370 -0.000037
34380 -0.000010
34390 0.000007
34400 -0.000016
34410 -0.000060
34420 -0.000025
34430 -0.000023
34440 0.000011
34450 -0.000052
34460 0.000069
34470 -0.000023
34480 -0.000029
34490 0.000012
34500 -0.000016
34510 -0.000018
34520 0.000015
34530 -0.000058
34540 0.000010
34550 -0.000001
34560 -0.000006
34570 0.000020
34580 0.000017
34590 -0.000014
34600 -0.000001
34610 -0.000002
34620 0.000002
34630 -0.000055
34640 0.000018
34650 -0.000017
34660 0.000014
34670 0.000019
34680 -0.000027
34690 0.000006
34700 -0.000011
34710 0.000051
34720 0.000036
34730 0.000015
34740 -0.000002
34750 0.000026
34760 0.000026
34770 0.000024
34780 0.000005
34790 0.000000
34800 -0.000049
34810 0.000027
34820 -0.000081
34830 0.000001
34840 0.000027
34850 -0.000018
34860 0.000004
34870 0.000019
34880 0.000018
34890 -0.000052
34900 0.000046
34910 0.000009
34920 -0.000030
34930 -0.000040
34940 0.000023
34950 0.000004
34960 0.000008
34970 -0.000026
34980 -0.000001
34990 -0.000005
35000 0.000010
35010 -0.000001
35020 0.000002
35030 -0.000008
35040 -0.000010
35050 -0.000019
35060 0.000001
35070 0.000002
35080 0.000003
35090 0.000111
35100 -0.000031
35110 -0.000007
35120 0.000012
35130 0.000028
35140 0.000012
35150 -0.000045
35160 0.000013
35170 0.000027
35180 0.000038
35190 -0.000011
35200 -0.000019
35210 0.000014
35220 -0.000013
35230 -0.000043
35240 0.000023
35250 0.000023
35260 0.000000
35270 -0.000116
35280 0.000034
35290 0.000015
35300 0.000001
35310 0.000084
35320 0.000007
35330 -0.000041
35340 -0.000020
35350 -0.000005
35360 0.000000
35370 -0.000077
35380 0.000010
35390 -0.000015
35400 0.000006
35410 -0.000024
35420 0.000028
35430 0.000017
35440 0.000000
35450 0.000002
35460 0.000027
35470 0.000005
35480 0.000019
35490 0.000021
35500 -0.000017
35510 -0.000016
35520 0.000031
35530 0.000025
35540 -0.000002
35550 -0.000003
35560 0.000000
35570 -0.000005
35580 0.000012
35590 0.000032
35600 0.000016
35610 0.000007
35620 -0.000004
35630 0.000021
35640 0.000022
35650 -0.000008
35660 0.000142
35670 0.000028
35680 0.000022
35690 -0.000007
35700 0.000005
35710 -0.000001
35720 -0.000008
35730 0.000016
35740 -0.000003
35750 -0.000011
35760 0.000317
35770 -0.000007
35780 0.000008
35790 0.000138
35800 -0.000039
35810 0.000015
35820 -0.000002
35830 0.008260
35840 -0.000020
35850 0.000002
35860 -0.000047
35870 0.000072
35880 0.000007
35890 -0.000035
35900 0.000019
35910 -0.000018
35920 -0.000004
35930 -0.000012
35940 -0.000020
35950 -0.000011
35960 0.000008
35970 -0.000008
35980 -0.000023
35990 0.000004
36000 0.000015
36010 -0.000015
36020 -0.000025
36030 0.000070
36040 0.000106
36050 -0.000012
36060 -0.000009
36070 -0.000018
36080 -0.000006
36090 -0.000010
36100 -0.000000
36110 -0.000011
36120 0.000032
36130 -0.000018
36140 -0.000006
36150 0.000000
36160 -0.000015
36170 -0.000015
36180 0.000006
36190 -0.000032
36200 -0.000009
36210 -0.000079
36220 -0.000003
36230 0.000003
36240 0.000017
36250 0.000005
36260 -0.000026
36270 0.000015
36280 0.000008
36290 0.000015
36300 0.000040
36310 -0.000028
36320 0.000006
36330 -0.000004
36340 0.000003
36350 0.000006
36360 -0.000008
36370 0.000003
36380 0.000019
36390 -0.000010
36400 -0.000024
36410 -0.000016
36420 -0.000021
36430 0.000005
36440 -0.000016
36450 -0.000002
36460 0.000026
36470 -0.000012
36480 0.000005
36490 -0.000016
36500 0.000006
36510 0.000042
36520 -0.000001
36530 0.000017
36540 0.000022
36550 0.000005
36560 0.000011
36570 -0.000025
36580 -0.000019
36590 -0.000071
36600 -0.000006
36610 0.000014
36620 -0.000002
36630 -0.000015
36640 -0.000010
36650 0.000017
36660 -0.000001
36670 0.000009
36680 0.000011
36690 -0.000018
36700 -0.000021
36710 0.000015
36720 -0.000001
36730 -0.000021
36740 -0.000069
36750 -0.000045
36760 0.000024
36770 0.000053
36780 -0.000003
36790 0.000013
36800 0.000002
36810 -0.000016
36820 -0.000002
36830 0.000018
36840 0.000024
36850 0.000008
36860 -0.000013
36870 0.000018
36880 -0.000037
36890 -0.000013
36900 -0.000012
36910 -0.000050
36920 0.000039
36930 0.000005
36940 -0.000018
36950 -0.000055
36960 -0.000020
36970 -0.000007
36980 0.000021
36990 -0.000007
37000 -0.000021
37010 -0.000007
37020 -0.000025
37030 0.000014
37040 0.000020
37050 -0.000009
37060 0.000041
37070 -0.000006
37080 0.000011
37090 0.000026
37100 0.000011
37110 -0.000016
37120 -0.000035
37130 -0.000006
37140 0.000001
37150 -0.000015
37160 0.000031
37170 -0.000007
37180 0.000016
37190 -0.000006
37200 0.000029
37210 -0.000021
37220 0.000007
37230 -0.000020
37240 0.000005
37250 -0.000006
37260 0.000020
37270 -0.000053
37280 0.000012
37290 -0.000001
37300 -0.000012
37310 0.000014
37320 0.000003
37330 -0.000013
37340 -0.000013
37350 -0.000020
37360 -0.000004
37370 0.000004
37380 0.000001
37390 0.000011
37400 0.000005
37410 -0.000022
37420 -0.000011
37430 -0.000015
37440 -0.000001
37450 0.000075
37460 0.000011
37470 -0.000002
37480 0.000025
37490 -0.000004
37500 -0.000013
37510 0.000023
37520 0.000038
37530 0.000006
37540 0.000003
37550 0.000016
37560 0.000017
37570 -0.000008
37580 0.000012
37590 -0.000008
37600 0.000031
37610 0.000032
37620 0.000001
37630 -0.000050
37640 -0.000014
37650 -0.000018
37660 0.000003
37670 0.000089
37680 -0.000005
37690 0.000135
37700 0.000002
37710 -0.000009
37720 -0.000002
37730 0.000052
37740 -0.000010
37750 -0.000045
37760 0.000002
37770 -0.000004
37780 -0.000301
37790 -0.000158
37800 -0.000003
37810 -0.000027
37820 -0.000009
37830 -0.000052
37840 0.000002
37850 -0.000017
37860 -0.000003
37870 -0.000010
37880 0.000023
37890 -0.000012
37900 -0.000016
37910 0.000023
37920 -0.000043
37930 -0.000001
37940 -0.000022
37950 0.000013
37960 -0.000011
37970 0.000013
37980 0.000057
37990 0.000010
38000 0.006653
38010 -0.000001
38020 0.000010
38030 0.000005
38040 -0.000006
38050 -0.000026
38060 -0.000035
38070 -0.000013
38080 0.000018
38090 -0.000075
38100 -0.000000
38110 -0.000015
38120 0.000017
38130 0.000017
38140 -0.000001
38150 -0.000016
38160 -0.000025
38170 0.000036
38180 0.000007
38190 -0.000008
38200 0.000028
38210 0.000005
38220 0.000033
38230 -0.000011
38240 -0.000059
38250 0.000004
38260 0.000029
38270 0.000024
38280 -0.000045
38290 0.000001
38300 -0.000004
38310 0.000012
38320 0.000025
38330 0.000003
38340 0.000014
38350 0.000021
38360 0.000009
38370 0.000024
38380 0.000040
38390 -0.000005
38400 0.000009
38410 0.000016
38420 -0.000012
38430 -0.000007
38440 -0.000024
38450 0.000005
38460 -0.000009
38470 -0.000012
38480 -0.000009
38490 -0.000005
38500 -0.000017
38510 -0.000004
38520 -0.000058
38530 0.000014
38540 0.000522
38550 -0.000004
38560 0.000006
38570 -0.000030
38580 0.000012
38590 0.000009
38600 0.000014
38610 -0.000007
38620 0.000021
38630 -0.000115
38640 0.000029
38650 -0.000032
38660 -0.000002
38670 0.000008
38680 0.000044
38690 -0.000023
38700 -0.000009
38710 -0.000006
38720 0.000031
38730 0.000002
38740 0.000032
38750 -0.000038
38760 -0.000014
38770 -0.000074
38780 -0.000027
38790 -0.000014
38800 -0.000014
38810 0.000012
38820 0.000005
38830 0.000006
38840 0.000014
38850 0.000006
38860 -0.000036
38870 -0.000020
38880 -0.000010
38890 -0.000010
38900 0.000259
38910 0.000002
38920 -0.000003
38930 0.000020
38940 0.000010
38950 -0.000011
38960 -0.000018
38970 0.000042
38980 -0.000021
38990 -0.000024
39000 0.000006
39010 -0.000011
39020 -0.000006
39030 0.000005
39040 0.000010
39050 0.000008
39060 -0.000025
39070 0.000015
39080 0.000008
39090 -0.000005
39100 -0.000018
39110 -0.000036
39120 0.000023
39130 -0.000019
39140 0.000092
39150 -0.000020
39160 0.000029
39170 -0.000023
39180 -0.000018
39190 0.000008
39200 -0.000013
39210 0.000023
39220 0.000002
39230 -0.000021
39240 -0.000004
39250 -0.000001
39260 -0.000023
39270 0.000018
39280 -0.000001
39290 0.000023
39300 -0.000013
39310 -0.000002
39320 -0.000011
39330 -0.000026
39340 0.000008
39350 -0.000007
39360 0.000036
39370 0.000023
39380 -0.000008
39390 0.000006
39400 -0.000030
39410 -0.000011
39420 0.000005
39430 0.000001
39440 0.000009
39450 -0.000003
39460 0.000011
39470 0.000051
39480 0.000028
39490 0.000087
39500 0.000027
39510 0.000002
39520 -0.000031
39530 -0.000008
39540 0.000012
39550 -0.000002
39560 0.000007
39570 -0.000027
39580 0.000002
39590 -0.000030
39600 0.000006
39610 0.000010
39620 -0.000009
39630 0.000015
39640 -0.000283
39650 0.000046
39660 -0.000002
39670 -0.000024
39680 -0.000006
39690 -0.000007
39700 -0.000012
39710 0.000009
39720 -0.000016
39730 0.000023
39740 0.000350
39750 0.000002
39760 -0.000002
39770 0.000016
39780 -0.000050
39790 0.000040
39800 -0.000041
39810 0.000333
39820 -0.000140
39830 -0.000008
39840 0.000086
39850 0.000016
39860 0.000019
39870 -0.000000
39880 0.000023
39890 -0.000078
39900 0.000010
39910 -0.000007
39920 -0.000012
39930 -0.001206
39940 -0.000002
39950 0.000030
39960 0.000018
39970 0.000027
39980 -0.000010
39990 -0.000018
40000 0.000042
40010 0.000010
40020 0.000397
40030 -0.000013
40040 0.000010
40050 0.000008
40060 -0.000004
40070 -0.000026
40080 -0.000008
40090 0.000004
40100 0.000019
40110 -0.000000
40120 0.000006
40130 0.000033
40140 0.000013
40150 0.000005
40160 0.000008
40170 0.000003
40180 0.000005
40190 0.000012
40200 -0.000084
40210 -0.000014
40220 -0.000049
40230 0.000027
40240 -0.000002
40250 0.000012
40260 0.000414
40270 -0.000034
40280 0.000006
40290 -0.000033
40300 0.000002
40310 0.000007
40320 0.000007
40330 -0.000007
40340 -0.000015
40350 -0.000021
40360 -0.000008
40370 -0.000052
40380 0.000010
40390 0.000016
40400 -0.000304
40410 -0.000000
40420 -0.000004
40430 0.000023
40440 -0.000007
40450 0.000002
40460 0.000031
40470 0.000027
40480 0.000001
40490 -0.000008
40500 0.000012
40510 0.000022
40520 -0.000005
40530 0.000034
40540 -0.000028
40550 0.000009
40560 -0.000002
40570 -0.000023
40580 -0.000017
40590 0.000016
40600 -0.000016
40610 -0.000018
40620 0.000019
40630 0.000014
40640 -0.000037
40650 -0.000009
40660 -0.000006
40670 -0.000002
40680 0.000009
40690 0.000144
40700 -0.000052
40710 -0.000032
40720 0.000022
40730 -0.000016
40740 0.000003
40750 -0.000010
40760 0.000020
40770 0.000009
40780 -0.000018
40790 0.000026
40800 0.000001
40810 -0.000002
40820 -0.000023
40830 -0.000001
40840 -0.000015
40850 -0.000015
40860 0.000025
40870 0.000026
40880 -0.000014
40890 -0.000007
40900 0.000002
40910 0.000036
40920 0.000018
40930 0.000006
40940 0.000031
40950 0.000004
40960 -0.000013
40970 0.000005
40980 -0.000095
40990 -0.000004
41000 -0.000012
41010 0.000038
41020 -0.000002
41030 -0.000055
41040 0.000011
41050 0.000011
41060 0.000010
41070 -0.000002
41080 0.000011
41090 0.000006
41100 0.000013
41110 0.000017
41120 -0.000017
41130 0.000007
41140 -0.000030
41150 0.000011
41160 -0.000020
41170 -0.000040
41180 0.000002
41190 0.000011
41200 0.000007
41210 -0.000026
41220 0.000054
41230 0.000005
41240 -0.000028
41250 -0.000004
41260 -0.000012
41270 -0.000036
41280 -0.000021
41290 -0.000009
41300 0.000030
41310 -0.000011
41320 0.000041
41330 0.000329
41340 -0.000006
41350 0.000023
41360 0.000013
41370 -0.000026
41380 -0.000018
41390 0.000010
41400 0.000007
41410 0.000011
41420 -0.000011
41430 -0.000025
41440 0.000008
41450 0.000032
41460 0.000002
41470 -0.000034
41480 -0.000057
41490 0.000021
41500 0.000067
41510 0.000072
41520 0.000011
41530 0.000013
41540 -0.000015
41550 0.000000
41560 0.000007
41570 0.000023
41580 0.000018
41590 -0.000017
41600 0.000024
41610 0.000022
41620 0.000001
41630 -0.000014
41640 0.000010
41650 0.000006
41660 -0.000015
41670 0.000027
41680 -0.000011
41690 -0.000007
41700 -0.000023
41710 -0.000019
41720 0.000026
41730 -0.000001
41740 0.000066
41750 0.000010
41760 0.000011
41770 -0.000026
41780 0.000008
41790 -0.000009
41800 -0.000049
41810 -0.000006
41820 -0.000006
41830 0.000053
41840 0.000004
41850 -0.000002
41860 0.000019
41870 -0.000016
41880 -0.000015
41890 -0.000018
41900 0.000008
41910 0.000045
41920 0.000015
41930 0.000001
41940 0.000015
41950 0.000015
41960 0.000009
41970 0.000016
41980 0.000014
41990 0.000002
42000 0.000017
42010 0.000001
42020 -0.000010
42030 -0.000027
42040 0.000006
42050 -0.000016
42060 0.000006
42070 -0.000022
42080 0.000027
42090 0.000006
42100 0.000010
42110 -0.000010
42120 0.000004
42130 -0.000011
42140 -0.000011
42150 -0.000009
42160 -0.000002
42170 0.000010
42180 -0.000015
42190 0.000001
42200 0.000017
42210 -0.000005
42220 0.000003
42230 -0.000002
42240 0.000004
42250 0.000280
42260 0.000003
42270 -0.000022
42280 0.000003
42290 0.000014
42300 -0.000013
42310 -0.000016
42320 0.000010
42330 -0.000001
42340 -0.000007
42350 0.000004
42360 0.000030
42370 0.000011
42380 0.000016
42390 -0.000006
42400 -0.000010
42410 0.000004
42420 0.000006
42430 0.000000
42440 0.000010
42450 -0.000009
42460 -0.000004
42470 0.000018
42480 0.000016
42490 -0.000012
42500 0.000022
42510 0.000000
42520 -0.000021
42530 0.000030
42540 0.000003
42550 -0.000010
42560 -0.000005
42570 0.000005
42580 -0.000012
42590 -0.000011
42600 -0.000005
42610 -0.000026
42620 0.000001
42630 0.000001
42640 -0.000008
42650 -0.000010
42660 0.000624
42670 -0.000014
42680 0.000007
42690 -0.000004
42700 -0.000006
42710 0.000140
42720 0.000018
42730 -0.000002
42740 0.000014
42750 -0.000009
42760 0.000008
42770 -0.000034
42780 -0.000035
42790 -0.000040
42800 0.000009
42810 0.000008
42820 -0.000059
42830 -0.000016
42840 0.000006
42850 -0.000008
42860 0.000016
42870 0.000029
42880 -0.000001
42890 -0.000009
42900 -0.000016
42910 0.000003
42920 0.000032
42930 0.000005
42940 -0.000022
42950 0.000012
42960 -0.000023
42970 0.000013
42980 -0.000011
42990 -0.000015
43000 -0.000055
43010 0.000003
43020 0.000025
43030 -0.000001
43040 0.000017
43050 0.000008
43060 0.000029
43070 -0.000059
43080 0.000000
43090 -0.000022
43100 0.000005
43110 -0.000025
43120 -0.000018
43130 0.000006
43140 -0.000012
43150 -0.000030
43160 -0.000006
43170 -0.000014
43180 0.000004
43190 0.000003
43200 -0.000021
43210 0.000158
43220 0.000592
43230 0.000039
43240 -0.000006
43250 -0.000047
43260 0.000030
43270 0.000001
43280 0.000074
43290 0.000073
43300 -0.000010
43310 -0.000003
43320 -0.000027
43330 0.000007
43340 -0.000028
43350 -0.000024
43360 0.000012
43370 0.000011
43380 0.000024
43390 0.000044
43400 0.000017
43410 -0.000008
43420 0.000011
43430 0.000011
43440 0.000037
43450 -0.000011
43460 -0.000000
43470 -0.000014
43480 0.000005
43490 -0.000005
43500 0.000016
43510 -0.000008
43520 0.000039
43530 -0.000002
43540 0.000011
43550 -0.000031
43560 0.000001
43570 0.000001
43580 -0.000006
43590 0.000008
43600 0.000090
43610 0.000005
43620 -0.000004
43630 -0.000005
43640 0.000011
43650 0.000012
43660 -0.000010
43670 0.000011
43680 -0.000016
43690 0.000013
43700 -0.000003
43710 0.000060
43720 0.000029
43730 -0.000009
43740 -0.000005
43750 -0.000015
43760 0.000009
43770 0.000008
43780 0.000030
43790 0.000020
43800 0.000034
43810 -0.000015
43820 -0.000023
43830 -0.000132
43840 0.000001
43850 0.000001
43860 -0.000001
43870 -0.000014
43880 0.000014
43890 0.000017
43900 0.000010
43910 -0.000014
43920 -0.000007
43930 0.000013
43940 0.000004
43950 -0.000001
43960 -0.000010
43970 -0.000021
43980 0.000006
43990 0.000011
44000 0.000005
44010 0.000044
44020 -0.000002
44030 0.000005
44040 0.000010
44050 -0.000003
44060 -0.000017
44070 0.000002
44080 0.000017
44090 -0.000003
44100 0.000032
44110 0.000002
44120 0.000011
44130 0.000018
44140 -0.000020
44150 -0.000011
44160 -0.000000
44170 -0.000005
44180 0.000005
44190 0.000003
44200 -0.000015
44210 -0.000007
44220 0.000008
44230 -0.000032
44240 -0.000076
44250 -0.000000
44260 0.000012
44270 -0.000024
44280 0.000016
44290 -0.000015
44300 -0.000000
44310 0.000293
44320 0.000057
44330 0.000011
44340 -0.000001
44350 -0.000086
44360 -0.000002
44370 -0.000007
44380 0.000027
44390 -0.000023
44400 0.000025
44410 0.000005
44420 -0.000020
44430 -0.000014
44440 -0.000036
44450 -0.000024
44460 -0.000011
44470 -0.000012
44480 0.000009
44490 0.000014
44500 -0.000017
44510 0.000019
44520 -0.000015
44530 0.000004
44540 0.000023
44550 -0.000035
44560 -0.000001
44570 -0.000009
44580 0.000005
44590 0.000024
44600 -0.000017
44610 -0.000022
44620 0.000008
44630 -0.000003
44640 -0.000012
44650 -0.000041
44660 -0.000013
44670 0.000015
44680 0.000032
44690 0.000016
44700 -0.000003
44710 -0.000008
44720 -0.000515
44730 -0.000030
44740 -0.000134
44750 -0.000007
44760 -0.000003
44770 0.000002
44780 -0.000006
44790 0.000012
44800 0.000003
44810 0.000000
44820 0.000003
44830 -0.000019
44840 0.000010
44850 -0.000108
44860 0.000012
44870 0.000011
44880 -0.000004
44890 -0.000016
44900 -0.000000
44910 0.000061
44920 -0.000008
44930 -0.000013
44940 -0.000035
44950 0.000101
44960 -0.000036
44970 0.000013
44980 -0.000013
44990 -0.000093
45000 0.000002
45010 -0.000043
45020 0.000081
45030 0.000005
45040 0.000023
45050 0.000117
45060 -0.000025
45070 -0.000017
45080 -0.000007
45090 -0.000007
45100 0.000030
45110 0.000023
45120 -0.000008
45130 -0.000002
45140 -0.000006
45150 -0.000034
45160 -0.000040
45170 -0.000085
45180 0.000043
45190 0.000044
45200 0.000004
45210 0.000022
45220 -0.000008
45230 0.000008
45240 -0.000009
45250 0.000009
45260 -0.000018
45270 0.000014
45280 -0.000007
45290 -0.000025
45300 0.000284
45310 -0.000004
45320 -0.000076
45330 -0.000040
45340 0.000004
45350 0.000028
45360 -0.000005
45370 -0.000077
45380 0.000000
45390 -0.000017
45400 0.000024
45410 0.000009
45420 0.000005
45430 0.000037
45440 -0.000072
45450 0.000007
45460 -0.000004
45470 -0.000012
45480 -0.000002
45490 0.000013
45500 0.000014
45510 -0.000012
45520 0.000172
45530 -0.000006
45540 0.000004
45550 0.000036
45560 0.000005
45570 -0.000019
45580 -0.000025
45590 0.000011
45600 -0.000013
45610 0.000016
45620 0.000023
45630 0.000008
45640 -0.000016
45650 0.000006
45660 0.000011
45670 -0.000029
45680 0.000005
45690 0.000002
45700 0.000027
45710 -0.000005
45720 -0.000009
45730 0.000033
45740 -0.000002
45750 -0.000007
45760 -0.000008
45770 0.000007
45780 -0.000033
45790 -0.000011
45800 0.000005
45810 -0.000008
45820 -0.000007
45830 -0.000004
45840 0.000003
45850 0.000007
45860 0.000104
45870 0.000082
45880 0.000002
45890 0.000021
45900 0.000016
45910 0.000019
45920 0.000003
45930 0.000015
45940 0.000003
45950 -0.000007
45960 0.000001
45970 0.000014
45980 -0.000040
45990 0.000004
46000 -0.000001
46010 0.000010
46020 -0.000019
46030 0.000025
46040 0.000059
46050 0.000074
46060 -0.000017
46070 0.000008
46080 -0.000004
46090 0.000003
46100 0.000008
46110 0.000007
46120 0.000029
46130 -0.000014
46140 0.000008
46150 0.000037
46160 -0.000018
46170 -0.000013
46180 -0.000023
46190 -0.000005
46200 0.000017
46210 0.000010
46220 -0.000008
46230 -0.000009
46240 -0.000016
46250 0.000023
46260 -0.000005
46270 0.000005
46280 -0.000003
46290 0.000021
46300 -0.000012
46310 -0.000008
46320 -0.000018
46330 -0.000043
46340 0.000016
46350 0.000010
46360 -0.000014
46370 0.000005
46380 0.000013
46390 0.000004
46400 0.000001
46410 -0.000020
46420 -0.000028
46430 -0.000020
46440 -0.000001
46450 -0.000004
46460 -0.000253
46470 -0.000008
46480 0.000003
46490 0.000182
46500 0.000006
46510 -0.000004
46520 0.000019
46530 0.000021
46540 -0.000000
46550 0.000001
46560 -0.000014
46570 0.000017
46580 0.000014
46590 0.000016
46600 0.000014
46610 0.000056
46620 -0.000013
46630 0.000020
46640 -0.000010
46650 0.000025
46660 0.000319
46670 -0.000009
46680 0.000009
46690 0.000001
46700 -0.000009
46710 0.000001
46720 0.000019
46730 0.000003
46740 0.000023
46750 0.000000
46760 -0.000021
46770 -0.000014
46780 -0.000067
46790 -0.000016
46800 0.000003
46810 0.000001
46820 0.000014
46830 -0.000018
46840 0.000011
46850 0.000064
46860 0.000009
46870 -0.000043
46880 -0.000019
46890 0.000022
46900 0.000012
46910 0.000010
46920 0.000034
46930 -0.000011
46940 0.000015
46950 -0.000032
46960 -0.000017
46970 0.000008
46980 -0.000025
46990 0.000008
47000 0.000001
47010 -0.000001
47020 -0.000005
47030 -0.000055
47040 0.000001
47050 -0.000039
47060 0.000024
47070 -0.000033
47080 -0.000000
47090 0.000052
47100 -0.000002
47110 -0.000062
47120 -0.000020
47130 0.000010
47140 0.000017
47150 0.000001
47160 -0.000006
47170 0.000310
47180 0.000005
47190 0.000007
47200 0.000034
47210 0.000009
47220 -0.000007
47230 -0.000069
47240 -0.000002
47250 -0.000010
47260 0.000010
47270 0.000020
47280 0.000003
47290 -0.000019
47300 0.000004
47310 0.000184
47320 0.000183
47330 0.000005
47340 0.000010
47350 0.000011
47360 -0.000010
47370 -0.000028
47380 0.000005
47390 -0.000021
47400 0.000027
47410 -0.000029
47420 -0.000001
47430 0.000032
47440 -0.000002
47450 0.000001
47460 0.000026
47470 0.000010
47480 -0.000011
47490 0.000003
47500 -0.000031
47510 0.000006
47520 0.000011
47530 0.000001
47540 0.000040
47550 0.000013
47560 0.000008
47570 0.000009
47580 -0.000012
47590 0.000358
47600 0.000005
47610 0.000015
47620 0.000002
47630 0.000011
47640 -0.000005
47650 -0.000027
47660 -0.000027
47670 0.000250
47680 0.000000
47690 -0.000000
47700 -0.000019
47710 0.000010
47720 -0.000001
47730 0.000007
47740 -0.000008
47750 0.000008
47760 -0.000003
47770 -0.000048
47780 -0.000002
47790 -0.000008
47800 -0.000024
47810 0.000006
47820 -0.000035
47830 -0.000004
47840 0.000025
47850 0.000006
47860 0.000009
47870 -0.000025
47880 0.000014
47890 0.000016
47900 0.000006
47910 -0.000062
47920 -0.000013
47930 0.000000
47940 0.000008
47950 -0.000002
47960 -0.000017
47970 0.000005
47980 -0.000009
47990 0.000016
48000 -0.000013
48010 0.000014
48020 -0.000010
48030 -0.000017
48040 0.000026
48050 0.000005
48060 0.000006
48070 0.000009
48080 0.000025
48090 -0.000016
48100 -0.000002
48110 0.000012
48120 -0.000006
48130 -0.000004
48140 -0.000006
48150 0.000002
48160 -0.000009
48170 -0.000003
48180 -0.000003
48190 0.001020
48200 0.000000
48210 -0.000002
48220 0.000010
48230 0.000107
48240 -0.000007
48250 -0.000016
48260 -0.000007
48270 -0.000013
48280 0.000058
48290 -0.000004
48300 0.000004
48310 0.000012
48320 -0.000010
48330 0.000001
48340 -0.000008
48350 0.000049
48360 0.000011
48370 -0.000005
48380 -0.000004
48390 0.000002
48400 -0.000024
48410 0.000005
48420 -0.000003
48430 -0.000000
48440 -0.000016
48450 -0.000008
48460 0.000017
48470 -0.000033
48480 0.000011
48490 0.000011
48500 0.000013
48510 -0.000002
48520 0.000012
48530 0.000002
48540 0.000032
48550 -0.000008
48560 0.000004
48570 0.000008
48580 0.000018
48590 -0.000036
48600 0.000019
48610 -0.000004
48620 0.000003
48630 0.000005
48640 -0.000015
48650 -0.000010
48660 -0.000011
48670 0.000011
48680 -0.000031
48690 0.000061
48700 -0.000013
48710 -0.000058
48720 -0.000004
48730 -0.000038
48740 -0.000016
48750 -0.000004
48760 0.000085
48770 -0.000006
48780 0.000001
48790 0.000003
48800 -0.000000
48810 -0.000013
48820 0.000100
48830 -0.000021
48840 0.000007
48850 0.000009
48860 0.000016
48870 -0.000020
48880 0.000010
48890 -0.000027
48900 -0.000029
48910 -0.000031
48920 -0.000011
48930 0.000011
48940 0.000014
48950 -0.000005
48960 0.000022
48970 0.000014
48980 -0.000005
48990 0.000010
49000 -0.000011
49010 -0.000011
49020 -0.000015
49030 0.000045
49040 0.000005
49050 0.000001
49060 0.000004
49070 0.000007
49080 0.000007
49090 -0.000038
49100 0.000027
49110 -0.000001
49120 -0.000008
49130 -0.000026
49140 -0.000013
49150 0.000008
49160 0.000002
49170 0.000006
49180 -0.000003
49190 0.000028
49200 -0.000012
49210 0.000006
49220 0.000087
49230 -0.000007
49240 -0.000009
49250 -0.000020
49260 0.000005
49270 0.000010
49280 0.000007
49290 0.000014
49300 -0.000027
49310 0.000012
49320 0.000002
49330 0.000003
49340 -0.000059
49350 0.000010
49360 0.000028
49370 0.000006
49380 0.000003
49390 -0.000009
49400 0.000009
49410 0.000021
49420 0.000006
49430 -0.000007
49440 -0.000003
49450 -0.000020
49460 0.000035
49470 0.000001
49480 -0.000015
49490 0.000011
49500 -0.000010
49510 -0.000011
49520 0.000008
49530 -0.000005
49540 0.000016
49550 0.000009
49560 -0.000008
49570 0.000010
49580 0.000022
49590 0.000205
49600 0.000001
49610 0.000002
49620 -0.000022
49630 0.000004
49640 0.000017
49650 0.000009
49660 -0.000031
49670 0.000004
49680 0.000020
49690 0.000005
49700 0.000009
49710 0.000002
49720 -0.000000
49730 0.000028
49740 0.000011
49750 0.000013
49760 -0.000007
49770 -0.000002
49780 -0.000008
49790 -0.000002
49800 0.000006
49810 -0.000032
49820 -0.000003
49830 0.000007
49840 -0.000075
49850 -0.000001
49860 -0.000007
49870 0.000007
49880 0.000000
49890 -0.000030
49900 -0.000017
49910 0.000019
49920 -0.000008
49930 -0.000001
49940 0.000003
49950 -0.000006
49960 -0.000020
49970 -0.000007
49980 0.000003
49990 0.000014
50000 0.000012
50010 -0.000021
50020 0.000011
50030 -0.000008
50040 -0.000004
50050 0.000002
50060 0.000006
50070 -0.000001
50080 0.000022
50090 -0.000016
50100 0.000005
50110 0.000017
50120 0.000008
50130 0.000010
50140 -0.000002
50150 0.000016
50160 0.000011
50170 -0.000004
50180 0.000314
50190 -0.000008
50200 0.000436
50210 -0.000007
50220 0.000001
50230 -0.000008
50240 -0.000003
50250 -0.000009
50260 0.000010
50270 -0.000002
50280 -0.000011
50290 0.000028
50300 -0.000013
50310 0.000018
50320 -0.000000
50330 -0.000011
50340 0.000136
50350 -0.000008
50360 -0.000002
50370 0.000007
50380 -0.000007
50390 0.000009
50400 -0.000003
50410 0.000001
50420 -0.000094
50430 0.000026
50440 0.000011
50450 0.000009
50460 0.000007
50470 -0.000162
50480 -0.000004
50490 -0.000009
50500 0.000030
50510 0.000001
50520 0.000019
50530 -0.000020
50540 0.000009
50550 -0.000004
50560 0.000031
50570 -0.000004
50580 -0.000005
50590 -0.000001
50600 0.000032
50610 0.000003
50620 0.000025
50630 -0.000014
50640 0.000009
50650 -0.000024
50660 -0.000040
50670 0.000010
50680 0.000008
50690 -0.000012
50700 0.000014
50710 0.000018
50720 0.000018
50730 -0.000009
50740 -0.000020
50750 -0.000057
50760 -0.000027
50770 -0.000016
50780 0.000013
50790 -0.000026
50800 0.000011
50810 0.000006
50820 -0.000017
50830 -0.000004
50840 0.000016
50850 -0.000012
50860 0.000013
50870 0.000012
50880 0.000013
50890 -0.000003
50900 0.000003
50910 0.000004
50920 -0.000001
50930 -0.000006
50940 0.000006
50950 -0.000009
50960 -0.000005
50970 0.000023
50980 0.000009
50990 0.000004
51000 -0.000031
51010 0.000008
51020 0.000019
51030 -0.000005
51040 -0.000007
51050 -0.000004
51060 -0.000012
51070 -0.000008
51080 -0.000002
51090 0.000007
51100 -0.000005
51110 -0.000020
51120 -0.000035
51130 -0.000006
51140 0.000005
51150 -0.000002
51160 0.000016
51170 0.000002
51180 -0.000006
51190 -0.000007
51200 -0.000006
51210 0.000240
51220 0.000013
51230 -0.000043
51240 -0.000002
51250 0.000008
51260 -0.000010
51270 0.000007
51280 0.000003
51290 -0.000003
51300 -0.000015
51310 -0.000003
51320 0.000009
51330 -0.000001
51340 0.000020
51350 0.000005
51360 -0.000007
51370 -0.000006
51380 0.000001
51390 0.000005
51400 0.000001
51410 -0.000020
51420 0.000017
51430 -0.000006
51440 0.000018
51450 0.000010
51460 0.000004
51470 -0.000013
51480 -0.000006
51490 0.000011
51500 -0.000048
51510 -0.000006
51520 -0.000022
51530 0.000027
51540 0.000001
51550 -0.000004
51560 0.000005
51570 0.000006
51580 0.000001
51590 0.000168
51600 -0.000542
51610 0.000041
51620 0.000001
51630 -0.000005
51640 -0.000146
51650 0.000008
51660 -0.000002
51670 0.000001
51680 -0.000009
51690 -0.000015
51700 -0.000013
51710 0.000010
51720 0.000111
51730 -0.000000
51740 -0.000037
51750 -0.000006
51760 0.000005
51770 0.000009
51780 0.000035
51790 -0.000001
51800 0.000002
51810 0.000011
51820 -0.000018
51830 -0.000008
51840 0.000022
51850 0.000011
51860 -0.000019
51870 -0.000049
51880 -0.000052
51890 0.000055
51900 0.000002
51910 -0.000004
51920 -0.000000
51930 -0.000010
51940 -0.000011
51950 0.000013
51960 -0.000010
51970 0.000000
51980 0.000013
51990 -0.000017
52000 0.000008
52010 0.000009
52020 -0.000018
52030 -0.000007
52040 0.000013
52050 0.000013
52060 0.000021
52070 0.000012
52080 0.000018
52090 -0.000007
52100 -0.000001
52110 0.000010
52120 0.000007
52130 0.000010
52140 0.000001
52150 0.000012
52160 0.000007
52170 0.000011
52180 0.000005
52190 -0.000026
52200 0.000015
52210 -0.000024
52220 -0.000005
52230 -0.000003
52240 -0.000022
52250 -0.000010
52260 -0.000021
52270 0.000116
52280 -0.000016
52290 -0.000005
52300 0.000010
52310 -0.000012
52320 0.000006
52330 0.000001
52340 -0.000015
52350 0.000020
52360 0.000021
52370 -0.000002
52380 0.000012
52390 0.000017
52400 -0.000054
52410 0.000184
52420 0.000008
52430 -0.000023
52440 0.000046
52450 -0.000015
52460 -0.000030
52470 -0.000001
52480 0.000001
52490 -0.000017
52500 -0.000006
52510 0.000026
52520 0.000009
52530 0.000323
52540 -0.000004
52550 -0.000029
52560 0.000002
52570 -0.000024
52580 0.000007
52590 -0.000008
52600 0.000021
52610 0.000014
52620 -0.000001
52630 0.000099
52640 -0.000002
52650 -0.000010
52660 -0.000001
52670 0.000006
52680 -0.000022
52690 -0.000007
52700 -0.000008
52710 0.000012
52720 0.000005
52730 0.000019
52740 -0.000006
52750 -0.000007
52760 -0.000009
52770 0.000002
52780 0.000021
52790 -0.000001
52800 0.000012
52810 -0.000010
52820 0.000007
52830 0.000017
52840 -0.000017
52850 -0.000017
52860 0.000009
52870 0.000002
52880 0.000028
52890 -0.000006
52900 -0.000010
52910 0.000010
52920 0.000004
52930 -0.000001
52940 -0.000013
52950 0.000010
52960 -0.000031
52970 -0.000004
52980 0.000010
52990 0.000023
53000 0.000021
53010 0.000019
53020 -0.000008
53030 0.000018
53040 -0.000030
53050 0.000002
53060 0.000016
53070 -0.000033
53080 -0.000002
53090 0.000006
53100 0.000012
53110 -0.000007
53120 -0.000026
53130 0.000022
53140 0.000010
53150 -0.000030
53160 -0.000113
53170 0.000005
53180 0.000023
53190 0.000009
53200 0.000004
53210 -0.000015
53220 0.000002
53230 -0.000006
53240 0.000001
53250 0.000006
53260 -0.000002
53270 0.000012
53280 0.000001
53290 0.000017
53300 0.000012
53310 -0.000015
53320 -0.000027
53330 -0.000009
53340 0.000012
53350 0.000004
53360 -0.000003
53370 0.000048
53380 0.000024
53390 -0.000018
53400 -0.000021
53410 -0.000007
53420 -0.000007
53430 0.000005
53440 -0.000004
53450 -0.000024
53460 0.000001
53470 -0.000050
53480 -0.000022
53490 0.000234
53500 0.000000
53510 0.000002
53520 -0.000051
53530 0.000006
53540 0.000012
53550 -0.000012
53560 -0.000002
53570 -0.000104
53580 0.000008
53590 0.000026
53600 -0.000000
53610 0.000014
53620 0.000118
53630 0.000002
53640 0.000003
53650 0.000004
53660 0.000015
53670 0.000078
53680 0.000198
53690 -0.000012
53700 -0.000003
53710 -0.000020
53720 0.000012
53730 -0.000018
53740 -0.000017
53750 -0.000002
53760 -0.000003
53770 -0.000033
53780 -0.000048
53790 0.000193
53800 0.000200
53810 -0.000043
53820 0.000018
53830 -0.000018
53840 0.000019
53850 -0.000003
53860 -0.000013
53870 -0.000029
53880 -0.000016
53890 -0.000014
53900 0.000016
53910 -0.000001
53920 -0.000005
53930 0.000013
53940 -0.000013
53950 -0.000030
53960 -0.000000
53970 -0.000007
53980 0.000002
53990 -0.000013
54000 -0.000005
54010 0.000002
54020 -0.000012
54030 0.000009
54040 0.000003
54050 -0.000008
54060 0.000034
54070 0.000025
54080 -0.000003
54090 0.000009
54100 0.000003
54110 -0.000010
54120 0.000002
54130 0.000018
54140 0.000004
54150 0.000013
54160 0.000005
54170 -0.000034
54180 0.000026
54190 -0.000029
54200 0.000029
54210 -0.000010
54220 0.000017
54230 0.000013
54240 0.000001
54250 0.000019
54260 0.000007
54270 0.000024
54280 0.000012
54290 -0.000027
54300 -0.000004
54310 -0.000015
54320 -0.000020
54330 -0.000007
54340 0.000001
54350 -0.000006
54360 -0.000078
54370 -0.000073
54380 0.000008
54390 0.000002
54400 0.000072
54410 -0.000002
54420 0.000008
54430 0.000015
54440 0.000011
54450 0.000001
54460 -0.000046
54470 -0.000007
54480 -0.000006
54490 -0.000027
54500 -0.000010
54510 0.000014
54520 0.000003
54530 0.000020
54540 -0.000027
54550 0.000004
54560 0.000006
54570 0.000737
54580 -0.000006
54590 -0.000009
54600 0.000009
54610 -0.000007
54620 -0.000163
54630 -0.000016
54640 -0.000046
54650 0.000000
54660 0.000001
54670 0.000001
54680 -0.000005
54690 -0.000009
54700 -0.000061
54710 0.000051
54720 0.000103
54730 0.000001
54740 -0.000006
54750 0.000022
54760 -0.000022
54770 0.000007
54780 -0.000007
54790 0.000005
54800 0.000011
54810 -0.000001
54820 -0.000031
54830 -0.000000
54840 0.000009
54850 0.000007
54860 0.000000
54870 0.000012
54880 0.000009
54890 -0.000017
54900 0.000017
54910 0.000006
54920 -0.000001
54930 0.000003
54940 0.000008
54950 -0.000010
54960 -0.000035
54970 0.000013
54980 -0.000015
54990 -0.000001
55000 0.000016
55010 0.000031
55020 0.000005
55030 0.000004
55040 0.000014
55050 -0.000023
55060 -0.000019
55070 -0.000035
55080 0.000013
55090 0.000024
55100 -0.000014
55110 -0.000009
55120 -0.000034
55130 0.000444
55140 -0.000009
55150 0.000020
55160 -0.000017
55170 -0.000015
55180 0.000005
55190 -0.000002
55200 -0.000014
55210 0.000008
55220 0.000009
55230 0.000025
55240 0.000007
55250 0.000030
55260 0.000019
55270 0.000002
55280 0.000039
55290 0.000010
55300 -0.000004
55310 -0.000103
55320 0.000012
55330 0.000012
55340 -0.000008
55350 -0.000017
55360 0.000097
55370 -0.000012
55380 -0.000002
55390 0.000001
55400 -0.000013
55410 0.000013
55420 0.000034
55430 0.000004
55440 -0.000003
55450 0.000005
55460 -0.000026
55470 -0.000008
55480 -0.000002
55490 -0.000008
55500 -0.000008
55510 -0.000013
55520 0.000005
55530 -0.000007
55540 -0.000017
55550 -0.000004
55560 0.000024
55570 -0.000069
55580 -0.000004
55590 0.000047
55600 -0.000010
55610 -0.000038
55620 0.000011
55630 0.000007
55640 0.000001
55650 0.000002
55660 0.000015
55670 0.000004
55680 -0.000012
55690 0.000018
55700 0.000031
55710 0.000009
55720 -0.000000
55730 0.000003
55740 0.000008
55750 -0.000032
55760 0.000001
55770 0.000015
55780 0.000002
55790 -0.000003
55800 -0.000006
55810 0.000002
55820 -0.000042
55830 -0.000160
55840 -0.000059
55850 0.000000
55860 0.000004
55870 -0.000008
55880 0.000029
55890 0.000020
55900 0.000006
55910 -0.000008
55920 -0.000020
55930 0.000023
55940 -0.000001
55950 -0.000007
55960 -0.000001
55970 -0.000012
55980 0.000016
55990 -0.000013
56000 0.000008
56010 -0.000004
56020 0.000032
56030 0.000015
56040 0.000002
56050 0.000003
56060 -0.000003
56070 -0.000033
56080 0.000012
56090 -0.000002
56100 -0.000005
56110 -0.000016
56120 -0.000017
56130 0.000004
56140 -0.000047
56150 0.000004
56160 0.000005
56170 0.000005
56180 0.000005
56190 0.000000
56200 -0.000007
56210 -0.000001
56220 -0.000006
56230 0.000012
56240 0.000019
56250 0.000025
56260 -0.000015
56270 -0.000028
56280 -0.000006
56290 -0.000073
56300 0.000008
56310 0.000014
56320 0.000011
56330 -0.000020
56340 -0.000027
56350 -0.000003
56360 0.000013
56370 0.000022
56380 -0.000013
56390 -0.000000
56400 0.000015
56410 -0.000149
56420 -0.000091
56430 -0.000019
56440 -0.000010
56450 -0.000005
56460 0.000046
56470 0.000014
56480 0.000028
56490 -0.000014
56500 0.000019
56510 0.000012
56520 0.000051
56530 -0.000006
56540 -0.000033
56550 -0.000181
56560 0.000011
56570 -0.000004
56580 0.000002
56590 -0.000008
56600 -0.000002
56610 0.000003
56620 0.000041
56630 -0.000004
56640 0.000023
56650 -0.000022
56660 -0.000064
56670 0.000016
56680 -0.000001
56690 -0.000002
56700 -0.000022
56710 -0.000009
56720 -0.000086
56730 0.000020
56740 0.000006
56750 0.000017
56760 0.000010
56770 -0.000012
56780 -0.000066
56790 -0.000015
56800 -0.000005
56810 0.000005
56820 0.000002
56830 -0.000033
56840 -0.000010
56850 0.000010
56860 0.000009
56870 0.000004
56880 0.000010
56890 -0.000009
56900 0.000015
56910 0.000007
56920 0.000001
56930 -0.000008
56940 -0.000009
56950 -0.000001
56960 -0.000018
56970 0.000009
56980 -0.000016
56990 0.000000
57000 -0.000001
57010 -0.000022
57020 -0.000025
57030 -0.000010
57040 -0.000001
57050 -0.000013
57060 0.000007
57070 -0.000010
57080 0.000008
57090 -0.000021
57100 0.000009
57110 0.000006
57120 -0.000008
57130 -0.000008
57140 0.000002
57150 -0.000014
57160 0.000008
57170 0.000027
57180 0.000016
57190 0.000014
57200 0.000079
57210 0.000004
57220 0.000003
57230 0.000002
57240 0.000005
57250 0.000007
57260 0.000010
57270 0.000004
57280 0.000073
57290 0.000038
57300 0.000006
57310 -0.000038
57320 -0.000002
57330 0.000002
57340 0.000005
57350 0.000008
57360 -0.000027
57370 -0.000006
57380 -0.000004
57390 0.000010
57400 -0.000025
57410 0.000050
57420 -0.000004
57430 0.000018
57440 0.000006
57450 -0.000016
57460 -0.000025
57470 -0.000000
57480 -0.000022
57490 0.000064
57500 0.000010
57510 -0.000011
57520 0.000008
57530 0.000005
57540 -0.000021
57550 0.000010
57560 -0.000012
57570 0.000012
57580 -0.000001
57590 0.000009
57600 -0.000000
57610 -0.000000
57620 0.000022
57630 -0.000012
57640 0.000081
57650 -0.000009
57660 -0.000009
57670 0.000008
57680 -0.000019
57690 0.000080
57700 0.000005
57710 -0.000005
57720 -0.000008
57730 0.000009
57740 0.000003
57750 -0.000009
57760 0.000020
57770 0.000007
57780 0.000023
57790 -0.000022
57800 -0.000031
57810 0.000003
57820 0.000011
57830 -0.000005
57840 0.000003
57850 0.000011
57860 0.000013
57870 -0.000020
57880 -0.000019
57890 -0.000010
57900 -0.000007
57910 0.000001
57920 0.000023
57930 0.000020
57940 0.000003
57950 -0.000011
57960 0.000011
57970 -0.000016
57980 -0.000004
57990 0.000009
58000 -0.000025
58010 -0.000012
58020 0.000001
58030 -0.000011
58040 -0.000027
58050 0.000010
58060 0.000010
58070 -0.000006
58080 -0.000022
58090 -0.000002
58100 0.000027
58110 -0.000004
58120 -0.000001
58130 0.000003
58140 -0.000016
58150 0.000000
58160 -0.000001
58170 -0.000007
58180 0.000012
58190 -0.000023
58200 -0.000016
58210 -0.000009
58220 -0.000012
58230 0.000028
58240 -0.000004
58250 0.000018
58260 0.000219
58270 -0.000003
58280 -0.000094
58290 0.000015
58300 0.000007
58310 0.000058
58320 0.000016
58330 -0.000020
58340 -0.000004
58350 0.000005
58360 0.000026
58370 0.000010
58380 0.000005
58390 0.000013
58400 -0.000009
58410 0.000023
58420 0.000018
58430 0.000007
58440 0.000109
58450 0.000014
58460 -0.000009
58470 -0.000003
58480 -0.000010
58490 0.000010
58500 0.000009
58510 0.000018
58520 -0.000001
58530 0.000010
58540 -0.000005
58550 -0.000007
58560 -0.000305
58570 0.000004
58580 0.000013
58590 -0.000003
58600 -0.000007
58610 0.000019
58620 -0.000011
58630 0.000013
58640 0.000017
58650 -0.000011
58660 0.000001
58670 0.000035
58680 -0.000015
58690 -0.000003
58700 -0.000005
58710 -0.000005
58720 -0.000003
58730 0.000005
58740 -0.000009
58750 0.000021
58760 0.000039
58770 0.000003
58780 0.000015
58790 -0.000004
58800 -0.000022
58810 0.000014
58820 -0.000010
58830 -0.000003
58840 0.000005
58850 0.000014
58860 0.000002
58870 0.000005
58880 -0.000003
58890 0.000005
58900 -0.000021
58910 0.000003
58920 0.000002
58930 0.000183
58940 -0.000002
58950 0.000012
58960 0.000029
58970 0.000035
58980 -0.000009
58990 -0.000001
59000 -0.000059
59010 -0.000005
59020 0.000004
59030 -0.000011
59040 -0.000002
59050 -0.000013
59060 -0.000009
59070 0.000008
59080 -0.000002
59090 0.000013
59100 0.000023
59110 0.008944
59120 -0.000009
59130 0.000029
59140 -0.000013
59150 -0.000003
59160 0.000005
59170 0.000005
59180 -0.000012
59190 -0.000016
59200 0.000033
59210 -0.000006
59220 0.000022
59230 0.000167
59240 -0.000004
59250 -0.000006
59260 -0.000032
59270 0.000011
59280 -0.000006
59290 0.000001
59300 -0.000019
59310 -0.000018
59320 0.000001
59330 -0.000001
59340 -0.000019
59350 0.000033
59360 0.000013
59370 -0.000011
59380 0.000012
59390 -0.000017
59400 0.000014
59410 0.000002
59420 -0.000011
59430 -0.000001
59440 0.000001
59450 0.000007
59460 -0.000008
59470 0.000005
59480 0.000007
59490 0.000018
59500 -0.000005
59510 0.000007
59520 0.000006
59530 -0.000049
59540 0.000039
59550 -0.000004
59560 0.000017
59570 0.000005
59580 0.000023
59590 -0.000006
59600 -0.000004
59610 0.000022
59620 0.000010
59630 0.000013
59640 -0.000016
59650 0.000005
59660 0.000001
59670 0.000011
59680 0.000019
59690 0.000002
59700 -0.000002
59710 0.000014
59720 -0.000062
59730 0.000036
59740 0.000021
59750 -0.000009
59760 0.000022
59770 -0.000003
59780 -0.000028
59790 -0.000005
59800 -0.000005
59810 -0.000024
59820 -0.000003
59830 -0.000004
59840 -0.000001
59850 -0.000041
59860 0.000011
59870 0.000022
59880 0.000021
59890 -0.000029
59900 -0.000015
59910 -0.000003
59920 -0.000013
59930 0.000005
59940 -0.000002
59950 0.000009
59960 -0.000002
59970 -0.000022
59980 -0.000014
59990 -0.000006
60000 -0.000000
60010 0.000000
60020 -0.000044
60030 0.000009
60040 0.000017
60050 -0.000018
60060 -0.000006
60070 0.000008
60080 0.000011
60090 -0.000010
60100 0.000004
60110 0.000010
60120 -0.000109
60130 0.000003
60140 0.000006
60150 0.000002
60160 0.000000
60170 -0.000032
60180 -0.000001
60190 -0.000006
60200 0.000009
60210 -0.000004
60220 0.000025
60230 0.000013
60240 0.000005
60250 -0.000003
60260 -0.000009
60270 -0.000012
60280 0.000083
60290 -0.000003
60300 0.000004
60310 -0.000019
60320 0.000015
60330 0.000002
60340 0.000006
60350 0.000004
60360 0.000002
60370 -0.000005
60380 -0.000010
60390 0.000025
60400 0.000096
60410 -0.000023
60420 -0.000014
60430 -0.000016
60440 0.000004
60450 -0.000010
60460 -0.000007
60470 -0.000002
60480 0.000007
60490 0.000015
60500 0.000004
60510 -0.000008
60520 0.000012
60530 -0.000002
60540 0.000002
60550 0.000006
60560 -0.000095
60570 0.000008
60580 0.000003
60590 -0.000010
60600 0.000005
60610 -0.000012
60620 0.000034
60630 0.000001
60640 0.000024
60650 -0.000011
60660 0.000004
60670 -0.000007
60680 -0.000002
60690 -0.000034
60700 0.000012
60710 0.000012
60720 0.000006
60730 -0.000003
60740 0.000046
60750 0.000004
60760 0.000003
60770 -0.000002
60780 0.000010
60790 -0.000050
60800 0.000010
60810 -0.000012
60820 0.000010
60830 -0.000006
60840 0.000004
60850 0.000007
60860 -0.000005
60870 -0.000018
60880 0.000010
60890 0.000008
60900 -0.000003
60910 0.000003
60920 0.000014
60930 0.000013
60940 -0.000004
60950 -0.000006
60960 0.000001
60970 0.000020
60980 0.000004
60990 0.000007
61000 0.000017
61010 -0.000005
61020 -0.000001
61030 -0.000002
61040 0.000001
61050 -0.000003
61060 -0.000020
61070 0.000005
61080 -0.000012
61090 0.000013
61100 0.000008
61110 0.000012
61120 -0.000009
61130 -0.000016
61140 0.000458
61150 -0.000015
61160 -0.000013
61170 -0.000010
61180 -0.000024
61190 0.000031
61200 -0.000002
61210 -0.000006
61220 0.000018
61230 -0.000022
61240 0.000007
61250 -0.000003
61260 -0.000007
61270 0.000005
61280 -0.000006
61290 -0.000003
61300 0.000005
61310 0.000012
61320 0.000025
61330 -0.000019
61340 -0.000009
61350 0.000005
61360 -0.000047
61370 0.000008
61380 0.000007
61390 0.000002
61400 0.000022
61410 0.000017
61420 0.000011
61430 0.000029
61440 0.000014
61450 -0.000005
61460 -0.000004
61470 -0.000011
61480 -0.000009
61490 0.000030
61500 0.000010
61510 -0.000009
61520 0.000002
61530 -0.000008
61540 -0.000034
61550 0.000003
61560 0.000005
61570 0.000011
61580 -0.000023
61590 0.000002
61600 0.000012
61610 -0.000013
61620 -0.000004
61630 -0.000034
61640 -0.000000
61650 -0.000011
61660 -0.000005
61670 0.000003
61680 -0.000011
61690 -0.000009
61700 0.000004
61710 0.000008
61720 0.000036
61730 0.000090
61740 0.000029
61750 0.000004
61760 -0.000003
61770 -0.000017
61780 0.000019
61790 0.000002
61800 -0.000001
61810 0.000013
61820 0.000012
61830 -0.000001
61840 0.000007
61850 -0.000004
61860 -0.000001
61870 0.000004
61880 -0.000012
61890 0.000022
61900 -0.000013
61910 -0.000011
61920 -0.000006
61930 -0.000009
61940 0.000009
61950 0.000000
61960 0.000004
61970 -0.000001
61980 -0.000012
61990 -0.000008
62000 -0.000020
62010 -0.000019
62020 0.000001
62030 -0.000015
62040 -0.000015
62050 -0.000001
62060 0.000009
62070 0.000012
62080 0.000009
62090 -0.000007
62100 -0.000007
62110 -0.000009
62120 -0.000005
62130 0.000008
62140 -0.000055
62150 -0.000007
62160 -0.000008
62170 0.000005
62180 -0.000012
62190 0.000011
62200 0.000025
62210 0.000000
62220 -0.000001
62230 0.000054
62240 -0.000012
62250 -0.000007
62260 0.000002
62270 -0.000003
62280 0.000015
62290 0.000010
62300 -0.000006
62310 -0.000007
62320 0.000004
62330 0.000015
62340 0.000071
62350 0.000006
62360 0.000012
62370 0.000006
62380 0.000028
62390 0.000007
62400 -0.000008
62410 0.000003
62420 0.000003
62430 -0.000005
62440 0.000007
62450 0.000001
62460 0.000006
62470 -0.000006
62480 0.000186
62490 -0.000003
62500 0.000002
62510 -0.000009
62520 0.000007
62530 0.000010
62540 0.000000
62550 -0.000104
62560 -0.000001
62570 0.000011
62580 0.000005
62590 -0.000007
62600 -0.000091
62610 -0.000005
62620 0.000010
62630 -0.000255
62640 0.000008
62650 -0.000127
62660 -0.000006
62670 -0.000010
62680 0.000009
62690 0.000004
62700 -0.000018
62710 0.000005
62720 -0.000001
62730 0.000021
62740 -0.000037
62750 -0.000194
62760 -0.000085
62770 0.000026
62780 -0.000002
62790 0.000054
62800 0.000008
62810 0.000007
62820 0.000004
62830 -0.000013
62840 -0.000003
62850 0.000024
62860 0.000015
62870 -0.000013
62880 0.000012
62890 -0.000055
62900 -0.000052
62910 0.000008
62920 -0.000001
62930 0.000009
62940 -0.000016
62950 -0.000011
62960 -0.000002
62970 -0.000009
62980 0.000007
62990 0.000045
63000 -0.000004
63010 -0.000019
63020 -0.000013
63030 0.000041
63040 -0.000002
63050 -0.000002
63060 0.000002
63070 -0.000012
63080 0.000001
63090 0.000018
63100 -0.000000
63110 -0.000001
63120 0.000008
63130 -0.000010
63140 -0.000021
63150 -0.000009
63160 0.000004
63170 0.000012
63180 0.000002
63190 -0.000005
63200 0.000016
63210 0.000006
63220 -0.000014
63230 0.000017
63240 -0.000003
63250 0.000006
63260 -0.000137
63270 -0.000001
63280 0.000027
63290 0.000005
63300 -0.000007
63310 -0.000007
63320 -0.000003
63330 -0.000030
63340 0.000003
63350 -0.000010
63360 0.000014
63370 0.000020
63380 0.000022
63390 -0.000007
63400 -0.000047
63410 -0.000001
63420 0.000048
63430 -0.000012
63440 -0.000022
63450 -0.000003
63460 -0.000013
63470 -0.000741
63480 0.000018
63490 0.000005
63500 -0.000006
63510 0.000015
63520 0.000005
63530 -0.000013
63540 -0.000003
63550 0.000007
63560 0.000006
63570 -0.000005
63580 -0.000002
63590 0.000006
63600 -0.000009
63610 -0.000021
63620 0.000002
63630 -0.000006
63640 0.000022
63650 -0.000011
63660 0.000009
63670 -0.000000
63680 0.000006
63690 0.000008
63700 0.000006
63710 0.000009
63720 -0.000004
63730 -0.000008
63740 0.000006
63750 0.000006
63760 -0.000030
63770 -0.000007
63780 0.000004
63790 -0.000010
63800 -0.000014
63810 -0.000000
63820 0.000120
63830 0.000006
63840 -0.000001
63850 -0.000013
63860 0.000019
63870 0.000006
63880 -0.000005
63890 0.000006
63900 -0.000007
63910 0.000001
63920 -0.000003
63930 0.000011
63940 -0.000010
63950 0.000005
63960 0.000006
63970 0.000033
63980 0.000004
63990 0.000004
64000 -0.000006
64010 -0.000023
64020 0.000018
64030 0.000011
64040 0.000010
64050 -0.000010
64060 -0.000005
64070 -0.000013
64080 0.000003
64090 -0.000004
64100 -0.000001
64110 -0.000002
64120 0.000010
64130 -0.000007
64140 0.000004
64150 0.000014
64160 0.000023
64170 0.000006
64180 0.000009
64190 0.000004
64200 -0.000006
64210 -0.000002
64220 -0.000000
64230 -0.000025
64240 0.000004
64250 0.000006
64260 -0.000009
64270 0.000003
64280 -0.000017
64290 0.000025
64300 0.000008
64310 0.000015
64320 -0.000006
64330 -0.000011
64340 0.000003
64350 0.000002
64360 -0.000015
64370 0.000001
64380 0.000012
64390 0.000004
64400 0.000012
64410 -0.000010
64420 -0.000008
64430 0.000019
64440 -0.000019
64450 0.000015
64460 -0.000019
64470 -0.000003
64480 -0.000072
64490 0.000031
64500 0.000006
64510 -0.000079
64520 -0.000024
64530 -0.000017
64540 0.000012
64550 0.000027
64560 -0.000023
64570 0.000006
64580 -0.000001
64590 -0.000024
64600 0.000020
64610 0.000031
64620 -0.000008
64630 0.000023
64640 0.000006
64650 0.000025
64660 -0.000003
64670 -0.000006
64680 -0.000004
64690 -0.000003
64700 -0.000009
64710 0.000002
64720 0.000007
64730 0.000020
64740 0.000005
64750 0.000000
64760 -0.000005
64770 -0.000002
64780 0.000006
64790 0.000104
64800 0.000065
64810 -0.000012
64820 0.000004
64830 0.000001
64840 0.000069
64850 0.000003
64860 0.000010
64870 0.000000
64880 -0.000011
64890 0.000005
64900 -0.000005
64910 -0.000004
64920 0.000016
64930 -0.000003
64940 -0.000002
64950 -0.000013
64960 0.000001
64970 0.000004
64980 0.000056
64990 -0.000039
65000 0.000005
65010 0.000003
65020 0.000015
65030 0.000018
65040 0.000001
65050 0.000014
65060 0.000000
65070 0.000005
65080 0.000009
65090 0.000005
65100 0.000004
65110 -0.000010
65120 -0.000009
65130 -0.000010
65140 -0.000003
65150 -0.000014
65160 0.000004
65170 0.000028
65180 0.000058
65190 -0.000036
65200 0.000013
65210 0.000006
65220 0.000002
65230 -0.000003
65240 -0.000000
65250 -0.000008
65260 -0.000022
65270 0.000005
65280 0.000024
65290 0.000008
65300 -0.000004
65310 -0.000002
65320 0.000000
65330 -0.000019
65340 0.000007
65350 -0.000010
65360 0.000020
65370 0.000000
65380 0.000002
65390 -0.000001
65400 -0.000016
65410 0.000010
65420 0.000001
65430 0.000001
65440 0.000018
65450 0.000019
65460 0.000004
65470 0.000007
65480 -0.000541
65490 0.000014
65500 0.000002
65510 0.000001
65520 -0.000021
65530 -0.000009
65540 -0.000001
65550 -0.000004
65560 0.000006
65570 -0.000046
65580 0.000012
65590 0.000029
65600 -0.000004
65610 0.000102
65620 -0.000001
65630 0.000015
65640 0.000098
65650 0.000003
65660 0.000004
65670 -0.000013
65680 0.000024
65690 0.000001
65700 0.000007
65710 -0.000007
65720 -0.000012
65730 -0.000011
65740 -0.000004
65750 0.000003
65760 -0.000007
65770 0.000012
65780 0.000024
65790 0.000009
65800 0.000014
65810 0.000000
65820 -0.000007
65830 -0.000002
65840 0.000001
65850 -0.000004
65860 0.000008
65870 0.000002
65880 -0.000013
65890 0.000010
65900 0.000121
65910 -0.000020
65920 -0.000126
65930 0.000011
65940 0.000022
65950 0.000010
65960 -0.000008
65970 -0.000035
65980 0.000028
65990 -0.000015
66000 -0.000004
66010 -0.000002
66020 -0.000008
66030 -0.000001
66040 -0.000036
66050 -0.000005
66060 -0.000017
66070 0.000016
66080 0.000019
66090 -0.000012
66100 0.000008
66110 -0.000019
66120 -0.000004
66130 0.000005
66140 -0.000003
66150 -0.000010
66160 0.000001
66170 0.000007
66180 -0.000001
66190 -0.000011
66200 0.000006
66210 -0.000017
66220 0.000004
66230 0.000010
66240 0.000004
66250 0.000002
66260 -0.000005
66270 0.000016
66280 0.000002
66290 0.000000
66300 0.000025
66310 -0.000014
66320 0.000003
66330 -0.000001
66340 0.000008
66350 0.000001
66360 0.000011
66370 0.000020
66380 0.000008
66390 -0.000005
66400 0.000002
66410 0.000012
66420 0.000006
66430 0.000010
66440 -0.000010
66450 0.000017
66460 0.000004
66470 0.000009
66480 0.000000
66490 0.000004
66500 0.000003
66510 0.000011
66520 0.000018
66530 -0.000020
66540 0.000010
66550 -0.000014
66560 0.000008
66570 -0.000007
66580 -0.000022
66590 0.000019
66600 -0.000021
66610 0.000006
66620 -0.000005
66630 -0.000004
66640 -0.000031
66650 -0.000000
66660 0.000016
66670 -0.000006
66680 0.000003
66690 0.000002
66700 -0.000001
66710 -0.000013
66720 0.000025
66730 0.000000
66740 -0.000002
66750 -0.000049
66760 0.000015
66770 -0.000009
66780 0.000026
66790 0.000005
66800 0.000002
66810 0.000052
66820 0.000082
66830 -0.000013
66840 0.000001
66850 -0.000024
66860 -0.000091
66870 0.000008
66880 0.000012
66890 -0.000023
66900 -0.000003
66910 0.000011
66920 0.000005
66930 -0.000015
66940 -0.000009
66950 0.000002
66960 0.000011
66970 0.000013
66980 -0.000012
66990 0.000001
67000 -0.000050
67010 0.000004
67020 -0.000053
67030 -0.000005
67040 -0.000001
67050 0.000014
67060 -0.000006
67070 0.000013
67080 0.000008
67090 -0.000007
67100 0.000011
67110 -0.000015
67120 -0.000004
67130 -0.000012
67140 0.000018
67150 -0.000002
67160 -0.000007
67170 0.000009
67180 -0.000001
67190 -0.000015
67200 -0.000008
67210 -0.000007
67220 0.000007
67230 0.000003
67240 0.000006
67250 -0.000030
67260 -0.000015
67270 -0.000003
67280 -0.000003
67290 0.000008
67300 -0.000012
67310 -0.000686
67320 0.000002
67330 0.000013
67340 0.000022
67350 0.000001
67360 0.000002
67370 -0.000003
67380 -0.000036
67390 -0.000006
67400 0.000009
67410 0.000002
67420 -0.000029
67430 0.000058
67440 -0.000013
67450 0.000005
67460 0.000035
67470 0.000075
67480 0.000001
67490 -0.000015
67500 0.000005
67510 0.000021
67520 0.000001
67530 0.000011
67540 -0.000001
67550 -0.000019
67560 0.000008
67570 -0.000018
67580 0.000003
67590 0.000023
67600 -0.000029
67610 0.000003
67620 -0.000024
67630 -0.000005
67640 0.000004
67650 0.000013
67660 0.000004
67670 0.000008
67680 -0.000012
67690 -0.000002
67700 -0.000001
67710 0.000009
67720 -0.000042
67730 0.000019
67740 0.000008
67750 0.000012
67760 0.000014
67770 0.000018
67780 0.000001
67790 0.000006
67800 0.000002
67810 -0.000008
67820 -0.000028
67830 -0.000002
67840 -0.000000
67850 0.000002
67860 0.000006
67870 -0.000037
67880 -0.000013
67890 0.000002
67900 0.000008
67910 0.000009
67920 -0.000041
67930 0.000006
67940 0.000009
67950 -0.000004
67960 0.000002
67970 -0.000004
67980 -0.000009
67990 0.000011
68000 -0.000001
68010 0.000006
68020 0.000001
68030 -0.000017
68040 0.000002
68050 0.000008
68060 0.000236
68070 -0.000007
68080 0.000170
68090 0.000032
68100 -0.000014
68110 0.000003
68120 0.000018
68130 -0.000031
68140 0.000008
68150 -0.000004
68160 -0.000001
68170 0.000013
68180 0.000002
68190 -0.000005
68200 0.000006
68210 0.000004
68220 -0.000001
68230 0.000004
68240 -0.000013
68250 -0.000012
68260 -0.000009
68270 -0.000002
68280 0.000002
68290 -0.000009
68300 -0.000003
68310 0.000004
68320 0.000029
68330 0.000002
68340 0.000029
68350 0.000003
68360 -0.000014
68370 -0.000009
68380 0.000020
68390 0.000006
68400 0.000003
68410 0.000001
68420 -0.000001
68430 0.000002
68440 0.000026
68450 -0.000001
68460 0.000012
68470 0.000001
68480 0.000011
68490 0.000012
68500 -0.000001
68510 -0.000011
68520 -0.000013
68530 0.000003
68540 0.000043
68550 0.000011
68560 0.000028
68570 0.000007
68580 -0.000023
68590 -0.000003
68600 -0.000001
68610 0.000030
68620 0.000010
68630 -0.000037
68640 -0.000009
68650 -0.000010
68660 0.000006
68670 0.000012
68680 0.000011
68690 0.000005
68700 0.000002
68710 0.000006
68720 -0.000010
68730 0.000001
68740 0.000006
68750 -0.000012
68760 -0.000003
68770 0.000006
68780 -0.000033
68790 -0.000028
68800 0.000001
68810 -0.000010
68820 0.000063
68830 0.000002
68840 -0.000024
68850 -0.000007
68860 -0.000070
68870 0.000012
68880 0.000011
68890 -0.000003
68900 -0.000015
68910 0.000073
68920 -0.000008
68930 -0.000018
68940 0.000092
68950 0.000005
68960 0.000023
68970 -0.000054
68980 0.000003
68990 0.000004
69000 0.000031
69010 -0.000002
69020 -0.000003
69030 -0.000004
69040 -0.000034
69050 0.000002
69060 0.000021
69070 0.000017
69080 -0.000005
69090 0.000025
69100 0.000005
69110 -0.000005
69120 0.000019
69130 -0.000000
69140 0.000019
69150 0.000010
69160 0.000152
69170 -0.000007
69180 0.000080
69190 0.000001
69200 0.000016
69210 0.000009
69220 0.000021
69230 0.000001
69240 0.000006
69250 0.000031
69260 -0.000006
69270 -0.000003
69280 -0.000125
69290 0.000009
69300 0.000007
69310 0.000010
69320 0.000160
69330 0.000002
69340 0.000022
69350 0.000001
69360 0.000008
69370 0.000000
69380 -0.000000
69390 -0.000030
69400 0.000031
69410 0.000017
69420 0.000008
69430 0.000014
69440 -0.000009
69450 0.000003
69460 -0.000015
69470 0.000041
69480 0.000004
69490 0.000007
69500 -0.000006
69510 -0.000011
69520 0.000009
69530 0.000003
69540 0.000007
69550 0.000010
69560 -0.000017
69570 0.000004
69580 0.000016
69590 0.000008
69600 -0.000005
69610 0.000052
69620 0.000003
69630 -0.000006
69640 -0.000007
69650 0.000005
69660 -0.000005
69670 0.000010
69680 -0.000007
69690 0.000031
69700 0.000015
69710 0.000005
69720 -0.000004
69730 0.000208
69740 0.000009
69750 -0.000004
69760 -0.000056
69770 -0.000006
69780 0.000027
69790 0.000003
69800 -0.000001
69810 -0.000052
69820 -0.000003
69830 -0.000002
69840 0.000001
69850 0.000010
69860 -0.000016
69870 -0.000000
69880 0.000019
69890 -0.000033
69900 -0.000011
69910 -0.000003
69920 0.000012
69930 0.000006
69940 0.000020
69950 -0.000016
69960 0.000015
69970 0.000011
69980 0.000010
69990 0.000002
70000 0.000018
70010 0.000011
70020 0.000008
70030 0.000004
70040 0.000000
70050 0.000004
70060 -0.000015
70070 0.000010
70080 0.000235
70090 -0.000023
70100 -0.000024
70110 -0.000023
70120 -0.000002
70130 -0.000004
70140 0.000018
70150 -0.000010
70160 0.000001
70170 -0.000006
70180 0.000001
70190 0.000005
70200 0.000012
70210 -0.000003
70220 -0.000006
70230 -0.000005
70240 0.000031
70250 -0.000018
70260 0.000001
70270 -0.000016
70280 -0.000013
70290 -0.000002
70300 0.000011
70310 -0.000003
70320 0.000004
70330 -0.000004
70340 -0.000022
70350 -0.000001
70360 0.000006
70370 -0.000008
70380 -0.000010
70390 -0.000027
70400 -0.000000
70410 0.000012
70420 0.000006
70430 -0.000009
70440 -0.000002
70450 -0.000006
70460 -0.000006
70470 -0.000029
70480 0.000020
70490 -0.000037
70500 0.000006
70510 -0.000003
70520 0.000004
70530 -0.000027
70540 0.000167
70550 -0.000007
70560 -0.000005
70570 -0.000099
70580 0.000007
70590 0.000161
70600 -0.000007
70610 0.000008
70620 0.000005
70630 0.000009
70640 -0.000014
70650 0.000108
70660 0.000001
70670 0.000018
70680 -0.000012
70690 -0.000032
70700 0.000002
70710 0.000018
70720 0.000010
70730 0.000008
70740 -0.000005
70750 -0.000017
70760 -0.000009
70770 0.000004
70780 -0.000007
70790 -0.000002
70800 0.000004
70810 -0.000001
70820 -0.000008
70830 -0.000005
70840 0.006254
70850 0.000006
70860 0.000018
70870 0.000001
70880 -0.000007
70890 -0.000050
70900 0.000011
70910 0.000021
70920 0.000098
70930 0.000013
70940 0.000043
70950 0.000002
70960 0.000001
70970 0.000016
70980 0.000002
70990 -0.000017
71000 0.000000
71010 -0.000042
71020 0.000013
71030 0.000010
71040 -0.000006
71050 -0.000009
71060 -0.000007
71070 -0.000021
71080 0.000014
71090 -0.000008
71100 0.000015
71110 0.000014
71120 -0.000015
71130 -0.000006
71140 -0.000014
71150 0.000011
71160 -0.000005
71170 -0.000002
71180 0.000003
71190 0.000012
71200 0.000002
71210 -0.000006
71220 0.000006
71230 0.000002
71240 0.000001
71250 0.000009
71260 -0.000018
71270 -0.000007
71280 0.000009
71290 0.000008
71300 0.000019
71310 0.000023
71320 0.000015
71330 -0.000017
71340 -0.000004
71350 0.000000
71360 0.000009
71370 0.000008
71380 -0.000014
71390 -0.000022
71400 -0.000000
71410 0.000002
71420 0.000017
71430 0.000014
71440 -0.000015
71450 -0.000003
71460 -0.000017
71470 -0.000025
71480 -0.000012
71490 0.000001
71500 -0.000004
71510 -0.000034
71520 -0.000004
71530 0.000003
71540 -0.000021
71550 0.000011
71560 0.000006
71570 0.000014
71580 -0.000018
71590 -0.000008
71600 0.000005
71610 0.000010
71620 0.000022
71630 -0.000007
71640 0.000016
71650 -0.000003
71660 -0.000002
71670 -0.000015
71680 -0.000001
71690 -0.000005
71700 0.000003
71710 0.000008
71720 0.000004
71730 -0.000013
71740 0.000006
71750 -0.000020
71760 0.000012
71770 -0.000016
71780 -0.000001
71790 0.000000
71800 0.000007
71810 -0.000013
71820 -0.000007
71830 -0.000066
71840 -0.000015
71850 0.000043
71860 -0.000018
71870 0.000007
71880 0.000006
71890 0.000018
71900 0.000068
71910 0.000008
71920 -0.000004
71930 0.000005
71940 0.000004
71950 0.000001
71960 0.000010
71970 0.000019
71980 -0.000020
71990 0.000005
72000 -0.000025
72010 0.000012
72020 0.000020
72030 0.000081
72040 -0.000004
72050 0.000006
72060 0.000005
72070 0.000006
72080 0.000013
72090 0.000011
72100 0.000008
72110 -0.000004
72120 0.000014
72130 0.000029
72140 0.000001
72150 0.000001
72160 0.000027
72170 0.000005
72180 -0.000023
72190 0.000004
72200 -0.000011
72210 0.000005
72220 0.000006
72230 -0.000017
72240 -0.000020
72250 0.000005
72260 0.000009
72270 -0.000002
72280 -0.000009
72290 0.000006
72300 -0.000016
72310 0.000000
72320 -0.000006
72330 -0.000003
72340 -0.000091
72350 0.000004
72360 0.000003
72370 -0.000005
72380 0.000001
72390 0.000004
72400 -0.000005
72410 0.000002
72420 0.000010
72430 -0.000008
72440 0.000013
72450 -0.000003
72460 -0.000006
72470 -0.000011
72480 -0.000010
72490 -0.000002
72500 -0.000003
72510 0.000015
72520 0.000042
72530 -0.000001
72540 -0.000011
72550 -0.000015
72560 0.000002
72570 0.000021
72580 0.000003
72590 0.000003
72600 0.000011
72610 -0.000001
72620 0.000007
72630 -0.000004
72640 -0.000001
72650 -0.000062
72660 0.000009
72670 0.000001
72680 0.000009
72690 -0.000007
72700 -0.000008
72710 -0.000006
72720 0.000001
72730 0.000006
72740 -0.000005
72750 0.000006
72760 -0.000002
72770 0.000000
72780 0.000008
72790 -0.000005
72800 0.000007
72810 0.000001
72820 -0.000001
72830 -0.000003
72840 -0.000004
72850 -0.000000
72860 -0.000012
72870 -0.000003
72880 -0.000009
72890 -0.000018
72900 0.000004
72910 0.000012
72920 0.000007
72930 -0.000033
72940 0.000032
72950 0.000018
72960 0.000003
72970 0.000001
72980 0.000013
72990 0.000010
73000 -0.000002
73010 0.000013
73020 -0.000007
73030 -0.000006
73040 -0.000008
73050 -0.000007
73060 0.000014
73070 -0.000005
73080 0.000006
73090 0.000003
73100 -0.000002
73110 -0.000022
73120 0.000156
73130 0.000099
73140 0.000001
73150 -0.000002
73160 0.000008
73170 0.000004
73180 -0.000012
73190 -0.000017
73200 0.000009
73210 -0.000583
73220 0.000088
73230 0.000002
73240 0.000009
73250 0.000017
73260 -0.000010
73270 0.000007
73280 -0.000002
73290 -0.000010
73300 -0.000011
73310 0.000008
73320 0.000007
73330 -0.000016
73340 0.000007
73350 -0.000002
73360 -0.000003
73370 -0.000019
73380 0.000013
73390 0.000023
73400 -0.000006
73410 0.000008
73420 0.000006
73430 0.000003
73440 0.000008
73450 0.000109
73460 -0.000004
73470 0.000007
73480 0.000009
73490 0.000005
73500 0.000008
73510 0.000002
73520 0.000007
73530 0.000011
73540 0.000238
73550 -0.000016
73560 0.000002
73570 0.000001
73580 0.000005
73590 -0.000071
73600 0.000014
73610 0.000004
73620 -0.000020
73630 -0.000002
73640 0.000006
73650 -0.000031
73660 0.000011
73670 0.000006
73680 0.000048
73690 -0.000015
73700 0.000007
73710 -0.000009
73720 -0.000082
73730 -0.000005
73740 -0.000004
73750 -0.000060
73760 -0.000076
73770 -0.000077
73780 -0.000006
73790 -0.000005
73800 -0.000020
73810 0.000005
73820 -0.000015
73830 0.000026
73840 -0.000006
73850 0.000026
73860 -0.000002
73870 -0.000005
73880 0.000015
73890 -0.000004
73900 0.000005
73910 -0.000012
73920 0.000008
73930 -0.000005
73940 0.000000
73950 0.000022
73960 -0.000006
73970 -0.000003
73980 -0.000004
73990 -0.000006
74000 -0.000012
74010 0.000005
74020 0.000001
74030 -0.000004
74040 -0.000004
74050 -0.000030
74060 0.000004
74070 -0.000035
74080 -0.000010
74090 0.000002
74100 -0.000015
74110 -0.000074
74120 -0.000008
74130 0.000017
74140 -0.000009
74150 0.000005
74160 0.000067
74170 0.000014
74180 0.000009
74190 -0.000019
74200 0.000022
74210 0.000007
74220 -0.000008
74230 -0.000003
74240 -0.000011
74250 -0.000020
74260 -0.000000
74270 0.000012
74280 0.000002
74290 0.000008
74300 0.000004
74310 -0.000000
74320 0.000007
74330 -0.000004
74340 0.000015
74350 0.000014
74360 -0.000000
74370 0.000001
74380 -0.000006
74390 0.000012
74400 -0.000001
74410 -0.000001
74420 0.000009
74430 0.000017
74440 0.000007
74450 -0.000004
74460 -0.000002
74470 0.000008
74480 -0.000001
74490 -0.000008
74500 0.000008
74510 0.000005
74520 0.000006
74530 0.000020
74540 -0.000003
74550 -0.000007
74560 0.000004
74570 0.000005
74580 0.000185
74590 -0.000000
74600 -0.000027
74610 0.000015
74620 0.000010
74630 -0.000003
74640 -0.000008
74650 0.000004
74660 0.000001
74670 -0.000008
74680 -0.000012
74690 0.000007
74700 0.000009
74710 0.000031
74720 -0.000003
74730 -0.000001
74740 -0.000005
74750 -0.000016
74760 0.000010
74770 -0.000003
74780 -0.000008
74790 0.000021
74800 -0.000018
74810 -0.000010
74820 0.000001
74830 -0.000048
74840 -0.000022
74850 0.000003
74860 0.000024
74870 0.000040
74880 0.000021
74890 -0.000007
74900 0.000004
74910 0.000008
74920 -0.000022
74930 -0.000005
74940 0.000018
74950 0.000005
74960 0.000014
74970 -0.000008
74980 0.000016
74990 -0.000004
75000 0.000006
75010 0.000006
75020 -0.000010
75030 -0.000015
75040 -0.000018
75050 0.000004
75060 -0.000009
75070 -0.000011
75080 0.000013
75090 -0.000009
75100 0.000006
75110 0.000006
75120 -0.000009
75130 0.000025
75140 -0.000011
75150 0.000030
75160 -0.000019
75170 -0.000016
75180 0.000006
75190 0.000001
75200 0.000004
75210 -0.000025
75220 -0.000018
75230 -0.000010
75240 0.000014
75250 0.000013
75260 -0.000040
75270 0.000020
75280 0.000015
75290 0.000018
75300 0.000022
75310 -0.000014
75320 0.000006
75330 0.000004
75340 -0.000001
75350 0.000003
75360 0.000009
75370 0.000010
75380 -0.000004
75390 -0.000003
75400 0.000014
75410 -0.000003
75420 -0.000036
75430 0.000002
75440 -0.000003
75450 -0.000017
75460 -0.000026
75470 -0.000002
75480 0.000017
75490 0.000013
75500 0.000036
75510 0.000007
75520 0.000004
75530 -0.000027
75540 0.000156
75550 -0.000011
75560 0.000010
75570 0.000013
75580 -0.000019
75590 -0.000006
75600 0.000025
75610 0.000008
75620 -0.000007
75630 -0.000005
75640 0.000005
75650 -0.000001
75660 -0.000015
75670 0.000011
75680 -0.000002
75690 0.000008
75700 0.000013
75710 -0.000017
75720 0.000003
75730 -0.000007
75740 -0.000006
75750 0.000009
75760 0.000007
75770 0.000013
75780 0.000004
75790 -0.000023
75800 -0.000001
75810 -0.000015
75820 0.000000
75830 -0.000013
75840 0.000009
75850 0.000003
75860 0.000004
75870 -0.000012
75880 -0.000008
75890 0.000008
75900 0.000011
75910 0.000012
75920 -0.000031
75930 -0.000001
75940 0.000008
75950 -0.000018
75960 -0.000005
75970 -0.000006
75980 0.000030
75990 0.000004
76000 -0.000003
76010 -0.000005
76020 0.000003
76030 -0.000001
76040 -0.000005
76050 0.000009
76060 0.000003
76070 -0.000003
76080 -0.000009
76090 0.000019
76100 0.000013
76110 -0.000006
76120 0.000002
76130 -0.000002
76140 0.000006
76150 -0.000011
76160 0.000003
76170 0.000007
76180 -0.000000
76190 0.000003
76200 -0.000009
76210 -0.000003
76220 0.000003
76230 -0.000008
76240 -0.000012
76250 -0.000000
76260 -0.000028
76270 -0.000041
76280 -0.000004
76290 -0.000011
76300 0.000005
76310 0.000000
76320 -0.000037
76330 0.000003
76340 0.000007
76350 -0.000003
76360 -0.000004
76370 0.000006
76380 0.000012
76390 -0.000029
76400 0.000007
76410 -0.000005
76420 -0.000035
76430 0.000019
76440 -0.000004
76450 -0.000004
76460 -0.000005
76470 -0.000007
76480 0.000217
76490 -0.000027
76500 0.000004
76510 -0.000005
76520 -0.000005
76530 -0.000001
76540 0.000010
76550 0.000018
76560 -0.000003
76570 0.000006
76580 -0.000023
76590 0.000279
76600 0.000004
76610 -0.000003
76620 0.000002
76630 -0.000003
76640 -0.000016
76650 -0.000021
76660 0.000008
76670 -0.000015
76680 0.000030
76690 0.000005
76700 0.000005
76710 0.000011
76720 0.000008
76730 -0.000010
76740 -0.000017
76750 0.000002
76760 -0.000002
76770 0.000010
76780 0.000002
76790 -0.000000
76800 -0.000025
76810 0.000007
76820 -0.000006
76830 -0.000000
76840 0.000001
76850 0.000016
76860 -0.000022
76870 -0.000003
76880 0.000012
76890 -0.000010
76900 0.000008
76910 0.000004
76920 -0.000002
76930 0.000004
76940 -0.000011
76950 -0.000010
76960 0.000007
76970 -0.000009
76980 0.000010
76990 -0.000010
77000 0.000006
77010 -0.000002
77020 -0.000002
77030 -0.000001
77040 -0.000005
77050 0.000005
77060 -0.000005
77070 0.000001
77080 0.000007
77090 0.000012
77100 0.000021
77110 -0.000003
77120 0.000011
77130 -0.000001
77140 -0.000011
77150 0.000024
77160 -0.000014
77170 0.000008
77180 0.000449
77190 0.000002
77200 0.000033
77210 -0.000018
77220 0.000039
77230 0.000007
77240 -0.000006
77250 0.000077
77260 0.000000
77270 0.000008
77280 -0.000016
77290 0.000008
77300 -0.000015
77310 0.000011
77320 0.000012
77330 0.000007
77340 0.000016
77350 -0.000013
77360 0.000005
77370 0.000021
77380 -0.000013
77390 0.000003
77400 0.000006
77410 -0.000001
77420 0.000003
77430 -0.000018
77440 -0.000022
77450 -0.000004
77460 -0.000000
77470 0.000013
77480 0.000005
77490 -0.000015
77500 0.000010
77510 0.000012
77520 0.000001
77530 0.000000
77540 -0.000025
77550 -0.000017
77560 0.000008
77570 -0.000005
77580 -0.000003
77590 -0.000007
77600 0.000005
77610 -0.000008
77620 0.000006
77630 0.000004
77640 -0.000017
77650 0.000002
77660 -0.000009
77670 0.000004
77680 -0.000008
77690 0.000001
77700 -0.000012
77710 0.000001
77720 0.000002
77730 0.000016
77740 0.000002
77750 -0.000007
77760 0.000015
77770 -0.000001
77780 0.000000
77790 0.000011
77800 -0.000002
77810 -0.000012
77820 0.000011
77830 -0.000054
77840 -0.000014
77850 0.000027
77860 0.000005
77870 0.000002
77880 0.000003
77890 0.000006
77900 0.000008
77910 -0.000004
77920 0.000018
77930 -0.000003
77940 0.000000
77950 0.000059
77960 0.000000
77970 -0.000003
77980 0.000002
77990 -0.000011
78000 -0.000005
78010 -0.000010
78020 0.000000
78030 -0.000007
78040 -0.000001
78050 0.000026
78060 -0.000034
78070 -0.000002
78080 -0.000001
78090 0.000004
78100 0.000002
78110 -0.000006
78120 0.000007
78130 0.000005
78140 0.000001
78150 -0.000008
78160 -0.000007
78170 0.000004
78180 -0.000006
78190 -0.000016
78200 -0.000003
78210 -0.000000
78220 -0.000007
78230 -0.000005
78240 0.000001
78250 0.000017
78260 0.000012
78270 0.000009
78280 0.000011
78290 0.000002
78300 -0.000000
78310 -0.000011
78320 0.000001
78330 0.000004
78340 0.000002
78350 0.000006
78360 -0.000014
78370 0.000052
78380 0.000018
78390 0.000001
78400 0.000002
78410 0.000005
78420 0.000018
78430 -0.000007
78440 0.000005
78450 -0.000127
78460 0.000000
78470 -0.000006
78480 0.000003
78490 -0.000009
78500 -0.000011
78510 -0.000000
78520 0.000017
78530 -0.000010
78540 0.000002
78550 -0.000006
78560 0.000003
78570 -0.000014
78580 -0.000012
78590 0.000021
78600 -0.000026
78610 0.000005
78620 0.000014
78630 0.000003
78640 -0.000009
78650 0.000019
78660 0.000005
78670 -0.000008
78680 0.000004
78690 0.000002
78700 -0.000008
78710 -0.000041
78720 0.000004
78730 -0.000006
78740 0.000015
78750 -0.000000
78760 -0.000015
78770 -0.000005
78780 0.000007
78790 -0.000001
78800 0.000005
78810 0.000006
78820 0.000008
78830 0.000008
78840 -0.000028
78850 -0.000006
78860 0.000023
78870 -0.000007
78880 -0.000001
78890 -0.000044
78900 -0.000024
78910 0.000010
78920 -0.000015
78930 0.000017
78940 -0.000007
78950 0.000027
78960 0.000003
78970 -0.000005
78980 0.000005
78990 0.000071
79000 0.000002
79010 -0.000005
79020 0.000018
79030 0.000006
79040 0.000001
79050 -0.000022
79060 0.000002
79070 0.000010
79080 0.000002
79090 -0.000022
79100 -0.000003
79110 0.000001
79120 -0.000012
79130 0.000018
79140 -0.000004
79150 -0.000000
79160 -0.000033
79170 0.000021
79180 -0.000007
79190 -0.000007
79200 0.000009
79210 0.000013
79220 0.000009
79230 0.000019
79240 -0.000001
79250 -0.000015
79260 -0.000003
79270 -0.000006
79280 0.000008
79290 -0.000001
79300 -0.000004
79310 -0.000016
79320 0.000003
79330 0.000012
79340 -0.000015
79350 -0.000015
79360 -0.000004
79370 0.000008
79380 -0.000001
79390 0.000008
79400 0.000021
79410 -0.000002
79420 0.000021
79430 0.000011
79440 -0.000004
79450 -0.000004
79460 0.000011
79470 0.000008
79480 -0.000010
79490 -0.000003
79500 0.000010
79510 0.000078
79520 -0.000010
79530 0.000027
79540 0.000005
79550 -0.000006
79560 -0.000052
79570 -0.000008
79580 0.000006
79590 0.000018
79600 -0.000013
79610 0.000010
79620 -0.000023
79630 0.000017
79640 -0.000017
79650 -0.000008
79660 0.000015
79670 0.000009
79680 0.000006
79690 0.000006
79700 0.000011
79710 -0.000022
79720 0.000006
79730 -0.000003
79740 -0.000007
79750 -0.000011
79760 0.000017
79770 -0.000010
79780 0.000001
79790 -0.000015
79800 -0.000002
79810 0.000014
79820 0.000008
79830 -0.000004
79840 -0.000001
79850 -0.000021
79860 -0.000010
79870 0.000016
79880 -0.000007
79890 -0.000145
79900 0.000039
79910 0.000013
79920 0.000008
79930 -0.000010
79940 0.000006
79950 -0.000000
79960 -0.000002
79970 -0.000010
79980 -0.000004
79990 -0.000004
80000 0.000285
80010 -0.000021
80020 0.000017
80030 -0.000004
80040 0.000005
80050 -0.000000
80060 0.000001
80070 0.000009
80080 0.000173
80090 -0.000024
80100 0.000020
80110 0.000011
80120 0.000006
80130 -0.000006
80140 -0.000055
80150 -0.000004
80160 0.000012
80170 0.000003
80180 0.000008
80190 -0.000003
80200 0.000000
80210 -0.000004
80220 0.000027
80230 -0.000007
80240 0.000011
80250 0.000003
80260 0.000007
80270 0.000018
80280 0.000005
80290 -0.000001
80300 -0.000004
80310 0.000001
80320 -0.000002
80330 0.000000
80340 0.000008
80350 -0.000008
80360 -0.000006
80370 0.000010
80380 -0.000020
80390 -0.000070
80400 0.000004
80410 0.000008
80420 0.000013
80430 0.000003
80440 -0.000006
80450 0.000035
80460 0.000006
80470 0.000014
80480 -0.000005
80490 0.000023
80500 0.000016
80510 0.000004
80520 0.000002
80530 -0.000001
80540 0.000024
80550 0.000022
80560 0.000016
80570 -0.000002
80580 -0.000005
80590 -0.000008
80600 0.000003
80610 0.000003
80620 -0.000004
80630 0.000003
80640 0.000010
80650 0.000005
80660 -0.000010
80670 -0.000008
80680 -0.000047
80690 -0.000002
80700 0.000008
80710 0.000004
80720 0.000005
80730 0.000009
80740 -0.000004
80750 -0.000008
80760 -0.000003
80770 0.000032
80780 0.000003
80790 0.000010
80800 0.000000
80810 -0.000005
80820 -0.000021
80830 0.000012
80840 0.000000
80850 -0.000009
80860 0.000012
80870 -0.000006
80880 0.000006
80890 0.000005
80900 -0.000001
80910 0.000006
80920 -0.000003
80930 0.000013
80940 -0.000003
80950 -0.000003
80960 0.000005
80970 0.000002
80980 0.000005
80990 -0.000001
81000 0.000120
81010 -0.000015
81020 0.000004
81030 -0.000003
81040 0.000001
81050 -0.000047
81060 -0.000038
81070 0.000010
81080 -0.000031
81090 -0.000000
81100 -0.000028
81110 0.000006
81120 0.000015
81130 0.000004
81140 -0.000008
81150 0.000008
81160 0.000002
81170 -0.000011
81180 0.000036
81190 -0.000001
81200 -0.000006
81210 -0.000017
81220 0.000019
81230 -0.000011
81240 0.000009
81250 -0.000003
81260 -0.000003
81270 -0.000001
81280 -0.000020
81290 0.000002
81300 -0.000005
81310 -0.000008
81320 0.000005
81330 0.000006
81340 0.000004
81350 0.000009
81360 0.000003
81370 -0.000004
81380 -0.000005
81390 -0.000005
81400 0.000011
81410 0.000019
81420 -0.000007
81430 -0.000002
81440 0.000001
81450 0.000005
81460 0.000000
81470 0.000018
81480 -0.000005
81490 0.000004
81500 -0.000006
81510 -0.000013
81520 -0.000006
81530 -0.000025
81540 0.000023
81550 -0.000005
81560 0.000011
81570 0.000114
81580 0.000000
81590 -0.000010
81600 -0.000006
81610 0.000009
81620 -0.000003
81630 -0.000010
81640 -0.000003
81650 -0.000006
81660 -0.000012
81670 -0.000016
81680 -0.000014
81690 -0.000005
81700 0.000000
81710 0.000003
81720 -0.000000
81730 -0.000012
81740 0.000007
81750 -0.000016
81760 -0.000013
81770 0.000006
81780 0.000003
81790 -0.000017
81800 -0.000003
81810 -0.000006
81820 0.000002
81830 0.000040
81840 -0.000005
81850 -0.000007
81860 0.000004
81870 0.000005
81880 0.000021
81890 0.000001
81900 0.000010
81910 -0.000007
81920 0.000001
81930 -0.000008
81940 -0.000018
81950 -0.000024
81960 -0.000010
81970 0.000000
81980 0.000008
81990 -0.000002
82000 -0.000010
82010 0.000016
82020 0.000002
82030 0.000005
82040 -0.000007
82050 0.000014
82060 -0.000008
82070 -0.000018
82080 -0.000009
82090 0.000005
82100 -0.000006
82110 -0.000015
82120 -0.000003
82130 -0.000002
82140 -0.000017
82150 -0.000017
82160 -0.000001
82170 -0.000000
82180 -0.000019
82190 -0.000005
82200 -0.000007
82210 0.000000
82220 0.000005
82230 0.000081
82240 -0.000020
82250 0.000013
82260 0.000003
82270 -0.000011
82280 -0.000014
82290 -0.000002
82300 0.000034
82310 0.000001
82320 0.000001
82330 0.000003
82340 0.000002
82350 0.000011
82360 0.000002
82370 0.000010
82380 0.000013
82390 0.000029
82400 0.000008
82410 0.000007
82420 -0.000011
82430 0.000006
82440 0.000022
82450 -0.000010
82460 -0.000014
82470 0.000010
82480 0.000002
82490 0.000012
82500 0.000002
82510 0.000020
82520 -0.000011
82530 -0.000025
82540 -0.000009
82550 -0.000000
82560 -0.000007
82570 0.000006
82580 -0.000004
82590 -0.000014
82600 -0.000007
82610 -0.000041
82620 -0.000001
82630 -0.000006
82640 0.000027
82650 -0.000011
82660 -0.000004
82670 -0.000002
82680 0.000005
82690 0.000007
82700 -0.000002
82710 0.000014
82720 0.000000
82730 0.000008
82740 -0.000012
82750 0.000000
82760 0.000012
82770 -0.000010
82780 0.000013
82790 0.000023
82800 -0.000000
82810 0.000004
82820 0.000009
82830 0.000005
82840 -0.000004
82850 -0.000011
82860 0.000004
82870 -0.000007
82880 -0.000006
82890 -0.000004
82900 0.000659
82910 0.000010
82920 -0.000005
82930 -0.000007
82940 -0.000032
82950 0.000021
82960 -0.000029
82970 0.000011
82980 0.000000
82990 0.000005
83000 0.000004
83010 -0.000010
83020 -0.000135
83030 -0.000008
83040 -0.000002
83050 -0.000012
83060 -0.000002
83070 -0.000007
83080 0.000003
83090 -0.000001
83100 -0.000001
83110 -0.000000
83120 0.000059
83130 -0.000005
83140 0.000003
83150 -0.000158
83160 0.000003
83170 -0.000006
83180 0.000005
83190 0.000000
83200 0.000005
83210 0.000393
83220 0.000014
83230 0.000009
83240 0.000003
83250 0.000004
83260 0.000004
83270 -0.000004
83280 0.000008
83290 0.000005
83300 0.000265
83310 0.000000
83320 0.000005
83330 0.000013
83340 0.000010
83350 0.000005
83360 -0.000004
83370 0.000048
83380 -0.000000
83390 -0.000006
83400 0.000002
83410 0.000028
83420 -0.000004
83430 -0.000008
83440 -0.000024
83450 0.000003
83460 0.000002
83470 0.000002
83480 0.000020
83490 0.000006
83500 0.000006
83510 0.000000
83520 0.000001
83530 -0.000016
83540 0.000004
83550 0.000005
83560 -0.000013
83570 0.000035
83580 -0.000016
83590 -0.000009
83600 0.000002
83610 0.000006
83620 -0.000012
83630 0.000021
83640 -0.000007
83650 0.000007
83660 -0.000017
83670 0.000003
83680 -0.000009
83690 0.000003
83700 -0.000006
83710 0.000003
83720 -0.000052
83730 0.000014
83740 0.000014
83750 -0.000013
83760 -0.000009
83770 -0.000002
83780 -0.000052
83790 -0.000006
83800 -0.000002
83810 0.000029
83820 0.000010
83830 0.000019
83840 0.000042
83850 -0.000000
83860 -0.000003
83870 0.000021
83880 -0.000007
83890 0.000015
83900 0.000010
83910 -0.000020
83920 -0.000001
83930 0.000015
83940 0.000038
83950 -0.000019
83960 0.000003
83970 -0.000005
83980 0.000003
83990 0.000013
84000 0.000003
84010 0.000016
84020 0.000001
84030 0.000010
84040 -0.000286
84050 -0.000028
84060 0.000006
84070 0.000009
84080 0.000008
84090 -0.000008
84100 -0.000004
84110 -0.000025
84120 -0.000012
84130 -0.000032
84140 -0.000008
84150 0.000003
84160 -0.000003
84170 0.000009
84180 0.000002
84190 -0.000002
84200 -0.000005
84210 0.000014
84220 -0.000021
84230 0.000009
84240 -0.000010
84250 0.000017
84260 0.000014
84270 -0.000016
84280 0.000011
84290 -0.000015
84300 -0.000016
84310 0.000003
84320 0.000001
84330 0.000004
84340 0.000002
84350 0.000013
84360 -0.000016
84370 -0.000024
84380 0.000027
84390 0.000010
84400 -0.000007
84410 -0.000004
84420 0.000001
84430 -0.000020
84440 -0.000004
84450 -0.000001
84460 -0.000016
84470 0.000010
84480 0.000002
84490 -0.000017
84500 0.000005
84510 0.000001
84520 -0.000002
84530 0.000005
84540 0.000002
84550 0.000027
84560 -0.000001
84570 0.000031
84580 -0.000004
84590 0.000001
84600 -0.000011
84610 0.000003
84620 -0.000017
84630 -0.000001
84640 -0.000003
84650 -0.000001
84660 0.000003
84670 -0.000005
84680 -0.000006
84690 0.000010
84700 0.000017
84710 -0.000004
84720 0.000002
84730 0.000017
84740 -0.000002
84750 -0.000007
84760 0.000004
84770 0.000010
84780 0.000009
84790 -0.000029
84800 0.000005
84810 -0.000000
84820 -0.000010
84830 -0.000010
84840 -0.000014
84850 0.000043
84860 0.000010
84870 -0.000002
84880 0.000016
84890 -0.000018
84900 0.000002
84910 0.000009
84920 0.000087
84930 -0.000019
84940 -0.000003
84950 -0.000002
84960 0.000005
84970 -0.000005
84980 0.000003
84990 -0.000003
85000 -0.000002
85010 0.000001
85020 -0.000025
85030 -0.000002
85040 0.000007
85050 -0.000009
85060 -0.000000
85070 -0.000001
85080 -0.000009
85090 -0.000006
85100 0.000003
85110 0.000009
85120 0.000001
85130 -0.000009
85140 -0.000001
85150 -0.000008
85160 -0.000009
85170 0.000066
85180 0.000002
85190 0.000049
85200 0.000004
85210 -0.000014
85220 0.000008
85230 0.000009
85240 0.000005
85250 -0.000037
85260 0.000013
85270 -0.000016
85280 0.000004
85290 0.000005
85300 -0.000006
85310 0.000012
85320 0.000003
85330 -0.000002
85340 0.000026
85350 -0.000002
85360 -0.000003
85370 0.000007
85380 0.000202
85390 -0.000001
85400 -0.000000
85410 0.000037
85420 0.000015
85430 -0.000010
85440 0.000001
85450 0.000002
85460 0.000013
85470 -0.000007
85480 0.000005
85490 -0.000006
85500 -0.000004
85510 0.000013
85520 0.000009
85530 -0.000004
85540 0.000000
85550 -0.000005
85560 0.000005
85570 0.000003
85580 0.000004
85590 0.000008
85600 -0.000007
85610 0.000011
85620 -0.000003
85630 0.000013
85640 0.000024
85650 -0.000003
85660 0.000007
85670 0.000005
85680 0.000014
85690 -0.000007
85700 0.000011
85710 0.000003
85720 -0.000000
85730 0.000002
85740 0.000006
85750 0.000008
85760 0.000006
85770 0.000005
85780 0.000009
85790 0.000019
85800 0.000008
85810 -0.000014
85820 0.000007
85830 -0.000006
85840 -0.000006
85850 -0.000012
85860 0.000005
85870 0.000005
85880 0.000002
85890 -0.000006
85900 0.000047
85910 0.000010
85920 -0.000039
85930 -0.000007
85940 -0.000005
85950 0.000005
85960 -0.000006
85970 -0.000016
85980 0.000007
85990 0.000008
86000 0.000011
86010 0.000002
86020 -0.000007
86030 -0.000009
86040 0.000003
86050 0.000001
86060 -0.000003
86070 -0.000111
86080 0.000067
86090 0.000036
86100 -0.000002
86110 -0.000000
86120 -0.000004
86130 -0.000011
86140 0.000012
86150 0.000008
86160 0.000038
86170 0.000024
86180 0.000006
86190 -0.000011
86200 -0.000012
86210 -0.000000
86220 0.000012
86230 -0.000001
86240 0.000002
86250 0.000066
86260 -0.000009
86270 -0.000007
86280 0.000006
86290 0.000005
86300 0.000010
86310 0.000003
86320 -0.000007
86330 0.000001
86340 0.000003
86350 0.000000
86360 -0.000005
86370 -0.000004
86380 -0.000007
86390 0.000002
86400 0.000006
86410 0.000001
86420 0.000007
86430 0.000011
86440 0.000000
86450 -0.000005
86460 0.000007
86470 -0.000007
86480 -0.000002
86490 0.000004
86500 0.000001
86510 0.000006
86520 0.000009
86530 0.000000
86540 -0.000008
86550 0.000000
86560 0.000012
86570 -0.000007
86580 -0.000022
86590 -0.000006
86600 -0.000023
86610 -0.000019
86620 0.000013
86630 0.000013
86640 -0.000005
86650 -0.000016
86660 -0.000000
86670 0.000000
86680 -0.000018
86690 0.000007
86700 -0.000010
86710 0.000002
86720 -0.000005
86730 0.000008
86740 -0.000007
86750 -0.000015
86760 0.000040
86770 -0.000007
86780 -0.000121
86790 -0.000001
86800 -0.000022
86810 -0.000011
86820 0.000002
86830 -0.000017
86840 -0.000003
86850 -0.000080
86860 0.000009
86870 -0.000014
86880 -0.000003
86890 0.000005
86900 -0.000003
86910 -0.000008
86920 0.000008
86930 -0.000001
86940 -0.000016
86950 0.000023
86960 -0.000008
86970 0.000003
86980 0.000008
86990 -0.000017
87000 0.000001
87010 -0.000000
87020 0.000004
87030 0.000005
87040 -0.000010
87050 0.000002
87060 0.000004
87070 0.000002
87080 -0.000010
87090 0.000003
87100 -0.000007
87110 -0.000012
87120 0.000014
87130 0.000007
87140 0.000001
87150 0.000004
87160 0.000005
87170 0.000072
87180 -0.000001
87190 -0.000000
87200 0.000006
87210 -0.000008
87220 0.000005
87230 0.000012
87240 -0.000007
87250 0.000089
87260 0.000133
87270 0.000008
87280 -0.000007
87290 -0.000026
87300 -0.000003
87310 0.000050
87320 -0.000004
87330 -0.000004
87340 0.000010
87350 -0.000008
87360 0.000015
87370 0.000016
87380 0.000003
87390 0.000002
87400 0.000009
87410 -0.000003
87420 -0.000009
87430 -0.000001
87440 -0.000074
87450 0.000085
87460 -0.000008
87470 0.000000
87480 -0.000006
87490 -0.000017
87500 0.000007
87510 0.000019
87520 -0.000001
87530 0.000002
87540 -0.000020
87550 0.000003
87560 0.000006
87570 0.000011
87580 0.000013
87590 0.000013
87600 -0.000008
87610 0.000006
87620 0.000001
87630 0.000011
87640 -0.000001
87650 0.000003
87660 -0.000003
87670 -0.000009
87680 -0.000009
87690 0.000020
87700 -0.000008
87710 0.000000
87720 -0.000004
87730 0.000011
87740 0.000006
87750 0.000002
87760 -0.000002
87770 -0.000005
87780 0.000007
87790 -0.000034
87800 -0.000001
87810 0.000018
87820 0.000009
87830 -0.000020
87840 0.000007
87850 0.000002
87860 -0.000002
87870 -0.000001
87880 0.000011
87890 0.000025
87900 0.000008
87910 0.000001
87920 0.000003
87930 0.000005
87940 0.000029
87950 -0.000003
87960 0.000005
87970 0.000003
87980 0.000000
87990 -0.000002
88000 -0.000006
88010 0.000023
88020 0.000007
88030 0.000000
88040 0.000015
88050 0.000009
88060 0.000010
88070 0.000010
88080 0.000016
88090 -0.000009
88100 0.000011
88110 0.000003
88120 0.000007
88130 0.000005
88140 -0.000012
88150 -0.000003
88160 0.000016
88170 0.000006
88180 -0.000001
88190 0.000014
88200 0.000004
88210 0.000002
88220 -0.000005
88230 0.000002
88240 -0.000014
88250 0.000002
88260 -0.000002
88270 -0.000008
88280 -0.000000
88290 0.000024
88300 0.000020
88310 0.000014
88320 0.000100
88330 0.000019
88340 -0.000002
88350 -0.000003
88360 -0.000000
88370 0.000004
88380 0.000002
88390 0.000006
88400 0.000003
88410 -0.000011
88420 -0.000097
88430 0.000011
88440 0.000028
88450 -0.000001
88460 0.000003
88470 -0.000002
88480 0.000010
88490 -0.000012
88500 -0.000010
88510 -0.000001
88520 -0.000007
88530 -0.000018
88540 -0.000002
88550 0.000008
88560 -0.000010
88570 -0.000005
88580 -0.000000
88590 -0.000023
88600 -0.000003
88610 0.000010
88620 -0.000005
88630 -0.000009
88640 0.000002
88650 -0.000001
88660 0.000008
88670 0.000026
88680 0.000006
88690 0.000001
88700 -0.000000
88710 -0.000008
88720 -0.000003
88730 -0.000008
88740 0.000013
88750 0.000001
88760 -0.000003
88770 -0.000002
88780 0.000005
88790 0.000003
88800 -0.000005
88810 -0.000005
88820 -0.000033
88830 0.000000
88840 -0.000011
88850 -0.000000
88860 -0.000005
88870 0.000001
88880 0.000018
88890 -0.000012
88900 -0.000013
88910 0.000002
88920 -0.000003
88930 0.000001
88940 -0.000008
88950 -0.000009
88960 0.000013
88970 0.000003
88980 -0.000007
88990 -0.000002
89000 -0.000010
89010 -0.000001
89020 0.000010
89030 0.000006
89040 0.000007
89050 -0.000001
89060 -0.000002
89070 0.000000
89080 -0.000001
89090 -0.000004
89100 -0.000005
89110 -0.000001
89120 -0.000010
89130 -0.000002
89140 -0.000010
89150 0.000030
89160 -0.000009
89170 -0.000004
89180 0.000035
89190 0.000003
89200 -0.000006
89210 0.000004
89220 -0.000004
89230 -0.000000
89240 0.000007
89250 -0.000014
89260 -0.000009
89270 0.000019
89280 0.000004
89290 -0.000005
89300 -0.000005
89310 -0.000005
89320 -0.000003
89330 0.000009
89340 -0.000015
89350 -0.000036
89360 0.000011
89370 0.000001
89380 -0.000007
89390 0.000002
89400 0.000007
89410 -0.000004
89420 0.000860
89430 -0.000004
89440 -0.000003
89450 0.000239
89460 0.000006
89470 0.000006
89480 -0.000007
89490 -0.000004
89500 -0.000006
89510 -0.000015
89520 0.000006
89530 0.000036
89540 0.000007
89550 -0.000001
89560 -0.000011
89570 -0.000001
89580 0.000015
89590 0.000007
89600 0.000027
89610 -0.000013
89620 0.000003
89630 -0.000016
89640 -0.000002
89650 -0.000004
89660 -0.000000
89670 -0.000082
89680 0.000022
89690 0.000048
89700 -0.000002
89710 0.000011
89720 -0.000008
89730 -0.000017
89740 -0.000010
89750 -0.000004
89760 0.000010
89770 -0.000008
89780 0.000000
89790 0.000006
89800 0.000002
89810 0.000005
89820 -0.000002
89830 -0.000001
89840 0.000003
89850 0.000001
89860 -0.000028
89870 0.000014
89880 0.000000
89890 0.000007
89900 0.000001
89910 -0.000010
89920 -0.000000
89930 -0.000002
89940 -0.000005
89950 0.000001
89960 0.000014
89970 -0.000047
89980 0.000001
89990 -0.000029
90000 0.000001
90010 0.000010
90020 0.000009
90030 0.000008
90040 0.000003
90050 -0.000000
90060 0.000006
90070 0.000015
90080 -0.000001
90090 -0.000023
90100 0.000003
90110 0.000001
90120 0.000005
90130 0.000004
90140 -0.000003
90150 -0.000005
90160 0.000006
90170 -0.000001
90180 -0.000003
90190 -0.000011
90200 0.000003
90210 -0.000004
90220 0.000003
90230 0.000002
90240 -0.000000
90250 -0.000003
90260 -0.000007
90270 -0.000005
90280 0.000010
90290 -0.000017
90300 -0.000016
90310 0.000001
90320 0.000007
90330 0.000174
90340 -0.000029
90350 0.000004
90360 0.000000
90370 0.000006
90380 0.000028
90390 0.000007
90400 0.000002
90410 -0.000043
90420 0.000010
90430 0.000008
90440 -0.000011
90450 -0.000018
90460 -0.000012
90470 -0.000004
90480 0.000009
90490 -0.000001
90500 0.000012
90510 -0.000000
90520 -0.000021
90530 0.000004
90540 -0.000010
90550 -0.000006
90560 -0.000044
90570 0.000000
90580 0.000004
90590 -0.000001
90600 -0.000010
90610 -0.000010
90620 0.000082
90630 -0.000003
90640 0.000006
90650 0.000000
90660 0.000001
90670 -0.000021
90680 -0.000001
90690 -0.000004
90700 -0.000003
90710 -0.000003
90720 0.000011
90730 -0.000017
90740 -0.000004
90750 0.000009
90760 -0.000009
90770 -0.000009
90780 -0.000011
90790 -0.000001
90800 0.000015
90810 0.000001
90820 -0.000004
90830 0.000008
90840 0.000008
90850 0.000013
90860 -0.000034
90870 0.000037
90880 0.000012
90890 0.000016
90900 0.000008
90910 -0.000012
90920 0.000004
90930 -0.000006
90940 -0.000006
90950 -0.000008
90960 -0.000005
90970 -0.000009
90980 -0.000003
90990 -0.000004
91000 0.000247
91010 0.000009
91020 0.000015
91030 0.000001
91040 -0.000006
91050 0.000003
91060 0.000061
91070 -0.000026
91080 0.000038
91090 0.000008
91100 -0.000011
91110 -0.000035
91120 -0.000022
91130 -0.000001
91140 -0.000029
91150 0.000016
91160 0.000004
91170 0.000009
91180 0.000003
91190 0.000006
91200 0.000006
91210 0.000061
91220 -0.000018
91230 -0.000002
91240 0.000012
91250 0.000049
91260 -0.000003
91270 0.000008
91280 0.000004
91290 0.000006
91300 0.000001
91310 -0.000034
91320 0.000006
91330 -0.000009
91340 -0.000008
91350 0.000001
91360 -0.000002
91370 -0.000008
91380 -0.000014
91390 -0.000010
91400 0.000002
91410 0.000005
91420 0.000007
91430 0.000170
91440 0.000012
91450 -0.000002
91460 -0.000000
91470 -0.000006
91480 0.000003
91490 0.000008
91500 -0.000003
91510 0.000010
91520 -0.000022
91530 -0.000004
91540 -0.000000
91550 0.000002
91560 0.000001
91570 -0.000001
91580 -0.000005
91590 -0.000010
91600 -0.000006
91610 0.000005
91620 0.000008
91630 0.000008
91640 -0.000002
91650 0.000004
91660 0.000002
91670 0.000008
91680 -0.000008
91690 -0.000030
91700 0.000004
91710 -0.000015
91720 -0.000004
91730 0.000009
91740 0.000000
91750 -0.000004
91760 -0.000013
91770 0.000007
91780 0.000007
91790 0.000010
91800 0.000021
91810 0.000007
91820 -0.000010
91830 0.000001
91840 0.000017
91850 -0.000008
91860 0.000010
91870 0.000014
91880 -0.000011
91890 -0.000017
91900 0.000002
91910 -0.000021
91920 0.000006
91930 0.000002
91940 -0.000004
91950 -0.000074
91960 0.000005
91970 0.000010
91980 -0.000002
91990 -0.000012
92000 0.000009
92010 0.000017
92020 0.000009
92030 0.000001
92040 0.000006
92050 -0.000016
92060 0.000018
92070 0.000001
92080 0.000013
92090 0.000018
92100 0.000020
92110 0.000009
92120 0.000000
92130 0.000005
92140 0.000000
92150 0.000007
92160 0.000041
92170 0.000003
92180 -0.000014
92190 -0.000041
92200 0.000008
92210 0.000003
92220 0.000011
92230 -0.000002
92240 0.000004
92250 -0.000015
92260 0.000012
92270 -0.000055
92280 0.000004
92290 -0.000017
92300 -0.000004
92310 -0.000004
92320 0.000030
92330 0.000006
92340 0.000008
92350 -0.000009
92360 0.000007
92370 -0.000001
92380 -0.000017
92390 -0.000007
92400 0.000013
92410 -0.000007
92420 0.000133
92430 0.000006
92440 -0.000005
92450 0.000010
92460 -0.000002
92470 -0.000008
92480 0.000016
92490 -0.000001
92500 0.000003
92510 -0.000023
92520 0.000029
92530 -0.000006
92540 -0.000003
92550 0.000008
92560 0.000068
92570 0.000006
92580 -0.000000
92590 0.000001
92600 -0.000007
92610 0.000005
92620 -0.000014
92630 -0.000013
92640 0.000004
92650 -0.000008
92660 0.000005
92670 -0.000004
92680 -0.000002
92690 0.000029
92700 0.000007
92710 0.000030
92720 0.000010
92730 -0.000000
92740 0.000005
92750 -0.000005
92760 0.000013
92770 -0.000002
92780 -0.000012
92790 0.000056
92800 0.000011
92810 0.000044
92820 0.000004
92830 -0.000016
92840 0.000015
92850 0.000015
92860 0.000002
92870 0.000004
92880 -0.000005
92890 0.000004
92900 0.000005
92910 -0.000007
92920 -0.000008
92930 -0.000001
92940 0.000001
92950 0.000006
92960 0.000008
92970 -0.000005
92980 0.000066
92990 -0.000002
93000 -0.000001
93010 -0.000003
93020 0.000001
93030 0.000007
93040 -0.000002
93050 0.000011
93060 -0.000024
93070 -0.000004
93080 0.000012
93090 0.000003
93100 0.000000
93110 0.000076
93120 -0.000003
93130 0.000011
93140 0.000005
93150 -0.000000
93160 0.000018
93170 0.000020
93180 0.000003
93190 -0.000008
93200 -0.000006
93210 -0.000004
93220 -0.000005
93230 0.000008
93240 0.000020
93250 0.000008
93260 0.000009
93270 0.000010
93280 0.000005
93290 -0.000008
93300 0.000023
93310 -0.000003
93320 0.000006
93330 0.000006
93340 0.000005
93350 0.000016
93360 -0.000015
93370 0.000004
93380 0.000001
93390 0.000010
93400 0.000012
93410 -0.000015
93420 0.000005
93430 -0.000020
93440 0.000010
93450 -0.000000
93460 -0.000004
93470 0.000001
93480 -0.000002
93490 -0.000001
93500 -0.000014
93510 0.000007
93520 -0.000074
93530 -0.000002
93540 0.000007
93550 -0.000068
93560 -0.000029
93570 -0.000003
93580 0.000008
93590 0.000008
93600 -0.000007
93610 -0.000015
93620 0.000011
93630 0.000001
93640 0.000005
93650 -0.000009
93660 -0.000003
93670 -0.000009
93680 0.000000
93690 -0.000001
93700 -0.000021
93710 0.000007
93720 0.000006
93730 -0.000001
93740 0.000010
93750 0.000001
93760 0.000008
93770 -0.000001
93780 -0.000003
93790 0.000008
93800 -0.000003
93810 0.000009
93820 -0.000003
93830 -0.000009
93840 -0.000011
93850 -0.000010
93860 -0.000008
93870 0.000002
93880 0.000010
93890 -0.000020
93900 0.000004
93910 0.000004
93920 0.000013
93930 0.000006
93940 -0.000000
93950 0.000009
93960 0.000001
93970 0.000015
93980 -0.000002
93990 -0.000014
94000 0.000005
94010 -0.000011
94020 -0.000006
94030 -0.000003
94040 -0.000003
94050 -0.000011
94060 -0.000005
94070 -0.000014
94080 -0.000006
94090 -0.000009
94100 -0.000013
94110 0.000006
94120 -0.000020
94130 0.000008
94140 -0.000006
94150 0.000012
94160 0.000006
94170 0.000013
94180 -0.000001
94190 -0.000003
94200 0.000001
94210 0.000012
94220 0.000008
94230 -0.000023
94240 -0.000010
94250 0.000007
94260 0.000058
94270 -0.000014
94280 0.000006
94290 -0.000017
94300 0.000116
94310 0.000026
94320 -0.000005
94330 -0.000007
94340 0.000005
94350 0.000007
94360 -0.000024
94370 0.000004
94380 -0.000008
94390 -0.000013
94400 -0.000006
94410 -0.000007
94420 -0.000013
94430 -0.000004
94440 0.000001
94450 0.000036
94460 0.000001
94470 -0.000002
94480 0.000017
94490 -0.000010
94500 -0.000080
94510 0.000007
94520 -0.000004
94530 0.000007
94540 0.000003
94550 -0.000009
94560 -0.000005
94570 -0.000000
94580 -0.000007
94590 0.000001
94600 0.000000
94610 0.000012
94620 -0.000008
94630 0.000003
94640 0.000006
94650 0.000012
94660 0.000001
94670 -0.000007
94680 0.000001
94690 -0.000009
94700 -0.000007
94710 0.000002
94720 -0.000004
94730 0.000008
94740 0.000002
94750 0.000039
94760 -0.000002
94770 0.000008
94780 -0.000004
94790 0.000002
94800 0.000000
94810 0.000069
94820 -0.000003
94830 0.000016
94840 -0.000013
94850 -0.000006
94860 -0.000133
94870 -0.000005
94880 0.000001
94890 -0.000008
94900 -0.000005
94910 0.000021
94920 -0.000002
94930 0.000016
94940 0.000038
94950 0.000029
94960 -0.000000
94970 -0.000010
94980 0.000019
94990 -0.000022
95000 -0.000001
95010 0.000005
95020 0.000001
95030 0.000010
95040 -0.000006
95050 -0.000002
95060 0.000006
95070 0.000006
95080 0.000008
95090 -0.000003
95100 0.000012
95110 -0.000006
95120 0.000005
95130 0.000013
95140 -0.000009
95150 0.000001
95160 0.000134
95170 -0.000004
95180 -0.000005
95190 0.000006
95200 0.000012
95210 -0.000004
95220 -0.000004
95230 0.000005
95240 0.000007
95250 0.000004
95260 0.000026
95270 0.000015
95280 0.000004
95290 0.000010
95300 -0.000000
95310 -0.000006
95320 0.000000
95330 0.000001
95340 0.000008
95350 -0.000004
95360 -0.000007
95370 0.000053
95380 0.000004
95390 0.000057
95400 0.000009
95410 -0.000000
95420 -0.000047
95430 0.000004
95440 0.000003
95450 0.000008
95460 -0.000007
95470 0.000003
95480 0.000010
95490 -0.000027
95500 -0.000010
95510 0.000042
95520 -0.000001
95530 -0.000021
95540 0.000026
95550 0.000002
95560 -0.000004
95570 0.000002
95580 -0.000003
95590 -0.000002
95600 0.000004
95610 -0.000005
95620 -0.000003
95630 -0.000003
95640 0.000002
95650 -0.000001
95660 0.000011
95670 0.000010
95680 -0.000050
95690 -0.000007
95700 -0.000002
95710 -0.000021
95720 0.000002
95730 0.000009
95740 -0.000007
95750 0.000001
95760 0.000785
95770 0.000008
95780 0.000001
95790 -0.000001
95800 -0.000003
95810 0.000005
95820 0.000007
95830 0.000068
95840 -0.000001
95850 -0.000050
95860 0.000006
95870 -0.000001
95880 0.000003
95890 -0.000001
95900 -0.000002
95910 0.000001
95920 -0.000007
95930 0.000009
95940 0.000014
95950 -0.000002
95960 0.000008
95970 0.000011
95980 0.000005
95990 0.000011
96000 -0.000010
96010 -0.000000
96020 0.000013
96030 0.000020
96040 -0.000011
96050 -0.000011
96060 -0.000059
96070 -0.000003
96080 -0.000002
96090 -0.000003
96100 0.000035
96110 0.000018
96120 0.000012
96130 0.000001
96140 -0.000011
96150 -0.000002
96160 -0.000004
96170 -0.000024
96180 0.000003
96190 0.000008
96200 0.000002
96210 0.000015
96220 0.000003
96230 -0.000001
96240 -0.000000
96250 -0.000003
96260 -0.000007
96270 0.000001
96280 -0.000000
96290 0.000004
96300 -0.000004
96310 0.000001
96320 -0.000017
96330 0.000007
96340 -0.000014
96350 0.000019
96360 0.000001
96370 0.000001
96380 0.000001
96390 0.000001
96400 0.000002
96410 0.000038
96420 0.000009
96430 0.000002
96440 0.000002
96450 -0.000001
96460 -0.000000
96470 0.000004
96480 0.000010
96490 0.000002
96500 -0.000008
96510 0.000080
96520 0.000008
96530 -0.000009
96540 0.000013
96550 0.000003
96560 0.000003
96570 -0.000015
96580 0.000001
96590 0.000005
96600 0.000002
96610 -0.000002
96620 -0.000005
96630 0.000003
96640 0.000015
96650 0.000009
96660 0.000009
96670 -0.000001
96680 -0.000004
96690 -0.000007
96700 0.000033
96710 0.000011
96720 -0.000000
96730 0.000001
96740 0.000004
96750 -0.000008
96760 -0.000002
96770 0.000004
96780 -0.000012
96790 0.000026
96800 -0.000010
96810 -0.000004
96820 -0.000002
96830 0.000017
96840 0.000000
96850 -0.000006
96860 0.000000
96870 -0.000002
96880 -0.000013
96890 -0.000018
96900 -0.000008
96910 -0.000006
96920 -0.000028
96930 0.000004
96940 0.000006
96950 0.000005
96960 0.000001
96970 -0.000005
96980 0.000010
96990 0.000000
97000 0.000005
97010 0.000130
97020 -0.000000
97030 -0.000004
97040 -0.000005
97050 -0.000024
97060 0.000001
97070 -0.000006
97080 -0.000001
97090 0.000001
97100 0.000004
97110 -0.000083
97120 -0.000005
97130 -0.000002
97140 -0.000002
97150 0.000001
97160 0.000003
97170 -0.000001
97180 0.000022
97190 -0.000004
97200 0.000007
97210 -0.000005
97220 -0.000001
97230 -0.000018
97240 0.000178
97250 0.000000
97260 -0.000044
97270 -0.000005
97280 0.000014
97290 0.000009
97300 -0.000000
97310 -0.000100
97320 -0.000011
97330 0.000016
97340 0.000195
97350 0.000002
97360 -0.000005
97370 0.000129
97380 -0.000001
97390 -0.000008
97400 -0.000004
97410 -0.000768
97420 0.000021
97430 0.000004
97440 -0.000002
97450 0.000000
97460 0.000001
97470 -0.000010
97480 0.000018
97490 0.000017
97500 0.000001
97510 -0.000013
97520 -0.000013
97530 -0.000051
97540 -0.000010
97550 -0.000007
97560 0.000005
97570 0.000017
97580 0.000006
97590 -0.000001
97600 0.000000
97610 -0.000012
97620 0.000026
97630 -0.000008
97640 0.000004
97650 -0.000005
97660 -0.000011
97670 0.000009
97680 0.000001
97690 0.000005
97700 -0.000000
97710 0.000005
97720 -0.000010
97730 0.000002
97740 -0.000003
97750 -0.000002
97760 -0.000005
97770 -0.000003
97780 -0.000000
97790 0.000000
97800 0.000004
97810 -0.000002
97820 -0.000002
97830 0.000010
97840 0.000003
97850 0.000001
97860 0.000003
97870 -0.000003
97880 -0.000010
97890 0.000000
97900 -0.000000
97910 -0.000010
97920 0.000021
97930 0.000022
97940 0.000004
97950 0.000016
97960 -0.000022
97970 0.000003
97980 -0.000010
97990 0.000077
98000 -0.000005
98010 0.000009
98020 0.000004
98030 -0.000008
98040 -0.000021
98050 0.000007
98060 0.000008
98070 0.000003
98080 -0.000016
98090 0.000060
98100 0.000003
98110 0.000001
98120 -0.000004
98130 0.000006
98140 -0.000007
98150 0.000001
98160 0.000002
98170 -0.000000
98180 0.000003
98190 0.000001
98200 0.000009
98210 -0.000000
98220 0.000002
98230 -0.000006
98240 0.000004
98250 0.000002
98260 -0.000004
98270 -0.000005
98280 0.000005
98290 -0.000013
98300 -0.000005
98310 -0.000021
98320 -0.000001
98330 0.000004
98340 0.000007
98350 -0.000015
98360 -0.000002
98370 0.000005
98380 -0.000008
98390 -0.000000
98400 0.000002
98410 0.000001
98420 0.000005
98430 0.000003
98440 -0.000019
98450 0.000001
98460 0.000003
98470 -0.000004
98480 -0.000003
98490 -0.000004
98500 0.000008
98510 -0.000009
98520 0.000029
98530 -0.000000
98540 -0.000001
98550 -0.000009
98560 -0.000034
98570 -0.000006
98580 -0.000003
98590 -0.000036
98600 0.000001
98610 0.000008
98620 0.000008
98630 0.000173
98640 0.000003
98650 0.000009
98660 -0.000004
98670 -0.000009
98680 -0.000099
98690 0.000055
98700 -0.000000
98710 -0.000009
98720 -0.000017
98730 0.000004
98740 -0.000002
98750 -0.000002
98760 0.000009
98770 0.000002
98780 -0.000011
98790 -0.000007
98800 0.000009
98810 0.000001
98820 0.000007
98830 -0.000002
98840 -0.000002
98850 0.000004
98860 0.000001
98870 -0.000046
98880 -0.000008
98890 0.000001
98900 -0.000000
98910 -0.000009
98920 0.000018
98930 0.000003
98940 -0.000001
98950 0.000006
98960 0.000009
98970 0.000008
98980 -0.000009
98990 -0.000012
99000 0.000004
99010 -0.000005
99020 0.000002
99030 -0.000000
99040 0.000004
99050 0.000013
99060 0.000004
99070 -0.000053
99080 0.000002
99090 -0.000002
99100 0.000010
99110 0.000008
99120 0.000003
99130 -0.000001
99140 -0.000027
99150 0.000007
99160 0.000002
99170 0.000010
99180 0.000007
99190 0.000012
99200 -0.000000
99210 0.000009
99220 0.000004
99230 0.000031
99240 0.000002
99250 -0.000005
99260 -0.000003
99270 0.000054
99280 -0.000031
99290 -0.000027
99300 0.000003
99310 0.000005
99320 -0.000006
99330 0.000001
99340 0.000005
99350 0.000002
99360 -0.000000
99370 0.000007
99380 0.000012
99390 0.000018
99400 0.000001
99410 0.000002
99420 0.000003
99430 0.000010
99440 0.000007
99450 0.000001
99460 -0.000001
99470 -0.000005
99480 -0.000021
99490 0.000000
99500 0.000055
99510 0.000038
99520 0.000002
99530 -0.000011
99540 -0.000007
99550 0.000004
99560 0.000001
99570 -0.000037
99580 0.000001
99590 0.000002
99600 0.000064
99610 -0.000022
99620 -0.000023
99630 -0.000004
99640 -0.000001
99650 0.000002
99660 -0.000019
99670 0.000001
99680 -0.000001
99690 -0.000001
99700 0.000015
99710 -0.000004
99720 0.000017
99730 -0.000005
99740 -0.000054
99750 -0.000006
99760 -0.000006
99770 0.000001
99780 0.000001
99790 -0.000023
99800 -0.000005
99810 -0.000002
99820 0.000003
99830 -0.000006
99840 0.000001
99850 -0.000009
99860 0.000005
99870 0.000007
99880 -0.000004
99890 -0.000114
99900 0.000007
99910 0.000012
99920 -0.000003
99930 0.000005
99940 -0.000005
99950 -0.000014
99960 0.000009
99970 0.000005
99980 -0.000005
99990 0.000012
100000 0.000006
100010 -0.000001
100020 0.000011
100030 0.000003
100040 0.000007
100050 0.000009
100060 -0.000008
100070 0.000152
100080 0.000011
100090 0.000022
100100 -0.000009
100110 0.000023
100120 -0.000032
100130 0.000003
100140 0.000000
100150 0.000011
100160 -0.000008
100170 0.000002
100180 -0.000013
100190 0.000007
100200 -0.000006
100210 -0.000003
100220 0.000002
100230 -0.000001
100240 -0.000001
100250 0.000007
100260 0.000001
100270 -0.000005
100280 -0.000002
100290 0.000008
100300 0.000009
100310 0.000005
100320 -0.000008
100330 0.000001
100340 0.000004
100350 0.000009
100360 -0.000006
100370 -0.000001
100380 -0.000004
100390 0.000000
100400 0.000002
100410 0.000027
100420 0.000007
100430 0.000006
100440 -0.000004
100450 -0.000008
100460 -0.000005
100470 -0.000008
100480 -0.000001
100490 -0.000004
100500 -0.000002
100510 -0.000009
100520 -0.000017
100530 -0.000014
100540 -0.000004
100550 -0.000000
100560 0.000001
100570 0.000025
100580 -0.000017
100590 -0.000026
100600 -0.000000
100610 0.000001
100620 -0.000005
100630 -0.000006
100640 0.000009
100650 -0.000003
100660 -0.000002
100670 -0.000002
100680 -0.000000
100690 -0.000018
100700 0.000012
100710 0.000017
100720 0.000006
100730 0.000004
100740 -0.000002
100750 0.000030
100760 0.000013
100770 0.000002
100780 0.000023
100790 -0.000006
100800 -0.000065
100810 0.000017
100820 0.000009
100830 -0.000003
100840 0.000005
100850 0.000001
100860 0.000013
100870 0.000001
100880 0.000001
100890 0.000005
100900 0.000000
100910 -0.000013
100920 -0.000007
100930 -0.000007
100940 -0.000005
100950 -0.000005
100960 0.000007
100970 0.000002
100980 0.000000
100990 -0.000004
101000 0.000002
101010 -0.000015
101020 -0.000002
101030 0.000011
101040 -0.000001
101050 -0.000007
101060 -0.000011
101070 -0.000102
101080 -0.000006
101090 0.000004
101100 -0.000006
101110 0.000007
101120 -0.000023
101130 0.000005
101140 -0.000095
101150 0.000002
101160 -0.000020
101170 0.000012
101180 0.000004
101190 -0.000005
101200 0.000001
101210 0.000132
101220 0.000005
101230 -0.000002
101240 -0.000114
101250 0.000007
101260 -0.000006
101270 -0.000005
101280 0.000004
101290 -0.000027
101300 0.000006
101310 0.000007
101320 0.000004
101330 -0.000005
101340 0.000002
101350 -0.000002
101360 0.000012
101370 -0.000004
101380 0.000009
101390 -0.000016
101400 0.000010
101410 0.000017
101420 -0.000007
101430 -0.000024
101440 0.000001
101450 -0.000003
101460 -0.000000
101470 0.000010
101480 0.000005
101490 -0.000001
101500 -0.000013
101510 0.000007
101520 0.000003
101530 0.000004
101540 -0.000003
101550 -0.000000
101560 -0.000004
101570 -0.000001
101580 0.000025
101590 0.000015
101600 0.000014
101610 -0.000029
101620 0.000006
101630 0.000002
101640 0.000003
101650 -0.000008
101660 -0.000004
101670 -0.000010
101680 0.000001
101690 -0.000005
101700 0.000004
101710 -0.000011
101720 0.000387
101730 -0.000006
101740 -0.000010
101750 0.000000
101760 -0.000002
101770 0.000006
101780 -0.000006
101790 -0.000001
101800 -0.000002
101810 -0.000007
101820 0.000007
101830 0.000016
101840 0.000001
101850 0.000008
101860 0.000002
101870 -0.000012
101880 0.000002
101890 0.000004
101900 0.000001
101910 -0.000001
101920 -0.000002
101930 0.000014
101940 0.000008
101950 -0.000015
101960 0.000004
101970 -0.000008
101980 -0.000011
101990 -0.000004
102000 0.000002
102010 -0.000007
102020 0.000008
102030 -0.000005
102040 0.000007
102050 -0.000005
102060 0.000001
102070 0.000013
102080 -0.000009
102090 0.000001
102100 0.000007
102110 -0.000003
102120 -0.000008
102130 -0.000009
102140 -0.000003
102150 -0.000003
102160 0.000002
102170 0.000008
102180 -0.000023
102190 0.000007
102200 -0.000007
102210 -0.000012
102220 0.000001
102230 0.000008
102240 -0.000003
102250 0.000020
102260 -0.000009
102270 -0.000001
102280 -0.000003
102290 0.000005
102300 0.000001
102310 0.000004
102320 -0.000003
102330 0.000001
102340 -0.000028
102350 0.000005
102360 -0.000015
102370 -0.000003
102380 0.000007
102390 0.000001
102400 -0.000002
102410 0.000007
102420 -0.000007
102430 -0.000017
102440 0.000006
102450 -0.000018
102460 -0.000004
102470 -0.000000
102480 0.000001
102490 0.000007
102500 0.000006
102510 0.000006
102520 -0.000007
102530 -0.000012
102540 -0.000005
102550 0.000015
102560 0.000003
102570 -0.000001
102580 0.000003
102590 0.000001
102600 0.000014
102610 -0.000009
102620 -0.000000
102630 0.000002
102640 0.000012
102650 -0.000005
102660 -0.000001
102670 0.000001
102680 0.000014
102690 -0.000001
102700 0.000005
102710 0.000002
102720 -0.000002
102730 -0.000003
102740 -0.000016
102750 0.000011
102760 -0.000004
102770 0.000006
102780 0.000003
102790 0.000021
102800 -0.000016
102810 0.000010
102820 -0.000003
102830 0.000007
102840 -0.000004
102850 -0.000010
102860 0.000007
102870 -0.000015
102880 -0.000005
102890 0.000026
102900 -0.000012
102910 -0.000000
102920 -0.000002
102930 -0.000002
102940 -0.000004
102950 -0.000008
102960 0.000002
102970 0.000004
102980 -0.000007
102990 0.000003
103000 0.000011
103010 -0.000035
103020 0.000001
103030 0.000016
103040 0.000000
103050 0.000004
103060 0.000004
103070 0.000003
103080 -0.000007
103090 -0.000001
103100 -0.000005
103110 -0.000009
103120 -0.000001
103130 0.000002
103140 0.000000
103150 -0.000002
103160 0.000002
103170 -0.000006
103180 -0.000000
103190 0.000007
103200 0.000000
103210 -0.000005
103220 -0.000014
103230 0.000000
103240 -0.000004
103250 0.000006
103260 0.000005
103270 0.000004
103280 0.000009
103290 0.000017
103300 0.000037
103310 -0.000014
103320 -0.000007
103330 0.000011
103340 -0.000007
103350 -0.000000
103360 0.000006
103370 0.000022
103380 -0.000000
103390 0.000007
103400 0.000005
103410 0.000012
103420 0.000018
103430 0.000038
103440 -0.000005
103450 -0.000001
103460 -0.000073
103470 0.000006
103480 -0.000004
103490 0.000011
103500 -0.000004
103510 0.000002
103520 -0.000005
103530 0.000009
103540 0.000006
103550 -0.000000
103560 -0.000003
103570 0.000010
103580 0.000007
103590 0.000003
103600 -0.000008
103610 -0.000001
103620 -0.000004
103630 -0.000002
103640 0.000109
103650 0.000015
103660 -0.000043
103670 -0.000002
103680 -0.000004
103690 -0.000001
103700 0.000011
103710 0.000008
103720 -0.000002
103730 -0.000000
103740 -0.000003
103750 -0.000002
103760 0.000005
103770 0.000004
103780 -0.000004
103790 0.000011
103800 0.000007
103810 0.000015
103820 0.000005
103830 -0.000003
103840 -0.000000
103850 0.000014
103860 -0.000021
103870 -0.000006
103880 -0.000002
103890 -0.000001
103900 0.000003
103910 -0.000003
103920 0.000002
103930 -0.000006
103940 -0.000007
103950 0.000007
103960 0.000004
103970 -0.000000
103980 -0.000063
103990 -0.000000
104000 -0.000005
104010 0.000009
104020 -0.000003
104030 -0.000007
104040 0.000008
104050 0.000076
104060 0.000001
104070 0.000005
104080 -0.000009
104090 0.000000
104100 -0.000010
104110 -0.000010
104120 0.000002
104130 -0.000005
104140 -0.000001
104150 -0.000007
104160 -0.000010
104170 0.000005
104180 0.000004
104190 -0.000002
104200 0.000001
104210 0.000010
104220 0.000002
104230 -0.000000
104240 0.000003
104250 0.000014
104260 0.000002
104270 0.000001
104280 -0.000002
104290 -0.000011
104300 0.000003
104310 0.000004
104320 0.000000
104330 -0.000040
104340 -0.000005
104350 -0.000007
104360 -0.000004
104370 0.000008
104380 0.000001
104390 0.000006
104400 0.000007
104410 -0.000001
104420 -0.000010
104430 -0.000002
104440 0.000424
104450 0.000098
104460 0.000013
104470 0.000007
104480 -0.000006
104490 0.000029
104500 -0.000008
104510 -0.000005
104520 -0.000001
104530 -0.000000
104540 -0.000008
104550 0.000005
104560 0.000001
104570 0.000001
104580 0.000012
104590 0.000006
104600 0.000001
104610 0.000003
104620 0.000023
104630 -0.000000
104640 -0.000004
104650 0.000000
104660 0.000002
104670 0.000002
104680 -0.000012
104690 0.000003
104700 0.000002
104710 -0.000005
104720 0.000006
104730 0.000003
104740 0.000003
104750 0.000002
104760 0.000003
104770 0.000027
104780 0.000005
104790 -0.000005
104800 0.000002
104810 -0.000008
104820 0.000001
104830 -0.000007
104840 -0.000002
104850 0.000051
104860 -0.000020
104870 0.000000
104880 0.000002
104890 -0.000011
104900 -0.000009
104910 -0.000006
104920 -0.000004
104930 -0.000006
104940 0.000003
104950 -0.000003
104960 0.000004
104970 -0.000000
104980 0.000003
104990 0.000003
105000 -0.000011
105010 0.000024
105020 -0.000009
105030 -0.000028
105040 0.000009
105050 0.000002
105060 0.000008
105070 -0.000003
105080 0.000004
105090 0.000003
105100 -0.000000
105110 -0.000002
105120 0.000003
105130 -0.000004
105140 -0.000012
105150 0.000001
105160 0.000006
105170 0.000019
105180 -0.000003
105190 0.000002
105200 0.000004
105210 0.000018
105220 0.000016
105230 0.000021
105240 -0.000014
105250 0.000009
105260 0.000003
105270 -0.000004
105280 -0.000002
105290 -0.000015
105300 -0.000015
105310 -0.000006
105320 -0.000006
105330 -0.000023
105340 0.000001
105350 -0.000016
105360 -0.000004
105370 -0.000005
105380 -0.000013
105390 0.000003
105400 -0.000000
105410 0.000001
105420 0.000002
105430 -0.000006
105440 -0.000000
105450 0.000006
105460 -0.000009
105470 0.000004
105480 0.000056
105490 -0.000031
105500 0.000025
105510 -0.000009
105520 0.000006
105530 -0.000004
105540 -0.000001
105550 -0.000005
105560 -0.000004
105570 -0.000009
105580 0.000004
105590 0.000009
105600 -0.000010
105610 -0.000002
105620 0.000006
105630 -0.000008
105640 0.000001
105650 -0.000008
105660 -0.000008
105670 -0.000003
105680 -0.000005
105690 0.000003
105700 -0.000000
105710 0.000009
105720 -0.000009
105730 0.000001
105740 0.000004
105750 0.000005
105760 -0.000003
105770 -0.000001
105780 0.000003
105790 -0.000011
105800 -0.000010
105810 -0.000002
105820 0.000011
105830 0.000015
105840 -0.000005
105850 0.000006
105860 0.000017
105870 -0.000006
105880 0.000003
105890 0.000003
105900 0.000004
105910 0.000003
105920 0.000001
105930 0.000004
105940 0.000001
105950 -0.000006
105960 0.000003
105970 0.000000
105980 0.000001
105990 -0.000005
106000 0.000001
106010 0.000002
106020 0.000001
106030 -0.000004
106040 0.000004
106050 0.000044
106060 -0.000003
106070 -0.000006
106080 0.000002
106090 -0.000056
106100 -0.000001
106110 0.000008
106120 -0.000010
106130 -0.000016
106140 0.000016
106150 0.000002
106160 0.000006
106170 0.000009
106180 -0.000003
106190 -0.000008
106200 -0.000010
106210 0.000005
106220 0.000001
106230 0.000001
106240 0.000005
106250 -0.000007
106260 0.000003
106270 0.000001
106280 -0.000009
106290 -0.000008
106300 -0.000002
106310 0.000007
106320 -0.000008
106330 -0.000008
106340 -0.000003
106350 -0.000000
106360 0.000014
106370 -0.000001
106380 -0.000006
106390 -0.000005
106400 0.000005
106410 0.000001
106420 -0.000011
106430 -0.000004
106440 0.000001
106450 -0.000002
106460 0.000009
106470 0.000004
106480 -0.000002
106490 0.000006
106500 -0.000019
106510 0.000003
106520 -0.000009
106530 -0.000001
106540 0.000000
106550 -0.000005
106560 0.000003
106570 -0.000005
106580 0.000057
106590 -0.000015
106600 -0.000001
106610 0.000004
106620 0.000006
106630 -0.000006
106640 -0.000002
106650 -0.000007
106660 -0.000000
106670 0.000001
106680 0.000031
106690 -0.000010
106700 -0.000011
106710 0.000014
106720 0.000016
106730 -0.000014
106740 0.000007
106750 0.000010
106760 0.000002
106770 0.000006
106780 0.000002
106790 0.000005
106800 0.000011
106810 0.000000
106820 0.000006
106830 0.000002
106840 0.000009
106850 -0.000012
106860 -0.000006
106870 -0.000004
106880 0.000006
106890 0.000001
106900 0.000003
106910 -0.000005
106920 -0.000007
106930 0.000000
106940 -0.000011
106950 0.000008
106960 0.000011
106970 -0.000012
106980 -0.000002
106990 -0.000003
107000 -0.000004
107010 0.000016
107020 -0.000004
107030 0.000001
107040 -0.000008
107050 0.000016
107060 0.000004
107070 -0.000002
107080 0.000001
107090 -0.000007
107100 0.000006
107110 0.000003
107120 -0.000002
107130 -0.000006
107140 -0.000001
107150 -0.000002
107160 -0.000042
107170 -0.000011
107180 0.000005
107190 0.000005
107200 -0.000003
107210 -0.000003
107220 -0.000004
107230 0.000007
107240 0.000001
107250 0.000003
107260 -0.000014
107270 0.000010
107280 0.000037
107290 0.000007
107300 0.000003
107310 0.000001
107320 -0.000006
107330 0.000002
107340 -0.000002
107350 -0.000005
107360 0.000004
107370 0.000009
107380 -0.000003
107390 -0.000006
107400 0.000000
107410 0.000004
107420 0.000002
107430 -0.000002
107440 -0.000003
107450 -0.000002
107460 -0.000006
107470 0.000006
107480 -0.000012
107490 0.000037
107500 0.000012
107510 0.000043
107520 0.000014
107530 -0.000007
107540 -0.000001
107550 0.000008
107560 0.000004
107570 -0.000005
107580 0.000017
107590 -0.000009
107600 0.000004
107610 0.000004
107620 -0.000014
107630 0.000003
107640 -0.000002
107650 0.000004
107660 0.000004
107670 0.000004
107680 -0.000004
107690 -0.000001
107700 -0.000012
107710 0.000001
107720 0.000002
107730 0.000009
107740 0.000001
107750 -0.000012
107760 0.000006
107770 -0.000001
107780 0.000016
107790 -0.000007
107800 0.000011
107810 0.000000
107820 0.000003
107830 0.000001
107840 0.000004
107850 0.000008
107860 0.000012
107870 0.000003
107880 -0.000010
107890 -0.000004
107900 0.000003
107910 0.000001
107920 0.000002
107930 -0.000006
107940 0.000004
107950 0.000000
107960 -0.000006
107970 -0.000002
107980 0.000009
107990 -0.000010
108000 0.000005
108010 0.000001
108020 0.000004
108030 -0.000029
108040 -0.000012
108050 0.000001
108060 -0.000002
108070 -0.000005
108080 -0.000000
108090 -0.000008
108100 -0.000008
108110 -0.000004
108120 0.000000
108130 -0.000006
108140 -0.000003
108150 0.000003
108160 -0.000004
108170 -0.000005
108180 -0.000006
108190 0.000013
108200 0.000014
108210 -0.000034
108220 -0.000002
108230 0.000009
108240 0.000004
108250 0.000007
108260 0.000009
108270 -0.000002
108280 -0.000000
108290 0.000006
108300 -0.000001
108310 0.000003
108320 -0.000001
108330 -0.000004
108340 -0.000003
108350 -0.000001
108360 0.000019
108370 -0.000006
108380 -0.000014
108390 -0.000005
108400 -0.000004
108410 -0.000004
108420 -0.000006
108430 -0.000001
108440 0.000003
108450 0.000000
108460 -0.000006
108470 -0.000015
108480 -0.000004
108490 0.000003
108500 -0.000026
108510 -0.000083
108520 0.000010
108530 -0.000000
108540 -0.000008
108550 0.000011
108560 -0.000012
108570 0.000003
108580 -0.000010
108590 -0.000002
108600 -0.000005
108610 0.000001
108620 -0.000021
108630 -0.000000
108640 0.000007
108650 0.000008
108660 0.000010
108670 0.000011
108680 0.000002
108690 -0.000004
108700 -0.000010
108710 -0.000000
108720 0.000003
108730 -0.000005
108740 -0.000001
108750 -0.000030
108760 -0.000008
108770 0.000001
108780 0.000009
108790 -0.000009
108800 -0.000005
108810 -0.000000
108820 -0.000000
108830 0.000008
108840 0.000008
108850 0.000014
108860 0.000008
108870 0.000006
108880 -0.000011
108890 0.000009
108900 -0.000005
108910 0.000005
108920 -0.000009
108930 -0.000006
108940 -0.000004
108950 -0.000005
108960 0.000002
108970 -0.000001
108980 -0.000002
108990 0.000005
109000 -0.000008
109010 0.000002
109020 0.000005
109030 -0.000001
109040 0.000004
109050 -0.000004
109060 0.000017
109070 -0.000008
109080 0.000011
109090 -0.000006
109100 -0.000005
109110 0.000015
109120 -0.000001
109130 0.000006
109140 0.000008
109150 0.000004
109160 -0.000002
109170 -0.000009
109180 -0.000005
109190 -0.000001
109200 -0.000003
109210 0.000004
109220 -0.000045
109230 -0.000004
109240 -0.000001
109250 0.000005
109260 0.000001
109270 -0.000021
109280 -0.000004
109290 -0.000001
109300 -0.000011
109310 0.000004
109320 0.000005
109330 0.000009
109340 -0.000004
109350 -0.000001
109360 0.000004
109370 -0.000016
109380 0.000016
109390 -0.000004
109400 0.000005
109410 0.000006
109420 0.000016
109430 0.000037
109440 0.000090
109450 -0.000002
109460 0.000005
109470 0.000003
109480 -0.000001
109490 0.000008
109500 -0.000004
109510 0.000003
109520 -0.000005
109530 0.000001
109540 -0.000000
109550 0.000001
109560 0.000015
109570 -0.000006
109580 -0.000020
109590 0.000006
109600 -0.000007
109610 -0.000007
109620 0.000014
109630 0.000013
109640 0.000006
109650 -0.000005
109660 -0.000001
109670 0.000002
109680 -0.000009
109690 -0.000000
109700 0.000008
109710 -0.000002
109720 0.000003
109730 -0.000006
109740 0.000003
109750 0.000000
109760 -0.000006
109770 -0.000039
109780 -0.000001
109790 0.000006
109800 0.000002
109810 -0.000002
109820 0.000008
109830 -0.000011
109840 -0.000001
109850 -0.000009
109860 -0.000003
109870 0.000021
109880 0.000010
109890 -0.000003
109900 0.000003
109910 -0.000000
109920 0.000066
109930 -0.000015
109940 -0.000007
109950 -0.000004
109960 0.000014
109970 0.000008
109980 -0.000015
109990 -0.000005
110000 0.000004
110010 -0.000002
110020 -0.000001
110030 -0.000010
110040 0.000005
110050 -0.000001
110060 0.000027
110070 0.000005
110080 0.000021
110090 -0.000007
110100 -0.000000
110110 -0.000029
110120 0.000009
110130 -0.000003
110140 0.000008
110150 0.000002
110160 -0.000026
110170 -0.000010
110180 0.000005
110190 0.000017
110200 0.000007
110210 0.000017
110220 0.000008
110230 0.000000
110240 0.000006
110250 -0.000003
110260 0.000012
110270 -0.000012
110280 0.000001
110290 0.000008
110300 -0.000005
110310 -0.000002
110320 -0.000000
110330 -0.000027
110340 -0.000011
110350 -0.000010
110360 0.000043
110370 -0.000001
110380 -0.000023
110390 0.000002
110400 0.000002
110410 0.000009
110420 0.000000
110430 -0.000033
110440 0.000005
110450 0.000000
110460 0.000000
110470 0.000007
110480 0.000014
110490 0.000049
110500 -0.000003
110510 0.000001
110520 0.000033
110530 0.000040
110540 -0.000000
110550 0.000026
110560 0.000001
110570 0.000001
110580 0.000004
110590 0.000004
110600 -0.000000
110610 0.000003
110620 -0.000009
110630 0.000001
110640 -0.000004
110650 -0.000001
110660 0.000033
110670 0.000023
110680 0.000000
110690 0.000002
110700 0.000002
110710 -0.000002
110720 0.000003
110730 -0.000001
110740 0.000006
110750 0.000005
110760 0.000005
110770 -0.000008
110780 0.000008
110790 0.000005
110800 0.000001
110810 -0.000003
110820 0.000000
110830 -0.000007
110840 0.000004
110850 0.000024
110860 -0.000031
110870 0.000020
110880 -0.000003
110890 -0.000005
110900 -0.000003
110910 0.000000
110920 -0.000006
110930 -0.000004
110940 0.000008
110950 0.000001
110960 -0.000003
110970 -0.000004
110980 -0.000003
110990 0.000003
111000 0.000014
111010 0.000009
111020 0.000002
111030 0.000003
111040 0.000013
111050 0.000001
111060 0.000004
111070 0.000002
111080 -0.000008
111090 -0.000003
111100 0.000009
111110 -0.000007
111120 -0.000011
111130 0.000010
111140 -0.000019
111150 0.000021
111160 -0.000007
111170 0.000010
111180 -0.000000
111190 0.000018
111200 0.000015
111210 -0.000003
111220 -0.000006
111230 -0.000054
111240 0.000001
111250 0.0