0 0.865301
10 0.577441
20 0.456299
30 0.413601
40 0.425944
50 0.315244
60 0.299416
70 0.239494
80 0.270337
90 0.405005
100 0.259890
110 0.245717
120 0.295838
130 0.227091
140 0.272786
150 0.228846
160 0.252426
170 0.255734
180 0.229527
190 0.249591
200 0.231009
210 0.159916
220 0.254076
230 0.277278
240 0.202248
250 0.284081
260 0.197272
270 14.015776
280 0.183133
290 0.210295
300 0.257398
310 0.290584
320 0.144874
330 0.209051
340 0.261536
350 0.207726
360 0.141509
370 0.215506
380 0.249251
390 0.143081
400 0.280769
410 0.206280
420 0.198774
430 0.194912
440 0.142286
450 0.105000
460 0.263001
470 0.407670
480 0.107966
490 0.111002
500 0.179402
510 0.128614
520 0.247612
530 0.140567
540 0.214941
550 0.088089
560 0.122752
570 0.086360
580 0.135056
590 0.161585
600 0.114873
610 0.120586
620 0.073118
630 0.154416
640 0.094766
650 0.215540
660 0.156805
670 0.128121
680 0.078072
690 0.163091
700 0.178748
710 0.132808
720 0.101125
730 0.165139
740 0.113734
750 0.205906
760 0.090951
770 0.076689
780 0.077795
790 0.062114
800 0.147672
810 14.003329
820 0.128610
830 0.085144
840 0.081349
850 0.187946
860 0.214525
870 0.118296
880 0.149337
890 0.134906
900 0.082220
910 0.077570
920 0.081131
930 0.072983
940 0.123362
950 0.095203
960 0.164581
970 0.120804
980 0.088572
990 0.102671
1000 0.114628
1010 0.091297
1020 0.074702
1030 0.105582
1040 0.122033
1050 0.094323
1060 0.085949
1070 0.098022
1080 0.115869
1090 0.107254
1100 0.101861
1110 0.051801
1120 0.097621
1130 0.065050
1140 0.058585
1150 0.104229
1160 0.070726
1170 0.113127
1180 0.079564
1190 0.074479
1200 0.073325
1210 14.008329
1220 0.153951
1230 0.078992
1240 0.040364
1250 0.083510
1260 0.070373
1270 0.042778
1280 0.050036
1290 0.073022
1300 0.060140
1310 0.059217
1320 0.078573
1330 0.112398
1340 0.069981
1350 0.064121
1360 0.063848
1370 0.090430
1380 0.075376
1390 0.069364
1400 0.048050
1410 0.114419
1420 0.076950
1430 0.049620
1440 0.102441
1450 14.015298
1460 0.058317
1470 0.046567
1480 0.087300
1490 0.061708
1500 0.070835
1510 0.042825
1520 0.052510
1530 0.062502
1540 0.082161
1550 0.068304
1560 0.038926
1570 0.054705
1580 0.085984
1590 0.055105
1600 0.080334
1610 0.057615
1620 0.054916
1630 0.047239
1640 0.094806
1650 0.056883
1660 0.067553
1670 0.077602
1680 0.070922
1690 0.075121
1700 0.049111
1710 0.035432
1720 0.074280
1730 0.065597
1740 0.029815
1750 0.059168
1760 0.040274
1770 0.076273
1780 0.034448
1790 0.125327
1800 0.038913
1810 0.044566
1820 0.067550
1830 0.051648
1840 0.104983
1850 0.043401
1860 0.047300
1870 0.078809
1880 0.052602
1890 0.039419
1900 0.045562
1910 0.050730
1920 0.060652
1930 0.060490
1940 0.056856
1950 0.046506
1960 0.036242
1970 0.030366
1980 0.071067
1990 0.047323
2000 0.037981
2010 0.029091
2020 13.975042
2030 0.047127
2040 0.037953
2050 0.055853
2060 0.062898
2070 0.033173
2080 0.067364
2090 0.032446
2100 0.043638
2110 0.061951
2120 0.037992
2130 0.043961
2140 0.042096
2150 0.071071
2160 0.059139
2170 0.034771
2180 0.061695
2190 0.043176
2200 0.032295
2210 0.052741
2220 0.052584
2230 0.050292
2240 0.069702
2250 0.037288
2260 0.045785
2270 0.052651
2280 0.056384
2290 0.061876
2300 0.056585
2310 0.045967
2320 0.024733
2330 0.060163
2340 0.050503
2350 0.060591
2360 0.071760
2370 0.047005
2380 0.042501
2390 0.036006
2400 0.038042
2410 0.023751
2420 0.064590
2430 0.041488
2440 0.036274
2450 0.068887
2460 0.043295
2470 0.051741
2480 0.019206
2490 0.068575
2500 0.041268
2510 0.054905
2520 0.073097
2530 0.026096
2540 0.066012
2550 0.053825
2560 0.047846
2570 0.046567
2580 0.052179
2590 0.024093
2600 0.029042
2610 0.047955
2620 0.076013
2630 0.054950
2640 0.037493
2650 0.044276
2660 0.050089
2670 0.034882
2680 0.068405
2690 0.029847
2700 0.034961
2710 0.032377
2720 0.056076
2730 0.066591
2740 0.026465
2750 0.046969
2760 0.042674
2770 0.036841
2780 0.038397
2790 0.036315
2800 0.054536
2810 0.043313
2820 0.023180
2830 0.019030
2840 0.038864
2850 0.019293
2860 0.031809
2870 0.031504
2880 0.026468
2890 0.050503
2900 0.017524
2910 0.031897
2920 0.037480
2930 0.042153
2940 0.045154
2950 0.067493
2960 0.033984
2970 0.036591
2980 0.032626
2990 0.027064
3000 0.036148
3010 0.040974
3020 0.046147
3030 0.057900
3040 0.026682
3050 0.019011
3060 0.039680
3070 13.971245
3080 0.034752
3090 0.026972
3100 0.038215
3110 0.023069
3120 0.037248
3130 0.025774
3140 0.061041
3150 0.059720
3160 0.039064
3170 0.054286
3180 0.037135
3190 0.021634
3200 0.025196
3210 0.048368
3220 0.030528
3230 0.036065
3240 0.022111
3250 0.035836
3260 0.039947
3270 0.035470
3280 0.044378
3290 0.041048
3300 0.028121
3310 0.035950
3320 0.075393
3330 0.029085
3340 0.058899
3350 0.031258
3360 0.036837
3370 0.055406
3380 0.032997
3390 0.036596
3400 0.029148
3410 0.034394
3420 0.053828
3430 0.040879
3440 0.034583
3450 0.036095
3460 0.041792
3470 0.020407
3480 0.049008
3490 0.042510
3500 0.041000
3510 0.036219
3520 0.046909
3530 0.027740
3540 0.030400
3550 0.021461
3560 0.016180
3570 0.035815
3580 0.043155
3590 0.054452
3600 0.039302
3610 0.018304
3620 0.035976
3630 0.026010
3640 0.026907
3650 0.032881
3660 0.022541
3670 0.033555
3680 0.034158
3690 0.036038
3700 13.945271
3710 0.029363
3720 0.037150
3730 0.039374
3740 0.067520
3750 0.022335
3760 0.035199
3770 0.025800
3780 0.022807
3790 0.024620
3800 0.029014
3810 0.027544
3820 0.025607
3830 0.027001
3840 0.057988
3850 0.080359
3860 0.029264
3870 0.013968
3880 0.041165
3890 0.033321
3900 0.030548
3910 0.027818
3920 0.040794
3930 0.035452
3940 0.032063
3950 0.029995
3960 0.038044
3970 0.022206
3980 0.030251
3990 0.020109
4000 0.023965
4010 0.028271
4020 0.029945
4030 0.021145
4040 0.026172
4050 0.015427
4060 0.034949
4070 0.052402
4080 0.034216
4090 0.050719
4100 0.031190
4110 13.961061
4120 0.034766
4130 0.029066
4140 0.021044
4150 0.030729
4160 0.021383
4170 0.025855
4180 0.028062
4190 0.027652
4200 0.021496
4210 0.030228
4220 0.023024
4230 0.013975
4240 0.030455
4250 0.017442
4260 0.037889
4270 0.010324
4280 0.020902
4290 0.029262
4300 0.037418
4310 0.032010
4320 0.050062
4330 0.037671
4340 0.034169
4350 0.017944
4360 0.022018
4370 0.019489
4380 0.031653
4390 0.028589
4400 0.027814
4410 0.026497
4420 0.045898
4430 0.018633
4440 0.015531
4450 0.015712
4460 0.026328
4470 0.032334
4480 0.037913
4490 0.018267
4500 0.036007
4510 0.027297
4520 0.022238
4530 0.026187
4540 0.034008
4550 0.024502
4560 0.026599
4570 0.036114
4580 0.027567
4590 0.023449
4600 0.022346
4610 0.019371
4620 0.021703
4630 0.017073
4640 0.024790
4650 0.026196
4660 0.023501
4670 0.024483
4680 0.028951
4690 0.025861
4700 0.031912
4710 0.025034
4720 0.022484
4730 0.014975
4740 0.022966
4750 0.019282
4760 0.026389
4770 0.017256
4780 0.018143
4790 0.019945
4800 0.011739
4810 0.013525
4820 0.028112
4830 0.032085
4840 0.020699
4850 0.019459
4860 0.015014
4870 0.016489
4880 13.963258
4890 0.014454
4900 0.030860
4910 0.033146
4920 0.034501
4930 0.012376
4940 0.023667
4950 0.019617
4960 0.017382
4970 0.021529
4980 0.043208
4990 0.020877
5000 0.028757
5010 0.031392
5020 0.018377
5030 0.028387
5040 0.028136
5050 0.044695
5060 0.048671
5070 0.040853
5080 0.014231
5090 0.026998
5100 0.016655
5110 0.041149
5120 0.030426
5130 0.007511
5140 0.024020
5150 0.026379
5160 0.022501
5170 0.013542
5180 0.016635
5190 0.024333
5200 0.029703
5210 0.023017
5220 0.021130
5230 0.012352
5240 0.012244
5250 0.024678
5260 0.020744
5270 13.984951
5280 0.041154
5290 0.027158
5300 0.040961
5310 0.038453
5320 0.012217
5330 0.014803
5340 0.023828
5350 0.016482
5360 0.016442
5370 0.026074
5380 0.014437
5390 0.015389
5400 0.011368
5410 0.010571
5420 0.014360
5430 0.024725
5440 0.020351
5450 0.026853
5460 0.015950
5470 0.013514
5480 0.031732
5490 0.024724
5500 0.026985
5510 0.038080
5520 0.012436
5530 0.013996
5540 0.022175
5550 0.017479
5560 0.049656
5570 0.038007
5580 0.008773
5590 0.021274
5600 0.017243
5610 0.016505
5620 0.015234
5630 0.035344
5640 0.022434
5650 0.015594
5660 0.029839
5670 0.018560
5680 0.026783
5690 0.018966
5700 0.018875
5710 0.013900
5720 0.010877
5730 0.027756
5740 0.015530
5750 0.015256
5760 0.015306
5770 0.020077
5780 0.017851
5790 0.028217
5800 0.031013
5810 0.026029
5820 0.016370
5830 0.026964
5840 0.017039
5850 0.011388
5860 0.016821
5870 0.020759
5880 0.031839
5890 0.022747
5900 0.026406
5910 0.011506
5920 0.018962
5930 0.010596
5940 0.012235
5950 0.021084
5960 0.020501
5970 0.044497
5980 0.013296
5990 0.020236
6000 0.011167
6010 0.024529
6020 0.013209
6030 0.019901
6040 0.020981
6050 0.042550
6060 0.025490
6070 0.022093
6080 0.016246
6090 0.027834
6100 0.017519
6110 0.016609
6120 0.015888
6130 0.027144
6140 0.014574
6150 0.023999
6160 0.016741
6170 0.019413
6180 0.027540
6190 0.015284
6200 0.028822
6210 0.028393
6220 0.029540
6230 0.006969
6240 0.025863
6250 0.013396
6260 0.016816
6270 0.007404
6280 0.016131
6290 0.020186
6300 0.017766
6310 0.014548
6320 0.030142
6330 0.014748
6340 0.026659
6350 0.013829
6360 0.009245
6370 0.011362
6380 0.012255
6390 0.012393
6400 0.008687
6410 0.015856
6420 0.013763
6430 0.010403
6440 0.048113
6450 0.018682
6460 0.036799
6470 0.011720
6480 0.020664
6490 0.014954
6500 0.018762
6510 0.008089
6520 0.023317
6530 0.014241
6540 0.017650
6550 0.020337
6560 13.981916
6570 0.010327
6580 0.022632
6590 0.021696
6600 0.011951
6610 0.019098
6620 0.004690
6630 0.019844
6640 0.012924
6650 0.021449
6660 0.012210
6670 0.013191
6680 0.019319
6690 0.010777
6700 0.006697
6710 0.017092
6720 0.016984
6730 0.024892
6740 0.012594
6750 0.029664
6760 0.014037
6770 0.021849
6780 0.011181
6790 0.013667
6800 0.028873
6810 0.004755
6820 0.011578
6830 0.022716
6840 0.012712
6850 0.008375
6860 0.011331
6870 0.011455
6880 0.023881
6890 0.025576
6900 0.018200
6910 0.032590
6920 0.015231
6930 0.013385
6940 0.014610
6950 0.010026
6960 0.014789
6970 13.957326
6980 0.020070
6990 0.023820
7000 0.042661
7010 0.012696
7020 0.017443
7030 0.017847
7040 0.016535
7050 0.012073
7060 0.021479
7070 0.015931
7080 0.017178
7090 0.038815
7100 0.017567
7110 0.022479
7120 13.969026
7130 0.015828
7140 0.012797
7150 0.006068
7160 0.013187
7170 0.031705
7180 0.017600
7190 0.013223
7200 0.013522
7210 0.016412
7220 0.008801
7230 0.020219
7240 0.012908
7250 0.010644
7260 0.020111
7270 0.019421
7280 0.016073
7290 0.009213
7300 0.012861
7310 0.012373
7320 0.018875
7330 0.017355
7340 0.008841
7350 0.013220
7360 0.012796
7370 0.009760
7380 0.018981
7390 0.011861
7400 0.009164
7410 0.021117
7420 0.016827
7430 0.014079
7440 0.027545
7450 0.019431
7460 0.014115
7470 0.016258
7480 0.023281
7490 0.012737
7500 13.962337
7510 0.007976
7520 0.013285
7530 0.010854
7540 0.009613
7550 0.020945
7560 0.018894
7570 0.023809
7580 0.006258
7590 0.016343
7600 0.011440
7610 0.018179
7620 0.018409
7630 0.018281
7640 0.008340
7650 0.022787
7660 0.012305
7670 0.057091
7680 0.019044
7690 0.045973
7700 0.024450
7710 0.018476
7720 0.036101
7730 0.014554
7740 0.016352
7750 13.985496
7760 0.013824
7770 0.017337
7780 0.010858
7790 0.012705
7800 0.013008
7810 0.006421
7820 0.023862
7830 0.019059
7840 0.022096
7850 0.025504
7860 0.022459
7870 0.011635
7880 0.017005
7890 0.006870
7900 0.007509
7910 0.011689
7920 13.898111
7930 0.008516
7940 0.012122
7950 0.010276
7960 0.044729
7970 0.039887
7980 0.019295
7990 0.010162
8000 13.969863
8010 0.009073
8020 0.016595
8030 0.032340
8040 0.020795
8050 0.020506
8060 0.009786
8070 0.007416
8080 0.025579
8090 0.013612
8100 0.012518
8110 0.016876
8120 0.017092
8130 0.011910
8140 0.014760
8150 0.011243
8160 0.014770
8170 0.011925
8180 0.026616
8190 0.013087
8200 0.011376
8210 0.013001
8220 0.012548
8230 0.009636
8240 0.015398
8250 0.013476
8260 0.028945
8270 0.010122
8280 0.042708
8290 0.029930
8300 0.023965
8310 0.009028
8320 0.005578
8330 0.011177
8340 0.020673
8350 0.021871
8360 0.014757
8370 0.015351
8380 0.025831
8390 0.018646
8400 0.013546
8410 0.019322
8420 0.013997
8430 0.014394
8440 0.012351
8450 0.006019
8460 0.011988
8470 0.008597
8480 0.017584
8490 0.016885
8500 0.008302
8510 0.019279
8520 0.017323
8530 0.024964
8540 0.016499
8550 0.011654
8560 0.014431
8570 0.020371
8580 0.014365
8590 0.009998
8600 0.021514
8610 0.037594
8620 0.020754
8630 0.012207
8640 0.019686
8650 0.007322
8660 0.052279
8670 0.016306
8680 0.014410
8690 0.013164
8700 0.013152
8710 0.044998
8720 0.017543
8730 0.013492
8740 0.015775
8750 0.013591
8760 0.013883
8770 0.007653
8780 0.008357
8790 0.027417
8800 0.016817
8810 0.011879
8820 0.015545
8830 0.017774
8840 0.026114
8850 0.007760
8860 0.016222
8870 0.015798
8880 0.025529
8890 0.010904
8900 0.011468
8910 0.029317
8920 0.018359
8930 0.017673
8940 0.012925
8950 0.007701
8960 0.001415
8970 0.006417
8980 0.005211
8990 0.025373
9000 0.006205
9010 0.013108
9020 0.010201
9030 0.009359
9040 0.012651
9050 0.009075
9060 0.019427
9070 0.028070
9080 0.007339
9090 0.012955
9100 0.011135
9110 0.009930
9120 0.018827
9130 0.005960
9140 0.014298
9150 0.004702
9160 0.048453
9170 0.015085
9180 0.009693
9190 0.006256
9200 0.007501
9210 0.023419
9220 0.021355
9230 0.010458
9240 0.011916
9250 0.012507
9260 0.013184
9270 0.020652
9280 0.013460
9290 0.007741
9300 0.008524
9310 0.008886
9320 0.010293
9330 0.012771
9340 0.013159
9350 0.015811
9360 0.007371
9370 0.008077
9380 0.016112
9390 0.007870
9400 0.016106
9410 0.008356
9420 0.010380
9430 0.009825
9440 0.015258
9450 0.022102
9460 0.011352
9470 0.008716
9480 0.009009
9490 0.005986
9500 0.010082
9510 0.016498
9520 0.012352
9530 0.011163
9540 0.010602
9550 0.011725
9560 0.017102
9570 0.009802
9580 0.015312
9590 0.032619
9600 0.016674
9610 0.017667
9620 0.010839
9630 0.015447
9640 0.032894
9650 0.010715
9660 0.009859
9670 0.010311
9680 0.007905
9690 0.006774
9700 0.008484
9710 0.016577
9720 0.024083
9730 0.005347
9740 0.011974
9750 0.020450
9760 0.012027
9770 0.013877
9780 0.003286
9790 0.007962
9800 0.017239
9810 0.013155
9820 0.015004
9830 0.008266
9840 0.008976
9850 0.018115
9860 0.011856
9870 0.011852
9880 0.020973
9890 0.011235
9900 0.011489
9910 0.021615
9920 0.018287
9930 0.020200
9940 0.013804
9950 0.005968
9960 0.010125
9970 0.010558
9980 0.013916
9990 0.013311
10000 0.008927
10010 0.011280
10020 0.016140
10030 0.005140
10040 0.020028
10050 0.016470
10060 0.007173
10070 0.016353
10080 0.014575
10090 0.009183
10100 0.006147
10110 0.008062
10120 0.012570
10130 0.019132
10140 0.009266
10150 0.017219
10160 0.008671
10170 0.006610
10180 0.015655
10190 0.009854
10200 0.012386
10210 0.009623
10220 0.016413
10230 0.017100
10240 0.012280
10250 0.011590
10260 0.019103
10270 0.010020
10280 0.009932
10290 0.004792
10300 0.012104
10310 0.005517
10320 0.028933
10330 0.009745
10340 0.009464
10350 0.028432
10360 0.034734
10370 0.011643
10380 0.008515
10390 0.013575
10400 0.019258
10410 0.011997
10420 0.010836
10430 0.011270
10440 0.012025
10450 0.015820
10460 0.013772
10470 0.007317
10480 0.044845
10490 0.015171
10500 0.009878
10510 0.009664
10520 0.003529
10530 0.009187
10540 0.012996
10550 0.013220
10560 0.008541
10570 0.012297
10580 0.011515
10590 0.011203
10600 0.011579
10610 0.005417
10620 0.008695
10630 0.011141
10640 0.004736
10650 0.013355
10660 0.010672
10670 0.006949
10680 0.006734
10690 0.011294
10700 0.012167
10710 0.008427
10720 0.025863
10730 0.013684
10740 0.013066
10750 0.017209
10760 0.013042
10770 0.008854
10780 0.008268
10790 0.011600
10800 0.013372
10810 0.017259
10820 0.021582
10830 0.014761
10840 0.009961
10850 0.011899
10860 0.021759
10870 0.005060
10880 0.009844
10890 13.928394
10900 0.011924
10910 0.008571
10920 0.019194
10930 0.033696
10940 0.013836
10950 0.008587
10960 0.013444
10970 0.006920
10980 0.007746
10990 0.010324
11000 0.009138
11010 0.005550
11020 0.008198
11030 0.013631
11040 0.015452
11050 0.008830
11060 0.005993
11070 0.008767
11080 0.009293
11090 0.010956
11100 0.011403
11110 0.007842
11120 0.008616
11130 0.029938
11140 0.008186
11150 0.013346
11160 0.005047
11170 0.003810
11180 0.010183
11190 0.006266
11200 0.008420
11210 0.010319
11220 0.014103
11230 0.009981
11240 0.004864
11250 0.011401
11260 0.029999
11270 0.008816
11280 0.013331
11290 0.010630
11300 0.009473
11310 0.006930
11320 0.010561
11330 0.012536
11340 0.010227
11350 0.012339
11360 0.013162
11370 0.010576
11380 0.013654
11390 0.013297
11400 0.011617
11410 0.007353
11420 0.004067
11430 0.007908
11440 0.011688
11450 0.006298
11460 13.960587
11470 0.010726
11480 0.010692
11490 0.007120
11500 0.012467
11510 0.013078
11520 0.009690
11530 0.009948
11540 0.010455
11550 0.008109
11560 0.009155
11570 0.008752
11580 0.027835
11590 0.011192
11600 0.010647
11610 0.016429
11620 0.012312
11630 0.007549
11640 0.011897
11650 0.024905
11660 0.015954
11670 0.010465
11680 0.003306
11690 0.029516
11700 0.011247
11710 0.011398
11720 0.011031
11730 0.005206
11740 0.006468
11750 0.007731
11760 0.026299
11770 0.008391
11780 0.010027
11790 0.009910
11800 0.005025
11810 0.002498
11820 0.004673
11830 0.011744
11840 0.008679
11850 0.020833
11860 0.011416
11870 0.002499
11880 0.017988
11890 0.022409
11900 0.011422
11910 0.009019
11920 0.006420
11930 0.026864
11940 0.012571
11950 0.018805
11960 0.006115
11970 13.971946
11980 0.006906
11990 0.034328
12000 0.011834
12010 0.016153
12020 0.006348
12030 0.005368
12040 0.005843
12050 0.012487
12060 13.975408
12070 0.019348
12080 0.009330
12090 0.008026
12100 0.006395
12110 0.011207
12120 0.005468
12130 0.021613
12140 0.018183
12150 0.008736
12160 0.008050
12170 0.019785
12180 0.005018
12190 0.010626
12200 0.008267
12210 0.006130
12220 13.949141
12230 0.022027
12240 0.008853
12250 0.012135
12260 0.029614
12270 13.963724
12280 0.010400
12290 0.015136
12300 0.007485
12310 0.013557
12320 0.004826
12330 0.020296
12340 0.003216
12350 0.012823
12360 0.008631
12370 0.005225
12380 0.006878
12390 0.016969
12400 0.007193
12410 0.029922
12420 0.009990
12430 0.014783
12440 0.011763
12450 0.008840
12460 0.005698
12470 0.011783
12480 0.010412
12490 0.010264
12500 0.007644
12510 0.006575
12520 0.012844
12530 0.011832
12540 0.011834
12550 0.031469
12560 0.008799
12570 0.007098
12580 0.009274
12590 0.021205
12600 0.010160
12610 0.008732
12620 0.011260
12630 0.007663
12640 0.024890
12650 0.011745
12660 0.009512
12670 0.011991
12680 0.009481
12690 0.011729
12700 0.005155
12710 0.006414
12720 0.004815
12730 0.009352
12740 0.007859
12750 0.013521
12760 0.014566
12770 0.008657
12780 0.006589
12790 0.007751
12800 0.014343
12810 0.005948
12820 0.010061
12830 0.008649
12840 0.009657
12850 0.016101
12860 0.004433
12870 0.017669
12880 0.009200
12890 0.008281
12900 0.010689
12910 0.010647
12920 0.006552
12930 0.008969
12940 0.011756
12950 0.005582
12960 0.008235
12970 0.001632
12980 0.016340
12990 0.005980
13000 0.023293
13010 0.008377
13020 0.006746
13030 0.004043
13040 0.023023
13050 0.005937
13060 0.008785
13070 0.003352
13080 0.007765
13090 0.009717
13100 0.016923
13110 0.010264
13120 0.011490
13130 0.021306
13140 0.024202
13150 0.014208
13160 0.008394
13170 0.007947
13180 0.014585
13190 0.007988
13200 0.000884
13210 0.008273
13220 0.007143
13230 0.005439
13240 0.014051
13250 0.008038
13260 0.007831
13270 0.010473
13280 0.009809
13290 0.014023
13300 0.011903
13310 0.004738
13320 0.010487
13330 0.007730
13340 0.014027
13350 0.020846
13360 0.008269
13370 0.008966
13380 0.007914
13390 0.010091
13400 0.013373
13410 0.010696
13420 0.015145
13430 0.013925
13440 0.010357
13450 0.008129
13460 0.005210
13470 0.010838
13480 0.010042
13490 0.006602
13500 0.022689
13510 0.005423
13520 0.027227
13530 0.005525
13540 0.008314
13550 0.006824
13560 0.007680
13570 0.005714
13580 0.006856
13590 0.008351
13600 0.008801
13610 0.006157
13620 0.004873
13630 0.009054
13640 0.004289
13650 0.006304
13660 0.012764
13670 0.005698
13680 0.004732
13690 0.010730
13700 0.003185
13710 0.019281
13720 0.013907
13730 0.009997
13740 0.011421
13750 0.012098
13760 0.011525
13770 0.010207
13780 0.026904
13790 0.007986
13800 0.011410
13810 0.015432
13820 0.006771
13830 0.010007
13840 0.009994
13850 0.015129
13860 0.004572
13870 0.005938
13880 0.008766
13890 0.003774
13900 0.007972
13910 0.014328
13920 0.013266
13930 0.006085
13940 0.008394
13950 0.013352
13960 0.016029
13970 0.019020
13980 0.012393
13990 0.007595
14000 0.007193
14010 0.005684
14020 0.007471
14030 0.013285
14040 0.007907
14050 0.010693
14060 0.007299
14070 0.015986
14080 0.006175
14090 0.007099
14100 0.010748
14110 0.005065
14120 0.011683
14130 0.021420
14140 -0.000228
14150 0.006585
14160 0.018913
14170 0.007852
14180 0.009946
14190 0.011418
14200 0.008445
14210 0.023811
14220 0.006886
14230 0.006559
14240 0.014412
14250 13.956449
14260 0.011065
14270 0.008849
14280 0.010307
14290 0.009805
14300 0.005033
14310 0.011511
14320 0.006657
14330 0.006327
14340 0.004249
14350 0.009215
14360 0.008676
14370 0.010322
14380 0.003851
14390 0.008562
14400 0.009063
14410 0.009736
14420 0.010114
14430 0.002243
14440 0.003825
14450 0.004819
14460 0.006602
14470 0.008108
14480 0.004742
14490 0.016978
14500 0.010404
14510 0.014663
14520 0.008328
14530 0.005132
14540 0.006026
14550 0.007260
14560 0.005105
14570 0.005639
14580 0.012217
14590 0.006055
14600 0.005809
14610 0.007600
14620 0.025162
14630 0.006840
14640 0.009241
14650 0.006653
14660 0.019307
14670 0.015385
14680 0.014482
14690 0.005547
14700 0.008851
14710 0.004621
14720 0.014540
14730 0.008020
14740 0.013389
14750 0.010136
14760 0.007419
14770 13.967168
14780 0.009103
14790 0.009618
14800 0.005680
14810 0.012027
14820 0.018337
14830 0.007845
14840 0.007420
14850 0.003749
14860 0.009491
14870 0.010229
14880 0.006165
14890 0.013523
14900 0.008547
14910 0.007832
14920 0.008363
14930 0.005087
14940 0.014329
14950 0.003189
14960 0.003715
14970 0.012524
14980 0.007180
14990 0.008906
15000 0.006772
15010 0.009120
15020 0.016011
15030 0.017130
15040 0.016360
15050 0.007131
15060 0.011160
15070 0.014358
15080 0.006597
15090 0.006667
15100 0.025643
15110 0.012674
15120 0.004619
15130 0.003709
15140 0.011863
15150 0.010446
15160 0.005772
15170 0.009374
15180 0.008411
15190 0.005391
15200 0.003656
15210 0.010044
15220 0.004753
15230 0.007516
15240 0.011048
15250 0.007100
15260 0.005002
15270 0.008025
15280 0.011285
15290 0.005645
15300 0.010861
15310 0.014539
15320 0.003844
15330 0.006210
15340 0.007474
15350 0.013051
15360 0.006838
15370 0.020344
15380 0.004695
15390 0.022320
15400 0.008849
15410 0.011395
15420 0.020346
15430 0.006292
15440 0.005247
15450 0.006031
15460 0.009149
15470 0.006058
15480 0.003129
15490 0.009117
15500 0.006330
15510 0.010880
15520 0.005283
15530 0.008153
15540 0.005716
15550 0.006950
15560 0.007859
15570 0.029302
15580 0.003957
15590 0.007518
15600 0.007026
15610 0.008404
15620 0.004632
15630 0.005887
15640 0.017426
15650 0.002901
15660 0.014731
15670 0.018040
15680 0.007950
15690 0.003984
15700 0.013247
15710 0.015177
15720 0.005741
15730 0.006741
15740 0.006016
15750 0.006185
15760 0.009752
15770 0.011787
15780 0.022926
15790 0.008560
15800 0.013454
15810 0.007346
15820 0.013948
15830 0.008341
15840 0.004798
15850 0.016477
15860 0.009664
15870 0.004174
15880 0.007108
15890 0.014428
15900 0.005502
15910 0.010548
15920 0.004875
15930 0.007994
15940 0.008958
15950 0.011373
15960 0.008671
15970 0.008483
15980 0.043251
15990 0.000194
16000 0.008972
16010 0.005007
16020 0.007639
16030 0.014367
16040 0.014180
16050 0.006605
16060 0.007899
16070 0.010879
16080 0.007763
16090 0.005562
16100 0.007118
16110 0.005722
16120 0.006691
16130 0.008676
16140 0.008568
16150 0.005558
16160 0.006747
16170 0.013049
16180 0.010189
16190 0.012305
16200 0.002141
16210 0.005006
16220 0.004863
16230 0.007202
16240 0.005114
16250 0.007245
16260 0.008404
16270 0.008847
16280 0.007126
16290 0.002713
16300 0.004854
16310 0.008460
16320 0.032874
16330 0.006110
16340 0.023871
16350 0.003164
16360 0.006699
16370 0.008394
16380 0.007676
16390 0.008516
16400 0.035091
16410 0.004500
16420 0.007029
16430 0.009164
16440 0.008566
16450 0.009989
16460 0.007708
16470 0.006076
16480 0.004876
16490 0.006442
16500 0.014225
16510 0.007953
16520 0.007633
16530 0.002883
16540 0.005398
16550 0.004109
16560 0.006127
16570 0.010065
16580 0.010085
16590 0.012754
16600 0.009534
16610 0.009109
16620 0.003010
16630 0.004168
16640 0.010947
16650 0.006557
16660 0.009632
16670 0.006542
16680 0.008642
16690 0.008469
16700 0.009729
16710 0.006857
16720 0.017613
16730 0.010313
16740 0.006205
16750 0.003688
16760 0.002453
16770 0.003323
16780 0.005823
16790 0.003951
16800 0.008825
16810 0.005979
16820 0.004480
16830 0.009002
16840 0.004820
16850 0.010986
16860 0.019258
16870 0.010202
16880 0.007758
16890 0.001884
16900 0.003031
16910 0.005345
16920 0.008417
16930 0.019990
16940 0.013033
16950 0.016794
16960 0.005423
16970 0.010111
16980 0.011111
16990 0.001051
17000 0.007131
17010 0.012347
17020 0.007389
17030 0.012488
17040 0.003941
17050 0.010756
17060 0.013627
17070 0.010735
17080 0.004643
17090 0.008543
17100 0.008784
17110 0.004375
17120 0.008916
17130 0.009882
17140 0.006728
17150 0.005911
17160 0.008970
17170 0.004607
17180 0.005677
17190 0.011166
17200 0.007401
17210 0.008695
17220 0.010789
17230 0.010975
17240 0.006282
17250 0.013670
17260 0.005410
17270 0.006863
17280 0.012172
17290 0.011231
17300 0.004501
17310 0.006034
17320 0.008262
17330 0.020924
17340 0.012731
17350 0.005215
17360 0.005755
17370 0.012367
17380 0.006921
17390 0.005020
17400 0.002790
17410 0.011745
17420 0.014983
17430 0.006117
17440 0.006462
17450 0.002211
17460 0.020920
17470 0.018285
17480 0.005970
17490 0.019323
17500 0.006103
17510 0.005629
17520 0.008494
17530 0.011643
17540 0.013844
17550 0.002861
17560 0.009215
17570 0.008061
17580 0.012374
17590 0.005293
17600 0.020344
17610 0.009602
17620 0.002717
17630 0.004860
17640 0.009680
17650 0.003635
17660 0.011949
17670 0.007614
17680 0.004484
17690 0.006944
17700 0.001640
17710 0.005840
17720 0.005721
17730 0.006618
17740 0.007079
17750 0.002197
17760 0.007984
17770 0.003280
17780 0.006519
17790 0.009794
17800 0.014478
17810 0.011302
17820 0.017503
17830 0.008693
17840 0.004354
17850 0.006701
17860 0.007388
17870 0.005867
17880 0.007515
17890 0.006012
17900 0.006017
17910 0.016795
17920 0.005307
17930 0.006873
17940 0.006393
17950 0.004616
17960 0.010261
17970 0.014595
17980 0.009552
17990 0.000859
18000 0.007716
18010 0.005145
18020 0.010343
18030 0.005242
18040 0.008935
18050 0.005429
18060 0.008992
18070 0.007822
18080 0.013145
18090 0.005164
18100 0.009763
18110 0.011862
18120 0.004251
18130 0.012262
18140 0.009296
18150 0.007455
18160 0.008052
18170 0.003865
18180 0.006507
18190 0.010698
18200 0.005450
18210 0.006675
18220 0.010138
18230 13.937785
18240 0.006326
18250 0.011408
18260 0.006763
18270 0.010320
18280 0.011675
18290 0.007532
18300 0.013561
18310 0.010660
18320 0.006739
18330 0.003119
18340 0.008483
18350 0.006719
18360 0.003986
18370 0.003056
18380 13.933622
18390 0.003749
18400 0.014529
18410 0.011349
18420 0.005164
18430 0.002571
18440 0.010841
18450 0.004413
18460 0.004382
18470 0.006969
18480 0.006229
18490 0.007199
18500 0.004537
18510 0.005443
18520 0.008530
18530 0.017766
18540 0.008618
18550 0.014670
18560 0.008948
18570 0.008593
18580 0.011332
18590 0.009524
18600 0.007289
18610 0.005393
18620 0.015482
18630 0.006640
18640 0.004793
18650 0.008245
18660 0.004225
18670 0.006338
18680 0.008001
18690 0.005508
18700 0.008280
18710 0.004869
18720 0.007548
18730 0.005557
18740 0.004947
18750 0.007413
18760 0.005213
18770 0.009688
18780 0.010881
18790 0.004597
18800 0.011738
18810 0.004198
18820 0.005279
18830 0.012515
18840 0.012936
18850 0.010695
18860 0.006599
18870 0.008358
18880 0.007734
18890 0.008279
18900 0.008221
18910 0.006984
18920 0.008715
18930 0.007975
18940 0.003380
18950 0.012156
18960 0.007617
18970 0.007625
18980 0.005968
18990 0.025062
19000 0.012278
19010 0.002527
19020 0.005567
19030 0.020284
19040 0.009771
19050 0.004377
19060 0.006634
19070 0.004251
19080 0.007394
19090 0.005639
19100 0.005538
19110 0.006201
19120 0.005765
19130 0.003108
19140 0.008858
19150 0.007721
19160 0.006249
19170 0.011387
19180 0.006711
19190 0.007625
19200 0.006925
19210 0.008132
19220 0.012541
19230 0.017576
19240 0.009278
19250 0.006851
19260 0.006715
19270 0.004943
19280 0.015204
19290 0.006646
19300 0.004119
19310 0.004666
19320 0.004098
19330 0.007915
19340 0.011574
19350 0.008149
19360 0.004464
19370 0.011096
19380 0.003583
19390 0.008812
19400 0.009666
19410 0.000313
19420 0.004430
19430 0.004817
19440 0.008993
19450 0.004713
19460 0.008156
19470 0.001360
19480 0.013823
19490 0.008585
19500 0.007356
19510 0.005172
19520 0.007730
19530 0.010626
19540 0.008243
19550 0.007865
19560 0.009691
19570 0.014214
19580 0.009612
19590 0.012439
19600 0.002107
19610 0.005523
19620 0.004518
19630 0.006036
19640 0.008493
19650 0.006937
19660 0.020770
19670 0.003236
19680 0.007650
19690 0.016319
19700 0.014958
19710 0.006563
19720 0.006207
19730 0.014597
19740 0.006946
19750 0.006303
19760 0.004691
19770 0.016617
19780 0.005409
19790 0.010292
19800 0.007619
19810 0.003469
19820 0.008366
19830 0.004326
19840 0.005859
19850 0.007086
19860 0.007519
19870 0.003770
19880 0.006600
19890 0.005409
19900 0.004939
19910 0.006771
19920 0.003182
19930 0.010577
19940 0.003019
19950 0.003629
19960 0.005628
19970 0.008014
19980 0.005889
19990 0.004206
20000 0.003790
20010 0.006239
20020 0.005540
20030 0.008812
20040 0.003697
20050 0.007755
20060 0.005582
20070 0.006336
20080 0.008161
20090 0.008076
20100 0.006957
20110 0.004609
20120 0.003102
20130 0.041384
20140 0.005468
20150 0.008069
20160 0.003525
20170 0.007511
20180 0.006249
20190 0.007114
20200 0.010309
20210 0.003837
20220 0.007658
20230 0.005167
20240 0.006476
20250 0.005350
20260 0.004162
20270 0.005367
20280 0.017696
20290 0.006936
20300 0.026307
20310 0.010001
20320 0.006850
20330 0.009833
20340 0.007191
20350 0.009166
20360 0.005903
20370 0.009764
20380 0.007809
20390 0.011177
20400 0.001902
20410 0.007665
20420 0.006631
20430 0.006239
20440 0.004052
20450 0.011372
20460 0.006455
20470 0.017119
20480 0.006751
20490 0.006357
20500 0.005182
20510 0.005479
20520 0.004500
20530 0.005082
20540 0.000108
20550 0.007931
20560 0.015892
20570 0.002898
20580 0.006413
20590 0.005234
20600 0.003233
20610 0.003764
20620 0.008072
20630 0.014449
20640 0.006167
20650 0.005961
20660 0.004274
20670 0.005412
20680 0.007182
20690 0.006884
20700 0.004644
20710 0.007491
20720 0.013352
20730 0.004292
20740 0.004708
20750 0.008958
20760 0.007855
20770 0.005521
20780 0.005161
20790 0.006952
20800 0.007400
20810 0.005529
20820 0.012718
20830 0.003237
20840 0.008759
20850 0.012469
20860 0.001070
20870 0.005266
20880 0.006380
20890 0.009294
20900 0.003324
20910 0.004294
20920 0.007240
20930 0.006907
20940 0.004207
20950 0.004549
20960 0.006651
20970 0.005455
20980 0.009929
20990 0.006638
21000 0.006076
21010 0.002724
21020 0.008639
21030 0.003737
21040 0.006097
21050 0.008752
21060 0.006009
21070 0.004003
21080 0.009630
21090 0.005644
21100 0.006565
21110 0.009402
21120 0.005856
21130 0.009023
21140 0.005646
21150 0.002640
21160 0.004910
21170 0.006080
21180 0.007038
21190 0.014304
21200 0.001660
21210 0.008504
21220 0.003694
21230 0.008554
21240 0.003291
21250 0.005552
21260 0.005771
21270 0.006462
21280 0.002972
21290 0.002516
21300 0.007401
21310 0.002797
21320 0.001309
21330 0.008614
21340 0.004789
21350 0.004767
21360 0.009439
21370 0.006303
21380 0.014373
21390 0.006166
21400 0.003261
21410 0.005894
21420 0.003424
21430 0.009219
21440 0.025365
21450 0.005803
21460 0.003859
21470 0.006304
21480 0.005405
21490 0.005058
21500 0.017811
21510 0.007494
21520 0.003287
21530 0.004783
21540 0.005210
21550 0.006890
21560 0.003604
21570 0.007670
21580 0.004621
21590 0.005347
21600 0.003590
21610 0.007397
21620 0.008441
21630 0.007712
21640 0.003920
21650 0.003151
21660 0.005023
21670 0.006564
21680 0.004295
21690 0.006657
21700 0.008521
21710 0.005713
21720 0.004452
21730 0.005545
21740 0.011845
21750 0.000748
21760 0.003976
21770 0.002940
21780 0.007143
21790 0.005171
21800 0.008996
21810 0.009619
21820 0.001262
21830 0.012573
21840 0.008494
21850 13.913466
21860 0.011768
21870 0.009038
21880 0.006976
21890 0.006706
21900 0.004509
21910 0.006290
21920 0.006417
21930 0.004586
21940 0.006548
21950 0.005288
21960 0.006330
21970 0.004058
21980 0.006242
21990 0.007739
22000 0.012088
22010 0.009507
22020 0.005811
22030 0.005561
22040 0.006803
22050 0.004300
22060 0.004129
22070 0.005906
22080 0.006576
22090 0.004249
22100 0.007896
22110 0.005782
22120 0.003023
22130 0.002122
22140 0.005980
22150 0.001530
22160 0.002038
22170 0.002802
22180 0.007627
22190 0.005745
22200 0.003430
22210 0.006071
22220 0.011688
22230 0.009249
22240 0.007742
22250 0.002766
22260 0.004515
22270 0.002882
22280 0.008815
22290 0.004319
22300 0.007216
22310 0.003738
22320 0.004939
22330 0.005943
22340 0.004507
22350 0.003709
22360 0.006653
22370 0.005250
22380 -0.000910
22390 0.002553
22400 0.004736
22410 0.001793
22420 0.003983
22430 0.003969
22440 0.005463
22450 0.005483
22460 0.004077
22470 0.003576
22480 0.001677
22490 0.002731
22500 0.041903
22510 0.005355
22520 0.004902
22530 0.007881
22540 0.003798
22550 0.006031
22560 0.007523
22570 0.004276
22580 0.006085
22590 0.007255
22600 0.005427
22610 0.001924
22620 0.006248
22630 0.004856
22640 0.007690
22650 0.008400
22660 0.001379
22670 0.007336
22680 0.008059
22690 0.005132
22700 0.010565
22710 0.010202
22720 0.005411
22730 0.008713
22740 0.009324
22750 0.001684
22760 0.025138
22770 0.003377
22780 0.000855
22790 0.018707
22800 0.016280
22810 0.018984
22820 0.004096
22830 0.007959
22840 0.007671
22850 0.003209
22860 0.003116
22870 0.005351
22880 0.001840
22890 0.003763
22900 0.005286
22910 0.007644
22920 0.009519
22930 0.008863
22940 0.005820
22950 0.002898
22960 0.006530
22970 0.001983
22980 0.010060
22990 0.005677
23000 0.006432
23010 0.003197
23020 0.008223
23030 0.011542
23040 0.005980
23050 0.009116
23060 0.017713
23070 0.004456
23080 0.003747
23090 0.007607
23100 0.002799
23110 0.003189
23120 0.007036
23130 0.013477
23140 0.007723
23150 0.007101
23160 0.007485
23170 0.004806
23180 0.006295
23190 0.001789
23200 0.007998
23210 0.002083
23220 0.003518
23230 0.004644
23240 0.006012
23250 0.010651
23260 0.004249
23270 0.003969
23280 0.005950
23290 0.007048
23300 0.004316
23310 0.002784
23320 0.005609
23330 0.002766
23340 0.006266
23350 0.007481
23360 0.006904
23370 0.004186
23380 0.005856
23390 0.007661
23400 0.003622
23410 0.004881
23420 0.006155
23430 0.005265
23440 0.006718
23450 0.003413
23460 0.003619
23470 0.006028
23480 0.001778
23490 0.007757
23500 0.005207
23510 0.005381
23520 0.008196
23530 0.007985
23540 0.004150
23550 0.005731
23560 0.004164
23570 0.007396
23580 0.004171
23590 0.005402
23600 0.006344
23610 0.031094
23620 0.006264
23630 0.006652
23640 0.002097
23650 0.003915
23660 0.003239
23670 0.003419
23680 0.005595
23690 0.005144
23700 0.007086
23710 0.003505
23720 0.005192
23730 0.002656
23740 0.005344
23750 0.005813
23760 0.005423
23770 0.003778
23780 0.012435
23790 0.006546
23800 0.036634
23810 0.006244
23820 0.006484
23830 0.005308
23840 0.025656
23850 0.008431
23860 0.017833
23870 0.009926
23880 0.006736
23890 0.003651
23900 0.006167
23910 0.003566
23920 0.003622
23930 0.007546
23940 0.004098
23950 0.001905
23960 0.012054
23970 0.003612
23980 0.005389
23990 0.006777
24000 0.006162
24010 0.005155
24020 0.002738
24030 0.005853
24040 0.003990
24050 0.002338
24060 0.004148
24070 0.004792
24080 0.006172
24090 0.004692
24100 0.004506
24110 0.028183
24120 0.002840
24130 0.003768
24140 0.004655
24150 0.005134
24160 0.007409
24170 0.005007
24180 0.003929
24190 0.002848
24200 0.004210
24210 -0.000478
24220 0.007172
24230 0.001699
24240 0.005292
24250 0.012556
24260 -0.000103
24270 0.005235
24280 0.005719
24290 0.005450
24300 0.003910
24310 0.004217
24320 0.020477
24330 0.006473
24340 0.008991
24350 0.007683
24360 0.005013
24370 0.006958
24380 0.005397
24390 13.904507
24400 0.009027
24410 0.000696
24420 0.007162
24430 0.001526
24440 0.004865
24450 0.003442
24460 0.006967
24470 0.004930
24480 0.002106
24490 0.030270
24500 0.005078
24510 0.006785
24520 0.008405
24530 0.006079
24540 0.003234
24550 0.002775
24560 0.003568
24570 0.004441
24580 0.003929
24590 0.007178
24600 0.005001
24610 0.006474
24620 0.006407
24630 0.001961
24640 0.012072
24650 0.009250
24660 0.009015
24670 0.003732
24680 0.004261
24690 0.011447
24700 0.002700
24710 0.002735
24720 0.002882
24730 0.001623
24740 0.001627
24750 0.001551
24760 0.011587
24770 0.003383
24780 0.002196
24790 0.005119
24800 0.011636
24810 0.003781
24820 0.002978
24830 0.002700
24840 0.008390
24850 0.005633
24860 0.004284
24870 0.006650
24880 0.006159
24890 0.008374
24900 0.006703
24910 0.006170
24920 0.005613
24930 0.000239
24940 0.004886
24950 0.002427
24960 0.005022
24970 0.004797
24980 0.004604
24990 0.006554
25000 0.001631
25010 13.951695
25020 0.002763
25030 0.003712
25040 0.006619
25050 13.966920
25060 0.004737
25070 0.013090
25080 0.004997
25090 0.003117
25100 0.004393
25110 0.008237
25120 0.005120
25130 0.003264
25140 0.006051
25150 0.007616
25160 0.001873
25170 0.006681
25180 0.004803
25190 0.020584
25200 0.007557
25210 0.005364
25220 0.007295
25230 0.004639
25240 0.002679
25250 0.018898
25260 0.009312
25270 0.009217
25280 0.004495
25290 0.003730
25300 0.002975
25310 0.003802
25320 0.006891
25330 0.008878
25340 0.003936
25350 0.004438
25360 13.942858
25370 0.001381
25380 0.006261
25390 0.009723
25400 0.003088
25410 0.003761
25420 0.011433
25430 0.006382
25440 0.006557
25450 0.009702
25460 0.007695
25470 0.001719
25480 0.007943
25490 0.004274
25500 0.006549
25510 0.006340
25520 0.003143
25530 0.003097
25540 0.006180
25550 0.005716
25560 0.010318
25570 0.008565
25580 0.005682
25590 0.002163
25600 0.001707
25610 0.008295
25620 0.009522
25630 0.002382
25640 0.002364
25650 0.007084
25660 0.006133
25670 0.007731
25680 0.009323
25690 0.002524
25700 0.002702
25710 0.006777
25720 0.003387
25730 0.004648
25740 0.001148
25750 0.005948
25760 0.004642
25770 0.002113
25780 0.006059
25790 0.004217
25800 0.005243
25810 0.013680
25820 0.001130
25830 0.007753
25840 0.000947
25850 0.001992
25860 0.008272
25870 0.004294
25880 0.002463
25890 0.008731
25900 0.005749
25910 0.008901
25920 0.000012
25930 0.002532
25940 0.003828
25950 0.005998
25960 0.000998
25970 0.007815
25980 0.005086
25990 0.002792
26000 0.005170
26010 0.007701
26020 0.003961
26030 0.002194
26040 0.006242
26050 0.002098
26060 0.021377
26070 0.007114
26080 0.006144
26090 0.003977
26100 0.005630
26110 0.003483
26120 0.006907
26130 0.003718
26140 0.006766
26150 0.004117
26160 0.004576
26170 0.007215
26180 0.005999
26190 0.003190
26200 0.005336
26210 0.006933
26220 0.002101
26230 0.007396
26240 0.006429
26250 0.002307
26260 0.002931
26270 0.021022
26280 0.004907
26290 0.007639
26300 0.002900
26310 0.003254
26320 0.001739
26330 0.005559
26340 0.004402
26350 0.008345
26360 0.007560
26370 0.008273
26380 0.004421
26390 0.005273
26400 0.005080
26410 0.003591
26420 0.004430
26430 0.006788
26440 0.003878
26450 0.003095
26460 0.008181
26470 0.007748
26480 0.002312
26490 0.018802
26500 0.006912
26510 0.011852
26520 0.004638
26530 0.004256
26540 0.006572
26550 0.008673
26560 0.004172
26570 0.004705
26580 0.004742
26590 0.007609
26600 0.004756
26610 0.002288
26620 0.002987
26630 0.019900
26640 0.004515
26650 0.002925
26660 0.005694
26670 0.004004
26680 0.004167
26690 0.005288
26700 0.002942
26710 0.003586
26720 0.010871
26730 0.005819
26740 0.011757
26750 0.003221
26760 0.002803
26770 0.001372
26780 0.006843
26790 0.003738
26800 0.002848
26810 0.004343
26820 0.004917
26830 0.003375
26840 0.004299
26850 0.002290
26860 0.007578
26870 0.001951
26880 0.004514
26890 0.006472
26900 0.003142
26910 0.007306
26920 0.004131
26930 0.013033
26940 0.003448
26950 0.006141
26960 0.003719
26970 0.003292
26980 0.009321
26990 0.005104
27000 0.007592
27010 0.004487
27020 0.004336
27030 0.005697
27040 0.003919
27050 0.004390
27060 0.003303
27070 0.005895
27080 0.008247
27090 0.006553
27100 0.004838
27110 0.002773
27120 0.004064
27130 0.005016
27140 0.004581
27150 0.004313
27160 0.004514
27170 0.003600
27180 0.003204
27190 0.000638
27200 0.002884
27210 0.002188
27220 0.003995
27230 0.002053
27240 0.001604
27250 0.003880
27260 0.008525
27270 0.005242
27280 0.003933
27290 0.005306
27300 0.005447
27310 0.005834
27320 0.001744
27330 0.003045
27340 0.001122
27350 0.004675
27360 0.002058
27370 0.000382
27380 0.007389
27390 0.003279
27400 0.007142
27410 0.004105
27420 0.007046
27430 0.006042
27440 0.007419
27450 0.004975
27460 0.002069
27470 0.004751
27480 0.002257
27490 0.004589
27500 0.004282
27510 0.003632
27520 0.006963
27530 0.008467
27540 0.007792
27550 0.011985
27560 0.002369
27570 0.005244
27580 -0.000637
27590 0.002669
27600 0.004087
27610 0.001582
27620 0.017714
27630 0.007365
27640 0.004767
27650 0.002489
27660 0.003931
27670 0.002011
27680 0.005331
27690 0.004037
27700 0.008724
27710 0.003692
27720 0.006944
27730 0.004305
27740 0.030077
27750 0.002583
27760 0.006201
27770 0.005707
27780 0.008163
27790 0.004077
27800 0.007802
27810 0.003721
27820 0.003986
27830 0.002439
27840 0.006509
27850 0.005597
27860 0.003650
27870 0.004903
27880 0.003584
27890 0.008562
27900 0.001625
27910 0.007312
27920 0.004654
27930 0.009916
27940 0.005660
27950 0.004172
27960 0.002834
27970 0.001813
27980 0.016357
27990 0.003361
28000 0.005851
28010 0.006567
28020 0.001453
28030 0.007458
28040 0.003660
28050 0.006038
28060 0.002768
28070 0.007442
28080 0.005564
28090 0.005431
28100 0.005037
28110 0.011955
28120 0.008217
28130 0.003102
28140 0.003386
28150 0.006864
28160 0.010813
28170 0.005393
28180 0.008352
28190 0.001248
28200 0.004888
28210 0.003779
28220 0.006023
28230 0.005301
28240 0.003079
28250 0.003312
28260 0.000950
28270 0.004853
28280 0.005410
28290 0.008665
28300 0.007173
28310 0.003805
28320 0.002777
28330 0.009054
28340 0.012894
28350 0.007121
28360 0.006564
28370 0.006670
28380 0.010875
28390 0.012725
28400 0.004749
28410 0.004412
28420 0.004872
28430 0.004459
28440 0.003509
28450 0.006785
28460 0.004225
28470 0.004114
28480 0.005228
28490 0.005527
28500 0.008515
28510 0.008805
28520 0.010421
28530 0.005561
28540 0.004054
28550 0.003160
28560 0.008129
28570 0.004550
28580 0.004087
28590 0.000313
28600 0.012809
28610 0.004342
28620 0.006324
28630 0.007263
28640 0.001208
28650 0.004999
28660 0.003049
28670 0.001339
28680 0.001476
28690 0.002715
28700 0.004416
28710 0.006740
28720 0.004920
28730 0.000968
28740 0.006635
28750 0.003355
28760 0.006375
28770 0.006316
28780 0.002516
28790 0.004215
28800 0.004630
28810 0.005065
28820 0.005513
28830 0.004541
28840 0.003863
28850 0.010120
28860 0.006859
28870 0.002731
28880 0.000317
28890 0.000267
28900 0.004021
28910 0.006223
28920 0.006641
28930 0.003832
28940 0.004491
28950 0.003837
28960 0.005540
28970 0.005854
28980 0.008443
28990 0.001230
29000 0.004207
29010 0.005925
29020 0.003624
29030 0.000336
29040 0.003468
29050 0.005965
29060 0.003528
29070 0.004808
29080 0.004671
29090 0.004452
29100 0.003452
29110 0.005160
29120 0.008087
29130 0.006486
29140 0.002170
29150 0.010512
29160 0.004277
29170 0.003008
29180 0.006345
29190 0.017534
29200 0.005050
29210 0.008957
29220 0.002789
29230 0.005789
29240 0.004729
29250 0.003856
29260 0.006185
29270 0.003760
29280 0.005726
29290 0.001458
29300 0.004502
29310 0.011638
29320 0.005469
29330 0.000561
29340 0.005955
29350 0.006838
29360 0.007199
29370 0.002227
29380 0.001665
29390 0.014416
29400 0.005987
29410 0.007386
29420 0.008446
29430 0.001368
29440 0.006461
29450 0.005258
29460 0.006563
29470 -0.000028
29480 0.005372
29490 0.002979
29500 0.003679
29510 0.004535
29520 0.039953
29530 0.002637
29540 0.006367
29550 0.009298
29560 0.005348
29570 0.003993
29580 0.009105
29590 0.005013
29600 0.002984
29610 0.005540
29620 0.003118
29630 0.004229
29640 0.012416
29650 0.001897
29660 0.008838
29670 0.003303
29680 0.003310
29690 0.002076
29700 0.004598
29710 0.011479
29720 0.004246
29730 0.003550
29740 0.003403
29750 0.007207
29760 0.006731
29770 -0.000163
29780 0.005035
29790 0.005045
29800 0.008760
29810 0.006728
29820 0.002128
29830 0.004848
29840 0.004864
29850 0.013958
29860 0.005998
29870 0.008120
29880 0.004724
29890 0.004807
29900 0.002111
29910 0.005894
29920 0.006587
29930 0.003874
29940 0.001622
29950 0.009555
29960 0.002937
29970 13.934074
29980 0.004658
29990 0.005810
30000 0.007555
30010 0.007250
30020 0.000541
30030 0.003765
30040 0.001348
30050 0.004128
30060 0.004181
30070 0.000684
30080 0.002906
30090 0.004852
30100 0.007364
30110 0.004426
30120 0.004794
30130 0.005837
30140 0.003496
30150 0.005125
30160 0.006949
30170 0.003761
30180 0.009714
30190 0.009087
30200 0.006664
30210 0.001792
30220 0.002836
30230 0.004189
30240 0.012999
30250 0.003000
30260 0.006210
30270 0.006538
30280 0.005534
30290 -0.000599
30300 0.006218
30310 0.001756
30320 0.002535
30330 0.003678
30340 0.008121
30350 0.002130
30360 0.003189
30370 0.001309
30380 0.001595
30390 0.003672
30400 0.006266
30410 0.004079
30420 0.003894
30430 0.004370
30440 0.002937
30450 0.006625
30460 0.003156
30470 13.933243
30480 0.005454
30490 0.007855
30500 0.004234
30510 0.003423
30520 0.003188
30530 0.004931
30540 0.004723
30550 0.005053
30560 0.004151
30570 0.011723
30580 0.002695
30590 0.007631
30600 0.002541
30610 0.003465
30620 0.006529
30630 0.003320
30640 0.007161
30650 0.006574
30660 0.004023
30670 0.004264
30680 0.006773
30690 0.004411
30700 0.006037
30710 0.005873
30720 0.003572
30730 0.005670
30740 0.006076
30750 0.008751
30760 0.005596
30770 0.006238
30780 13.920694
30790 0.009308
30800 0.005083
30810 0.001749
30820 0.004441
30830 0.003730
30840 0.002672
30850 0.009052
30860 0.010544
30870 0.005175
30880 0.004207
30890 0.002190
30900 0.002795
30910 0.012717
30920 0.006458
30930 0.001645
30940 -0.000117
30950 -0.000107
30960 0.002317
30970 0.001831
30980 0.000451
30990 0.007033
31000 0.004355
31010 0.002589
31020 0.005727
31030 0.003620
31040 0.002141
31050 0.005970
31060 0.004090
31070 0.011207
31080 0.005749
31090 0.008751
31100 0.005766
31110 0.005425
31120 0.005337
31130 0.003574
31140 0.004827
31150 0.002759
31160 13.933120
31170 0.005281
31180 0.028794
31190 0.005921
31200 0.005059
31210 0.006537
31220 0.005546
31230 0.004726
31240 0.007516
31250 0.004391
31260 0.009049
31270 0.004442
31280 0.004370
31290 0.005798
31300 0.001703
31310 0.001633
31320 0.001008
31330 0.004677
31340 0.004362
31350 0.002172
31360 0.005147
31370 0.004377
31380 -0.001419
31390 0.000488
31400 0.004541
31410 0.001136
31420 0.003492
31430 0.004242
31440 0.005622
31450 0.005092
31460 0.006459
31470 0.005310
31480 0.005800
31490 0.020037
31500 0.007486
31510 0.004710
31520 0.003312
31530 0.002557
31540 0.007295
31550 0.003036
31560 0.004240
31570 0.002683
31580 0.005000
31590 0.007541
31600 0.001064
31610 0.005076
31620 0.003420
31630 0.003204
31640 0.008951
31650 0.006330
31660 0.009378
31670 0.008045
31680 0.002954
31690 0.018005
31700 0.007341
31710 0.007790
31720 0.001968
31730 0.006359
31740 0.002107
31750 0.007886
31760 0.001948
31770 0.014644
31780 0.006773
31790 0.004123
31800 0.000431
31810 0.005310
31820 0.005205
31830 0.006406
31840 0.006149
31850 0.002381
31860 0.003489
31870 0.004771
31880 0.003619
31890 0.004582
31900 0.003402
31910 0.004054
31920 0.006097
31930 0.005667
31940 0.001475
31950 0.004122
31960 0.002595
31970 0.003243
31980 0.001010
31990 0.008284
32000 0.000913
32010 0.005451
32020 0.005315
32030 0.003143
32040 0.002738
32050 0.002659
32060 0.008072
32070 0.000602
32080 0.005914
32090 0.005724
32100 -0.000010
32110 0.004001
32120 0.001783
32130 0.003842
32140 0.002589
32150 0.003065
32160 0.010109
32170 0.002832
32180 0.004745
32190 0.003037
32200 0.002864
32210 0.004408
32220 0.003034
32230 0.002930
32240 0.000974
32250 0.000964
32260 0.001491
32270 0.003390
32280 0.003600
32290 0.002583
32300 0.008523
32310 0.004032
32320 0.000942
32330 0.002503
32340 0.007167
32350 0.003092
32360 0.003236
32370 0.002961
32380 0.009470
32390 0.002853
32400 0.004138
32410 0.011404
32420 0.000807
32430 0.004787
32440 0.001202
32450 0.003960
32460 0.002425
32470 0.008125
32480 0.002123
32490 0.003220
32500 0.005577
32510 0.006148
32520 0.005443
32530 0.005259
32540 0.001405
32550 0.009340
32560 0.004361
32570 0.002775
32580 0.006745
32590 0.002261
32600 0.004388
32610 0.004999
32620 0.008551
32630 0.005844
32640 0.005533
32650 0.004783
32660 0.004736
32670 0.003714
32680 0.003522
32690 0.007051
32700 0.001000
32710 0.004672
32720 0.004988
32730 0.003080
32740 0.002101
32750 0.005662
32760 0.003938
32770 0.000873
32780 0.005847
32790 0.005882
32800 0.003867
32810 0.008754
32820 0.004065
32830 0.001579
32840 0.000404
32850 0.007898
32860 0.004048
32870 0.007558
32880 0.015141
32890 0.006744
32900 -0.002370
32910 0.003881
32920 0.002237
32930 0.003186
32940 0.002424
32950 0.015860
32960 0.007348
32970 0.002402
32980 0.001748
32990 0.000706
33000 0.002298
33010 0.002986
33020 0.005755
33030 0.005673
33040 0.003511
33050 0.002663
33060 0.001247
33070 0.002563
33080 0.008484
33090 0.003237
33100 0.008833
33110 0.003921
33120 0.003416
33130 0.007783
33140 0.004990
33150 0.008144
33160 0.003105
33170 0.001459
33180 0.004899
33190 0.002827
33200 0.008742
33210 0.005502
33220 0.001116
33230 0.002323
33240 0.005713
33250 0.001413
33260 0.003684
33270 0.006416
33280 0.003552
33290 0.005172
33300 0.003159
33310 0.004090
33320 0.006007
33330 0.004851
33340 0.002874
33350 0.004761
33360 0.005098
33370 0.007955
33380 0.010078
33390 0.003460
33400 0.005083
33410 0.001749
33420 0.007685
33430 0.004564
33440 0.006785
33450 0.007174
33460 0.005847
33470 0.001015
33480 0.006748
33490 0.003494
33500 0.002656
33510 -0.000352
33520 0.000888
33530 0.002873
33540 0.002623
33550 0.005132
33560 0.003410
33570 0.004074
33580 0.005172
33590 0.006041
33600 0.006913
33610 0.013569
33620 0.003092
33630 0.002496
33640 0.003920
33650 0.006819
33660 0.004917
33670 0.006632
33680 0.004086
33690 0.003196
33700 0.003773
33710 0.003554
33720 0.002500
33730 0.004269
33740 0.002522
33750 0.003881
33760 0.007121
33770 0.001465
33780 0.011872
33790 -0.000305
33800 0.004578
33810 0.005725
33820 0.003235
33830 0.002321
33840 0.003585
33850 0.006616
33860 0.003897
33870 0.002856
33880 0.001929
33890 0.003212
33900 0.001786
33910 0.003555
33920 0.003905
33930 0.004195
33940 0.003051
33950 0.005065
33960 0.005833
33970 0.001327
33980 0.003128
33990 0.001946
34000 0.003490
34010 0.002407
34020 0.010040
34030 0.001066
34040 0.004868
34050 0.005298
34060 0.006148
34070 0.004618
34080 0.004377
34090 0.013173
34100 0.005583
34110 0.014353
34120 0.006144
34130 0.007130
34140 0.002992
34150 0.001927
34160 0.006804
34170 0.003135
34180 0.017645
34190 0.003646
34200 0.002829
34210 0.004638
34220 0.010950
34230 0.007292
34240 0.000181
34250 0.001645
34260 0.003466
34270 0.006511
34280 0.020501
34290 0.005476
34300 0.003318
34310 0.007002
34320 0.003594
34330 0.002080
34340 0.002635
34350 0.004397
34360 0.005093
34370 0.000880
34380 0.004191
34390 0.006325
34400 0.003985
34410 0.005161
34420 0.006235
34430 0.001012
34440 0.001099
34450 0.002455
34460 0.007287
34470 0.004065
34480 0.005205
34490 0.002619
34500 0.002185
34510 0.004471
34520 0.004675
34530 0.003882
34540 0.001875
34550 0.002281
34560 0.001537
34570 0.003917
34580 0.002297
34590 0.005213
34600 -0.000535
34610 0.005633
34620 0.004857
34630 0.006791
34640 0.001797
34650 0.005436
34660 0.003664
34670 0.002307
34680 0.002462
34690 0.005557
34700 0.007394
34710 0.003628
34720 0.004920
34730 0.003387
34740 0.001642
34750 0.003844
34760 0.009363
34770 0.003221
34780 0.001981
34790 0.005492
34800 0.005329
34810 0.003684
34820 0.004913
34830 0.005084
34840 0.004280
34850 0.007111
34860 0.002828
34870 0.001157
34880 0.001457
34890 0.005327
34900 0.003900
34910 0.009007
34920 0.004302
34930 0.008555
34940 0.013018
34950 0.002495
34960 0.009932
34970 0.004605
34980 0.002118
34990 0.004540
35000 0.005999
35010 0.005471
35020 0.000378
35030 0.005829
35040 0.004282
35050 0.007431
35060 0.024390
35070 0.003834
35080 -0.000370
35090 0.007186
35100 0.003003
35110 0.004711
35120 0.007081
35130 0.004091
35140 0.000478
35150 0.004407
35160 0.003752
35170 0.003038
35180 0.004244
35190 0.005558
35200 0.004644
35210 0.002978
35220 0.002012
35230 0.002312
35240 0.003226
35250 0.002516
35260 0.002063
35270 0.001571
35280 0.004086
35290 0.001150
35300 0.007433
35310 0.004796
35320 0.000497
35330 0.006036
35340 0.001414
35350 0.005841
35360 0.003337
35370 0.003375
35380 0.007423
35390 0.003799
35400 0.003025
35410 0.005892
35420 0.004851
35430 0.004007
35440 0.001807
35450 0.006567
35460 0.005211
35470 0.005273
35480 0.008075
35490 0.003688
35500 0.003673
35510 0.003723
35520 0.002192
35530 0.000671
35540 0.002498
35550 -0.000029
35560 0.003140
35570 0.003306
35580 0.000897
35590 0.008559
35600 0.005228
35610 0.003828
35620 0.005176
35630 0.003993
35640 0.002428
35650 0.003755
35660 0.000544
35670 0.003755
35680 0.005562
35690 0.004494
35700 0.000429
35710 0.003338
35720 0.004100
35730 0.011714
35740 0.006204
35750 0.001744
35760 0.003772
35770 -0.000155
35780 0.003213
35790 0.005081
35800 0.004544
35810 0.002102
35820 0.003096
35830 0.004175
35840 0.003785
35850 0.001904
35860 0.004433
35870 0.002279
35880 0.007709
35890 0.002538
35900 0.001596
35910 0.002173
35920 0.005738
35930 0.000555
35940 0.001787
35950 0.000373
35960 0.002988
35970 0.003544
35980 0.005493
35990 0.008370
36000 0.003593
36010 0.002010
36020 0.007012
36030 0.005341
36040 -0.000377
36050 0.004802
36060 0.004107
36070 0.007826
36080 0.003827
36090 0.007236
36100 0.004295
36110 0.014495
36120 0.006792
36130 0.005386
36140 0.002808
36150 0.004039
36160 0.005169
36170 0.004844
36180 0.001068
36190 0.002847
36200 0.003221
36210 0.000167
36220 0.005051
36230 0.004981
36240 0.003674
36250 0.003040
36260 0.003972
36270 0.001927
36280 0.004762
36290 0.000767
36300 0.005320
36310 0.003588
36320 0.005567
36330 -0.000196
36340 0.003614
36350 0.000339
36360 0.007826
36370 0.002229
36380 0.005666
36390 0.001925
36400 0.005571
36410 0.000197
36420 0.000811
36430 0.010282
36440 13.940989
36450 0.003954
36460 0.004672
36470 0.002582
36480 0.004721
36490 0.002145
36500 0.003313
36510 0.005073
36520 0.002584
36530 0.002602
36540 0.003678
36550 0.002784
36560 0.002425
36570 0.012232
36580 0.009283
36590 0.004010
36600 0.004323
36610 0.000894
36620 0.003743
36630 0.001670
36640 0.001582
36650 0.005816
36660 0.006685
36670 0.004346
36680 0.011487
36690 0.003889
36700 0.004384
36710 0.007014
36720 0.006537
36730 0.008969
36740 0.007787
36750 0.015246
36760 0.007225
36770 0.007274
36780 0.001447
36790 0.020355
36800 0.006468
36810 0.002534
36820 0.003352
36830 0.003897
36840 0.004168
36850 0.009677
36860 0.003546
36870 0.007690
36880 0.002245
36890 0.002088
36900 0.004369
36910 0.003841
36920 0.007778
36930 0.003609
36940 0.001556
36950 0.003568
36960 0.003341
36970 0.003750
36980 0.013453
36990 0.002449
37000 0.000307
37010 0.004944
37020 0.001019
37030 0.005912
37040 0.006375
37050 0.004251
37060 0.001331
37070 0.005206
37080 0.003722
37090 0.003660
37100 0.005722
37110 0.006299
37120 0.003052
37130 0.003005
37140 0.003556
37150 0.002043
37160 0.006394
37170 0.032838
37180 0.008973
37190 0.001015
37200 0.006161
37210 0.005572
37220 -0.001440
37230 0.006949
37240 0.003777
37250 0.005553
37260 0.001784
37270 0.001660
37280 0.003200
37290 0.006133
37300 0.004559
37310 0.002683
37320 0.001923
37330 0.002749
37340 0.000889
37350 0.011845
37360 0.001254
37370 0.001568
37380 0.002284
37390 0.007518
37400 0.003035
37410 13.926840
37420 0.005830
37430 0.004434
37440 -0.001872
37450 0.006106
37460 0.005047
37470 0.004969
37480 0.006520
37490 0.002392
37500 0.002040
37510 0.003022
37520 0.004957
37530 0.004807
37540 0.002875
37550 0.006868
37560 0.004647
37570 0.009105
37580 0.000471
37590 0.003352
37600 13.927475
37610 0.004911
37620 0.002961
37630 0.006396
37640 0.001531
37650 -0.000207
37660 0.004155
37670 0.004678
37680 0.006426
37690 0.004654
37700 0.004529
37710 0.003105
37720 0.001978
37730 0.007189
37740 0.004380
37750 0.005759
37760 0.000580
37770 0.004825
37780 0.005629
37790 0.001499
37800 0.002816
37810 0.002343
37820 0.004071
37830 0.000686
37840 0.005133
37850 0.001278
37860 0.002037
37870 0.003481
37880 0.005195
37890 0.003106
37900 -0.000425
37910 0.003627
37920 0.000883
37930 0.002395
37940 -0.000847
37950 0.003989
37960 0.005974
37970 0.004221
37980 0.010072
37990 0.003630
38000 0.004664
38010 0.004667
38020 0.003648
38030 0.003910
38040 0.006395
38050 0.000371
38060 0.002863
38070 13.944866
38080 0.003369
38090 0.003558
38100 0.007401
38110 0.002243
38120 0.005184
38130 0.007429
38140 0.016334
38150 0.007848
38160 0.001756
38170 13.914228
38180 0.002638
38190 0.002995
38200 0.002127
38210 0.001580
38220 0.002406
38230 0.017444
38240 0.002227
38250 0.003736
38260 0.001598
38270 0.002478
38280 0.003596
38290 0.001957
38300 0.006528
38310 0.004475
38320 0.004440
38330 0.001447
38340 0.018201
38350 0.003650
38360 0.007294
38370 0.008481
38380 0.002500
38390 0.002829
38400 0.003995
38410 0.001173
38420 0.005092
38430 0.007435
38440 0.006302
38450 0.006215
38460 0.000977
38470 0.004980
38480 0.002949
38490 0.002742
38500 0.003630
38510 0.006091
38520 0.002344
38530 0.001437
38540 0.006526
38550 0.002806
38560 0.004683
38570 0.010830
38580 0.007662
38590 0.000387
38600 0.003204
38610 0.012691
38620 13.949560
38630 0.003683
38640 0.005038
38650 0.001480
38660 0.002701
38670 0.004495
38680 0.006278
38690 0.000951
38700 0.000764
38710 0.019864
38720 0.003654
38730 0.003404
38740 0.003753
38750 0.000795
38760 0.001250
38770 0.001458
38780 0.002533
38790 0.003172
38800 0.001550
38810 0.002033
38820 0.009355
38830 0.006687
38840 0.012387
38850 0.007348
38860 0.009313
38870 0.004422
38880 0.005269
38890 0.003594
38900 0.005236
38910 0.005376
38920 0.001755
38930 0.002154
38940 0.004936
38950 0.000796
38960 0.002982
38970 0.004005
38980 0.003138
38990 0.000518
39000 0.003564
39010 0.000867
39020 0.004825
39030 0.004598
39040 0.002202
39050 0.005174
39060 0.006507
39070 0.006040
39080 0.016360
39090 0.003837
39100 0.002928
39110 0.001714
39120 0.004332
39130 0.004379
39140 0.000498
39150 0.001166
39160 0.003516
39170 0.003114
39180 0.001423
39190 0.000970
39200 0.001584
39210 0.001344
39220 0.006433
39230 13.917001
39240 0.002588
39250 0.006048
39260 0.000605
39270 0.003463
39280 0.001156
39290 0.004415
39300 0.004189
39310 0.005950
39320 0.002153
39330 0.001437
39340 0.005169
39350 0.003035
39360 0.003358
39370 0.018679
39380 0.003427
39390 0.003935
39400 0.003746
39410 0.007928
39420 0.002318
39430 0.003665
39440 0.003635
39450 0.001957
39460 0.001988
39470 0.001389
39480 0.002895
39490 0.001733
39500 0.002199
39510 0.001311
39520 0.002536
39530 0.004116
39540 0.007711
39550 0.005294
39560 0.005082
39570 0.007748
39580 0.004137
39590 0.002960
39600 0.004722
39610 0.004695
39620 0.003186
39630 0.006786
39640 0.001242
39650 0.008757
39660 0.003603
39670 0.008226
39680 0.008615
39690 0.010787
39700 0.005452
39710 0.022925
39720 0.000451
39730 0.003598
39740 0.004269
39750 0.004756
39760 0.003735
39770 0.004801
39780 0.003790
39790 0.001871
39800 0.002992
39810 0.001067
39820 0.001897
39830 0.001690
39840 0.001339
39850 0.000467
39860 0.003422
39870 0.002735
39880 0.005819
39890 0.003661
39900 0.001145
39910 0.001859
39920 0.006330
39930 0.001027
39940 0.002910
39950 0.003117
39960 0.005767
39970 0.003030
39980 0.002622
39990 0.000903
40000 0.005846
40010 0.003028
40020 0.003380
40030 0.001084
40040 0.000492
40050 0.002324
40060 0.004238
40070 0.006095
40080 -0.000553
40090 0.005653
40100 0.009866
40110 0.000847
40120 0.001353
40130 0.010535
40140 0.009639
40150 0.004495
40160 0.003250
40170 0.003134
40180 0.000165
40190 0.002486
40200 0.003765
40210 0.007935
40220 -0.000992
40230 0.002768
40240 0.000883
40250 0.003444
40260 0.003010
40270 0.003660
40280 0.002225
40290 0.000685
40300 0.001371
40310 0.001615
40320 0.012280
40330 0.001984
40340 0.002924
40350 0.000389
40360 0.001856
40370 0.001915
40380 0.004782
40390 0.000994
40400 0.001231
40410 0.002876
40420 0.003021
40430 0.006809
40440 0.002831
40450 0.003105
40460 0.000821
40470 0.001313
40480 0.003931
40490 13.930243
40500 0.006270
40510 0.002613
40520 0.000988
40530 0.008339
40540 0.003314
40550 0.005749
40560 0.002651
40570 0.003925
40580 0.000967
40590 0.008690
40600 0.003751
40610 0.003515
40620 0.002372
40630 0.001702
40640 0.003331
40650 0.002614
40660 0.000580
40670 0.002230
40680 0.004419
40690 0.001800
40700 0.004118
40710 0.001635
40720 0.000692
40730 0.002755
40740 0.005250
40750 0.004394
40760 0.001658
40770 0.004586
40780 0.002265
40790 0.003044
40800 0.003897
40810 0.002714
40820 0.001083
40830 13.941444
40840 0.011259
40850 0.012051
40860 0.008389
40870 0.005120
40880 0.005679
40890 0.003242
40900 0.004945
40910 0.001976
40920 0.008738
40930 0.011611
40940 0.007785
40950 0.002013
40960 0.002325
40970 0.003323
40980 0.001938
40990 0.002076
41000 0.003072
41010 0.005147
41020 0.001621
41030 0.021122
41040 0.011599
41050 0.007824
41060 0.005167
41070 0.003883
41080 0.001748
41090 0.007012
41100 0.011723
41110 0.004308
41120 0.001099
41130 0.001386
41140 0.004916
41150 0.002035
41160 0.004198
41170 0.001970
41180 0.003023
41190 0.002371
41200 0.003765
41210 0.007898
41220 0.002899
41230 0.004388
41240 0.004964
41250 0.013682
41260 0.003198
41270 0.002562
41280 0.001444
41290 0.001579
41300 0.012550
41310 0.002143
41320 0.002719
41330 0.003709
41340 0.003342
41350 0.003711
41360 0.004694
41370 0.004844
41380 0.005955
41390 0.003549
41400 0.003249
41410 0.003392
41420 0.002904
41430 0.002784
41440 0.004898
41450 0.002115
41460 0.003157
41470 0.000607
41480 0.002674
41490 0.002054
41500 0.001621
41510 0.004548
41520 0.001997
41530 0.007241
41540 0.002927
41550 -0.000121
41560 0.007607
41570 0.002596
41580 0.005744
41590 13.938990
41600 0.009095
41610 0.003825
41620 0.005169
41630 0.004540
41640 0.002165
41650 0.001539
41660 0.005008
41670 0.006833
41680 0.004734
41690 0.002375
41700 0.003036
41710 0.000136
41720 0.005877
41730 0.003392
41740 0.005269
41750 0.009318
41760 0.012553
41770 0.014073
41780 0.007238
41790 0.010112
41800 0.010921
41810 0.005030
41820 0.004897
41830 0.003417
41840 0.004138
41850 0.001758
41860 0.008830
41870 0.003467
41880 0.004170
41890 0.000630
41900 0.003554
41910 0.008393
41920 0.004079
41930 0.006474
41940 0.007624
41950 0.004354
41960 0.002168
41970 0.002219
41980 0.003498
41990 0.004591
42000 0.004319
42010 0.002907
42020 0.004543
42030 0.003462
42040 0.003560
42050 0.005794
42060 0.000633
42070 0.001959
42080 0.002192
42090 0.002667
42100 0.003809
42110 0.004984
42120 0.004244
42130 0.000400
42140 0.002169
42150 0.010466
42160 0.001749
42170 0.005177
42180 0.003785
42190 0.006463
42200 0.008934
42210 0.002180
42220 0.005936
42230 0.004504
42240 0.002374
42250 0.005396
42260 0.004189
42270 0.003791
42280 0.002342
42290 0.003248
42300 0.002056
42310 0.004319
42320 0.003911
42330 0.005787
42340 0.006256
42350 0.008014
42360 0.007946
42370 0.003347
42380 0.001487
42390 0.004836
42400 0.005338
42410 0.003297
42420 0.003473
42430 0.004540
42440 0.001398
42450 0.009749
42460 0.008387
42470 0.005007
42480 0.002901
42490 0.003489
42500 0.006986
42510 0.004392
42520 0.004791
42530 0.001683
42540 0.000993
42550 0.007605
42560 0.003787
42570 0.004498
42580 0.000977
42590 0.003673
42600 0.000343
42610 0.001650
42620 0.008286
42630 0.002297
42640 0.002475
42650 0.001798
42660 0.000118
42670 0.003092
42680 0.002629
42690 0.002090
42700 0.004283
42710 0.000319
42720 0.003061
42730 0.004609
42740 0.005157
42750 0.003327
42760 0.011682
42770 0.004321
42780 -0.000995
42790 0.001601
42800 0.005291
42810 0.001332
42820 0.004487
42830 0.004225
42840 0.003422
42850 0.003861
42860 -0.000108
42870 0.010462
42880 -0.000463
42890 0.005071
42900 0.006639
42910 0.003944
42920 0.002557
42930 0.002279
42940 0.003605
42950 0.000592
42960 0.002534
42970 0.005505
42980 0.006043
42990 0.003967
43000 0.001536
43010 0.001372
43020 0.005138
43030 0.002881
43040 0.002873
43050 0.008707
43060 0.002699
43070 0.005716
43080 0.003269
43090 0.000019
43100 0.005124
43110 0.003365
43120 0.000481
43130 0.000423
43140 0.003456
43150 0.002226
43160 0.003012
43170 0.010090
43180 0.003370
43190 0.004134
43200 0.004469
43210 0.002727
43220 0.011215
43230 0.002764
43240 0.002523
43250 0.013452
43260 0.004265
43270 0.001525
43280 -0.001130
43290 0.003368
43300 0.005606
43310 0.005403
43320 0.000760
43330 0.002581
43340 0.024787
43350 0.007084
43360 0.004885
43370 0.003757
43380 0.000364
43390 0.002444
43400 0.008695
43410 0.000069
43420 0.002916
43430 0.001396
43440 0.002895
43450 0.003644
43460 0.003076
43470 0.004543
43480 -0.000005
43490 -0.000383
43500 0.003200
43510 0.002059
43520 0.005783
43530 0.008506
43540 0.001941
43550 0.001256
43560 0.002279
43570 0.002879
43580 0.004935
43590 -0.000677
43600 -0.000735
43610 0.004150
43620 0.001544
43630 0.002031
43640 0.000547
43650 0.003791
43660 0.001558
43670 0.007456
43680 0.003083
43690 0.018771
43700 0.001900
43710 0.005139
43720 0.003390
43730 0.001152
43740 0.003372
43750 0.001715
43760 0.001954
43770 0.008080
43780 0.024578
43790 0.005675
43800 0.004664
43810 0.003463
43820 0.001155
43830 0.003334
43840 0.007335
43850 0.001300
43860 0.003053
43870 0.003649
43880 0.003966
43890 0.002620
43900 0.004117
43910 0.001255
43920 0.002171
43930 0.002217
43940 0.003065
43950 0.009225
43960 0.005082
43970 0.008295
43980 0.003674
43990 0.002582
44000 0.002061
44010 0.003308
44020 0.005301
44030 0.007990
44040 0.004240
44050 0.004899
44060 0.005700
44070 0.000073
44080 0.004679
44090 0.003214
44100 0.003052
44110 0.003835
44120 0.005617
44130 0.006649
44140 0.001203
44150 0.000934
44160 0.004899
44170 0.004376
44180 0.002138
44190 0.002137
44200 0.004757
44210 0.001620
44220 0.003341
44230 0.001607
44240 0.003936
44250 0.003071
44260 0.000492
44270 0.004250
44280 0.003011
44290 0.002140
44300 0.004096
44310 0.000402
44320 0.002481
44330 0.005432
44340 0.000875
44350 0.003290
44360 0.001173
44370 0.014686
44380 0.005359
44390 0.003311
44400 0.003351
44410 0.004572
44420 0.016702
44430 0.000678
44440 0.002793
44450 0.005093
44460 0.002308
44470 0.002428
44480 13.924694
44490 0.005968
44500 0.004292
44510 0.004022
44520 0.007760
44530 0.005484
44540 0.001432
44550 0.015561
44560 0.002048
44570 0.003014
44580 0.003897
44590 0.005434
44600 0.002417
44610 0.004401
44620 0.002658
44630 0.002561
44640 0.002758
44650 0.004170
44660 0.003087
44670 0.005518
44680 0.007245
44690 0.006691
44700 0.015315
44710 0.010170
44720 0.002496
44730 0.005487
44740 0.006252
44750 0.003500
44760 0.002955
44770 0.006094
44780 0.001725
44790 0.005242
44800 0.002093
44810 0.003809
44820 0.002850
44830 0.003868
44840 0.013989
44850 0.006562
44860 0.002388
44870 0.004592
44880 0.004015
44890 0.004456
44900 0.002078
44910 0.001964
44920 0.001514
44930 0.004121
44940 0.003117
44950 0.004144
44960 0.003031
44970 0.000740
44980 0.003393
44990 0.003448
45000 0.003691
45010 0.001881
45020 0.004630
45030 0.003692
45040 0.005957
45050 0.002271
45060 0.004057
45070 0.002373
45080 0.005598
45090 0.013924
45100 0.001510
45110 0.003691
45120 0.009949
45130 0.002826
45140 0.003523
45150 0.005392
45160 0.002620
45170 0.005090
45180 -0.001107
45190 0.001658
45200 -0.000253
45210 0.003793
45220 0.003558
45230 0.003383
45240 0.002627
45250 0.007069
45260 0.005265
45270 0.005386
45280 0.005358
45290 0.004853
45300 0.003634
45310 0.002334
45320 0.000814
45330 0.002783
45340 0.002899
45350 0.003317
45360 0.004935
45370 0.003666
45380 0.003817
45390 0.001575
45400 0.003167
45410 0.001102
45420 0.000592
45430 0.007745
45440 0.003883
45450 0.002328
45460 0.001615
45470 0.015289
45480 0.006186
45490 0.000644
45500 0.002729
45510 0.002456
45520 0.001592
45530 0.003475
45540 0.005677
45550 0.005745
45560 0.003884
45570 0.009321
45580 0.001361
45590 0.001436
45600 0.002802
45610 0.003020
45620 0.003894
45630 0.001695
45640 0.001871
45650 0.002003
45660 0.003028
45670 0.005494
45680 0.003036
45690 -0.000099
45700 0.002089
45710 0.006448
45720 0.006060
45730 0.004061
45740 0.004165
45750 0.005810
45760 0.001309
45770 0.001893
45780 0.001392
45790 0.002920
45800 0.001931
45810 0.004048
45820 0.008352
45830 0.011232
45840 0.013469
45850 0.008201
45860 0.003983
45870 0.002065
45880 0.004531
45890 0.002476
45900 0.027073
45910 0.008568
45920 0.005516
45930 0.004573
45940 0.004763
45950 0.005442
45960 0.003579
45970 0.009265
45980 0.006888
45990 0.000953
46000 0.002289
46010 0.002073
46020 0.001348
46030 0.004984
46040 0.001743
46050 0.005473
46060 0.003182
46070 0.002057
46080 0.004269
46090 0.002095
46100 0.001773
46110 0.002133
46120 0.003669
46130 0.001751
46140 -0.000225
46150 0.004703
46160 0.000579
46170 0.017846
46180 0.009695
46190 0.009387
46200 0.008377
46210 0.010230
46220 13.940335
46230 0.010383
46240 0.008548
46250 0.004009
46260 0.004538
46270 0.000079
46280 0.004151
46290 0.004383
46300 0.000498
46310 0.005034
46320 0.001709
46330 0.003589
46340 0.002261
46350 0.001464
46360 0.004874
46370 0.003001
46380 0.003573
46390 0.001898
46400 0.003155
46410 0.005452
46420 0.003308
46430 0.001597
46440 0.003156
46450 0.005376
46460 0.003740
46470 0.002613
46480 -0.000255
46490 0.002144
46500 0.003209
46510 0.002431
46520 0.005051
46530 0.000984
46540 0.002856
46550 0.004314
46560 0.000734
46570 0.005009
46580 0.003779
46590 0.000023
46600 0.000499
46610 0.004442
46620 0.001210
46630 0.004816
46640 0.004628
46650 0.002048
46660 0.001159
46670 0.006067
46680 0.001645
46690 0.003652
46700 0.002676
46710 0.004324
46720 0.002424
46730 0.002115
46740 0.010782
46750 0.004030
46760 0.003825
46770 0.003869
46780 0.000852
46790 13.920747
46800 0.006008
46810 0.005378
46820 0.010106
46830 0.002702
46840 0.002001
46850 0.003662
46860 0.006682
46870 0.001241
46880 0.003880
46890 0.003527
46900 0.001448
46910 0.001877
46920 0.000895
46930 0.003094
46940 0.002836
46950 0.002395
46960 0.030385
46970 0.006114
46980 0.006279
46990 0.000651
47000 -0.000500
47010 0.003757
47020 0.004350
47030 0.004642
47040 0.004895
47050 0.002819
47060 0.003703
47070 -0.000253
47080 0.001590
47090 0.000154
47100 0.002395
47110 0.001792
47120 0.000189
47130 0.002785
47140 0.001889
47150 0.013130
47160 0.005546
47170 0.002512
47180 0.000073
47190 0.002879
47200 0.003337
47210 0.000548
47220 0.001772
47230 0.006014
47240 -0.000154
47250 0.002408
47260 0.003105
47270 0.004320
47280 0.000629
47290 0.003489
47300 0.004745
47310 0.004092
47320 0.004000
47330 0.002979
47340 0.004241
47350 0.006280
47360 0.002345
47370 0.000156
47380 0.004469
47390 0.004153
47400 0.007439
47410 0.004700
47420 0.002027
47430 0.000498
47440 0.002037
47450 0.001337
47460 0.003275
47470 0.000969
47480 0.003118
47490 0.004932
47500 0.004195
47510 0.036014
47520 0.005782
47530 0.003490
47540 0.012149
47550 0.003705
47560 0.002508
47570 0.003299
47580 0.001720
47590 0.004699
47600 0.004983
47610 0.013469
47620 0.008115
47630 0.012609
47640 0.003515
47650 0.001739
47660 0.003997
47670 0.003863
47680 0.011204
47690 0.003273
47700 0.006509
47710 0.002319
47720 0.003364
47730 0.004918
47740 0.003515
47750 0.003977
47760 0.006572
47770 -0.001472
47780 0.008127
47790 0.003793
47800 0.000682
47810 0.004100
47820 0.003096
47830 0.000083
47840 0.003659
47850 0.001680
47860 0.003352
47870 0.010745
47880 0.001114
47890 0.003742
47900 0.003324
47910 0.001817
47920 0.003875
47930 0.005100
47940 0.003947
47950 0.000960
47960 0.004222
47970 0.002198
47980 0.007187
47990 0.004928
48000 0.011160
48010 0.004022
48020 0.001504
48030 0.005894
48040 -0.000247
48050 0.004354
48060 0.002195
48070 0.001581
48080 0.040670
48090 0.002203
48100 0.004146
48110 0.002884
48120 0.000526
48130 0.002464
48140 0.002763
48150 0.003389
48160 0.002103
48170 0.001687
48180 0.008763
48190 0.003153
48200 0.002458
48210 0.001844
48220 0.002223
48230 13.937995
48240 0.012611
48250 -0.000039
48260 0.001518
48270 0.003531
48280 0.001514
48290 0.002862
48300 0.005075
48310 0.003558
48320 0.005596
48330 0.003922
48340 0.007829
48350 0.005728
48360 0.000687
48370 0.001475
48380 0.004991
48390 0.001533
48400 0.004911
48410 0.006036
48420 0.005470
48430 0.002233
48440 0.000959
48450 0.003140
48460 0.004749
48470 0.004849
48480 0.004621
48490 0.003039
48500 0.008492
48510 0.002818
48520 0.033929
48530 0.005139
48540 0.002963
48550 0.001883
48560 0.003721
48570 0.002243
48580 0.001403
48590 0.001518
48600 0.002259
48610 0.002613
48620 0.007915
48630 0.005293
48640 0.002286
48650 0.004687
48660 0.004430
48670 0.019354
48680 0.010536
48690 0.016512
48700 0.007482
48710 0.001652
48720 0.004907
48730 0.004077
48740 0.005024
48750 0.001458
48760 0.003506
48770 0.006125
48780 0.002112
48790 0.003993
48800 0.002484
48810 0.000089
48820 0.004800
48830 0.005639
48840 0.003606
48850 0.003654
48860 0.003324
48870 0.004865
48880 0.002077
48890 0.001981
48900 0.002273
48910 0.005342
48920 0.004168
48930 0.002794
48940 0.003191
48950 0.002455
48960 0.004066
48970 0.004642
48980 0.004996
48990 0.001025
49000 0.005217
49010 0.003172
49020 0.001518
49030 0.002386
49040 0.002096
49050 0.001857
49060 0.005542
49070 0.001480
49080 0.002529
49090 0.001527
49100 0.001192
49110 0.002438
49120 0.000647
49130 0.003887
49140 0.003295
49150 0.005091
49160 0.035305
49170 0.061150
49180 0.019188
49190 0.014875
49200 0.020475
49210 0.009272
49220 0.010058
49230 0.010458
49240 0.020179
49250 0.016812
49260 0.002824
49270 0.004830
49280 0.004585
49290 0.012030
49300 0.002690
49310 0.003605
49320 0.009005
49330 0.008210
49340 0.002133
49350 0.003858
49360 0.002329
49370 0.000172
49380 0.002618
49390 0.003467
49400 13.958578
49410 0.007157
49420 0.004619
49430 0.003255
49440 0.001397
49450 0.004760
49460 -0.000584
49470 0.005706
49480 0.005436
49490 0.002598
49500 0.001689
49510 0.003992
49520 0.001135
49530 0.001497
49540 0.001822
49550 0.003700
49560 0.005282
49570 0.004917
49580 0.002157
49590 0.013521
49600 0.001859
49610 0.002214
49620 0.003270
49630 0.003085
49640 0.003899
49650 0.003025
49660 0.002791
49670 0.002335
49680 0.008906
49690 0.003339
49700 0.004761
49710 0.001956
49720 0.001273
49730 0.007798
49740 0.007577
49750 0.006287
49760 0.004824
49770 0.001687
49780 0.003580
49790 0.001233
49800 0.000655
49810 0.001022
49820 0.002656
49830 0.009288
49840 0.003366
49850 0.003980
49860 0.002057
49870 0.000878
49880 0.001602
49890 0.003045
49900 0.002181
49910 -0.000587
49920 0.004835
49930 0.005000
49940 0.001645
49950 0.005160
49960 0.001211
49970 0.003074
49980 0.005622
49990 0.003366
50000 0.001517
50010 0.003505
50020 0.002710
50030 0.003377
50040 0.001100
50050 0.002081
50060 0.004489
50070 0.004434
50080 0.000632
50090 0.008735
50100 0.006396
50110 0.002969
50120 -0.001297
50130 0.002025
50140 0.000640
50150 0.002440
50160 0.004219
50170 0.001789
50180 0.001541
50190 0.003830
50200 0.002010
50210 0.005467
50220 0.003178
50230 0.001791
50240 0.002987
50250 0.003446
50260 0.000900
50270 0.000411
50280 0.003306
50290 0.001201
50300 0.006697
50310 0.000510
50320 0.005516
50330 0.001580
50340 0.000560
50350 0.002956
50360 0.003448
50370 0.003500
50380 0.019973
50390 0.019336
50400 0.007212
50410 0.001457
50420 0.002064
50430 0.000922
50440 0.001047
50450 0.001802
50460 0.000329
50470 0.000428
50480 0.002625
50490 0.001055
50500 0.004281
50510 0.019373
50520 0.001710
50530 0.003566
50540 0.003262
50550 0.002579
50560 0.005143
50570 0.002553
50580 0.003939
50590 0.001680
50600 0.003461
50610 0.001044
50620 0.003157
50630 0.001442
50640 0.004471
50650 0.003521
50660 0.001267
50670 0.003531
50680 0.010657
50690 0.007124
50700 0.003904
50710 0.002433
50720 0.005553
50730 0.007035
50740 0.003569
50750 0.000094
50760 0.003763
50770 0.002956
50780 -0.000347
50790 0.001076
50800 0.003864
50810 0.002849
50820 0.016193
50830 0.004105
50840 0.003719
50850 0.003617
50860 0.000933
50870 0.004174
50880 0.001849
50890 0.001973
50900 0.001966
50910 0.003512
50920 0.004331
50930 -0.001292
50940 0.009623
50950 -0.000401
50960 0.003912
50970 0.000658
50980 0.002009
50990 0.004837
51000 0.000445
51010 0.006044
51020 0.006300
51030 0.004441
51040 0.007149
51050 0.003764
51060 0.005493
51070 0.005838
51080 0.002504
51090 0.001801
51100 0.003123
51110 0.001179
51120 0.001622
51130 0.001711
51140 0.001291
51150 0.001352
51160 0.001444
51170 0.001551
51180 0.001127
51190 0.006547
51200 0.003874
51210 0.001912
51220 0.001696
51230 0.006159
51240 0.005059
51250 0.001700
51260 0.004376
51270 0.010023
51280 0.003428
51290 0.001374
51300 0.000087
51310 0.002257
51320 0.005087
51330 0.011162
51340 0.002511
51350 0.002039
51360 0.000545
51370 0.001163
51380 0.002569
51390 0.003543
51400 0.006837
51410 0.002980
51420 0.000727
51430 0.003144
51440 13.923880
51450 0.000262
51460 0.002140
51470 0.002483
51480 0.002265
51490 0.000969
51500 0.001202
51510 0.001648
51520 0.002001
51530 0.003309
51540 0.002943
51550 0.001819
51560 0.003111
51570 0.003771
51580 -0.000103
51590 0.003158
51600 0.001436
51610 0.001384
51620 0.000878
51630 0.047805
51640 0.007171
51650 0.001366
51660 0.004731
51670 0.003458
51680 0.002771
51690 0.001187
51700 0.002576
51710 0.001179
51720 0.014732
51730 0.007611
51740 0.013467
51750 0.003855
51760 0.004579
51770 0.000680
51780 0.004936
51790 0.002887
51800 0.002406
51810 0.003788
51820 0.004967
51830 0.001566
51840 0.002558
51850 0.000898
51860 0.001151
51870 0.004505
51880 0.004617
51890 0.000256
51900 0.002824
51910 0.003464
51920 0.005826
51930 0.002453
51940 0.002848
51950 0.003389
51960 0.001581
51970 0.003929
51980 0.003607
51990 0.005407
52000 0.002082
52010 0.001124
52020 0.003867
52030 0.000861
52040 0.002745
52050 0.002089
52060 0.006622
52070 0.001952
52080 0.003039
52090 0.007375
52100 0.002028
52110 0.003716
52120 0.005376
52130 0.004351
52140 0.005201
52150 0.001808
52160 0.006137
52170 0.001302
52180 0.002396
52190 0.001630
52200 0.003394
52210 0.004667
52220 0.025718
52230 0.006532
52240 0.005456
52250 0.001272
52260 0.002871
52270 0.003320
52280 0.003062
52290 0.000205
52300 0.000843
52310 0.007472
52320 0.004281
52330 0.003207
52340 0.002307
52350 0.003671
52360 0.003138
52370 0.006150
52380 0.003678
52390 -0.000201
52400 0.001734
52410 0.010086
52420 -0.000109
52430 0.001960
52440 0.000549
52450 0.002389
52460 0.001812
52470 0.005496
52480 0.001535
52490 0.036493
52500 0.013050
52510 0.010806
52520 0.010010
52530 0.003219
52540 0.006517
52550 0.007754
52560 0.003952
52570 0.004478
52580 0.000988
52590 0.001830
52600 0.002355
52610 0.002188
52620 0.001472
52630 0.001251
52640 0.013246
52650 0.006116
52660 0.001160
52670 0.010252
52680 0.018974
52690 0.002121
52700 0.010071
52710 0.006502
52720 0.001635
52730 0.001196
52740 0.001964
52750 0.003332
52760 0.001925
52770 0.002116
52780 0.001289
52790 0.003740
52800 0.001985
52810 0.004700
52820 0.003808
52830 0.008102
52840 0.002958
52850 0.004462
52860 0.004067
52870 0.000825
52880 0.002137
52890 0.004259
52900 0.010707
52910 0.023757
52920 0.002158
52930 0.001624
52940 -0.000083
52950 0.002406
52960 0.001955
52970 0.008014
52980 0.000697
52990 0.002397
53000 0.001106
53010 0.002762
53020 0.005900
53030 0.002847
53040 0.001367
53050 0.003249
53060 0.002037
53070 -0.000189
53080 0.002092
53090 0.002820
53100 0.002718
53110 0.001693
53120 0.005719
53130 0.001093
53140 0.000325
53150 0.001286
53160 0.005081
53170 0.001454
53180 0.003627
53190 0.002799
53200 0.001857
53210 0.000729
53220 0.000516
53230 0.004635
53240 0.001695
53250 0.000135
53260 0.005157
53270 0.005606
53280 0.003614
53290 0.005560
53300 0.000985
53310 0.004097
53320 0.003806
53330 0.000546
53340 0.002851
53350 0.005275
53360 0.001187
53370 0.000485
53380 0.004063
53390 0.000325
53400 0.023610
53410 0.000400
53420 0.003369
53430 0.002525
53440 0.004712
53450 0.003993
53460 0.010659
53470 0.012615
53480 0.020019
53490 13.948691
53500 0.007412
53510 0.004067
53520 0.004707
53530 0.003999
53540 0.001171
53550 0.002205
53560 -0.000285
53570 0.002954
53580 0.003440
53590 0.001948
53600 0.002366
53610 0.002861
53620 0.005944
53630 0.001787
53640 0.004483
53650 0.003930
53660 0.003707
53670 0.004330
53680 0.004429
53690 0.001125
53700 0.002236
53710 0.003721
53720 0.001523
53730 0.003597
53740 0.002854
53750 0.000012
53760 0.001169
53770 0.000935
53780 0.003179
53790 0.014638
53800 0.014376
53810 0.025822
53820 0.004276
53830 0.000643
53840 0.003262
53850 0.001450
53860 0.003580
53870 0.002877
53880 -0.000273
53890 0.004400
53900 0.002695
53910 0.002351
53920 0.004067
53930 0.001598
53940 0.002535
53950 0.001955
53960 0.002923
53970 0.002965
53980 0.009651
53990 0.002723
54000 0.005789
54010 0.002246
54020 0.002466
54030 0.005220
54040 0.003534
54050 0.000823
54060 0.001628
54070 0.002879
54080 0.010417
54090 0.003139
54100 0.009893
54110 0.004079
54120 0.005377
54130 0.002824
54140 -0.000916
54150 0.001479
54160 0.001946
54170 0.003526
54180 0.004356
54190 0.004326
54200 0.001509
54210 0.002248
54220 0.002519
54230 0.001550
54240 0.001822
54250 0.005212
54260 0.002401
54270 0.002557
54280 0.003021
54290 0.005765
54300 0.005700
54310 0.000249
54320 -0.000034
54330 0.001338
54340 0.004725
54350 0.003954
54360 0.000975
54370 0.004673
54380 0.001229
54390 0.002241
54400 0.008432
54410 0.002795
54420 0.006426
54430 0.020328
54440 0.004555
54450 0.009159
54460 0.004318
54470 0.002036
54480 -0.000835
54490 0.004070
54500 0.002018
54510 0.001312
54520 0.002488
54530 0.008773
54540 0.005343
54550 0.001343
54560 0.004285
54570 0.003826
54580 0.002332
54590 0.003015
54600 0.001673
54610 -0.000256
54620 0.027116
54630 0.018323
54640 0.002625
54650 0.003919
54660 0.003100
54670 0.000846
54680 0.002949
54690 0.003349
54700 0.001710
54710 0.009878
54720 0.009457
54730 0.014794
54740 0.006972
54750 0.014736
54760 0.005301
54770 0.001900
54780 0.001069
54790 0.002863
54800 0.000348
54810 0.002689
54820 -0.000590
54830 0.004888
54840 0.005147
54850 0.002988
54860 0.003844
54870 0.001529
54880 0.007290
54890 0.009234
54900 0.001667
54910 -0.000380
54920 0.006621
54930 0.004131
54940 0.014497
54950 0.009169
54960 0.009938
54970 0.011998
54980 0.001617
54990 0.004698
55000 0.002425
55010 0.002919
55020 0.004126
55030 0.003049
55040 0.003469
55050 0.004612
55060 0.003106
55070 0.001183
55080 0.010075
55090 0.003859
55100 -0.000153
55110 0.002168
55120 0.003761
55130 0.002194
55140 0.003655
55150 0.001272
55160 0.002090
55170 0.014988
55180 0.007919
55190 0.003617
55200 -0.000795
55210 0.002427
55220 0.009022
55230 0.008350
55240 0.002155
55250 0.004042
55260 0.003316
55270 0.001886
55280 0.003654
55290 0.013696
55300 0.010023
55310 0.002334
55320 0.005021
55330 0.000420
55340 0.000339
55350 0.010466
55360 0.004193
55370 0.001627
55380 0.005347
55390 0.001095
55400 0.001551
55410 0.002778
55420 0.000588
55430 0.003162
55440 0.003129
55450 0.004983
55460 0.005465
55470 0.003731
55480 0.003564
55490 0.003359
55500 0.005420
55510 0.013152
55520 0.001505
55530 0.003070
55540 0.004208
55550 0.000134
55560 0.001506
55570 0.002411
55580 0.005235
55590 0.003501
55600 0.003355
55610 0.002715
55620 0.005205
55630 0.004322
55640 0.003039
55650 0.000895
55660 0.002372
55670 0.001601
55680 0.002174
55690 0.002423
55700 0.002062
55710 0.006692
55720 0.003745
55730 -0.000973
55740 0.002588
55750 0.002684
55760 -0.000637
55770 0.001639
55780 0.000567
55790 0.002031
55800 0.001850
55810 0.002005
55820 0.001852
55830 0.005404
55840 0.002879
55850 0.001720
55860 0.001351
55870 0.004148
55880 0.005899
55890 0.003777
55900 0.001530
55910 0.002560
55920 0.001518
55930 0.002573
55940 0.022407
55950 0.003486
55960 0.001793
55970 0.006407
55980 0.005296
55990 0.004362
56000 0.002947
56010 0.001505
56020 0.004546
56030 0.004245
56040 0.003577
56050 13.952571
56060 0.007205
56070 0.004623
56080 0.003996
56090 0.001452
56100 0.005740
56110 0.003824
56120 0.002280
56130 0.003729
56140 0.021735
56150 -0.001223
56160 0.002022
56170 0.003590
56180 0.001882
56190 0.002478
56200 0.000347
56210 0.003320
56220 0.004631
56230 0.004423
56240 -0.000791
56250 0.003463
56260 0.002420
56270 0.002018
56280 0.001934
56290 0.003904
56300 0.004974
56310 0.002859
56320 0.001777
56330 0.014845
56340 0.001330
56350 0.004301
56360 0.003992
56370 0.006833
56380 0.004486
56390 0.005522
56400 0.004757
56410 0.002272
56420 0.002240
56430 0.002209
56440 0.000810
56450 0.015998
56460 0.016565
56470 0.004976
56480 0.006061
56490 -0.000729
56500 0.005050
56510 0.003481
56520 0.001840
56530 0.000553
56540 0.002000
56550 0.002995
56560 0.001397
56570 -0.000622
56580 0.002445
56590 0.002322
56600 0.001062
56610 0.002458
56620 0.042726
56630 0.009446
56640 0.004102
56650 0.005381
56660 0.002565
56670 0.003114
56680 0.008908
56690 0.004912
56700 0.002915
56710 0.003522
56720 0.003155
56730 0.001909
56740 0.004602
56750 0.003401
56760 0.012828
56770 0.004741
56780 0.003344
56790 0.003890
56800 0.002751
56810 0.002594
56820 0.030605
56830 0.005385
56840 0.000723
56850 0.002101
56860 0.002773
56870 0.004769
56880 0.002905
56890 0.000811
56900 0.009445
56910 0.001964
56920 0.004610
56930 0.004661
56940 0.004853
56950 0.003951
56960 0.002233
56970 0.002251
56980 0.004930
56990 0.003657
57000 0.001969
57010 0.002027
57020 0.002429
57030 0.005389
57040 0.002029
57050 0.002203
57060 0.002486
57070 0.000110
57080 0.003358
57090 0.000682
57100 0.004012
57110 0.022976
57120 0.003611
57130 0.000838
57140 0.003601
57150 0.004250
57160 0.001057
57170 0.003574
57180 0.002405
57190 0.003629
57200 0.000714
57210 0.011799
57220 -0.001029
57230 0.001674
57240 0.003317
57250 0.003048
57260 0.000848
57270 0.003656
57280 0.005662
57290 0.001150
57300 0.001014
57310 0.003444
57320 13.921237
57330 0.019935
57340 0.006165
57350 0.001204
57360 0.000555
57370 0.002555
57380 0.004214
57390 0.001224
57400 0.003724
57410 0.001568
57420 0.013131
57430 0.031976
57440 0.039990
57450 0.002714
57460 -0.000430
57470 0.000995
57480 0.001583
57490 0.015182
57500 0.004748
57510 0.002032
57520 0.004801
57530 0.028006
57540 0.009025
57550 0.004707
57560 0.007860
57570 0.003825
57580 0.001129
57590 0.001715
57600 0.003812
57610 0.001436
57620 0.025870
57630 0.003897
57640 0.018057
57650 0.006838
57660 0.002295
57670 0.019566
57680 0.005382
57690 0.007370
57700 0.004562
57710 0.003777
57720 0.007837
57730 0.002328
57740 0.001689
57750 -0.000265
57760 0.007197
57770 0.006094
57780 0.003457
57790 0.002339
57800 0.002631
57810 0.004302
57820 0.001239
57830 0.002973
57840 0.016218
57850 0.007206
57860 0.006144
57870 0.003918
57880 0.028312
57890 0.022764
57900 0.009918
57910 0.001783
57920 0.003991
57930 0.000397
57940 0.002250
57950 0.002617
57960 0.004263
57970 0.022510
57980 0.004593
57990 0.032742
58000 13.963027
58010 0.005938
58020 0.021278
58030 0.012292
58040 0.008086
58050 0.015034
58060 0.001621
58070 0.001102
58080 0.005681
58090 0.002052
58100 0.012241
58110 -0.001710
58120 0.016323
58130 0.001863
58140 0.005152
58150 0.006615
58160 0.006352
58170 0.005039
58180 0.003006
58190 0.013831
58200 0.041961
58210 0.007498
58220 0.006925
58230 0.006906
58240 0.018125
58250 0.004428
58260 0.005006
58270 0.005511
58280 0.003008
58290 0.006097
58300 0.006479
58310 0.008566
58320 0.001125
58330 0.003429
58340 0.004037
58350 0.055478
58360 0.013188
58370 0.008682
58380 0.011459
58390 0.003912
58400 0.004150
58410 0.003383
58420 0.002103
58430 0.009112
58440 0.009416
58450 0.000813
58460 0.002091
58470 0.002897
58480 -0.001683
58490 0.004499
58500 0.003017
58510 0.004568
58520 0.001995
58530 0.003459
58540 0.007175
58550 0.002343
58560 0.012745
58570 0.001174
58580 0.002699
58590 0.013405
58600 0.005722
58610 0.002037
58620 0.003724
58630 0.003951
58640 0.007092
58650 0.011129
58660 0.000643
58670 0.002600
58680 0.003296
58690 0.004164
58700 0.002239
58710 0.003656
58720 0.000677
58730 0.003108
58740 0.001304
58750 0.004248
58760 0.003249
58770 0.005518
58780 0.008982
58790 0.004351
58800 0.002542
58810 0.002511
58820 0.002150
58830 0.002178
58840 0.003320
58850 0.004729
58860 0.002759
58870 0.005258
58880 0.005079
58890 0.001773
58900 0.003637
58910 0.002284
58920 0.017452
58930 0.003228
58940 0.002763
58950 0.000749
58960 0.007250
58970 0.021956
58980 0.024421
58990 0.004456
59000 0.011861
59010 0.009352
59020 0.007440
59030 0.003574
59040 0.006907
59050 0.004708
59060 0.002644
59070 0.003987
59080 0.018923
59090 0.006874
59100 0.010111
59110 0.001126
59120 0.004856
59130 0.005625
59140 0.001205
59150 0.002161
59160 0.006249
59170 0.004810
59180 0.003771
59190 0.005981
59200 0.000291
59210 0.006772
59220 13.938853
59230 0.027856
59240 0.092891
59250 0.002532
59260 0.010933
59270 0.021958
59280 0.006986
59290 0.004120
59300 0.009696
59310 0.016733
59320 0.004059
59330 0.010373
59340 0.002825
59350 0.000846
59360 0.003606
59370 0.003329
59380 0.003098
59390 0.002463
59400 0.002411
59410 0.005944
59420 0.004492
59430 0.003535
59440 0.000849
59450 0.007038
59460 0.006264
59470 0.000667
59480 0.001746
59490 0.002857
59500 0.004322
59510 0.001044
59520 0.003217
59530 0.002406
59540 0.006071
59550 0.008342
59560 0.003180
59570 0.008411
59580 0.001510
59590 0.004885
59600 0.003815
59610 0.001162
59620 0.007925
59630 0.005937
59640 0.004792
59650 0.003882
59660 0.002501
59670 0.002679
59680 0.005409
59690 0.002348
59700 0.005492
59710 0.001983
59720 0.005241
59730 0.003200
59740 0.001618
59750 0.010099
59760 0.004901
59770 0.006272
59780 0.004358
59790 0.003043
59800 0.004235
59810 0.005617
59820 0.005218
59830 0.012895
59840 0.001612
59850 -0.000088
59860 0.006209
59870 0.004153
59880 0.004121
59890 0.003377
59900 0.005111
59910 0.005803
59920 0.001562
59930 0.001212
59940 0.003407
59950 0.003234
59960 0.005486
59970 0.003509
59980 0.016514
59990 0.003182
60000 0.003213
60010 0.258199
60020 0.135667
60030 0.056609
60040 0.026274
60050 0.119268
60060 0.005230
60070 0.050495
60080 0.002661
60090 -0.000283
60100 0.001322
60110 0.003856
60120 0.000898
60130 0.003910
60140 0.005077
60150 0.001128
60160 0.002632
60170 0.000886
60180 0.002980
60190 0.002436
60200 0.002687
60210 0.026986
60220 0.058774
60230 0.008068
60240 0.003831
60250 0.004161
60260 0.005649
60270 0.008727
60280 0.006330
60290 0.005765
60300 0.002713
60310 0.003896
60320 0.005571
60330 0.003513
60340 0.003475
60350 0.003926
60360 0.002081
60370 0.019751
60380 0.018261
60390 0.003069
60400 0.012381
60410 0.036955
60420 0.018837
60430 0.016356
60440 0.019920
60450 0.024939
60460 0.010392
60470 0.004697
60480 0.006777
60490 0.009678
60500 0.005729
60510 0.003431
60520 0.003532
60530 0.007441
60540 0.007338
60550 0.004503
60560 0.002559
60570 0.002017
60580 0.005382
60590 0.001222
60600 0.003088
60610 0.003432
60620 0.003512
60630 -0.000012
60640 0.000552
60650 0.003764
60660 0.004146
60670 0.003213
60680 0.003781
60690 0.001800
60700 0.002115
60710 0.001623
60720 -0.002377
60730 0.001858
60740 0.001676
60750 0.001703
60760 0.001347
60770 0.003974
60780 0.013241
60790 0.019812
60800 0.026392
60810 0.018478
60820 0.016451
60830 0.010862
60840 0.022208
60850 0.029504
60860 0.019216
60870 13.976755
60880 0.025512
60890 0.011874
60900 0.009040
60910 0.002971
60920 0.020711
60930 0.016655
60940 0.008498
60950 0.009870
60960 0.009570
60970 0.008370
60980 0.013870
60990 0.009387
61000 0.005783
61010 0.002729
61020 0.013202
61030 0.006523
61040 0.000124
61050 0.007582
61060 0.000135
61070 0.003477
61080 0.009248
61090 0.002931
61100 0.002153
61110 0.005435
61120 0.000545
61130 0.005842
61140 0.006676
61150 0.013311
61160 0.005262
61170 0.006851
61180 0.000507
61190 0.053834
61200 0.023204
61210 0.008517
61220 0.003663
61230 0.008711
61240 0.005489
61250 0.004055
61260 0.001599
61270 0.002371
61280 0.003915
61290 0.003258
61300 0.003347
61310 0.003073
61320 0.002014
61330 0.002396
61340 0.005433
61350 0.001929
61360 0.007669
61370 0.011151
61380 0.003016
61390 0.006218
61400 -0.000415
61410 0.000051
61420 0.001724
61430 0.004937
61440 0.002022
61450 0.002651
61460 0.007932
61470 0.005880
61480 0.002436
61490 0.007246
61500 0.002997
61510 0.005074
61520 0.002619
61530 0.000534
61540 0.001582
61550 0.005923
61560 -0.000195
61570 0.002902
61580 0.002402
61590 0.006596
61600 0.001669
61610 0.012509
61620 0.006086
61630 0.002581
61640 0.003408
61650 0.008681
61660 0.003533
61670 0.002283
61680 0.002515
61690 0.001851
61700 0.003134
61710 0.006887
61720 0.002617
61730 0.001700
61740 0.008882
61750 0.004579
61760 0.004562
61770 0.001187
61780 0.001978
61790 0.002036
61800 0.006825
61810 0.001287
61820 0.000431
61830 0.010780
61840 0.002390
61850 0.002564
61860 0.003976
61870 0.003246
61880 0.005136
61890 0.001568
61900 0.010477
61910 0.005602
61920 0.016576
61930 0.003121
61940 0.002519
61950 0.004203
61960 0.001313
61970 0.002465
61980 0.002108
61990 0.000220
62000 13.966903
62010 0.017000
62020 0.017346
62030 0.012319
62040 0.045166
62050 0.014274
62060 0.013020
62070 0.022120
62080 0.002609
62090 0.003882
62100 0.009447
62110 0.007095
62120 0.000817
62130 0.006387
62140 0.005646
62150 0.006188
62160 -0.000597
62170 0.020327
62180 0.015747
62190 0.007153
62200 -0.002412
62210 0.008949
62220 0.025781
62230 0.020931
62240 0.004981
62250 0.028613
62260 0.022085
62270 0.010007
62280 0.005898
62290 0.003989
62300 13.920199
62310 0.023930
62320 0.006253
62330 0.026383
62340 0.028783
62350 0.013494
62360 0.006719
62370 0.009131
62380 0.007832
62390 0.008469
62400 0.008147
62410 0.029726
62420 0.009816
62430 0.022977
62440 0.009852
62450 0.007427
62460 0.008129
62470 0.001423
62480 0.008739
62490 0.006280
62500 0.003650
62510 0.008019
62520 0.007484
62530 0.008750
62540 0.014285
62550 0.003905
62560 0.012718
62570 0.000893
62580 0.014836
62590 0.007709
62600 0.003483
62610 0.012551
62620 0.007069
62630 0.014718
62640 0.003765
62650 0.008435
62660 0.007200
62670 0.009760
62680 0.006123
62690 0.003759
62700 0.003976
62710 0.010443
62720 0.004558
62730 0.004866
62740 0.013279
62750 0.004811
62760 0.004428
62770 0.016589
62780 0.007736
62790 0.004086
62800 0.009241
62810 0.012232
62820 0.049765
62830 0.022794
62840 0.008440
62850 0.014175
62860 0.006994
62870 0.008396
62880 0.001216
62890 0.021319
62900 0.008585
62910 0.006882
62920 0.024113
62930 0.045687
62940 0.007500
62950 0.013738
62960 0.029972
62970 0.033592
62980 0.033461
62990 0.009594
63000 0.018718
63010 0.021441
63020 0.029196
63030 0.008618
63040 0.020585
63050 0.019931
63060 0.015357
63070 0.019593
63080 0.017581
63090 0.023715
63100 0.015185
63110 0.017454
63120 0.027983
63130 0.025196
63140 0.014267
63150 0.010499
63160 0.025906
63170 0.072456
63180 0.019581
63190 0.015056
63200 0.018892
63210 0.047428
63220 0.012098
63230 0.023657
63240 -0.000957
63250 0.015499
63260 0.001944
63270 0.030741
63280 0.030725
63290 0.036547
63300 13.961284
63310 0.032109
63320 0.015115
63330 0.100554
63340 0.036181
63350 0.022764
63360 0.016469
63370 0.007185
63380 0.052310
63390 0.026298
63400 0.028185
63410 0.004679
63420 0.026369
63430 0.008453
63440 0.005187
63450 0.016502
63460 0.015799
63470 0.008153
63480 0.005648
63490 0.002066
63500 0.003801
63510 0.005989
63520 0.015099
63530 0.013565
63540 0.029522
63550 0.006939
63560 0.004636
63570 0.014531
63580 0.009614
63590 0.005188
63600 0.004270
63610 0.004507
63620 0.004561
63630 0.004703
63640 0.008508
63650 0.007014
63660 0.005183
63670 0.005741
63680 0.009360
63690 0.007638
63700 0.013130
63710 0.029416
63720 0.025920
63730 0.016133
63740 0.007621
63750 0.010177
63760 0.010162
63770 0.004033
63780 13.910721
63790 0.029986
63800 0.018775
63810 0.019377
63820 0.017612
63830 0.010308
63840 0.008290
63850 0.026225
63860 0.004998
63870 0.008350
63880 0.008358
63890 0.007638
63900 0.021574
63910 0.040482
63920 0.014386
63930 0.006272
63940 0.021942
63950 0.009694
63960 0.034598
63970 0.015621
63980 0.007815
63990 0.009217
64000 0.017822
64010 0.022293
64020 0.024590
64030 0.013005
64040 0.001978
64050 0.021831
64060 0.007523
64070 0.015761
64080 0.000879
64090 0.000827
64100 0.004187
64110 0.001306
64120 0.007981
64130 0.004084
64140 0.014752
64150 0.041107
64160 0.090139
64170 0.025198
64180 0.003597
64190 0.003716
64200 0.013238
64210 0.014997
64220 0.011755
64230 0.007713
64240 0.004594
64250 0.010296
64260 0.010983
64270 0.002466
64280 0.004170
64290 0.004464
64300 0.011679
64310 0.008196
64320 0.003495
64330 0.010094
64340 0.004697
64350 0.026523
64360 0.005361
64370 0.010094
64380 0.001404
64390 0.003010
64400 0.008173
64410 0.010108
64420 0.006662
64430 0.009163
64440 0.019720
64450 0.009619
64460 0.006056
64470 0.011646
64480 0.009200
64490 0.006723
64500 0.010328
64510 0.006363
64520 0.005201
64530 0.004718
64540 0.003980
64550 0.002821
64560 0.007968
64570 0.024449
64580 0.001491
64590 0.005840
64600 0.005127
64610 0.007357
64620 0.016638
64630 0.001075
64640 0.011520
64650 0.012478
64660 0.016844
64670 0.018335
64680 0.007454
64690 0.004083
64700 0.004948
64710 0.001048
64720 0.015297
64730 0.080087
64740 0.000784
64750 0.013322
64760 0.017688
64770 0.011041
64780 0.006709
64790 0.000824
64800 0.005620
64810 0.004705
64820 0.009828
64830 0.000562
64840 0.007335
64850 0.013900
64860 0.014780
64870 0.001161
64880 0.038118
64890 0.005747
64900 0.000919
64910 0.001837
64920 0.003219
64930 0.007390
64940 0.005051
64950 0.005186
64960 0.038180
64970 0.042062
64980 0.063451
64990 0.020899
65000 0.032604
65010 0.068103
65020 0.032848
65030 0.068921
65040 0.073229
65050 0.023069
65060 0.050695
65070 0.040429
65080 0.021306
65090 0.012741
65100 0.028623
65110 0.028724
65120 0.048797
65130 0.037938
65140 0.029320
65150 0.045852
65160 0.026412
65170 0.061359
65180 0.013184
65190 0.025514
65200 0.059422
65210 0.021524
65220 0.010658
65230 0.021698
65240 0.016782
65250 0.016013
65260 0.024240
65270 0.016351
65280 0.007580
65290 0.032440
65300 0.004872
65310 0.016033
65320 0.010352
65330 0.008232
65340 0.034252
65350 0.035849
65360 0.004220
65370 0.007775
65380 0.011933
65390 0.009133
65400 0.008472
65410 0.017643
65420 0.017861
65430 0.002877
65440 0.011353
65450 0.035500
65460 0.031566
65470 0.019624
65480 0.021394
65490 0.018695
65500 0.012117
65510 0.013722
65520 0.021113
65530 0.004839
65540 0.018460
65550 0.032978
65560 0.010593
65570 0.046943
65580 0.046291
65590 0.022815
65600 0.010375
65610 0.010133
65620 0.033910
65630 0.013931
65640 0.002325
65650 0.012743
65660 0.008347
65670 0.007144
65680 0.008947
65690 0.006978
65700 0.008110
65710 0.009181
65720 0.011084
65730 0.007195
65740 0.012390
65750 0.001081
65760 0.022639
65770 0.013034
65780 0.010946
65790 0.014776
65800 0.040793
65810 0.040905
65820 0.008443
65830 0.023091
65840 0.015480
65850 0.006820
65860 0.021054
65870 0.013789
65880 0.032456
65890 0.012433
65900 0.017505
65910 0.030157
65920 0.018396
65930 0.033576
65940 0.047638
65950 0.042483
65960 0.027169
65970 0.032791
65980 0.056935
65990 0.064838
66000 0.051884
66010 0.038718
66020 0.027681
66030 0.038903
66040 0.042577
66050 0.015834
66060 0.031004
66070 0.015140
66080 0.015963
66090 0.035107
66100 0.021333
66110 0.010088
66120 0.028257
66130 0.016967
66140 0.014775
66150 0.020146
66160 0.012993
66170 0.019084
66180 0.008301
66190 0.011993
66200 0.002984
66210 0.023993
66220 0.006821
66230 0.020231
66240 0.009807
66250 0.010748
66260 0.009584
66270 0.024882
66280 0.031298
66290 0.002659
66300 0.009873
66310 0.014094
66320 0.015667
66330 0.004634
66340 0.022379
66350 13.966305
66360 0.005817
66370 0.018572
66380 0.008412
66390 0.032188
66400 0.011776
66410 0.012907
66420 0.007850
66430 0.046180
66440 0.028519
66450 0.075262
66460 0.020533
66470 0.004996
66480 0.010316
66490 0.022824
66500 0.020581
66510 0.018330
66520 0.005369
66530 0.010499
66540 0.014522
66550 0.002616
66560 0.012927
66570 0.013258
66580 0.007961
66590 0.014151
66600 0.014854
66610 0.002820
66620 0.015941
66630 0.002707
66640 0.008253
66650 0.016372
66660 0.009210
66670 0.008386
66680 0.013920
66690 0.007610
66700 0.013427
66710 0.008481
66720 0.003464
66730 0.036069
66740 0.044568
66750 0.026291
66760 -0.000279
66770 0.016211
66780 0.018551
66790 0.006872
66800 0.017860
66810 0.006667
66820 0.010350
66830 0.001289
66840 0.006521
66850 0.007326
66860 0.008244
66870 0.023469
66880 0.005236
66890 0.006245
66900 0.005409
66910 0.005104
66920 0.004430
66930 0.014374
66940 0.002099
66950 0.046010
66960 0.017169
66970 0.006769
66980 0.057469
66990 0.020202
67000 0.024674
67010 0.011397
67020 0.038712
67030 0.032849
67040 0.028536
67050 0.012084
67060 0.012198
67070 0.027239
67080 0.000451
67090 0.018976
67100 0.024163
67110 0.026055
67120 0.016341
67130 0.023890
67140 0.008011
67150 0.013396
67160 0.000938
67170 0.000938
67180 0.008541
67190 0.004125
67200 0.017750
67210 0.001219
67220 0.022198
67230 0.009025
67240 0.015087
67250 0.010979
67260 0.025402
67270 0.010778
67280 0.021940
67290 -0.000312
67300 0.068163
67310 0.056411
67320 0.112551
67330 0.070184
67340 -0.003028
67350 0.073797
67360 0.078492
67370 0.095815
67380 0.027413
67390 0.036547
67400 0.020606
67410 0.027001
67420 0.013684
67430 0.020515
67440 0.023316
67450 0.010925
67460 0.010635
67470 0.011219
67480 0.013232
67490 0.005288
67500 0.021692
67510 0.104612
67520 0.027547
67530 0.073927
67540 0.015654
67550 0.008667
67560 0.014450
67570 0.009059
67580 0.030744
67590 0.021613
67600 0.013792
67610 0.014938
67620 0.017933
67630 0.023936
67640 0.017431
67650 0.012058
67660 0.022528
67670 0.015426
67680 0.044532
67690 0.031730
67700 0.012988
67710 0.017724
67720 0.030531
67730 0.023986
67740 0.063015
67750 0.044397
67760 0.013284
67770 0.012471
67780 0.012229
67790 0.047379
67800 0.030723
67810 0.014535
67820 0.008997
67830 0.010918
67840 0.010242
67850 0.010813
67860 0.028884
67870 0.010007
67880 0.004881
67890 0.002479
67900 0.020936
67910 0.009417
67920 0.008764
67930 0.014740
67940 0.009548
67950 0.014115
67960 0.015643
67970 0.013508
67980 0.023269
67990 0.006325
68000 -0.000465
68010 0.007743
68020 0.020444
68030 0.009938
68040 0.001381
68050 0.037856
68060 0.013959
68070 0.012133
68080 0.005262
68090 0.008527
68100 0.003334
68110 0.003940
68120 0.009275
68130 0.008814
68140 0.037959
68150 0.008595
68160 0.004484
68170 0.013862
68180 0.007850
68190 0.008827
68200 0.017766
68210 0.014247
68220 0.020440
68230 0.081187
68240 0.049548
68250 0.036858
68260 0.036667
68270 0.016303
68280 0.015860
68290 0.009283
68300 0.024835
68310 0.023166
68320 0.022566
68330 0.022995
68340 0.009502
68350 0.017282
68360 0.015062
68370 0.026347
68380 0.018379
68390 0.032528
68400 0.015631
68410 0.016756
68420 0.035897
68430 0.032217
68440 0.013558
68450 0.033284
68460 0.013387
68470 0.024146
68480 0.018362
68490 0.008288
68500 0.003766
68510 0.010675
68520 0.013634
68530 0.053472
68540 0.040421
68550 0.040850
68560 0.026630
68570 0.017891
68580 0.021499
68590 0.017350
68600 0.018307
68610 0.027803
68620 0.022659
68630 0.019239
68640 0.010891
68650 0.009542
68660 -0.005169
68670 0.028362
68680 0.024670
68690 0.012573
68700 0.008575
68710 0.052390
68720 0.011709
68730 0.025677
68740 0.020219
68750 0.014557
68760 0.019662
68770 0.021344
68780 0.014799
68790 0.002814
68800 0.006022
68810 0.027060
68820 0.016321
68830 0.008226
68840 0.018079
68850 0.015404
68860 0.015265
68870 0.013220
68880 0.014032
68890 0.026690
68900 0.015549
68910 0.016575
68920 0.021957
68930 0.024991
68940 0.010115
68950 0.020575
68960 0.017537
68970 0.021217
68980 0.005481
68990 0.015149
69000 0.016191
69010 0.022525
69020 0.022345
69030 0.015729
69040 0.020652
69050 0.038447
69060 0.077642
69070 0.016866
69080 0.007280
69090 0.003186
69100 0.002791
69110 0.008589
69120 0.007087
69130 0.015389
69140 0.004827
69150 0.020735
69160 0.012386
69170 0.015276
69180 0.011802
69190 0.031642
69200 0.010147
69210 0.007941
69220 0.004200
69230 0.007604
69240 0.005723
69250 0.003778
69260 0.011263
69270 0.009323
69280 0.009824
69290 0.019644
69300 0.020389
69310 0.019533
69320 0.017566
69330 0.024008
69340 0.003272
69350 0.007369
69360 0.009891
69370 0.018854
69380 0.007458
69390 0.044927
69400 13.956345
69410 0.039647
69420 0.012616
69430 0.013477
69440 0.046808
69450 0.023402
69460 0.026823
69470 0.011833
69480 0.044683
69490 0.060549
69500 0.034255
69510 0.019521
69520 0.014842
69530 0.016757
69540 0.008818
69550 0.010091
69560 0.008000
69570 0.019543
69580 0.013706
69590 0.001731
69600 0.014929
69610 0.011559
69620 0.007725
69630 0.017828
69640 0.022796
69650 0.004755
69660 0.010518
69670 0.051354
69680 13.953567
69690 0.035813
69700 0.027046
69710 0.022624
69720 0.019586
69730 0.035308
69740 0.016819
69750 0.039036
69760 0.004861
69770 0.013587
69780 0.022668
69790 0.015426
69800 0.023305
69810 0.011664
69820 0.007705
69830 0.018072
69840 0.008419
69850 0.011026
69860 0.003632
69870 0.006332
69880 0.017184
69890 0.017806
69900 0.007232
69910 0.014169
69920 0.002043
69930 0.005878
69940 0.015252
69950 0.027128
69960 0.022468
69970 0.011538
69980 0.013010
69990 0.031566
70000 0.009178
70010 0.014222
70020 0.001343
70030 0.011052
70040 0.004758
70050 0.005503
70060 0.011503
70070 0.009081
70080 0.010732
70090 0.008198
70100 0.005973
70110 0.015808
70120 0.006732
70130 0.004827
70140 0.002068
70150 0.016178
70160 0.008992
70170 0.007740
70180 0.001912
70190 -0.000449
70200 0.006915
70210 0.013917
70220 0.011468
70230 0.006637
70240 0.002865
70250 0.002674
70260 0.004701
70270 0.000561
70280 0.000774
70290 0.003775
70300 0.013377
70310 0.007358
70320 0.004551
70330 0.008988
70340 0.006767
70350 0.008803
70360 0.013665
70370 0.006338
70380 0.009085
70390 0.008837
70400 0.022183
70410 0.008893
70420 0.002734
70430 0.005551
70440 0.006625
70450 0.003167
70460 0.013996
70470 0.004306
70480 0.006114
70490 0.014209
70500 0.002678
70510 0.012595
70520 0.010516
70530 0.042493
70540 0.018050
70550 0.007518
70560 0.024738
70570 0.015745
70580 0.012215
70590 0.012291
70600 0.000233
70610 0.000836
70620 0.011400
70630 0.007364
70640 0.026889
70650 0.011399
70660 0.013270
70670 0.005170
70680 0.009094
70690 0.020095
70700 0.008531
70710 0.007218
70720 0.012269
70730 -0.004120
70740 0.007394
70750 0.011011
70760 0.002042
70770 0.006114
70780 0.020525
70790 0.005417
70800 0.006441
70810 0.006089
70820 0.013126
70830 0.000345
70840 0.007849
70850 0.004354
70860 0.009946
70870 0.018250
70880 0.012211
70890 0.006677
70900 0.007156
70910 0.003855
70920 0.011712
70930 0.004031
70940 0.003282
70950 0.012661
70960 0.006169
70970 0.001847
70980 0.013378
70990 0.007697
71000 0.003712
71010 0.005840
71020 0.003373
71030 0.004414
71040 0.010525
71050 0.006492
71060 0.007743
71070 0.022141
71080 0.026036
71090 0.005908
71100 0.007770
71110 0.001733
71120 0.008698
71130 0.006237
71140 0.032653
71150 0.046629
71160 0.005841
71170 0.031690
71180 0.008091
71190 0.002378
71200 0.004428
71210 0.018732
71220 0.008888
71230 0.004656
71240 0.008479
71250 0.004717
71260 0.007423
71270 0.014499
71280 0.002333
71290 0.015518
71300 0.009956
71310 0.002836
71320 0.005982
71330 0.021810
71340 0.012877
71350 0.010235
71360 13.946283
71370 0.017096
71380 0.028287
71390 0.003628
71400 0.004969
71410 0.006940
71420 0.009165
71430 0.028422
71440 0.009827
71450 0.018551
71460 0.005940
71470 0.005257
71480 0.015480
71490 0.009591
71500 0.002744
71510 0.014931
71520 -0.000449
71530 0.017028
71540 0.007710
71550 0.002168
71560 0.008948
71570 0.101793
71580 0.078869
71590 0.082921
71600 0.006371
71610 0.031036
71620 0.045412
71630 0.022211
71640 0.011440
71650 0.024103
71660 0.013789
71670 0.009903
71680 0.021294
71690 0.003381
71700 0.008974
71710 0.016736
71720 0.017443
71730 0.017454
71740 0.016772
71750 0.021594
71760 0.010829
71770 0.009411
71780 0.018421
71790 0.009607
71800 0.004878
71810 0.006410
71820 0.012039
71830 0.006305
71840 0.013330
71850 0.006617
71860 0.014556
71870 0.013192
71880 0.013080
71890 0.004660
71900 0.012292
71910 0.005410
71920 0.005914
71930 0.013197
71940 0.000380
71950 0.009173
71960 0.011186
71970 0.006727
71980 0.004596
71990 0.010501
72000 0.007352
72010 0.004898
72020 0.009457
72030 0.009124
72040 0.013417
72050 0.006052
72060 -0.000864
72070 0.003130
72080 0.011301
72090 0.005129
72100 0.011755
72110 0.002008
72120 0.009055
72130 0.006715
72140 0.009676
72150 -0.003488
72160 0.003860
72170 0.012136
72180 0.002235
72190 0.004227
72200 0.028208
72210 0.007714
72220 0.003090
72230 0.005175
72240 0.003321
72250 0.006265
72260 0.003831
72270 0.010074
72280 0.004732
72290 0.012370
72300 0.006547
72310 0.005834
72320 0.001885
72330 0.001803
72340 0.007761
72350 0.009753
72360 0.008575
72370 0.000515
72380 0.007915
72390 0.008657
72400 0.011403
72410 -0.000801
72420 0.001706
72430 0.013902
72440 0.005962
72450 0.009494
72460 0.004148
72470 0.006321
72480 0.011594
72490 0.000939
72500 0.009514
72510 0.013943
72520 0.016889
72530 0.004311
72540 0.021928
72550 0.005623
72560 0.008179
72570 0.007059
72580 0.009799
72590 0.004457
72600 0.009632
72610 0.022798
72620 0.009971
72630 0.022616
72640 0.007545
72650 0.024119
72660 0.016037
72670 0.033953
72680 0.026961
72690 0.006736
72700 0.024389
72710 0.013816
72720 0.007253
72730 0.005832
72740 0.007387
72750 0.008716
72760 0.001990
72770 0.030560
72780 0.036046
72790 0.021782
72800 0.004551
72810 0.011097
72820 0.006212
72830 0.003417
72840 0.008368
72850 0.005712
72860 0.008710
72870 0.008189
72880 0.005883
72890 0.002070
72900 0.016776
72910 0.001794
72920 0.014975
72930 0.003730
72940 0.002370
72950 0.005861
72960 0.003081
72970 0.013739
72980 0.004098
72990 0.007433
73000 0.011554
73010 0.014564
73020 0.005091
73030 0.008619
73040 -0.000545
73050 0.007273
73060 0.002142
73070 0.003266
73080 0.001499
73090 0.011116
73100 0.007786
73110 0.006963
73120 0.005616
73130 0.010855
73140 13.964647
73150 0.001484
73160 0.009630
73170 0.011147
73180 0.002142
73190 0.004094
73200 0.011636
73210 0.006752
73220 -0.000140
73230 0.001746
73240 0.017527
73250 0.041829
73260 -0.000532
73270 0.017760
73280 0.020007
73290 0.012807
73300 0.012720
73310 0.009360
73320 0.011226
73330 0.013374
73340 -0.002133
73350 0.007482
73360 0.031554
73370 0.001744
73380 0.008086
73390 0.009446
73400 0.004496
73410 0.007983
73420 0.006510
73430 0.006294
73440 0.011864
73450 0.015719
73460 0.008249
73470 0.014597
73480 0.006137
73490 0.002029
73500 0.012539
73510 0.051266
73520 0.019240
73530 0.006185
73540 0.010061
73550 0.011438
73560 0.006042
73570 0.008674
73580 0.001947
73590 0.011419
73600 0.006744
73610 0.010433
73620 -0.001094
73630 0.048083
73640 0.034497
73650 0.009578
73660 0.006685
73670 0.008096
73680 0.008092
73690 0.000934
73700 0.011841
73710 0.004197
73720 0.004378
73730 0.011221
73740 0.007637
73750 -0.000289
73760 0.004918
73770 0.009489
73780 0.002469
73790 0.000813
73800 0.004975
73810 0.010629
73820 0.011713
73830 0.006169
73840 0.013598
73850 0.004872
73860 0.000080
73870 0.000314
73880 0.005026
73890 0.009566
73900 0.007522
73910 0.013659
73920 0.010279
73930 0.012826
73940 0.012582
73950 0.010050
73960 0.005425
73970 0.002940
73980 0.006612
73990 0.006735
74000 0.000548
74010 0.003778
74020 0.003816
74030 0.011876
74040 0.001357
74050 0.005167
74060 0.012242
74070 0.013185
74080 0.003474
74090 0.005890
74100 0.004349
74110 0.006089
74120 0.002013
74130 0.006541
74140 0.004507
74150 0.002259
74160 0.006556
74170 0.007926
74180 0.018754
74190 0.013022
74200 0.005094
74210 0.010754
74220 0.005813
74230 0.003360
74240 0.013907
74250 0.035530
74260 0.013717
74270 0.030721
74280 0.015582
74290 0.056748
74300 0.028719
74310 0.030354
74320 0.016208
74330 0.034825
74340 0.062221
74350 0.027898
74360 0.027036
74370 0.004270
74380 0.028275
74390 0.003834
74400 0.009156
74410 0.023259
74420 0.009793
74430 0.006900
74440 0.019621
74450 0.024779
74460 0.031751
74470 0.014522
74480 0.017827
74490 0.014892
74500 0.006544
74510 0.001918
74520 0.009970
74530 0.007590
74540 0.011744
74550 0.019647
74560 0.003851
74570 0.002588
74580 0.001303
74590 0.009238
74600 0.095382
74610 0.078815
74620 0.033335
74630 0.066151
74640 0.003715
74650 0.031476
74660 0.015506
74670 0.019766
74680 0.007232
74690 0.018869
74700 0.045858
74710 0.017850
74720 0.021995
74730 0.025085
74740 0.056330
74750 0.023102
74760 0.015911
74770 0.011494
74780 0.003725
74790 0.013566
74800 0.014198
74810 0.005581
74820 0.005181
74830 0.006645
74840 0.003459
74850 0.016508
74860 0.012145
74870 0.006469
74880 0.007043
74890 0.006093
74900 0.002761
74910 0.020227
74920 0.009037
74930 0.000501
74940 0.004736
74950 0.003004
74960 0.005490
74970 0.003450
74980 13.923628
74990 0.014105
75000 0.021025
75010 0.013073
75020 0.005249
75030 0.003626
75040 0.011335
75050 0.009976
75060 0.008832
75070 0.004479
75080 0.007356
75090 0.004323
75100 0.004773
75110 0.005986
75120 0.002569
75130 0.004976
75140 0.008287
75150 0.008857
75160 0.005815
75170 0.007900
75180 0.010143
75190 0.012683
75200 0.016880
75210 -0.000171
75220 0.001424
75230 0.001476
75240 0.014804
75250 0.007304
75260 0.003197
75270 0.026530
75280 0.009574
75290 0.001034
75300 0.007282
75310 0.004379
75320 0.004064
75330 0.007584
75340 -0.002761
75350 0.032837
75360 0.007752
75370 0.016364
75380 0.018651
75390 0.015185
75400 0.015092
75410 0.005956
75420 0.012731
75430 0.009352
75440 0.011183
75450 13.951284
75460 0.006423
75470 0.003616
75480 0.007084
75490 0.012704
75500 0.003087
75510 0.008034
75520 0.006714
75530 0.016709
75540 0.017070
75550 0.016431
75560 0.031087
75570 0.022643
75580 0.004391
75590 0.007671
75600 0.018872
75610 0.015275
75620 0.018418
75630 0.048306
75640 0.006834
75650 0.016000
75660 0.006015
75670 0.006068
75680 0.006386
75690 13.949760
75700 0.023194
75710 0.004750
75720 0.002623
75730 0.005736
75740 0.007061
75750 0.006919
75760 0.011941
75770 0.009211
75780 0.006458
75790 0.011718
75800 0.009166
75810 0.005288
75820 0.003279
75830 0.003605
75840 0.003207
75850 0.012283
75860 0.004681
75870 0.002329
75880 0.004475
75890 0.000737
75900 0.013289
75910 0.019115
75920 0.041537
75930 0.015274
75940 0.011250
75950 0.026250
75960 0.010792
75970 0.004968
75980 0.002999
75990 0.021868
76000 0.007045
76010 0.006476
76020 0.004235
76030 0.007810
76040 0.007233
76050 0.008966
76060 0.023382
76070 0.006380
76080 0.014569
76090 0.005267
76100 0.011174
76110 0.015690
76120 0.002533
76130 0.010000
76140 0.009962
76150 0.017807
76160 0.006116
76170 0.013700
76180 0.001518
76190 0.014791
76200 0.028516
76210 0.025750
76220 0.014343
76230 0.006768
76240 0.011517
76250 0.011044
76260 0.004667
76270 0.009707
76280 0.011974
76290 0.009523
76300 0.011408
76310 0.007505
76320 0.008356
76330 0.003013
76340 0.007539
76350 0.006949
76360 0.013361
76370 0.003341
76380 0.010909
76390 0.008081
76400 0.016128
76410 0.021584
76420 0.010022
76430 -0.001797
76440 0.011132
76450 0.011403
76460 0.011415
76470 0.016186
76480 0.009372
76490 0.009489
76500 0.019760
76510 0.012101
76520 0.019851
76530 0.008376
76540 0.013552
76550 0.008194
76560 0.024235
76570 0.009420
76580 0.015455
76590 0.018770
76600 0.021994
76610 0.014955
76620 0.006626
76630 0.002503
76640 0.000867
76650 0.013641
76660 0.009293
76670 0.000673
76680 0.017644
76690 0.011172
76700 0.005156
76710 0.013829
76720 0.008462
76730 0.016495
76740 0.007789
76750 0.007693
76760 0.008079
76770 0.009657
76780 0.003796
76790 0.014734
76800 0.005107
76810 0.006737
76820 0.016857
76830 0.001714
76840 0.001764
76850 0.001889
76860 0.005550
76870 0.003216
76880 0.009536
76890 0.003670
76900 0.008124
76910 0.002160
76920 0.003120
76930 0.003716
76940 0.005277
76950 0.002263
76960 0.008520
76970 0.005814
76980 0.001887
76990 0.009418
77000 0.011185
77010 0.002283
77020 0.003452
77030 0.002530
77040 0.009675
77050 0.002785
77060 0.011974
77070 0.004350
77080 0.006762
77090 0.001377
77100 0.003850
77110 0.003846
77120 -0.001749
77130 0.008856
77140 0.000024
77150 0.003352
77160 0.006379
77170 0.009241
77180 0.002314
77190 0.006566
77200 0.003881
77210 0.009560
77220 0.081835
77230 0.002810
77240 0.022068
77250 0.010631
77260 0.011714
77270 0.017197
77280 0.009703
77290 0.005301
77300 0.008746
77310 0.007842
77320 0.009732
77330 0.022599
77340 0.005666
77350 0.002035
77360 0.010393
77370 -0.000838
77380 0.003212
77390 0.012439
77400 0.010349
77410 0.003658
77420 0.004895
77430 0.002854
77440 0.019269
77450 0.011813
77460 0.006549
77470 0.008259
77480 0.004472
77490 0.019476
77500 0.009534
77510 0.002223
77520 0.002266
77530 0.005246
77540 0.005342
77550 0.004880
77560 0.010495
77570 0.008650
77580 0.003530
77590 0.002490
77600 0.005062
77610 0.001355
77620 0.003217
77630 0.003174
77640 0.005480
77650 0.005385
77660 0.001354
77670 0.021562
77680 0.041885
77690 0.024546
77700 0.045079
77710 0.023972
77720 0.027159
77730 0.007479
77740 0.055349
77750 0.029016
77760 0.021966
77770 0.032156
77780 0.005613
77790 0.019076
77800 0.007288
77810 0.008421
77820 0.015798
77830 0.016967
77840 0.009713
77850 0.026896
77860 0.039378
77870 0.015145
77880 0.026851
77890 0.028341
77900 0.010714
77910 0.102866
77920 0.017748
77930 0.037142
77940 0.034408
77950 0.013147
77960 0.026692
77970 0.004568
77980 0.014479
77990 0.028174
78000 0.036737
78010 0.063307
78020 0.055385
78030 0.038842
78040 0.040801
78050 0.016081
78060 0.018308
78070 0.041962
78080 0.020076
78090 0.016182
78100 0.015494
78110 0.021663
78120 0.011843
78130 0.006488
78140 0.017023
78150 0.003316
78160 0.009043
78170 0.025782
78180 0.035395
78190 0.022814
78200 0.018228
78210 0.006389
78220 0.015026
78230 0.024209
78240 0.014334
78250 0.024408
78260 0.005027
78270 0.013211
78280 0.010965
78290 0.015324
78300 0.010670
78310 0.022910
78320 0.014548
78330 0.023082
78340 0.029334
78350 0.025223
78360 0.009375
78370 0.008457
78380 0.036923
78390 0.015701
78400 0.010550
78410 0.010251
78420 0.026069
78430 0.008172
78440 0.005941
78450 0.009712
78460 0.015257
78470 0.023583
78480 0.024423
78490 0.028894
78500 0.011523
78510 0.020041
78520 0.013472
78530 0.008298
78540 0.009544
78550 0.006120
78560 0.010140
78570 0.009460
78580 0.015774
78590 0.006977
78600 0.032940
78610 0.008896
78620 0.007540
78630 0.009347
78640 0.007526
78650 0.013694
78660 0.014810
78670 0.005601
78680 -0.000715
78690 0.007269
78700 0.003779
78710 0.052577
78720 0.005272
78730 0.016275
78740 0.016966
78750 0.016802
78760 0.003570
78770 0.010884
78780 0.013876
78790 0.012225
78800 0.005024
78810 0.005405
78820 0.002910
78830 0.010477
78840 0.006019
78850 0.003884
78860 0.004609
78870 0.005695
78880 0.002725
78890 0.012908
78900 0.005006
78910 0.003558
78920 0.010250
78930 0.002738
78940 0.006766
78950 0.010935
78960 0.006914
78970 0.012051
78980 0.000958
78990 0.002534
79000 0.007261
79010 0.002729
79020 0.002567
79030 0.004825
79040 0.005744
79050 0.003770
79060 0.003363
79070 0.028956
79080 0.019784
79090 0.038941
79100 0.010092
79110 0.023889
79120 0.008439
79130 0.010431
79140 0.012544
79150 0.005636
79160 0.003797
79170 0.005736
79180 0.004370
79190 0.004533
79200 0.013274
79210 0.006193
79220 0.005487
79230 0.013179
79240 0.012193
79250 0.002887
79260 0.016651
79270 0.008699
79280 0.017234
79290 0.010282
79300 0.008726
79310 0.015747
79320 0.002221
79330 0.008528
79340 0.009155
79350 0.009869
79360 0.014065
79370 0.009268
79380 0.017937
79390 0.019344
79400 0.009514
79410 0.007939
79420 0.001109
79430 0.014107
79440 0.012530
79450 0.007808
79460 0.008854
79470 0.006770
79480 0.000181
79490 0.034175
79500 0.012843
79510 0.012240
79520 0.006922
79530 0.007118
79540 0.002145
79550 0.007967
79560 0.011457
79570 0.014566
79580 0.008929
79590 0.030464
79600 0.017201
79610 0.048704
79620 0.035162
79630 0.007897
79640 0.008098
79650 0.011179
79660 0.008407
79670 0.011637
79680 0.006193
79690 0.012613
79700 0.008035
79710 0.015282
79720 0.021638
79730 0.002786
79740 0.004028
79750 0.008572
79760 0.007121
79770 0.010933
79780 0.013117
79790 0.011899
79800 0.015459
79810 0.022840
79820 0.005107
79830 0.007418
79840 0.010375
79850 0.002120
79860 0.001339
79870 0.009342
79880 -0.001333
79890 0.008446
79900 0.007346
79910 0.009850
79920 0.010228
79930 0.011355
79940 0.008336
79950 0.020692
79960 -0.002408
79970 0.015512
79980 0.006632
79990 0.004783
80000 0.010053
80010 0.006232
80020 0.007258
80030 0.006407
80040 0.015997
80050 0.009041
80060 0.004561
80070 0.008693
80080 0.008947
80090 0.010981
80100 0.007256
80110 0.003045
80120 -0.000232
80130 0.007893
80140 0.007994
80150 0.014092
80160 0.006328
80170 0.005047
80180 0.008963
80190 0.003142
80200 0.002136
80210 0.025018
80220 0.023991
80230 0.035084
80240 0.030050
80250 0.072544
80260 0.009743
80270 0.064808
80280 0.018428
80290 0.024177
80300 0.026375
80310 0.011010
80320 0.021773
80330 0.004362
80340 0.048674
80350 0.026352
80360 0.015850
80370 0.013049
80380 0.044657
80390 0.060087
80400 0.025779
80410 0.007674
80420 0.007163
80430 0.023103
80440 0.030160
80450 0.003877
80460 0.022157
80470 0.031815
80480 0.037879
80490 0.043050
80500 0.014072
80510 0.026639
80520 0.020628
80530 0.032178
80540 0.013465
80550 0.043665
80560 0.019322
80570 0.017442
80580 0.019731
80590 0.018569
80600 0.022942
80610 0.008104
80620 0.020631
80630 0.015600
80640 0.035941
80650 0.012738
80660 0.007664
80670 0.021670
80680 0.013806
80690 0.014983
80700 0.036660
80710 0.027636
80720 0.029023
80730 0.055797
80740 0.012417
80750 0.020754
80760 0.030407
80770 0.009443
80780 0.011720
80790 0.024740
80800 0.014334
80810 0.021795
80820 0.004752
80830 0.016136
80840 0.025957
80850 0.021994
80860 0.006880
80870 0.012518
80880 0.006406
80890 0.012396
80900 0.013676
80910 0.022573
80920 0.012485
80930 0.018687
80940 0.011983
80950 0.036075
80960 0.018882
80970 0.014921
80980 0.025911
80990 0.006825
81000 0.025670
81010 0.002636
81020 0.009702
81030 0.009542
81040 0.009504
81050 -0.002360
81060 0.012622
81070 0.015781
81080 0.012019
81090 0.009603
81100 0.008354
81110 0.018105
81120 0.014206
81130 0.012493
81140 13.960105
81150 0.024537
81160 0.022756
81170 0.013630
81180 0.014412
81190 0.016040
81200 0.016531
81210 0.001408
81220 0.030299
81230 0.063724
81240 0.009901
81250 0.025938
81260 0.021501
81270 0.016612
81280 0.010621
81290 0.002297
81300 0.019033
81310 0.025100
81320 0.014841
81330 0.009746
81340 0.009992
81350 0.003353
81360 0.006443
81370 0.016852
81380 0.009534
81390 0.012305
81400 0.011813
81410 0.010544
81420 0.015369
81430 0.013036
81440 0.013533
81450 0.022239
81460 0.005366
81470 0.005687
81480 0.009604
81490 0.019901
81500 0.034577
81510 0.011946
81520 0.004915
81530 0.028537
81540 0.016550
81550 0.009107
81560 0.010526
81570 0.007419
81580 0.000800
81590 0.004966
81600 0.008167
81610 0.005971
81620 0.009432
81630 0.007177
81640 0.006697
81650 0.030569
81660 0.016141
81670 0.000285
81680 0.012665
81690 0.044072
81700 0.001774
81710 0.020306
81720 0.009949
81730 0.006142
81740 0.014833
81750 0.006619
81760 0.009001
81770 0.014742
81780 0.016027
81790 0.012451
81800 0.007254
81810 0.022410
81820 0.014433
81830 0.019485
81840 0.050608
81850 0.012786
81860 0.000018
81870 0.008811
81880 0.020228
81890 0.003611
81900 0.020396
81910 0.006809
81920 0.011965
81930 0.007742
81940 0.012540
81950 0.012161
81960 0.005054
81970 0.014192
81980 0.012126
81990 0.008855
82000 0.013158
82010 0.005259
82020 0.006352
82030 0.009433
82040 0.003551
82050 0.003841
82060 0.029983
82070 0.006474
82080 0.006163
82090 0.000796
82100 0.015242
82110 0.017078
82120 0.010397
82130 0.005776
82140 0.016961
82150 0.016534
82160 0.005389
82170 0.004566
82180 0.007998
82190 0.008500
82200 0.008182
82210 0.003610
82220 0.002041
82230 0.006805
82240 0.004976
82250 0.003071
82260 0.000543
82270 0.002097
82280 0.006726
82290 0.008172
82300 -0.000210
82310 0.011709
82320 0.006226
82330 0.013709
82340 0.004743
82350 0.014781
82360 0.007602
82370 0.007105
82380 0.009491
82390 0.011029
82400 0.010733
82410 0.032729
82420 0.021603
82430 0.022005
82440 0.017981
82450 0.029066
82460 0.018441
82470 0.020494
82480 0.016321
82490 0.003549
82500 0.012638
82510 0.005684
82520 0.034890
82530 0.027798
82540 0.024884
82550 0.020772
82560 0.028794
82570 0.016189
82580 0.018038
82590 0.020787
82600 0.011367
82610 0.012310
82620 0.021428
82630 0.015836
82640 0.004466
82650 0.019036
82660 0.016907
82670 0.011827
82680 0.030254
82690 0.001750
82700 0.005282
82710 0.009980
82720 0.013990
82730 0.003712
82740 0.010463
82750 0.015027
82760 0.010963
82770 0.013981
82780 0.005686
82790 0.002423
82800 0.005445
82810 0.019967
82820 0.024165
82830 0.015740
82840 0.019425
82850 0.020313
82860 0.093919
82870 0.055857
82880 0.005872
82890 0.005331
82900 0.046264
82910 0.044153
82920 0.011164
82930 0.012610
82940 0.017202
82950 0.015886
82960 0.005338
82970 0.015984
82980 0.004414
82990 0.014417
83000 0.019751
83010 0.024576
83020 0.013026
83030 0.008796
83040 0.010559
83050 0.017706
83060 0.003556
83070 0.016299
83080 0.025077
83090 0.007006
83100 0.009648
83110 0.018682
83120 0.021508
83130 0.015035
83140 0.011063
83150 0.027858
83160 0.027483
83170 0.009755
83180 0.022358
83190 0.010023
83200 0.011330
83210 0.007593
83220 0.026487
83230 0.021232
83240 0.005936
83250 0.024084
83260 0.007494
83270 0.021476
83280 0.009488
83290 0.006077
83300 0.019648
83310 0.034497
83320 0.007543
83330 0.037866
83340 0.065575
83350 0.034020
83360 0.046011
83370 0.028154
83380 0.007878
83390 0.031971
83400 0.005634
83410 0.013223
83420 0.007956
83430 0.029635
83440 0.056821
83450 0.015840
83460 0.010693
83470 0.025490
83480 0.018938
83490 0.032225
83500 0.044933
83510 0.008815
83520 0.002294
83530 0.013492
83540 0.006260
83550 0.034034
83560 0.012427
83570 0.015517
83580 0.014281
83590 0.006749
83600 0.011802
83610 0.006978
83620 0.019157
83630 0.031453
83640 0.006154
83650 0.010354
83660 0.006984
83670 0.016966
83680 0.017183
83690 0.009494
83700 0.006391
83710 0.013447
83720 0.012268
83730 0.011933
83740 0.010922
83750 0.013245
83760 0.003236
83770 0.017715
83780 0.011078
83790 0.005561
83800 0.006195
83810 0.011513
83820 0.049993
83830 0.033376
83840 0.005208
83850 0.014167
83860 0.008105
83870 0.008813
83880 0.012331
83890 0.011080
83900 0.017821
83910 0.022314
83920 0.013313
83930 0.014924
83940 0.018298
83950 0.008109
83960 0.012126
83970 0.013606
83980 0.004772
83990 0.002394
84000 0.001127
84010 0.006121
84020 0.007072
84030 0.006387
84040 0.006760
84050 0.008033
84060 0.000817
84070 0.005479
84080 -0.001334
84090 0.004179
84100 -0.004872
84110 0.006571
84120 0.004776
84130 0.010040
84140 0.003012
84150 0.012782
84160 0.002476
84170 0.010554
84180 0.006119
84190 0.012639
84200 0.007054
84210 0.010430
84220 0.012475
84230 0.006147
84240 0.013476
84250 -0.002075
84260 0.010244
84270 0.006181
84280 0.005062
84290 0.010674
84300 0.003693
84310 0.005681
84320 0.012091
84330 0.004840
84340 0.016750
84350 0.008791
84360 0.002505
84370 0.001697
84380 0.017784
84390 0.019002
84400 0.005024
84410 0.002493
84420 0.009545
84430 0.006010
84440 0.004200
84450 0.004317
84460 0.002142
84470 0.007976
84480 0.006418
84490 0.007928
84500 0.002305
84510 0.016275
84520 0.010613
84530 0.002925
84540 13.945793
84550 0.009886
84560 0.010734
84570 0.011189
84580 -0.000041
84590 0.004622
84600 0.020116
84610 0.009657
84620 0.002946
84630 0.004455
84640 0.009636
84650 0.005012
84660 0.007505
84670 0.011313
84680 0.011303
84690 0.005325
84700 0.008124
84710 0.006770
84720 0.004895
84730 0.003447
84740 0.009226
84750 0.003880
84760 0.003832
84770 0.007062
84780 0.005930
84790 0.008145
84800 0.003517
84810 0.005090
84820 0.008772
84830 0.003098
84840 0.005793
84850 0.006691
84860 0.012003
84870 0.010972
84880 0.012508
84890 -0.002711
84900 0.007491
84910 0.011376
84920 0.013213
84930 0.020707
84940 -0.000509
84950 0.009247
84960 0.015099
84970 0.013662
84980 0.007057
84990 0.002779
85000 0.006915
85010 0.015207
85020 0.010241
85030 0.004499
85040 0.004498
85050 0.002202
85060 0.002043
85070 0.006685
85080 -0.002900
85090 0.013633
85100 0.016096
85110 0.017296
85120 0.004883
85130 0.007241
85140 0.014484
85150 0.007230
85160 0.006317
85170 0.010236
85180 0.004100
85190 0.000857
85200 0.005813
85210 0.006943
85220 0.011760
85230 0.017490
85240 0.001747
85250 0.010814
85260 0.002959
85270 0.002052
85280 0.004941
85290 0.004532
85300 0.011718
85310 0.006480
85320 -0.003384
85330 -0.002717
85340 0.011337
85350 0.007779
85360 0.012887
85370 0.001270
85380 0.009663
85390 0.013011
85400 0.007308
85410 0.004606
85420 0.014573
85430 0.007436
85440 0.013218
85450 0.009037
85460 0.014119
85470 0.010881
85480 0.006978
85490 0.020067
85500 0.003979
85510 0.004089
85520 0.010167
85530 0.010599
85540 0.011231
85550 0.001690
85560 0.007583
85570 0.006868
85580 0.000316
85590 0.011241
85600 0.002609
85610 0.006385
85620 0.008183
85630 0.018687
85640 0.017552
85650 0.003918
85660 0.005053
85670 0.010930
85680 0.006935
85690 0.005227
85700 0.008545
85710 0.010020
85720 0.012135
85730 0.006105
85740 0.005140
85750 0.005603
85760 0.005583
85770 0.005920
85780 0.003111
85790 0.009782
85800 0.000069
85810 0.007117
85820 0.003323
85830 0.004526
85840 -0.002391
85850 0.007307
85860 0.003978
85870 0.027474
85880 0.005306
85890 0.003780
85900 0.003959
85910 0.004955
85920 0.008969
85930 0.014384
85940 13.924416
85950 0.017051
85960 0.004799
85970 -0.001362
85980 0.008029
85990 0.008081
86000 0.012841
86010 0.009843
86020 0.003090
86030 0.006914
86040 0.007634
86050 0.018191
86060 0.012069
86070 0.000681
86080 0.029954
86090 0.011735
86100 0.005408
86110 0.014699
86120 0.006596
86130 0.005186
86140 0.000907
86150 0.004268
86160 0.007945
86170 0.000040
86180 0.001883
86190 0.000486
86200 0.002867
86210 0.000282
86220 -0.001053
86230 0.001550
86240 0.006112
86250 0.000475
86260 0.002449
86270 0.001042
86280 0.003221
86290 0.003257
86300 0.000703
86310 0.003485
86320 0.001791
86330 0.003544
86340 -0.000576
86350 0.005149
86360 0.013991
86370 0.012173
86380 0.007085
86390 0.006890
86400 0.004230
86410 0.000773
86420 0.005700
86430 0.003348
86440 0.003823
86450 0.001558
86460 0.003456
86470 0.009338
86480 0.004691
86490 0.019464
86500 0.009841
86510 0.017835
86520 0.010168
86530 0.006751
86540 0.037247
86550 -0.000519
86560 0.001470
86570 0.009031
86580 0.008371
86590 0.016142
86600 0.025406
86610 0.009574
86620 0.003325
86630 0.019326
86640 0.004772
86650 0.010473
86660 0.007140
86670 0.008461
86680 0.014318
86690 0.008110
86700 0.028185
86710 0.020232
86720 0.023296
86730 0.036292
86740 0.009399
86750 0.023278
86760 0.009290
86770 0.017305
86780 0.012090
86790 0.016592
86800 0.007774
86810 0.001380
86820 0.008973
86830 0.006460
86840 0.009043
86850 0.008846
86860 0.008660
86870 0.012849
86880 0.007375
86890 0.004317
86900 0.007296
86910 0.016072
86920 0.013011
86930 0.009369
86940 0.005341
86950 0.011753
86960 0.009267
86970 0.018369
86980 -0.001387
86990 0.001451
87000 -0.003590
87010 0.005613
87020 0.002113
87030 -0.003313
87040 0.011188
87050 0.009125
87060 0.017854
87070 0.013832
87080 0.000724
87090 0.016397
87100 0.016764
87110 0.008678
87120 0.019920
87130 0.012950
87140 0.012848
87150 0.008776
87160 0.009053
87170 0.010571
87180 0.005382
87190 0.003471
87200 0.007222
87210 0.020431
87220 0.005139
87230 0.004005
87240 0.012034
87250 0.025275
87260 0.005269
87270 0.027582
87280 0.014646
87290 0.014219
87300 0.007049
87310 0.012251
87320 0.022971
87330 0.009283
87340 0.002089
87350 0.012499
87360 0.004911
87370 0.010322
87380 0.011166
87390 0.002602
87400 0.023327
87410 0.028672
87420 0.016177
87430 0.006846
87440 0.016466
87450 0.006985
87460 0.022197
87470 0.024250
87480 0.014552
87490 0.028721
87500 0.004972
87510 0.007792
87520 0.004658
87530 0.023825
87540 0.016910
87550 0.016148
87560 0.008037
87570 0.028952
87580 0.023064
87590 0.009671
87600 0.007974
87610 0.010112
87620 0.023553
87630 0.023054
87640 0.015279
87650 0.012437
87660 0.014465
87670 0.031271
87680 13.940280
87690 0.054441
87700 0.012221
87710 0.024798
87720 0.036788
87730 0.010776
87740 0.020289
87750 0.027384
87760 0.006872
87770 0.010636
87780 0.029308
87790 0.012331
87800 0.018162
87810 0.014627
87820 0.024589
87830 0.014027
87840 0.014549
87850 0.005594
87860 0.007731
87870 0.013190
87880 0.026010
87890 0.008030
87900 0.012770
87910 0.006329
87920 0.009451
87930 0.012851
87940 0.012936
87950 0.005728
87960 0.005583
87970 0.010190
87980 0.012050
87990 0.006206
88000 0.005706
88010 13.932193
88020 0.002314
88030 0.037576
88040 0.012061
88050 0.005052
88060 0.003468
88070 0.004437
88080 0.002437
88090 0.000505
88100 0.003483
88110 0.009778
88120 0.011734
88130 0.004696
88140 0.008946
88150 0.005648
88160 0.018113
88170 0.007390
88180 0.002856
88190 0.001709
88200 0.007511
88210 0.002151
88220 0.007165
88230 0.006083
88240 0.019232
88250 0.009461
88260 0.007791
88270 0.001049
88280 0.010568
88290 0.006315
88300 0.002938
88310 0.004878
88320 0.018530
88330 0.016224
88340 0.007627
88350 0.009984
88360 -0.000843
88370 0.004899
88380 0.012922
88390 -0.000279
88400 0.010063
88410 0.003537
88420 0.021299
88430 0.006236
88440 0.020782
88450 0.047403
88460 0.048896
88470 0.023802
88480 0.024826
88490 0.004387
88500 0.026247
88510 0.023695
88520 0.021241
88530 0.026782
88540 0.029098
88550 0.041378
88560 0.004618
88570 0.015149
88580 0.005765
88590 0.015852
88600 0.016148
88610 0.012778
88620 0.015130
88630 0.016533
88640 0.019527
88650 0.013843
88660 0.006781
88670 0.004527
88680 0.009515
88690 0.002274
88700 0.013723
88710 0.023098
88720 0.012203
88730 0.019459
88740 0.017411
88750 0.026895
88760 0.009779
88770 0.002931
88780 0.010351
88790 0.008337
88800 0.010833
88810 0.002911
88820 0.016914
88830 0.004334
88840 0.011012
88850 0.005996
88860 0.013465
88870 0.008383
88880 0.010786
88890 0.010398
88900 0.003242
88910 0.002372
88920 -0.000361
88930 0.007042
88940 0.007646
88950 0.002687
88960 0.008018
88970 0.008412
88980 0.008442
88990 0.006125
89000 0.002799
89010 0.007096
89020 -0.005145
89030 -0.002962
89040 0.006539
89050 0.003273
89060 0.003135
89070 0.002030
89080 0.006127
89090 0.017968
89100 0.000597
89110 0.004563
89120 0.009025
89130 0.007877
89140 0.010286
89150 0.007073
89160 0.006765
89170 0.009839
89180 0.007411
89190 0.009380
89200 0.005574
89210 0.004869
89220 0.009068
89230 0.001866
89240 0.017966
89250 -0.002839
89260 0.010164
89270 0.019905
89280 0.020722
89290 0.002469
89300 0.005554
89310 -0.001791
89320 0.003737
89330 0.009066
89340 0.007762
89350 0.010044
89360 0.006969
89370 0.006642
89380 0.012266
89390 0.003129
89400 0.005106
89410 0.006341
89420 0.004281
89430 0.009373
89440 0.025768
89450 0.006148
89460 0.010133
89470 0.004836
89480 0.005288
89490 0.025884
89500 0.000639
89510 0.011555
89520 0.005441
89530 0.027628
89540 0.001605
89550 0.001584
89560 0.011029
89570 0.009341
89580 0.008085
89590 0.008786
89600 0.000839
89610 0.007926
89620 0.010686
89630 0.005298
89640 0.000846
89650 0.005372
89660 -0.000895
89670 -0.000459
89680 -0.002513
89690 0.004001
89700 0.004568
89710 0.004993
89720 0.012691
89730 0.006654
89740 0.012387
89750 0.011617
89760 0.003459
89770 0.003444
89780 0.010432
89790 0.005904
89800 0.005985
89810 0.003667
89820 0.007588
89830 0.003119
89840 0.007528
89850 0.007168
89860 0.004836
89870 -0.000903
89880 0.003798
89890 0.002966
89900 0.005835
89910 0.005205
89920 0.007131
89930 0.011169
89940 0.018447
89950 0.021281
89960 0.009270
89970 -0.001556
89980 0.002690
89990 0.009364
90000 0.002827
90010 0.006040
90020 0.001792
90030 0.002280
90040 0.002089
90050 0.003374
90060 0.008404
90070 0.004265
90080 0.013720
90090 0.006941
90100 0.004381
90110 0.008538
90120 0.027066
90130 -0.000775
90140 0.018226
90150 0.012756
90160 0.025979
90170 0.002043
90180 0.004960
90190 0.002806
90200 0.012464
90210 0.004892
90220 0.009298
90230 0.005945
90240 0.009024
90250 0.001619
90260 0.012549
90270 0.004575
90280 0.032375
90290 0.011735
90300 0.011624
90310 0.004730
90320 0.013680
90330 0.008616
90340 0.020122
90350 0.010731
90360 0.001600
90370 0.013513
90380 0.001062
90390 0.010101
90400 0.007655
90410 0.007414
90420 0.009925
90430 0.010989
90440 0.002708
90450 0.001058
90460 0.007079
90470 0.007157
90480 0.002336
90490 0.002997
90500 0.003012
90510 0.006666
90520 0.008951
90530 0.007451
90540 0.007223
90550 0.029254
90560 0.032841
90570 0.021875
90580 0.031282
90590 0.018643
90600 0.009887
90610 0.007637
90620 0.017274
90630 0.014876
90640 0.008055
90650 0.011888
90660 0.023658
90670 0.001632
90680 0.004178
90690 0.016127
90700 0.009959
90710 0.008729
90720 0.006371
90730 0.004964
90740 0.012283
90750 0.004811
90760 0.001532
90770 -0.000825
90780 0.009713
90790 0.006989
90800 0.008269
90810 0.009502
90820 0.010460
90830 0.014387
90840 0.001191
90850 13.922608
90860 0.007962
90870 0.012521
90880 0.013257
90890 0.029124
90900 13.959033
90910 0.013907
90920 0.004341
90930 0.013607
90940 0.015686
90950 0.005440
90960 0.002838
90970 0.012741
90980 0.003750
90990 0.000631
91000 0.008606
91010 0.011926
91020 0.011628
91030 0.003399
91040 0.011748
91050 0.010923
91060 0.015861
91070 0.000137
91080 0.004698
91090 0.002909
91100 0.019331
91110 0.017738
91120 0.025587
91130 0.007737
91140 0.008026
91150 0.002236
91160 0.013561
91170 0.016809
91180 0.032471
91190 0.063451
91200 0.007050
91210 0.024148
91220 0.043594
91230 0.012267
91240 0.011124
91250 0.030055
91260 0.007565
91270 0.028943
91280 0.012096
91290 0.007608
91300 0.010064
91310 0.015802
91320 0.008747
91330 0.008164
91340 0.012682
91350 0.011979
91360 0.012817
91370 0.006488
91380 0.008428
91390 0.006468
91400 0.002813
91410 0.001728
91420 0.009070
91430 0.008423
91440 0.005169
91450 0.004797
91460 0.003690
91470 0.006479
91480 0.005731
91490 0.000181
91500 0.008182
91510 0.003505
91520 -0.001102
91530 0.002934
91540 0.006266
91550 0.002559
91560 0.002801
91570 0.004433
91580 0.005214
91590 0.004928
91600 0.003078
91610 0.004293
91620 0.003356
91630 0.008547
91640 0.009052
91650 0.003040
91660 0.001926
91670 0.003821
91680 0.005940
91690 -0.000805
91700 0.001202
91710 0.001872
91720 0.004734
91730 0.013626
91740 0.039017
91750 0.006957
91760 0.008389
91770 0.000391
91780 0.007524
91790 0.002749
91800 0.016204
91810 0.008825
91820 0.005702
91830 0.000733
91840 0.011027
91850 0.012724
91860 0.010561
91870 0.008884
91880 0.009362
91890 0.019290
91900 0.018066
91910 0.013404
91920 0.012598
91930 0.002951
91940 0.010586
91950 0.005837
91960 0.006517
91970 0.009426
91980 0.013763
91990 0.004671
92000 0.005287
92010 0.002378
92020 0.004112
92030 0.006010
92040 13.944859
92050 0.005765
92060 0.011570
92070 0.008531
92080 0.008353
92090 0.018524
92100 0.031417
92110 0.045622
92120 0.036509
92130 0.014854
92140 0.011437
92150 0.011378
92160 0.017394
92170 0.015724
92180 0.004607
92190 0.006770
92200 0.016911
92210 0.006748
92220 0.007579
92230 0.007256
92240 0.004894
92250 0.007920
92260 0.007459
92270 0.005750
92280 0.010059
92290 0.009835
92300 0.008952
92310 0.011253
92320 0.005246
92330 0.009554
92340 0.011553
92350 0.005562
92360 0.004200
92370 0.008102
92380 0.017591
92390 0.011275
92400 0.007476
92410 0.005689
92420 0.008144
92430 -0.000895
92440 0.007818
92450 0.006901
92460 0.027002
92470 0.005319
92480 0.008258
92490 0.004570
92500 0.010027
92510 -0.000641
92520 0.007682
92530 0.018670
92540 0.013939
92550 0.004896
92560 0.008610
92570 0.009230
92580 0.003770
92590 0.010763
92600 -0.002454
92610 0.009484
92620 0.010065
92630 0.009280
92640 0.007964
92650 0.006999
92660 0.009677
92670 0.002450
92680 0.007308
92690 0.005573
92700 0.000512
92710 0.009195
92720 0.001896
92730 0.008099
92740 0.006913
92750 0.009052
92760 0.017942
92770 0.002851
92780 0.002328
92790 0.000884
92800 0.005724
92810 0.006441
92820 0.001158
92830 0.007687
92840 0.002694
92850 0.003023
92860 0.009302
92870 0.006068
92880 0.007680
92890 0.029009
92900 0.012328
92910 0.011728
92920 0.005244
92930 -0.000900
92940 0.007246
92950 0.005565
92960 0.006789
92970 -0.001301
92980 0.002216
92990 0.001671
93000 0.007048
93010 0.016152
93020 0.000503
93030 0.007973
93040 0.004874
93050 0.004370
93060 -0.003999
93070 -0.001092
93080 0.005628
93090 0.006394
93100 0.005198
93110 0.004672
93120 0.018283
93130 0.014958
93140 0.003990
93150 0.006632
93160 0.015712
93170 0.004061
93180 0.011329
93190 0.008328
93200 0.009525
93210 -0.000130
93220 0.021863
93230 0.018937
93240 0.005733
93250 0.017661
93260 0.002897
93270 0.008084
93280 0.018530
93290 0.009882
93300 0.002816
93310 0.008140
93320 0.003203
93330 0.009550
93340 0.004528
93350 0.000397
93360 0.012453
93370 0.009426
93380 0.007005
93390 0.006631
93400 0.009916
93410 0.002852
93420 0.003644
93430 0.006855
93440 0.006780
93450 0.006023
93460 0.003565
93470 0.003885
93480 0.001789
93490 0.007113
93500 0.008463
93510 0.002425
93520 0.005684
93530 0.008428
93540 0.005257
93550 0.004274
93560 0.003880
93570 -0.000563
93580 0.001452
93590 0.003412
93600 0.004298
93610 0.003897
93620 0.001865
93630 0.004206
93640 0.013338
93650 0.002455
93660 13.926669
93670 0.005500
93680 0.022183
93690 0.013115
93700 0.003416
93710 0.019652
93720 0.014373
93730 0.009852
93740 0.016851
93750 0.014101
93760 0.006633
93770 13.925889
93780 0.002799
93790 0.011081
93800 0.001015
93810 0.010266
93820 0.012342
93830 0.011109
93840 0.012123
93850 0.024617
93860 0.009738
93870 0.015958
93880 0.014230
93890 0.008569
93900 0.021548
93910 0.011755
93920 0.005913
93930 0.014512
93940 0.013968
93950 -0.001438
93960 0.007284
93970 0.008233
93980 0.004922
93990 0.007821
94000 0.001860
94010 0.012567
94020 0.021588
94030 0.009583
94040 0.025064
94050 0.001269
94060 0.010203
94070 0.009936
94080 0.016262
94090 0.011946
94100 0.012729
94110 0.015146
94120 0.011627
94130 -0.002432
94140 0.012565
94150 0.012094
94160 0.012064
94170 0.024165
94180 0.009726
94190 0.008697
94200 0.013202
94210 0.012203
94220 -0.002508
94230 0.007207
94240 0.002739
94250 0.017796
94260 0.009188
94270 0.006229
94280 0.001068
94290 0.003502
94300 0.008059
94310 0.031217
94320 0.012411
94330 0.003513
94340 0.008605
94350 0.021354
94360 0.012208
94370 0.012874
94380 0.009722
94390 0.006345
94400 0.001594
94410 0.001800
94420 0.004598
94430 0.000175
94440 0.004319
94450 0.015601
94460 0.014731
94470 0.021650
94480 0.008316
94490 0.003696
94500 0.005098
94510 0.009899
94520 0.021695
94530 0.001638
94540 0.038056
94550 0.005102
94560 -0.000168
94570 0.033392
94580 0.014048
94590 0.020488
94600 0.007824
94610 0.009265
94620 0.006661
94630 0.019233
94640 0.006611
94650 0.010276
94660 0.001867
94670 0.005125
94680 0.010004
94690 0.010548
94700 0.025843
94710 0.012656
94720 0.011094
94730 0.009703
94740 0.011441
94750 0.010924
94760 0.003290
94770 0.007522
94780 -0.001616
94790 0.022008
94800 0.012728
94810 -0.000199
94820 0.023765
94830 -0.000157
94840 0.004101
94850 0.005529
94860 -0.000818
94870 0.010246
94880 0.009821
94890 0.010802
94900 0.009491
94910 0.014414
94920 0.003745
94930 0.011963
94940 -0.000314
94950 0.014311
94960 0.015137
94970 0.018456
94980 0.012686
94990 0.008782
95000 0.008069
95010 0.008879
95020 0.002468
95030 0.019630
95040 0.010579
95050 0.006560
95060 0.017806
95070 0.011567
95080 0.006861
95090 0.008512
95100 0.008111
95110 0.008741
95120 0.014722
95130 0.009221
95140 0.016363
95150 0.000869
95160 0.016470
95170 0.001590
95180 0.013482
95190 0.000216
95200 0.009427
95210 0.009264
95220 0.007087
95230 0.007937
95240 0.007479
95250 0.004038
95260 -0.000557
95270 0.005055
95280 0.009769
95290 0.008843
95300 0.003094
95310 0.007547
95320 0.006445
95330 0.007407
95340 0.006514
95350 0.007971
95360 0.002367
95370 0.005233
95380 0.001679
95390 0.006163
95400 0.009168
95410 -0.000027
95420 0.009974
95430 0.009107
95440 0.010572
95450 0.001693
95460 0.017998
95470 0.012680
95480 0.019947
95490 0.013504
95500 0.002357
95510 0.016890
95520 0.024726
95530 0.020138
95540 0.007144
95550 0.005252
95560 0.017680
95570 -0.000375
95580 0.025728
95590 0.006039
95600 0.006936
95610 0.000959
95620 0.008349
95630 0.008233
95640 0.005614
95650 0.008120
95660 -0.000409
95670 0.001648
95680 0.003428
95690 0.009548
95700 0.005138
95710 0.002064
95720 0.003607
95730 0.007460
95740 0.009909
95750 0.001547
95760 0.004130
95770 0.014940
95780 0.002814
95790 0.006595
95800 0.003924
95810 0.004307
95820 0.017859
95830 0.002098
95840 0.000878
95850 0.001100
95860 0.004401
95870 0.011583
95880 0.012867
95890 0.015396
95900 0.019902
95910 0.010947
95920 0.009015
95930 0.005206
95940 0.017207
95950 0.010561
95960 -0.000858
95970 0.008626
95980 0.008364
95990 0.008465
96000 0.016556
96010 0.013986
96020 0.002587
96030 0.008982
96040 0.005042
96050 0.001810
96060 0.001327
96070 -0.001450
96080 0.007080
96090 -0.002083
96100 0.003635
96110 0.005045
96120 0.006747
96130 0.024180
96140 0.019989
96150 0.006815
96160 0.018081
96170 0.005403
96180 0.029951
96190 0.029102
96200 0.006237
96210 0.011526
96220 0.009407
96230 0.024803
96240 0.004798
96250 0.004430
96260 0.016693
96270 0.031204
96280 0.031220
96290 0.016656
96300 0.024170
96310 0.019178
96320 0.024887
96330 0.008229
96340 0.030493
96350 0.006966
96360 0.008858
96370 0.008567
96380 0.010749
96390 0.014171
96400 0.012387
96410 0.015969
96420 0.012173
96430 0.015267
96440 0.010465
96450 0.013895
96460 0.013108
96470 0.004530
96480 0.004581
96490 0.018896
96500 0.014371
96510 0.009333
96520 0.007590
96530 0.003814
96540 0.006232
96550 0.008074
96560 0.007383
96570 -0.002901
96580 0.010128
96590 0.010230
96600 0.002987
96610 0.013321
96620 0.014910
96630 0.015218
96640 0.011567
96650 0.005001
96660 0.007732
96670 0.017338
96680 0.007267
96690 0.008158
96700 0.003395
96710 0.011859
96720 0.011082
96730 0.007728
96740 0.021037
96750 0.012280
96760 0.006558
96770 0.004339
96780 0.003667
96790 0.014926
96800 0.008400
96810 0.002278
96820 0.004997
96830 0.016417
96840 0.004521
96850 0.022548
96860 0.005672
96870 0.028506
96880 0.019343
96890 0.024841
96900 0.011108
96910 0.017926
96920 0.003594
96930 0.008347
96940 0.019080
96950 0.005791
96960 0.002029
96970 0.024604
96980 0.004339
96990 0.010776
97000 0.017530
97010 0.008181
97020 0.011051
97030 0.005479
97040 0.009629
97050 0.005760
97060 0.010623
97070 0.005569
97080 0.005880
97090 0.007330
97100 -0.000292
97110 0.008169
97120 0.008294
97130 0.006526
97140 0.020087
97150 0.004137
97160 0.006233
97170 0.010298
97180 0.005934
97190 0.008834
97200 0.004672
97210 0.019856
97220 0.014949
97230 0.003096
97240 0.015092
97250 0.010912
97260 0.004773
97270 0.039404
97280 0.001197
97290 0.013866
97300 0.007523
97310 0.010914
97320 0.008122
97330 0.003704
97340 0.009369
97350 0.001288
97360 0.005994
97370 0.009925
97380 0.005105
97390 0.004670
97400 0.007344
97410 0.031285
97420 0.006212
97430 0.007483
97440 0.005600
97450 0.015951
97460 0.014186
97470 0.006536
97480 0.004653
97490 0.026405
97500 0.005785
97510 0.015098
97520 0.011942
97530 0.018749
97540 0.006527
97550 0.007110
97560 0.008081
97570 0.016286
97580 13.948409
97590 0.031295
97600 0.047304
97610 0.018350
97620 0.011824
97630 0.011263
97640 0.000716
97650 0.008304
97660 0.025058
97670 -0.004906
97680 0.022859
97690 0.007670
97700 0.011057
97710 0.009574
97720 0.008702
97730 0.025795
97740 0.006123
97750 0.021228
97760 0.003638
97770 0.007767
97780 0.024620
97790 -0.006502
97800 0.002589
97810 0.008146
97820 0.011165
97830 0.005856
97840 0.013794
97850 0.006616
97860 0.018132
97870 0.008617
97880 0.010179
97890 0.012752
97900 0.013467
97910 0.005552
97920 0.008032
97930 0.004665
97940 0.019761
97950 0.002963
97960 -0.002205
97970 -0.000149
97980 0.008433
97990 0.004325
98000 0.014824
98010 0.021438
98020 0.006645
98030 0.010686
98040 0.002996
98050 0.014528
98060 0.001894
98070 0.014227
98080 0.001873
98090 0.010815
98100 0.014821
98110 0.022217
98120 0.017240
98130 0.037873
98140 0.025865
98150 0.016643
98160 0.028477
98170 0.013873
98180 0.016745
98190 0.037102
98200 0.021588
98210 0.027247
98220 0.007234
98230 0.007625
98240 0.015391
98250 0.030645
98260 0.024367
98270 0.024923
98280 0.003244
98290 0.025194
98300 0.017918
98310 0.008841
98320 0.008307
98330 0.015218
98340 0.012025
98350 0.018359
98360 0.008123
98370 0.012833
98380 0.036442
98390 0.038062
98400 0.010808
98410 0.021528
98420 0.016032
98430 0.024393
98440 0.010885
98450 0.014928
98460 0.009192
98470 0.008059
98480 0.004469
98490 0.034774
98500 0.040141
98510 0.012871
98520 0.017663
98530 0.007815
98540 0.006169
98550 0.012596
98560 0.012596
98570 0.012623
98580 0.007021
98590 0.019921
98600 0.014431
98610 0.012367
98620 0.002972
98630 0.010260
98640 0.016115
98650 0.017201
98660 0.010313
98670 0.007553
98680 0.006885
98690 0.008596
98700 0.006084
98710 0.013934
98720 0.005267
98730 0.020051
98740 0.008340
98750 0.011749
98760 0.005703
98770 0.006790
98780 0.009162
98790 0.010159
98800 13.945978
98810 0.023078
98820 0.022288
98830 0.007210
98840 0.002482
98850 0.018729
98860 0.010543
98870 0.014101
98880 0.008280
98890 0.015685
98900 0.009356
98910 0.000830
98920 0.002585
98930 0.011373
98940 0.007433
98950 0.006924
98960 0.006677
98970 0.005754
98980 0.009821
98990 0.012498
99000 0.002744
99010 0.002864
99020 0.004311
99030 0.006333
99040 0.005171
99050 0.010776
99060 0.004068
99070 0.006513
99080 0.009683
99090 0.002661
99100 0.009005
99110 0.003265
99120 0.005954
99130 0.000595
99140 -0.000531
99150 0.001565
99160 0.007620
99170 0.001862
99180 0.004842
99190 0.010250
99200 0.006584
99210 0.004481
99220 -0.001625
99230 0.008367
99240 0.006247
99250 0.011349
99260 0.006669
99270 0.006874
99280 0.001829
99290 0.004424
99300 0.004191
99310 0.003176
99320 0.008535
99330 0.024570
99340 0.038018
99350 0.008679
99360 0.004820
99370 0.011634
99380 0.006852
99390 0.007521
99400 0.006015
99410 0.010386
99420 0.009798
99430 0.013212
99440 0.016942
99450 0.004289
99460 0.010638
99470 0.006974
99480 0.003369
99490 0.015342
99500 0.005026
99510 0.023770
99520 0.017361
99530 0.029532
99540 0.016236
99550 0.009476
99560 0.013309
99570 0.012072
99580 0.022226
99590 0.032217
99600 0.007305
99610 0.005417
99620 0.015490
99630 0.014675
99640 0.006691
99650 0.009343
99660 0.039881
99670 0.026681
99680 0.019529
99690 0.030265
99700 0.014008
99710 0.025750
99720 0.006394
99730 0.007129
99740 0.022433
99750 0.035304
99760 0.020932
99770 0.010669
99780 0.017987
99790 0.024680
99800 0.016759
99810 0.011114
99820 0.009028
99830 0.017647
99840 0.006806
99850 0.007547
99860 0.031924
99870 0.034931
99880 0.009002
99890 0.017256
99900 0.016341
99910 0.008553
99920 0.004772
99930 0.032547
99940 0.016280
99950 0.007161
99960 0.009518
99970 0.010412
99980 0.008980
99990 0.009919
100000 0.007323
100010 0.003383
100020 0.002477
100030 0.006927
100040 0.004176
100050 0.005360
100060 0.013256
100070 0.006320
100080 0.009404
100090 0.011210
100100 0.017799
100110 0.006201
100120 0.008205
100130 0.016974
100140 0.017742
100150 0.003814
100160 0.009448
100170 0.008832
100180 0.005240
100190 0.006870
100200 0.008180
100210 0.010431
100220 0.008863
100230 0.008287
100240 0.008609
100250 0.010828
100260 0.006719
100270 0.005162
100280 0.004421
100290 -0.001306
100300 0.009449
100310 0.005310
100320 0.014078
100330 0.021540
100340 0.005560
100350 0.020209
100360 0.009577
100370 0.013621
100380 0.003977
100390 0.007463
100400 0.023126
100410 0.015060
100420 0.011272
100430 0.004026
100440 0.004363
100450 0.004845
100460 0.010993
100470 0.003285
100480 0.004459
100490 0.005803
100500 0.008008
100510 0.014117
100520 0.008495
100530 0.007584
100540 0.004316
100550 0.007709
100560 0.011779
100570 0.010887
100580 -0.000989
100590 0.004026
100600 0.008008
100610 0.005823
100620 0.001465
100630 0.008947
100640 0.008187
100650 0.008756
100660 0.006499
100670 0.021698
100680 0.006558
100690 0.010306
100700 0.008106
100710 0.005282
100720 0.015142
100730 0.009365
100740 0.017467
100750 0.008672
100760 0.004930
100770 0.012054
100780 0.008139
100790 0.006161
100800 0.018661
100810 0.012270
100820 0.003830
100830 0.006080
100840 0.023250
100850 0.005084
100860 -0.001509
100870 0.007378
100880 0.001928
100890 0.002991
100900 0.004991
100910 0.001267
100920 0.004514
100930 0.006658
100940 0.007712
100950 0.006557
100960 0.004525
100970 0.004502
100980 0.001202
100990 0.006266
101000 0.004078
101010 0.009735
101020 0.012559
101030 0.020025
101040 0.003828
101050 0.005576
101060 0.015084
101070 0.006166
101080 0.003053
101090 0.008278
101100 0.004426
101110 0.006171
101120 0.003617
101130 0.007822
101140 0.009995
101150 0.005339
101160 0.005221
101170 0.010269
101180 0.001826
101190 0.004419
101200 0.005333
101210 13.970058
101220 0.018456
101230 0.005069
101240 0.003192
101250 0.006091
101260 0.006931
101270 0.001809
101280 -0.000872
101290 0.008205
101300 0.006408
101310 0.004699
101320 0.000074
101330 0.004815
101340 0.001605
101350 0.003035
101360 0.010758
101370 0.007680
101380 -0.001056
101390 0.009371
101400 0.006838
101410 0.006392
101420 0.011325
101430 -0.000461
101440 0.007711
101450 0.004999
101460 0.011039
101470 0.008191
101480 0.016572
101490 0.017693
101500 0.007341
101510 0.004886
101520 0.009612
101530 0.006500
101540 0.012813
101550 0.005940
101560 0.010897
101570 0.004028
101580 0.010881
101590 0.013109
101600 0.041476
101610 0.008462
101620 0.008615
101630 -0.003535
101640 0.007470
101650 0.019596
101660 0.003429
101670 0.006605
101680 0.006963
101690 0.006208
101700 -0.001163
101710 0.002077
101720 0.019400
101730 0.008451
101740 0.013641
101750 0.009351
101760 0.020771
101770 0.020242
101780 0.020839
101790 0.009763
101800 0.019067
101810 0.015129
101820 0.021277
101830 0.022671
101840 0.009612
101850 0.012168
101860 0.001368
101870 0.022076
101880 0.016309
101890 0.001764
101900 0.013907
101910 0.010249
101920 0.020273
101930 0.039855
101940 0.021527
101950 0.001038
101960 0.007838
101970 0.009878
101980 0.011688
101990 0.006613
102000 0.014882
102010 0.006770
102020 0.005360
102030 0.010243
102040 0.011060
102050 0.006280
102060 0.010118
102070 0.004087
102080 0.011018
102090 0.010705
102100 0.003864
102110 0.004174
102120 0.015701
102130 0.014166
102140 0.007894
102150 0.006422
102160 0.017013
102170 0.010561
102180 0.008565
102190 0.008329
102200 0.006110
102210 0.005981
102220 0.008517
102230 0.009181
102240 0.007303
102250 0.007932
102260 0.004377
102270 0.007418
102280 0.009330
102290 0.007851
102300 0.016041
102310 0.003309
102320 -0.002264
102330 0.001192
102340 0.003243
102350 0.003648
102360 0.010382
102370 0.006271
102380 0.005236
102390 0.002182
102400 0.003641
102410 0.008933
102420 0.005158
102430 0.002172
102440 0.004560
102450 0.008360
102460 0.004095
102470 0.000664
102480 0.000552
102490 0.005989
102500 0.004883
102510 0.006146
102520 0.006248
102530 0.003497
102540 0.007004
102550 0.001790
102560 0.006818
102570 0.016562
102580 0.006974
102590 0.003781
102600 0.006550
102610 0.002920
102620 0.006238
102630 0.008253
102640 0.001825
102650 0.010789
102660 0.005297
102670 -0.001409
102680 0.006919
102690 0.005828
102700 0.005991
102710 0.009471
102720 0.004498
102730 0.010130
102740 0.024957
102750 0.011854
102760 0.004846
102770 0.019148
102780 0.009701
102790 0.009412
102800 0.004761
102810 0.011797
102820 -0.001714
102830 0.006118
102840 0.007002
102850 0.005945
102860 0.003934
102870 0.002029
102880 0.004670
102890 0.008019
102900 0.006389
102910 0.000339
102920 0.007158
102930 0.003923
102940 0.003889
102950 0.002735
102960 0.010793
102970 0.004833
102980 0.005663
102990 0.008646
103000 0.000390
103010 0.004123
103020 0.004912
103030 0.004452
103040 0.004994
103050 0.000117
103060 0.025927
103070 0.006285
103080 0.013476
103090 0.005164
103100 0.000861
103110 0.005573
103120 0.001427
103130 0.008478
103140 0.007235
103150 0.009453
103160 0.005251
103170 0.007613
103180 0.003157
103190 0.006520
103200 0.020129
103210 0.007704
103220 0.012765
103230 0.005387
103240 0.012829
103250 0.004626
103260 0.006682
103270 0.004963
103280 0.006934
103290 0.004218
103300 0.001433
103310 0.001163
103320 0.000758
103330 13.945571
103340 0.018693
103350 0.004465
103360 0.007932
103370 0.001021
103380 0.002322
103390 0.005620
103400 0.004119
103410 0.015920
103420 0.015303
103430 0.005168
103440 0.001241
103450 0.002425
103460 0.003902
103470 0.008661
103480 0.026465
103490 0.001266
103500 0.004569
103510 0.008352
103520 13.927903
103530 0.007283
103540 0.014987
103550 0.004574
103560 0.003779
103570 0.004448
103580 0.007123
103590 -0.001830
103600 0.005328
103610 0.021411
103620 0.015303
103630 0.007763
103640 0.012914
103650 0.008003
103660 0.003813
103670 0.013662
103680 0.003614
103690 0.004205
103700 0.009336
103710 0.002750
103720 0.007050
103730 0.009889
103740 0.008412
103750 13.966667
103760 0.010621
103770 0.004133
103780 0.003611
103790 0.007726
103800 0.002266
103810 0.007565
103820 0.001792
103830 0.008860
103840 0.004247
103850 0.004361
103860 0.004332
103870 0.005645
103880 0.004509
103890 0.015795
103900 0.006612
103910 0.007631
103920 0.004904
103930 0.002994
103940 0.005647
103950 0.008418
103960 0.005955
103970 -0.000776
103980 0.010172
103990 -0.002087
104000 0.000484
104010 0.004422
104020 0.005450
104030 0.019899
104040 0.010344
104050 0.010085
104060 0.026966
104070 0.003590
104080 0.004912
104090 0.025734
104100 0.017904
104110 0.005308
104120 -0.001981
104130 -0.000337
104140 0.006754
104150 0.008344
104160 0.011934
104170 0.006237
104180 0.005474
104190 0.025166
104200 -0.000904
104210 0.006772
104220 0.023333
104230 0.006857
104240 0.004546
104250 0.017181
104260 0.012401
104270 0.012534
104280 0.004429
104290 0.008624
104300 0.010404
104310 0.012594
104320 0.007755
104330 0.013163
104340 0.012950
104350 0.017124
104360 0.016710
104370 0.025313
104380 0.021311
104390 0.010808
104400 0.014340
104410 0.006644
104420 0.018502
104430 0.009746
104440 0.020217
104450 0.006335
104460 0.014027
104470 0.012765
104480 0.009692
104490 0.012600
104500 0.005044
104510 0.021617
104520 0.020437
104530 0.010352
104540 0.003486
104550 0.013715
104560 0.005722
104570 0.013594
104580 0.013925
104590 0.015797
104600 0.020639
104610 0.014890
104620 0.016891
104630 0.024460
104640 0.006890
104650 0.003640
104660 0.012472
104670 0.004794
104680 0.000980
104690 0.006039
104700 0.009520
104710 0.009045
104720 0.006047
104730 0.013940
104740 0.008231
104750 0.012143
104760 0.009439
104770 0.020132
104780 0.026946
104790 0.011803
104800 0.016163
104810 0.007904
104820 0.011749
104830 0.007137
104840 0.005638
104850 0.003508
104860 0.008505
104870 0.002891
104880 0.009001
104890 0.019037
104900 0.016212
104910 0.013568
104920 0.012560
104930 0.005007
104940 0.026267
104950 0.011258
104960 13.920096
104970 0.004922
104980 0.008105
104990 0.005328
105000 0.009165
105010 0.004303
105020 0.015757
105030 0.012283
105040 0.016476
105050 0.011573
105060 0.000514
105070 0.003058
105080 0.001722
105090 0.021771
105100 0.001820
105110 0.017230
105120 0.021391
105130 0.021734
105140 0.005162
105150 0.012968
105160 0.013264
105170 0.014652
105180 0.015706
105190 0.010061
105200 0.002354
105210 0.013184
105220 0.007733
105230 0.012128
105240 0.017781
105250 0.009501
105260 0.008191
105270 0.012825
105280 0.008133
105290 0.007811
105300 0.004734
105310 0.001563
105320 0.008165
105330 0.011914
105340 0.007403
105350 0.014485
105360 0.007623
105370 0.005410
105380 0.011098
105390 -0.000585
105400 0.009848
105410 0.011762
105420 0.014293
105430 0.003293
105440 0.010143
105450 0.009500
105460 0.011011
105470 0.007710
105480 0.004950
105490 0.005629
105500 0.007108
105510 0.005292
105520 0.007872
105530 0.004799
105540 0.002788
105550 0.006165
105560 0.004545
105570 0.010816
105580 0.003053
105590 0.010229
105600 0.002188
105610 0.012997
105620 0.008248
105630 0.015030
105640 0.013897
105650 0.002416
105660 0.013039
105670 0.006351
105680 0.018091
105690 0.000213
105700 0.006947
105710 0.011731
105720 0.011234
105730 0.000909
105740 0.007523
105750 0.010682
105760 0.004301
105770 0.007279
105780 0.004286
105790 0.008657
105800 0.010344
105810 0.003641
105820 -0.001524
105830 0.000691
105840 0.006192
105850 0.002622
105860 0.012886
105870 0.004574
105880 0.008634
105890 0.012312
105900 0.007784
105910 0.007679
105920 0.007395
105930 0.013172
105940 0.003706
105950 0.006692
105960 0.006407
105970 0.005891
105980 -0.001165
105990 0.008931
106000 0.000343
106010 0.006711
106020 0.004418
106030 0.007790
106040 -0.002140
106050 0.007399
106060 0.008794
106070 0.015585
106080 0.018718
106090 0.004322
106100 0.007925
106110 0.004822
106120 0.000333
106130 0.007659
106140 0.007361
106150 0.005504
106160 0.006747
106170 0.007772
106180 0.005912
106190 0.001761
106200 0.005140
106210 0.006151
106220 0.002965
106230 0.003324
106240 0.003817
106250 0.002472
106260 0.010506
106270 0.011561
106280 0.006953
106290 0.007471
106300 0.002708
106310 0.002877
106320 0.002816
106330 0.007800
106340 0.003556
106350 0.006139
106360 0.001624
106370 0.004104
106380 0.004234
106390 0.007631
106400 0.007109
106410 0.001119
106420 0.008214
106430 0.006693
106440 0.006075
106450 0.011131
106460 0.006966
106470 0.003382
106480 0.005790
106490 0.001721
106500 0.004635
106510 0.013955
106520 13.932852
106530 0.006551
106540 0.016990
106550 0.010029
106560 0.008855
106570 0.008654
106580 0.029600
106590 0.012737
106600 0.009258
106610 0.017277
106620 -0.000983
106630 0.012449
106640 0.020041
106650 0.007679
106660 0.006130
106670 0.016204
106680 0.046826
106690 0.017539
106700 0.005925
106710 0.028300
106720 0.016452
106730 0.015383
106740 0.029038
106750 0.019865
106760 0.006738
106770 0.012241
106780 0.016801
106790 0.002128
106800 0.010740
106810 0.021529
106820 0.014365
106830 0.015969
106840 0.004232
106850 0.009970
106860 0.006819
106870 0.005456
106880 0.034188
106890 0.012989
106900 0.003154
106910 0.016837
106920 0.021986
106930 0.006044
106940 0.008241
106950 0.018652
106960 0.014693
106970 0.008169
106980 0.001282
106990 0.021091
107000 0.017415
107010 0.022150
107020 0.002800
107030 0.006797
107040 0.013277
107050 0.011680
107060 0.006696
107070 0.011243
107080 0.000284
107090 0.012289
107100 0.005826
107110 0.014032
107120 0.007324
107130 0.016384
107140 0.020583
107150 0.021356
107160 0.032470
107170 0.023015
107180 0.007518
107190 0.003567
107200 0.008138
107210 0.019851
107220 0.006821
107230 0.008568
107240 0.001275
107250 0.008514
107260 0.005438
107270 0.017980
107280 0.005584
107290 0.009248
107300 0.009996
107310 0.007637
107320 0.014695
107330 0.010382
107340 0.006409
107350 0.006839
107360 0.027911
107370 0.019011
107380 0.009250
107390 0.005948
107400 -0.000165
107410 0.011071
107420 0.016778
107430 0.028967
107440 0.003699
107450 0.008120
107460 0.004630
107470 0.005803
107480 0.009688
107490 0.011250
107500 0.007666
107510 0.030319
107520 0.009813
107530 0.007101
107540 0.003954
107550 0.012116
107560 0.001792
107570 0.008941
107580 0.016626
107590 0.004763
107600 0.008393
107610 0.009231
107620 0.004066
107630 0.003527
107640 0.030800
107650 0.008202
107660 0.009903
107670 0.005464
107680 0.010172
107690 0.018643
107700 0.013963
107710 0.008015
107720 0.007908
107730 0.017769
107740 0.015318
107750 0.012348
107760 0.006960
107770 -0.000660
107780 0.012278
107790 0.022684
107800 0.021360
107810 0.008367
107820 13.980861
107830 0.010306
107840 0.009163
107850 0.011302
107860 0.006685
107870 0.002957
107880 0.011701
107890 0.014016
107900 0.010295
107910 0.018653
107920 0.012483
107930 0.023673
107940 0.013317
107950 0.017529
107960 0.012772
107970 0.018218
107980 0.013044
107990 0.012963
108000 0.007466
108010 0.006428
108020 0.009919
108030 0.009310
108040 0.011535
108050 0.011135
108060 0.005788
108070 0.012386
108080 0.008877
108090 0.013150
108100 0.007756
108110 0.004093
108120 0.011994
108130 0.011962
108140 0.011014
108150 0.005509
108160 0.008756
108170 0.014908
108180 0.037034
108190 0.008731
108200 0.014466
108210 0.009536
108220 0.018059
108230 0.038879
108240 0.013486
108250 0.015222
108260 0.003691
108270 0.010691
108280 0.002415
108290 0.015921
108300 0.019092
108310 0.010885
108320 0.013825
108330 0.027102
108340 0.007410
108350 0.010198
108360 0.015745
108370 0.007114
108380 0.007118
108390 0.005192
108400 0.010010
108410 0.005748
108420 0.018616
108430 0.013929
108440 0.013120
108450 0.033859
108460 0.017399
108470 0.021440
108480 0.019492
108490 0.006707
108500 0.013116
108510 0.005807
108520 0.003951
108530 0.003360
108540 0.016865
108550 0.001762
108560 0.007355
108570 0.019471
108580 0.005806
108590 0.003728
108600 0.003266
108610 0.007849
108620 0.009378
108630 0.023137
108640 0.005051
108650 0.015275
108660 0.012664
108670 0.015558
108680 0.005692
108690 0.009566
108700 0.011628
108710 0.012265
108720 0.017346
108730 0.007474
108740 0.021935
108750 0.011592
108760 0.020078
108770 0.009331
108780 0.002613
108790 0.008555
108800 0.008961
108810 0.006602
108820 0.015462
108830 0.002524
108840 0.001655
108850 0.001903
108860 0.000646
108870 0.008450
108880 0.000802
108890 0.008182
108900 0.013188
108910 0.005416
108920 0.009341
108930 0.012708
108940 0.021090
108950 0.014564
108960 0.012361
108970 0.011055
108980 0.005433
108990 0.011975
109000 0.014849
109010 0.011384
109020 0.002573
109030 0.023308
109040 0.014839
109050 0.017411
109060 0.052166
109070 0.028225
109080 0.017742
109090 0.047602
109100 0.009915
109110 0.006831
109120 0.008232
109130 0.008688
109140 0.004589
109150 0.010120
109160 0.004149
109170 0.010595
109180 0.008121
109190 13.976751
109200 0.001420
109210 0.006345
109220 0.005125
109230 0.005448
109240 0.006393
109250 0.010596
109260 0.009665
109270 0.002163
109280 0.006266
109290 0.006664
109300 0.007113
109310 0.004659
109320 0.008170
109330 0.004127
109340 0.005485
109350 0.003970
109360 0.004340
109370 0.010057
109380 0.009647
109390 0.020653
109400 0.001939
109410 0.011529
109420 0.009497
109430 0.012147
109440 0.006721
109450 0.005970
109460 -0.000538
109470 0.005634
109480 0.015439
109490 0.022209
109500 0.012165
109510 0.017977
109520 0.013276
109530 0.001821
109540 0.015120
109550 0.002189
109560 0.008043
109570 0.006026
109580 0.007410
109590 0.008871
109600 -0.000597
109610 0.003399
109620 0.012941
109630 0.007677
109640 0.016892
109650 0.007203
109660 0.001709
109670 0.006594
109680 0.003268
109690 0.009324
109700 0.012023
109710 0.004676
109720 0.009081
109730 0.008032
109740 0.001419
109750 -0.000819
109760 0.056240
109770 0.019794
109780 0.003339
109790 0.004502
109800 0.003217
109810 0.000258
109820 0.008299
109830 0.013444
109840 0.003157
109850 0.009401
109860 0.006759
109870 -0.001984
109880 0.013442
109890 -0.000232
109900 0.001369
109910 0.004743
109920 0.001575
109930 0.005626
109940 0.004480
109950 0.006741
109960 0.001771
109970 0.005472
109980 0.005200
109990 0.016537
110000 0.007717
110010 0.005677
110020 0.015350
110030 0.010633
110040 0.008581
110050 0.009829
110060 0.012898
110070 0.004042
110080 0.001960
110090 0.005344
110100 -0.000676
110110 -0.003012
110120 0.006042
110130 0.002346
110140 0.010608
110150 0.009130
110160 0.012107
110170 0.012760
110180 0.000263
110190 0.004081
110200 0.015480
110210 0.000740
110220 0.009000
110230 0.003811
110240 0.005994
110250 0.011021
110260 0.004206
110270 0.018485
110280 0.008772
110290 0.002782
110300 0.003146
110310 0.006574
110320 0.006834
110330 0.010516
110340 0.003116
110350 0.014479
110360 0.011574
110370 0.009273
110380 -0.000512
110390 0.020104
110400 0.005897
110410 0.012743
110420 0.007741
110430 -0.003672
110440 0.005357
110450 0.008805
110460 -0.000701
110470 0.007255
110480 0.008394
110490 0.001806
110500 0.003431
110510 0.008411
110520 0.002928
110530 0.008066
110540 0.005750
110550 0.005973
110560 0.017524
110570 0.021833
110580 0.008184
110590 0.005768
110600 0.000920
110610 0.007960
110620 0.012688
110630 0.017593
110640 0.007935
110650 0.003209
110660 0.003868
110670 0.020726
110680 0.028079
110690 0.007526
110700 0.010765
110710 0.014924
110720 0.007576
110730 0.008221
110740 0.007527
110750 0.014634
110760 0.011595
110770 0.002660
110780 0.005609
110790 0.009669
110800 0.004153
110810 0.006484
110820 0.018231
110830 0.004609
110840 0.010664
110850 0.007960
110860 0.007309
110870 0.004613
110880 0.005753
110890 0.011969
110900 0.003629
110910 0.004925
110920 0.009933
110930 0.009417
110940 0.005114
110950 0.006117
110960 0.009007
110970 0.013219
110980 0.016538
110990 0.017392
111000 0.010919
111010 0.004056
111020 0.017631
111030 0.012037
111040 0.002181
111050 0.029425
111060 0.018710
111070 0.013614
111080 0.004834
111090 0.002501
111100 -0.002747
111110 0.003533
111120 0.000300
111130 0.013382
111140 13.962586
111150 0.003490
111160 0.006783
111170 0.005046
111180 0.004880
111190 0.003659
111200 0.010676
111210 0.003259
111220 0.004874
111230 0.006490
111240 0.009696
111250 0.026518
111260 0.008686
111270 0.004942
111280 0.006955
111290 0.030048
111300 0.005544
111310 0.000632
111320 0.007322
111330 0.011239
111340 0.004483
111350 0.007806
111360 0.025371
111370 0.020211
111380 0.013594
111390 0.005650
111400 0.023215
111410 0.004340
111420 0.006690
111430 0.010122
111440 0.005397
111450 -0.001505
111460 0.007447
111470 0.006226
111480 0.005905
111490 0.005726
111500 0.004588
111510 0.001905
111520 0.009539
111530 0.004557
111540 0.000996
111550 0.012883
111560 0.007446
111570 0.007485
111580 0.006644
111590 0.007254
111600 0.016777
111610 0.005927
111620 -0.000969
111630 0.002876
111640 0.014349
111650 13.952561
111660 0.007409
111670 0.008648
111680 0.029222
111690 0.002916
111700 0.005523
111710 0.004861
111720 0.003194
111730 0.020147
111740 0.003681
111750 0.008110
111760 0.009635
111770 0.012288
111780 0.013589
111790 0.000136
111800 0.001253
111810 0.012471
111820 0.014259
111830 0.005270
111840 0.006010
111850 0.006895
111860 0.000326
111870 -0.002843
111880 0.001168
111890 0.002968
111900 0.003396
111910 0.001719
111920 13.956225
111930 0.007675
111940 0.005158
111950 0.006302
111960 0.004973
111970 0.005965
111980 0.008132
111990 0.009177
112000 0.003895
112010 0.000921
112020 0.013689
112030 0.008351
112040 0.009283
112050 0.000611
112060 0.009806
112070 0.009484
112080 0.012148
112090 0.006646
112100 0.010320
112110 0.006713
112120 0.002749
112130 0.006301
112140 0.001732
112150 0.009608
112160 0.003298
112170 0.007930
112180 0.008816
112190 0.006611
112200 0.004550
112210 0.007819
112220 0.019135
112230 0.007135
112240 0.012062
112250 0.002927
112260 0.005525
112270 0.003588
112280 0.006125
112290 0.000553
112300 0.005777
112310 0.004324
112320 0.005226
112330 0.003022
112340 0.009271
112350 0.002362
112360 0.009893
112370 0.004037
112380 0.006214
112390 0.005870
112400 0.006041
112410 0.000970
112420 0.004040
112430 0.004351
112440 0.002302
112450 0.003040
112460 0.007647
112470 -0.001868
112480 0.011217
112490 0.016403
112500 0.001259
112510 0.003360
112520 0.000928
112530 0.007765
112540 0.007296
112550 0.000616
112560 0.002204
112570 0.005281
112580 0.014657
112590 0.005647
112600 0.011142
112610 0.001931
112620 0.012334
112630 0.008885
112640 0.011231
112650 -0.000276
112660 0.002042
112670 0.006410
112680 0.006919
112690 0.003591
112700 0.008075
112710 0.002049
112720 0.003911
112730 -0.000218
112740 0.005416
112750 -0.000044
112760 0.013724
112770 0.005694
112780 0.001234
112790 0.004952
112800 0.000458
112810 0.003017
112820 0.004806
112830 0.007116
112840 0.009984
112850 0.008539
112860 0.010744
112870 0.015904
112880 0.005547
112890 0.005254
112900 0.000455
112910 0.000964
112920 0.005858
112930 0.006593
112940 0.007355
112950 0.002745
112960 0.002962
112970 0.006786
112980 0.001908
112990 0.002719
113000 0.003239
113010 0.010876
113020 0.005612
113030 0.009649
113040 0.000830
113050 0.007981
113060 0.002153
113070 0.006499
113080 0.005219
113090 13.947249
113100 0.003303
113110 0.000069
113120 0.010487
113130 0.010163
113140 -0.002009
113150 0.007133
113160 0.000623
113170 0.010392
113180 0.005076
113190 0.004249
113200 0.005319
113210 0.003904
113220 13.947282
113230 0.020887
113240 0.007638
113250 0.005091
113260 0.011618
113270 0.015262
113280 0.024618
113290 0.009187
113300 0.005185
113310 0.017811
113320 -0.000338
113330 0.002851
113340 0.005568
113350 0.006551
113360 0.008166
113370 0.005858
113380 0.004349
113390 0.013172
113400 0.014327
113410 0.008339
113420 0.011319
113430 0.017957
113440 0.019839
113450 0.009761
113460 0.024749
113470 0.022192
113480 0.015837
113490 0.025235
113500 13.950071
113510 0.022988
113520 0.014863
113530 0.021418
113540 0.019671
113550 0.018542
113560 0.032964
113570 0.009569
113580 0.014363
113590 0.010139
113600 0.017569
113610 0.033050
113620 0.008910
113630 0.003474
113640 0.027258
113650 0.018422
113660 0.004767
113670 0.015981
113680 0.022361
113690 0.009904
113700 0.010614
113710 0.026233
113720 0.020407
113730 0.019357
113740 0.012340
113750 0.011838
113760 0.005635
113770 -0.005589
113780 0.014132
113790 0.008131
113800 0.013054
113810 0.010752
113820 0.007557
113830 0.006391
113840 0.005321
113850 0.012727
113860 0.014389
113870 0.006798
113880 0.009422
113890 0.014828
113900 0.009897
113910 -0.000418
113920 0.018414
113930 0.017107
113940 0.006295
113950 0.009043
113960 0.010541
113970 0.014703
113980 0.006298
113990 0.000677
114000 0.003955
114010 0.003758
114020 0.007497
114030 0.008354
114040 0.003773
114050 0.005679
114060 0.005699
114070 0.002755
114080 0.002945
114090 13.948686
114100 0.004239
114110 0.005724
114120 0.012704
114130 0.005332
114140 0.002406
114150 0.006113
114160 0.004239
114170 0.008302
114180 0.019090
114190 0.003780
114200 0.000968
114210 0.009008
114220 0.003680
114230 0.005181
114240 -0.000436
114250 0.020983
114260 0.005218
114270 0.002297
114280 0.003142
114290 0.005829
114300 0.004802
114310 0.003302
114320 0.009997
114330 0.006518
114340 0.009105
114350 0.007034
114360 0.007354
114370 0.006672
114380 0.003405
114390 0.002293
114400 0.018345
114410 0.003195
114420 0.010483
114430 0.005281
114440 0.010415
114450 0.008793
114460 0.007401
114470 0.001188
114480 0.005212
114490 0.003796
114500 0.010575
114510 0.005446
114520 0.008109
114530 0.003622
114540 0.012808
114550 0.000297
114560 0.004424
114570 0.001858
114580 -0.000924
114590 0.004977
114600 0.002519
114610 0.012934
114620 0.004681
114630 0.001205
114640 0.004189
114650 0.001601
114660 0.006261
114670 0.000324
114680 0.016716
114690 0.004573
114700 0.003071
114710 0.001637
114720 -0.001735
114730 0.002237
114740 0.000905
114750 0.003141
114760 0.002387
114770 0.004666
114780 0.005456
114790 0.005942
114800 0.006153
114810 0.004522
114820 0.008082
114830 0.018517
114840 0.010898
114850 0.036652
114860 0.010453
114870 0.009765
114880 0.028763
114890 0.024296
114900 0.005094
114910 0.009773
114920 0.014997
114930 0.017468
114940 0.005692
114950 0.007547
114960 0.019191
114970 0.007766
114980 0.023274
114990 0.025462
115000 0.014269
115010 0.013091
115020 0.018698
115030 0.017425
115040 0.007640
115050 0.012177
115060 0.011064
115070 0.004052
115080 0.011514
115090 0.030033
115100 0.015341
115110 0.006242
115120 0.011188
115130 0.013436
115140 0.008578
115150 0.015040
115160 0.014187
115170 0.004823
115180 0.004300
115190 0.000828
115200 0.005791
115210 0.014314
115220 0.029516
115230 0.009254
115240 0.002673
115250 0.008206
115260 0.011268
115270 0.021707
115280 0.009819
115290 0.025236
115300 0.016289
115310 0.009493
115320 0.011111
115330 0.014404
115340 0.003441
115350 -0.000592
115360 0.007619
115370 0.013953
115380 0.001940
115390 0.007164
115400 0.005657
115410 0.014487
115420 0.006943
115430 0.004492
115440 0.017071
115450 0.013481
115460 0.007102
115470 0.012796
115480 0.010593
115490 0.003097
115500 0.006264
115510 0.001523
115520 0.021749
115530 0.002389
115540 0.001797
115550 0.005506
115560 0.003401
115570 0.012116
115580 -0.002501
115590 0.001211
115600 0.012207
115610 0.017798
115620 0.005333
115630 0.008577
115640 0.014057
115650 0.008616
115660 0.026024
115670 0.005066
115680 0.012868
115690 0.011070
115700 0.028057
115710 0.033308
115720 0.036119
115730 0.026512
115740 0.008455
115750 0.008088
115760 0.022743
115770 0.007740
115780 0.022170
115790 0.010111
115800 0.022507
115810 0.017620
115820 -0.001466
115830 0.001413
115840 0.009970
115850 0.005376
115860 0.015125
115870 0.003030
115880 0.002278
115890 0.005690
115900 0.012254
115910 0.001635
115920 0.002264
115930 0.004353
115940 0.006346
115950 0.002121
115960 0.010911
115970 0.010632
115980 0.004320
115990 0.015426
116000 0.014382
116010 0.004706
116020 -0.001649
116030 0.008066
116040 0.019225
116050 0.005110
116060 0.004945
116070 0.008359
116080 0.005696
116090 0.007087
116100 0.003244
116110 0.003262
116120 0.004949
116130 0.015905
116140 0.020208
116150 0.014921
116160 0.021203
116170 0.002086
116180 0.002957
116190 0.001807
116200 0.002704
116210 0.012339
116220 0.006408
116230 -0.000724
116240 0.004219
116250 0.012291
116260 0.010104
116270 0.007019
116280 0.012949
116290 0.000504
116300 0.007196
116310 0.001084
116320 0.002842
116330 0.012457
116340 0.003206
116350 0.004209
116360 0.009344
116370 0.013342
116380 0.020775
116390 0.006260
116400 0.000515
116410 0.000908
116420 0.003716
116430 0.011344
116440 0.004292
116450 0.009720
116460 0.013620
116470 0.008189
116480 0.005603
116490 0.009504
116500 0.004101
116510 0.011915
116520 0.009817
116530 0.008884
116540 0.009735
116550 0.011069
116560 0.029280
116570 0.008128
116580 0.009311
116590 0.012731
116600 0.028074
116610 0.013096
116620 0.033932
116630 0.008478
116640 0.020329
116650 0.007403
116660 0.004502
116670 0.016513
116680 0.008066
116690 0.019241
116700 0.005794
116710 0.001110
116720 0.009198
116730 0.002792
116740 0.018749
116750 0.013736
116760 0.007354
116770 0.003116
116780 0.031400
116790 -0.003445
116800 -0.000839
116810 0.008645
116820 0.009218
116830 0.007256
116840 0.013634
116850 0.004011
116860 0.009240
116870 0.003564
116880 0.004253
116890 0.011379
116900 0.001737
116910 0.007078
116920 0.003981
116930 0.003206
116940 0.002124
116950 0.003998
116960 0.001938
116970 0.004730
116980 0.002786
116990 0.006604
117000 0.005606
117010 0.006500
117020 0.000264
117030 0.004554
117040 0.004700
117050 0.011034
117060 0.011400
117070 0.005347
117080 0.009161
117090 0.007343
117100 0.016510
117110 0.007060
117120 0.013226
117130 0.017025
117140 0.006249
117150 0.013169
117160 0.013275
117170 0.004449
117180 0.006221
117190 0.013899
117200 0.006318
117210 0.000981
117220 0.004592
117230 0.004929
117240 0.013073
117250 0.009715
117260 0.009442
117270 0.004603
117280 0.006690
117290 0.009574
117300 0.003580
117310 0.001306
117320 0.004537
117330 0.005868
117340 0.002567
117350 0.006286
117360 0.001637
117370 0.016518
117380 0.002189
117390 0.014331
117400 -0.000915
117410 -0.000793
117420 0.002360
117430 0.001437
117440 0.010293
117450 0.002480
117460 0.005165
117470 0.002859
117480 0.000063
117490 0.003468
117500 13.972038
117510 0.002605
117520 0.003288
117530 0.004950
117540 0.004108
117550 0.005627
117560 0.006947
117570 0.002189
117580 0.002070
117590 0.003826
117600 0.008433
117610 0.008608
117620 0.010164
117630 0.001838
117640 0.006192
117650 0.002976
117660 0.002170
117670 0.012501
117680 0.006139
117690 0.006086
117700 0.009379
117710 0.007607
117720 0.005674
117730 0.001893
117740 0.007186
117750 0.004524
117760 0.007305
117770 -0.000176
117780 0.004940
117790 0.002799
117800 0.018200
117810 0.017906
117820 0.001142
117830 0.009386
117840 0.009795
117850 0.006020
117860 0.007563
117870 0.012142
117880 0.007135
117890 0.009715
117900 0.005433
117910 0.005599
117920 0.001327
117930 0.007620
117940 0.000718
117950 0.010070
117960 0.012766
117970 0.014781
117980 0.012186
117990 0.012859
118000 0.010846
118010 0.009405
118020 13.988903
118030 0.001782
118040 0.011817
118050 0.010729
118060 0.025083
118070 0.010887
118080 0.011505
118090 0.006008
118100 0.007746
118110 0.013297
118120 0.012443
118130 0.003378
118140 0.002938
118150 0.004486
118160 0.019939
118170 0.006176
118180 0.008529
118190 0.014826
118200 0.011766
118210 0.007882
118220 0.010748
118230 -0.002911
118240 0.007476
118250 0.000738
118260 0.002433
118270 0.002362
118280 0.005748
118290 0.011499
118300 0.003305
118310 0.000175
118320 -0.000076
118330 -0.001233
118340 0.012255
118350 0.001862
118360 0.005688
118370 0.004777
118380 0.001934
118390 0.003077
118400 0.006054
118410 0.007769
118420 0.009568
118430 0.015351
118440 0.007926
118450 -0.001290
118460 -0.001283
118470 0.007526
118480 0.008501
118490 0.000724
118500 0.011105
118510 0.004347
118520 0.009916
118530 0.002225
118540 0.001739
118550 0.008351
118560 0.001029
118570 0.007205
118580 0.005038
118590 0.015796
118600 0.006054
118610 0.017865
118620 0.004912
118630 0.004289
118640 0.007595
118650 0.002089
118660 0.006445
118670 0.004263
118680 0.007594
118690 0.001333
118700 -0.000075
118710 0.005049
118720 0.010557
118730 0.009206
118740 0.002653
118750 0.004568
118760 0.014067
118770 -0.001213
118780 0.005063
118790 0.001060
118800 14.005595
118810 0.006155
118820 0.004209
118830 0.004808
118840 0.004810
118850 0.004363
118860 0.006354
118870 0.001463
118880 -0.000805
118890 0.005145
118900 0.008331
118910 0.005009
118920 0.006029
118930 0.003883
118940 0.002370
118950 0.000795
118960 0.008699
118970 0.001656
118980 -0.000218
118990 0.006539
119000 0.003286
119010 0.005194
119020 0.002847
119030 0.001525
119040 0.001649
119050 0.001659
119060 0.003929
119070 -0.003365
119080 0.003336
119090 0.002517
119100 0.003731
119110 0.001119
119120 0.008425
119130 0.008287
119140 0.007615
119150 0.001662
119160 -0.000663
119170 0.005710
119180 0.000612
119190 0.003339
119200 0.004663
119210 0.002707
119220 0.003815
119230 0.002599
119240 0.000198
119250 0.006651
119260 0.005783
119270 0.010691
119280 0.003712
119290 0.005818
119300 0.003171
119310 0.006358
119320 0.006604
119330 0.005219
119340 0.009974
119350 0.000152
119360 0.002492
119370 0.004013
119380 0.003701
119390 0.010451
119400 0.006168
119410 0.006372
119420 0.002666
119430 0.001687
119440 0.010851
119450 0.008431
119460 0.005237
119470 0.001233
119480 0.003802
119490 0.008016
119500 0.000367
119510 0.002291
119520 -0.000178
119530 0.003906
119540 0.011075
119550 0.004133
119560 0.003753
119570 0.006176
119580 0.014463
119590 0.008105
119600 0.005712
119610 0.016173
119620 0.005287
119630 14.007923
119640 -0.001555
119650 0.007218
119660 0.005490
119670 0.010125
119680 0.005785
119690 0.006977
119700 0.006007
119710 0.009813
119720 0.008955
119730 0.004001
119740 0.006952
119750 0.008440
119760 0.004327
119770 0.005198
119780 0.003698
119790 -0.004914
119800 0.007336
119810 0.004293
119820 0.004477
119830 0.003697
119840 0.003844
119850 0.004385
119860 0.005338
119870 0.001278
119880 0.000582
119890 0.006045
119900 0.006222
119910 0.006825
119920 0.005962
119930 0.010478
119940 0.009257
119950 -0.000802
119960 -0.001364
119970 0.003558
119980 0.005806
119990 0.008309
120000 0.009376
120010 0.009603
120020 0.005344
120030 0.001334
120040 0.019252
120050 -0.000447
120060 0.002634
120070 0.004670
120080 0.019586
120090 0.001064
120100 0.000712
120110 0.000556
120120 0.008022
120130 0.002333
120140 0.016613
120150 0.010740
120160 0.008133
120170 0.008338
120180 0.003878
120190 0.007227
120200 0.005070
120210 0.009051
120220 0.007863
120230 0.004118
120240 -0.003132
120250 0.022831
120260 0.009309
120270 -0.005277
120280 0.005786
120290 0.020103
120300 0.006961
120310 -0.003242
120320 0.008480
120330 0.015981
120340 0.006954
120350 0.003259
120360 0.003239
120370 0.002820
120380 0.007092
120390 0.023498
120400 0.007967
120410 0.010330
120420 0.014155
120430 0.006880
120440 0.004768
120450 0.001316
120460 0.008584
120470 0.004542
120480 0.001216
120490 0.005289
120500 0.008265
120510 0.007873
120520 0.013789
120530 0.010761
120540 0.004691
120550 0.006867
120560 0.005482
120570 -0.002694
120580 0.001803
120590 0.007517
120600 0.002406
120610 0.003902
120620 0.001472
120630 0.009814
120640 0.009166
120650 0.007488
120660 0.003738
120670 0.005720
120680 0.002893
120690 0.012923
120700 0.007563
120710 0.002969
120720 0.010529
120730 0.016298
120740 0.008591
120750 0.010927
120760 0.004954
120770 0.007004
120780 0.007038
120790 0.004242
120800 0.003798
120810 -0.003354
120820 0.001333
120830 -0.002552
120840 0.003361
120850 0.001268
120860 0.003063
120870 0.000233
120880 0.004489
120890 0.000470
120900 0.001668
120910 0.001529
120920 0.000406
120930 0.002877
120940 0.009294
120950 0.002707
120960 0.001913
120970 0.007669
120980 -0.002024
120990 0.001373
121000 0.003490
121010 0.006424
121020 0.002022
121030 0.001868
121040 0.004260
121050 0.010288
121060 0.007944
121070 -0.000411
121080 0.001658
121090 0.013457
121100 0.006655
121110 0.012106
121120 0.010730
121130 0.008135
121140 0.004752
121150 0.010850
121160 0.012826
121170 0.012928
121180 0.014833
121190 0.005334
121200 0.006532
121210 0.004935
121220 0.002747
121230 0.008638
121240 0.011696
121250 0.007014
121260 0.002422
121270 0.006488
121280 0.000146
121290 0.008356
121300 0.002907
121310 0.000263
121320 0.005525
121330 0.011721
121340 0.002808
121350 0.007723
121360 0.003982
121370 0.002644
121380 0.001326
121390 0.010066
121400 0.002898
121410 0.007114
121420 0.006784
121430 0.002489
121440 -0.001172
121450 0.002134
121460 0.001221
121470 0.002450
121480 0.006660
121490 0.009978
121500 0.002476
121510 0.007538
121520 0.017443
121530 0.004770
121540 0.007859
121550 0.007339
121560 0.006808
121570 -0.002626
121580 0.008696
121590 -0.004526
121600 -0.000743
121610 -0.000892
121620 0.014860
121630 0.009902
121640 0.004414
121650 0.003893
121660 0.003710
121670 0.006474
121680 0.003616
121690 0.005862
121700 0.016018
121710 0.022003
121720 0.007578
121730 0.010040
121740 0.009527
121750 0.012248
121760 0.009960
121770 0.009356
121780 0.003653
121790 0.003350
121800 0.005576
121810 0.010100
121820 0.005009
121830 0.012417
121840 0.003046
121850 0.025307
121860 0.014920
121870 0.010003
121880 0.001725
121890 0.008760
121900 0.024084
121910 0.022329
121920 13.971302
121930 0.018988
121940 0.003260
121950 0.028820
121960 0.042020
121970 0.014998
121980 0.011579
121990 0.016360
122000 0.011313
122010 0.019545
122020 0.033155
122030 0.008578
122040 0.012638
122050 0.012736
122060 0.011748
122070 0.009899
122080 0.018195
122090 0.014941
122100 0.016149
122110 0.029107
122120 0.021536
122130 0.009222
122140 0.016220
122150 0.005014
122160 0.019091
122170 0.021915
122180 0.010819
122190 0.014404
122200 0.010377
122210 0.005308
122220 0.017851
122230 0.020816
122240 0.012384
122250 0.003077
122260 0.009416
122270 0.011859
122280 0.011847
122290 0.016164
122300 0.005584
122310 0.009048
122320 0.007031
122330 0.013885
122340 0.000561
122350 0.018050
122360 0.004559
122370 0.014926
122380 0.005504
122390 0.009233
122400 0.002509
122410 0.004168
122420 0.008538
122430 0.006526
122440 0.006335
122450 0.005944
122460 0.008644
122470 0.005086
122480 0.002530
122490 0.007457
122500 0.006765
122510 0.017945
122520 0.005781
122530 0.011388
122540 0.004687
122550 0.010892
122560 0.018255
122570 0.014962
122580 13.982937
122590 0.005947
122600 0.004643
122610 0.008456
122620 0.009262
122630 0.013681
122640 0.007511
122650 0.004489
122660 0.012384
122670 0.007136
122680 0.006830
122690 0.008827
122700 0.020758
122710 0.008027
122720 0.008405
122730 0.006074
122740 0.011013
122750 0.009521
122760 0.003795
122770 0.007350
122780 0.008797
122790 0.008309
122800 0.006105
122810 0.008821
122820 0.014614
122830 0.006789
122840 0.007828
122850 0.006870
122860 0.000963
122870 0.000491
122880 0.004287
122890 0.006010
122900 0.002338
122910 0.005432
122920 0.001301
122930 0.003899
122940 0.007916
122950 0.006462
122960 0.006382
122970 0.025546
122980 0.015780
122990 0.013546
123000 0.033688
123010 0.034959
123020 0.041729
123030 0.021606
123040 0.021529
123050 0.029346
123060 0.012998
123070 0.013442
123080 0.015082
123090 0.005610
123100 0.012968
123110 0.013319
123120 0.017745
123130 0.014301
123140 0.005319
123150 0.004969
123160 0.011485
123170 0.018940
123180 0.018690
123190 0.001998
123200 0.009116
123210 0.011030
123220 0.022896
123230 0.019635
123240 0.006086
123250 0.006167
123260 0.005132
123270 0.008752
123280 0.011128
123290 0.015039
123300 0.007081
123310 0.002681
123320 0.007413
123330 0.006449
123340 0.022810
123350 0.006910
123360 0.012151
123370 0.010758
123380 0.005372
123390 0.003051
123400 0.000914
123410 0.006252
123420 0.004855
123430 0.004130
123440 0.013775
123450 0.004738
123460 -0.000169
123470 0.014851
123480 0.006413
123490 0.015770
123500 0.004159
123510 0.007264
123520 0.005823
123530 0.007337
123540 0.005017
123550 0.013507
123560 0.006977
123570 -0.001471
123580 0.011701
123590 0.001975
123600 0.000889
123610 0.004632
123620 0.006130
123630 0.004441
123640 0.003053
123650 0.006054
123660 0.004731
123670 0.008383
123680 0.007135
123690 0.009709
123700 0.002676
123710 0.006701
123720 0.004673
123730 0.007379
123740 0.004068
123750 0.005099
123760 0.002988
123770 0.018157
123780 0.002230
123790 0.022299
123800 0.007692
123810 0.008194
123820 0.008911
123830 0.006939
123840 0.008037
123850 0.037917
123860 0.014660
123870 0.012854
123880 0.010304
123890 0.007762
123900 0.013730
123910 0.008385
123920 0.017437
123930 0.004825
123940 0.038314
123950 0.012153
123960 0.012904
123970 0.022320
123980 0.015718
123990 0.012743
124000 0.001635
124010 0.008544
124020 0.011642
124030 0.006067
124040 0.012139
124050 0.011718
124060 0.013133
124070 -0.001642
124080 0.011348
124090 0.017912
124100 0.016099
124110 0.013451
124120 0.007646
124130 -0.003627
124140 0.019450
124150 0.016975
124160 0.015326
124170 0.013657
124180 0.013103
124190 0.016298
124200 0.007147
124210 0.033283
124220 0.014328
124230 0.009550
124240 0.009120
124250 0.009638
124260 0.007745
124270 -0.000023
124280 0.008283
124290 0.001810
124300 0.014447
124310 0.012033
124320 0.009585
124330 0.004080
124340 0.011009
124350 0.011504
124360 0.012973
124370 0.008709
124380 0.029782
124390 0.006338
124400 0.009217
124410 0.004711
124420 0.007329
124430 0.006103
124440 0.005942
124450 0.013079
124460 0.010053
124470 0.011293
124480 0.022272
124490 0.022904
124500 0.003195
124510 0.011356
124520 0.002341
124530 0.013757
124540 0.007445
124550 0.001549
124560 0.004153
124570 0.011322
124580 0.005270
124590 0.003482
124600 0.010292
124610 0.007010
124620 0.021281
124630 0.022128
124640 0.012922
124650 0.021510
124660 0.003790
124670 0.008066
124680 0.010300
124690 0.004712
124700 0.007823
124710 0.010171
124720 0.005444
124730 0.013458
124740 0.010223
124750 0.015308
124760 0.001241
124770 0.006648
124780 0.007355
124790 0.030548
124800 0.011303
124810 0.014300
124820 0.018733
124830 0.007084
124840 0.011400
124850 0.007576
124860 0.025698
124870 0.017671
124880 0.000241
124890 0.009411
124900 0.013540
124910 0.006369
124920 0.004864
124930 0.007736
124940 0.003965
124950 0.008663
124960 0.008382
124970 0.006565
124980 0.009654
124990 0.012397
125000 0.009491
125010 0.008434
125020 0.011104
125030 0.000274
125040 0.012577
125050 14.006978
125060 0.017627
125070 0.016726
125080 0.009638
125090 0.006564
125100 0.006036
125110 0.005475
125120 0.000605
125130 0.003439
125140 0.004665
125150 0.009793
125160 0.005254
125170 0.013341
125180 0.003108
125190 0.021258
125200 0.018989
125210 0.011503
125220 0.010067
125230 0.028545
125240 0.009125
125250 0.030346
125260 0.007267
125270 0.003735
125280 0.006197
125290 0.021935
125300 0.006461
125310 0.011002
125320 0.007176
125330 0.006793
125340 0.006390
125350 0.009152
125360 0.007978
125370 0.005235
125380 14.016704
125390 0.004695
125400 0.004388
125410 0.009042
125420 0.019244
125430 0.005873
125440 0.010175
125450 0.007278
125460 0.015261
125470 0.019130
125480 0.004575
125490 0.003024
125500 0.015624
125510 0.009009
125520 0.015027
125530 0.000444
125540 0.000790
125550 0.012136
125560 0.002098
125570 0.004378
125580 0.001306
125590 0.000002
125600 0.004789
125610 0.002688
125620 0.006408
125630 0.011274
125640 0.006045
125650 14.018851
125660 0.005508
125670 0.003151
125680 -0.002257
125690 0.002708
125700 0.002223
125710 0.007408
125720 0.007757
125730 0.004825
125740 0.005181
125750 0.007591
125760 0.000210
125770 0.009877
125780 0.002871
125790 0.003192
125800 0.006958
125810 0.000747
125820 0.000710
125830 0.014622
125840 0.000036
125850 0.007807
125860 0.006823
125870 0.003202
125880 0.012524
125890 0.001994
125900 0.010274
125910 0.000153
125920 0.002562
125930 0.006061
125940 0.001525
125950 0.007069
125960 0.002091
125970 0.008990
125980 0.005390
125990 0.004817
126000 0.011079
126010 0.002188
126020 0.003229
126030 0.015312
126040 0.003027
126050 0.005019
126060 0.006557
126070 -0.000277
126080 -0.000396
126090 0.002999
126100 0.004638
126110 0.002871
126120 0.005567
126130 0.005315
126140 0.008622
126150 0.003367
126160 0.004477
126170 0.009032
126180 0.005018
126190 0.003095
126200 0.007973
126210 0.002539
126220 0.003880
126230 0.006574
126240 0.005908
126250 0.001191
126260 0.000414
126270 0.001641
126280 0.005043
126290 0.000740
126300 0.002462
126310 0.006507
126320 0.009214
126330 0.015216
126340 0.006182
126350 0.006668
126360 0.013658
126370 0.019494
126380 0.006187
126390 0.007603
126400 0.012518
126410 0.008801
126420 0.015830
126430 0.020738
126440 0.003804
126450 0.007601
126460 0.003977
126470 0.015174
126480 0.006903
126490 0.010617
126500 0.004646
126510 0.007841
126520 0.010887
126530 0.005103
126540 0.006606
126550 0.010133
126560 0.011969
126570 0.029922
126580 0.009718
126590 0.010411
126600 0.019995
126610 0.012861
126620 0.011560
126630 0.021620
126640 0.017329
126650 0.031771
126660 0.012778
126670 0.011894
126680 0.012685
126690 0.018708
126700 0.007831
126710 0.017464
126720 0.009677
126730 0.011519
126740 0.011014
126750 0.024682
126760 0.011334
126770 0.005732
126780 0.003317
126790 0.013054
126800 0.004053
126810 0.008904
126820 0.010521
126830 0.000688
126840 0.020413
126850 0.005435
126860 0.002913
126870 0.009133
126880 0.008965
126890 0.003862
126900 0.006854
126910 0.017043
126920 0.003731
126930 0.013124
126940 0.017039
126950 0.013417
126960 0.008512
126970 0.009850
126980 -0.001665
126990 0.007202
127000 0.001201
127010 0.012177
127020 0.006534
127030 0.028459
127040 0.004022
127050 0.000201
127060 0.011212
127070 0.006719
127080 0.010487
127090 0.007317
127100 0.008669
127110 0.009327
127120 0.001787
127130 0.015677
127140 0.020625
127150 0.008143
127160 0.007673
127170 0.016832
127180 0.004151
127190 0.004701
127200 0.021106
127210 0.011280
127220 0.009256
127230 0.000245
127240 0.014751
127250 0.001734
127260 0.006987
127270 0.006253
127280 0.022836
127290 0.012638
127300 -0.001516
127310 0.005183
127320 0.011055
127330 0.002722
127340 0.009476
127350 0.029038
127360 0.005905
127370 0.005715
127380 0.009802
127390 0.005523
127400 0.001648
127410 0.007264
127420 0.007579
127430 0.002571
127440 0.012956
127450 0.017516
127460 0.006418
127470 0.002861
127480 0.005910
127490 0.006448
127500 0.017716
127510 -0.000331
127520 0.002439
127530 0.005359
127540 -0.001190
127550 -0.000438
127560 0.034072
127570 0.022266
127580 0.023036
127590 0.000736
127600 0.008104
127610 0.006863
127620 0.008615
127630 0.015340
127640 0.006020
127650 0.004437
127660 0.007702
127670 0.009827
127680 0.001642
127690 0.005902
127700 0.011747
127710 0.005846
127720 0.003544
127730 0.013201
127740 0.002532
127750 0.011556
127760 0.001466
127770 0.010191
127780 0.000918
127790 0.019776
127800 0.017448
127810 0.014933
127820 -0.000292
127830 13.973165
127840 0.026764
127850 0.013415
127860 0.002486
127870 0.008291
127880 0.006444
127890 0.026428
127900 0.002338
127910 0.008117
127920 0.010126
127930 0.011952
127940 0.023642
127950 0.014734
127960 0.020056
127970 0.013578
127980 0.022108
127990 0.008317
128000 0.002402
128010 0.003146
128020 0.008213
128030 0.006533
128040 0.010624
128050 0.020603
128060 0.006865
128070 0.006319
128080 0.007510
128090 0.016711
128100 0.011551
128110 0.006829
128120 0.007723
128130 0.006334
128140 0.007313
128150 0.005820
128160 0.007139
128170 0.005935
128180 0.005184
128190 0.018820
128200 0.002662
128210 0.005845
128220 0.016054
128230 0.004111
128240 0.004811
128250 0.000906
128260 -0.001625
128270 0.007991
128280 0.013989
128290 0.003278
128300 0.007508
128310 -0.001409
128320 0.007010
128330 0.009669
128340 0.004393
128350 0.006532
128360 0.009021
128370 0.002353
128380 0.010238
128390 0.006466
128400 0.007493
128410 0.005721
128420 0.003538
128430 0.001891
128440 0.013816
128450 0.005335
128460 0.016673
128470 0.008399
128480 0.005874
128490 0.013701
128500 0.004572
128510 0.005497
128520 0.003622
128530 0.007605
128540 0.001454
128550 0.001907
128560 0.004522
128570 0.009271
128580 0.008821
128590 0.001827
128600 0.007107
128610 0.008844
128620 0.004055
128630 0.007454
128640 0.001519
128650 0.006278
128660 0.009274
128670 0.006554
128680 0.004518
128690 0.008972
128700 0.002610
128710 0.004703
128720 0.010640
128730 0.009571
128740 0.009678
128750 -0.001338
128760 0.004328
128770 0.003502
128780 0.006793
128790 0.013203
128800 0.011794
128810 0.007097
128820 0.009630
128830 0.012046
128840 0.008464
128850 0.009067
128860 0.012657
128870 0.007110
128880 0.002494
128890 0.005303
128900 0.004331
128910 0.025203
128920 0.003628
128930 0.003820
128940 0.002813
128950 0.000433
128960 0.008900
128970 0.002913
128980 14.044275
128990 0.003816
129000 0.013477
129010 0.010672
129020 0.009079
129030 0.014735
129040 0.006410
129050 0.012200
129060 0.004735
129070 0.026259
129080 0.007750
129090 0.001289
129100 0.026235
129110 0.009057
129120 0.006437
129130 0.003327
129140 0.006070
129150 0.008829
129160 0.007834
129170 0.007312
129180 0.006558
129190 0.008472
129200 0.008089
129210 0.008434
129220 0.010721
129230 0.003652
129240 0.004784
129250 0.011885
129260 -0.001649
129270 -0.001441
129280 0.019613
129290 0.006025
129300 0.003031
129310 0.012730
129320 0.012128
129330 0.009747
129340 0.006248
129350 0.013526
129360 0.005516
129370 0.004942
129380 0.003427
129390 0.003951
129400 0.010115
129410 0.021879
129420 0.005782
129430 0.013862
129440 0.017861
129450 0.013150
129460 0.019910
129470 0.010150
129480 0.021327
129490 0.005622
129500 0.009506
129510 0.026977
129520 0.008364
129530 0.004078
129540 0.013353
129550 0.008660
129560 0.004447
129570 0.004257
129580 0.008218
129590 0.008045
129600 0.004236
129610 0.004726
129620 0.004717
129630 0.012993
129640 0.007225
129650 0.004725
129660 0.019844
129670 0.004939
129680 0.009254
129690 0.018658
129700 0.002839
129710 0.004837
129720 0.014883
129730 0.008841
129740 0.011162
129750 0.018846
129760 0.012284
129770 0.009551
129780 0.021122
129790 0.017333
129800 0.005937
129810 0.001112
129820 0.009079
129830 0.003288
129840 0.007062
129850 0.005398
129860 0.006255
129870 0.003600
129880 0.000246
129890 0.017458
129900 0.002016
129910 0.002200
129920 0.004821
129930 0.011847
129940 0.005582
129950 0.004548
129960 0.006006
129970 0.017833
129980 0.007874
129990 0.006930
130000 0.012277
130010 0.001770
130020 0.005550
130030 0.002435
130040 0.010065
130050 0.011555
130060 0.005177
130070 0.006755
130080 0.007090
130090 0.004966
130100 0.009094
130110 0.003010
130120 0.010387
130130 0.007101
130140 0.001180
130150 0.006632
130160 0.004417
130170 0.018460
130180 0.003316
130190 0.004641
130200 0.013897
130210 0.005978
130220 0.003335
130230 0.015713
130240 0.006429
130250 0.005376
130260 0.007659
130270 0.007117
130280 0.010638
130290 0.003237
130300 0.001508
130310 0.008274
130320 0.010178
130330 0.005121
130340 0.008169
130350 0.002962
130360 0.005093
130370 0.007178
130380 0.003901
130390 0.009142
130400 0.003556
130410 0.005774
130420 0.008486
130430 0.004196
130440 0.003281
130450 0.007752
130460 0.003103
130470 0.007175
130480 0.007227
130490 0.000147
130500 0.006310
130510 0.002208
130520 0.003149
130530 0.002623
130540 0.004310
130550 0.000579
130560 -0.000826
130570 0.001891
130580 0.008114
130590 0.007059
130600 0.001067
130610 0.002644
130620 0.001624
130630 0.005086
130640 0.014057
130650 0.002845
130660 14.039085
130670 0.004888
130680 -0.000974
130690 0.006760
130700 -0.001786
130710 14.025120
130720 0.004250
130730 0.005870
130740 0.003161
130750 0.003019
130760 0.005095
130770 0.002774
130780 0.012410
130790 0.005533
130800 0.010211
130810 0.006720
130820 0.006218
130830 0.029237
130840 0.003801
130850 0.010919
130860 0.011395
130870 0.001966
130880 0.009302
130890 0.006024
130900 0.001501
130910 -0.000746
130920 -0.001003
130930 0.008999
130940 0.015678
130950 0.014188
130960 0.007100
130970 0.000919
130980 0.016313
130990 0.012793
131000 0.030159
131010 0.023003
131020 0.012811
131030 0.014384
131040 0.020996
131050 0.013403
131060 0.007699
131070 0.011539
131080 0.006066
131090 0.007218
131100 0.003124
131110 0.010398
131120 0.008085
131130 0.011378
131140 0.008338
131150 0.007513
131160 -0.000249
131170 0.008972
131180 0.004546
131190 0.017723
131200 0.011219
131210 0.003424
131220 -0.001702
131230 0.008251
131240 0.008483
131250 0.017390
131260 0.006730
131270 0.003390
131280 0.009626
131290 0.006955
131300 0.003084
131310 0.008440
131320 0.004569
131330 -0.001973
131340 0.005761
131350 0.001282
131360 0.011780
131370 0.005598
131380 0.006686
131390 0.006672
131400 0.016004
131410 0.006783
131420 0.004395
131430 0.007375
131440 0.007012
131450 0.004563
131460 0.004702
131470 0.005533
131480 0.000562
131490 0.001858
131500 0.006493
131510 0.000996
131520 0.005038
131530 0.006468
131540 0.002132
131550 0.012590
131560 0.008531
131570 0.006117
131580 0.004300
131590 0.020720
131600 0.001303
131610 0.014652
131620 0.014351
131630 0.022163
131640 0.024068
131650 0.035317
131660 0.010350
131670 0.006293
131680 0.011111
131690 0.013376
131700 0.024983
131710 0.013928
131720 0.003891
131730 0.011840
131740 -0.004658
131750 0.005702
131760 0.011970
131770 0.009333
131780 0.005564
131790 0.012941
131800 0.008390
131810 0.007615
131820 0.009999
131830 0.011204
131840 0.013865
131850 0.014227
131860 0.013800
131870 0.006066
131880 0.011028
131890 0.017276
131900 0.008364
131910 0.008565
131920 0.009032
131930 0.006347
131940 0.015398
131950 0.008939
131960 0.014423
131970 0.008922
131980 0.010498
131990 0.013463
132000 0.009343
132010 0.005527
132020 0.014675
132030 0.005838
132040 0.007717
132050 0.019269
132060 0.010195
132070 0.013320
132080 0.008565
132090 0.006827
132100 0.009777
132110 0.006911
132120 0.012520
132130 0.012245
132140 0.017981
132150 14.047416
132160 0.000628
132170 0.019037
132180 0.010182
132190 0.008815
132200 0.022389
132210 0.013827
132220 0.018304
132230 0.020492
132240 0.017277
132250 0.006625
132260 0.019413
132270 0.007641
132280 0.008122
132290 0.017426
132300 0.033027
132310 0.011327
132320 0.015700
132330 0.009529
132340 0.006083
132350 14.069756
132360 0.007985
132370 0.018487
132380 0.016308
132390 0.007449
132400 0.011382
132410 0.023345
132420 0.008905
132430 0.006128
132440 0.009291
132450 0.000306
132460 0.007201
132470 0.013834
132480 0.006181
132490 0.004942
132500 0.010731
132510 0.006292
132520 0.012970
132530 -0.000678
132540 0.008651
132550 0.018328
132560 0.006882
132570 0.011202
132580 0.021804
132590 0.012203
132600 0.005532
132610 0.006555
132620 0.011353
132630 0.017478
132640 0.004764
132650 0.010678
132660 0.006073
132670 0.011638
132680 0.019692
132690 0.011143
132700 0.013711
132710 0.009836
132720 0.011401
132730 0.014890
132740 0.002047
132750 0.012533
132760 0.011576
132770 0.004423
132780 0.008276
132790 0.006249
132800 0.013526
132810 0.005896
132820 0.016407
132830 0.014295
132840 0.016947
132850 0.018331
132860 0.008626
132870 0.016523
132880 0.010231
132890 0.015083
132900 0.009574
132910 0.007069
132920 0.010568
132930 0.003399
132940 0.016887
132950 0.025414
132960 0.011543
132970 0.014382
132980 0.019323
132990 0.014191
133000 0.035390
133010 0.012262
133020 0.010220
133030 0.008514
133040 0.007734
133050 0.006809
133060 0.004343
133070 0.009535
133080 0.013461
133090 0.017922
133100 0.006548
133110 0.014053
133120 0.005865
133130 0.007670
133140 0.002448
133150 0.008091
133160 0.002194
133170 0.011619
133180 0.006582
133190 0.007416
133200 0.009745
133210 0.023206
133220 0.018389
133230 0.008625
133240 0.007906
133250 0.003363
133260 -0.002112
133270 0.012403
133280 0.007727
133290 0.003661
133300 0.010341
133310 0.004167
133320 0.010348
133330 0.013298
133340 0.008543
133350 0.004829
133360 0.012880
133370 0.003347
133380 0.002768
133390 0.004521
133400 0.002301
133410 0.003944
133420 0.003752
133430 0.008996
133440 0.017625
133450 0.011447
133460 0.033216
133470 0.004700
133480 0.010138
133490 0.007813
133500 0.023955
133510 0.005443
133520 0.008776
133530 0.001215
133540 0.002925
133550 0.004265
133560 0.013272
133570 0.003085
133580 0.009598
133590 0.002270
133600 0.019138
133610 0.007791
133620 0.005434
133630 0.008425
133640 0.010215
133650 0.004657
133660 0.007998
133670 0.005673
133680 0.009937
133690 0.007712
133700 0.008303
133710 0.012070
133720 0.010134
133730 0.004360
133740 0.005831
133750 0.012785
133760 0.005650
133770 0.024786
133780 0.000437
133790 0.007942
133800 0.002414
133810 0.006028
133820 0.012845
133830 0.009831
133840 0.009113
133850 0.015610
133860 0.003347
133870 0.017714
133880 0.000782
133890 0.006583
133900 0.015561
133910 0.006387
133920 0.006815
133930 0.004100
133940 0.003692
133950 0.007146
133960 0.009207
133970 0.014786
133980 0.014179
133990 0.013677
134000 0.010524
134010 0.006184
134020 0.002894
134030 0.004643
134040 0.018805
134050 0.009433
134060 0.002565
134070 0.001071
134080 0.010403
134090 0.001521
134100 0.011466
134110 0.016112
134120 0.006528
134130 0.007340
134140 0.011392
134150 0.015375
134160 0.009671
134170 0.014159
134180 0.004411
134190 0.005068
134200 0.006203
134210 0.005129
134220 0.006322
134230 0.018016
134240 0.007570
134250 0.008651
134260 0.007374
134270 0.005690
134280 0.006173
134290 0.006133
134300 0.017565
134310 0.007070
134320 0.006925
134330 0.005651
134340 0.000534
134350 0.007266
134360 0.001456
134370 0.013523
134380 0.014592
134390 0.004315
134400 0.001338
134410 0.008589
134420 0.009295
134430 0.010107
134440 0.006010
134450 0.008854
134460 0.021238
134470 0.006832
134480 0.008851
134490 0.005790
134500 0.006086
134510 0.008089
134520 0.011078
134530 0.007017
134540 0.001641
134550 0.002013
134560 0.002057
134570 0.004244
134580 0.004996
134590 0.005497
134600 0.007326
134610 -0.003884
134620 0.003100
134630 0.006070
134640 0.004646
134650 0.009919
134660 0.002408
134670 0.014712
134680 0.004595
134690 0.005017
134700 0.008987
134710 0.009414
134720 0.003320
134730 0.008328
134740 0.004904
134750 0.005613
134760 0.004511
134770 0.003472
134780 0.002810
134790 -0.002951
134800 0.006490
134810 0.015780
134820 -0.000718
134830 0.008961
134840 0.004478
134850 0.008601
134860 0.001194
134870 0.001503
134880 0.007101
134890 0.015931
134900 0.004226
134910 0.004294
134920 0.000151
134930 0.007846
134940 0.004350
134950 0.015513
134960 0.008356
134970 0.006743
134980 0.001254
134990 0.008971
135000 0.006429
135010 0.008765
135020 0.003463
135030 0.009689
135040 0.004599
135050 0.003477
135060 0.007453
135070 0.001370
135080 0.005483
135090 0.007819
135100 0.017401
135110 0.004747
135120 0.011735
135130 0.001893
135140 0.004556
135150 0.006930
135160 0.008388
135170 0.009294
135180 0.001126
135190 0.007320
135200 0.010094
135210 0.006083
135220 0.001890
135230 0.005452
135240 0.002188
135250 0.006798
135260 0.005713
135270 0.007124
135280 0.007400
135290 -0.000194
135300 0.001270
135310 0.004955
135320 0.001690
135330 0.002062
135340 -0.000630
135350 -0.000873
135360 0.002346
135370 0.004355
135380 0.003560
135390 0.005429
135400 0.008246
135410 0.025393
135420 0.002108
135430 0.012227
135440 0.003137
135450 0.007035
135460 0.009528
135470 0.003795
135480 0.004749
135490 0.003568
135500 0.013439
135510 0.005131
135520 0.003557
135530 14.035576
135540 0.003358
135550 0.009635
135560 0.002295
135570 0.006166
135580 0.003307
135590 0.006329
135600 0.011425
135610 0.007145
135620 0.008002
135630 0.006368
135640 0.006190
135650 0.007367
135660 0.011018
135670 0.013662
135680 0.016160
135690 0.002723
135700 0.007672
135710 0.003805
135720 0.003969
135730 0.007622
135740 0.005553
135750 0.000173
135760 0.001014
135770 0.005816
135780 0.001197
135790 0.006489
135800 0.002573
135810 0.004574
135820 0.002222
135830 0.002942
135840 0.005524
135850 0.001869
135860 0.010872
135870 0.001473
135880 0.006885
135890 0.009517
135900 0.005367
135910 0.005274
135920 0.010386
135930 0.003738
135940 0.001180
135950 0.015439
135960 0.006688
135970 0.010213
135980 0.011955
135990 -0.001631
136000 0.016196
136010 14.045981
136020 0.003337
136030 0.008001
136040 0.002956
136050 0.004733
136060 0.008660
136070 -0.000034
136080 0.003324
136090 0.005110
136100 0.000338
136110 0.004600
136120 0.000916
136130 0.002913
136140 0.015657
136150 0.005978
136160 -0.000715
136170 0.003720
136180 0.010516
136190 0.004231
136200 0.000485
136210 0.016759
136220 0.006106
136230 0.003793
136240 0.006575
136250 0.006986
136260 0.005319
136270 0.005582
136280 0.000759
136290 0.012586
136300 -0.001367
136310 0.002012
136320 0.005751
136330 0.004317
136340 0.001887
136350 0.006658
136360 0.007381
136370 0.010085
136380 0.000250
136390 -0.000162
136400 0.001132
136410 0.002156
136420 0.014242
136430 0.001175
136440 0.014091
136450 0.005238
136460 0.006583
136470 0.008233
136480 0.004000
136490 0.006172
136500 0.004417
136510 0.007573
136520 0.006723
136530 0.010689
136540 0.001614
136550 0.000474
136560 0.005455
136570 0.007663
136580 0.002310
136590 0.006545
136600 0.007663
136610 0.008442
136620 0.007339
136630 0.003072
136640 0.008555
136650 0.000984
136660 0.008236
136670 0.002661
136680 0.012656
136690 0.005318
136700 0.007279
136710 0.005552
136720 0.008080
136730 0.000550
136740 0.004640
136750 0.003843
136760 0.006248
136770 0.004686
136780 0.011120
136790 0.009497
136800 0.007236
136810 0.000323
136820 -0.001188
136830 0.003649
136840 0.000774
136850 0.011092
136860 0.002479
136870 0.004179
136880 0.004953
136890 0.002713
136900 0.002306
136910 0.005429
136920 0.002932
136930 0.014904
136940 0.005134
136950 0.004169
136960 0.004953
136970 0.008191
136980 0.009541
136990 0.009235
137000 -0.001526
137010 0.004394
137020 0.007092
137030 0.005472
137040 0.008515
137050 0.008319
137060 0.008295
137070 0.004746
137080 0.016311
137090 0.006428
137100 0.004736
137110 0.010842
137120 0.006431
137130 0.008534
137140 0.007573
137150 0.014579
137160 0.011392
137170 0.019786
137180 0.013320
137190 0.014060
137200 0.009167
137210 0.002440
137220 0.001787
137230 0.006772
137240 0.006160
137250 0.010603
137260 0.014126
137270 0.004801
137280 0.013067
137290 0.012569
137300 0.003165
137310 0.019713
137320 0.004764
137330 0.005434
137340 0.013939
137350 0.012506
137360 0.006986
137370 0.011587
137380 0.004429
137390 0.011199
137400 0.004503
137410 0.009891
137420 -0.000797
137430 0.014556
137440 0.012077
137450 0.025818
137460 0.004366
137470 0.008801
137480 0.003446
137490 0.000752
137500 0.003547
137510 0.007642
137520 0.003907
137530 0.007068
137540 0.007549
137550 0.015914
137560 0.011603
137570 0.002789
137580 0.015263
137590 0.025263
137600 0.015007
137610 0.002622
137620 -0.000293
137630 0.007271
137640 0.009024
137650 0.005187
137660 0.006751
137670 0.003725
137680 0.007792
137690 0.017909
137700 0.009000
137710 0.019199
137720 0.005134
137730 0.010115
137740 0.018113
137750 0.013434
137760 0.007807
137770 0.003569
137780 0.002469
137790 0.018718
137800 0.007438
137810 0.014580
137820 0.020706
137830 0.001577
137840 0.015200
137850 0.009855
137860 0.011113
137870 0.012835
137880 0.004466
137890 0.011980
137900 0.005808
137910 0.005035
137920 0.005662
137930 0.003583
137940 0.003303
137950 0.011392
137960 0.015389
137970 0.011653
137980 0.003942
137990 0.016560
138000 0.000372
138010 0.003321
138020 0.008342
138030 0.006343
138040 0.004189
138050 0.005690
138060 -0.000531
138070 0.009304
138080 0.003742
138090 0.001031
138100 0.001099
138110 0.001946
138120 0.006204
138130 0.007993
138140 0.004571
138150 0.007966
138160 0.007650
138170 0.013558
138180 0.003935
138190 -0.000635
138200 0.003538
138210 0.010466
138220 0.005751
138230 0.015835
138240 0.001270
138250 0.004554
138260 0.005614
138270 -0.003935
138280 0.004377
138290 0.004327
138300 0.001055
138310 0.001259
138320 0.003277
138330 -0.000247
138340 0.003210
138350 0.007112
138360 0.006084
138370 0.004145
138380 0.006320
138390 0.006692
138400 0.002897
138410 0.002521
138420 -0.002100
138430 0.016162
138440 0.004143
138450 0.004527
138460 0.006639
138470 0.008283
138480 0.011563
138490 0.007375
138500 0.003701
138510 0.003122
138520 0.004791
138530 -0.002381
138540 0.003355
138550 0.008482
138560 0.003846
138570 0.010680
138580 0.006687
138590 0.004982
138600 0.006492
138610 0.007552
138620 0.004907
138630 0.005207
138640 0.018332
138650 0.010245
138660 0.022855
138670 0.007224
138680 0.007302
138690 0.024322
138700 0.014058
138710 0.012828
138720 0.017027
138730 0.005163
138740 0.010284
138750 0.001663
138760 0.009358
138770 0.013678
138780 0.000269
138790 0.024670
138800 0.006106
138810 0.003708
138820 0.007726
138830 0.005187
138840 0.013110
138850 0.003558
138860 0.011545
138870 0.005351
138880 0.015107
138890 0.010420
138900 0.000243
138910 0.003621
138920 0.000723
138930 0.007185
138940 0.011705
138950 0.004457
138960 0.001700
138970 0.011408
138980 0.002619
138990 0.005522
139000 0.010060
139010 0.003190
139020 0.006327
139030 0.001776
139040 0.016085
139050 0.023327
139060 0.010164
139070 0.007315
139080 0.016525
139090 0.023345
139100 0.000352
139110 0.018540
139120 0.009757
139130 0.018910
139140 0.006386
139150 0.003762
139160 0.006281
139170 0.006857
139180 0.019994
139190 0.010799
139200 0.009950
139210 0.007613
139220 0.009841
139230 0.008508
139240 0.004629
139250 0.002460
139260 0.011813
139270 0.003501
139280 0.004831
139290 0.008299
139300 0.006066
139310 0.003543
139320 0.001226
139330 0.008046
139340 0.010195
139350 0.001626
139360 0.003412
139370 0.007090
139380 0.013162
139390 0.004576
139400 0.007210
139410 0.013489
139420 0.004200
139430 0.003770
139440 0.015421
139450 0.004670
139460 0.008689
139470 0.012608
139480 0.002625
139490 0.006201
139500 0.002443
139510 0.006795
139520 0.006363
139530 0.003458
139540 0.011449
139550 0.004722
139560 0.006555
139570 0.002596
139580 0.019654
139590 0.012204
139600 0.016856
139610 0.001826
139620 0.018041
139630 0.004580
139640 0.006906
139650 0.022972
139660 0.005419
139670 0.009019
139680 0.007781
139690 0.005389
139700 0.003778
139710 -0.000110
139720 0.002928
139730 0.004308
139740 0.011021
139750 0.018770
139760 0.002335
139770 -0.000758
139780 -0.002006
139790 0.002051
139800 0.001344
139810 0.005259
139820 0.006139
139830 0.004479
139840 0.004756
139850 0.009142
139860 0.007596
139870 0.007376
139880 0.004485
139890 0.008089
139900 0.001680
139910 0.005980
139920 0.002640
139930 -0.000263
139940 0.003938
139950 0.015379
139960 0.007253
139970 0.006878
139980 0.002255
139990 0.004127
140000 0.002600
140010 0.001466
140020 0.006667
140030 0.001161
140040 0.007132
140050 0.004771
140060 0.005355
140070 0.007721
140080 0.025620
140090 0.019413
140100 0.002885
140110 0.004074
140120 0.001881
140130 0.005778
140140 0.001747
140150 0.013236
140160 0.007501
140170 0.001523
140180 0.006854
140190 0.006048
140200 0.008905
140210 0.009495
140220 0.001485
140230 0.005483
140240 0.007793
140250 0.012031
140260 0.002315
140270 0.005112
140280 0.001710
140290 0.002376
140300 0.009297
140310 0.008547
140320 0.002231
140330 0.005341
140340 0.001717
140350 0.002463
140360 0.001855
140370 0.004774
140380 0.002820
140390 -0.001191
140400 0.001258
140410 0.005706
140420 -0.001161
140430 0.001010
140440 0.003610
140450 -0.004247
140460 0.000454
140470 0.001396
140480 0.002443
140490 0.007329
140500 0.007586
140510 -0.001933
140520 0.002312
140530 0.000792
140540 0.001776
140550 0.000311
140560 0.000960
140570 0.002137
140580 0.003143
140590 0.006767
140600 0.005951
140610 0.009924
140620 0.003472
140630 0.004510
140640 0.002435
140650 -0.004614
140660 0.004317
140670 0.003749
140680 0.002904
140690 0.005029
140700 14.041028
140710 -0.000420
140720 0.007470
140730 0.004692
140740 0.009037
140750 0.014000
140760 0.003619
140770 -0.001495
140780 0.002736
140790 0.007823
140800 0.004177
140810 0.003794
140820 0.002476
140830 0.006719
140840 -0.000149
140850 0.005877
140860 0.003117
140870 0.002259
140880 0.007031
140890 0.003724
140900 0.001762
140910 0.002250
140920 0.002217
140930 0.020717
140940 0.009545
140950 0.008042
140960 0.011753
140970 0.001171
140980 0.007353
140990 0.004144
141000 0.000751
141010 -0.000274
141020 0.004007
141030 0.001581
141040 -0.003064
141050 0.005179
141060 0.000477
141070 0.005951
141080 0.004265
141090 0.001597
141100 0.008116
141110 0.002710
141120 0.003123
141130 0.003182
141140 0.003491
141150 0.006641
141160 0.004369
141170 0.003085
141180 0.001979
141190 0.006193
141200 0.002793
141210 0.006815
141220 0.013414
141230 0.002178
141240 0.009153
141250 0.001269
141260 0.009285
141270 0.002331
141280 0.004995
141290 0.001813
141300 0.009881
141310 0.000632
141320 0.011824
141330 0.003888
141340 0.001204
141350 0.001898
141360 0.002960
141370 0.003583
141380 0.000290
141390 0.003603
141400 0.004785
141410 0.008953
141420 0.003968
141430 0.005691
141440 0.005119
141450 0.006157
141460 -0.003506
141470 -0.001355
141480 0.002946
141490 0.005883
141500 0.000922
141510 0.004942
141520 0.003571
141530 0.001118
141540 -0.000346
141550 0.002240
141560 0.001038
141570 0.009692
141580 0.001713
141590 0.007773
141600 0.003133
141610 0.006476
141620 0.003058
141630 0.003478
141640 0.003329
141650 0.002110
141660 0.003509
141670 0.002983
141680 0.008807
141690 0.008107
141700 0.000923
141710 0.003411
141720 0.005585
141730 -0.001084
141740 0.004951
141750 0.003200
141760 0.010529
141770 0.002953
141780 0.002362
141790 0.004690
141800 0.001299
141810 0.008834
141820 0.002561
141830 0.002801
141840 0.000256
141850 0.003435
141860 0.006722
141870 0.004722
141880 0.000709
141890 0.002115
141900 0.007445
141910 0.002770
141920 0.004057
141930 0.001258
141940 0.002564
141950 -0.000611
141960 0.003763
141970 0.003101
141980 0.003580
141990 0.003093
142000 -0.001119
142010 0.002126
142020 14.009554
142030 -0.001061
142040 0.002936
142050 0.001772
142060 -0.000869
142070 0.001460
142080 0.003542
142090 0.005616
142100 0.002344
142110 0.000952
142120 0.008736
142130 0.003782
142140 0.001381
142150 0.003430
142160 -0.003067
142170 -0.001156
142180 0.008243
142190 0.003161
142200 0.013431
142210 0.000994
142220 0.010488
142230 0.008234
142240 0.005907
142250 0.017230
142260 0.007279
142270 0.009155
142280 0.012179
142290 0.002311
142300 0.005041
142310 0.002767
142320 0.002637
142330 0.002323
142340 0.005878
142350 0.001868
142360 0.007457
142370 0.010075
142380 0.004849
142390 0.003894
142400 0.011918
142410 0.002979
142420 0.001796
142430 0.004396
142440 0.004642
142450 0.004455
142460 0.008873
142470 0.004521
142480 0.007545
142490 -0.003085
142500 14.001477
142510 0.002290
142520 0.003996
142530 -0.000183
142540 0.002594
142550 0.001616
142560 0.001752
142570 0.002038
142580 -0.001481
142590 0.005361
142600 0.007568
142610 0.007931
142620 -0.000097
142630 0.005215
142640 0.000736
142650 -0.000180
142660 0.003277
142670 0.001427
142680 0.002155
142690 0.002163
142700 0.002154
142710 0.007924
142720 0.004123
142730 0.002806
142740 0.014037
142750 0.001242
142760 0.006376
142770 0.003058
142780 0.002778
142790 0.002357
142800 -0.000357
142810 0.009774
142820 0.002504
142830 0.002665
142840 0.007211
142850 0.005603
142860 0.003017
142870 0.001283
142880 0.001848
142890 0.007146
142900 0.004664
142910 0.002566
142920 0.010834
142930 0.003141
142940 -0.002566
142950 0.004474
142960 0.013078
142970 0.001595
142980 0.001857
142990 0.000304
143000 0.016279
143010 0.004837
143020 0.010611
143030 0.005922
143040 0.005683
143050 0.001887
143060 0.003765
143070 0.010776
143080 -0.000613
143090 0.002392
143100 0.000704
143110 -0.000312
143120 0.003106
143130 0.001792
143140 0.000591
143150 0.001415
143160 0.001153
143170 0.004285
143180 0.006034
143190 0.005692
143200 0.007057
143210 0.003106
143220 0.007727
143230 -0.002324
143240 0.006066
143250 -0.001952
143260 0.003450
143270 0.001083
143280 0.002605
143290 0.004182
143300 -0.002324
143310 -0.001566
143320 14.038087
143330 0.008993
143340 0.011496
143350 0.017283
143360 0.007353
143370 0.004743
143380 -0.000481
143390 0.001840
143400 0.002642
143410 0.000262
143420 0.009300
143430 0.003383
143440 0.004477
143450 -0.000428
143460 0.004948
143470 0.001088
143480 0.002081
143490 0.000776
143500 0.005585
143510 -0.000015
143520 0.003201
143530 0.002578
143540 0.002736
143550 -0.000939
143560 -0.000443
143570 -0.001957
143580 0.001879
143590 0.007608
143600 0.006028
143610 0.001656
143620 0.007895
143630 0.003385
143640 0.004273
143650 0.000490
143660 0.002856
143670 0.010314
143680 -0.002203
143690 0.001366
143700 0.002526
143710 0.001986
143720 0.002281
143730 0.001602
143740 -0.002155
143750 -0.000981
143760 0.000833
143770 0.000820
143780 0.000980
143790 0.009435
143800 0.002706
143810 -0.000026
143820 -0.001101
143830 0.002070
143840 -0.000033
143850 0.001714
143860 0.002194
143870 0.002961
143880 0.003944
143890 0.000276
143900 0.001699
143910 0.005343
143920 0.005398
143930 0.001703
143940 0.006587
143950 0.005228
143960 0.008087
143970 0.001024
143980 0.003222
143990 0.005116
144000 0.005399
144010 0.001758
144020 0.003526
144030 0.021305
144040 -0.000157
144050 0.005312
144060 0.006619
144070 0.001118
144080 0.004503
144090 0.003419
144100 0.004141
144110 0.013065
144120 0.002034
144130 0.007221
144140 -0.000764
144150 0.006380
144160 0.007884
144170 0.005281
144180 0.003261
144190 0.002037
144200 0.004183
144210 0.006052
144220 0.006755
144230 0.003560
144240 -0.001406
144250 0.000625
144260 0.011908
144270 0.014833
144280 0.005599
144290 0.009849
144300 0.009064
144310 0.005556
144320 0.007250
144330 0.006956
144340 0.002250
144350 0.006197
144360 0.004811
144370 0.002046
144380 0.006041
144390 0.020690
144400 0.008107
144410 0.004359
144420 0.002988
144430 0.004417
144440 0.008487
144450 0.008412
144460 0.003389
144470 0.000096
144480 -0.002614
144490 0.007758
144500 0.005657
144510 0.001570
144520 0.002176
144530 0.000777
144540 0.009321
144550 0.000049
144560 0.003054
144570 0.001779
144580 0.004965
144590 0.004100
144600 0.009369
144610 0.001792
144620 -0.000487
144630 0.002297
144640 0.008453
144650 0.004456
144660 -0.000463
144670 0.010603
144680 0.002035
144690 0.003524
144700 0.004806
144710 0.003379
144720 0.009314
144730 0.006122
144740 0.006728
144750 0.021019
144760 0.015786
144770 0.004664
144780 0.002976
144790 0.007292
144800 0.006058
144810 0.008736
144820 0.008538
144830 0.005247
144840 0.005343
144850 -0.001022
144860 0.005202
144870 0.000264
144880 -0.000867
144890 0.003741
144900 0.000409
144910 0.002323
144920 0.006111
144930 0.004672
144940 0.005164
144950 0.000895
144960 0.005200
144970 0.005300
144980 -0.001272
144990 0.003387
145000 0.003715
145010 0.004399
145020 0.004955
145030 0.003691
145040 0.002435
145050 0.007080
145060 0.002488
145070 0.002748
145080 0.003520
145090 0.001497
145100 0.003458
145110 0.008728
145120 0.004728
145130 0.003890
145140 0.000655
145150 0.001177
145160 0.015818
145170 0.003010
145180 0.001851
145190 0.003579
145200 0.004580
145210 0.005711
145220 0.004384
145230 14.004344
145240 0.001859
145250 0.007174
145260 0.005464
145270 0.005616
145280 0.005016
145290 0.004820
145300 0.005468
145310 0.001246
145320 0.003653
145330 0.003443
145340 0.006562
145350 0.002045
145360 0.006941
145370 0.002061
145380 0.004850
145390 0.001450
145400 0.003157
145410 0.003463
145420 0.001516
145430 0.002689
145440 0.002646
145450 -0.002219
145460 0.009300
145470 -0.000035
145480 0.008176
145490 0.001019
145500 0.003702
145510 0.005003
145520 0.000885
145530 0.003171
145540 0.003749
145550 0.004246
145560 0.006197
145570 0.000374
145580 -0.000731
145590 0.003012
145600 0.004383
145610 0.003906
145620 0.003036
145630 0.003907
145640 0.003919
145650 0.003515
145660 0.004075
145670 0.000979
145680 0.004043
145690 -0.001814
145700 0.002344
145710 0.004859
145720 0.001995
145730 0.002184
145740 -0.000926
145750 0.009220
145760 0.005572
145770 0.003684
145780 0.012052
145790 0.000397
145800 0.001535
145810 0.001740
145820 0.005571
145830 0.002515
145840 0.006517
145850 0.004450
145860 -0.001049
145870 0.004679
145880 0.000238
145890 -0.002219
145900 0.005563
145910 0.001071
145920 0.002176
145930 0.001478
145940 0.001164
145950 -0.002421
145960 0.003786
145970 0.011341
145980 0.009561
145990 0.003139
146000 0.035961
146010 0.002028
146020 0.007013
146030 0.006048
146040 0.007209
146050 0.005436
146060 0.005498
146070 0.009271
146080 0.005747
146090 0.009965
146100 0.004939
146110 0.007093
146120 0.007350
146130 0.005840
146140 0.009440
146150 0.004237
146160 0.007275
146170 0.003360
146180 0.002570
146190 0.006267
146200 0.002080
146210 0.000187
146220 0.002426
146230 0.006841
146240 -0.001826
146250 0.003188
146260 0.004830
146270 0.000790
146280 0.009348
146290 0.003213
146300 0.008217
146310 0.009540
146320 0.002840
146330 0.008788
146340 0.003377
146350 0.009829
146360 0.007358
146370 0.008861
146380 0.002023
146390 0.017792
146400 0.001232
146410 0.001653
146420 0.000589
146430 0.000953
146440 0.003890
146450 0.015242
146460 0.008439
146470 0.001943
146480 0.003406
146490 0.006388
146500 0.004357
146510 0.013748
146520 0.015728
146530 -0.005454
146540 0.005034
146550 0.003567
146560 -0.001214
146570 0.002511
146580 0.001526
146590 0.007363
146600 0.012862
146610 0.019063
146620 0.007115
146630 0.004354
146640 0.001609
146650 0.001151
146660 0.000827
146670 0.012949
146680 0.018841
146690 0.003211
146700 0.008188
146710 0.005660
146720 0.011596
146730 0.007095
146740 0.005384
146750 0.002424
146760 0.002707
146770 0.000581
146780 0.001720
146790 0.004304
146800 0.004063
146810 0.001408
146820 0.002100
146830 0.007160
146840 0.014874
146850 0.023534
146860 0.005101
146870 0.008154
146880 0.001047
146890 0.007693
146900 0.010589
146910 0.001874
146920 0.009791
146930 0.009697
146940 0.005411
146950 0.006317
146960 0.015659
146970 0.007261
146980 0.004618
146990 0.017617
147000 0.019984
147010 0.008846
147020 0.018558
147030 0.021675
147040 0.013027
147050 0.021984
147060 0.020067
147070 0.012782
147080 0.006667
147090 0.006230
147100 0.009676
147110 0.016613
147120 0.008464
147130 0.010473
147140 0.009469
147150 0.022339
147160 0.007536
147170 0.012718
147180 0.008201
147190 0.005026
147200 0.012269
147210 0.009428
147220 0.015889
147230 0.006777
147240 0.011362
147250 0.016532
147260 0.007585
147270 0.002913
147280 0.021917
147290 0.005787
147300 0.011838
147310 0.002355
147320 0.016113
147330 0.017551
147340 0.007508
147350 0.014541
147360 0.012519
147370 0.005921
147380 0.016581
147390 0.000575
147400 0.026675
147410 0.011962
147420 0.011824
147430 0.007949
147440 0.010881
147450 0.012453
147460 0.001711
147470 0.010910
147480 0.008686
147490 0.006420
147500 0.010125
147510 0.003624
147520 0.003560
147530 0.008967
147540 0.014047
147550 0.005807
147560 0.006934
147570 0.005048
147580 0.000126
147590 0.005136
147600 0.007061
147610 0.015456
147620 0.023162
147630 0.025618
147640 0.006354
147650 0.023383
147660 0.017002
147670 0.038003
147680 0.021471
147690 0.024050
147700 0.027582
147710 0.024521
147720 0.044124
147730 0.021747
147740 0.041060
147750 0.009979
147760 0.016951
147770 0.022479
147780 0.008435
147790 0.013958
147800 0.009282
147810 0.012880
147820 0.011655
147830 0.029729
147840 0.005038
147850 0.019530
147860 0.007488
147870 0.015289
147880 0.005901
147890 0.009238
147900 0.008945
147910 14.005862
147920 -0.004728
147930 0.007356
147940 0.012669
147950 0.005643
147960 0.013159
147970 0.001911
147980 0.016559
147990 0.007124
148000 0.011301
148010 14.039928
148020 0.012435
148030 0.007005
148040 0.011187
148050 0.005204
148060 0.003886
148070 0.003194
148080 0.008413
148090 0.009398
148100 0.005890
148110 0.010737
148120 0.005506
148130 0.013950
148140 0.000720
148150 0.013171
148160 0.005497
148170 0.012011
148180 0.011515
148190 0.004753
148200 0.005653
148210 0.006224
148220 0.004928
148230 0.003102
148240 0.009475
148250 0.004305
148260 0.005270
148270 0.011298
148280 0.005441
148290 0.004477
148300 0.011007
148310 0.008380
148320 0.006394
148330 0.007689
148340 0.005944
148350 0.011432
148360 0.007489
148370 0.007466
148380 0.003002
148390 0.008541
148400 0.007318
148410 0.005580
148420 0.005242
148430 0.014757
148440 0.004945
148450 0.005318
148460 0.009288
148470 0.007852
148480 0.006097
148490 0.012861
148500 0.000962
148510 0.015918
148520 0.007235
148530 0.005430
148540 0.006841
148550 0.005215
148560 0.010913
148570 0.005404
148580 0.000416
148590 0.018541
148600 0.002532
148610 0.017305
148620 0.007130
148630 0.000352
148640 0.008877
148650 0.016165
148660 0.016241
148670 0.004520
148680 0.005853
148690 0.011666
148700 0.012725
148710 0.005830
148720 0.009838
148730 0.010609
148740 0.008188
148750 0.004302
148760 0.003458
148770 0.004851
148780 0.004296
148790 0.006354
148800 0.005483
148810 0.011801
148820 0.011005
148830 0.002783
148840 0.007225
148850 0.006491
148860 0.005301
148870 0.011969
148880 0.009626
148890 0.007574
148900 0.019742
148910 0.006316
148920 0.007017
148930 0.008469
148940 0.004788
148950 0.004560
148960 0.002459
148970 0.004798
148980 0.002985
148990 0.001042
149000 0.004318
149010 0.009054
149020 0.014184
149030 0.002885
149040 0.005161
149050 0.008362
149060 0.002752
149070 0.004774
149080 0.005996
149090 0.011107
149100 0.006755
149110 0.006687
149120 0.004440
149130 0.007096
149140 0.014855
149150 0.005250
149160 0.002175
149170 0.003109
149180 0.013143
149190 0.004192
149200 0.005458
149210 0.016300
149220 0.010748
149230 0.002349
149240 0.012334
149250 0.012978
149260 0.006924
149270 0.013683
149280 0.007773
149290 0.008734
149300 0.000988
149310 0.004607
149320 0.000376
149330 0.009138
149340 0.009959
149350 0.012158
149360 0.008312
149370 0.010692
149380 0.004073
149390 0.009767
149400 0.005595
149410 0.005050
149420 0.018519
149430 0.003280
149440 0.002364
149450 0.013535
149460 0.004250
149470 0.012198
149480 -0.000216
149490 0.008838
149500 0.015188
149510 0.006287
149520 0.004058
149530 0.003238
149540 0.003213
149550 0.005051
149560 0.011270
149570 0.007050
149580 0.015062
149590 0.013562
149600 0.007485
149610 0.000264
149620 0.004931
149630 -0.002348
149640 0.003168
149650 -0.000378
149660 0.001304
149670 0.004491
149680 0.002887
149690 0.003827
149700 0.006216
149710 0.009724
149720 0.010033
149730 0.003124
149740 0.003566
149750 0.010069
149760 0.009015
149770 0.002689
149780 0.008506
149790 0.009447
149800 -0.002892
149810 0.014936
149820 0.007986
149830 0.003784
149840 0.010553
149850 0.001961
149860 0.002855
149870 0.005033
149880 0.003259
149890 0.018334
149900 0.009756
149910 0.004444
149920 0.001200
149930 0.014143
149940 0.003674
149950 0.004234
149960 0.004204
149970 0.005054
149980 0.010962
149990 0.005857
150000 0.006103
150010 0.006571
150020 14.053187
150030 0.009533
150040 0.002590
150050 0.004104
150060 0.003767
150070 0.013073
150080 0.005984
150090 0.005531
150100 0.007681
150110 0.018231
150120 0.007360
150130 0.005212
150140 0.008122
150150 0.008807
150160 0.008988
150170 0.012134
150180 0.007721
150190 0.010806
150200 0.010557
150210 0.013168
150220 0.014207
150230 0.003395
150240 0.000907
150250 0.003637
150260 0.003120
150270 0.006337
150280 -0.002716
150290 0.006465
150300 0.006338
150310 0.007805
150320 0.004046
150330 0.010101
150340 0.003442
150350 0.006806
150360 0.006395
150370 0.008737
150380 0.005931
150390 0.012143
150400 0.008580
150410 0.004172
150420 14.030199
150430 -0.002535
150440 0.001121
150450 0.000280
150460 0.005934
150470 0.005710
150480 0.002120
150490 0.002601
150500 0.006109
150510 0.005110
150520 0.008020
150530 0.012119
150540 0.003516
150550 -0.002563
150560 0.010853
150570 0.010223
150580 0.005915
150590 0.009566
150600 0.002767
150610 0.001017
150620 0.009832
150630 0.008193
150640 0.009481
150650 0.003814
150660 0.001535
150670 0.002673
150680 0.000448
150690 0.007205
150700 0.004411
150710 -0.000165
150720 -0.002327
150730 0.007821
150740 0.007866
150750 0.010278
150760 0.004800
150770 0.003306
150780 0.009475
150790 0.014117
150800 0.016226
150810 0.011065
150820 0.005644
150830 0.022377
150840 0.037688
150850 0.003869
150860 0.018462
150870 0.012683
150880 0.006857
150890 0.005636
150900 0.016609
150910 0.011588
150920 0.022939
150930 0.013375
150940 0.011884
150950 0.008059
150960 0.014564
150970 0.017895
150980 0.008744
150990 0.010500
151000 0.021368
151010 0.022120
151020 0.009473
151030 0.015562
151040 0.016375
151050 0.012098
151060 0.010897
151070 0.020518
151080 0.003380
151090 0.030708
151100 0.016312
151110 0.003165
151120 0.005639
151130 0.033941
151140 0.003900
151150 0.013048
151160 0.005003
151170 0.012908
151180 0.011729
151190 0.017647
151200 0.011046
151210 0.008446
151220 0.019440
151230 0.005279
151240 0.012407
151250 0.007076
151260 0.008685
151270 0.003706
151280 0.012124
151290 0.005267
151300 0.018196
151310 0.014275
151320 0.004711
151330 0.009733
151340 0.009766
151350 0.001405
151360 0.018461
151370 0.008984
151380 0.014389
151390 0.018374
151400 -0.001714
151410 0.005903
151420 0.007345
151430 0.009263
151440 0.003788
151450 0.006888
151460 0.005118
151470 0.017598
151480 0.015263
151490 0.006516
151500 0.001545
151510 0.013103
151520 0.009692
151530 0.010326
151540 0.000597
151550 0.000052
151560 0.018880
151570 0.009463
151580 0.013930
151590 0.006360
151600 0.007222
151610 0.006139
151620 0.014539
151630 0.010689
151640 0.015974
151650 0.012108
151660 0.013127
151670 0.013514
151680 0.015143
151690 0.014630
151700 0.005661
151710 0.008029
151720 0.007584
151730 0.006089
151740 0.006548
151750 0.004571
151760 0.002669
151770 0.008227
151780 0.004478
151790 0.006696
151800 0.004682
151810 0.017107
151820 0.009216
151830 0.009352
151840 0.009105
151850 0.005906
151860 0.008137
151870 0.017415
151880 0.006911
151890 0.011523
151900 0.013051
151910 0.038944
151920 0.021401
151930 0.004703
151940 0.010817
151950 0.006955
151960 0.008449
151970 0.013512
151980 0.013027
151990 0.012649
152000 0.007360
152010 0.011999
152020 0.013736
152030 0.004523
152040 0.008579
152050 0.007500
152060 0.012568
152070 0.022154
152080 0.015962
152090 0.008855
152100 -0.004750
152110 0.012633
152120 0.005683
152130 0.002466
152140 0.005595
152150 0.001109
152160 0.011357
152170 0.006880
152180 0.007292
152190 14.021543
152200 0.002354
152210 0.003539
152220 0.003703
152230 0.017064
152240 0.004278
152250 0.009258
152260 0.008182
152270 0.007378
152280 0.005982
152290 0.006926
152300 0.008129
152310 0.014435
152320 0.003684
152330 0.012695
152340 0.005424
152350 0.005981
152360 0.008556
152370 0.003292
152380 -0.000093
152390 0.001983
152400 0.002105
152410 0.006272
152420 0.001053
152430 0.004767
152440 -0.002843
152450 0.001918
152460 0.002452
152470 0.005520
152480 0.006097
152490 0.009395
152500 0.005478
152510 0.015520
152520 0.017363
152530 0.008001
152540 0.012834
152550 0.004250
152560 0.000388
152570 0.010494
152580 0.005288
152590 0.009845
152600 0.003986
152610 0.008430
152620 0.009961
152630 0.006200
152640 0.010252
152650 0.010517
152660 0.009315
152670 0.039165
152680 0.002660
152690 0.006654
152700 0.003434
152710 0.005740
152720 0.005705
152730 0.004476
152740 0.007268
152750 0.002138
152760 0.007831
152770 0.011085
152780 0.072104
152790 0.012299
152800 -0.001652
152810 0.003137
152820 0.004097
152830 0.019443
152840 0.009175
152850 0.006242
152860 0.008783
152870 0.004978
152880 0.007064
152890 0.003098
152900 0.012767
152910 0.008924
152920 0.005143
152930 0.006442
152940 0.003510
152950 0.005406
152960 0.002192
152970 0.010185
152980 0.009787
152990 0.001057
153000 0.006927
153010 0.007441
153020 0.007625
153030 0.006284
153040 0.006512
153050 0.002231
153060 0.005242
153070 0.006274
153080 0.003752
153090 0.002847
153100 0.003977
153110 0.005221
153120 0.009258
153130 0.009375
153140 0.001985
153150 0.001415
153160 0.000699
153170 0.004161
153180 -0.000288
153190 0.003120
153200 0.003287
153210 0.005468
153220 0.007203
153230 0.003285
153240 13.970604
153250 0.008232
153260 -0.002186
153270 0.004070
153280 0.005196
153290 0.002625
153300 0.003536
153310 -0.005191
153320 0.003477
153330 0.008332
153340 0.004386
153350 -0.001598
153360 0.004392
153370 0.003702
153380 0.009727
153390 14.012018
153400 0.012153
153410 -0.000878
153420 0.006127
153430 0.001466
153440 0.013117
153450 0.007770
153460 0.002130
153470 -0.000234
153480 0.001830
153490 -0.000179
153500 0.000509
153510 0.002225
153520 0.009704
153530 0.002532
153540 0.001315
153550 0.001682
153560 0.006381
153570 0.003306
153580 0.006851
153590 0.005131
153600 0.006309
153610 0.001643
153620 0.022166
153630 0.001467
153640 -0.001424
153650 0.003982
153660 0.002717
153670 0.001688
153680 0.003780
153690 0.009615
153700 0.004758
153710 0.001076
153720 0.000716
153730 0.010919
153740 -0.000328
153750 0.002482
153760 0.001652
153770 0.007023
153780 0.005446
153790 0.009364
153800 0.004965
153810 0.002634
153820 0.007314
153830 0.005858
153840 0.004929
153850 0.021576
153860 0.009871
153870 0.008197
153880 0.014173
153890 0.009428
153900 0.001915
153910 0.008363
153920 0.004476
153930 0.005478
153940 0.007985
153950 0.005003
153960 0.005071
153970 0.007244
153980 0.002440
153990 0.008962
154000 0.007187
154010 -0.000046
154020 0.005083
154030 0.001609
154040 0.002122
154050 0.004563
154060 0.025064
154070 0.003904
154080 0.007218
154090 0.008488
154100 0.002360
154110 0.008100
154120 0.002299
154130 0.017187
154140 0.005605
154150 0.015532
154160 0.005331
154170 0.000315
154180 0.003302
154190 0.004463
154200 0.005645
154210 14.027252
154220 0.009515
154230 0.009650
154240 0.009135
154250 0.009425
154260 -0.000950
154270 0.005314
154280 0.006470
154290 0.009271
154300 0.009245
154310 0.003697
154320 0.013169
154330 0.011409
154340 -0.001463
154350 0.003843
154360 0.007051
154370 0.012464
154380 0.005188
154390 0.008366
154400 0.012234
154410 0.003531
154420 0.001390
154430 0.003926
154440 0.006515
154450 0.025538
154460 0.008147
154470 0.010421
154480 0.013753
154490 0.018974
154500 0.011369
154510 0.004100
154520 0.006392
154530 0.000948
154540 0.003784
154550 0.003526
154560 0.012615
154570 0.006583
154580 0.015150
154590 0.003426
154600 0.004322
154610 0.007688
154620 0.002946
154630 0.002402
154640 0.006777
154650 0.000230
154660 0.000141
154670 0.004591
154680 0.004666
154690 0.000933
154700 0.005321
154710 0.014201
154720 0.010156
154730 0.007940
154740 0.004850
154750 0.001902
154760 -0.003319
154770 0.001204
154780 0.006030
154790 0.013518
154800 0.011199
154810 0.001526
154820 0.001414
154830 0.000543
154840 -0.000450
154850 0.003410
154860 0.013443
154870 0.002779
154880 0.002437
154890 -0.000633
154900 0.002882
154910 0.011864
154920 0.003401
154930 0.005781
154940 0.004176
154950 0.008437
154960 0.008906
154970 0.010733
154980 0.004597
154990 0.008039
155000 0.004201
155010 0.002095
155020 0.006406
155030 0.004719
155040 0.002742
155050 0.009844
155060 0.011279
155070 0.003158
155080 0.002405
155090 0.002015
155100 0.001934
155110 0.016454
155120 0.003857
155130 0.004835
155140 0.006942
155150 0.005542
155160 -0.000897
155170 0.007286
155180 0.000191
155190 0.003628
155200 0.007611
155210 0.009671
155220 0.006231
155230 0.003379
155240 0.006750
155250 0.003461
155260 0.002424
155270 0.000350
155280 0.000962
155290 0.004081
155300 0.003666
155310 0.002087
155320 0.002287
155330 0.004432
155340 0.000731
155350 0.006298
155360 0.004410
155370 0.004392
155380 0.005459
155390 0.006725
155400 0.002480
155410 0.007155
155420 0.018740
155430 0.005031
155440 -0.005886
155450 0.025772
155460 0.006109
155470 0.010383
155480 0.013791
155490 0.006219
155500 0.004928
155510 0.003358
155520 0.000241
155530 -0.001777
155540 0.001016
155550 0.004847
155560 0.001582
155570 0.002061
155580 -0.000381
155590 0.006174
155600 0.010774
155610 0.002366
155620 0.003051
155630 0.004152
155640 0.005114
155650 0.003786
155660 0.001853
155670 0.006730
155680 0.008159
155690 0.005457
155700 0.010051
155710 0.000476
155720 0.005150
155730 0.002683
155740 0.007197
155750 0.006731
155760 0.001839
155770 -0.001379
155780 0.009064
155790 0.025387
155800 0.006154
155810 0.003839
155820 0.003056
155830 0.005931
155840 0.003004
155850 0.003235
155860 0.001571
155870 0.004090
155880 0.002999
155890 0.003225
155900 0.000877
155910 0.006412
155920 0.003271
155930 0.001668
155940 0.000041
155950 0.006094
155960 0.006752
155970 0.005572
155980 0.001618
155990 0.006388
156000 0.005844
156010 0.016377
156020 0.007866
156030 0.008019
156040 0.001067
156050 0.010596
156060 0.001939
156070 0.002645
156080 0.000720
156090 0.007674
156100 0.007285
156110 0.002455
156120 0.000903
156130 0.007710
156140 0.017015
156150 0.002191
156160 0.004662
156170 0.005547
156180 0.007671
156190 0.005308
156200 0.015789
156210 0.000717
156220 0.003419
156230 0.004986
156240 -0.000884
156250 0.004360
156260 0.002902
156270 0.001654
156280 0.025030
156290 0.006277
156300 0.007567
156310 0.005454
156320 0.004249
156330 0.004790
156340 0.009463
156350 14.019060
156360 0.004421
156370 0.004452
156380 0.005448
156390 0.002289
156400 0.001132
156410 0.003577
156420 0.002284
156430 0.006137
156440 0.006745
156450 0.007538
156460 0.009999
156470 0.004714
156480 0.005616
156490 0.004798
156500 0.004984
156510 0.004171
156520 0.002786
156530 0.002360
156540 0.001750
156550 0.002810
156560 0.003960
156570 0.003147
156580 0.009610
156590 0.002740
156600 0.005119
156610 0.004236
156620 0.003701
156630 0.005783
156640 0.004778
156650 0.003322
156660 0.005182
156670 0.006512
156680 0.005285
156690 0.003862
156700 0.017713
156710 0.005935
156720 0.003924
156730 0.005149
156740 0.003384
156750 0.002670
156760 0.002729
156770 0.003356
156780 0.016871
156790 0.007180
156800 0.008686
156810 0.007977
156820 -0.000042
156830 0.006988
156840 0.001107
156850 0.020719
156860 0.010932
156870 0.011000
156880 0.012438
156890 0.009544
156900 0.006361
156910 0.011807
156920 0.023133
156930 0.007006
156940 0.007558
156950 0.012857
156960 0.012858
156970 0.007071
156980 0.015536
156990 0.003842
157000 0.003262
157010 0.012240
157020 0.010166
157030 0.008833
157040 0.009215
157050 0.007772
157060 0.015816
157070 0.004790
157080 0.006397
157090 0.006783
157100 0.005939
157110 0.003459
157120 0.005695
157130 0.003455
157140 0.005645
157150 0.002207
157160 0.010820
157170 0.006399
157180 0.015440
157190 0.003606
157200 0.012691
157210 0.008727
157220 0.014432
157230 0.003968
157240 0.006333
157250 0.008276
157260 0.003046
157270 0.009873
157280 0.000456
157290 0.008990
157300 0.002672
157310 0.003728
157320 0.003967
157330 0.007154
157340 0.004501
157350 0.005489
157360 0.009147
157370 13.989508
157380 0.004079
157390 0.010862
157400 0.011579
157410 0.008450
157420 0.016038
157430 0.005182
157440 0.006985
157450 0.005044
157460 0.006070
157470 0.020281
157480 0.009633
157490 0.005620
157500 0.014244
157510 0.004423
157520 0.007827
157530 0.005884
157540 0.001095
157550 0.011376
157560 0.005890
157570 0.002710
157580 0.018162
157590 0.017515
157600 0.006892
157610 -0.000803
157620 0.009279
157630 0.008997
157640 0.008444
157650 0.000966
157660 0.008524
157670 0.008260
157680 0.013861
157690 0.011148
157700 0.006141
157710 0.000249
157720 0.003335
157730 0.006438
157740 0.010556
157750 0.009785
157760 13.980397
157770 0.004556
157780 0.009461
157790 0.003639
157800 0.014222
157810 0.005182
157820 0.017995
157830 0.014104
157840 0.009148
157850 0.014696
157860 0.014079
157870 0.039930
157880 0.013185
157890 0.017951
157900 0.012995
157910 0.014671
157920 0.010223
157930 0.006431
157940 0.012456
157950 0.004203
157960 0.012972
157970 0.007938
157980 0.005604
157990 0.011614
158000 0.010966
158010 0.009831
158020 0.015410
158030 0.015781
158040 -0.000388
158050 0.005053
158060 0.013527
158070 0.011867
158080 0.013936
158090 0.006873
158100 0.010991
158110 0.002604
158120 0.002963
158130 0.002594
158140 0.009573
158150 0.013094
158160 0.007181
158170 0.010349
158180 0.003006
158190 0.003562
158200 0.006510
158210 0.013468
158220 0.012430
158230 0.008054
158240 0.006821
158250 0.006482
158260 0.002145
158270 0.006268
158280 0.008342
158290 0.007907
158300 0.005031
158310 0.001377
158320 0.005263
158330 0.004071
158340 0.011630
158350 -0.000112
158360 -0.001340
158370 0.002144
158380 0.006671
158390 0.008244
158400 0.018001
158410 -0.000331
158420 -0.000236
158430 0.007918
158440 0.009710
158450 0.006888
158460 0.004043
158470 0.000111
158480 0.006907
158490 0.005166
158500 0.004717
158510 0.008894
158520 0.008244
158530 0.006832
158540 0.010693
158550 0.005779
158560 0.007234
158570 0.007436
158580 0.009828
158590 0.005557
158600 0.008529
158610 0.006997
158620 0.003672
158630 -0.003705
158640 0.002952
158650 0.006912
158660 0.004896
158670 0.002314
158680 0.006881
158690 0.004322
158700 0.004451
158710 0.006302
158720 0.004673
158730 0.002692
158740 0.005636
158750 0.008930
158760 0.002752
158770 0.010526
158780 0.002376
158790 0.001088
158800 0.002881
158810 0.000776
158820 0.000597
158830 0.007978
158840 0.006166
158850 0.006904
158860 0.001242
158870 0.006552
158880 0.003123
158890 14.029031
158900 0.001770
158910 0.010623
158920 0.004829
158930 0.005755
158940 0.002141
158950 0.004066
158960 0.001548
158970 0.006555
158980 -0.000692
158990 0.008229
159000 0.005957
159010 0.002223
159020 0.004616
159030 0.005679
159040 0.002432
159050 0.003568
159060 0.001319
159070 0.000972
159080 0.007708
159090 0.011251
159100 0.002637
159110 0.014432
159120 0.013945
159130 0.009739
159140 0.001374
159150 0.007434
159160 0.005909
159170 0.014442
159180 -0.000883
159190 0.003321
159200 0.004507
159210 0.012653
159220 0.001998
159230 0.004953
159240 0.017481
159250 0.009961
159260 0.007767
159270 0.005890
159280 0.001529
159290 0.004488
159300 0.003068
159310 -0.001255
159320 0.007144
159330 0.006882
159340 0.006437
159350 0.004542
159360 0.001384
159370 0.007036
159380 0.004054
159390 0.007345
159400 0.002953
159410 0.012748
159420 0.008219
159430 0.004585
159440 0.007738
159450 0.006197
159460 0.005937
159470 0.006966
159480 0.003637
159490 0.004370
159500 0.000038
159510 0.004954
159520 0.008895
159530 0.012800
159540 0.000534
159550 0.007768
159560 0.007415
159570 0.009826
159580 0.007720
159590 0.003727
159600 0.004025
159610 0.006105
159620 0.002921
159630 0.003220
159640 0.010767
159650 0.009482
159660 -0.002957
159670 0.002437
159680 0.006950
159690 0.004440
159700 0.007410
159710 0.005171
159720 0.002520
159730 0.006302
159740 0.005449
159750 0.004433
159760 0.005181
159770 0.004864
159780 0.010409
159790 0.005706
159800 0.001655
159810 0.007143
159820 0.014772
159830 0.000308
159840 -0.003889
159850 0.004257
159860 0.006067
159870 -0.000723
159880 0.010926
159890 0.015067
159900 0.009299
159910 0.001087
159920 -0.002566
159930 0.004597
159940 0.015297
159950 0.004326
159960 0.009092
159970 0.008232
159980 0.005293
159990 0.001678
160000 0.008363
160010 0.006686
160020 0.005668
160030 0.003614
160040 0.005470
160050 0.005641
160060 0.028844
160070 0.005854
160080 0.008522
160090 0.003334
160100 0.007213
160110 0.006094
160120 0.008807
160130 0.008667
160140 0.003144
160150 0.009761
160160 0.019272
160170 0.006594
160180 0.007906
160190 0.007482
160200 0.014233
160210 0.006730
160220 0.004702
160230 0.009254
160240 0.005943
160250 0.016385
160260 0.007144
160270 0.015934
160280 0.014381
160290 0.009907
160300 0.006100
160310 0.008319
160320 0.008746
160330 0.005059
160340 0.007875
160350 0.009640
160360 0.002109
160370 0.006645
160380 0.005235
160390 0.012501
160400 0.011894
160410 0.009081
160420 0.006545
160430 0.007395
160440 0.007259
160450 0.006565
160460 0.012292
160470 0.015127
160480 0.002715
160490 0.014669
160500 0.005070
160510 0.004111
160520 0.013615
160530 0.001815
160540 0.012459
160550 0.012813
160560 0.013142
160570 0.008545
160580 0.001382
160590 0.019118
160600 0.005582
160610 0.011940
160620 0.010700
160630 0.006080
160640 0.016320
160650 0.009336
160660 0.005613
160670 0.011757
160680 0.010663
160690 0.006094
160700 0.005276
160710 0.002399
160720 0.011207
160730 0.009419
160740 0.008775
160750 0.009231
160760 0.013065
160770 0.010181
160780 0.001789
160790 0.010199
160800 0.007164
160810 0.022262
160820 0.009353
160830 0.003316
160840 0.002404
160850 0.006460
160860 0.007908
160870 0.009028
160880 0.010637
160890 0.007056
160900 0.010339
160910 0.011716
160920 0.006999
160930 0.013731
160940 0.014571
160950 -0.002355
160960 0.000625
160970 0.010793
160980 0.005712
160990 0.014041
161000 0.004598
161010 0.002316
161020 0.010875
161030 0.011053
161040 0.010369
161050 0.000849
161060 0.004864
161070 0.008077
161080 0.010639
161090 0.012256
161100 0.006468
161110 0.005229
161120 0.002972
161130 0.012331
161140 0.006115
161150 0.003058
161160 0.011457
161170 0.008032
161180 0.020739
161190 0.006673
161200 0.005756
161210 0.002787
161220 0.008620
161230 0.008610
161240 0.002450
161250 0.007814
161260 0.001679
161270 0.004786
161280 0.005208
161290 0.001070
161300 0.004441
161310 0.015934
161320 0.010463
161330 0.014517
161340 0.022110
161350 0.023595
161360 0.006648
161370 0.007909
161380 0.002061
161390 0.007749
161400 0.010036
161410 0.007325
161420 0.015523
161430 0.009680
161440 0.014506
161450 0.016549
161460 0.003520
161470 0.006215
161480 0.008503
161490 0.005210
161500 0.005414
161510 0.009483
161520 0.004835
161530 0.007714
161540 0.006419
161550 0.016257
161560 0.006311
161570 0.004890
161580 0.023514
161590 0.007609
161600 0.003412
161610 0.005447
161620 13.964838
161630 -0.001812
161640 0.007465
161650 0.002336
161660 0.003622
161670 0.011551
161680 -0.001090
161690 -0.001723
161700 0.006630
161710 0.008777
161720 0.004422
161730 0.007477
161740 0.001656
161750 0.006458
161760 0.010567
161770 0.006146
161780 0.004259
161790 0.004012
161800 0.004562
161810 0.004960
161820 0.008445
161830 -0.000828
161840 0.003816
161850 0.005558
161860 0.009228
161870 0.006080
161880 0.013171
161890 0.007157
161900 0.012562
161910 0.001293
161920 0.002967
161930 0.002093
161940 0.009411
161950 0.006216
161960 0.001914
161970 0.004767
161980 0.000311
161990 0.010971
162000 0.002833
162010 0.003457
162020 0.005348
162030 0.008907
162040 0.005224
162050 0.005675
162060 0.003272
162070 0.002432
162080 0.002599
162090 0.005533
162100 -0.000172
162110 0.002695
162120 0.004564
162130 0.002673
162140 0.006953
162150 0.002771
162160 0.007741
162170 0.006194
162180 0.004403
162190 0.003120
162200 0.002782
162210 0.001849
162220 0.005136
162230 0.037150
162240 0.000787
162250 0.006868
162260 0.006509
162270 0.003701
162280 0.003673
162290 -0.000605
162300 0.001690
162310 0.012862
162320 0.007281
162330 0.005275
162340 -0.000513
162350 0.001108
162360 -0.000093
162370 0.002326
162380 0.006189
162390 0.003626
162400 0.004202
162410 0.001764
162420 0.006798
162430 0.007526
162440 0.000188
162450 0.000010
162460 0.003210
162470 0.000530
162480 0.002982
162490 0.000902
162500 0.009076
162510 0.005631
162520 0.002130
162530 0.005112
162540 -0.003360
162550 0.004541
162560 0.009569
162570 0.006705
162580 0.000063
162590 -0.000548
162600 0.005981
162610 0.002445
162620 -0.001334
162630 0.000896
162640 0.003009
162650 0.005020
162660 0.000188
162670 0.003966
162680 0.004736
162690 0.004984
162700 0.002301
162710 0.005075
162720 0.001048
162730 0.007088
162740 0.013331
162750 0.003524
162760 0.007196
162770 0.003570
162780 0.006418
162790 0.002914
162800 0.007133
162810 0.013083
162820 0.005214
162830 0.004915
162840 -0.000107
162850 0.006113
162860 0.001175
162870 0.002301
162880 0.003606
162890 -0.000856
162900 0.002810
162910 0.006179
162920 0.002565
162930 0.002296
162940 0.007249
162950 0.000501
162960 0.002608
162970 -0.001013
162980 0.008165
162990 0.002767
163000 0.004296
163010 0.004416
163020 0.005850
163030 0.000812
163040 0.005937
163050 -0.002462
163060 0.006104
163070 0.007413
163080 0.003120
163090 -0.000535
163100 0.005108
163110 14.024580
163120 0.001965
163130 0.002491
163140 0.003671
163150 0.007320
163160 0.002235
163170 -0.001762
163180 0.003528
163190 0.003761
163200 -0.002976
163210 0.000893
163220 0.001086
163230 0.002552
163240 0.002172
163250 0.003692
163260 0.004993
163270 0.006446
163280 -0.000205
163290 0.005050
163300 0.004696
163310 0.009281
163320 0.007328
163330 0.005629
163340 0.000921
163350 0.009077
163360 0.006465
163370 0.001495
163380 0.005806
163390 0.006616
163400 0.003715
163410 0.006136
163420 0.010629
163430 0.000351
163440 0.007772
163450 0.003405
163460 0.003634
163470 0.005991
163480 0.005806
163490 0.002327
163500 0.012699
163510 0.010013
163520 0.007715
163530 0.006272
163540 0.000311
163550 0.008709
163560 0.004595
163570 0.005577
163580 0.008106
163590 0.007089
163600 0.000256
163610 0.005277
163620 0.004057
163630 0.004403
163640 0.003754
163650 0.002524
163660 0.000443
163670 0.003584
163680 0.002189
163690 0.005810
163700 0.004257
163710 0.003988
163720 0.002770
163730 0.003215
163740 0.001973
163750 0.005910
163760 0.002491
163770 0.006588
163780 0.001768
163790 0.014691
163800 0.002902
163810 0.003419
163820 0.009113
163830 -0.001759
163840 -0.000129
163850 0.006480
163860 0.005662
163870 0.004693
163880 0.002391
163890 0.003121
163900 0.005893
163910 0.006375
163920 0.002352
163930 0.005871
163940 0.003670
163950 0.004674
163960 0.002087
163970 0.005675
163980 0.007921
163990 0.008409
164000 0.010873
164010 0.002348
164020 0.008613
164030 0.004966
164040 0.000560
164050 0.001969
164060 0.006555
164070 0.005677
164080 0.003473
164090 0.008926
164100 0.009570
164110 0.004590
164120 0.001424
164130 0.001338
164140 0.001005
164150 0.006596
164160 0.004796
164170 0.003756
164180 0.004562
164190 -0.000353
164200 0.001295
164210 0.003057
164220 0.000632
164230 0.001294
164240 0.003745
164250 0.002086
164260 0.003589
164270 0.002435
164280 0.005300
164290 0.007293
164300 0.005568
164310 0.002058
164320 0.003854
164330 0.000849
164340 0.000441
164350 0.006893
164360 0.002294
164370 0.003315
164380 0.003624
164390 0.012066
164400 13.974861
164410 0.004070
164420 -0.001702
164430 0.001813
164440 0.004505
164450 0.004605
164460 0.000501
164470 0.001599
164480 -0.001157
164490 0.005243
164500 0.002841
164510 0.003593
164520 0.004998
164530 0.001135
164540 0.001053
164550 0.006590
164560 0.006420
164570 0.003173
164580 0.003173
164590 0.011132
164600 0.007253
164610 0.002821
164620 0.003058
164630 0.004232
164640 0.002586
164650 0.001696
164660 0.000528
164670 0.002353
164680 -0.000267
164690 0.001326
164700 0.001603
164710 -0.001610
164720 0.002794
164730 0.002881
164740 -0.000935
164750 0.001743
164760 0.001942
164770 0.006044
164780 0.004229
164790 0.001930
164800 0.003314
164810 0.007197
164820 0.002910
164830 0.001333
164840 0.005006
164850 0.006199
164860 0.009278
164870 0.001449
164880 0.004639
164890 -0.000804
164900 0.004756
164910 0.001808
164920 0.008460
164930 0.005947
164940 0.003156
164950 0.004054
164960 0.002705
164970 0.001709
164980 0.000506
164990 0.005752
165000 0.006392
165010 0.002302
165020 -0.001609
165030 0.003392
165040 0.004233
165050 0.002464
165060 0.006632
165070 0.006380
165080 0.003949
165090 0.008031
165100 0.004299
165110 0.005915
165120 0.006905
165130 0.004631
165140 0.006774
165150 0.001273
165160 0.003787
165170 0.006886
165180 0.000017
165190 0.002818
165200 0.004148
165210 0.004728
165220 0.079623
165230 0.006761
165240 0.000989
165250 0.001342
165260 0.004666
165270 0.003706
165280 0.003854
165290 -0.001638
165300 0.006043
165310 0.003455
165320 0.006421
165330 0.011315
165340 0.004407
165350 0.012104
165360 0.008731
165370 0.005093
165380 0.003656
165390 0.003776
165400 0.001547
165410 0.005767
165420 0.004417
165430 0.005127
165440 0.004382
165450 0.005891
165460 0.010680
165470 0.005191
165480 0.001624
165490 0.001791
165500 0.003742
165510 0.006775
165520 0.001500
165530 0.004363
165540 0.000002
165550 -0.000718
165560 0.006596
165570 0.007673
165580 0.002327
165590 0.009319
165600 0.000492
165610 0.009585
165620 0.006764
165630 0.003494
165640 0.003424
165650 0.003004
165660 0.000591
165670 -0.002036
165680 13.989462
165690 0.006307
165700 0.010716
165710 0.005040
165720 0.007705
165730 0.005782
165740 0.005550
165750 0.002482
165760 0.005414
165770 0.004080
165780 0.004127
165790 0.010255
165800 0.008141
165810 0.001918
165820 -0.001484
165830 0.008647
165840 0.005909
165850 0.003666
165860 0.001442
165870 0.005257
165880 0.018014
165890 0.006146
165900 0.004864
165910 0.005046
165920 0.005009
165930 0.011528
165940 0.006466
165950 0.002855
165960 0.003072
165970 0.005206
165980 0.011004
165990 0.005271
166000 0.000869
166010 0.002089
166020 0.005566
166030 0.009623
166040 0.005008
166050 0.002996
166060 0.004138
166070 0.005965
166080 -0.000533
166090 0.003874
166100 0.000501
166110 0.004360
166120 0.017700
166130 0.007952
166140 0.003174
166150 0.007908
166160 0.005126
166170 0.012235
166180 0.005921
166190 -0.001230
166200 0.002076
166210 0.002326
166220 0.001934
166230 -0.000142
166240 -0.002695
166250 0.002549
166260 0.007010
166270 0.002656
166280 0.005540
166290 0.008888
166300 -0.000673
166310 0.004077
166320 0.007558
166330 0.008211
166340 0.003554
166350 0.003246
166360 0.006253
166370 0.003003
166380 0.004269
166390 -0.000190
166400 0.001649
166410 0.006982
166420 0.001929
166430 0.001043
166440 0.005349
166450 0.004798
166460 0.006673
166470 0.004142
166480 0.006191
166490 0.005428
166500 0.008194
166510 0.007467
166520 -0.000151
166530 0.002497
166540 0.010998
166550 -0.000114
166560 0.008798
166570 -0.001048
166580 0.007003
166590 0.009635
166600 0.002480
166610 0.006460
166620 0.008057
166630 0.004446
166640 0.003821
166650 0.006760
166660 0.000337
166670 0.003977
166680 0.004807
166690 0.004000
166700 0.010521
166710 0.003815
166720 0.004035
166730 0.002527
166740 14.002692
166750 0.000676
166760 -0.000443
166770 0.009117
166780 0.000633
166790 0.004709
166800 0.007614
166810 0.006377
166820 0.006805
166830 0.004854
166840 0.007846
166850 0.001660
166860 0.002518
166870 0.003389
166880 0.006290
166890 0.000442
166900 -0.000475
166910 0.001916
166920 0.005323
166930 0.001431
166940 -0.000443
166950 0.011130
166960 0.004625
166970 0.004241
166980 0.004206
166990 0.003753
167000 0.010082
167010 0.002541
167020 0.003402
167030 0.004708
167040 0.008501
167050 0.006713
167060 0.002759
167070 0.016092
167080 0.020797
167090 0.004329
167100 0.009487
167110 0.006494
167120 0.004552
167130 0.005701
167140 0.003714
167150 0.001564
167160 0.006678
167170 -0.003812
167180 0.004012
167190 0.006199
167200 0.005112
167210 0.002934
167220 0.006754
167230 0.005713
167240 0.001128
167250 0.005766
167260 0.002160
167270 0.005372
167280 0.005664
167290 0.012317
167300 0.004101
167310 0.008295
167320 0.005823
167330 0.011166
167340 0.007619
167350 0.007000
167360 0.008598
167370 0.002821
167380 0.014151
167390 0.007778
167400 0.008193
167410 0.011166
167420 0.008448
167430 0.004607
167440 0.008066
167450 0.008732
167460 0.006081
167470 0.001944
167480 -0.003057
167490 0.001948
167500 0.003128
167510 0.002877
167520 0.001866
167530 0.000672
167540 0.007185
167550 0.008620
167560 0.002888
167570 0.005628
167580 0.007978
167590 0.000485
167600 0.002025
167610 0.013366
167620 0.000644
167630 0.002587
167640 0.006188
167650 0.003191
167660 0.005327
167670 0.002040
167680 0.009755
167690 0.010836
167700 0.005088
167710 0.004165
167720 0.004219
167730 0.007750
167740 0.006927
167750 0.006773
167760 0.000544
167770 0.010115
167780 -0.000652
167790 0.006677
167800 0.011979
167810 0.004692
167820 0.010266
167830 0.005635
167840 0.007338
167850 0.006787
167860 0.008785
167870 0.006078
167880 0.005772
167890 0.005427
167900 0.003917
167910 0.006352
167920 0.001492
167930 0.009762
167940 0.005834
167950 0.002801
167960 0.004402
167970 0.000682
167980 0.003727
167990 0.005649
168000 0.009190
168010 0.006418
168020 0.003419
168030 0.005025
168040 0.004228
168050 0.010018
168060 0.009260
168070 0.003423
168080 0.008450
168090 0.014754
168100 0.002609
168110 0.008047
168120 0.001258
168130 0.002871
168140 -0.000397
168150 0.004399
168160 13.983412
168170 0.010515
168180 0.003346
168190 0.004683
168200 0.003801
168210 0.006207
168220 0.005909
168230 0.007548
168240 0.012200
168250 0.006464
168260 0.002192
168270 0.011392
168280 0.003687
168290 0.003819
168300 0.011418
168310 0.014094
168320 0.004790
168330 0.005397
168340 0.006178
168350 0.006679
168360 0.006340
168370 0.003443
168380 0.003908
168390 0.014838
168400 0.005519
168410 -0.001431
168420 0.002800
168430 0.004270
168440 0.004610
168450 0.001387
168460 0.009371
168470 0.014887
168480 -0.000719
168490 0.005607
168500 -0.000966
168510 0.001446
168520 0.007329
168530 0.002658
168540 0.001675
168550 0.003037
168560 0.005735
168570 0.003696
168580 0.013915
168590 0.018446
168600 0.000616
168610 0.002080
168620 0.006257
168630 0.004068
168640 0.015286
168650 0.005415
168660 0.005282
168670 0.004145
168680 0.004035
168690 0.003752
168700 0.004694
168710 0.007108
168720 0.005558
168730 0.000111
168740 0.003680
168750 0.004903
168760 0.006163
168770 0.006433
168780 0.004927
168790 0.002665
168800 0.005377
168810 0.005720
168820 0.004456
168830 0.006063
168840 0.002403
168850 0.007157
168860 0.003870
168870 0.003007
168880 0.006485
168890 0.005498
168900 0.002792
168910 0.004531
168920 0.004042
168930 0.001962
168940 0.005770
168950 0.011255
168960 0.005698
168970 0.004865
168980 0.005559
168990 0.005901
169000 0.007378
169010 -0.000296
169020 -0.001097
169030 0.006731
169040 0.005425
169050 0.004162
169060 0.005323
169070 0.003879
169080 0.003524
169090 0.004435
169100 0.002529
169110 0.008568
169120 0.005073
169130 0.006590
169140 0.005259
169150 0.004468
169160 0.003286
169170 0.005994
169180 0.002602
169190 0.003222
169200 0.003000
169210 0.008685
169220 0.005368
169230 0.016714
169240 0.002368
169250 0.001702
169260 0.007092
169270 -0.000052
169280 0.002053
169290 0.005790
169300 0.004800
169310 0.007858
169320 0.010780
169330 0.001079
169340 0.001227
169350 0.012162
169360 0.008105
169370 0.002259
169380 0.007208
169390 0.006760
169400 0.005996
169410 0.003173
169420 0.029097
169430 0.009726
169440 0.007963
169450 0.004636
169460 0.009567
169470 0.005509
169480 -0.000223
169490 0.009118
169500 0.007073
169510 0.004079
169520 0.005766
169530 0.002202
169540 0.009633
169550 0.005308
169560 0.003355
169570 0.007244
169580 0.011541
169590 0.005138
169600 0.006796
169610 0.002184
169620 0.001128
169630 0.004585
169640 0.006367
169650 0.005198
169660 0.007152
169670 0.005091
169680 0.005020
169690 -0.001207
169700 0.002123
169710 0.005605
169720 0.008120
169730 0.004350
169740 0.004629
169750 0.005094
169760 0.006279
169770 0.000793
169780 0.011344
169790 0.002229
169800 0.007361
169810 0.007407
169820 0.005902
169830 0.006361
169840 0.002703
169850 0.013745
169860 0.006862
169870 0.012082
169880 0.003155
169890 0.001752
169900 0.000691
169910 0.003793
169920 0.005186
169930 -0.000676
169940 0.008648
169950 0.004401
169960 0.008931
169970 0.008422
169980 0.013209
169990 0.000890
170000 0.002997
170010 0.009027
170020 0.006399
170030 0.003923
170040 -0.000439
170050 0.000641
170060 0.003942
170070 0.005315
170080 0.006550
170090 0.007021
170100 -0.002292
170110 0.004844
170120 0.004435
170130 0.000505
170140 0.001336
170150 0.002315
170160 0.003366
170170 0.006413
170180 0.000038
170190 0.006742
170200 0.002835
170210 0.009409
170220 0.000194
170230 0.005789
170240 0.001362
170250 0.002703
170260 0.002889
170270 0.001705
170280 0.000299
170290 0.009358
170300 -0.002029
170310 -0.001326
170320 0.002228
170330 0.005002
170340 -0.001518
170350 0.006326
170360 0.008018
170370 0.000300
170380 0.007189
170390 0.006806
170400 0.017527
170410 0.004829
170420 -0.001065
170430 0.002668
170440 0.010514
170450 0.009163
170460 0.008930
170470 0.003623
170480 -0.000051
170490 0.005786
170500 0.002400
170510 0.003132
170520 0.008230
170530 0.007413
170540 0.005755
170550 0.003240
170560 0.006810
170570 0.010459
170580 0.005628
170590 0.000270
170600 0.010081
170610 0.017069
170620 0.007894
170630 0.006356
170640 0.007244
170650 0.003657
170660 0.008033
170670 0.010995
170680 0.000549
170690 0.005089
170700 0.002372
170710 0.003940
170720 -0.001368
170730 0.014853
170740 0.007933
170750 0.008383
170760 0.006707
170770 0.003797
170780 0.009835
170790 0.005913
170800 0.000566
170810 0.008438
170820 0.009504
170830 0.002872
170840 0.007669
170850 0.008756
170860 0.002368
170870 0.011152
170880 0.013383
170890 0.005999
170900 0.010094
170910 0.005776
170920 0.009667
170930 0.019266
170940 0.005518
170950 -0.002208
170960 0.008105
170970 0.002311
170980 0.006319
170990 0.010000
171000 0.002571
171010 13.990897
171020 0.004188
171030 -0.000574
171040 0.002324
171050 0.005129
171060 0.004285
171070 0.009138
171080 -0.003553
171090 0.003131
171100 0.006794
171110 0.014746
171120 0.001503
171130 0.004121
171140 0.003166
171150 0.006323
171160 0.001008
171170 0.005222
171180 0.003303
171190 0.007107
171200 0.004275
171210 0.011040
171220 0.003129
171230 0.001597
171240 0.002933
171250 0.007078
171260 0.008979
171270 0.008804
171280 0.002789
171290 0.006167
171300 0.012017
171310 0.005198
171320 0.006496
171330 0.004181
171340 0.003854
171350 0.001213
171360 0.017012
171370 0.012882
171380 0.001612
171390 0.000798
171400 0.001278
171410 0.008361
171420 0.007466
171430 0.003174
171440 0.002812
171450 0.008264
171460 -0.000139
171470 0.001980
171480 0.012308
171490 0.009199
171500 0.003209
171510 0.001844
171520 0.000743
171530 0.010780
171540 0.003249
171550 0.002034
171560 0.011932
171570 0.004157
171580 0.010080
171590 0.006259
171600 0.002409
171610 0.007052
171620 0.007498
171630 0.000782
171640 0.002682
171650 0.007643
171660 0.001249
171670 0.003075
171680 0.004204
171690 0.000999
171700 0.005402
171710 0.003413
171720 0.005303
171730 0.003928
171740 0.004438
171750 0.002273
171760 0.001984
171770 0.002644
171780 0.004904
171790 0.001104
171800 0.008038
171810 0.006418
171820 0.001372
171830 0.004337
171840 0.004330
171850 0.000817
171860 0.003714
171870 0.001306
171880 0.001387
171890 0.004754
171900 0.003634
171910 0.000868
171920 0.003820
171930 0.004487
171940 0.003904
171950 0.012818
171960 0.003899
171970 0.010152
171980 0.008283
171990 0.007062
172000 0.000474
172010 0.004104
172020 0.009978
172030 0.008822
172040 0.018505
172050 0.002100
172060 0.003300
172070 -0.000314
172080 0.007659
172090 0.001298
172100 -0.000554
172110 0.007573
172120 0.003893
172130 0.005253
172140 0.004780
172150 0.000734
172160 0.005898
172170 0.005127
172180 0.007738
172190 0.007630
172200 -0.000673
172210 0.016055
172220 0.003207
172230 0.006427
172240 0.001084
172250 -0.001840
172260 0.001292
172270 0.005540
172280 0.004844
172290 -0.000235
172300 0.031037
172310 0.004185
172320 0.005296
172330 0.004002
172340 0.002464
172350 0.003133
172360 0.000989
172370 0.002741
172380 0.007558
172390 0.004172
172400 0.006048
172410 0.002930
172420 0.004505
172430 0.010598
172440 0.008104
172450 0.002428
172460 -0.001100
172470 0.002807
172480 0.002592
172490 0.006384
172500 0.002669
172510 0.000152
172520 0.001950
172530 0.000126
172540 -0.001292
172550 -0.000577
172560 -0.001046
172570 0.007692
172580 -0.000421
172590 0.002929
172600 -0.000293
172610 0.001545
172620 0.000274
172630 0.001066
172640 0.000399
172650 0.008527
172660 0.004896
172670 0.008378
172680 0.004892
172690 0.001838
172700 0.005528
172710 0.003238
172720 0.006143
172730 -0.001951
172740 0.002715
172750 0.000975
172760 0.001154
172770 0.004306
172780 0.005187
172790 0.002735
172800 0.007386
172810 0.003402
172820 0.007720
172830 0.002692
172840 0.006442
172850 0.004001
172860 0.008763
172870 0.003986
172880 0.002943
172890 0.007927
172900 -0.002383
172910 0.009326
172920 0.003871
172930 0.002288
172940 0.009464
172950 0.008457
172960 0.001845
172970 -0.002222
172980 0.006093
172990 0.008841
173000 0.006195
173010 0.006686
173020 0.018100
173030 0.000867
173040 0.004731
173050 0.015618
173060 0.002995
173070 0.005755
173080 0.003461
173090 0.005247
173100 0.003597
173110 0.002476
173120 0.001058
173130 0.003929
173140 0.004175
173150 0.002184
173160 0.004251
173170 0.001631
173180 -0.002154
173190 0.003879
173200 0.002567
173210 0.005221
173220 0.002186
173230 0.009066
173240 0.002103
173250 0.001422
173260 0.006520
173270 0.001012
173280 0.003400
173290 13.967263
173300 0.007906
173310 0.000581
173320 0.005997
173330 0.004912
173340 0.023055
173350 0.003660
173360 0.005221
173370 0.003945
173380 0.011205
173390 0.000820
173400 0.003006
173410 0.001069
173420 0.005075
173430 0.007353
173440 0.002482
173450 0.009477
173460 0.000754
173470 0.003089
173480 -0.000008
173490 0.003040
173500 0.001041
173510 0.005739
173520 0.002167
173530 0.001787
173540 0.004166
173550 0.004053
173560 -0.000380
173570 0.006918
173580 0.001197
173590 0.000972
173600 0.003844
173610 0.009137
173620 0.005408
173630 0.004462
173640 0.003644
173650 0.000176
173660 0.009708
173670 0.002554
173680 0.004167
173690 0.003771
173700 0.004513
173710 0.016167
173720 0.002270
173730 0.003192
173740 0.003247
173750 -0.000378
173760 0.004677
173770 0.005640
173780 0.005217
173790 0.012456
173800 0.002063
173810 0.003935
173820 0.000615
173830 0.001112
173840 0.003999
173850 0.009343
173860 0.007601
173870 0.006053
173880 0.002986
173890 0.004319
173900 0.015018
173910 0.002667
173920 0.003931
173930 0.004219
173940 -0.000416
173950 0.005982
173960 13.987047
173970 0.000149
173980 0.004712
173990 0.007596
174000 0.013701
174010 0.006178
174020 0.006977
174030 0.001269
174040 0.002738
174050 0.010453
174060 0.002579
174070 -0.001296
174080 0.002588
174090 0.003496
174100 0.015140
174110 -0.002049
174120 0.007865
174130 0.000624
174140 0.003626
174150 0.006466
174160 0.001185
174170 0.004859
174180 0.002122
174190 0.007722
174200 0.005423
174210 0.005075
174220 0.007124
174230 0.005813
174240 0.002696
174250 0.008189
174260 0.006306
174270 0.006532
174280 -0.001558
174290 -0.000905
174300 -0.000171
174310 0.005651
174320 0.002992
174330 0.004613
174340 0.004065
174350 0.007469
174360 0.004411
174370 0.004747
174380 0.005358
174390 0.005659
174400 0.005675
174410 0.004927
174420 0.002527
174430 0.003034
174440 0.002654
174450 0.005511
174460 -0.000744
174470 0.002397
174480 0.000614
174490 0.001318
174500 0.005066
174510 0.004626
174520 0.002755
174530 0.009210
174540 0.003157
174550 0.003314
174560 0.005109
174570 0.002637
174580 0.001884
174590 0.001540
174600 0.002237
174610 0.003568
174620 0.001926
174630 0.009781
174640 0.002307
174650 0.002194
174660 0.001951
174670 0.005772
174680 0.005125
174690 0.008670
174700 0.011316
174710 0.001947
174720 -0.001837
174730 0.007823
174740 0.003215
174750 0.007578
174760 0.000126
174770 0.000073
174780 0.001811
174790 0.005756
174800 0.010738
174810 0.008603
174820 0.003927
174830 0.005040
174840 0.001736
174850 0.005721
174860 0.004549
174870 0.011065
174880 0.000004
174890 0.001517
174900 0.014987
174910 0.001990
174920 0.002811
174930 0.001268
174940 0.004469
174950 0.002831
174960 0.000662
174970 0.005266
174980 0.010345
174990 0.002482
175000 0.003525
175010 0.005561
175020 0.003098
175030 0.005250
175040 0.007433
175050 0.002040
175060 0.003703
175070 0.010368
175080 0.002612
175090 0.008145
175100 0.007796
175110 0.002299
175120 0.003870
175130 0.007318
175140 0.002881
175150 0.015849
175160 0.003875
175170 0.007088
175180 0.002244
175190 0.001184
175200 0.007534
175210 0.001807
175220 0.000492
175230 0.004975
175240 0.004191
175250 0.005386
175260 0.001110
175270 0.003685
175280 0.001672
175290 0.006338
175300 0.001756
175310 0.017247
175320 0.007550
175330 0.011986
175340 0.001076
175350 0.008518
175360 0.008600
175370 0.006498
175380 0.000024
175390 -0.000272
175400 0.008890
175410 0.002203
175420 0.002665
175430 0.003594
175440 0.002391
175450 0.005382
175460 0.005557
175470 0.006460
175480 0.010361
175490 0.009706
175500 0.002840
175510 0.001836
175520 0.003587
175530 0.003502
175540 0.005863
175550 0.000560
175560 0.002265
175570 0.005572
175580 0.002449
175590 0.006506
175600 0.011514
175610 0.005868
175620 0.007121
175630 0.004451
175640 0.006552
175650 0.014577
175660 0.002285
175670 0.011048
175680 0.002223
175690 0.006051
175700 0.003039
175710 0.006304
175720 0.001484
175730 0.008290
175740 0.012120
175750 0.006153
175760 0.011880
175770 0.006124
175780 0.000727
175790 0.005140
175800 0.007431
175810 0.005956
175820 0.008226
175830 -0.004785
175840 0.007844
175850 0.005648
175860 0.001798
175870 0.006513
175880 0.004726
175890 0.001303
175900 0.004335
175910 0.011037
175920 0.002949
175930 0.000914
175940 0.002444
175950 0.001061
175960 0.002957
175970 0.002862
175980 0.003598
175990 0.001527
176000 14.012798
176010 0.003928
176020 0.002299
176030 0.007254
176040 0.006058
176050 0.002655
176060 0.009168
176070 0.007876
176080 0.007893
176090 -0.000025
176100 0.000865
176110 -0.001449
176120 0.000442
176130 0.008539
176140 0.001949
176150 0.004785
176160 0.005159
176170 0.001889
176180 0.004060
176190 0.012108
176200 0.003709
176210 0.005601
176220 0.012349
176230 14.002535
176240 0.002870
176250 0.007393
176260 -0.000040
176270 0.003798
176280 0.005058
176290 0.013491
176300 0.003081
176310 0.000372
176320 0.006322
176330 0.009095
176340 0.003686
176350 0.007207
176360 0.005968
176370 0.000669
176380 0.000788
176390 0.004850
176400 0.015290
176410 0.009390
176420 0.007355
176430 0.006206
176440 0.003919
176450 0.007938
176460 0.001125
176470 0.002919
176480 0.013638
176490 0.011146
176500 0.005650
176510 0.013851
176520 0.003586
176530 0.002504
176540 -0.002294
176550 0.004541
176560 0.004297
176570 0.006438
176580 0.011097
176590 0.008534
176600 0.007041
176610 0.009031
176620 0.003744
176630 -0.000085
176640 0.006731
176650 0.001758
176660 0.007926
176670 0.010035
176680 0.000929
176690 0.002577
176700 0.003094
176710 0.001415
176720 0.007666
176730 0.001603
176740 0.016002
176750 0.005503
176760 0.007374
176770 0.004846
176780 0.011982
176790 0.006410
176800 0.005812
176810 0.004679
176820 -0.001860
176830 0.007918
176840 0.010772
176850 0.004043
176860 0.007191
176870 0.004941
176880 0.006659
176890 0.001780
176900 0.009958
176910 -0.000592
176920 0.010078
176930 0.003131
176940 0.005680
176950 0.004896
176960 0.003434
176970 0.002273
176980 0.004019
176990 0.000478
177000 0.002685
177010 0.001915
177020 0.003903
177030 0.003891
177040 0.002626
177050 0.007008
177060 0.003636
177070 0.010803
177080 0.000389
177090 0.004004
177100 0.005656
177110 0.004818
177120 0.003442
177130 0.009567
177140 0.013694
177150 0.006854
177160 0.016169
177170 0.007036
177180 0.007748
177190 0.005295
177200 0.003085
177210 0.017339
177220 0.005392
177230 0.008779
177240 0.009816
177250 0.005094
177260 0.004742
177270 0.007037
177280 0.003543
177290 0.003937
177300 0.000389
177310 0.003335
177320 0.007861
177330 0.006482
177340 0.007417
177350 -0.003614
177360 0.004671
177370 -0.003413
177380 0.009841
177390 0.006935
177400 0.009812
177410 0.015127
177420 0.002298
177430 0.007049
177440 0.001980
177450 0.002128
177460 0.004823
177470 0.004438
177480 0.002688
177490 0.007067
177500 0.003124
177510 0.005090
177520 0.011173
177530 0.006743
177540 0.008239
177550 0.016945
177560 -0.000727
177570 0.003984
177580 0.003979
177590 0.005227
177600 0.006375
177610 0.012228
177620 0.001528
177630 0.004187
177640 0.004852
177650 0.010969
177660 0.008577
177670 0.002566
177680 0.003599
177690 0.005646
177700 0.005141
177710 0.003306
177720 0.001715
177730 0.002199
177740 -0.004336
177750 -0.000445
177760 -0.000707
177770 0.010353
177780 0.003393
177790 0.000965
177800 0.005658
177810 -0.001372
177820 0.004343
177830 0.007776
177840 0.004173
177850 0.005856
177860 0.006200
177870 0.003822
177880 0.002808
177890 0.009461
177900 0.009901
177910 0.006534
177920 0.000939
177930 0.001612
177940 0.002733
177950 0.007753
177960 0.009201
177970 0.013081
177980 0.002262
177990 0.007260
178000 0.006262
178010 0.007638
178020 0.006648
178030 0.001038
178040 0.001654
178050 0.007764
178060 0.005333
178070 0.005766
178080 0.003317
178090 0.005793
178100 0.001423
178110 0.003414
178120 0.005294
178130 0.005111
178140 0.004230
178150 -0.000045
178160 0.009104
178170 0.006520
178180 0.014447
178190 0.000389
178200 0.006921
178210 0.016523
178220 -0.002796
178230 0.008119
178240 0.006088
178250 0.007446
178260 0.003663
178270 0.005338
178280 0.003920
178290 0.013306
178300 0.010781
178310 0.018146
178320 0.007569
178330 0.008759
178340 0.002960
178350 0.006502
178360 0.006706
178370 0.004949
178380 0.003620
178390 0.007519
178400 0.009694
178410 13.982417
178420 0.009660
178430 0.007373
178440 0.012086
178450 0.003104
178460 0.009934
178470 0.003021
178480 0.005746
178490 0.003503
178500 0.008913
178510 0.010575
178520 0.009730
178530 0.009150
178540 0.010898
178550 0.006751
178560 0.008546
178570 0.009886
178580 0.008281
178590 0.005090
178600 0.007736
178610 0.012103
178620 0.015157
178630 0.006834
178640 0.008664
178650 0.006529
178660 0.007996
178670 0.012090
178680 -0.000470
178690 0.003650
178700 0.004529
178710 0.006241
178720 0.009293
178730 0.003185
178740 0.005439
178750 0.005329
178760 0.002906
178770 -0.000770
178780 0.009157
178790 0.010779
178800 0.004903
178810 0.006652
178820 0.008812
178830 0.006765
178840 0.006167
178850 0.010464
178860 0.008485
178870 0.015677
178880 0.008314
178890 0.000386
178900 0.004630
178910 0.003373
178920 0.006065
178930 0.002060
178940 0.015839
178950 0.007872
178960 0.010970
178970 0.008335
178980 0.006466
178990 0.015445
179000 0.004443
179010 -0.000066
179020 0.002923
179030 0.009592
179040 0.004386
179050 0.001503
179060 0.003997
179070 0.005102
179080 0.003482
179090 0.003604
179100 0.004348
179110 0.005917
179120 0.002417
179130 0.003129
179140 0.004105
179150 0.015566
179160 0.009288
179170 0.005679
179180 0.006860
179190 0.004109
179200 0.006646
179210 0.013518
179220 0.001329
179230 0.010133
179240 0.005232
179250 0.009887
179260 0.005121
179270 0.009875
179280 0.020840
179290 0.007079
179300 0.014744
179310 0.006329
179320 0.005661
179330 0.014299
179340 0.013872
179350 0.014324
179360 -0.002216
179370 0.005267
179380 0.018154
179390 0.008061
179400 0.008871
179410 0.007146
179420 0.007664
179430 0.003113
179440 0.002831
179450 0.013046
179460 0.003456
179470 0.000467
179480 0.002481
179490 0.004419
179500 0.001901
179510 0.004820
179520 0.006354
179530 0.004301
179540 0.004768
179550 0.003152
179560 0.004884
179570 0.004870
179580 0.012350
179590 0.000041
179600 0.005750
179610 0.003825
179620 -0.001312
179630 0.000271
179640 0.004388
179650 0.007679
179660 0.005455
179670 0.009216
179680 0.004718
179690 0.006343
179700 0.000034
179710 0.001478
179720 0.007828
179730 -0.000279
179740 0.008780
179750 0.002267
179760 0.014950
179770 0.004285
179780 0.007531
179790 0.004246
179800 0.011947
179810 0.007676
179820 0.003327
179830 0.011492
179840 0.003968
179850 0.009267
179860 0.013550
179870 0.013963
179880 0.011899
179890 0.009322
179900 0.004626
179910 0.005825
179920 0.002952
179930 0.005912
179940 0.007977
179950 0.001561
179960 0.013173
179970 0.004047
179980 -0.002613
179990 0.004868
180000 0.009773
180010 0.009502
180020 0.000071
180030 0.009415
180040 0.008213
180050 -0.001006
180060 0.006153
180070 0.005834
180080 0.006255
180090 0.011452
180100 0.007752
180110 0.007919
180120 0.004797
180130 0.006543
180140 0.008880
180150 0.001887
180160 -0.001239
180170 0.003089
180180 0.004854
180190 0.004102
180200 0.002755
180210 0.005308
180220 0.001541
180230 0.009217
180240 -0.000188
180250 -0.000142
180260 0.019249
180270 0.006356
180280 0.000618
180290 0.005232
180300 -0.000441
180310 13.982452
180320 0.007007
180330 0.005725
180340 0.007858
180350 0.005209
180360 0.006655
180370 0.003668
180380 0.007069
180390 0.007079
180400 0.006161
180410 0.006108
180420 0.008752
180430 0.024730
180440 0.007841
180450 0.015533
180460 0.017363
180470 0.010191
180480 0.015063
180490 0.018602
180500 0.006725
180510 0.011441
180520 0.015307
180530 0.016824
180540 0.004733
180550 0.005361
180560 0.014535
180570 0.006754
180580 0.000400
180590 0.018269
180600 0.009272
180610 0.009438
180620 0.006071
180630 0.010555
180640 0.007567
180650 0.002693
180660 0.001706
180670 0.004897
180680 0.009701
180690 0.015684
180700 0.012432
180710 0.009070
180720 0.010949
180730 0.010872
180740 0.004991
180750 0.000840
180760 0.004192
180770 0.004669
180780 0.004363
180790 0.000548
180800 0.005034
180810 0.005017
180820 0.004020
180830 0.004860
180840 0.004554
180850 0.003379
180860 0.007273
180870 0.008153
180880 14.007610
180890 0.008240
180900 0.010824
180910 0.005998
180920 0.016157
180930 0.011102
180940 0.013348
180950 0.010580
180960 0.008764
180970 0.005472
180980 0.014797
180990 0.017105
181000 0.015580
181010 0.005779
181020 0.009358
181030 0.016530
181040 0.008479
181050 0.012569
181060 0.004132
181070 0.004621
181080 0.004776
181090 0.007254
181100 0.008433
181110 0.017898
181120 0.002229
181130 0.007702
181140 0.009346
181150 0.004045
181160 0.006799
181170 0.014552
181180 0.005601
181190 0.008001
181200 0.012206
181210 0.008041
181220 0.007204
181230 0.002728
181240 0.002327
181250 0.003981
181260 0.003046
181270 0.008879
181280 -0.001845
181290 -0.000235
181300 0.004907
181310 0.001338
181320 0.026594
181330 0.010868
181340 0.005972
181350 0.036799
181360 0.029633
181370 0.005618
181380 0.008849
181390 0.007500
181400 0.013564
181410 0.019012
181420 0.000312
181430 0.002364
181440 0.006335
181450 0.003796
181460 0.004946
181470 0.011404
181480 0.025243
181490 0.008429
181500 0.018053
181510 0.015688
181520 0.028881
181530 0.015150
181540 0.011636
181550 0.018620
181560 0.015033
181570 0.020599
181580 0.008715
181590 0.009633
181600 0.013810
181610 0.011284
181620 0.018777
181630 0.017265
181640 0.012555
181650 0.027297
181660 0.016808
181670 0.028231
181680 0.034908
181690 0.019218
181700 0.014569
181710 0.014455
181720 0.004378
181730 0.017320
181740 0.019850
181750 0.013861
181760 0.010119
181770 -0.003178
181780 0.006954
181790 0.009064
181800 0.020837
181810 0.011835
181820 0.019435
181830 0.003563
181840 0.003706
181850 0.003820
181860 0.004785
181870 0.004085
181880 0.003393
181890 0.011493
181900 0.013005
181910 0.021992
181920 0.006446
181930 0.019438
181940 0.020379
181950 0.014796
181960 0.013202
181970 0.008316
181980 0.012282
181990 0.006666
182000 0.008815
182010 0.009841
182020 0.019045
182030 0.024359
182040 0.015292
182050 0.018285
182060 0.006968
182070 0.005571
182080 0.025816
182090 0.001871
182100 0.010972
182110 0.006662
182120 0.008977
182130 0.006452
182140 0.002113
182150 0.003341
182160 0.010205
182170 0.009274
182180 0.002339
182190 0.012308
182200 -0.001695
182210 -0.000357
182220 0.007773
182230 0.003264
182240 13.928343
182250 0.006815
182260 -0.002647
182270 0.005808
182280 -0.001623
182290 0.000518
182300 0.009313
182310 -0.000410
182320 0.003684
182330 0.000742
182340 0.017477
182350 0.001815
182360 0.002017
182370 0.008930
182380 0.009673
182390 0.004869
182400 0.006591
182410 0.020474
182420 0.011285
182430 0.011453
182440 0.002182
182450 0.003516
182460 0.012490
182470 0.007210
182480 0.009054
182490 0.011725
182500 0.005745
182510 0.007366
182520 0.004158
182530 0.008043
182540 0.017795
182550 0.010723
182560 0.005033
182570 0.001690
182580 0.009025
182590 0.000940
182600 0.013342
182610 0.004662
182620 0.001286
182630 0.005530
182640 0.006140
182650 0.002533
182660 0.005508
182670 0.000349
182680 0.002865
182690 0.010079
182700 13.989281
182710 0.003808
182720 0.006239
182730 0.005487
182740 0.001461
182750 0.006195
182760 0.020066
182770 0.009201
182780 0.000582
182790 0.004436
182800 0.004384
182810 0.010659
182820 0.015068
182830 0.009280
182840 0.002807
182850 0.015854
182860 0.019026
182870 0.006194
182880 0.011851
182890 0.007621
182900 0.012190
182910 0.016772
182920 0.005596
182930 0.005017
182940 0.015252
182950 0.016693
182960 0.002429
182970 14.013035
182980 0.003436
182990 -0.000662
183000 0.013493
183010 0.001771
183020 0.008774
183030 0.011927
183040 0.008291
183050 0.005730
183060 0.011291
183070 0.015830
183080 0.007801
183090 0.006850
183100 0.003169
183110 0.003971
183120 0.016151
183130 0.016754
183140 0.005882
183150 0.014165
183160 0.007126
183170 0.012684
183180 0.019966
183190 0.003081
183200 0.002288
183210 0.004554
183220 0.006625
183230 0.015676
183240 0.009643
183250 0.003137
183260 0.007090
183270 0.004829
183280 0.007576
183290 0.001610
183300 0.008403
183310 0.003912
183320 0.007171
183330 0.007571
183340 -0.000815
183350 0.000076
183360 0.011998
183370 0.003598
183380 0.011636
183390 0.006526
183400 0.009312
183410 0.004886
183420 0.005377
183430 0.009648
183440 0.004427
183450 0.007937
183460 0.006990
183470 0.008172
183480 0.005209
183490 0.002935
183500 0.009761
183510 0.011812
183520 0.003565
183530 0.005942
183540 0.002298
183550 0.009741
183560 0.005318
183570 0.002335
183580 0.000936
183590 0.010792
183600 0.000514
183610 0.002772
183620 0.010666
183630 0.008428
183640 0.002640
183650 0.005778
183660 0.004246
183670 0.007051
183680 0.010929
183690 0.005655
183700 0.003331
183710 0.002320
183720 -0.000139
183730 0.006013
183740 0.002934
183750 0.008737
183760 0.001736
183770 0.005035
183780 0.001311
183790 0.004479
183800 0.000704
183810 0.003693
183820 0.002824
183830 0.001254
183840 0.003387
183850 0.007830
183860 0.004255
183870 0.004236
183880 0.007516
183890 0.000524
183900 0.005664
183910 0.014299
183920 0.002450
183930 0.003093
183940 0.001439
183950 0.003034
183960 0.003118
183970 0.002391
183980 0.009191
183990 14.022724
184000 0.003453
184010 0.001880
184020 0.003115
184030 0.004332
184040 0.004414
184050 0.002014
184060 0.014018
184070 0.001959
184080 0.003575
184090 0.006751
184100 0.001154
184110 0.004705
184120 0.001732
184130 -0.000924
184140 -0.000615
184150 0.009955
184160 0.002837
184170 0.003010
184180 0.006678
184190 0.008002
184200 0.004359
184210 0.004957
184220 0.006753
184230 0.000517
184240 0.005475
184250 0.009083
184260 -0.002161
184270 0.003872
184280 0.004801
184290 0.006555
184300 0.002575
184310 0.005759
184320 0.004019
184330 0.006432
184340 0.008841
184350 -0.003179
184360 0.002351
184370 0.004110
184380 0.004919
184390 0.007436
184400 0.004049
184410 0.006639
184420 0.005582
184430 0.001417
184440 0.004721
184450 0.002745
184460 0.003623
184470 0.006384
184480 0.004695
184490 0.005358
184500 0.006769
184510 0.002193
184520 -0.003090
184530 0.005515
184540 0.013628
184550 0.005977
184560 0.008257
184570 0.006429
184580 0.003347
184590 0.008423
184600 0.008360
184610 0.004984
184620 0.007804
184630 0.005595
184640 -0.000220
184650 0.005847
184660 0.003310
184670 0.016199
184680 0.001103
184690 0.006030
184700 -0.000963
184710 0.005257
184720 -0.002439
184730 0.014997
184740 -0.000731
184750 0.004754
184760 0.005795
184770 0.002566
184780 0.002844
184790 0.001076
184800 0.007565
184810 0.004712
184820 0.000542
184830 0.003675
184840 0.001115
184850 0.009023
184860 0.010085
184870 -0.002404
184880 0.001618
184890 0.001232
184900 0.002796
184910 0.006133
184920 0.003146
184930 0.004317
184940 13.987423
184950 0.007286
184960 0.001352
184970 0.005237
184980 0.010430
184990 0.004809
185000 0.003886
185010 0.005324
185020 0.005191
185030 0.002544
185040 0.005160
185050 0.003089
185060 0.005755
185070 0.003769
185080 0.002903
185090 0.011080
185100 0.011419
185110 0.017933
185120 0.003517
185130 -0.000286
185140 0.001417
185150 0.005781
185160 0.000788
185170 0.001351
185180 0.012503
185190 0.001561
185200 0.007693
185210 0.003756
185220 0.003556
185230 0.008618
185240 0.004046
185250 0.002347
185260 0.001615
185270 0.001229
185280 -0.001980
185290 0.012612
185300 0.011198
185310 0.008080
185320 0.000302
185330 0.000327
185340 0.004092
185350 0.004436
185360 0.026257
185370 0.005082
185380 0.000869
185390 0.013534
185400 0.004471
185410 0.003823
185420 0.001907
185430 0.006508
185440 0.014492
185450 0.008118
185460 0.011086
185470 0.008473
185480 0.001166
185490 0.008804
185500 0.007481
185510 0.011944
185520 0.020381
185530 0.010483
185540 0.005469
185550 0.004336
185560 0.003062
185570 0.001846
185580 0.003686
185590 0.002659
185600 0.004692
185610 0.007458
185620 0.005306
185630 -0.000013
185640 0.009093
185650 0.008500
185660 0.001927
185670 0.009162
185680 0.009294
185690 0.006352
185700 -0.001941
185710 -0.000000
185720 0.002126
185730 0.003963
185740 -0.000449
185750 0.000727
185760 0.004827
185770 0.005109
185780 0.006694
185790 0.005586
185800 -0.000138
185810 0.003391
185820 0.009908
185830 0.005207
185840 0.003244
185850 0.009757
185860 0.000551
185870 0.007073
185880 0.000318
185890 -0.001619
185900 0.010418
185910 -0.000801
185920 0.002832
185930 0.001585
185940 0.002021
185950 0.003514
185960 0.002362
185970 0.004473
185980 0.010812
185990 0.007531
186000 0.007315
186010 0.007093
186020 0.007196
186030 -0.000082
186040 0.003244
186050 0.002511
186060 0.004464
186070 0.006712
186080 0.004590
186090 0.001122
186100 -0.004613
186110 0.006616
186120 0.003035
186130 0.007464
186140 0.014650
186150 0.009288
186160 0.008761
186170 0.012315
186180 0.010849
186190 0.002011
186200 0.010818
186210 0.007269
186220 0.010305
186230 0.004078
186240 0.005071
186250 0.006258
186260 0.003458
186270 0.001182
186280 0.006037
186290 0.008154
186300 0.003134
186310 0.000031
186320 0.003278
186330 0.014562
186340 0.007232
186350 0.006438
186360 0.004155
186370 0.006366
186380 0.005626
186390 0.005775
186400 0.007254
186410 -0.000139
186420 -0.000590
186430 0.004509
186440 0.012688
186450 0.001459
186460 0.005270
186470 0.005895
186480 0.004350
186490 0.004890
186500 0.003495
186510 0.010624
186520 0.000294
186530 -0.000419
186540 0.003583
186550 0.004262
186560 0.003618
186570 0.005125
186580 0.007511
186590 0.001887
186600 -0.002527
186610 0.005178
186620 0.009090
186630 0.015343
186640 0.007816
186650 0.002074
186660 0.006845
186670 0.001383
186680 0.006065
186690 -0.000927
186700 0.003365
186710 0.005512
186720 0.002263
186730 0.000383
186740 -0.001871
186750 0.003809
186760 0.004463
186770 0.002384
186780 0.005899
186790 0.015223
186800 0.006040
186810 0.006517
186820 -0.001843
186830 0.004087
186840 0.005408
186850 0.006099
186860 0.006712
186870 0.000172
186880 0.017090
186890 0.002738
186900 0.003840
186910 0.005499
186920 0.007270
186930 -0.000049
186940 0.013993
186950 0.003370
186960 0.003307
186970 -0.000235
186980 13.964805
186990 0.005151
187000 0.000425
187010 0.000017
187020 0.003824
187030 0.006623
187040 0.012392
187050 0.003085
187060 0.004946
187070 0.006722
187080 0.004371
187090 0.003819
187100 0.010690
187110 0.001476
187120 0.004709
187130 0.005994
187140 0.011958
187150 0.009304
187160 0.006783
187170 -0.001096
187180 0.003606
187190 0.013797
187200 0.011258
187210 0.007562
187220 0.011731
187230 0.003959
187240 0.014231
187250 0.012152
187260 0.009659
187270 0.013274
187280 0.001339
187290 0.005355
187300 0.003986
187310 0.003368
187320 0.010063
187330 0.006283
187340 0.008915
187350 0.006612
187360 0.000976
187370 0.019829
187380 0.010861
187390 0.010155
187400 0.011171
187410 0.006974
187420 0.003939
187430 0.009772
187440 0.008048
187450 0.009570
187460 0.012499
187470 0.012971
187480 0.005707
187490 0.004847
187500 0.004124
187510 0.009072
187520 0.001563
187530 0.011557
187540 0.010152
187550 0.018614
187560 0.005841
187570 0.003693
187580 0.004086
187590 0.011317
187600 0.007992
187610 0.006638
187620 0.004644
187630 0.003880
187640 0.003307
187650 -0.000952
187660 -0.001875
187670 0.005000
187680 0.010398
187690 0.004563
187700 0.008238
187710 0.002807
187720 0.009767
187730 0.008116
187740 0.005733
187750 0.004217
187760 0.006952
187770 0.007157
187780 0.005950
187790 0.002191
187800 0.002746
187810 0.002577
187820 0.010347
187830 0.004551
187840 0.005952
187850 0.013501
187860 0.001729
187870 0.009654
187880 0.011073
187890 0.011010
187900 0.002281
187910 0.005456
187920 0.003608
187930 0.000585
187940 0.005095
187950 0.002921
187960 0.006507
187970 0.002576
187980 0.003771
187990 0.010618
188000 0.006883
188010 0.002966
188020 0.003878
188030 0.005212
188040 0.010485
188050 0.020270
188060 0.009247
188070 0.009092
188080 0.003973
188090 0.008561
188100 0.004874
188110 0.008866
188120 0.007721
188130 -0.002705
188140 0.003770
188150 0.009020
188160 0.003829
188170 0.008826
188180 0.005043
188190 0.000358
188200 0.003237
188210 0.002987
188220 0.001656
188230 0.005001
188240 0.009472
188250 0.005735
188260 0.020865
188270 0.007207
188280 0.003124
188290 -0.002698
188300 0.005039
188310 0.006546
188320 0.014005
188330 -0.001337
188340 0.003611
188350 0.003136
188360 0.008915
188370 0.005630
188380 0.002926
188390 0.000744
188400 0.009677
188410 0.003926
188420 0.005774
188430 0.001920
188440 0.006149
188450 0.009870
188460 0.011294
188470 0.021134
188480 0.001561
188490 0.011494
188500 0.004734
188510 0.005774
188520 0.003683
188530 13.991186
188540 0.001401
188550 0.017080
188560 0.004476
188570 0.002246
188580 0.006649
188590 0.011075
188600 0.006115
188610 0.005692
188620 0.007328
188630 0.004549
188640 0.008979
188650 0.008481
188660 0.009881
188670 0.003388
188680 0.003485
188690 0.002288
188700 0.012435
188710 0.000022
188720 -0.001801
188730 0.009442
188740 0.009663
188750 0.002646
188760 0.007911
188770 0.003204
188780 0.004052
188790 0.008462
188800 0.001907
188810 0.010881
188820 -0.003096
188830 0.006405
188840 0.005196
188850 0.004096
188860 0.011660
188870 0.005485
188880 -0.001774
188890 0.007681
188900 0.005411
188910 0.008263
188920 0.006130
188930 0.004966
188940 0.006147
188950 0.004640
188960 0.003561
188970 0.001941
188980 0.006713
188990 0.009274
189000 0.010635
189010 0.004043
189020 0.002827
189030 0.002027
189040 0.003501
189050 0.002642
189060 0.010651
189070 0.000066
189080 0.003792
189090 -0.002572
189100 0.006361
189110 0.002898
189120 0.004863
189130 0.002553
189140 -0.000665
189150 0.005867
189160 0.002674
189170 0.009100
189180 0.004057
189190 0.005180
189200 0.005059
189210 0.005291
189220 0.005066
189230 0.003212
189240 0.001630
189250 0.003923
189260 0.001557
189270 0.001155
189280 -0.000574
189290 0.005077
189300 0.005659
189310 0.005837
189320 0.001510
189330 0.004818
189340 0.003747
189350 0.007017
189360 0.007261
189370 0.004560
189380 0.003413
189390 0.005336
189400 0.003071
189410 0.005007
189420 0.001134
189430 0.003780
189440 0.004251
189450 0.004712
189460 0.004974
189470 0.005538
189480 0.005464
189490 -0.000825
189500 0.008175
189510 0.004075
189520 0.002590
189530 0.005163
189540 0.001722
189550 0.004213
189560 0.004852
189570 0.000038
189580 -0.000046
189590 0.003283
189600 0.002322
189610 0.011179
189620 -0.001504
189630 0.011042
189640 0.001489
189650 0.000301
189660 0.003735
189670 0.004598
189680 0.006705
189690 0.002405
189700 0.001316
189710 0.002634
189720 0.003037
189730 0.005036
189740 -0.000226
189750 0.004587
189760 0.004645
189770 0.005950
189780 -0.000819
189790 0.005762
189800 0.007103
189810 0.002290
189820 0.012251
189830 0.002995
189840 0.010455
189850 0.000649
189860 0.007145
189870 0.004512
189880 0.002757
189890 0.008830
189900 0.002547
189910 0.004024
189920 0.002930
189930 0.002693
189940 0.004341
189950 -0.002146
189960 0.006526
189970 0.003123
189980 0.001124
189990 0.006387
190000 0.001660
190010 0.002495
190020 0.000871
190030 0.003134
190040 0.004991
190050 0.002168
190060 0.006989
190070 0.006814
190080 0.004047
190090 0.005259
190100 0.015191
190110 0.005523
190120 0.006015
190130 0.003047
190140 0.005504
190150 0.002933
190160 0.010332
190170 0.014041
190180 0.005690
190190 -0.000307
190200 0.003766
190210 0.002530
190220 13.991968
190230 0.004936
190240 0.002773
190250 -0.000647
190260 0.003489
190270 0.006560
190280 14.006583
190290 0.004396
190300 0.001284
190310 0.003500
190320 0.008557
190330 0.000674
190340 0.004843
190350 0.007114
190360 0.012336
190370 0.003674
190380 0.002070
190390 0.009892
190400 0.001012
190410 0.001169
190420 0.003355
190430 0.005289
190440 0.002710
190450 0.005387
190460 -0.000929
190470 0.001217
190480 0.005526
190490 0.007869
190500 0.006251
190510 0.003073
190520 0.002400
190530 14.038978
190540 0.001534
190550 0.004604
190560 0.002681
190570 0.008752
190580 0.012407
190590 0.006141
190600 0.013824
190610 0.002330
190620 0.001378
190630 -0.000584
190640 0.004909
190650 0.009173
190660 0.005512
190670 0.009174
190680 0.004333
190690 0.008325
190700 0.003963
190710 0.000676
190720 0.002026
190730 0.007992
190740 0.009070
190750 0.006985
190760 0.012564
190770 0.002955
190780 0.015565
190790 0.005436
190800 0.008779
190810 0.006417
190820 -0.000414
190830 0.002339
190840 0.004446
190850 0.003487
190860 -0.000907
190870 0.000825
190880 0.006358
190890 0.003592
190900 0.018893
190910 0.001650
190920 0.003224
190930 0.005082
190940 0.008997
190950 0.003125
190960 -0.005287
190970 0.005010
190980 0.003787
190990 0.004158
191000 0.001075
191010 0.008813
191020 0.009623
191030 0.008470
191040 0.004912
191050 -0.000601
191060 0.007202
191070 0.004479
191080 0.003010
191090 0.005713
191100 0.000068
191110 0.003030
191120 0.003603
191130 0.001748
191140 0.007519
191150 0.007198
191160 0.007289
191170 0.002579
191180 0.005150
191190 0.006349
191200 0.002023
191210 0.002004
191220 0.002340
191230 0.009208
191240 0.007654
191250 0.006070
191260 0.011871
191270 0.009901
191280 0.003370
191290 0.007608
191300 0.004892
191310 0.005924
191320 0.002374
191330 0.005150
191340 0.009925
191350 -0.002528
191360 0.004321
191370 0.009688
191380 0.003227
191390 0.006381
191400 0.005580
191410 0.005328
191420 0.007184
191430 0.002947
191440 0.001259
191450 0.007165
191460 0.007964
191470 -0.000406
191480 0.000092
191490 0.004863
191500 0.001840
191510 0.006158
191520 0.013962
191530 0.001347
191540 0.004561
191550 0.005837
191560 0.004330
191570 0.006085
191580 0.002119
191590 0.002369
191600 0.002964
191610 -0.000132
191620 -0.002012
191630 0.006191
191640 0.013604
191650 0.002734
191660 0.002616
191670 0.007231
191680 0.008368
191690 0.008470
191700 0.002584
191710 0.005595
191720 0.001330
191730 0.010811
191740 0.019158
191750 0.015577
191760 0.012399
191770 0.005240
191780 0.009741
191790 0.004756
191800 0.006451
191810 0.003066
191820 0.001579
191830 0.002375
191840 0.006356
191850 0.006419
191860 0.009240
191870 0.001107
191880 0.007596
191890 0.004357
191900 0.006338
191910 0.002624
191920 0.005180
191930 0.010762
191940 0.005525
191950 0.007337
191960 0.002931
191970 0.011985
191980 0.003835
191990 0.005278
192000 0.001338
192010 -0.000283
192020 0.005667
192030 0.002129
192040 0.001246
192050 0.007560
192060 0.005190
192070 0.004626
192080 0.005787
192090 0.002051
192100 0.000511
192110 0.001263
192120 0.008347
192130 0.009777
192140 0.005836
192150 0.003687
192160 0.004654
192170 0.009612
192180 0.004019
192190 0.006697
192200 0.009213
192210 0.001662
192220 0.001394
192230 0.002761
192240 0.001224
192250 0.002893
192260 0.005579
192270 0.000515
192280 0.016355
192290 0.002089
192300 0.004266
192310 0.006290
192320 0.002743
192330 0.007135
192340 0.003300
192350 0.003993
192360 -0.000308
192370 13.957620
192380 0.001923
192390 0.001234
192400 -0.000651
192410 0.004804
192420 0.001950
192430 0.000417
192440 0.003108
192450 0.005550
192460 0.005239
192470 0.003136
192480 -0.003801
192490 0.006092
192500 -0.002528
192510 0.006888
192520 0.001452
192530 0.008067
192540 0.006301
192550 0.003297
192560 0.008550
192570 -0.000332
192580 0.003500
192590 0.007456
192600 0.004194
192610 0.008146
192620 0.004114
192630 0.002836
192640 0.003628
192650 -0.002053
192660 0.004312
192670 0.009721
192680 -0.001411
192690 0.004834
192700 0.003244
192710 0.008715
192720 0.004224
192730 0.007851
192740 0.010393
192750 0.002957
192760 0.004169
192770 0.001650
192780 0.004847
192790 0.007532
192800 -0.003710
192810 0.006921
192820 -0.002646
192830 -0.000255
192840 0.002189
192850 0.008745
192860 -0.000009
192870 0.007346
192880 0.004021
192890 0.004280
192900 0.010372
192910 0.003791
192920 0.006101
192930 0.001579
192940 0.003450
192950 0.003632
192960 0.000966
192970 0.002462
192980 0.002101
192990 -0.001221
193000 0.002181
193010 0.005109
193020 0.002460
193030 0.004917
193040 0.004099
193050 0.001493
193060 0.001883
193070 0.002931
193080 0.006576
193090 0.004300
193100 0.006395
193110 14.004963
193120 0.003031
193130 0.001233
193140 0.003354
193150 0.005694
193160 0.000439
193170 -0.000025
193180 0.005422
193190 0.007793
193200 0.005204
193210 0.001847
193220 0.008253
193230 0.004352
193240 0.005899
193250 0.009082
193260 0.005691
193270 0.001692
193280 0.005520
193290 0.007646
193300 0.006552
193310 0.008399
193320 0.005545
193330 0.008823
193340 0.009572
193350 0.002686
193360 0.003866
193370 0.005569
193380 0.008378
193390 0.007071
193400 0.001599
193410 0.003865
193420 14.014231
193430 0.005876
193440 0.008762
193450 0.005988
193460 0.016394
193470 0.005153
193480 0.006154
193490 0.006969
193500 0.005619
193510 0.011510
193520 -0.001094
193530 0.004893
193540 -0.002179
193550 0.012400
193560 0.002710
193570 0.008647
193580 -0.001029
193590 0.009187
193600 0.001406
193610 0.005312
193620 0.005045
193630 0.010854
193640 0.004889
193650 0.003385
193660 0.007376
193670 0.008388
193680 0.007055
193690 0.007404
193700 0.002916
193710 0.001912
193720 0.005036
193730 0.002789
193740 -0.002822
193750 0.002568
193760 0.003364
193770 0.012660
193780 -0.000873
193790 -0.001339
193800 0.007528
193810 0.005570
193820 0.006085
193830 0.003643
193840 0.018270
193850 0.000219
193860 0.007915
193870 0.004122
193880 0.003081
193890 0.011069
193900 0.005929
193910 0.011039
193920 0.004372
193930 0.007340
193940 0.010507
193950 -0.000651
193960 0.000700
193970 0.004125
193980 0.003705
193990 0.003078
194000 0.010297
194010 0.001135
194020 0.003902
194030 0.003883
194040 0.000859
194050 0.004875
194060 0.006216
194070 0.010160
194080 0.011867
194090 0.000195
194100 0.011667
194110 0.002052
194120 -0.001710
194130 0.013760
194140 0.007532
194150 0.006809
194160 0.002575
194170 0.006248
194180 -0.000812
194190 0.008035
194200 0.009295
194210 0.008690
194220 0.001046
194230 0.005728
194240 0.002368
194250 0.000642
194260 -0.001266
194270 0.005270
194280 0.007997
194290 0.006603
194300 0.004284
194310 0.002137
194320 0.000891
194330 0.002862
194340 0.007024
194350 0.002858
194360 0.005694
194370 0.005275
194380 0.001574
194390 0.005816
194400 0.001103
194410 0.002156
194420 0.003299
194430 0.004962
194440 0.007039
194450 0.004722
194460 0.002867
194470 -0.001430
194480 0.002032
194490 0.006268
194500 0.002604
194510 0.000583
194520 -0.002852
194530 0.001861
194540 -0.002567
194550 0.006566
194560 0.003504
194570 0.003984
194580 0.002411
194590 0.000928
194600 0.007533
194610 0.004723
194620 0.002120
194630 0.007205
194640 0.003085
194650 0.006732
194660 0.005328
194670 0.001565
194680 -0.000183
194690 0.004566
194700 0.006058
194710 0.004597
194720 0.002170
194730 0.002065
194740 0.005223
194750 0.001330
194760 0.003909
194770 0.000012
194780 0.004716
194790 0.004673
194800 -0.001073
194810 0.004962
194820 0.004186
194830 0.004066
194840 0.005284
194850 0.002054
194860 0.009284
194870 0.006573
194880 0.003885
194890 0.007302
194900 0.003953
194910 0.013791
194920 0.007821
194930 0.003837
194940 0.000651
194950 0.002646
194960 0.003939
194970 0.014981
194980 0.005624
194990 -0.000541
195000 0.003024
195010 0.009994
195020 0.007944
195030 0.003217
195040 0.001457
195050 0.004117
195060 0.009034
195070 0.002440
195080 0.005984
195090 0.006002
195100 0.004585
195110 0.005026
195120 0.003506
195130 0.011101
195140 0.010670
195150 0.009632
195160 0.002445
195170 0.007177
195180 0.006901
195190 0.003743
195200 0.002636
195210 0.003605
195220 0.002496
195230 0.000391
195240 0.007740
195250 0.004447
195260 0.005699
195270 0.006557
195280 0.001985
195290 -0.002717
195300 13.976783
195310 0.001810
195320 0.000938
195330 -0.000813
195340 -0.000060
195350 0.008282
195360 0.003806
195370 0.002584
195380 0.003573
195390 0.007938
195400 0.002716
195410 0.004804
195420 0.004008
195430 0.003029
195440 0.002647
195450 0.004058
195460 0.004326
195470 0.001822
195480 -0.000148
195490 0.002468
195500 0.003181
195510 0.002505
195520 0.001106
195530 0.001732
195540 -0.000323
195550 0.003539
195560 0.007609
195570 0.000438
195580 0.006037
195590 0.002490
195600 0.007302
195610 0.004171
195620 0.001318
195630 0.004184
195640 0.003414
195650 -0.000305
195660 0.007723
195670 0.007772
195680 0.009098
195690 0.001854
195700 0.004447
195710 0.000699
195720 0.001106
195730 0.001866
195740 0.002636
195750 0.005856
195760 0.002892
195770 0.001076
195780 0.001268
195790 0.007374
195800 0.003329
195810 -0.000156
195820 0.003874
195830 0.000358
195840 0.003697
195850 0.002191
195860 0.000098
195870 0.008348
195880 0.003521
195890 0.000849
195900 0.003771
195910 0.006696
195920 0.004102
195930 0.002594
195940 0.004442
195950 0.002534
195960 0.002963
195970 0.003375
195980 0.004679
195990 0.000001
196000 0.008983
196010 0.003219
196020 0.005862
196030 0.002396
196040 0.000771
196050 0.003165
196060 -0.000967
196070 0.009188
196080 0.001383
196090 0.001107
196100 0.000899
196110 0.003846
196120 0.001976
196130 0.005384
196140 0.005470
196150 0.001227
196160 0.006388
196170 0.002829
196180 0.004620
196190 0.004595
196200 -0.004524
196210 0.002794
196220 0.006415
196230 0.005170
196240 0.009831
196250 0.000059
196260 0.003376
196270 0.006310
196280 0.001215
196290 0.008637
196300 0.002276
196310 -0.000765
196320 0.005674
196330 0.002991
196340 0.001358
196350 0.003402
196360 0.003091
196370 0.007646
196380 0.005831
196390 0.006827
196400 -0.000000
196410 0.003909
196420 0.004857
196430 -0.000435
196440 0.007677
196450 0.000954
196460 0.002127
196470 0.001837
196480 0.003199
196490 -0.001262
196500 0.002052
196510 0.005746
196520 0.000024
196530 0.004854
196540 0.000936
196550 0.003266
196560 0.005718
196570 0.002440
196580 0.007157
196590 0.003356
196600 0.005936
196610 0.002246
196620 -0.000620
196630 0.003564
196640 -0.000372
196650 0.005617
196660 0.002434
196670 0.005024
196680 0.001439
196690 -0.000273
196700 0.003141
196710 0.003720
196720 0.006089
196730 0.002608
196740 0.002888
196750 0.003958
196760 0.007408
196770 0.007417
196780 0.003614
196790 0.003218
196800 0.005258
196810 0.002777
196820 0.003840
196830 0.001554
196840 0.004615
196850 0.006177
196860 0.005377
196870 0.002154
196880 0.001932
196890 0.003698
196900 0.003447
196910 -0.001326
196920 0.006673
196930 0.006225
196940 0.000730
196950 0.007779
196960 0.003595
196970 0.002436
196980 0.009579
196990 0.005204
197000 -0.000722
197010 0.003071
197020 0.004421
197030 0.002820
197040 0.002454
197050 0.002346
197060 0.001253
197070 -0.001512
197080 0.004850
197090 0.005360
197100 0.002811
197110 0.004275
197120 0.005816
197130 0.003241
197140 0.005629
197150 0.005954
197160 0.001875
197170 -0.001272
197180 0.005951
197190 0.003532
197200 0.002914
197210 0.004735
197220 -0.003833
197230 0.006856
197240 0.002542
197250 0.001328
197260 -0.000679
197270 -0.001479
197280 0.002333
197290 0.000665
197300 0.005360
197310 -0.002545
197320 0.000768
197330 0.001435
197340 0.001812
197350 0.006652
197360 0.001452
197370 0.007407
197380 0.000935
197390 0.006597
197400 0.008528
197410 0.006122
197420 0.004463
197430 -0.001015
197440 0.002064
197450 0.002255
197460 0.003636
197470 0.007698
197480 0.004201
197490 0.005837
197500 0.008074
197510 0.003329
197520 0.006145
197530 0.002756
197540 0.009297
197550 0.002429
197560 0.011000
197570 0.002277
197580 0.001097
197590 0.003211
197600 0.000357
197610 0.007833
197620 0.005569
197630 0.005626
197640 0.002615
197650 0.005671
197660 0.003390
197670 0.007077
197680 0.000456
197690 0.000671
197700 0.007374
197710 -0.000574
197720 0.004037
197730 -0.000438
197740 0.001321
197750 0.002962
197760 0.004902
197770 0.004241
197780 0.005200
197790 0.004904
197800 0.001212
197810 0.006817
197820 0.003240
197830 0.003861
197840 -0.004735
197850 0.001985
197860 0.003189
197870 0.006032
197880 0.003348
197890 0.002721
197900 0.004107
197910 -0.001939
197920 0.005625
197930 0.004770
197940 0.001863
197950 0.003729
197960 0.007899
197970 0.005229
197980 0.006098
197990 0.010199
198000 0.000677
198010 0.008042
198020 0.004860
198030 0.005382
198040 0.004395
198050 0.006765
198060 0.000498
198070 0.000223
198080 0.003499
198090 0.001934
198100 0.000884
198110 0.012659
198120 0.003005
198130 0.009138
198140 0.006076
198150 0.001183
198160 0.000901
198170 0.004109
198180 -0.000313
198190 -0.000190
198200 0.000379
198210 0.006516
198220 0.003502
198230 0.011982
198240 0.003960
198250 0.004265
198260 0.002611
198270 0.006024
198280 0.005869
198290 0.005072
198300 0.007317
198310 0.000933
198320 0.000665
198330 0.005207
198340 0.002558
198350 13.956993
198360 0.002089
198370 0.003671
198380 0.004253
198390 0.001764
198400 0.016045
198410 0.003067
198420 0.008319
198430 0.003866
198440 0.000450
198450 -0.001252
198460 0.006105
198470 0.000962
198480 0.004933
198490 0.001401
198500 0.004441
198510 0.004881
198520 0.007839
198530 0.001147
198540 0.002096
198550 -0.000187
198560 0.006477
198570 0.002009
198580 0.002871
198590 0.002561
198600 0.003218
198610 0.004607
198620 0.002139
198630 0.003470
198640 0.009215
198650 0.004427
198660 0.010241
198670 0.007620
198680 0.013333
198690 0.009880
198700 0.006772
198710 0.001392
198720 -0.000689
198730 0.013688
198740 -0.002340
198750 0.008361
198760 0.007795
198770 0.008192
198780 0.002820
198790 0.011763
198800 0.006192
198810 0.009134
198820 0.003343
198830 0.001491
198840 0.006812
198850 0.006096
198860 0.005073
198870 0.001267
198880 0.002146
198890 0.003768
198900 0.003120
198910 0.009836
198920 0.003271
198930 0.006424
198940 0.000247
198950 0.008913
198960 0.006233
198970 -0.000932
198980 0.009484
198990 0.004884
199000 0.000180
199010 0.006048
199020 0.005879
199030 0.002870
199040 0.014053
199050 0.007881
199060 0.006657
199070 0.013420
199080 0.007885
199090 0.007411
199100 0.015675
199110 0.023421
199120 0.007237
199130 0.008489
199140 -0.003009
199150 0.004989
199160 0.024328
199170 0.003447
199180 0.009339
199190 0.002308
199200 0.009137
199210 0.011673
199220 0.002515
199230 0.005669
199240 0.016690
199250 0.008458
199260 13.986527
199270 0.002677
199280 0.009318
199290 0.018131
199300 -0.001972
199310 0.004075
199320 0.010854
199330 0.007608
199340 0.003440
199350 0.005548
199360 0.005141
199370 0.014164
199380 0.000083
199390 -0.000170
199400 0.000203
199410 0.006895
199420 -0.003285
199430 -0.001174
199440 0.011424
199450 0.005109
199460 0.014768
199470 0.008518
199480 0.017861
199490 0.009802
199500 0.005212
199510 0.005117
199520 0.008609
199530 0.005997
199540 0.005656
199550 0.008335
199560 0.006531
199570 0.004657
199580 0.004454
199590 0.005282
199600 0.004380
199610 0.002311
199620 0.002201
199630 0.003712
199640 0.007392
199650 0.006810
199660 13.956507
199670 0.010159
199680 0.002297
199690 0.003031
199700 0.001235
199710 0.003353
199720 0.010697
199730 0.003334
199740 0.005160
199750 0.003267
199760 0.004252
199770 0.006762
199780 0.008552
199790 0.001186
199800 -0.000299
199810 0.003421
199820 0.003798
199830 0.004606
199840 0.003742
199850 0.007274
199860 0.010366
199870 0.002302
199880 0.002237
199890 0.003430
199900 0.006544
199910 0.005333
199920 0.001282
199930 0.001714
199940 0.003996
199950 0.002926
199960 0.006077
199970 0.002139
199980 0.005287
199990 0.007259
200000 0.005673
200010 0.008646
200020 13.988342
200030 0.005890
200040 0.004544
200050 0.003441
200060 0.002878
200070 0.004661
200080 -0.002355
200090 0.000612
200100 0.003500
200110 0.006740
200120 -0.001558
200130 0.004707
200140 0.001699
200150 0.004985
200160 0.004461
200170 0.002212
200180 0.003843
200190 0.008070
200200 0.001103
200210 0.006301
200220 0.008339
200230 0.005187
200240 0.003049
200250 0.008831
200260 0.004909
200270 0.003415
200280 0.005839
200290 0.006712
200300 0.004235
200310 0.004459
200320 0.000835
200330 0.002856
200340 0.000865
200350 0.006520
200360 0.005985
200370 0.003071
200380 -0.001234
200390 0.004565
200400 0.001737
200410 -0.000226
200420 0.003678
200430 0.001730
200440 0.000061
200450 0.001278
200460 0.010125
200470 0.002652
200480 0.009208
200490 0.004583
200500 0.004774
200510 0.007067
200520 0.000267
200530 0.003851
200540 0.005459
200550 0.004332
200560 0.011145
200570 0.000770
200580 0.003609
200590 0.017998
200600 0.007455
200610 0.002434
200620 0.005697
200630 0.000956
200640 0.007883
200650 0.003087
200660 0.005675
200670 0.001835
200680 -0.001424
200690 0.003989
200700 -0.000126
200710 0.011430
200720 0.005878
200730 0.001479
200740 0.007136
200750 0.003782
200760 0.001833
200770 0.001147
200780 0.004161
200790 0.004289
200800 0.004971
200810 0.009681
200820 0.002890
200830 -0.001176
200840 0.011388
200850 0.006603
200860 0.004904
200870 0.010636
200880 0.009253
200890 0.003668
200900 0.008096
200910 13.972842
200920 0.012680
200930 0.000126
200940 0.006285
200950 0.000595
200960 0.016426
200970 0.007556
200980 0.012201
200990 0.006869
201000 0.015780
201010 0.007956
201020 0.015767
201030 0.009752
201040 0.020566
201050 0.012716
201060 0.014641
201070 0.010329
201080 0.005692
201090 0.006335
201100 0.005342
201110 -0.001272
201120 0.003031
201130 0.004067
201140 0.001896
201150 0.006494
201160 0.007891
201170 0.005424
201180 0.001985
201190 0.002469
201200 0.005178
201210 0.004484
201220 0.015770
201230 0.008600
201240 0.014083
201250 0.004546
201260 0.004569
201270 0.005379
201280 0.003226
201290 0.005266
201300 0.000786
201310 0.004280
201320 0.005539
201330 0.000310
201340 0.005008
201350 -0.001870
201360 0.004473
201370 0.008496
201380 0.004553
201390 0.001484
201400 0.003511
201410 0.001410
201420 0.004271
201430 0.004517
201440 0.003027
201450 0.001925
201460 0.005814
201470 0.003027
201480 0.002300
201490 0.005343
201500 0.000679
201510 0.001119
201520 0.000418
201530 0.011715
201540 0.001752
201550 0.006095
201560 0.000761
201570 0.006693
201580 0.007350
201590 0.008279
201600 0.006487
201610 0.003927
201620 0.004149
201630 0.005602
201640 0.006348
201650 0.001696
201660 0.004212
201670 0.011283
201680 0.004372
201690 0.010747
201700 0.008785
201710 0.002536
201720 0.006106
201730 0.012976
201740 0.005745
201750 0.001489
201760 0.003671
201770 0.010851
201780 0.002812
201790 0.003831
201800 0.006654
201810 0.013746
201820 0.015404
201830 0.009075
201840 0.005961
201850 0.002982
201860 0.002765
201870 0.010019
201880 0.002280
201890 0.001866
201900 0.006985
201910 0.012869
201920 0.004563
201930 0.001822
201940 0.003201
201950 -0.001589
201960 0.005765
201970 0.003393
201980 0.005198
201990 0.004376
202000 -0.001385
202010 -0.001905
202020 0.004227
202030 0.007527
202040 0.003510
202050 0.002550
202060 0.001198
202070 0.003693
202080 0.005950
202090 0.003755
202100 0.001538
202110 0.006080
202120 0.000967
202130 0.000115
202140 0.003566
202150 0.002104
202160 0.006829
202170 0.004456
202180 0.000799
202190 0.001484
202200 0.002246
202210 0.001870
202220 0.003950
202230 0.007145
202240 0.001640
202250 0.003608
202260 0.004006
202270 0.006501
202280 0.009209
202290 0.006775
202300 0.010321
202310 0.005467
202320 0.011622
202330 0.003817
202340 0.002937
202350 0.003969
202360 -0.000336
202370 0.002878
202380 0.000984
202390 0.003890
202400 0.002257
202410 -0.003555
202420 0.004716
202430 13.977728
202440 0.005697
202450 0.008869
202460 0.001927
202470 0.005422
202480 -0.000249
202490 0.003953
202500 0.002584
202510 0.003485
202520 0.013648
202530 0.001810
202540 0.009279
202550 0.003088
202560 0.001691
202570 0.006665
202580 0.005505
202590 0.006132
202600 0.003458
202610 0.008029
202620 0.004803
202630 0.006310
202640 0.015045
202650 0.008111
202660 13.977785
202670 0.000413
202680 0.003639
202690 0.005563
202700 0.001141
202710 0.004306
202720 0.001909
202730 0.000155
202740 0.006296
202750 0.007745
202760 0.006979
202770 -0.000857
202780 0.004198
202790 0.008759
202800 0.002756
202810 0.005401
202820 0.001977
202830 0.000298
202840 0.000157
202850 0.013276
202860 0.005165
202870 0.002489
202880 0.007600
202890 0.003254
202900 0.009905
202910 -0.000492
202920 0.002444
202930 0.002588
202940 0.003056
202950 0.006202
202960 0.004393
202970 0.000339
202980 0.004817
202990 -0.001802
203000 0.000375
203010 0.001490
203020 0.000920
203030 0.004988
203040 0.011611
203050 0.007929
203060 0.001096
203070 0.003787
203080 0.007136
203090 -0.001749
203100 0.000275
203110 0.004861
203120 0.002057
203130 -0.000556
203140 0.001442
203150 0.001765
203160 0.004189
203170 0.004136
203180 0.001558
203190 0.003553
203200 0.004380
203210 0.002570
203220 0.001566
203230 0.009082
203240 0.007606
203250 0.006792
203260 0.003058
203270 0.003940
203280 0.000762
203290 0.004066
203300 -0.002436
203310 -0.000338
203320 -0.000414
203330 0.007071
203340 0.000612
203350 0.003966
203360 0.003431
203370 0.005407
203380 0.006635
203390 0.001822
203400 0.004035
203410 0.011641
203420 0.004841
203430 0.006854
203440 0.007295
203450 -0.000386
203460 0.004586
203470 0.005193
203480 -0.000704
203490 0.004240
203500 0.009045
203510 0.005059
203520 0.005129
203530 0.001835
203540 0.007093
203550 0.009827
203560 0.005360
203570 0.003259
203580 0.006979
203590 0.011555
203600 0.005188
203610 0.006454
203620 0.002569
203630 0.005141
203640 -0.001202
203650 0.002366
203660 0.003039
203670 0.005008
203680 0.006528
203690 0.006941
203700 0.009195
203710 0.005395
203720 0.001222
203730 0.004064
203740 0.005361
203750 0.002455
203760 0.006053
203770 0.000277
203780 0.000617
203790 0.001691
203800 0.004337
203810 0.003443
203820 0.002873
203830 0.004622
203840 0.003763
203850 0.003426
203860 0.003190
203870 0.006126
203880 0.006135
203890 0.009102
203900 0.004078
203910 0.004835
203920 0.005269
203930 0.004237
203940 0.006239
203950 0.006766
203960 0.000506
203970 0.004974
203980 0.003416
203990 0.003501
204000 0.003604
204010 0.005559
204020 0.001669
204030 0.003760
204040 0.009982
204050 0.007003
204060 0.002637
204070 0.004657
204080 -0.000274
204090 -0.002599
204100 0.002011
204110 0.001435
204120 0.004281
204130 0.000803
204140 0.002547
204150 0.002850
204160 0.003262
204170 -0.002370
204180 -0.001402
204190 0.002751
204200 0.000507
204210 0.005180
204220 -0.002133
204230 0.002417
204240 0.000351
204250 0.001298
204260 0.003070
204270 0.001615
204280 0.001020
204290 0.004360
204300 0.005228
204310 0.001982
204320 0.004864
204330 0.001822
204340 0.014581
204350 0.003878
204360 0.004291
204370 0.003105
204380 0.000922
204390 0.001303
204400 0.000269
204410 0.008729
204420 0.002915
204430 0.000125
204440 -0.000622
204450 0.002439
204460 0.007698
204470 0.007327
204480 0.003651
204490 0.009670
204500 0.011111
204510 0.007572
204520 0.003131
204530 0.001558
204540 0.004381
204550 0.004386
204560 0.003402
204570 13.969584
204580 0.003238
204590 0.003668
204600 0.006805
204610 0.004372
204620 0.003145
204630 0.002687
204640 0.006320
204650 0.000663
204660 0.002871
204670 -0.000844
204680 0.008248
204690 0.011711
204700 0.003821
204710 0.006275
204720 0.002735
204730 0.000374
204740 0.006188
204750 0.004969
204760 0.010288
204770 0.001985
204780 0.021659
204790 0.004150
204800 0.010671
204810 13.957258
204820 0.003055
204830 0.010040
204840 0.003866
204850 0.008281
204860 0.008315
204870 0.006860
204880 0.006203
204890 0.006496
204900 0.005692
204910 0.004180
204920 0.007047
204930 0.003689
204940 0.007083
204950 0.002915
204960 0.003577
204970 -0.003522
204980 0.005803
204990 0.003557
205000 0.004432
205010 0.000019
205020 0.004096
205030 0.003244
205040 0.001606
205050 0.009062
205060 0.003162
205070 -0.003048
205080 0.005382
205090 0.002396
205100 -0.000900
205110 0.002579
205120 0.002581
205130 0.005963
205140 0.003918
205150 0.000606
205160 0.004009
205170 0.005267
205180 0.007005
205190 0.006368
205200 0.004866
205210 0.004504
205220 -0.000953
205230 -0.001305
205240 0.005631
205250 -0.000431
205260 0.001220
205270 0.008094
205280 0.005054
205290 0.005311
205300 0.005123
205310 0.001860
205320 0.002557
205330 0.002187
205340 0.009407
205350 0.002520
205360 0.005048
205370 0.000529
205380 0.003135
205390 0.009254
205400 0.008474
205410 0.004439
205420 0.008457
205430 0.003715
205440 0.015577
205450 0.008080
205460 0.008745
205470 0.010871
205480 0.003763
205490 0.006334
205500 0.010643
205510 0.005496
205520 13.952362
205530 -0.002092
205540 0.005662
205550 0.006751
205560 0.001589
205570 -0.000391
205580 0.001329
205590 0.001328
205600 -0.001818
205610 0.007062
205620 0.004657
205630 0.009340
205640 0.004160
205650 0.007241
205660 0.002580
205670 0.001147
205680 0.004469
205690 0.008793
205700 0.005395
205710 0.007810
205720 0.006332
205730 0.012507
205740 0.012469
205750 0.008820
205760 0.000864
205770 0.006693
205780 0.008894
205790 0.009703
205800 0.003502
205810 0.000626
205820 0.005547
205830 0.000137
205840 0.007708
205850 0.003275
205860 0.008439
205870 0.014355
205880 0.009486
205890 0.005785
205900 -0.001514
205910 0.002979
205920 0.003365
205930 0.003568
205940 0.000432
205950 0.007269
205960 0.000621
205970 0.000705
205980 0.005678
205990 0.004722
206000 0.004728
206010 0.008108
206020 0.008447
206030 0.002726
206040 0.007615
206050 0.006689
206060 0.012753
206070 0.008248
206080 0.002682
206090 -0.000756
206100 0.008204
206110 0.007420
206120 0.009003
206130 0.013456
206140 0.006316
206150 0.008017
206160 0.002440
206170 0.006157
206180 0.012054
206190 0.003967
206200 0.005308
206210 -0.001485
206220 0.008260
206230 0.003939
206240 0.001182
206250 0.009316
206260 0.006642
206270 0.007692
206280 0.003541
206290 0.010095
206300 0.002711
206310 0.006747
206320 -0.001072
206330 0.012218
206340 0.005984
206350 0.010749
206360 0.019573
206370 0.010329
206380 0.004195
206390 0.008317
206400 0.016284
206410 0.012760
206420 0.007213
206430 0.006329
206440 -0.001260
206450 0.003706
206460 0.004064
206470 0.013568
206480 0.014693
206490 0.009639
206500 -0.000675
206510 0.006772
206520 0.002060
206530 0.005032
206540 0.002211
206550 0.002778
206560 0.005098
206570 0.003805
206580 0.010244
206590 0.000766
206600 0.003694
206610 0.010481
206620 0.003344
206630 -0.001325
206640 0.003922
206650 0.001830
206660 0.000577
206670 0.004402
206680 0.011498
206690 0.003713
206700 0.007594
206710 0.005239
206720 0.012035
206730 0.000930
206740 0.004294
206750 0.006856
206760 -0.001186
206770 0.013211
206780 0.013026
206790 0.003537
206800 0.001539
206810 0.004416
206820 0.005198
206830 0.002435
206840 0.003105
206850 0.010878
206860 0.007971
206870 0.011227
206880 0.014553
206890 0.019638
206900 0.010798
206910 0.012731
206920 0.006183
206930 0.007106
206940 0.002190
206950 0.003478
206960 0.009239
206970 0.009387
206980 0.011516
206990 0.004962
207000 0.008272
207010 0.006254
207020 0.004801
207030 0.015517
207040 0.003614
207050 0.002406
207060 0.008525
207070 0.003009
207080 0.003097
207090 0.009192
207100 0.005569
207110 0.006326
207120 0.006858
207130 0.003875
207140 0.015049
207150 -0.001735
207160 0.008101
207170 0.010062
207180 0.007297
207190 0.001782
207200 0.009053
207210 -0.000036
207220 0.005991
207230 0.007286
207240 0.008415
207250 0.006185
207260 0.003389
207270 0.003954
207280 0.006436
207290 0.001336
207300 0.005857
207310 0.008953
207320 0.007337
207330 0.004930
207340 0.004992
207350 0.005630
207360 0.002545
207370 0.007965
207380 0.002950
207390 0.001441
207400 0.006130
207410 0.003403
207420 0.006538
207430 0.011001
207440 0.005753
207450 0.007571
207460 0.007302
207470 0.002297
207480 0.006858
207490 0.007989
207500 0.005397
207510 0.005800
207520 0.006387
207530 0.008973
207540 0.003311
207550 0.007655
207560 0.007407
207570 0.008801
207580 0.002777
207590 0.003709
207600 0.009881
207610 0.004285
207620 -0.003269
207630 0.007899
207640 0.006209
207650 0.007240
207660 0.004316
207670 0.005532
207680 0.007929
207690 0.018071
207700 0.004162
207710 0.005217
207720 0.015999
207730 0.004901
207740 0.005628
207750 0.004314
207760 0.007541
207770 0.009736
207780 0.006160
207790 14.005522
207800 0.003222
207810 0.011922
207820 0.008988
207830 0.004942
207840 -0.000868
207850 0.010753
207860 0.002974
207870 0.006849
207880 0.010282
207890 0.002322
207900 0.006468
207910 0.008004
207920 0.010732
207930 0.002492
207940 0.008550
207950 0.001442
207960 0.003830
207970 0.002211
207980 0.005282
207990 0.005843
208000 0.003433
208010 0.004303
208020 0.010218
208030 0.006560
208040 0.002476
208050 0.007002
208060 0.001316
208070 0.001829
208080 0.003386
208090 0.001610
208100 0.002341
208110 0.008499
208120 0.005934
208130 0.006312
208140 0.005546
208150 0.003088
208160 0.002666
208170 0.003482
208180 0.006114
208190 0.002343
208200 0.001901
208210 0.002404
208220 13.961154
208230 0.001761
208240 0.006405
208250 0.002553
208260 -0.002018
208270 0.004701
208280 0.001730
208290 0.006485
208300 0.002111
208310 0.004338
208320 0.016472
208330 0.007707
208340 0.004967
208350 -0.000062
208360 0.002479
208370 0.012702
208380 0.001646
208390 0.006744
208400 0.007437
208410 0.005335
208420 0.003087
208430 0.004445
208440 0.013616
208450 0.002005
208460 0.003270
208470 0.003025
208480 0.005137
208490 0.006496
208500 -0.002075
208510 0.009350
208520 0.003478
208530 0.000635
208540 0.003220
208550 0.001168
208560 0.007693
208570 0.014050
208580 0.004009
208590 0.008112
208600 0.006442
208610 0.005954
208620 0.005738
208630 0.005426
208640 0.008500
208650 0.002279
208660 0.006140
208670 0.006490
208680 0.003882
208690 0.003991
208700 0.010605
208710 0.020690
208720 0.011930
208730 0.003027
208740 0.006780
208750 0.004896
208760 0.009084
208770 0.016583
208780 0.000529
208790 0.003802
208800 0.001180
208810 0.010405
208820 -0.000596
208830 0.006266
208840 0.004468
208850 0.003428
208860 0.004665
208870 0.001601
208880 -0.001344
208890 0.000708
208900 0.008614
208910 0.009739
208920 0.002056
208930 0.005542
208940 -0.000001
208950 0.003536
208960 0.005392
208970 0.001460
208980 0.003599
208990 0.006699
209000 0.006506
209010 0.008308
209020 0.006538
209030 0.002515
209040 0.003186
209050 0.003803
209060 0.006888
209070 0.001680
209080 0.003816
209090 0.003831
209100 0.000910
209110 0.008786
209120 0.006341
209130 0.010488
209140 0.003649
209150 0.004977
209160 13.975915
209170 0.000960
209180 0.005010
209190 0.006257
209200 0.006082
209210 0.005385
209220 0.002929
209230 0.007649
209240 0.003510
209250 0.000629
209260 0.002938
209270 0.008294
209280 0.008355
209290 0.004696
209300 0.009485
209310 0.011886
209320 0.001868
209330 0.004761
209340 0.001892
209350 -0.001609
209360 0.005321
209370 0.001302
209380 0.001001
209390 0.000607
209400 0.005136
209410 0.004835
209420 0.001809
209430 0.003153
209440 0.003012
209450 0.003995
209460 0.009146
209470 0.000232
209480 0.000821
209490 0.009563
209500 0.001765
209510 0.004629
209520 0.003430
209530 0.000908
209540 0.006876
209550 0.004135
209560 0.004347
209570 0.002765
209580 -0.001592
209590 0.006116
209600 0.003422
209610 0.007314
209620 13.978254
209630 0.006788
209640 0.003226
209650 0.004558
209660 0.004761
209670 0.003065
209680 0.006430
209690 -0.000239
209700 0.003308
209710 0.003694
209720 0.002157
209730 -0.000439
209740 0.003866
209750 0.000817
209760 0.003943
209770 0.009203
209780 0.002183
209790 0.009523
209800 0.004965
209810 0.004633
209820 0.008237
209830 0.001305
209840 0.006045
209850 -0.003186
209860 0.004926
209870 0.001352
209880 0.003408
209890 0.005008
209900 0.006990
209910 0.008384
209920 0.008548
209930 0.006366
209940 -0.003045
209950 0.003050
209960 0.005385
209970 0.003331
209980 0.002683
209990 0.005379
210000 0.019064
210010 0.006735
210020 0.004773
210030 0.003204
210040 0.009188
210050 0.002908
210060 0.013378
210070 -0.000990
210080 0.004369
210090 0.010914
210100 -0.002257
210110 0.003201
210120 0.005221
210130 0.005136
210140 0.007579
210150 0.004823
210160 -0.000185
210170 0.028998
210180 0.005960
210190 -0.001234
210200 0.001002
210210 0.003403
210220 0.004247
210230 0.004606
210240 0.003641
210250 0.005045
210260 0.005954
210270 0.004575
210280 0.005004
210290 0.008138
210300 -0.002008
210310 0.002808
210320 0.002890
210330 0.003131
210340 0.005088
210350 0.002432
210360 0.004697
210370 0.001794
210380 0.001825
210390 0.003559
210400 0.003598
210410 0.005466
210420 0.003586
210430 0.003887
210440 0.000960
210450 0.002515
210460 0.002225
210470 0.001719
210480 0.004749
210490 0.003267
210500 0.001698
210510 0.002395
210520 0.001117
210530 0.004232
210540 0.005502
210550 0.002823
210560 0.000105
210570 0.004326
210580 0.005248
210590 0.005528
210600 -0.002219
210610 0.003206
210620 0.014643
210630 0.003497
210640 0.000670
210650 0.003727
210660 0.000442
210670 0.006168
210680 0.010945
210690 0.006804
210700 0.001604
210710 -0.000249
210720 0.003190
210730 0.007716
210740 0.007842
210750 0.009477
210760 0.004589
210770 0.001868
210780 0.007551
210790 0.004744
210800 0.007737
210810 0.006978
210820 0.003168
210830 0.006534
210840 -0.000431
210850 0.006047
210860 0.003576
210870 0.004643
210880 0.001212
210890 0.008428
210900 0.008034
210910 0.004065
210920 0.005550
210930 -0.000530
210940 0.003661
210950 0.003047
210960 0.004775
210970 0.004369
210980 0.016164
210990 0.003230
211000 0.006836
211010 0.001722
211020 0.007655
211030 0.001835
211040 -0.002362
211050 0.007955
211060 0.004680
211070 0.003077
211080 0.001592
211090 -0.000766
211100 0.001946
211110 -0.002616
211120 0.008532
211130 0.000295
211140 0.003482
211150 0.005435
211160 0.008051
211170 0.008848
211180 0.003362
211190 0.000930
211200 0.000536
211210 0.005978
211220 0.002961
211230 -0.000530
211240 -0.000475
211250 0.007858
211260 0.001537
211270 0.000844
211280 0.005158
211290 0.013962
211300 0.000164
211310 0.006004
211320 0.003794
211330 0.005667
211340 0.003371
211350 -0.002531
211360 0.006019
211370 0.010725
211380 0.005662
211390 0.002529
211400 0.003567
211410 0.004676
211420 0.006865
211430 0.005488
211440 0.005247
211450 0.002156
211460 0.003348
211470 0.001424
211480 0.003412
211490 0.006245
211500 0.002089
211510 0.004492
211520 -0.001378
211530 0.003598
211540 -0.000805
211550 0.004502
211560 0.005724
211570 0.006386
211580 0.008194
211590 0.000114
211600 0.000408
211610 0.010616
211620 0.005504
211630 0.004032
211640 0.001884
211650 0.001148
211660 0.006297
211670 0.006941
211680 -0.001037
211690 0.003114
211700 0.001983
211710 0.005901
211720 0.005752
211730 0.001354
211740 0.005783
211750 0.002162
211760 0.015134
211770 0.003248
211780 0.008118
211790 0.005968
211800 0.002933
211810 0.007877
211820 0.007303
211830 0.003206
211840 0.007285
211850 0.001105
211860 0.003449
211870 0.002530
211880 0.005161
211890 0.002732
211900 0.005544
211910 0.004075
211920 0.002887
211930 0.004904
211940 0.003061
211950 0.009618
211960 0.002572
211970 0.003164
211980 0.004089
211990 0.005534
212000 0.001099
212010 0.005407
212020 0.003090
212030 0.003780
212040 0.001233
212050 0.000277
212060 -0.001808
212070 0.003110
212080 0.005178
212090 0.001982
212100 0.002381
212110 0.002326
212120 0.006671
212130 0.001987
212140 0.003635
212150 0.009269
212160 0.009239
212170 0.006327
212180 0.008545
212190 0.002553
212200 0.005436
212210 0.009046
212220 -0.004049
212230 0.008683
212240 0.007745
212250 0.007182
212260 0.008297
212270 0.005225
212280 0.004587
212290 -0.001858
212300 0.002580
212310 0.001213
212320 0.005879
212330 0.002511
212340 0.010073
212350 0.002450
212360 0.005825
212370 0.005878
212380 0.000594
212390 0.003553
212400 0.010023
212410 0.005450
212420 0.001444
212430 0.008452
212440 0.001406
212450 0.006301
212460 -0.001102
212470 0.006523
212480 0.008742
212490 0.008138
212500 0.003291
212510 0.000480
212520 0.009085
212530 -0.001394
212540 0.002126
212550 0.007344
212560 0.001814
212570 0.007020
212580 -0.001213
212590 0.003642
212600 0.003822
212610 0.001965
212620 -0.001954
212630 0.003959
212640 0.001044
212650 0.004947
212660 0.001588
212670 -0.000722
212680 0.008304
212690 0.005161
212700 0.006276
212710 0.005058
212720 0.005136
212730 0.003453
212740 -0.000018
212750 0.004543
212760 0.003326
212770 0.002702
212780 0.007850
212790 0.003576
212800 13.989944
212810 -0.000772
212820 0.007239
212830 0.006011
212840 0.001963
212850 0.004215
212860 0.000753
212870 0.002017
212880 0.003786
212890 0.004240
212900 0.000905
212910 0.002875
212920 0.001789
212930 0.000796
212940 0.003540
212950 0.005400
212960 0.007149
212970 0.008069
212980 0.004510
212990 0.002744
213000 0.003908
213010 0.003973
213020 0.002656
213030 -0.000129
213040 0.007118
213050 0.002580
213060 0.001223
213070 0.007559
213080 0.004094
213090 0.003702
213100 0.003640
213110 0.002811
213120 0.005936
213130 0.001956
213140 0.000714
213150 0.006289
213160 0.002356
213170 0.010281
213180 0.008361
213190 0.003495
213200 0.002802
213210 0.004055
213220 0.005238
213230 0.006420
213240 0.002262
213250 0.005867
213260 -0.000566
213270 0.004036
213280 0.003081
213290 0.001177
213300 0.006356
213310 0.004094
213320 -0.001554
213330 0.003586
213340 0.005555
213350 0.004034
213360 0.001208
213370 0.001656
213380 0.002555
213390 -0.000719
213400 0.003423
213410 0.005255
213420 0.005623
213430 0.007695
213440 0.002943
213450 -0.000891
213460 0.003841
213470 0.007093
213480 13.987823
213490 -0.000306
213500 0.013041
213510 0.007676
213520 0.003099
213530 0.004712
213540 0.004210
213550 0.002779
213560 0.006313
213570 0.003206
213580 0.007295
213590 0.004974
213600 13.948756
213610 0.005946
213620 0.004491
213630 0.002130
213640 0.005607
213650 0.004406
213660 0.006117
213670 0.003621
213680 0.001587
213690 0.003247
213700 -0.001301
213710 0.006217
213720 0.001808
213730 0.007181
213740 0.003555
213750 0.007916
213760 0.000036
213770 -0.000056
213780 -0.000721
213790 0.004349
213800 0.006408
213810 -0.000880
213820 -0.002299
213830 0.001599
213840 -0.000676
213850 0.004237
213860 0.000339
213870 0.001726
213880 0.001538
213890 0.004333
213900 -0.000263
213910 0.002897
213920 0.003242
213930 0.009135
213940 0.003339
213950 0.009003
213960 0.005504
213970 0.000305
213980 0.003101
213990 -0.001701
214000 0.002708
214010 0.003562
214020 0.006161
214030 0.002991
214040 0.008545
214050 0.003322
214060 0.009646
214070 0.005930
214080 0.004497
214090 0.006187
214100 0.003052
214110 0.000219
214120 0.004678
214130 0.011113
214140 0.004770
214150 0.005793
214160 0.004539
214170 0.004115
214180 0.007370
214190 0.007413
214200 -0.000158
214210 0.001436
214220 0.006675
214230 0.009605
214240 0.007175
214250 0.003494
214260 0.001518
214270 0.002025
214280 0.004744
214290 0.005627
214300 0.011986
214310 0.003260
214320 0.000600
214330 0.003359
214340 0.007497
214350 0.003598
214360 0.002187
214370 0.008741
214380 0.010463
214390 0.003849
214400 0.004143
214410 0.004226
214420 0.006184
214430 0.005259
214440 0.007309
214450 -0.000473
214460 0.003149
214470 0.005892
214480 0.007380
214490 0.013340
214500 0.004715
214510 0.000539
214520 -0.000254
214530 0.012729
214540 0.001098
214550 0.004615
214560 0.003717
214570 0.006323
214580 0.005113
214590 0.002633
214600 0.003337
214610 0.006147
214620 0.003546
214630 0.002009
214640 0.004653
214650 0.013108
214660 0.007127
214670 0.005364
214680 0.007495
214690 0.003989
214700 0.003884
214710 0.003313
214720 0.007292
214730 0.001143
214740 0.005503
214750 0.006266
214760 0.003383
214770 0.002824
214780 0.006816
214790 0.000187
214800 0.005855
214810 0.002450
214820 0.003754
214830 -0.001617
214840 0.005354
214850 0.003451
214860 0.006160
214870 0.002467
214880 0.007387
214890 0.000119
214900 0.007123
214910 0.004458
214920 0.019323
214930 0.005678
214940 0.003877
214950 0.009628
214960 0.002863
214970 0.006418
214980 0.004297
214990 0.008036
215000 0.010058
215010 0.009472
215020 0.007252
215030 0.007310
215040 0.005944
215050 0.002020
215060 0.007324
215070 0.004832
215080 0.001183
215090 0.005933
215100 0.005282
215110 0.007055
215120 0.004979
215130 0.001557
215140 0.013115
215150 0.011664
215160 0.005244
215170 -0.001433
215180 0.010315
215190 0.006855
215200 0.004175
215210 0.004354
215220 0.003013
215230 0.010128
215240 0.003449
215250 0.000966
215260 0.005166
215270 0.009412
215280 0.003115
215290 0.004250
215300 0.000000
215310 -0.002042
215320 0.007054
215330 0.006719
215340 0.006884
215350 0.006277
215360 0.004073
215370 0.002289
215380 0.001200
215390 0.006698
215400 0.001438
215410 0.005858
215420 0.002261
215430 0.010665
215440 0.008556
215450 0.004141
215460 0.003326
215470 0.005828
215480 0.004979
215490 0.006124
215500 0.002586
215510 0.001694
215520 0.004481
215530 0.005873
215540 -0.000850
215550 0.007677
215560 -0.000284
215570 0.011250
215580 0.009782
215590 0.002918
215600 0.005260
215610 0.000909
215620 0.012816
215630 0.002533
215640 0.000604
215650 0.006738
215660 -0.000089
215670 0.009069
215680 0.000771
215690 0.007148
215700 0.003445
215710 0.000692
215720 -0.000559
215730 0.008943
215740 0.002385
215750 0.008492
215760 0.003186
215770 0.002055
215780 0.002377
215790 0.006268
215800 0.004500
215810 0.009890
215820 0.007533
215830 0.008385
215840 0.003533
215850 0.001955
215860 0.007083
215870 0.003128
215880 0.003103
215890 0.005090
215900 0.003054
215910 0.008745
215920 0.002543
215930 0.007070
215940 -0.000965
215950 0.008151
215960 0.004197
215970 0.002511
215980 0.004006
215990 0.007382
216000 0.005012
216010 -0.000513
216020 0.002581
216030 0.006249
216040 0.004763
216050 0.012714
216060 0.002342
216070 0.008759
216080 0.015776
216090 0.001359
216100 0.005357
216110 0.000976
216120 0.013845
216130 0.009677
216140 0.003017
216150 0.010627
216160 0.005430
216170 0.002171
216180 0.000630
216190 -0.001180
216200 0.006022
216210 -0.003813
216220 0.002894
216230 0.003364
216240 0.007876
216250 0.008709
216260 0.006490
216270 -0.002389
216280 0.009675
216290 0.001099
216300 0.003019
216310 0.003812
216320 0.002009
216330 -0.000360
216340 0.006276
216350 0.003347
216360 0.002594
216370 0.003244
216380 0.001626
216390 0.003102
216400 0.005498
216410 0.005809
216420 0.004268
216430 0.000286
216440 0.008180
216450 0.003534
216460 0.005894
216470 0.001003
216480 0.001171
216490 -0.000444
216500 0.012284
216510 0.002911
216520 0.013027
216530 0.003425
216540 -0.001146
216550 0.005221
216560 -0.000619
216570 0.012885
216580 0.005814
216590 0.002228
216600 0.004428
216610 0.008594
216620 0.005555
216630 0.003208
216640 0.004435
216650 0.006175
216660 0.007931
216670 0.005835
216680 0.006105
216690 0.008822
216700 0.005519
216710 0.004275
216720 0.005031
216730 0.000410
216740 0.000375
216750 0.010224
216760 -0.000616
216770 13.962999
216780 0.003333
216790 0.003502
216800 0.004488
216810 0.005667
216820 0.001624
216830 0.009159
216840 0.001656
216850 0.005460
216860 0.008481
216870 0.007301
216880 0.001474
216890 0.004248
216900 0.005029
216910 0.002526
216920 0.001976
216930 0.005665
216940 0.002744
216950 0.005977
216960 0.004725
216970 0.006126
216980 0.011654
216990 0.005016
217000 0.001435
217010 0.005272
217020 0.005955
217030 0.005967
217040 0.009295
217050 0.013427
217060 0.005765
217070 0.006924
217080 0.004921
217090 0.006618
217100 -0.001065
217110 0.002655
217120 0.000770
217130 0.007892
217140 0.004639
217150 0.001723
217160 0.006177
217170 0.014260
217180 0.000011
217190 -0.001133
217200 0.004865
217210 0.001237
217220 0.005071
217230 0.003875
217240 0.004609
217250 -0.003398
217260 -0.000824
217270 0.006776
217280 -0.001463
217290 0.004532
217300 0.004831
217310 0.003904
217320 0.001192
217330 0.005480
217340 0.010018
217350 0.006742
217360 0.006653
217370 0.001283
217380 0.013584
217390 0.004707
217400 0.001089
217410 0.003313
217420 0.000164
217430 0.003995
217440 0.001611
217450 0.005211
217460 -0.001954
217470 0.002856
217480 0.001663
217490 0.004084
217500 0.001276
217510 -0.001480
217520 0.001712
217530 0.005413
217540 0.006701
217550 0.008081
217560 -0.000170
217570 0.006001
217580 0.005950
217590 0.004377
217600 0.004558
217610 0.005091
217620 0.002658
217630 0.004792
217640 0.003231
217650 0.003755
217660 0.003043
217670 0.006028
217680 0.006666
217690 0.002542
217700 0.003872
217710 0.010921
217720 -0.001575
217730 0.005411
217740 0.000219
217750 0.003371
217760 0.001680
217770 0.007193
217780 0.002494
217790 0.003872
217800 0.007113
217810 0.006230
217820 0.004020
217830 0.004289
217840 0.004874
217850 0.002603
217860 0.002239
217870 0.001249
217880 0.002507
217890 0.007908
217900 0.006976
217910 0.005433
217920 0.009076
217930 0.004490
217940 0.008322
217950 0.003274
217960 0.008199
217970 0.005540
217980 0.001599
217990 0.001043
218000 0.006222
218010 0.001375
218020 0.010267
218030 0.005423
218040 0.004317
218050 0.010446
218060 0.003763
218070 0.006424
218080 0.007316
218090 0.003909
218100 0.005389
218110 0.000160
218120 0.004494
218130 0.004289
218140 0.003470
218150 0.003110
218160 -0.001192
218170 0.001053
218180 0.005127
218190 0.003900
218200 -0.000568
218210 0.002286
218220 0.002635
218230 -0.002007
218240 0.007320
218250 0.004159
218260 0.005381
218270 -0.000258
218280 0.000929
218290 0.004687
218300 0.001237
218310 0.006155
218320 0.003569
218330 0.008873
218340 -0.000473
218350 0.006635
218360 -0.001571
218370 0.005285
218380 0.007866
218390 0.001171
218400 0.004157
218410 0.001296
218420 -0.000901
218430 -0.000060
218440 0.003832
218450 0.005576
218460 0.004215
218470 13.984259
218480 0.003321
218490 0.007036
218500 0.003531
218510 0.007573
218520 0.002708
218530 0.001422
218540 0.007777
218550 0.006596
218560 0.002362
218570 0.009344
218580 0.002531
218590 0.002587
218600 0.000386
218610 0.006887
218620 0.003628
218630 0.004900
218640 0.001221
218650 0.005534
218660 0.002502
218670 0.006210
218680 0.001538
218690 0.001663
218700 0.003772
218710 -0.003173
218720 0.005503
218730 0.003525
218740 0.007927
218750 0.002182
218760 0.000797
218770 0.008820
218780 0.008564
218790 0.004924
218800 0.004408
218810 -0.000400
218820 0.007508
218830 0.006742
218840 0.003965
218850 0.005998
218860 0.004571
218870 0.004660
218880 0.004880
218890 0.000996
218900 0.005969
218910 0.007107
218920 0.007992
218930 0.005855
218940 13.969478
218950 0.005939
218960 0.005424
218970 0.010103
218980 0.005113
218990 0.007441
219000 0.006228
219010 -0.000394
219020 0.000894
219030 -0.000709
219040 0.003570
219050 0.003331
219060 0.000714
219070 -0.000772
219080 0.006799
219090 0.004869
219100 0.006812
219110 0.004949
219120 -0.003429
219130 0.011370
219140 0.002228
219150 0.003773
219160 0.003037
219170 0.006266
219180 0.005903
219190 0.005559
219200 0.006656
219210 0.003501
219220 0.007543
219230 0.008007
219240 0.007627
219250 -0.001718
219260 0.002702
219270 0.001974
219280 0.006348
219290 0.004099
219300 0.002647
219310 0.006311
219320 0.008472
219330 0.012673
219340 0.002371
219350 0.007182
219360 0.002381
219370 0.015300
219380 0.004081
219390 0.002280
219400 0.009246
219410 0.001965
219420 0.003511
219430 0.004539
219440 0.005423
219450 0.002825
219460 0.001364
219470 0.005259
219480 0.002319
219490 -0.000027
219500 -0.003311
219510 0.003744
219520 0.000357
219530 0.008127
219540 0.005870
219550 0.010066
219560 0.004254
219570 0.004959
219580 0.016396
219590 0.008412
219600 0.004510
219610 0.003646
219620 0.007548
219630 0.005345
219640 0.008850
219650 0.013405
219660 0.006727
219670 0.008171
219680 -0.003253
219690 0.009483
219700 0.003178
219710 0.002314
219720 0.008125
219730 0.001849
219740 0.004714
219750 0.007517
219760 0.010799
219770 0.010621
219780 0.011038
219790 0.003703
219800 0.006139
219810 0.012841
219820 0.005995
219830 0.009633
219840 0.001939
219850 0.004115
219860 0.012108
219870 0.006502
219880 0.006459
219890 0.009049
219900 0.003487
219910 0.000538
219920 -0.004928
219930 0.002577
219940 0.006457
219950 0.001238
219960 0.001625
219970 0.004825
219980 0.006099
219990 0.001002
220000 0.007573
220010 0.008848
220020 0.004875
220030 0.008266
220040 0.005770
220050 0.001128
220060 0.001861
220070 0.003565
220080 0.004575
220090 0.003859
220100 -0.001188
220110 0.007563
220120 0.005057
220130 0.005185
220140 0.001468
220150 0.004750
220160 0.002048
220170 -0.000684
220180 0.001895
220190 0.004540
220200 0.004964
220210 13.980515
220220 0.005164
220230 0.004532
220240 0.003021
220250 -0.000264
220260 -0.001562
220270 0.002063
220280 0.008029
220290 0.004290
220300 0.004354
220310 0.001919
220320 0.002511
220330 0.003468
220340 0.006886
220350 0.009002
220360 0.004312
220370 0.004147
220380 0.006598
220390 0.003579
220400 -0.001777
220410 0.004879
220420 0.013422
220430 0.003105
220440 0.004581
220450 0.008931
220460 0.004283
220470 0.001780
220480 0.006861
220490 0.008997
220500 0.010026
220510 -0.000994
220520 0.004207
220530 0.004981
220540 0.003203
220550 0.006135
220560 0.001057
220570 0.009071
220580 0.005731
220590 0.002450
220600 0.006896
220610 0.006967
220620 0.004206
220630 0.011785
220640 0.011910
220650 0.002274
220660 0.003526
220670 0.006617
220680 0.004144
220690 0.005546
220700 0.004513
220710 0.003530
220720 0.003876
220730 0.006214
220740 0.003566
220750 0.001984
220760 0.003699
220770 0.001930
220780 0.003730
220790 0.002838
220800 0.005414
220810 0.004326
220820 0.005554
220830 0.006809
220840 0.005070
220850 0.004895
220860 0.001915
220870 0.006207
220880 0.000958
220890 0.002108
220900 0.006083
220910 0.005866
220920 0.007932
220930 0.001826
220940 0.006430
220950 0.005708
220960 0.011121
220970 -0.000228
220980 0.006305
220990 -0.003211
221000 0.006442
221010 0.003832
221020 0.005789
221030 0.001513
221040 0.001047
221050 -0.000405
221060 0.004619
221070 0.001693
221080 0.000527
221090 0.006233
221100 0.002151
221110 0.002614
221120 0.005130
221130 0.003595
221140 0.005895
221150 0.013483
221160 0.001428
221170 0.003874
221180 0.004111
221190 0.002944
221200 0.001871
221210 0.006207
221220 0.004162
221230 -0.001061
221240 0.003243
221250 0.003996
221260 0.003302
221270 0.002956
221280 0.013367
221290 0.003822
221300 0.005151
221310 -0.000402
221320 13.985695
221330 0.009196
221340 0.002220
221350 -0.001332
221360 0.000043
221370 0.003086
221380 0.005306
221390 0.001601
221400 0.004321
221410 0.007964
221420 0.004946
221430 14.008051
221440 0.003789
221450 0.001548
221460 0.002282
221470 0.007715
221480 0.004647
221490 0.004048
221500 0.002792
221510 0.004579
221520 0.005296
221530 -0.000607
221540 0.006039
221550 0.004025
221560 0.003096
221570 0.002079
221580 0.002717
221590 0.009575
221600 0.005387
221610 0.006576
221620 0.004113
221630 0.004016
221640 0.006151
221650 13.965133
221660 0.008378
221670 -0.002462
221680 0.003750
221690 0.004788
221700 0.005060
221710 0.007807
221720 0.004580
221730 0.001114
221740 0.006761
221750 0.004447
221760 0.003827
221770 0.005508
221780 0.002245
221790 0.002662
221800 0.008807
221810 -0.000136
221820 0.007557
221830 0.006342
221840 0.001032
221850 0.002861
221860 0.003024
221870 0.007793
221880 0.004584
221890 0.006442
221900 -0.000884
221910 0.004320
221920 0.003697
221930 0.008048
221940 0.008520
221950 0.001902
221960 0.002747
221970 0.002360
221980 0.002523
221990 0.001479
222000 0.004113
222010 0.003051
222020 0.006017
222030 0.006474
222040 0.005539
222050 0.005768
222060 -0.001261
222070 0.003956
222080 0.004772
222090 0.011203
222100 -0.000207
222110 0.007199
222120 0.006973
222130 -0.000821
222140 0.002084
222150 0.003120
222160 13.987686
222170 0.001936
222180 0.005976
222190 0.005117
222200 0.004306
222210 0.005674
222220 0.005463
222230 0.002913
222240 0.002771
222250 0.000250
222260 0.011943
222270 0.013808
222280 0.000824
222290 0.007758
222300 0.005442
222310 0.000073
222320 0.002630
222330 0.001487
222340 0.007928
222350 0.000123
222360 0.006127
222370 0.005628
222380 0.003824
222390 0.002617
222400 0.001813
222410 0.006322
222420 0.007536
222430 0.002570
222440 0.005441
222450 0.001396
222460 0.006028
222470 0.007129
222480 0.010500
222490 0.003407
222500 0.004274
222510 0.001234
222520 0.005043
222530 0.007741
222540 0.005185
222550 0.003293
222560 0.005840
222570 0.005792
222580 0.004042
222590 0.004200
222600 0.000673
222610 0.013199
222620 0.007819
222630 0.000873
222640 0.002711
222650 0.005570
222660 -0.001120
222670 0.003618
222680 0.018597
222690 0.003558
222700 0.007131
222710 0.003569
222720 0.004104
222730 0.006194
222740 0.001992
222750 0.004779
222760 0.007280
222770 0.004160
222780 0.003455
222790 0.005383
222800 0.002236
222810 0.008830
222820 0.000360
222830 0.006361
222840 0.000163
222850 0.004355
222860 0.004071
222870 0.004511
222880 0.008433
222890 0.000100
222900 0.006278
222910 0.002485
222920 0.004686
222930 0.007509
222940 0.005736
222950 0.002154
222960 0.001422
222970 0.001150
222980 0.003247
222990 0.008666
223000 0.005443
223010 0.006893
223020 0.004461
223030 0.003609
223040 0.002710
223050 0.001966
223060 0.006584
223070 0.000166
223080 0.017198
223090 0.003997
223100 0.006109
223110 0.005469
223120 0.003697
223130 0.001406
223140 0.005778
223150 0.009127
223160 0.003097
223170 0.000728
223180 0.003596
223190 0.001438
223200 0.000603
223210 0.010880
223220 0.009665
223230 -0.000031
223240 0.002150
223250 0.003018
223260 0.006263
223270 0.006116
223280 0.002583
223290 0.002494
223300 -0.003330
223310 0.002528
223320 0.006255
223330 0.005693
223340 0.007460
223350 0.007546
223360 0.011960
223370 0.010704
223380 0.005672
223390 0.005937
223400 0.003341
223410 0.002291
223420 0.000594
223430 0.005201
223440 0.002540
223450 0.000875
223460 0.002103
223470 0.010898
223480 0.010306
223490 0.005842
223500 0.007417
223510 0.004150
223520 0.004724
223530 0.004271
223540 0.010053
223550 0.003856
223560 0.003719
223570 -0.000986
223580 0.002046
223590 0.003644
223600 -0.001207
223610 0.004102
223620 0.007768
223630 0.005154
223640 0.000173
223650 0.000721
223660 0.010214
223670 0.010530
223680 0.000198
223690 0.005392
223700 0.001746
223710 0.007694
223720 0.000263
223730 0.016903
223740 0.003229
223750 -0.000292
223760 0.004570
223770 0.005659
223780 0.002704
223790 0.012645
223800 0.003464
223810 0.003994
223820 0.000810
223830 0.001515
223840 0.005494
223850 0.006117
223860 0.000683
223870 0.005245
223880 0.005141
223890 0.004869
223900 0.016960
223910 0.009419
223920 0.004188
223930 0.005247
223940 0.002810
223950 -0.000116
223960 0.002553
223970 0.002480
223980 0.001820
223990 0.004226
224000 0.004682
224010 0.001178
224020 0.005145
224030 0.001412
224040 0.006221
224050 0.005743
224060 0.001632
224070 -0.001034
224080 0.009918
224090 0.005411
224100 0.004270
224110 0.008806
224120 0.002976
224130 0.010116
224140 0.002817
224150 0.006506
224160 0.007113
224170 -0.000189
224180 -0.000908
224190 -0.000810
224200 0.008629
224210 0.003172
224220 0.007407
224230 0.005107
224240 0.002117
224250 0.004529
224260 0.006681
224270 0.008029
224280 0.005189
224290 0.003770
224300 0.003643
224310 -0.000739
224320 0.004627
224330 0.003914
224340 0.011184
224350 0.008703
224360 0.008778
224370 0.011403
224380 0.006851
224390 0.004143
224400 0.013154
224410 0.008650
224420 0.005473
224430 0.011214
224440 0.006217
224450 0.001986
224460 0.006773
224470 0.003797
224480 0.004621
224490 0.001296
224500 0.003256
224510 0.011599
224520 0.000995
224530 0.003151
224540 0.006501
224550 0.004945
224560 0.016156
224570 0.004233
224580 0.009012
224590 13.959435
224600 0.006077
224610 0.006558
224620 -0.001513
224630 0.005174
224640 0.006644
224650 0.001399
224660 -0.001203
224670 0.008578
224680 0.005927
224690 0.012151
224700 0.007318
224710 0.002817
224720 0.004241
224730 0.006736
224740 0.007838
224750 0.000330
224760 0.013213
224770 0.005952
224780 0.011077
224790 0.009934
224800 0.008248
224810 0.002944
224820 0.005963
224830 -0.002187
224840 0.006931
224850 0.005121
224860 0.005216
224870 0.009857
224880 0.001027
224890 0.007198
224900 0.009577
224910 0.009016
224920 0.002408
224930 0.005597
224940 0.004058
224950 0.005793
224960 0.004633
224970 -0.000619
224980 0.007587
224990 0.004538
225000 0.007243
225010 0.007901
225020 0.007751
225030 0.005431
225040 0.003846
225050 0.009090
225060 0.006261
225070 0.005489
225080 -0.003427
225090 0.006384
225100 0.005803
225110 -0.000018
225120 0.007509
225130 0.000476
225140 0.000145
225150 0.010951
225160 0.007009
225170 0.000322
225180 0.005400
225190 0.006892
225200 0.002409
225210 0.001957
225220 0.001555
225230 0.000494
225240 0.003225
225250 0.003762
225260 -0.000595
225270 13.963178
225280 0.007579
225290 0.001311
225300 0.001134
225310 0.004146
225320 -0.000881
225330 0.006998
225340 0.006849
225350 0.000717
225360 13.966282
225370 0.000669
225380 -0.000700
225390 0.002275
225400 0.003696
225410 0.004812
225420 0.003530
225430 0.005927
225440 0.002869
225450 0.003349
225460 0.000103
225470 0.000256
225480 0.004664
225490 0.002217
225500 0.003720
225510 0.007241
225520 0.005214
225530 0.008670
225540 0.001953
225550 0.000295
225560 0.004898
225570 0.002994
225580 0.012190
225590 0.001998
225600 0.005355
225610 0.002036
225620 0.003916
225630 0.007436
225640 0.009797
225650 0.000764
225660 0.004570
225670 0.001251
225680 0.002596
225690 0.002421
225700 0.002383
225710 0.005399
225720 0.003893
225730 0.003287
225740 0.006437
225750 0.002099
225760 0.005473
225770 0.003812
225780 0.002147
225790 0.007379
225800 0.007571
225810 0.004928
225820 0.004159
225830 0.002661
225840 0.001901
225850 0.000741
225860 -0.001624
225870 0.003090
225880 0.001459
225890 0.003842
225900 0.003865
225910 0.000615
225920 0.009439
225930 0.004774
225940 0.004873
225950 0.002910
225960 0.003020
225970 0.000175
225980 0.001541
225990 -0.002471
226000 0.002777
226010 0.001254
226020 0.002068
226030 0.004008
226040 0.005690
226050 0.001620
226060 0.001595
226070 0.008057
226080 0.006230
226090 0.001819
226100 0.007935
226110 -0.000641
226120 0.004621
226130 0.004375
226140 0.002725
226150 0.001917
226160 0.005175
226170 0.009893
226180 0.002283
226190 0.002892
226200 0.004418
226210 0.004636
226220 0.004103
226230 -0.000724
226240 0.001731
226250 0.003129
226260 0.001324
226270 0.005926
226280 -0.001325
226290 0.000079
226300 0.006393
226310 0.005276
226320 0.006013
226330 -0.000907
226340 0.000140
226350 0.004134
226360 0.005915
226370 0.004298
226380 0.002986
226390 0.004319
226400 0.004715
226410 0.002288
226420 0.004917
226430 0.006626
226440 0.006397
226450 13.965432
226460 0.005246
226470 0.003448
226480 0.003912
226490 0.005035
226500 0.003412
226510 0.005288
226520 0.009796
226530 0.001648
226540 0.004093
226550 0.007772
226560 0.001510
226570 0.005418
226580 0.006001
226590 0.008299
226600 0.004873
226610 0.006493
226620 0.000648
226630 0.004785
226640 0.001321
226650 0.006282
226660 0.004875
226670 0.004981
226680 0.003517
226690 0.002771
226700 0.003338
226710 0.004362
226720 0.002996
226730 0.003946
226740 0.008384
226750 0.004746
226760 -0.000626
226770 0.005197
226780 0.000652
226790 0.001342
226800 -0.001430
226810 0.002200
226820 0.002050
226830 -0.001619
226840 0.000648
226850 0.012061
226860 0.009246
226870 0.006296
226880 -0.001176
226890 0.006131
226900 0.007083
226910 0.002315
226920 0.002148
226930 0.009943
226940 0.000071
226950 -0.004036
226960 0.006324
226970 0.003449
226980 0.003585
226990 0.008208
227000 0.005803
227010 0.006267
227020 0.004472
227030 0.003187
227040 0.002676
227050 0.009080
227060 0.001996
227070 0.005877
227080 0.000934
227090 0.006058
227100 0.002630
227110 0.004552
227120 0.004721
227130 0.005722
227140 0.004234
227150 0.003869
227160 0.000726
227170 0.004307
227180 0.005153
227190 -0.001712
227200 0.002047
227210 0.005779
227220 0.007443
227230 0.004148
227240 0.004796
227250 0.000490
227260 0.005501
227270 0.010476
227280 0.003525
227290 0.002200
227300 0.006859
227310 0.009282
227320 0.004545
227330 0.009797
227340 0.006728
227350 0.002951
227360 0.007992
227370 -0.001839
227380 0.001541
227390 0.006901
227400 0.003404
227410 0.002986
227420 0.001848
227430 13.963375
227440 0.004894
227450 0.006182
227460 0.002154
227470 0.012919
227480 0.005672
227490 0.008996
227500 0.004301
227510 0.001154
227520 0.003822
227530 0.001916
227540 0.003350
227550 0.025761
227560 0.004068
227570 0.005681
227580 0.008207
227590 0.003513
227600 -0.000395
227610 0.004957
227620 0.005354
227630 0.000195
227640 0.013250
227650 0.005312
227660 0.002813
227670 0.010395
227680 0.005440
227690 0.005706
227700 0.003779
227710 0.002255
227720 0.005220
227730 0.019669
227740 0.004372
227750 0.001988
227760 -0.000452
227770 0.007698
227780 0.009971
227790 0.005210
227800 0.004961
227810 0.005561
227820 0.003329
227830 0.006111
227840 0.004212
227850 0.003704
227860 -0.000543
227870 0.006210
227880 0.009186
227890 0.010885
227900 0.002345
227910 0.002296
227920 0.011218
227930 0.007572
227940 0.008198
227950 0.001926
227960 0.001216
227970 0.006793
227980 0.004774
227990 0.001039
228000 0.007491
228010 0.006826
228020 0.005691
228030 0.007195
228040 0.002782
228050 0.005917
228060 0.007188
228070 0.010606
228080 -0.002537
228090 13.991277
228100 -0.000008
228110 0.005895
228120 0.004357
228130 0.001618
228140 0.008580
228150 0.004067
228160 -0.002398
228170 0.010945
228180 0.007058
228190 0.000820
228200 0.002613
228210 0.006238
228220 0.008868
228230 0.006714
228240 0.004730
228250 0.009029
228260 -0.000079
228270 0.006321
228280 0.005957
228290 0.008114
228300 0.000904
228310 0.001642
228320 0.000906
228330 0.004493
228340 0.003951
228350 0.004575
228360 0.006134
228370 0.006699
228380 0.006482
228390 0.006116
228400 0.008117
228410 0.005341
228420 0.008874
228430 -0.003719
228440 0.003066
228450 0.008261
228460 0.004696
228470 0.003408
228480 0.003284
228490 0.003716
228500 0.000352
228510 0.001068
228520 0.007510
228530 0.001865
228540 0.001841
228550 0.005534
228560 0.001067
228570 0.004747
228580 0.002632
228590 0.002262
228600 0.002653
228610 0.002665
228620 0.000641
228630 0.000370
228640 0.005279
228650 0.002341
228660 0.006819
228670 0.008894
228680 0.000470
228690 0.006353
228700 0.006049
228710 0.002250
228720 0.001946
228730 0.003265
228740 0.003448
228750 0.002265
228760 0.005465
228770 0.002026
228780 0.003756
228790 0.002049
228800 0.002453
228810 0.004735
228820 0.009399
228830 0.004751
228840 0.002652
228850 0.000860
228860 0.009985
228870 0.003579
228880 0.001918
228890 0.003697
228900 0.008319
228910 0.003945
228920 0.001987
228930 0.006130
228940 0.003205
228950 0.006156
228960 0.003480
228970 -0.001851
228980 0.003631
228990 0.005796
229000 0.014596
229010 -0.000956
229020 0.005237
229030 0.002834
229040 0.004386
229050 0.002551
229060 0.000417
229070 0.003080
229080 0.003489
229090 0.006636
229100 0.005522
229110 0.004977
229120 0.000536
229130 -0.000801
229140 0.002852
229150 0.000572
229160 0.012011
229170 0.005288
229180 0.008843
229190 0.007273
229200 0.001852
229210 0.003545
229220 0.009305
229230 0.002377
229240 0.003844
229250 0.003694
229260 0.000459
229270 0.008002
229280 0.001976
229290 0.009395
229300 0.003013
229310 0.001374
229320 0.006046
229330 0.009617
229340 0.006516
229350 0.002851
229360 0.006765
229370 -0.001095
229380 0.003121
229390 0.002386
229400 0.007321
229410 0.011625
229420 0.003013
229430 -0.000384
229440 0.014582
229450 0.008571
229460 0.009055
229470 0.003455
229480 -0.001439
229490 0.007292
229500 0.006860
229510 0.004986
229520 0.007586
229530 0.004550
229540 0.000118
229550 0.004472
229560 0.007708
229570 0.004017
229580 0.004616
229590 0.007438
229600 0.002900
229610 0.004061
229620 0.006530
229630 0.001049
229640 0.004249
229650 0.004395
229660 0.010313
229670 0.002423
229680 -0.005216
229690 0.002478
229700 0.004237
229710 0.001674
229720 0.002957
229730 0.003232
229740 0.004492
229750 0.000425
229760 0.000723
229770 -0.000277
229780 0.004357
229790 -0.000059
229800 -0.001015
229810 0.003932
229820 0.001204
229830 0.007906
229840 0.001743
229850 0.007551
229860 0.001055
229870 0.004395
229880 0.004162
229890 0.003718
229900 0.006755
229910 0.003487
229920 0.000068
229930 0.004572
229940 0.003968
229950 0.003423
229960 0.005038
229970 0.001473
229980 0.000469
229990 0.005793
230000 0.001526
230010 0.002134
230020 0.006668
230030 0.005583
230040 0.007339
230050 0.000328
230060 0.005879
230070 -0.000328
230080 0.003257
230090 0.002470
230100 0.003832
230110 0.005556
230120 0.001658
230130 0.004804
230140 0.004030
230150 0.001450
230160 0.004465
230170 -0.001915
230180 0.000546
230190 0.003612
230200 0.002807
230210 0.002983
230220 0.003897
230230 0.000891
230240 0.003011
230250 0.003052
230260 0.003175
230270 0.002351
230280 0.010249
230290 0.004696
230300 0.004626
230310 0.004072
230320 0.004207
230330 0.007010
230340 0.003031
230350 0.007182
230360 0.000404
230370 0.003294
230380 0.011100
230390 0.002336
230400 0.007354
230410 0.007176
230420 0.001650
230430 0.005332
230440 0.003494
230450 -0.000410
230460 0.003006
230470 0.001824
230480 0.000155
230490 0.004879
230500 0.005574
230510 0.004323
230520 0.005296
230530 0.001733
230540 0.005973
230550 0.004032
230560 0.005502
230570 0.002008
230580 0.005982
230590 0.001050
230600 0.007040
230610 0.005340
230620 0.007198
230630 0.002523
230640 0.012675
230650 0.005717
230660 0.004134
230670 0.000748
230680 0.002946
230690 0.004081
230700 0.003309
230710 0.001801
230720 0.003955
230730 0.004310
230740 0.001974
230750 0.005969
230760 0.003791
230770 0.004103
230780 0.008597
230790 0.005756
230800 0.002157
230810 0.002690
230820 0.000061
230830 0.002361
230840 0.002042
230850 0.001608
230860 0.001655
230870 0.001051
230880 0.004090
230890 0.006685
230900 0.004742
230910 0.000910
230920 -0.001286
230930 0.001028
230940 0.003071
230950 0.002549
230960 0.005981
230970 0.006065
230980 0.000731
230990 0.003607
231000 0.003241
231010 0.005798
231020 0.003805
231030 0.009045
231040 0.010606
231050 0.004513
231060 0.009911
231070 0.004332
231080 0.001957
231090 -0.003067
231100 0.002710
231110 0.005801
231120 0.008102
231130 0.002743
231140 0.002145
231150 0.000810
231160 0.006699
231170 0.007335
231180 0.007851
231190 0.009274
231200 0.000277
231210 0.004352
231220 0.006375
231230 0.005959
231240 0.006177
231250 0.002143
231260 0.000529
231270 0.001594
231280 0.002591
231290 0.001785
231300 0.004866
231310 0.007047
231320 0.000706
231330 0.005207
231340 0.004345
231350 0.007052
231360 0.003386
231370 0.006937
231380 0.008801
231390 0.001218
231400 0.009282
231410 0.006921
231420 0.004984
231430 0.006454
231440 0.007840
231450 0.002406
231460 0.002547
231470 0.000278
231480 0.000703
231490 0.006554
231500 0.008241
231510 0.006743
231520 0.016885
231530 0.001360
231540 0.004633
231550 0.005234
231560 0.003357
231570 0.003682
231580 0.003504
231590 0.002008
231600 0.003847
231610 -0.000471
231620 0.000040
231630 0.000377
231640 0.001004
231650 0.006946
231660 0.004860
231670 0.011781
231680 0.002383
231690 0.003476
231700 -0.001163
231710 0.007330
231720 -0.000488
231730 0.006773
231740 0.002638
231750 0.005098
231760 0.006596
231770 0.008517
231780 0.005640
231790 0.001228
231800 0.002309
231810 -0.001307
231820 0.011510
231830 0.005421
231840 0.005006
231850 0.007026
231860 0.002222
231870 0.006066
231880 0.003226
231890 0.005829
231900 0.001505
231910 0.002286
231920 0.000269
231930 0.004777
231940 0.003039
231950 0.004441
231960 0.013712
231970 0.004328
231980 0.004812
231990 0.005750
232000 0.001207
232010 0.004369
232020 0.003750
232030 0.014979
232040 0.005622
232050 0.000856
232060 0.001352
232070 0.001075
232080 0.004650
232090 0.005787
232100 0.009548
232110 0.007903
232120 0.012066
232130 0.004240
232140 -0.002094
232150 0.005301
232160 0.002385
232170 0.007328
232180 0.002666
232190 0.002892
232200 0.003710
232210 0.008713
232220 0.002163
232230 0.000626
232240 0.004433
232250 0.010298
232260 0.002615
232270 0.000095
232280 0.003324
232290 0.005842
232300 0.007213
232310 0.003763
232320 0.005103
232330 -0.001800
232340 0.002751
232350 0.007636
232360 0.005866
232370 -0.002074
232380 0.004869
232390 0.000901
232400 0.003281
232410 0.011187
232420 0.006257
232430 0.006165
232440 0.003723
232450 0.003937
232460 13.961699
232470 0.006466
232480 0.005056
232490 0.006739
232500 0.006784
232510 0.005239
232520 0.006727
232530 0.004444
232540 0.006676
232550 -0.000381
232560 0.005726
232570 0.005663
232580 0.004383
232590 -0.000053
232600 0.003384
232610 0.005020
232620 0.008572
232630 0.005568
232640 0.007024
232650 0.006384
232660 0.005157
232670 0.007990
232680 0.004587
232690 0.005219
232700 0.002485
232710 0.007576
232720 0.006657
232730 0.003450
232740 0.005125
232750 0.005660
232760 0.007053
232770 0.000804
232780 0.000393
232790 0.005856
232800 0.005600
232810 -0.002040
232820 0.001029
232830 -0.003551
232840 0.004274
232850 0.001567
232860 0.003440
232870 0.008283
232880 0.006024
232890 -0.001254
232900 0.012179
232910 0.002738
232920 0.005468
232930 0.008903
232940 0.000380
232950 0.007537
232960 0.008810
232970 0.006046
232980 0.001337
232990 0.009753
233000 0.003616
233010 0.008378
233020 0.001872
233030 0.000415
233040 0.008793
233050 0.003719
233060 0.003075
233070 -0.000919
233080 -0.000910
233090 0.007851
233100 0.009087
233110 0.003100
233120 0.003555
233130 0.001465
233140 0.005287
233150 0.001943
233160 0.006878
233170 0.005667
233180 0.002462
233190 0.005707
233200 0.006787
233210 0.001201
233220 0.010704
233230 0.003669
233240 0.003893
233250 0.000512
233260 0.001097
233270 0.013284
233280 0.007565
233290 0.000626
233300 -0.000013
233310 0.002144
233320 0.003984
233330 0.000983
233340 -0.001571
233350 0.005807
233360 0.005954
233370 0.005694
233380 0.003339
233390 0.004579
233400 0.005235
233410 0.003123
233420 0.006465
233430 0.005010
233440 0.000066
233450 0.005756
233460 0.000044
233470 0.003108
233480 0.003036
233490 0.008024
233500 0.001908
233510 0.006867
233520 0.000938
233530 0.003147
233540 0.007312
233550 0.004186
233560 0.004116
233570 0.003418
233580 0.007182
233590 0.001680
233600 0.004664
233610 0.008340
233620 0.001386
233630 0.004880
233640 0.007291
233650 0.011258
233660 0.001800
233670 0.004057
233680 0.003320
233690 -0.001160
233700 0.006287
233710 0.003715
233720 0.001095
233730 0.006253
233740 0.002650
233750 0.004319
233760 0.006096
233770 0.004482
233780 0.007572
233790 -0.001499
233800 0.002816
233810 0.001243
233820 0.000379
233830 0.007939
233840 -0.002615
233850 0.004280
233860 0.009442
233870 0.002796
233880 0.002735
233890 0.003807
233900 0.003572
233910 0.000475
233920 0.004717
233930 0.007157
233940 0.008067
233950 0.005246
233960 0.004547
233970 0.004175
233980 0.001328
233990 0.008501
234000 0.003205
234010 0.005077
234020 -0.001639
234030 0.004782
234040 0.006677
234050 0.005129
234060 0.002025
234070 0.004006
234080 0.007120
234090 0.004186
234100 0.006315
234110 0.005374
234120 0.007050
234130 0.002891
234140 0.000563
234150 -0.000095
234160 0.009917
234170 0.008719
234180 0.002178
234190 0.000028
234200 0.003346
234210 0.003724
234220 0.000801
234230 0.007538
234240 0.006444
234250 0.003379
234260 0.005647
234270 0.006537
234280 0.002099
234290 13.955840
234300 0.000631
234310 0.000244
234320 -0.000294
234330 0.006024
234340 -0.002491
234350 0.005664
234360 0.000565
234370 -0.001439
234380 0.003881
234390 0.001282
234400 0.003566
234410 13.928553
234420 0.009315
234430 0.000489
234440 0.002855
234450 0.003468
234460 0.000163
234470 -0.000520
234480 0.009131
234490 0.006242
234500 0.004067
234510 0.007693
234520 0.000202
234530 0.005146
234540 0.003335
234550 0.000426
234560 14.014544
234570 0.003885
234580 0.000692
234590 0.009152
234600 0.008006
234610 0.004726
234620 0.007531
234630 0.002633
234640 0.003611
234650 0.004021
234660 0.004344
234670 0.002889
234680 0.002521
234690 0.006620
234700 0.006739
234710 0.003000
234720 0.003433
234730 0.007093
234740 0.009166
234750 0.004195
234760 0.006232
234770 0.008538
234780 0.003007
234790 -0.000532
234800 0.000979
234810 0.002194
234820 0.007415
234830 0.003359
234840 0.002570
234850 0.002837
234860 0.005764
234870 0.003810
234880 0.003464
234890 -0.003246
234900 0.002229
234910 0.005510
234920 0.005720
234930 -0.001637
234940 0.000391
234950 0.007253
234960 0.005742
234970 0.003707
234980 0.002862
234990 -0.000500
235000 0.006192
235010 0.004278
235020 0.004737
235030 0.003211
235040 0.000425
235050 0.008836
235060 0.003783
235070 0.000218
235080 0.005970
235090 0.002139
235100 0.000743
235110 0.003299
235120 -0.000904
235130 0.000791
235140 0.003757
235150 0.004059
235160 0.001473
235170 0.002536
235180 13.981824
235190 -0.000226
235200 0.003223
235210 0.002145
235220 0.001662
235230 0.007408
235240 0.003529
235250 0.003016
235260 0.001339
235270 0.003023
235280 0.005124
235290 -0.002312
235300 0.001727
235310 -0.000634
235320 0.006740
235330 0.003005
235340 0.003302
235350 -0.003817
235360 0.006616
235370 0.003641
235380 0.005586
235390 0.001191
235400 0.001493
235410 0.001718
235420 0.003973
235430 0.003532
235440 0.005841
235450 0.002633
235460 0.003533
235470 0.004116
235480 -0.003450
235490 0.001128
235500 0.004409
235510 0.002666
235520 0.005487
235530 0.002261
235540 0.002575
235550 0.003855
235560 0.006750
235570 0.001905
235580 0.003254
235590 0.005001
235600 0.001591
235610 0.002348
235620 0.003738
235630 0.000274
235640 0.004840
235650 0.007755
235660 0.006450
235670 0.001259
235680 0.006946
235690 -0.003845
235700 0.004880
235710 0.005234
235720 0.002427
235730 0.000838
235740 0.005791
235750 0.004987
235760 0.004019
235770 0.005117
235780 0.003603
235790 0.005959
235800 0.002352
235810 0.003908
235820 0.012137
235830 0.001283
235840 0.005110
235850 0.004707
235860 0.005108
235870 0.002382
235880 0.002160
235890 0.004168
235900 0.001921
235910 0.002643
235920 0.003966
235930 0.001386
235940 0.001091
235950 0.002987
235960 0.005410
235970 0.002381
235980 0.001753
235990 0.005681
236000 0.003443
236010 -0.000927
236020 0.001532
236030 0.002293
236040 0.005564
236050 0.003898
236060 0.005286
236070 0.004937
236080 0.004390
236090 0.002966
236100 0.000813
236110 0.000427
236120 0.005525
236130 0.007551
236140 -0.000346
236150 0.005108
236160 0.003897
236170 0.005853
236180 0.005591
236190 0.005160
236200 0.003056
236210 0.001840
236220 0.002986
236230 0.004542
236240 0.006179
236250 0.003678
236260 0.000980
236270 0.001351
236280 0.006624
236290 0.005756
236300 0.000772
236310 0.009727
236320 0.002199
236330 0.003046
236340 0.004115
236350 0.003997
236360 0.001456
236370 0.003751
236380 0.005083
236390 0.005953
236400 0.004666
236410 0.002562
236420 -0.001835
236430 0.000076
236440 0.003827
236450 0.001709
236460 -0.003771
236470 0.003161
236480 0.006493
236490 0.006623
236500 0.001907
236510 0.000840
236520 0.006184
236530 0.003896
236540 0.003721
236550 0.001383
236560 0.002499
236570 0.006062
236580 0.010069
236590 0.004324
236600 0.003641
236610 0.005295
236620 0.001765
236630 0.005841
236640 0.007374
236650 0.005346
236660 0.005727
236670 -0.000182
236680 0.001225
236690 0.002778
236700 0.006262
236710 0.002974
236720 0.003072
236730 0.002974
236740 0.002803
236750 0.004313
236760 0.004072
236770 0.002491
236780 0.001343
236790 0.006624
236800 0.003170
236810 0.000863
236820 0.003226
236830 0.003736
236840 0.001032
236850 0.004220
236860 0.004151
236870 0.004286
236880 0.005202
236890 0.002769
236900 0.002102
236910 0.003812
236920 0.001961
236930 0.004194
236940 0.008641
236950 0.003434
236960 -0.003000
236970 0.002655
236980 0.008286
236990 -0.000944
237000 0.002540
237010 0.002248
237020 0.007464
237030 0.002539
237040 0.002495
237050 0.002492
237060 0.001522
237070 0.004051
237080 0.001190
237090 0.011241
237100 0.000453
237110 0.011676
237120 0.005687
237130 0.002421
237140 0.007308
237150 0.018161
237160 -0.000192
237170 0.008522
237180 0.003284
237190 0.005811
237200 0.002681
237210 0.006725
237220 0.000975
237230 0.004101
237240 0.001298
237250 0.007222
237260 -0.000406
237270 0.001850
237280 0.009552
237290 -0.000993
237300 0.005841
237310 0.012154
237320 0.005997
237330 0.004761
237340 0.004631
237350 0.003715
237360 0.005426
237370 0.003198
237380 -0.002580
237390 0.002340
237400 0.006125
237410 0.004321
237420 0.002954
237430 0.005546
237440 0.003637
237450 0.005142
237460 0.001235
237470 -0.002323
237480 0.002542
237490 0.003106
237500 0.005448
237510 0.006629
237520 0.002376
237530 0.001545
237540 0.003782
237550 0.000250
237560 0.006904
237570 0.001656
237580 0.001807
237590 0.002561
237600 0.004719
237610 0.010977
237620 0.004123
237630 0.107793
237640 0.003186
237650 0.003913
237660 0.004578
237670 0.002581
237680 0.005418
237690 0.004350
237700 0.004061
237710 0.001480
237720 0.002556
237730 0.006552
237740 -0.003338
237750 0.003036
237760 0.002498
237770 0.002941
237780 0.004050
237790 -0.001330
237800 0.006224
237810 0.010471
237820 0.003359
237830 0.003619
237840 0.007971
237850 0.006145
237860 0.001080
237870 0.005645
237880 0.003470
237890 0.000654
237900 0.002914
237910 0.002928
237920 0.003357
237930 0.005493
237940 0.004047
237950 0.004670
237960 0.000945
237970 0.007095
237980 0.001821
237990 0.002932
238000 0.009660
238010 0.004221
238020 0.000386
238030 -0.003666
238040 0.000705
238050 0.006416
238060 0.005752
238070 0.003540
238080 0.004274
238090 -0.000319
238100 0.005457
238110 0.008440
238120 0.006909
238130 0.004329
238140 0.003440
238150 0.004739
238160 0.004351
238170 0.003047
238180 0.005653
238190 0.004872
238200 0.004266
238210 0.001094
238220 0.007020
238230 0.004930
238240 0.004858
238250 0.000779
238260 0.003333
238270 -0.000064
238280 0.005230
238290 0.004553
238300 0.008111
238310 0.003465
238320 0.003123
238330 0.005195
238340 13.960473
238350 0.007163
238360 0.005168
238370 0.008900
238380 0.003357
238390 0.006199
238400 0.004965
238410 0.005011
238420 0.004917
238430 0.009778
238440 0.003404
238450 0.002751
238460 0.000887
238470 0.006905
238480 0.004164
238490 0.002454
238500 0.008034
238510 0.000539
238520 0.003128
238530 -0.000541
238540 0.006728
238550 0.005302
238560 0.003110
238570 0.005364
238580 0.004374
238590 -0.003814
238600 0.001762
238610 0.005870
238620 0.001629
238630 0.003032
238640 0.006834
238650 0.001650
238660 0.001418
238670 0.005108
238680 0.005398
238690 0.001416
238700 0.006893
238710 0.002832
238720 0.002106
238730 0.001756
238740 0.003884
238750 0.002963
238760 0.007738
238770 0.004420
238780 0.002649
238790 0.005150
238800 0.003359
238810 0.004688
238820 0.005812
238830 0.004417
238840 0.002728
238850 0.003429
238860 0.002452
238870 0.005372
238880 0.000583
238890 -0.000223
238900 0.001704
238910 0.001773
238920 0.033119
238930 0.006718
238940 0.002065
238950 0.002245
238960 0.003540
238970 0.004683
238980 0.002812
238990 0.005201
239000 0.005874
239010 0.001357
239020 0.002943
239030 0.002947
239040 0.005152
239050 0.002185
239060 0.005613
239070 0.001833
239080 0.004174
239090 0.006187
239100 -0.001046
239110 0.001616
239120 0.005287
239130 0.004926
239140 0.001233
239150 -0.000660
239160 0.004442
239170 0.001880
239180 0.002464
239190 0.001269
239200 0.002715
239210 0.005770
239220 -0.000938
239230 0.003705
239240 0.002659
239250 0.003779
239260 0.007280
239270 0.001056
239280 0.003394
239290 0.000961
239300 0.004455
239310 0.002890
239320 -0.001602
239330 0.005073
239340 0.001240
239350 -0.000720
239360 -0.001414
239370 -0.001223
239380 -0.002594
239390 0.002958
239400 0.006060
239410 0.001976
239420 0.004964
239430 0.005727
239440 0.002293
239450 -0.002022
239460 0.003014
239470 0.005754
239480 0.000636
239490 0.003342
239500 0.007263
239510 0.003075
239520 0.007918
239530 0.004883
239540 0.009461
239550 0.000910
239560 0.006189
239570 0.003600
239580 0.005504
239590 0.005647
239600 0.000042
239610 0.004426
239620 0.004192
239630 0.004752
239640 0.002769
239650 0.002920
239660 0.000425
239670 0.002445
239680 0.007853
239690 0.000024
239700 -0.001221
239710 -0.000058
239720 0.006954
239730 0.004801
239740 0.002748
239750 0.004052
239760 0.002998
239770 0.001411
239780 0.005576
239790 0.003731
239800 0.004054
239810 0.001879
239820 0.005488
239830 0.002676
239840 0.010317
239850 0.001350
239860 0.005712
239870 0.009018
239880 0.006430
239890 14.002650
239900 0.005890
239910 0.003788
239920 0.003594
239930 0.004554
239940 0.002615
239950 0.001768
239960 0.001600
239970 -0.003086
239980 0.000020
239990 0.005185
240000 0.004424
240010 0.013291
240020 0.003454
240030 0.001717
240040 0.002110
240050 0.006864
240060 -0.000271
240070 0.001480
240080 0.004911
240090 0.001029
240100 0.004975
240110 0.003035
240120 0.004148
240130 0.006652
240140 0.007064
240150 -0.000104
240160 0.002997
240170 0.003614
240180 0.005851
240190 0.001642
240200 0.007273
240210 0.003447
240220 -0.001617
240230 0.001343
240240 0.005220
240250 0.003776
240260 0.002384
240270 0.000812
240280 0.011689
240290 0.001012
240300 0.003167
240310 -0.001189
240320 0.007425
240330 0.004200
240340 0.003204
240350 0.003722
240360 0.003250
240370 -0.002128
240380 0.008211
240390 0.005455
240400 -0.001167
240410 0.002412
240420 0.006665
240430 0.005704
240440 0.003066
240450 0.001935
240460 0.001030
240470 0.002236
240480 0.002889
240490 -0.000107
240500 0.005775
240510 0.004233
240520 -0.002458
240530 -0.001562
240540 0.003391
240550 0.006925
240560 0.004421
240570 0.006231
240580 0.009557
240590 0.005289
240600 0.007844
240610 0.001977
240620 0.004203
240630 0.005925
240640 0.004413
240650 0.005456
240660 -0.000258
240670 0.007364
240680 0.007393
240690 0.005190
240700 0.004490
240710 0.003310
240720 0.003929
240730 0.006383
240740 0.005682
240750 0.005473
240760 0.001722
240770 0.002227
240780 0.002611
240790 0.001968
240800 0.004080
240810 0.001373
240820 0.001162
240830 0.002410
240840 0.000007
240850 0.006503
240860 0.004071
240870 0.004168
240880 0.000233
240890 0.002359
240900 0.003315
240910 0.004124
240920 0.002479
240930 0.003934
240940 0.000857
240950 0.002196
240960 0.001744
240970 0.001833
240980 0.004829
240990 0.001313
241000 0.001411
241010 0.005121
241020 0.001432
241030 0.001050
241040 0.008427
241050 -0.000940
241060 0.003358
241070 0.005308
241080 -0.001356
241090 0.004292
241100 -0.001222
241110 0.002672
241120 0.004633
241130 0.005357
241140 0.001800
241150 0.002782
241160 0.002423
241170 0.001084
241180 0.004864
241190 0.004760
241200 0.001279
241210 0.006976
241220 0.003458
241230 0.000911
241240 0.000839
241250 0.003911
241260 0.001997
241270 0.006925
241280 0.002290
241290 0.000138
241300 0.006077
241310 0.006348
241320 0.001911
241330 0.002649
241340 0.006869
241350 0.001249
241360 -0.001217
241370 0.003959
241380 0.005779
241390 0.007977
241400 0.009852
241410 0.006393
241420 0.003181
241430 0.002246
241440 0.008619
241450 0.005937
241460 0.001087
241470 0.003705
241480 0.006207
241490 0.003830
241500 0.005239
241510 0.003933
241520 0.002471
241530 0.007521
241540 -0.000443
241550 0.003432
241560 -0.000427
241570 0.005524
241580 0.003462
241590 0.004017
241600 0.002824
241610 0.018100
241620 0.006006
241630 0.006585
241640 0.007016
241650 0.004803
241660 0.008281
241670 -0.000363
241680 -0.000058
241690 0.001397
241700 0.003463
241710 0.004484
241720 0.003541
241730 0.006759
241740 0.001167
241750 0.004250
241760 0.005992
241770 -0.000128
241780 0.004556
241790 -0.001952
241800 0.001254
241810 0.001114
241820 0.005952
241830 0.005021
241840 -0.001323
241850 -0.000013
241860 0.004546
241870 0.008713
241880 -0.000319
241890 0.003009
241900 0.003656
241910 0.003587
241920 0.005325
241930 -0.000922
241940 0.002461
241950 -0.003551
241960 0.007474
241970 0.000173
241980 0.001165
241990 0.006434
242000 0.003297
242010 0.000998
242020 0.002092
242030 13.983850
242040 0.001404
242050 0.002780
242060 -0.000776
242070 0.004881
242080 0.004219
242090 -0.001713
242100 0.003463
242110 0.001467
242120 0.000045
242130 0.003887
242140 -0.001301
242150 0.001683
242160 0.007908
242170 0.007335
242180 0.001983
242190 0.003315
242200 0.002905
242210 0.008946
242220 0.013270
242230 -0.000931
242240 0.000670
242250 0.000453
242260 0.005245
242270 0.008706
242280 0.006882
242290 0.002037
242300 0.001575
242310 0.003479
242320 0.008533
242330 0.001091
242340 0.004764
242350 0.000319
242360 0.005206
242370 0.004927
242380 -0.001403
242390 0.004486
242400 0.003048
242410 0.000220
242420 0.000704
242430 0.002428
242440 0.004359
242450 0.004329
242460 0.003397
242470 0.001848
242480 0.005962
242490 0.003099
242500 0.004001
242510 0.003647
242520 -0.004955
242530 0.002185
242540 0.009781
242550 0.004827
242560 0.001053
242570 0.001644
242580 0.011262
242590 0.004065
242600 0.003099
242610 0.000695
242620 -0.000063
242630 0.000131
242640 0.005693
242650 0.003073
242660 -0.002901
242670 0.005580
242680 0.006883
242690 0.008602
242700 -0.000650
242710 -0.002256
242720 0.004119
242730 -0.000596
242740 0.005473
242750 0.005488
242760 0.004887
242770 0.005561
242780 0.002552
242790 0.005699
242800 0.004737
242810 0.003683
242820 0.005991
242830 0.002450
242840 0.000005
242850 0.004199
242860 0.003980
242870 0.001207
242880 0.005162
242890 0.004948
242900 0.008181
242910 0.005187
242920 0.003482
242930 0.007266
242940 0.000272
242950 0.003546
242960 0.000459
242970 0.007460
242980 0.002769
242990 0.005708
243000 0.005447
243010 0.002610
243020 0.010137
243030 -0.000078
243040 0.005748
243050 0.002535
243060 0.008207
243070 0.006175
243080 -0.000020
243090 0.000601
243100 0.003829
243110 0.001451
243120 0.003691
243130 0.002271
243140 0.003345
243150 0.007789
243160 0.002739
243170 0.001862
243180 0.004131
243190 0.002696
243200 0.001883
243210 0.007064
243220 0.008644
243230 0.004171
243240 0.000320
243250 0.001517
243260 0.001290
243270 0.002071
243280 0.003332
243290 0.006340
243300 0.008265
243310 0.007233
243320 0.004914
243330 0.008717
243340 0.000939
243350 0.006836
243360 0.007253
243370 0.003067
243380 0.003297
243390 0.004426
243400 -0.001925
243410 0.006952
243420 0.000110
243430 -0.001234
243440 0.002381
243450 0.002006
243460 0.002854
243470 0.003599
243480 0.001577
243490 0.006989
243500 0.009214
243510 0.001548
243520 -0.000102
243530 0.002836
243540 0.004058
243550 0.004357
243560 0.002582
243570 0.007246
243580 0.002860
243590 -0.001982
243600 0.004574
243610 0.002804
243620 0.001835
243630 0.004553
243640 0.002229
243650 0.001975
243660 0.003737
243670 0.007876
243680 -0.001275
243690 0.006915
243700 -0.001117
243710 0.004565
243720 0.004486
243730 0.003842
243740 0.006205
243750 0.003438
243760 0.009512
243770 0.006469
243780 -0.000308
243790 0.002793
243800 0.005629
243810 0.006513
243820 0.005396
243830 0.003782
243840 0.002131
243850 0.001544
243860 0.003333
243870 0.005042
243880 0.002911
243890 0.000908
243900 0.001547
243910 0.002183
243920 0.001790
243930 0.000116
243940 0.001966
243950 0.002920
243960 0.002164
243970 0.002160
243980 0.010810
243990 0.001773
244000 0.003580
244010 -0.001390
244020 0.001772
244030 0.000761
244040 0.002218
244050 0.000491
244060 0.002562
244070 0.002877
244080 0.008127
244090 0.001503
244100 0.000366
244110 0.002229
244120 0.003317
244130 0.002594
244140 -0.000730
244150 0.007525
244160 -0.000460
244170 0.004216
244180 0.000358
244190 0.004946
244200 0.004610
244210 0.003337
244220 -0.000285
244230 0.004659
244240 0.007169
244250 0.009945
244260 0.010374
244270 0.011152
244280 0.008544
244290 0.008964
244300 0.002076
244310 0.005312
244320 0.003729
244330 0.002699
244340 0.003260
244350 0.004960
244360 0.004502
244370 0.004412
244380 0.010856
244390 0.008377
244400 0.004201
244410 0.011198
244420 0.003937
244430 0.008010
244440 0.002905
244450 0.008395
244460 0.002016
244470 -0.000411
244480 0.006392
244490 0.004667
244500 0.004273
244510 0.001226
244520 0.001084
244530 0.011126
244540 0.001132
244550 0.007393
244560 0.008176
244570 0.006391
244580 0.008088
244590 0.014850
244600 0.002952
244610 0.005353
244620 0.009973
244630 0.002676
244640 0.003613
244650 0.003235
244660 0.006812
244670 0.005030
244680 0.002816
244690 0.008551
244700 0.007532
244710 0.004409
244720 0.005202
244730 0.003936
244740 0.008474
244750 0.007251
244760 0.008744
244770 0.008763
244780 0.004073
244790 0.003429
244800 0.003380
244810 0.003843
244820 0.006472
244830 0.001545
244840 0.003188
244850 0.004261
244860 0.004894
244870 0.004001
244880 0.007512
244890 0.007844
244900 0.006528
244910 0.002135
244920 0.003902
244930 0.003165
244940 0.007693
244950 0.010086
244960 13.946018
244970 0.006425
244980 0.004043
244990 0.005656
245000 -0.001000
245010 0.005537
245020 0.010068
245030 0.003414
245040 0.005314
245050 0.006330
245060 0.003063
245070 0.001782
245080 0.010171
245090 0.008716
245100 0.003950
245110 0.007494
245120 0.007025
245130 0.006947
245140 0.004237
245150 0.010166
245160 0.006317
245170 -0.000046
245180 0.001573
245190 -0.001442
245200 0.005753
245210 0.005357
245220 0.004718
245230 0.002773
245240 0.000766
245250 0.003742
245260 0.000586
245270 -0.001229
245280 0.009032
245290 0.000136
245300 0.011496
245310 0.008901
245320 0.009960
245330 0.002150
245340 0.001274
245350 0.002949
245360 0.003776
245370 0.006475
245380 0.001625
245390 0.008093
245400 0.004161
245410 0.000409
245420 0.006372
245430 0.003515
245440 0.002977
245450 0.005652
245460 0.000638
245470 0.003773
245480 13.968752
245490 0.009956
245500 0.002221
245510 0.000969
245520 0.004950
245530 0.001035
245540 0.008665
245550 0.006010
245560 -0.001215
245570 0.009439
245580 0.002997
245590 0.000178
245600 0.007606
245610 0.001524
245620 -0.000673
245630 0.006891
245640 -0.002127
245650 0.004300
245660 0.005762
245670 13.967572
245680 0.004479
245690 0.000980
245700 0.007836
245710 0.004646
245720 0.004121
245730 0.003214
245740 -0.001036
245750 0.003437
245760 0.006353
245770 0.003683
245780 0.008469
245790 0.002169
245800 0.000853
245810 0.002317
245820 -0.003678
245830 0.004512
245840 0.004915
245850 0.005676
245860 0.002712
245870 0.006783
245880 0.002602
245890 0.000628
245900 0.007355
245910 0.001680
245920 0.004466
245930 0.010712
245940 0.003220
245950 0.004142
245960 0.011682
245970 0.003858
245980 0.005965
245990 0.007419
246000 0.000365
246010 0.006218
246020 0.008390
246030 0.005880
246040 0.003715
246050 0.005998
246060 0.010476
246070 0.004524
246080 0.006043
246090 0.001147
246100 0.006371
246110 0.000779
246120 0.004842
246130 -0.001594
246140 0.003983
246150 0.005162
246160 0.006834
246170 0.000018
246180 0.004261
246190 0.006278
246200 0.005013
246210 -0.001802
246220 0.006765
246230 0.001847
246240 0.004787
246250 0.006669
246260 0.004284
246270 0.006234
246280 0.001819
246290 0.005133
246300 0.000359
246310 -0.001165
246320 0.005935
246330 0.003443
246340 0.005269
246350 -0.000301
246360 0.008558
246370 0.002837
246380 0.003844
246390 0.005405
246400 0.007477
246410 0.005450
246420 0.015027
246430 0.003410
246440 -0.000192
246450 0.000832
246460 0.000795
246470 0.011461
246480 0.004435
246490 0.009452
246500 0.008712
246510 0.004424
246520 0.006042
246530 0.004614
246540 0.006485
246550 0.014701
246560 0.010982
246570 0.005072
246580 0.003687
246590 0.002977
246600 0.001400
246610 0.005503
246620 0.007229
246630 0.013360
246640 0.007463
246650 0.006092
246660 0.009817
246670 0.010449
246680 0.015038
246690 0.014361
246700 0.009155
246710 0.009764
246720 0.007561
246730 0.004927
246740 0.004309
246750 0.002610
246760 0.003872
246770 0.005318
246780 0.010831
246790 0.010782
246800 0.017942
246810 0.007672
246820 0.007860
246830 0.001314
246840 0.010930
246850 0.006591
246860 0.003330
246870 0.002365
246880 0.008619
246890 0.003810
246900 0.002967
246910 0.014096
246920 0.002209
246930 0.003081
246940 0.000486
246950 0.005365
246960 0.005610
246970 0.004131
246980 0.009122
246990 0.003625
247000 0.010271
247010 0.007167
247020 0.002438
247030 0.011248
247040 0.006401
247050 -0.003000
247060 0.004693
247070 0.008536
247080 -0.000918
247090 0.008090
247100 0.005469
247110 0.005499
247120 0.002391
247130 0.003513
247140 0.004364
247150 0.005521
247160 0.005358
247170 0.010116
247180 0.001451
247190 0.003514
247200 0.003249
247210 0.005698
247220 0.004341
247230 0.009119
247240 0.004456
247250 0.000753
247260 0.004138
247270 0.007957
247280 0.001827
247290 0.003933
247300 0.003648
247310 0.009867
247320 0.005187
247330 0.008843
247340 0.004216
247350 0.002414
247360 0.005639
247370 0.008675
247380 0.004338
247390 0.004971
247400 0.010198
247410 0.007702
247420 0.004759
247430 0.006079
247440 0.004393
247450 0.001402
247460 0.005906
247470 0.004383
247480 0.007733
247490 0.002555
247500 0.004606
247510 0.003781
247520 0.001724
247530 13.972724
247540 0.006825
247550 0.013248
247560 0.005824
247570 0.006608
247580 0.002709
247590 0.000106
247600 0.001293
247610 0.011694
247620 0.003577
247630 0.010214
247640 -0.001031
247650 0.005872
247660 0.005436
247670 0.010784
247680 0.002231
247690 0.002099
247700 0.008022
247710 0.005522
247720 0.001763
247730 0.002014
247740 0.006437
247750 0.000717
247760 0.004791
247770 0.002795
247780 13.983029
247790 0.011365
247800 0.003178
247810 0.001294
247820 0.004277
247830 0.003993
247840 0.005394
247850 0.003859
247860 0.006835
247870 -0.001290
247880 0.008576
247890 0.003023
247900 0.009245
247910 0.004604
247920 0.003239
247930 0.005350
247940 0.001703
247950 0.004244
247960 0.005833
247970 0.005996
247980 0.021812
247990 0.008717
248000 0.005104
248010 0.006282
248020 0.007269
248030 0.000530
248040 0.000574
248050 0.002935
248060 0.014300
248070 -0.000908
248080 0.006330
248090 0.000657
248100 0.005719
248110 0.008061
248120 0.006989
248130 0.007398
248140 0.002771
248150 0.006835
248160 0.001623
248170 0.007481
248180 0.006431
248190 0.013515
248200 0.000058
248210 0.001175
248220 0.002249
248230 0.006950
248240 0.006047
248250 0.010160
248260 0.001337
248270 0.004802
248280 0.007361
248290 0.003397
248300 0.004276
248310 0.003386
248320 0.002655
248330 0.005728
248340 0.009659
248350 0.001188
248360 0.007802
248370 0.001989
248380 0.004651
248390 0.007355
248400 0.001458
248410 0.003060
248420 0.005806
248430 -0.004650
248440 0.004520
248450 0.002848
248460 0.004507
248470 -0.001396
248480 0.008204
248490 0.005559
248500 0.006470
248510 0.004231
248520 0.003517
248530 0.001370
248540 -0.003054
248550 0.004109
248560 0.006009
248570 0.002945
248580 0.004342
248590 0.004596
248600 0.006820
248610 0.008443
248620 0.001583
248630 0.001594
248640 0.011775
248650 0.004523
248660 0.002046
248670 0.001354
248680 0.004376
248690 -0.001203
248700 0.008150
248710 0.006279
248720 0.004292
248730 0.006261
248740 0.005321
248750 0.004251
248760 0.005331
248770 0.004576
248780 0.004684
248790 0.001125
248800 13.975186
248810 0.002025
248820 0.006845
248830 0.001756
248840 0.003691
248850 0.008171
248860 0.002354
248870 0.006005
248880 0.003095
248890 0.007435
248900 0.004028
248910 0.008358
248920 0.007158
248930 0.005416
248940 0.004013
248950 0.001819
248960 0.003513
248970 0.005855
248980 0.009461
248990 0.000035
249000 0.006800
249010 0.005738
249020 0.001810
249030 -0.000517
249040 -0.001802
249050 0.005055
249060 0.003556
249070 0.003911
249080 -0.000907
249090 0.001704
249100 0.004252
249110 0.008471
249120 0.001824
249130 -0.001542
249140 0.004400
249150 0.010437
249160 0.008259
249170 0.003904
249180 0.001355
249190 0.012180
249200 -0.002152
249210 0.001244
249220 0.003669
249230 0.005951
249240 0.003100
249250 0.002626
249260 0.001835
249270 0.007913
249280 0.006290
249290 0.002313
249300 0.004871
249310 0.001912
249320 0.006116
249330 0.011816
249340 0.008845
249350 0.002768
249360 -0.000448
249370 0.004339
249380 0.004970
249390 0.009184
249400 0.010227
249410 0.006727
249420 0.006709
249430 0.009145
249440 0.000272
249450 0.004452
249460 0.005325
249470 0.003135
249480 0.002772
249490 0.000257
249500 0.006476
249510 0.007206
249520 0.008191
249530 0.004849
249540 0.003764
249550 0.005180
249560 0.007047
249570 0.002459
249580 0.004347
249590 0.004316
249600 0.004560
249610 -0.000077
249620 0.004766
249630 0.004452
249640 -0.001100
249650 0.006665
249660 -0.002480
249670 0.004219
249680 0.000073
249690 0.005413
249700 0.003872
249710 0.003679
249720 0.000798
249730 0.000564
249740 0.002363
249750 0.001646
249760 0.002655
249770 0.002034
249780 0.005039
249790 -0.000162
249800 0.002984
249810 0.005854
249820 -0.000132
249830 0.003309
249840 0.001021
249850 0.003176
249860 -0.001887
249870 0.003149
249880 0.007729
249890 0.004518
249900 0.005647
249910 13.993107
249920 0.001872
249930 0.005307
249940 0.003021
249950 0.005881
249960 0.006203
249970 0.005640
249980 0.006982
249990 0.003044
250000 0.000885
250010 0.003223
250020 0.002873
250030 0.001702
250040 0.000012
250050 0.002557
250060 0.004997
250070 0.016983
250080 0.003320
250090 0.003254
250100 0.005758
250110 0.007202
250120 0.002540
250130 0.003578
250140 0.000921
250150 0.001673
250160 0.003166
250170 0.002412
250180 0.003045
250190 0.001112
250200 0.004130
250210 0.004697
250220 0.002013
250230 -0.002810
250240 0.004426
250250 0.002032
250260 0.006311
250270 0.003839
250280 0.001789
250290 0.002532
250300 0.001314
250310 0.000493
250320 0.005885
250330 0.001649
250340 0.006963
250350 0.002206
250360 0.003104
250370 0.005254
250380 0.003455
250390 0.009120
250400 0.002712
250410 0.000076
250420 0.004216
250430 0.001265
250440 0.000962
250450 0.005502
250460 0.003531
250470 0.003874
250480 0.001757
250490 -0.001449
250500 0.004314
250510 0.005234
250520 0.002117
250530 0.004401
250540 0.003270
250550 0.004925
250560 0.002136
250570 0.003834
250580 0.004290
250590 13.963981
250600 0.004699
250610 0.003866
250620 0.005002
250630 0.006644
250640 0.003165
250650 0.005635
250660 0.002834
250670 0.005825
250680 0.000144
250690 0.001257
250700 0.004275
250710 0.006038
250720 0.004515
250730 0.002706
250740 0.004005
250750 0.001771
250760 -0.000437
250770 -0.000253
250780 0.002422
250790 -0.001795
250800 0.003549
250810 0.015119
250820 0.001328
250830 0.002238
250840 0.004282
250850 -0.000400
250860 0.003079
250870 0.007651
250880 0.003837
250890 -0.000534
250900 0.003291
250910 0.004303
250920 0.002356
250930 0.001953
250940 0.006484
250950 0.004399
250960 0.001594
250970 0.001256
250980 0.001418
250990 0.003181
251000 0.001899
251010 0.001522
251020 0.000582
251030 0.001681
251040 0.007024
251050 0.006465
251060 0.004215
251070 0.002970
251080 0.001038
251090 0.011599
251100 0.002278
251110 0.002924
251120 0.005659
251130 13.963853
251140 0.004126
251150 0.005988
251160 0.005449
251170 0.005721
251180 0.009833
251190 0.006935
251200 0.005572
251210 0.003918
251220 13.955940
251230 0.006053
251240 0.003695
251250 0.004832
251260 0.002639
251270 0.006216
251280 0.005683
251290 0.007463
251300 0.000521
251310 0.007550
251320 0.004324
251330 0.003764
251340 0.006245
251350 0.007472
251360 0.007514
251370 0.001624
251380 0.005022
251390 0.001782
251400 0.006388
251410 0.003907
251420 0.008756
251430 0.002978
251440 0.012691
251450 0.005916
251460 0.004625
251470 0.005159
251480 0.006308
251490 0.003454
251500 0.004299
251510 0.002367
251520 0.002618
251530 0.003650
251540 0.002871
251550 -0.002733
251560 0.005823
251570 0.010313
251580 0.006225
251590 0.008773
251600 0.005771
251610 13.971606
251620 0.004755
251630 0.003497
251640 0.004241
251650 0.001405
251660 0.005383
251670 0.002104
251680 0.005051
251690 0.001397
251700 -0.001074
251710 0.006446
251720 0.019213
251730 0.005418
251740 0.003459
251750 0.003092
251760 0.006269
251770 0.003730
251780 0.001911
251790 0.010512
251800 0.008923
251810 0.006565
251820 0.007197
251830 0.000170
251840 0.009288
251850 0.002586
251860 0.016718
251870 0.003837
251880 0.004274
251890 0.003772
251900 0.002023
251910 0.007444
251920 0.007441
251930 -0.002519
251940 0.004405
251950 0.004511
251960 0.004666
251970 0.006405
251980 0.004505
251990 0.002174
252000 0.003311
252010 -0.000633
252020 0.002972
252030 -0.002821
252040 0.003520
252050 -0.001358
252060 0.003397
252070 0.000550
252080 0.001472
252090 0.005157
252100 0.006545
252110 0.004129
252120 0.009845
252130 0.004496
252140 0.005442
252150 0.007373
252160 0.007717
252170 0.005833
252180 0.004439
252190 0.005829
252200 0.001565
252210 0.007094
252220 -0.002517
252230 0.004473
252240 0.006203
252250 0.006980
252260 0.014257
252270 0.005321
252280 0.006945
252290 0.001292
252300 0.003804
252310 -0.002454
252320 0.009233
252330 0.002435
252340 0.004266
252350 0.007197
252360 0.005163
252370 0.006228
252380 0.001550
252390 0.013379
252400 0.009001
252410 0.001876
252420 0.001284
252430 0.008794
252440 0.003655
252450 0.004250
252460 0.006520
252470 0.005811
252480 0.003978
252490 0.012729
252500 0.007958
252510 0.019908
252520 0.000215
252530 0.013490
252540 0.007960
252550 0.015964
252560 0.016579
252570 0.009740
252580 0.019484
252590 0.008041
252600 0.008949
252610 0.010158
252620 0.008389
252630 0.010877
252640 0.003720
252650 0.002046
252660 0.003104
252670 0.007088
252680 0.007781
252690 0.013235
252700 0.005714
252710 0.015363
252720 0.000953
252730 0.006434
252740 0.003967
252750 0.008998
252760 0.004725
252770 0.011300
252780 0.015123
252790 0.010958
252800 0.000076
252810 0.014635
252820 13.965239
252830 0.015438
252840 0.005523
252850 0.009805
252860 0.003240
252870 0.014456
252880 0.006247
252890 0.010461
252900 0.012470
252910 0.008217
252920 0.005706
252930 0.007681
252940 -0.002681
252950 0.013165
252960 0.002217
252970 0.006438
252980 0.006562
252990 0.006672
253000 0.000266
253010 0.007803
253020 0.007651
253030 -0.002314
253040 0.011527
253050 0.000125
253060 0.003852
253070 0.003700
253080 0.004083
253090 0.003485
253100 0.009043
253110 0.006673
253120 0.004186
253130 0.006443
253140 0.001877
253150 0.003372
253160 0.003725
253170 0.000608
253180 0.002132
253190 0.006283
253200 -0.000814
253210 -0.002041
253220 0.003639
253230 0.004836
253240 0.013627
253250 0.009271
253260 0.009122
253270 0.006222
253280 0.005072
253290 0.004987
253300 -0.000908
253310 0.011867
253320 13.978052
253330 0.005164
253340 0.006154
253350 0.006655
253360 0.080262
253370 -0.003780
253380 0.002259
253390 0.009941
253400 13.963613
253410 -0.003033
253420 0.009342
253430 0.009158
253440 0.006024
253450 0.002382
253460 0.006031
253470 0.003249
253480 0.002854
253490 0.005484
253500 0.003462
253510 0.002946
253520 0.002603
253530 0.007265
253540 0.006206
253550 0.003809
253560 0.001377
253570 0.004340
253580 0.005757
253590 0.001902
253600 0.006472
253610 0.005047
253620 0.005553
253630 0.002261
253640 0.008330
253650 0.005517
253660 0.005337
253670 0.004762
253680 0.006398
253690 0.006850
253700 0.007726
253710 0.006125
253720 0.004786
253730 0.008323
253740 0.001087
253750 0.001662
253760 0.005739
253770 0.003018
253780 -0.000462
253790 0.006118
253800 0.004006
253810 0.001163
253820 0.008075
253830 0.004458
253840 0.004974
253850 0.014586
253860 0.003478
253870 0.004876
253880 0.006170
253890 0.005910
253900 0.003152
253910 0.001782
253920 0.001463
253930 -0.004625
253940 0.001968
253950 0.005591
253960 0.002910
253970 0.004385
253980 0.005596
253990 0.012380
254000 0.000316
254010 0.006481
254020 0.000757
254030 0.004321
254040 0.002675
254050 0.003532
254060 0.007146
254070 0.002012
254080 0.002299
254090 0.004883
254100 0.012330
254110 0.008139
254120 0.002902
254130 0.004865
254140 0.003158
254150 0.006100
254160 0.005296
254170 0.004419
254180 0.005338
254190 0.006534
254200 -0.002534
254210 0.005288
254220 0.007564
254230 0.009297
254240 0.008081
254250 0.003086
254260 0.001628
254270 -0.000804
254280 0.000463
254290 0.002344
254300 0.002649
254310 0.001111
254320 0.000192
254330 0.001957
254340 0.000932
254350 0.008813
254360 0.002653
254370 0.006072
254380 0.003445
254390 0.002100
254400 0.001783
254410 0.007513
254420 0.003579
254430 0.006118
254440 0.000393
254450 0.005820
254460 0.012334
254470 0.006982
254480 0.004982
254490 0.010475
254500 -0.000548
254510 0.009941
254520 0.010648
254530 0.002645
254540 0.001014
254550 0.006140
254560 0.004677
254570 0.001555
254580 0.011295
254590 0.004787
254600 0.010990
254610 0.003615
254620 0.004956
254630 0.005690
254640 0.007985
254650 0.005378
254660 0.001962
254670 0.009863
254680 -0.000374
254690 0.001607
254700 0.009454
254710 0.002069
254720 0.005950
254730 0.011683
254740 0.006396
254750 0.007515
254760 0.009821
254770 0.011754
254780 0.003092
254790 0.006304
254800 -0.002631
254810 0.008678
254820 -0.006143
254830 0.004469
254840 0.002306
254850 0.006241
254860 0.002747
254870 0.004424
254880 0.008048
254890 0.008246
254900 0.005372
254910 0.006817
254920 13.968266
254930 -0.000074
254940 0.010421
254950 0.008456
254960 0.008502
254970 0.005299
254980 0.009101
254990 0.003958
255000 0.008746
255010 0.005732
255020 0.000831
255030 0.002648
255040 0.007704
255050 0.006388
255060 0.001062
255070 0.004875
255080 0.001384
255090 0.008641
255100 -0.000276
255110 0.006033
255120 0.001236
255130 0.003669
255140 0.002569
255150 0.010159
255160 0.002311
255170 0.001948
255180 0.000436
255190 13.938245
255200 0.002641
255210 0.009084
255220 0.004751
255230 0.003238
255240 0.004229
255250 0.005094
255260 0.007181
255270 0.003462
255280 0.001950
255290 13.969593
255300 0.000574
255310 0.002552
255320 0.004194
255330 0.002113
255340 0.003222
255350 0.000310
255360 0.001350
255370 0.003319
255380 0.007069
255390 0.005724
255400 0.000207
255410 0.009717
255420 0.004187
255430 0.003228
255440 13.981099
255450 0.000127
255460 0.004788
255470 0.002520
255480 0.004359
255490 0.003934
255500 0.006147
255510 0.001840
255520 0.003158
255530 0.002764
255540 0.002314
255550 0.003416
255560 0.004639
255570 0.003308
255580 0.008526
255590 0.003750
255600 0.005339
255610 0.005711
255620 0.001932
255630 0.000570
255640 -0.000742
255650 0.010376
255660 0.003687
255670 0.005036
255680 0.004892
255690 -0.000670
255700 0.001489
255710 0.000393
255720 0.000833
255730 0.006317
255740 0.004873
255750 0.001830
255760 0.008322
255770 0.005983
255780 0.008957
255790 0.004177
255800 0.007978
255810 0.002519
255820 0.002983
255830 0.006354
255840 0.004149
255850 0.001423
255860 0.006852
255870 0.006207
255880 -0.002259
255890 0.000667
255900 0.010941
255910 0.003400
255920 0.003133
255930 0.002624
255940 0.007441
255950 0.007105
255960 0.008352
255970 0.001460
255980 0.005181
255990 0.005938
256000 0.002387
256010 0.005604
256020 0.003662
256030 0.009196
256040 -0.000084
256050 0.000334
256060 0.006908
256070 0.006844
256080 0.001501
256090 0.010161
256100 -0.002359
256110 0.004653
256120 0.007242
256130 0.006326
256140 0.000852
256150 0.006823
256160 -0.003030
256170 0.003259
256180 14.000955
256190 0.001382
256200 0.001871
256210 0.003512
256220 0.003282
256230 0.007604
256240 0.005499
256250 0.005774
256260 0.002520
256270 0.006484
256280 0.004290
256290 0.000937
256300 0.000680
256310 0.001749
256320 0.003831
256330 0.003510
256340 0.008096
256350 0.010566
256360 0.007829
256370 0.006541
256380 0.003842
256390 0.006929
256400 0.006847
256410 0.005174
256420 0.007431
256430 0.004408
256440 0.008776
256450 0.004637
256460 0.010076
256470 0.002304
256480 0.003195
256490 0.004605
256500 0.002658
256510 0.007310
256520 0.002403
256530 0.004332
256540 0.002187
256550 0.014525
256560 0.005894
256570 0.002636
256580 0.003303
256590 0.007926
256600 0.005070
256610 0.002635
256620 0.003663
256630 0.005138
256640 0.002179
256650 0.005300
256660 0.006290
256670 0.004631
256680 0.003485
256690 0.000249
256700 0.001663
256710 0.004315
256720 0.005994
256730 0.004825
256740 0.004417
256750 0.001678
256760 0.006682
256770 0.005866
256780 0.004470
256790 0.004264
256800 0.001615
256810 0.002940
256820 0.000508
256830 0.004039
256840 -0.002141
256850 0.004919
256860 0.005078
256870 0.004277
256880 0.002388
256890 0.002145
256900 0.005588
256910 0.006833
256920 0.011485
256930 -0.000076
256940 0.008568
256950 -0.001162
256960 0.005400
256970 0.004460
256980 0.011215
256990 0.006071
257000 0.002856
257010 0.002859
257020 0.006351
257030 0.006807
257040 0.004524
257050 0.002997
257060 0.003400
257070 0.006088
257080 0.008251
257090 0.010022
257100 0.006216
257110 0.001165
257120 0.007682
257130 0.004886
257140 0.001470
257150 13.947531
257160 0.006586
257170 -0.004612
257180 -0.001710
257190 0.002043
257200 0.002556
257210 0.000029
257220 0.002747
257230 0.002929
257240 0.008672
257250 0.000694
257260 0.002644
257270 0.005146
257280 0.005158
257290 0.009577
257300 0.001432
257310 0.006272
257320 0.003586
257330 0.001034
257340 0.005840
257350 0.005366
257360 0.001643
257370 0.001701
257380 -0.001068
257390 0.000410
257400 0.006658
257410 0.002364
257420 0.001060
257430 0.007573
257440 0.007371
257450 0.004171
257460 0.007827
257470 0.004084
257480 0.003754
257490 0.006594
257500 0.007091
257510 0.007351
257520 0.003659
257530 0.004883
257540 13.973099
257550 0.001900
257560 0.007026
257570 0.005465
257580 0.006150
257590 0.007850
257600 0.006380
257610 0.006185
257620 0.007780
257630 0.003869
257640 0.004347
257650 0.002054
257660 0.004937
257670 0.007764
257680 0.005776
257690 0.009496
257700 0.003858
257710 0.014401
257720 0.004408
257730 0.003135
257740 0.008073
257750 0.024566
257760 0.000130
257770 0.003830
257780 0.004272
257790 0.002839
257800 0.001100
257810 0.004841
257820 0.002889
257830 0.002600
257840 0.004721
257850 0.000433
257860 0.008129
257870 0.000277
257880 0.006446
257890 0.004148
257900 0.005641
257910 0.006107
257920 0.003287
257930 0.003695
257940 0.000604
257950 0.003268
257960 0.005257
257970 0.003130
257980 0.006122
257990 0.004733
258000 0.005098
258010 0.003272
258020 0.003982
258030 0.007690
258040 0.001485
258050 0.004709
258060 0.003146
258070 0.004687
258080 0.005561
258090 0.007149
258100 0.005331
258110 0.005018
258120 0.007113
258130 0.003705
258140 0.001004
258150 0.002374
258160 0.004707
258170 0.002871
258180 0.001870
258190 0.001911
258200 0.000802
258210 0.006649
258220 0.007238
258230 0.006897
258240 0.004616
258250 0.008225
258260 0.002674
258270 0.000722
258280 -0.000071
258290 0.003325
258300 0.002852
258310 0.002839
258320 0.003779
258330 0.001469
258340 0.003392
258350 0.002183
258360 0.001340
258370 0.007863
258380 0.004977
258390 0.006862
258400 0.003919
258410 0.008384
258420 0.005322
258430 0.003849
258440 0.001155
258450 0.005783
258460 0.009408
258470 0.002797
258480 0.002443
258490 0.003226
258500 0.000537
258510 0.002879
258520 -0.001113
258530 0.000800
258540 0.005086
258550 0.002636
258560 0.008673
258570 0.002837
258580 0.000820
258590 0.003386
258600 0.000198
258610 0.005829
258620 0.003946
258630 0.004174
258640 0.005859
258650 0.008874
258660 0.004242
258670 0.004863
258680 0.004817
258690 0.004447
258700 0.005241
258710 0.001881
258720 -0.000661
258730 0.003506
258740 0.005153
258750 0.003297
258760 0.005642
258770 0.001022
258780 0.001100
258790 0.000757
258800 0.001066
258810 0.001580
258820 0.004942
258830 0.003337
258840 0.003114
258850 0.007096
258860 0.004004
258870 0.004038
258880 0.005334
258890 0.003190
258900 0.003900
258910 0.016014
258920 0.007171
258930 0.003406
258940 0.004240
258950 -0.000961
258960 0.008945
258970 0.000569
258980 0.007375
258990 0.001415
259000 0.009791
259010 0.003206
259020 0.010614
259030 0.007610
259040 0.005788
259050 0.002988
259060 0.005910
259070 0.005194
259080 0.002554
259090 0.002703
259100 0.009690
259110 0.005230
259120 0.007968
259130 0.008903
259140 0.006465
259150 0.006926
259160 0.005296
259170 0.011434
259180 0.009342
259190 0.002957
259200 0.010499
259210 0.002843
259220 0.004058
259230 -0.002143
259240 0.007631
259250 0.005170
259260 0.008882
259270 0.006896
259280 0.003990
259290 0.001955
259300 0.007207
259310 0.007066
259320 0.003645
259330 0.002094
259340 0.000101
259350 0.009165
259360 0.004909
259370 0.006576
259380 0.014823
259390 0.005566
259400 0.000900
259410 -0.000266
259420 0.009387
259430 0.001669
259440 0.004432
259450 0.003086
259460 0.006506
259470 0.004086
259480 0.003745
259490 0.008821
259500 0.003046
259510 0.003249
259520 0.008121
259530 0.007601
259540 0.005828
259550 0.004614
259560 0.000436
259570 0.000122
259580 0.004305
259590 0.008104
259600 0.004616
259610 0.001441
259620 0.005826
259630 0.002900
259640 0.003204
259650 -0.002035
259660 0.005337
259670 0.003115
259680 0.005594
259690 0.004702
259700 0.003800
259710 0.003836
259720 0.004928
259730 0.004006
259740 0.001704
259750 13.970396
259760 0.008095
259770 0.012757
259780 0.004872
259790 -0.001185
259800 0.004542
259810 0.002510
259820 0.004463
259830 0.008026
259840 0.006657
259850 0.003663
259860 0.006382
259870 0.004751
259880 0.007319
259890 0.005757
259900 0.004583
259910 0.004647
259920 -0.000937
259930 0.003443
259940 0.007758
259950 0.004934
259960 0.004893
259970 0.007176
259980 0.003858
259990 0.007014
260000 0.004252
260010 0.008284
260020 0.001375
260030 0.006253
260040 0.012018
260050 0.015458
260060 0.001467
260070 0.006539
260080 0.009171
260090 0.005648
260100 0.005191
260110 0.003971
260120 0.002185
260130 0.001829
260140 0.006993
260150 0.000814
260160 0.004943
260170 -0.001014
260180 0.001546
260190 0.000324
260200 0.001462
260210 -0.000100
260220 0.004166
260230 -0.000327
260240 0.008821
260250 0.002570
260260 0.008446
260270 0.001449
260280 0.001996
260290 -0.000075
260300 0.001559
260310 0.006601
260320 0.000742
260330 0.000903
260340 0.000872
260350 0.011202
260360 0.003494
260370 0.006853
260380 0.001946
260390 0.014226
260400 0.004449
260410 -0.000089
260420 0.004357
260430 0.000829
260440 0.003547
260450 -0.001247
260460 0.002562
260470 0.004065
260480 0.005556
260490 0.001497
260500 0.008523
260510 0.003128
260520 0.004748
260530 0.002559
260540 0.006072
260550 -0.006142
260560 -0.001214
260570 0.006772
260580 0.002370
260590 0.000742
260600 0.001929
260610 0.001387
260620 0.003803
260630 0.003203
260640 0.003010
260650 0.007255
260660 0.001973
260670 0.003132
260680 0.002550
260690 0.001405
260700 0.001890
260710 0.006163
260720 0.000816
260730 0.010230
260740 0.002715
260750 0.004793
260760 0.002309
260770 0.001750
260780 0.001384
260790 -0.002950
260800 0.008487
260810 0.004873
260820 0.013552
260830 0.007672
260840 0.006630
260850 0.006910
260860 0.008547
260870 0.008134
260880 0.009993
260890 0.006388
260900 0.011381
260910 0.012611
260920 0.006063
260930 0.012509
260940 0.006697
260950 0.001664
260960 0.003555
260970 0.004784
260980 0.004054
260990 0.008225
261000 0.006150
261010 -0.000290
261020 -0.000468
261030 0.004134
261040 0.001139
261050 0.003465
261060 0.011330
261070 0.001169
261080 0.008752
261090 0.000613
261100 0.004169
261110 0.008997
261120 0.010610
261130 0.005446
261140 0.006397
261150 0.006036
261160 0.005702
261170 0.001673
261180 0.005445
261190 0.001367
261200 0.008240
261210 0.004648
261220 0.002742
261230 0.010786
261240 0.005472
261250 0.004746
261260 0.002227
261270 0.008429
261280 0.009078
261290 0.003468
261300 0.012990
261310 0.002475
261320 0.007332
261330 0.007344
261340 0.004596
261350 0.003311
261360 0.003947
261370 0.003824
261380 0.016325
261390 0.012264
261400 0.000314
261410 0.000583
261420 0.005812
261430 0.001560
261440 -0.002814
261450 0.004463
261460 0.004023
261470 0.008120
261480 0.001010
261490 -0.000588
261500 0.005724
261510 0.004405
261520 0.005788
261530 0.006937
261540 0.003612
261550 0.002116
261560 0.006159
261570 0.006377
261580 0.002369
261590 0.004620
261600 0.005911
261610 0.012560
261620 0.008388
261630 13.981594
261640 0.001970
261650 0.006431
261660 0.005037
261670 0.007382
261680 0.005645
261690 0.000604
261700 -0.000071
261710 0.007509
261720 0.005251
261730 0.000782
261740 0.011952
261750 0.003753
261760 0.006595
261770 0.006578
261780 -0.001992
261790 0.017100
261800 0.007784
261810 0.007446
261820 0.001626
261830 0.002568
261840 0.002471
261850 0.006217
261860 0.004642
261870 0.004657
261880 0.010380
261890 0.010429
261900 0.002258
261910 0.005578
261920 0.006854
261930 0.004732
261940 0.007091
261950 0.003546
261960 0.008949
261970 0.003769
261980 0.004281
261990 0.000681
262000 0.007000
262010 0.014366
262020 0.003656
262030 0.002280
262040 0.003604
262050 0.002074
262060 0.003090
262070 0.005987
262080 0.004197
262090 0.001338
262100 0.003904
262110 0.010561
262120 0.001457
262130 0.003358
262140 0.008663
262150 -0.005185
262160 0.006439
262170 0.007246
262180 0.005236
262190 0.008537
262200 0.000638
262210 0.000314
262220 0.002768
262230 -0.001615
262240 0.011209
262250 0.004964
262260 0.000686
262270 -0.000463
262280 0.009594
262290 0.008393
262300 0.008134
262310 -0.002179
262320 0.006585
262330 0.003663
262340 13.992935
262350 0.018107
262360 0.008922
262370 0.005513
262380 0.006553
262390 0.001535
262400 0.015710
262410 0.012248
262420 0.018876
262430 0.019216
262440 0.013793
262450 0.015319
262460 0.011582
262470 0.024579
262480 0.002711
262490 0.025832
262500 0.020793
262510 0.001755
262520 0.011451
262530 0.005564
262540 0.012057
262550 0.008912
262560 0.007645
262570 0.014491
262580 0.003559
262590 0.007989
262600 0.018321
262610 0.008020
262620 0.011774
262630 0.005297
262640 0.005486
262650 0.008093
262660 0.007134
262670 0.008121
262680 0.008054
262690 0.007587
262700 0.012365
262710 0.010619
262720 0.010773
262730 0.008117
262740 0.012596
262750 0.004301
262760 0.010458
262770 0.008511
262780 0.009725
262790 0.008188
262800 0.004988
262810 0.008305
262820 -0.000417
262830 0.000914
262840 0.002027
262850 0.007910
262860 0.001539
262870 0.007738
262880 0.005538
262890 13.984781
262900 0.004435
262910 0.008526
262920 0.013035
262930 0.006838
262940 0.005795
262950 0.015028
262960 0.010124
262970 0.006962
262980 0.005481
262990 0.006196
263000 0.011779
263010 0.012891
263020 0.009906
263030 -0.000108
263040 0.005038
263050 0.002523
263060 0.006254
263070 0.005221
263080 0.001785
263090 0.002809
263100 0.003100
263110 0.003879
263120 0.000790
263130 0.008238
263140 0.008456
263150 0.007370
263160 0.004845
263170 0.007033
263180 0.000400
263190 0.004957
263200 0.007480
263210 0.015036
263220 0.014196
263230 0.003313
263240 0.006818
263250 0.003254
263260 0.005531
263270 0.006759
263280 0.008014
263290 0.004340
263300 0.002634
263310 0.001839
263320 0.005777
263330 0.006978
263340 0.009086
263350 0.004399
263360 0.014243
263370 0.007087
263380 0.003743
263390 0.003973
263400 -0.002626
263410 0.001530
263420 0.011017
263430 -0.002114
263440 0.001049
263450 0.009541
263460 0.007858
263470 0.004753
263480 0.011374
263490 0.007578
263500 0.006231
263510 0.008965
263520 0.002522
263530 0.019531
263540 0.005053
263550 0.002147
263560 0.007765
263570 0.001133
263580 0.004182
263590 0.007134
263600 0.013231
263610 0.004344
263620 -0.000200
263630 0.000191
263640 0.004926
263650 0.004577
263660 0.004199
263670 0.016007
263680 0.001573
263690 0.006320
263700 0.006208
263710 0.008517
263720 0.004270
263730 -0.000116
263740 0.002987
263750 0.004400
263760 0.010403
263770 0.004421
263780 0.000130
263790 0.005439
263800 -0.000416
263810 0.005990
263820 0.004217
263830 0.002495
263840 0.000930
263850 0.009458
263860 0.000566
263870 0.008197
263880 0.001831
263890 -0.002188
263900 0.007297
263910 0.008434
263920 0.003379
263930 0.005313
263940 0.000139
263950 0.005299
263960 -0.000404
263970 0.007279
263980 0.014076
263990 0.010090
264000 0.007170
264010 0.005858
264020 0.012820
264030 0.004827
264040 0.006284
264050 0.000122
264060 0.006382
264070 0.004700
264080 13.961120
264090 0.008474
264100 0.008094
264110 0.002914
264120 0.000978
264130 0.005598
264140 0.000590
264150 0.003678
264160 0.001527
264170 0.001042
264180 0.005113
264190 -0.002594
264200 0.005601
264210 0.007267
264220 0.006178
264230 0.007306
264240 0.004458
264250 0.001185
264260 0.002791
264270 0.008003
264280 0.001806
264290 0.006671
264300 0.004107
264310 -0.000068
264320 0.009419
264330 0.007034
264340 0.004599
264350 0.001764
264360 0.003522
264370 0.002277
264380 -0.003560
264390 -0.000737
264400 0.012004
264410 0.004404
264420 0.005946
264430 0.004490
264440 0.005450
264450 0.008905
264460 0.007183
264470 0.009098
264480 0.003124
264490 0.008626
264500 0.010875
264510 0.004783
264520 0.001453
264530 0.005812
264540 0.007210
264550 0.003830
264560 0.007842
264570 0.004702
264580 -0.001035
264590 0.003335
264600 0.006893
264610 0.001965
264620 0.003471
264630 0.007628
264640 0.009335
264650 0.002043
264660 0.000075
264670 0.002539
264680 0.003411
264690 0.007786
264700 0.003190
264710 0.011371
264720 0.007221
264730 0.006251
264740 0.005536
264750 0.000035
264760 0.011779
264770 0.005731
264780 0.007043
264790 0.004625
264800 0.007087
264810 0.010062
264820 0.011720
264830 0.006146
264840 0.004463
264850 0.002459
264860 0.011376
264870 0.006074
264880 -0.000221
264890 0.009348
264900 0.013807
264910 0.000473
264920 0.003088
264930 0.009973
264940 -0.000152
264950 0.005001
264960 0.011057
264970 0.000625
264980 -0.000289
264990 0.002448
265000 0.010577
265010 0.000665
265020 0.003640
265030 -0.001889
265040 0.002691
265050 0.005431
265060 0.006081
265070 0.006794
265080 0.010976
265090 0.002852
265100 0.009229
265110 0.004651
265120 0.002148
265130 0.002668
265140 0.002223
265150 -0.002690
265160 0.001864
265170 0.005244
265180 0.013271
265190 0.001495
265200 0.011123
265210 0.005393
265220 0.005021
265230 0.006872
265240 0.008064
265250 0.006536
265260 0.003038
265270 0.005620
265280 0.006404
265290 0.002951
265300 0.007223
265310 0.004327
265320 0.005174
265330 0.005190
265340 -0.001053
265350 0.006833
265360 0.007665
265370 0.005126
265380 0.003569
265390 0.002886
265400 0.007075
265410 0.002848
265420 0.005152
265430 0.006001
265440 0.001446
265450 0.001968
265460 0.005303
265470 0.004605
265480 0.003170
265490 0.013374
265500 -0.000811
265510 0.006515
265520 0.005708
265530 0.003640
265540 0.005190
265550 0.005098
265560 0.007841
265570 0.011168
265580 0.004723
265590 0.004143
265600 0.005409
265610 0.009989
265620 0.016965
265630 0.010171
265640 0.016438
265650 -0.001465
265660 0.004832
265670 0.003367
265680 0.005302
265690 0.002967
265700 0.006463
265710 0.006726
265720 0.001054
265730 0.004669
265740 -0.003903
265750 0.000832
265760 0.000198
265770 0.006164
265780 0.000663
265790 0.002881
265800 0.002871
265810 0.004044
265820 0.000610
265830 0.004769
265840 0.003817
265850 0.002196
265860 0.006088
265870 0.004102
265880 0.004498
265890 13.946471
265900 -0.003027
265910 0.006821
265920 0.003586
265930 0.005242
265940 0.000944
265950 0.004040
265960 -0.001415
265970 0.006046
265980 0.004755
265990 0.004507
266000 0.002452
266010 -0.000315
266020 0.001137
266030 0.007315
266040 0.000344
266050 0.007571
266060 0.005874
266070 0.000207
266080 0.003946
266090 0.003842
266100 0.005987
266110 0.008223
266120 0.001030
266130 -0.003437
266140 0.004934
266150 0.003899
266160 -0.001141
266170 0.005199
266180 0.003763
266190 0.001876
266200 0.009897
266210 -0.001254
266220 0.003034
266230 0.002288
266240 0.003070
266250 0.008092
266260 0.011910
266270 -0.000223
266280 0.002216
266290 0.003013
266300 0.003617
266310 0.003227
266320 0.002357
266330 0.005834
266340 0.000568
266350 0.022085
266360 0.004676
266370 0.015671
266380 0.004971
266390 0.002012
266400 0.015205
266410 0.003712
266420 0.010085
266430 0.000232
266440 -0.000564
266450 0.001197
266460 0.002615
266470 0.004472
266480 0.002708
266490 0.000487
266500 0.006878
266510 0.002216
266520 -0.001788
266530 0.001172
266540 0.006923
266550 0.007351
266560 0.000847
266570 0.009826
266580 0.013225
266590 0.007951
266600 -0.000996
266610 0.009711
266620 0.003206
266630 0.004032
266640 0.007594
266650 0.002900
266660 0.005519
266670 -0.002096
266680 0.010354
266690 0.009286
266700 0.005207
266710 0.008070
266720 0.007326
266730 0.003667
266740 0.002547
266750 0.008068
266760 0.005369
266770 0.005300
266780 0.004917
266790 13.966996
266800 0.003370
266810 0.000109
266820 0.005479
266830 0.003170
266840 0.002430
266850 -0.001307
266860 0.004187
266870 0.001113
266880 0.022328
266890 0.007984
266900 -0.002758
266910 0.003616
266920 0.007145
266930 0.005341
266940 -0.001042
266950 0.000849
266960 0.001387
266970 0.005013
266980 -0.000005
266990 0.005648
267000 0.006298
267010 0.003515
267020 0.007457
267030 0.000404
267040 0.001634
267050 0.007024
267060 0.003258
267070 -0.000864
267080 0.005043
267090 -0.000177
267100 0.007784
267110 0.002625
267120 0.005641
267130 0.004193
267140 0.001784
267150 0.005204
267160 0.004178
267170 0.002555
267180 0.001980
267190 0.002184
267200 0.001874
267210 0.002924
267220 0.003074
267230 0.008381
267240 0.011378
267250 0.011864
267260 0.013174
267270 0.012124
267280 0.013678
267290 0.003006
267300 0.013144
267310 0.014687
267320 0.007430
267330 0.004078
267340 0.011437
267350 0.010067
267360 0.001533
267370 0.006201
267380 13.980442
267390 0.015819
267400 0.008175
267410 0.004502
267420 0.003233
267430 0.009747
267440 13.966822
267450 0.012762
267460 0.009436
267470 0.006198
267480 0.006973
267490 0.010933
267500 0.004584
267510 0.003553
267520 0.000790
267530 0.004721
267540 0.003428
267550 0.005979
267560 0.003283
267570 0.003958
267580 0.001593
267590 0.007088
267600 0.005680
267610 -0.000564
267620 0.002603
267630 0.000007
267640 0.003010
267650 0.002358
267660 0.000262
267670 0.006682
267680 0.002583
267690 -0.002915
267700 0.001938
267710 0.000977
267720 -0.000318
267730 0.001704
267740 0.003888
267750 0.006009
267760 0.003488
267770 0.006206
267780 0.007191
267790 0.002266
267800 -0.002769
267810 0.007628
267820 -0.000301
267830 0.003603
267840 0.003191
267850 0.004476
267860 0.001512
267870 0.005548
267880 -0.000090
267890 -0.000696
267900 0.000272
267910 0.008186
267920 0.006081
267930 0.000011
267940 0.008237
267950 0.002881
267960 0.007305
267970 -0.001998
267980 0.004139
267990 0.002724
268000 -0.001775
268010 0.001092
268020 0.006154
268030 0.004457
268040 0.005581
268050 0.003659
268060 0.003632
268070 0.005565
268080 -0.000716
268090 0.007571
268100 0.002152
268110 13.920508
268120 0.005798
268130 0.000077
268140 0.001937
268150 0.016163
268160 0.006413
268170 0.000590
268180 0.000171
268190 0.000745
268200 0.005215
268210 0.007059
268220 0.002223
268230 0.016448
268240 0.002694
268250 0.002373
268260 0.007322
268270 0.005443
268280 0.011316
268290 0.004106
268300 0.007396
268310 0.008302
268320 0.004315
268330 0.005762
268340 0.006397
268350 0.007643
268360 0.009485
268370 0.007904
268380 0.004875
268390 0.004275
268400 0.001031
268410 0.002932
268420 0.004471
268430 0.004810
268440 0.003389
268450 0.003090
268460 0.000472
268470 0.006931
268480 0.004933
268490 0.002399
268500 0.006353
268510 0.005056
268520 0.004428
268530 0.003060
268540 0.003081
268550 0.002312
268560 0.006269
268570 0.000830
268580 0.000214
268590 0.001874
268600 0.003944
268610 0.006994
268620 0.006186
268630 0.005287
268640 0.005146
268650 0.008062
268660 0.000973
268670 0.001158
268680 0.004627
268690 0.002825
268700 0.014838
268710 0.003115
268720 0.002917
268730 0.001629
268740 0.008698
268750 0.004286
268760 0.010349
268770 0.004888
268780 -0.002510
268790 0.005664
268800 0.003815
268810 0.001999
268820 0.009509
268830 0.001232
268840 13.984790
268850 0.007124
268860 0.001759
268870 0.003630
268880 0.010379
268890 0.002784
268900 0.012349
268910 13.970168
268920 0.000793
268930 -0.000169
268940 0.001764
268950 0.004390
268960 0.003145
268970 0.004115
268980 0.003876
268990 0.005252
269000 0.002821
269010 0.003658
269020 0.006250
269030 0.002059
269040 0.002072
269050 0.001808
269060 0.008065
269070 0.002762
269080 0.002748
269090 0.005570
269100 -0.000439
269110 0.003448
269120 0.005282
269130 0.000108
269140 0.001580
269150 0.004044
269160 0.005085
269170 0.003345
269180 0.004897
269190 0.001822
269200 0.008510
269210 0.006933
269220 -0.000722
269230 0.004409
269240 -0.000994
269250 0.003578
269260 0.005339
269270 0.000938
269280 0.000307
269290 0.005251
269300 -0.000166
269310 0.009063
269320 0.004314
269330 0.004606
269340 0.005890
269350 0.004284
269360 0.009075
269370 0.018057
269380 0.009689
269390 0.006626
269400 -0.004000
269410 0.003598
269420 0.003331
269430 0.002289
269440 0.003810
269450 0.005658
269460 0.004164
269470 0.005580
269480 0.007827
269490 0.003685
269500 0.008077
269510 0.009888
269520 0.004534
269530 0.000324
269540 0.007343
269550 0.003849
269560 0.002042
269570 0.007194
269580 -0.001511
269590 -0.001019
269600 0.011476
269610 0.007765
269620 0.004651
269630 0.003224
269640 0.000438
269650 0.000186
269660 0.005939
269670 0.001096
269680 -0.003017
269690 0.004856
269700 0.003086
269710 0.008399
269720 0.003293
269730 0.000362
269740 -0.000040
269750 0.006234
269760 0.010139
269770 0.007289
269780 0.002630
269790 0.007628
269800 0.001980
269810 0.006747
269820 0.003357
269830 0.005643
269840 -0.000127
269850 0.004685
269860 0.000940
269870 0.007167
269880 0.001556
269890 0.005495
269900 0.007457
269910 0.007388
269920 0.024119
269930 0.001370
269940 0.009681
269950 0.009391
269960 0.002362
269970 -0.001148
269980 0.006434
269990 0.002684
270000 0.002579
270010 0.003536
270020 0.001648
270030 0.000822
270040 0.001113
270050 0.005274
270060 0.006066
270070 0.002722
270080 0.012198
270090 0.004890
270100 0.005435
270110 0.010332
270120 0.002457
270130 0.005888
270140 0.007981
270150 0.006755
270160 0.001324
270170 0.005283
270180 0.006515
270190 0.007070
270200 0.003209
270210 0.004127
270220 0.001792
270230 0.004195
270240 0.003860
270250 -0.001775
270260 0.008834
270270 0.003445
270280 0.005519
270290 0.009636
270300 -0.000195
270310 0.000133
270320 0.002601
270330 0.004416
270340 0.002305
270350 0.001256
270360 0.003074
270370 0.005643
270380 0.005064
270390 0.002997
270400 0.000716
270410 0.006090
270420 0.000624
270430 0.004122
270440 0.001630
270450 0.002546
270460 0.007719
270470 0.001445
270480 0.004645
270490 0.002959
270500 0.001990
270510 0.004242
270520 0.005033
270530 0.005380
270540 0.005688
270550 0.008700
270560 0.003267
270570 -0.003196
270580 -0.000033
270590 0.003107
270600 0.004033
270610 0.002013
270620 0.006086
270630 0.002925
270640 0.004108
270650 0.003557
270660 0.002476
270670 0.003527
270680 0.009221
270690 0.009161
270700 0.005136
270710 0.004667
270720 0.001555
270730 0.005808
270740 0.000364
270750 0.003781
270760 0.005899
270770 0.007366
270780 -0.000119
270790 0.004399
270800 0.000668
270810 0.001691
270820 0.004473
270830 0.003427
270840 0.000239
270850 0.003596
270860 0.001966
270870 -0.002401
270880 0.002598
270890 -0.001648
270900 0.009669
270910 -0.001786
270920 0.006504
270930 0.000901
270940 0.002283
270950 0.004283
270960 0.003100
270970 0.004868
270980 0.002585
270990 0.004219
271000 0.000883
271010 -0.000188
271020 0.005967
271030 0.001655
271040 0.007843
271050 0.007125
271060 0.002466
271070 0.008290
271080 0.001259
271090 0.005048
271100 0.002754
271110 0.004150
271120 0.005043
271130 -0.003318
271140 0.001344
271150 0.006195
271160 0.002767
271170 -0.000162
271180 0.007823
271190 0.004380
271200 0.004419
271210 0.004869
271220 0.002023
271230 0.006005
271240 0.002040
271250 0.004345
271260 0.004249
271270 0.003582
271280 0.004084
271290 0.000685
271300 0.000999
271310 0.005033
271320 0.002783
271330 0.003661
271340 0.001466
271350 0.003324
271360 0.007010
271370 0.011184
271380 0.001621
271390 0.004393
271400 0.002377
271410 0.004199
271420 0.009602
271430 0.003621
271440 0.003106
271450 0.004439
271460 0.007967
271470 0.000173
271480 0.010908
271490 0.001280
271500 0.002257
271510 0.000060
271520 -0.000700
271530 0.000581
271540 0.006172
271550 0.007657
271560 0.001246
271570 -0.000204
271580 0.005626
271590 0.005220
271600 0.003088
271610 -0.000223
271620 0.011284
271630 0.003375
271640 0.007068
271650 0.007353
271660 -0.000789
271670 0.003491
271680 0.003343
271690 0.005075
271700 0.001910
271710 0.004756
271720 0.001492
271730 -0.000023
271740 0.001405
271750 -0.000942
271760 0.001550
271770 0.004091
271780 0.007006
271790 0.007290
271800 -0.001434
271810 -0.001868
271820 0.003481
271830 0.004004
271840 0.012799
271850 0.000975
271860 0.006902
271870 0.005175
271880 0.005960
271890 0.007271
271900 0.005625
271910 0.002414
271920 0.000773
271930 -0.001150
271940 13.989850
271950 0.002702
271960 0.001529
271970 0.007504
271980 0.001494
271990 0.003521
272000 -0.001603
272010 0.005580
272020 -0.000656
272030 0.002450
272040 0.002907
272050 0.007233
272060 0.003437
272070 0.000024
272080 0.007209
272090 -0.000217
272100 0.002942
272110 0.001436
272120 0.006841
272130 -0.001704
272140 -0.000864
272150 0.002426
272160 0.002086
272170 0.003333
272180 0.004709
272190 0.002809
272200 0.002441
272210 0.004785
272220 0.004587
272230 0.003966
272240 0.002206
272250 0.001623
272260 0.011248
272270 0.002483
272280 0.005089
272290 0.005739
272300 0.001739
272310 0.002297
272320 0.004211
272330 0.001306
272340 0.003874
272350 0.001983
272360 0.003613
272370 0.006594
272380 0.007432
272390 0.000831
272400 0.005733
272410 0.000465
272420 0.005368
272430 0.002463
272440 0.004174
272450 0.004732
272460 0.002277
272470 0.003113
272480 0.006971
272490 0.006632
272500 0.002236
272510 0.006059
272520 0.003490
272530 0.004329
272540 0.000974
272550 0.000764
272560 0.006748
272570 0.004897
272580 0.008000
272590 0.005609
272600 0.000343
272610 0.004944
272620 0.000851
272630 0.000267
272640 -0.000814
272650 0.005264
272660 0.004058
272670 0.002106
272680 0.008005
272690 0.006260
272700 0.001800
272710 0.002082
272720 -0.001028
272730 0.006235
272740 0.004046
272750 0.002188
272760 0.000183
272770 0.008972
272780 0.001790
272790 0.001415
272800 0.003614
272810 0.004088
272820 0.001170
272830 0.004804
272840 0.001583
272850 0.002499
272860 0.005841
272870 0.001981
272880 0.003019
272890 0.007427
272900 0.006912
272910 0.001697
272920 0.004439
272930 0.003404
272940 0.005693
272950 0.002487
272960 -0.002369
272970 0.002497
272980 0.003637
272990 0.001632
273000 -0.000722
273010 0.000309
273020 0.003831
273030 0.008650
273040 0.001199
273050 0.000341
273060 13.941761
273070 0.001044
273080 0.001513
273090 0.001817
273100 0.007798
273110 0.008097
273120 0.007783
273130 0.005760
273140 0.008650
273150 0.002236
273160 0.004265
273170 -0.001915
273180 0.002512
273190 0.004391
273200 0.003683
273210 -0.002799
273220 0.003667
273230 0.009747
273240 0.000621
273250 0.003594
273260 0.004356
273270 0.000818
273280 0.004520
273290 0.008650
273300 0.003391
273310 13.988685
273320 0.008874
273330 0.005616
273340 0.004759
273350 -0.001264
273360 -0.001836
273370 0.005151
273380 0.003939
273390 0.005171
273400 -0.000011
273410 0.009006
273420 0.005058
273430 0.003139
273440 0.002955
273450 0.007430
273460 0.005361
273470 0.007993
273480 0.005123
273490 0.004081
273500 0.003254
273510 0.003457
273520 0.002348
273530 0.000449
273540 0.000004
273550 0.002628
273560 0.002109
273570 -0.002060
273580 0.003202
273590 0.008132
273600 0.000341
273610 0.005049
273620 0.005998
273630 0.002914
273640 0.003744
273650 0.005718
273660 -0.001044
273670 0.007435
273680 0.004693
273690 0.001502
273700 0.000931
273710 0.002168
273720 0.000901
273730 -0.001614
273740 0.003702
273750 0.000488
273760 0.002640
273770 0.004786
273780 0.003594
273790 0.005302
273800 0.000878
273810 0.005915
273820 0.005586
273830 0.003343
273840 0.006031
273850 0.003760
273860 0.004711
273870 0.003079
273880 0.005556
273890 0.001437
273900 0.004045
273910 0.003126
273920 0.004471
273930 0.001552
273940 0.003350
273950 0.002281
273960 0.004463
273970 0.006298
273980 0.002925
273990 0.009214
274000 0.006416
274010 0.001035
274020 0.008166
274030 -0.004615
274040 -0.005536
274050 0.001630
274060 0.002874
274070 0.001957
274080 -0.000839
274090 0.003286
274100 0.005930
274110 0.002191
274120 0.002082
274130 0.005311
274140 0.000672
274150 0.002027
274160 0.001354
274170 0.007867
274180 0.005879
274190 0.006212
274200 0.005632
274210 0.006404
274220 0.006329
274230 0.003247
274240 0.001619
274250 0.003517
274260 0.007447
274270 0.007648
274280 -0.001746
274290 0.001957
274300 0.014380
274310 0.001931
274320 0.009241
274330 0.000055
274340 0.009172
274350 -0.000326
274360 0.006218
274370 -0.000503
274380 0.000603
274390 0.004409
274400 0.005405
274410 0.002184
274420 0.004927
274430 0.007755
274440 0.004197
274450 0.005986
274460 -0.000131
274470 0.005061
274480 0.001562
274490 0.003502
274500 0.003795
274510 0.002050
274520 0.005017
274530 0.005790
274540 0.003191
274550 0.005487
274560 0.008066
274570 0.003436
274580 0.003352
274590 0.001979
274600 0.009768
274610 0.003048
274620 0.003372
274630 0.003781
274640 0.011044
274650 0.002917
274660 0.002700
274670 0.002062
274680 0.004098
274690 0.001038
274700 0.006329
274710 0.006262
274720 0.002257
274730 -0.001094
274740 0.003259
274750 -0.000297
274760 0.002658
274770 0.002052
274780 0.004422
274790 0.002587
274800 0.002973
274810 -0.002725
274820 0.008681
274830 0.008308
274840 0.004850
274850 0.000527
274860 0.009770
274870 0.004347
274880 0.002681
274890 0.001159
274900 0.003569
274910 0.006859
274920 0.002922
274930 0.001123
274940 0.000785
274950 0.000676
274960 0.005449
274970 0.006111
274980 0.001252
274990 0.000630
275000 0.014281
275010 0.006035
275020 0.005176
275030 0.002171
275040 0.004519
275050 0.004242
275060 0.007729
275070 0.004009
275080 0.007249
275090 0.003031
275100 0.006688
275110 0.000675
275120 0.002163
275130 0.005915
275140 0.004061
275150 0.001154
275160 13.940542
275170 0.000275
275180 0.003026
275190 0.002954
275200 0.002614
275210 0.003357
275220 0.006333
275230 0.002617
275240 0.001936
275250 0.009086
275260 0.004038
275270 0.007786
275280 0.004600
275290 0.002584
275300 0.002258
275310 0.005895
275320 0.003917
275330 0.003264
275340 0.005673
275350 0.005412
275360 13.980974
275370 0.001052
275380 0.004982
275390 0.003396
275400 0.004239
275410 0.001259
275420 -0.000141
275430 0.007568
275440 0.004226
275450 0.002336
275460 0.002467
275470 0.002225
275480 0.002022
275490 0.001477
275500 0.005165
275510 -0.001809
275520 0.003447
275530 0.002511
275540 0.013087
275550 0.003781
275560 -0.001074
275570 0.022625
275580 0.003780
275590 0.006890
275600 0.002851
275610 0.003756
275620 0.000463
275630 0.006608
275640 0.005143
275650 0.003932
275660 0.001765
275670 0.003393
275680 0.004085
275690 -0.000257
275700 0.001818
275710 0.004438
275720 0.003049
275730 0.008795
275740 0.004997
275750 0.005125
275760 0.002440
275770 -0.001175
275780 0.002930
275790 -0.001148
275800 0.005155
275810 0.005933
275820 0.003633
275830 0.003262
275840 0.004260
275850 0.007736
275860 0.001345
275870 0.004336
275880 0.003673
275890 0.004786
275900 0.002790
275910 0.000308
275920 0.001358
275930 0.004824
275940 0.004206
275950 0.003235
275960 0.001851
275970 0.000566
275980 0.001980
275990 -0.000365
276000 0.004887
276010 0.002169
276020 0.003484
276030 0.001557
276040 -0.004288
276050 0.004536
276060 0.007504
276070 0.001845
276080 0.002726
276090 0.004717
276100 0.003050
276110 0.000795
276120 0.000614
276130 0.001807
276140 0.006342
276150 0.003410
276160 0.001632
276170 0.001298
276180 0.003952
276190 -0.000456
276200 0.006557
276210 0.011234
276220 0.001805
276230 0.003891
276240 0.010592
276250 0.007374
276260 0.001643
276270 0.004224
276280 -0.000357
276290 0.003570
276300 -0.000544
276310 0.001570
276320 0.004089
276330 0.000733
276340 0.002912
276350 0.001751
276360 0.006452
276370 0.005639
276380 0.003119
276390 0.001932
276400 0.004340
276410 0.013476
276420 0.012358
276430 0.002954
276440 0.003151
276450 0.004950
276460 0.001409
276470 0.004202
276480 -0.000750
276490 0.003184
276500 0.000604
276510 0.004379
276520 13.959141
276530 0.006944
276540 0.000551
276550 0.003759
276560 0.013434
276570 0.007931
276580 0.005245
276590 -0.001259
276600 0.000143
276610 0.003028
276620 0.003371
276630 0.002518
276640 0.003589
276650 0.008969
276660 0.002796
276670 0.006652
276680 -0.001695
276690 0.009501
276700 0.007766
276710 0.005339
276720 0.004084
276730 0.005814
276740 0.002029
276750 0.002066
276760 0.004886
276770 0.003307
276780 0.002579
276790 0.003777
276800 0.005941
276810 0.005849
276820 0.004055
276830 0.004546
276840 0.000108
276850 0.006142
276860 0.002022
276870 0.005505
276880 0.004967
276890 0.007093
276900 -0.001022
276910 0.000565
276920 0.005968
276930 0.003490
276940 0.007191
276950 0.001109
276960 0.002313
276970 0.009074
276980 0.000089
276990 0.006164
277000 0.001789
277010 0.002439
277020 0.004639
277030 0.007523
277040 0.008544
277050 -0.001198
277060 0.004598
277070 -0.001122
277080 0.007958
277090 0.002272
277100 0.000019
277110 0.003828
277120 0.004959
277130 0.007121
277140 0.006343
277150 0.005848
277160 0.004840
277170 -0.002867
277180 0.003375
277190 -0.000314
277200 0.001126
277210 -0.002676
277220 0.001071
277230 -0.001125
277240 0.000893
277250 0.002385
277260 0.003779
277270 -0.000265
277280 0.001568
277290 0.005649
277300 0.000357
277310 13.972603
277320 0.005221
277330 0.000991
277340 0.003707
277350 0.002213
277360 0.004209
277370 0.001065
277380 0.000638
277390 0.008564
277400 0.010450
277410 0.004679
277420 0.005620
277430 0.004872
277440 -0.000118
277450 0.004735
277460 0.006409
277470 0.003280
277480 0.005839
277490 0.005172
277500 0.006128
277510 0.005169
277520 0.002699
277530 0.005750
277540 0.004606
277550 0.006998
277560 0.001873
277570 0.003761
277580 0.005998
277590 0.002782
277600 0.002804
277610 0.004069
277620 0.000129
277630 0.007509
277640 13.964849
277650 0.003567
277660 0.008944
277670 -0.000602
277680 0.009078
277690 0.007291
277700 0.004210
277710 0.003554
277720 0.003922
277730 -0.000462
277740 0.009858
277750 0.003096
277760 0.004216
277770 0.003863
277780 0.004716
277790 0.002234
277800 0.006833
277810 0.004998
277820 0.009465
277830 -0.004997
277840 0.001169
277850 0.012205
277860 0.001492
277870 0.004820
277880 0.004827
277890 0.004808
277900 0.003159
277910 0.003421
277920 0.000842
277930 0.006760
277940 0.012531
277950 0.009688
277960 0.004051
277970 0.011222
277980 0.001933
277990 0.003606
278000 -0.001432
278010 0.001190
278020 0.003779
278030 0.001681
278040 0.003558
278050 0.005372
278060 0.000966
278070 0.001157
278080 -0.000665
278090 0.015216
278100 -0.002806
278110 0.008411
278120 0.004610
278130 0.001162
278140 0.004480
278150 0.005257
278160 0.002896
278170 0.000565
278180 0.007956
278190 0.003428
278200 0.003946
278210 0.004239
278220 0.003918
278230 0.003794
278240 0.002122
278250 0.010091
278260 0.003488
278270 0.005942
278280 -0.001584
278290 0.005869
278300 0.001905
278310 0.002923
278320 0.004200
278330 0.007105
278340 0.005812
278350 0.000799
278360 0.001372
278370 0.002418
278380 0.006045
278390 0.001373
278400 0.001787
278410 0.005252
278420 0.002136
278430 0.003284
278440 0.002705
278450 0.007273
278460 0.001518
278470 0.005655
278480 0.005576
278490 0.000733
278500 0.001380
278510 -0.000106
278520 0.007912
278530 -0.001303
278540 0.006086
278550 -0.001661
278560 0.005034
278570 -0.000447
278580 0.003935
278590 0.005715
278600 0.004396
278610 0.002706
278620 0.000345
278630 0.010266
278640 -0.000726
278650 0.006474
278660 0.002447
278670 0.003901
278680 0.002629
278690 0.002484
278700 -0.001379
278710 0.005712
278720 -0.002341
278730 0.002659
278740 0.005427
278750 -0.000936
278760 0.001640
278770 0.000780
278780 -0.000145
278790 0.006516
278800 0.003363
278810 13.964002
278820 0.004185
278830 0.002345
278840 0.002636
278850 0.006903
278860 0.004940
278870 0.001563
278880 0.004089
278890 0.003690
278900 0.000935
278910 0.002267
278920 0.002570
278930 0.002607
278940 0.002353
278950 0.005293
278960 0.004096
278970 0.001750
278980 0.003940
278990 0.003986
279000 0.001738
279010 0.001999
279020 0.000156
279030 0.019467
279040 0.003146
279050 0.000805
279060 0.002844
279070 0.003192
279080 0.004137
279090 0.002542
279100 0.002004
279110 0.001877
279120 0.006593
279130 0.003216
279140 0.001740
279150 0.006393
279160 0.008435
279170 0.006389
279180 0.003094
279190 0.003515
279200 0.005798
279210 0.003696
279220 0.009181
279230 0.004134
279240 0.008525
279250 0.002819
279260 0.003134
279270 0.002301
279280 -0.000890
279290 0.002098
279300 0.000802
279310 0.006802
279320 0.001801
279330 0.000028
279340 0.014470
279350 0.004738
279360 0.015826
279370 0.003456
279380 0.000788
279390 0.000825
279400 0.002345
279410 -0.002840
279420 -0.002310
279430 0.000385
279440 0.002085
279450 0.002619
279460 0.000956
279470 -0.000457
279480 0.001016
279490 0.001550
279500 0.005659
279510 0.000320
279520 -0.001009
279530 0.003397
279540 0.003607
279550 0.007362
279560 13.968727
279570 0.006091
279580 0.002793
279590 0.006476
279600 0.002141
279610 0.003166
279620 0.000627
279630 0.004286
279640 0.002509
279650 0.000793
279660 0.002156
279670 0.001335
279680 0.001495
279690 0.005768
279700 0.004351
279710 0.008586
279720 0.005280
279730 0.003525
279740 0.000722
279750 0.006090
279760 0.000814
279770 0.003540
279780 0.002373
279790 0.003562
279800 0.003327
279810 0.003094
279820 0.006843
279830 -0.003132
279840 0.005405
279850 0.005639
279860 0.002881
279870 0.003144
279880 0.005449
279890 0.006542
279900 0.005602
279910 0.000212
279920 0.000393
279930 0.003966
279940 0.004896
279950 0.003581
279960 0.001623
279970 0.003273
279980 0.004819
279990 0.000794
280000 0.002796
280010 0.001892
280020 0.001168
280030 0.000739
280040 0.003210
280050 -0.000176
280060 0.002497
280070 -0.003618
280080 0.002331
280090 0.004821
280100 0.002465
280110 0.002277
280120 0.005454
280130 0.007455
280140 0.004949
280150 0.005340
280160 0.002433
280170 0.003120
280180 0.004597
280190 0.001313
280200 0.006989
280210 0.002471
280220 0.004577
280230 0.004787
280240 -0.001771
280250 0.003625
280260 0.008093
280270 0.007324
280280 0.001371
280290 -0.000105
280300 0.002643
280310 0.004121
280320 0.003091
280330 0.001541
280340 0.004389
280350 0.004991
280360 0.000312
280370 0.003272
280380 0.000644
280390 0.005335
280400 -0.000500
280410 0.008037
280420 0.004777
280430 0.001285
280440 0.007286
280450 0.008501
280460 0.006009
280470 0.003332
280480 0.005781
280490 0.001398
280500 0.006651
280510 0.000558
280520 0.010427
280530 0.006467
280540 0.005040
280550 0.004413
280560 0.000647
280570 0.006012
280580 0.002821
280590 0.007559
280600 0.004677
280610 0.000598
280620 0.000563
280630 0.006219
280640 0.005702
280650 0.012681
280660 0.002812
280670 0.004876
280680 0.001874
280690 0.008218
280700 0.002713
280710 0.013444
280720 0.001559
280730 0.005710
280740 0.006189
280750 0.002422
280760 0.006509
280770 0.001223
280780 0.003366
280790 0.006043
280800 0.001885
280810 0.005561
280820 0.006878
280830 0.003537
280840 0.004752
280850 0.007948
280860 0.000189
280870 0.003974
280880 0.005005
280890 0.001481
280900 0.006500
280910 0.002539
280920 0.000916
280930 0.005037
280940 0.005539
280950 0.002909
280960 0.000320
280970 -0.000727
280980 0.000679
280990 0.002716
281000 0.000451
281010 0.000423
281020 0.000107
281030 -0.003170
281040 0.006030
281050 -0.003084
281060 0.002314
281070 0.001567
281080 0.009601
281090 0.000686
281100 0.001004
281110 0.007387
281120 0.005791
281130 0.003150
281140 0.001321
281150 0.003577
281160 -0.001720
281170 0.000544
281180 0.000752
281190 0.002580
281200 0.004148
281210 0.004973
281220 0.001911
281230 0.002055
281240 0.004922
281250 0.001967
281260 0.004277
281270 0.004115
281280 0.003531
281290 0.006627
281300 0.001904
281310 0.003745
281320 0.005229
281330 0.002086
281340 0.005617
281350 0.004647
281360 0.001569
281370 0.007038
281380 0.004632
281390 -0.003130
281400 0.001481
281410 0.002926
281420 0.007123
281430 0.003827
281440 0.002802
281450 0.000752
281460 0.003267
281470 0.006295
281480 0.001430
281490 0.001632
281500 0.003844
281510 0.000455
281520 0.003743
281530 0.005180
281540 0.004152
281550 0.003339
281560 0.002525
281570 0.003555
281580 0.008215
281590 0.003971
281600 0.007137
281610 0.006393
281620 0.004683
281630 0.002547
281640 0.001695
281650 -0.000855
281660 0.004395
281670 0.002059
281680 0.004024
281690 0.001860
281700 0.004467
281710 0.003284
281720 -0.001381
281730 0.000840
281740 0.002914
281750 0.005347
281760 0.005536
281770 0.001531
281780 0.014823
281790 0.006990
281800 -0.001093
281810 0.001139
281820 0.001839
281830 0.003486
281840 0.001870
281850 0.004733
281860 0.014776
281870 0.001194
281880 0.014356
281890 0.005401
281900 0.000920
281910 0.002687
281920 0.003602
281930 0.004496
281940 0.002920
281950 0.001126
281960 -0.003251
281970 0.001305
281980 0.003016
281990 0.001633
282000 0.004146
282010 0.000101
282020 0.000029
282030 0.012792
282040 0.007648
282050 0.001363
282060 0.005185
282070 0.008275
282080 0.010947
282090 0.004124
282100 0.001926
282110 0.011385
282120 0.006094
282130 -0.000424
282140 0.002571
282150 0.006251
282160 -0.003879
282170 0.002613
282180 0.001519
282190 0.005963
282200 0.000637
282210 0.004907
282220 0.001286
282230 0.005984
282240 -0.001752
282250 -0.000671
282260 0.000250
282270 0.006122
282280 13.964735
282290 0.005319
282300 0.001279
282310 0.008195
282320 0.006379
282330 0.006194
282340 0.005936
282350 0.005939
282360 0.007352
282370 0.007515
282380 0.007499
282390 0.002777
282400 0.003770
282410 0.004324
282420 0.000428
282430 0.003487
282440 0.000554
282450 13.949304
282460 0.000210
282470 -0.001685
282480 0.009323
282490 0.003914
282500 0.003806
282510 0.003915
282520 0.003400
282530 0.008548
282540 0.003565
282550 0.004695
282560 0.005274
282570 0.003299
282580 0.003736
282590 0.004720
282600 0.002918
282610 0.002953
282620 0.004476
282630 0.002977
282640 0.002652
282650 0.000856
282660 0.001263
282670 0.002523
282680 0.007709
282690 0.013416
282700 0.003011
282710 0.004116
282720 0.001932
282730 0.003346
282740 0.004014
282750 0.011872
282760 0.004033
282770 0.006462
282780 0.002850
282790 0.001220
282800 0.001616
282810 0.004324
282820 0.008091
282830 0.004230
282840 0.003843
282850 0.005179
282860 0.009154
282870 0.003854
282880 0.005599
282890 0.003206
282900 0.001793
282910 0.003942
282920 0.002601
282930 0.006378
282940 0.002015
282950 0.004232
282960 0.008281
282970 0.004327
282980 0.003560
282990 0.004616
283000 0.000006
283010 0.007797
283020 0.003320
283030 -0.000642
283040 0.006119
283050 0.003256
283060 -0.000534
283070 0.007352
283080 0.001293
283090 0.004324
283100 0.003833
283110 0.001757
283120 0.000999
283130 -0.003859
283140 0.002265
283150 0.005187
283160 0.002012
283170 0.002553
283180 0.003077
283190 0.003800
283200 0.010135
283210 0.001699
283220 0.001108
283230 0.005130
283240 0.001614
283250 0.001877
283260 0.005568
283270 0.003698
283280 0.002584
283290 0.005918
283300 -0.000467
283310 0.010316
283320 0.011214
283330 0.003204
283340 0.001455
283350 0.001843
283360 13.964769
283370 0.006046
283380 0.004991
283390 0.004994
283400 0.004344
283410 0.001691
283420 0.002410
283430 0.001303
283440 0.003253
283450 0.002252
283460 0.002782
283470 0.003072
283480 0.001988
283490 -0.000237
283500 0.006086
283510 0.003147
283520 0.000672
283530 0.001725
283540 0.001182
283550 -0.000777
283560 0.005260
283570 0.004463
283580 0.000671
283590 0.001826
283600 -0.000180
283610 0.017170
283620 0.005606
283630 0.003582
283640 0.006188
283650 0.004473
283660 0.001149
283670 0.001461
283680 0.002462
283690 0.004916
283700 0.006541
283710 0.002048
283720 0.004427
283730 0.002437
283740 0.005874
283750 0.002555
283760 0.005185
283770 0.001664
283780 -0.002732
283790 0.006119
283800 0.002002
283810 0.004625
283820 0.001560
283830 -0.002715
283840 0.005459
283850 0.000456
283860 -0.001034
283870 0.006488
283880 0.004808
283890 0.004044
283900 0.004089
283910 0.000638
283920 0.002124
283930 0.002681
283940 -0.001104
283950 0.009022
283960 0.004813
283970 0.010536
283980 0.006261
283990 -0.002366
284000 0.002823
284010 0.003293
284020 0.002788
284030 -0.000063
284040 0.010606
284050 0.003119
284060 0.005437
284070 -0.002952
284080 0.004276
284090 -0.000528
284100 0.004136
284110 0.005046
284120 0.003105
284130 0.003873
284140 0.002899
284150 0.000754
284160 0.001974
284170 0.002487
284180 0.002338
284190 0.002647
284200 0.003053
284210 0.005157
284220 0.006119
284230 0.003941
284240 0.004282
284250 0.002779
284260 0.005686
284270 0.003245
284280 0.007262
284290 0.001905
284300 0.004491
284310 0.002379
284320 0.005762
284330 0.001314
284340 0.002397
284350 -0.000209
284360 0.001805
284370 0.005108
284380 0.003605
284390 0.002527
284400 0.003517
284410 0.002402
284420 0.006913
284430 0.000366
284440 0.001023
284450 0.013335
284460 0.001245
284470 0.003435
284480 -0.000220
284490 0.001807
284500 0.004170
284510 0.002776
284520 0.003450
284530 0.000422
284540 0.001979
284550 0.002111
284560 0.010436
284570 0.006774
284580 0.004605
284590 -0.002873
284600 0.004641
284610 0.009641
284620 -0.001140
284630 0.001087
284640 0.001967
284650 0.002900
284660 0.003809
284670 0.003862
284680 0.003528
284690 0.002503
284700 0.008256
284710 0.001794
284720 0.001910
284730 0.002362
284740 0.003677
284750 0.010309
284760 0.002656
284770 0.003415
284780 0.004603
284790 0.005300
284800 -0.000383
284810 0.002349
284820 0.003715
284830 0.002765
284840 0.001285
284850 -0.001020
284860 0.006459
284870 0.005358
284880 0.004212
284890 -0.001073
284900 -0.003332
284910 0.007444
284920 13.919599
284930 0.000880
284940 0.002584
284950 0.002876
284960 0.004340
284970 0.001302
284980 0.001910
284990 0.005135
285000 0.001416
285010 0.002884
285020 0.002342
285030 -0.000713
285040 0.008804
285050 0.005061
285060 0.004025
285070 0.001647
285080 0.003265
285090 0.002634
285100 0.006961
285110 0.006739
285120 0.000804
285130 0.003533
285140 0.003981
285150 0.005501
285160 0.002673
285170 0.001076
285180 0.000103
285190 0.003338
285200 -0.000338
285210 0.003498
285220 0.009435
285230 -0.002669
285240 0.001411
285250 0.002727
285260 0.005879
285270 0.002793
285280 0.002664
285290 0.006951
285300 -0.000826
285310 0.001744
285320 0.005686
285330 -0.000535
285340 0.000410
285350 -0.000682
285360 0.002677
285370 0.004247
285380 0.002279
285390 -0.000279
285400 0.000080
285410 0.004251
285420 0.001795
285430 0.004103
285440 0.001923
285450 0.003323
285460 0.003276
285470 0.005683
285480 0.013803
285490 0.005770
285500 0.001273
285510 0.004514
285520 0.004487
285530 0.004725
285540 0.000076
285550 0.004232
285560 0.006522
285570 0.002042
285580 0.006699
285590 0.004367
285600 -0.000978
285610 0.003924
285620 0.000103
285630 0.003449
285640 0.002398
285650 0.004794
285660 0.004603
285670 0.003379
285680 0.005096
285690 0.002006
285700 0.003596
285710 0.000425
285720 0.002864
285730 0.005903
285740 0.002104
285750 0.006338
285760 0.002771
285770 0.004375
285780 0.005242
285790 0.003879
285800 0.001242
285810 0.004669
285820 0.004847
285830 0.007347
285840 0.005814
285850 0.002986
285860 0.004006
285870 0.001123
285880 0.003258
285890 0.006004
285900 0.001375
285910 0.004041
285920 0.004050
285930 0.010984
285940 0.008898
285950 0.005068
285960 0.005157
285970 0.001788
285980 0.008609
285990 0.006793
286000 0.006592
286010 0.007129
286020 0.004264
286030 0.008414
286040 0.003764
286050 0.005525
286060 0.003631
286070 0.002105
286080 0.005114
286090 0.003217
286100 0.002303
286110 -0.000532
286120 0.003249
286130 0.002988
286140 0.002285
286150 0.007149
286160 0.004335
286170 0.004356
286180 0.004480
286190 0.000615
286200 0.005516
286210 0.002833
286220 -0.000137
286230 0.002177
286240 -0.000628
286250 0.000293
286260 0.000500
286270 0.001320
286280 -0.003154
286290 0.001903
286300 -0.001965
286310 -0.000736
286320 0.006728
286330 0.004848
286340 0.001473
286350 0.001313
286360 0.001272
286370 0.003934
286380 0.002418
286390 0.007840
286400 0.001760
286410 -0.000435
286420 0.006368
286430 0.007284
286440 0.003245
286450 0.000827
286460 0.000836
286470 0.001183
286480 -0.001239
286490 0.001769
286500 0.004245
286510 0.004190
286520 0.003222
286530 0.009215
286540 0.006009
286550 13.954233
286560 0.005170
286570 0.005663
286580 0.006893
286590 0.000861
286600 0.002985
286610 0.003835
286620 0.006976
286630 0.004383
286640 0.002675
286650 0.001258
286660 0.003229
286670 0.003523
286680 0.013406
286690 0.002140
286700 0.002372
286710 0.005327
286720 0.004155
286730 0.004087
286740 0.004393
286750 0.001389
286760 0.001892
286770 0.001764
286780 0.004435
286790 0.004436
286800 0.010529
286810 0.003606
286820 0.003044
286830 0.001840
286840 0.005790
286850 0.010310
286860 0.006306
286870 0.005264
286880 0.005517
286890 0.004874
286900 0.005032
286910 0.001671
286920 0.001444
286930 0.004481
286940 0.003657
286950 0.002877
286960 -0.000128
286970 0.005548
286980 0.005382
286990 0.002866
287000 0.000996
287010 0.002643
287020 0.002174
287030 0.002641
287040 0.004889
287050 13.971468
287060 -0.002675
287070 0.003695
287080 -0.001910
287090 0.005860
287100 0.001353
287110 0.005068
287120 0.003600
287130 0.009616
287140 0.003522
287150 0.002050
287160 0.004255
287170 0.000004
287180 0.001974
287190 0.003056
287200 0.002884
287210 0.003159
287220 0.009052
287230 0.003825
287240 0.000238
287250 0.004731
287260 0.002005
287270 0.003022
287280 0.006161
287290 0.004031
287300 0.003499
287310 0.009216
287320 0.009246
287330 0.003115
287340 0.009378
287350 0.000757
287360 0.003856
287370 0.001682
287380 0.007325
287390 0.001341
287400 0.004343
287410 0.001690
287420 0.006654
287430 0.001347
287440 0.006990
287450 -0.001936
287460 0.009681
287470 0.008756
287480 0.003369
287490 0.005886
287500 0.003998
287510 0.004655
287520 0.005945
287530 0.006302
287540 0.004927
287550 0.002249
287560 0.008442
287570 0.014461
287580 0.002059
287590 0.005958
287600 0.001070
287610 0.001219
287620 0.002251
287630 0.004325
287640 0.004225
287650 0.004953
287660 -0.000669
287670 0.002721
287680 -0.000217
287690 13.960916
287700 0.005153
287710 0.001792
287720 0.003579
287730 0.001796
287740 0.004366
287750 0.000866
287760 0.002821
287770 0.001085
287780 0.003521
287790 0.004066
287800 0.002099
287810 0.003022
287820 0.004405
287830 0.009906
287840 -0.000598
287850 0.002968
287860 0.000172
287870 0.004779
287880 -0.001183
287890 0.001352
287900 -0.000370
287910 0.003989
287920 0.000386
287930 -0.001925
287940 -0.000299
287950 0.000181
287960 0.005431
287970 0.001445
287980 0.001051
287990 0.003733
288000 0.004179
288010 0.005008
288020 0.002642
288030 0.003922
288040 0.027968
288050 0.005248
288060 0.003098
288070 0.003426
288080 0.001936
288090 0.001763
288100 0.003143
288110 0.001799
288120 0.001259
288130 0.001024
288140 0.002281
288150 -0.001217
288160 0.007048
288170 0.002253
288180 0.003110
288190 0.001788
288200 0.004101
288210 0.005115
288220 0.000533
288230 0.001987
288240 0.005074
288250 0.000741
288260 0.000980
288270 0.003772
288280 0.002541
288290 -0.002258
288300 0.002466
288310 0.002893
288320 0.003894
288330 0.002339
288340 0.002157
288350 0.000857
288360 13.968421
288370 0.003880
288380 0.006469
288390 0.001951
288400 0.000799
288410 -0.001022
288420 0.002274
288430 0.006469
288440 0.003357
288450 0.007202
288460 0.006521
288470 0.004785
288480 0.004722
288490 0.001435
288500 0.004828
288510 0.004127
288520 0.006040
288530 0.001283
288540 -0.000194
288550 0.000399
288560 0.004558
288570 -0.000374
288580 0.002533
288590 -0.000128
288600 0.005121
288610 0.001647
288620 0.002652
288630 0.000349
288640 0.006928
288650 0.000838
288660 0.001665
288670 0.001951
288680 0.002727
288690 0.002419
288700 0.005085
288710 0.005118
288720 0.002420
288730 0.004401
288740 0.002237
288750 0.005211
288760 0.002291
288770 0.006201
288780 0.008765
288790 0.007540
288800 0.002221
288810 0.003360
288820 0.004161
288830 0.000882
288840 0.009224
288850 0.001632
288860 -0.000286
288870 0.002990
288880 0.005155
288890 -0.001972
288900 0.003469
288910 0.002032
288920 0.001447
288930 0.004949
288940 0.006636
288950 0.003351
288960 0.001901
288970 0.005300
288980 -0.000089
288990 0.006740
289000 0.005232
289010 -0.002098
289020 0.001698
289030 0.006531
289040 0.005601
289050 0.009899
289060 0.002406
289070 -0.000135
289080 -0.001892
289090 -0.003260
289100 0.004846
289110 -0.003465
289120 0.004542
289130 0.002181
289140 0.002670
289150 0.003381
289160 0.001366
289170 0.007449
289180 0.001154
289190 0.006729
289200 0.001474
289210 -0.001100
289220 0.003745
289230 0.002405
289240 0.002965
289250 0.000943
289260 0.005767
289270 0.005530
289280 0.002705
289290 0.005463
289300 -0.000181
289310 0.003786
289320 0.002060
289330 0.005181
289340 0.006503
289350 0.003079
289360 0.001699
289370 0.001153
289380 0.011843
289390 0.002530
289400 0.006864
289410 0.008650
289420 0.003049
289430 0.001493
289440 -0.000239
289450 0.002102
289460 0.004614
289470 -0.002708
289480 0.004073
289490 0.003444
289500 0.016150
289510 0.008133
289520 0.001946
289530 0.004641
289540 0.000918
289550 0.000634
289560 -0.002978
289570 0.002260
289580 0.003885
289590 0.006512
289600 0.003865
289610 0.003594
289620 0.004838
289630 0.006872
289640 0.004325
289650 0.001960
289660 0.006157
289670 0.002053
289680 0.003434
289690 0.006047
289700 0.001476
289710 0.013418
289720 0.001162
289730 0.003272
289740 0.001422
289750 0.003325
289760 -0.000155
289770 0.002461
289780 0.000713
289790 0.005198
289800 0.003631
289810 0.007218
289820 0.005932
289830 0.004576
289840 -0.000807
289850 0.001296
289860 0.005213
289870 0.001359
289880 0.001979
289890 0.005056
289900 0.007603
289910 0.004724
289920 0.009857
289930 0.004018
289940 0.002910
289950 0.000157
289960 0.008305
289970 0.006113
289980 0.002054
289990 0.001201
290000 0.005603
290010 -0.000301
290020 0.002699
290030 0.005348
290040 0.007332
290050 -0.000701
290060 0.000660
290070 0.006287
290080 0.003518
290090 0.001360
290100 0.003598
290110 -0.000217
290120 0.000020
290130 0.001241
290140 0.003158
290150 0.002698
290160 -0.000043
290170 0.003257
290180 0.014716
290190 0.004091
290200 0.005328
290210 0.007109
290220 0.004598
290230 0.008548
290240 0.000271
290250 0.001080
290260 0.003220
290270 0.004564
290280 0.002475
290290 0.006007
290300 0.003448
290310 0.005010
290320 -0.001286
290330 -0.001058
290340 0.004304
290350 0.008518
290360 0.005473
290370 -0.000932
290380 -0.000342
290390 0.002436
290400 0.001213
290410 -0.001129
290420 0.003225
290430 0.000366
290440 0.004877
290450 0.008323
290460 -0.000887
290470 -0.001079
290480 0.003489
290490 0.004025
290500 0.000448
290510 -0.002046
290520 0.003891
290530 0.000234
290540 0.003802
290550 0.002350
290560 -0.000546
290570 0.003257
290580 0.000281
290590 0.003103
290600 0.001097
290610 0.005626
290620 0.006918
290630 0.001061
290640 0.003529
290650 0.002285
290660 0.004772
290670 0.007141
290680 0.003678
290690 0.002426
290700 0.003038
290710 0.004139
290720 0.003234
290730 0.000674
290740 0.002888
290750 0.001670
290760 0.002490
290770 0.003978
290780 0.003086
290790 -0.001171
290800 -0.001404
290810 0.003785
290820 0.000530
290830 0.000393
290840 0.002066
290850 0.004408
290860 0.001824
290870 0.000144
290880 0.003470
290890 -0.000619
290900 0.001648
290910 0.015614
290920 13.937045
290930 0.002760
290940 0.004811
290950 0.000306
290960 0.006557
290970 0.000046
290980 0.001681
290990 0.010694
291000 0.002466
291010 0.004631
291020 0.009196
291030 0.002803
291040 -0.000324
291050 0.005049
291060 0.005044
291070 0.007697
291080 0.000843
291090 0.003759
291100 0.003849
291110 0.003674
291120 0.004153
291130 0.001236
291140 0.002138
291150 0.004036
291160 0.003409
291170 0.004340
291180 0.006247
291190 0.006337
291200 0.002167
291210 0.001043
291220 0.007829
291230 0.005020
291240 0.002575
291250 0.006014
291260 0.001818
291270 -0.000428
291280 -0.000841
291290 -0.005131
291300 0.002638
291310 -0.003798
291320 0.003136
291330 0.000597
291340 0.005757
291350 -0.002011
291360 0.005791
291370 0.004047
291380 0.002034
291390 -0.000463
291400 0.006843
291410 0.010301
291420 0.001569
291430 0.001869
291440 0.009214
291450 0.002527
291460 0.005357
291470 -0.002538
291480 0.001381
291490 0.001990
291500 0.008643
291510 0.003258
291520 0.015545
291530 0.002303
291540 0.001301
291550 0.008051
291560 0.003099
291570 0.000727
291580 0.005435
291590 0.003143
291600 0.007905
291610 -0.000042
291620 0.007369
291630 0.004422
291640 -0.002197
291650 0.002965
291660 0.000026
291670 0.000592
291680 0.004285
291690 0.001713
291700 0.001091
291710 0.005033
291720 0.003939
291730 0.005118
291740 0.003368
291750 0.006480
291760 0.001554
291770 0.002943
291780 0.003468
291790 0.005603
291800 0.005996
291810 0.001112
291820 0.010540
291830 0.001501
291840 -0.002327
291850 0.003540
291860 0.002875
291870 0.004680
291880 0.003559
291890 0.005178
291900 0.002604
291910 0.000606
291920 -0.000025
291930 0.003260
291940 0.004726
291950 0.002823
291960 0.001430
291970 0.002090
291980 0.005653
291990 0.003418
292000 -0.003757
292010 -0.000483
292020 0.003429
292030 13.944727
292040 0.004467
292050 -0.001568
292060 0.005540
292070 0.001185
292080 0.001786
292090 0.000445
292100 0.003381
292110 0.001902
292120 0.003074
292130 0.004174
292140 0.003808
292150 0.000749
292160 0.005692
292170 0.003387
292180 0.001438
292190 0.003872
292200 0.002657
292210 0.000843
292220 0.002912
292230 0.000042
292240 0.003472
292250 0.003110
292260 0.003620
292270 0.007329
292280 -0.000226
292290 0.001856
292300 0.001483
292310 0.002841
292320 0.002660
292330 0.003946
292340 0.004060
292350 -0.002544
292360 0.003165
292370 0.007113
292380 0.002744
292390 0.001921
292400 0.007172
292410 0.009440
292420 0.001618
292430 0.003361
292440 0.002622
292450 0.002985
292460 0.005191
292470 0.000697
292480 0.006566
292490 0.007311
292500 0.013870
292510 0.003691
292520 0.001672
292530 0.002813
292540 0.003280
292550 0.005185
292560 0.011775
292570 -0.000568
292580 0.005373
292590 0.000571
292600 0.004778
292610 0.005064
292620 0.015638
292630 0.002012
292640 0.002349
292650 0.005169
292660 0.005960
292670 0.001862
292680 0.002618
292690 13.954462
292700 0.001842
292710 0.005119
292720 0.006312
292730 0.005667
292740 0.005463
292750 0.004301
292760 0.003399
292770 0.004678
292780 0.002442
292790 0.002203
292800 0.008118
292810 0.001081
292820 0.001360
292830 0.001188
292840 0.000876
292850 -0.001331
292860 0.006042
292870 0.003237
292880 0.006727
292890 0.003495
292900 0.002926
292910 0.004957
292920 -0.000808
292930 0.001582
292940 0.003268
292950 0.000394
292960 0.011504
292970 0.002843
292980 0.010015
292990 0.006682
293000 0.013517
293010 0.010498
293020 0.007508
293030 0.012221
293040 0.010661
293050 0.005885
293060 0.004012
293070 0.002279
293080 0.003030
293090 0.000037
293100 0.009977
293110 0.006091
293120 0.002135
293130 0.000269
293140 0.002711
293150 0.004180
293160 -0.000476
293170 -0.000206
293180 -0.003917
293190 -0.001214
293200 0.003604
293210 0.002884
293220 0.000679
293230 0.005559
293240 0.007891
293250 0.003548
293260 0.004401
293270 0.002005
293280 0.005334
293290 0.006433
293300 -0.003595
293310 0.001041
293320 0.006054
293330 0.014787
293340 0.008229
293350 0.006911
293360 0.001788
293370 0.005841
293380 -0.000688
293390 0.009302
293400 0.008715
293410 0.003878
293420 -0.001751
293430 0.001773
293440 -0.000515
293450 -0.001210
293460 0.002667
293470 0.003828
293480 0.000803
293490 0.002842
293500 0.003749
293510 -0.000642
293520 0.003901
293530 0.003738
293540 0.001201
293550 0.001087
293560 0.005575
293570 0.005306
293580 0.001919
293590 0.003811
293600 0.010172
293610 0.006087
293620 0.003950
293630 0.000621
293640 0.003995
293650 0.004079
293660 0.001857
293670 0.002172
293680 0.007067
293690 0.008551
293700 0.000364
293710 -0.001272
293720 0.002892
293730 0.004228
293740 0.005736
293750 0.003069
293760 0.002555
293770 -0.000606
293780 0.004340
293790 0.009377
293800 0.000686
293810 0.001599
293820 0.001354
293830 0.002040
293840 0.002688
293850 0.008201
293860 0.005561
293870 0.006775
293880 0.004936
293890 -0.002168
293900 0.009166
293910 0.005620
293920 0.003130
293930 0.005360
293940 0.002767
293950 0.001289
293960 0.006187
293970 0.008364
293980 0.002143
293990 0.006099
294000 0.003707
294010 0.003072
294020 0.001147
294030 -0.001067
294040 0.004189
294050 0.004279
294060 0.005063
294070 0.004709
294080 0.007387
294090 0.005222
294100 0.003859
294110 0.000246
294120 0.002109
294130 -0.002336
294140 0.001996
294150 -0.001014
294160 0.003490
294170 0.001658
294180 0.003009
294190 0.001272
294200 0.007502
294210 0.000937
294220 0.003960
294230 0.003478
294240 0.005023
294250 0.001177
294260 0.003627
294270 0.005875
294280 0.002063
294290 0.006512
294300 0.003783
294310 -0.000695
294320 0.013869
294330 0.013242
294340 0.004703
294350 0.008025
294360 0.007133
294370 0.003107
294380 0.007545
294390 0.010364
294400 0.003718
294410 0.001390
294420 0.006353
294430 0.004578
294440 0.000959
294450 0.004136
294460 0.005536
294470 0.006273
294480 0.005400
294490 0.006105
294500 -0.000498
294510 0.007023
294520 0.000530
294530 0.002271
294540 0.003316
294550 0.002104
294560 0.005092
294570 0.006081
294580 0.007444
294590 0.005858
294600 0.005298
294610 0.002612
294620 0.003439
294630 0.003526
294640 0.003427
294650 0.003170
294660 0.006689
294670 0.005222
294680 0.003311
294690 0.004284
294700 0.005956
294710 0.007432
294720 -0.000938
294730 -0.000446
294740 0.007026
294750 0.005059
294760 0.007362
294770 0.002443
294780 0.005528
294790 0.008213
294800 0.005382
294810 0.001422
294820 0.005915
294830 0.002645
294840 0.005906
294850 0.008982
294860 0.007180
294870 0.004188
294880 0.001969
294890 0.003899
294900 0.003027
294910 0.009154
294920 0.002529
294930 0.004322
294940 0.005425
294950 0.003033
294960 0.004438
294970 0.005805
294980 0.003863
294990 0.008986
295000 0.003993
295010 0.000796
295020 0.004092
295030 0.003930
295040 0.006081
295050 0.002327
295060 0.004264
295070 0.009593
295080 0.002734
295090 0.006445
295100 0.002464
295110 0.003728
295120 0.006142
295130 0.003447
295140 0.014457
295150 0.004002
295160 0.002605
295170 0.002659
295180 -0.001733
295190 0.002656
295200 -0.000772
295210 -0.003628
295220 0.001531
295230 -0.001265
295240 0.002194
295250 0.002420
295260 0.001341
295270 0.001490
295280 0.008044
295290 0.004682
295300 0.001817
295310 0.003851
295320 0.005136
295330 0.003433
295340 0.001060
295350 -0.000421
295360 0.013246
295370 0.005560
295380 0.004813
295390 0.004036
295400 -0.003071
295410 0.009762
295420 0.003840
295430 0.002092
295440 0.001957
295450 0.010253
295460 0.001847
295470 0.003307
295480 0.000879
295490 0.003672
295500 0.007799
295510 0.002354
295520 0.004010
295530 0.008228
295540 0.010319
295550 0.003270
295560 -0.002454
295570 0.006667
295580 0.001953
295590 0.006453
295600 0.007501
295610 0.005485
295620 0.002505
295630 0.005630
295640 0.003529
295650 0.004388
295660 -0.002462
295670 0.005626
295680 -0.000758
295690 0.002465
295700 0.002675
295710 0.006397
295720 0.001644
295730 0.004260
295740 0.003260
295750 0.004925
295760 0.012522
295770 0.003212
295780 0.002861
295790 0.009983
295800 0.001413
295810 0.002273
295820 0.005414
295830 0.002289
295840 0.002966
295850 0.002744
295860 0.000064
295870 0.000198
295880 0.005268
295890 0.003971
295900 0.003816
295910 0.001096
295920 -0.000240
295930 0.004249
295940 0.003372
295950 0.003197
295960 0.003590
295970 0.000772
295980 0.004768
295990 0.001683
296000 0.003802
296010 0.004223
296020 0.003407
296030 0.003260
296040 0.004506
296050 0.004632
296060 0.003418
296070 0.005443
296080 -0.000195
296090 -0.000781
296100 0.015555
296110 0.000342
296120 0.002672
296130 0.004409
296140 13.949929
296150 0.003444
296160 0.004334
296170 0.005469
296180 0.006457
296190 0.002239
296200 0.005930
296210 0.006140
296220 0.003847
296230 -0.001032
296240 0.002931
296250 0.007406
296260 0.003064
296270 0.005721
296280 0.011318
296290 0.004627
296300 0.002295
296310 0.004244
296320 0.000848
296330 0.004524
296340 0.003572
296350 0.005922
296360 0.002096
296370 0.001353
296380 0.003405
296390 0.000892
296400 0.001890
296410 0.012724
296420 0.001019
296430 0.004779
296440 0.003992
296450 0.003115
296460 0.002684
296470 0.003719
296480 0.005415
296490 0.001790
296500 0.001891
296510 0.004699
296520 0.001767
296530 0.002654
296540 -0.001973
296550 -0.002004
296560 0.001720
296570 0.000439
296580 0.002757
296590 0.002760
296600 0.001162
296610 0.002167
296620 0.000451
296630 0.001253
296640 0.015042
296650 -0.004198
296660 0.000914
296670 0.002219
296680 0.004483
296690 0.008248
296700 0.004799
296710 0.003897
296720 0.005635
296730 0.001441
296740 0.004268
296750 0.001939
296760 0.001279
296770 0.001946
296780 0.005795
296790 0.002365
296800 0.004275
296810 0.006971
296820 0.006131
296830 0.001514
296840 0.004756
296850 0.003308
296860 0.006972
296870 0.003015
296880 0.004139
296890 0.004164
296900 0.004887
296910 -0.000357
296920 0.002496
296930 0.004459
296940 -0.002595
296950 0.011663
296960 0.002085
296970 0.003494
296980 0.000747
296990 0.001526
297000 0.002790
297010 0.010626
297020 0.011951
297030 0.006062
297040 -0.000917
297050 0.006978
297060 0.008240
297070 0.007737
297080 0.003326
297090 0.007432
297100 0.005145
297110 -0.000056
297120 0.003416
297130 0.003168
297140 -0.002595
297150 0.002120
297160 0.007290
297170 0.006739
297180 0.002446
297190 13.950258
297200 0.003727
297210 0.007297
297220 0.005554
297230 0.001555
297240 0.001488
297250 0.013004
297260 0.006350
297270 0.007495
297280 0.004667
297290 0.002235
297300 0.003136
297310 0.006465
297320 0.000655
297330 0.007342
297340 0.001569
297350 0.007723
297360 0.002145
297370 0.006840
297380 0.001173
297390 0.003509
297400 0.000840
297410 13.929933
297420 0.000941
297430 -0.000558
297440 0.002620
297450 0.008456
297460 0.007068
297470 0.002296
297480 0.005469
297490 -0.000059
297500 -0.002493
297510 0.019118
297520 0.002135
297530 0.014062
297540 0.004625
297550 0.001811
297560 0.004023
297570 0.006481
297580 0.000486
297590 -0.000170
297600 0.003876
297610 0.002954
297620 0.002943
297630 0.013016
297640 0.002661
297650 0.003010
297660 0.003695
297670 0.004208
297680 0.000975
297690 0.001642
297700 0.001754
297710 0.001669
297720 -0.000465
297730 0.003476
297740 0.000713
297750 -0.000969
297760 0.006288
297770 0.004920
297780 0.001207
297790 0.001400
297800 0.010796
297810 0.016845
297820 -0.000126
297830 0.007199
297840 0.003031
297850 0.000409
297860 0.002568
297870 0.003369
297880 0.001351
297890 0.005224
297900 0.007226
297910 0.001692
297920 0.003241
297930 0.009058
297940 0.007456
297950 0.001054
297960 -0.004207
297970 0.002483
297980 0.007996
297990 0.002236
298000 0.003763
298010 0.003565
298020 0.004401
298030 0.000209
298040 0.003042
298050 0.004084
298060 0.002841
298070 0.001031
298080 0.003224
298090 0.002290
298100 0.001574
298110 0.004385
298120 0.001905
298130 0.002947
298140 0.002510
298150 0.002542
298160 0.001708
298170 -0.002700
298180 0.001828
298190 0.002852
298200 -0.000729
298210 0.001373
298220 -0.000404
298230 0.004105
298240 0.003379
298250 0.003090
298260 0.001371
298270 0.002095
298280 0.001205
298290 -0.000568
298300 0.005193
298310 0.001619
298320 0.004258
298330 0.000487
298340 -0.002330
298350 0.002056
298360 0.005846
298370 0.005626
298380 0.005899
298390 0.002400
298400 0.001366
298410 0.003817
298420 0.013528
298430 0.004541
298440 0.003760
298450 13.958508
298460 0.002318
298470 0.003096
298480 -0.001312
298490 0.001020
298500 0.001196
298510 0.003710
298520 0.002665
298530 0.001301
298540 0.011521
298550 0.004256
298560 -0.000828
298570 0.003622
298580 -0.004143
298590 -0.000848
298600 0.003091
298610 -0.003596
298620 0.002395
298630 0.000229
298640 0.001216
298650 0.001348
298660 0.003139
298670 0.002168
298680 0.005020
298690 0.002247
298700 0.002855
298710 0.003294
298720 0.007853
298730 0.000716
298740 0.000668
298750 0.007939
298760 0.001947
298770 0.004518
298780 0.001323
298790 0.002308
298800 0.009022
298810 0.009487
298820 0.003131
298830 0.002691
298840 0.003212
298850 0.001093
298860 0.002705
298870 0.002276
298880 0.002568
298890 -0.000199
298900 0.004268
298910 0.005172
298920 0.006391
298930 0.010274
298940 -0.000545
298950 -0.000492
298960 0.007208
298970 0.002360
298980 0.004107
298990 0.007663
299000 0.001915
299010 0.001424
299020 -0.000660
299030 0.006955
299040 0.002663
299050 0.000701
299060 0.001946
299070 0.007834
299080 0.001043
299090 0.003872
299100 0.005745
299110 0.008948
299120 0.000412
299130 0.007089
299140 0.001846
299150 0.002690
299160 0.000125
299170 0.005419
299180 0.004563
299190 0.004581
299200 0.002233
299210 0.008251
299220 0.002708
299230 0.009488
299240 0.002942
299250 0.002087
299260 -0.000218
299270 0.002025
299280 0.005321
299290 0.002206
299300 0.002847
299310 0.012097
299320 0.003906
299330 0.001518
299340 0.000490
299350 0.005954
299360 0.001508
299370 0.003644
299380 0.002577
299390 0.007317
299400 0.009477
299410 0.006541
299420 -0.001030
299430 0.004718
299440 0.004640
299450 0.006112
299460 0.002929
299470 0.005727
299480 0.007527
299490 13.947355
299500 0.001140
299510 0.010080
299520 -0.001214
299530 0.004443
299540 0.003429
299550 0.006873
299560 -0.004286
299570 0.002839
299580 0.006909
299590 0.012871
299600 0.010947
299610 0.003459
299620 0.006000
299630 0.010076
299640 0.002102
299650 0.006784
299660 -0.000058
299670 0.004149
299680 0.003837
299690 0.005484
299700 0.005976
299710 0.000591
299720 0.005583
299730 0.005440
299740 0.019276
299750 0.005233
299760 0.001759
299770 0.001592
299780 0.002758
299790 0.001414
299800 -0.006214
299810 0.005092
299820 0.005005
299830 0.004022
299840 0.004040
299850 0.002166
299860 0.004831
299870 0.002185
299880 0.001618
299890 0.013413
299900 0.006330
299910 0.002577
299920 0.005122
299930 0.011227
299940 0.004981
299950 0.005683
299960 0.004760
299970 0.004796
299980 0.003408
299990 0.003578
