188 -0.008644
297 -0.005600
303 -0.005467
312 -0.005424
318 -0.005139
333 -0.005108
368 -0.004550
373 -0.004465
393 -0.004283
395 -0.004267
397 -0.004303
399 -0.004226
406 -0.004170
407 -0.004192
410 -0.004138
412 -0.004164
414 -0.004082
418 -0.004104
431 -0.004086
432 -0.003993
435 -0.003928
439 -0.003863
442 -0.003970
450 -0.003813
464 -0.003756
477 -0.003674
493 -0.003623
501 -0.003468
510 -0.003342
511 -0.003404
512 -0.003432
516 -0.003438
520 -0.003306
530 -0.003264
531 -0.003326
534 -0.003337
535 -0.003312
538 -0.003284
545 -0.003232
548 -0.003240
551 -0.003213
554 -0.003209
563 -0.003184
574 -0.003192
575 -0.003111
576 -0.003116
577 -0.003115
580 -0.003134
586 -0.003042
594 -0.003080
603 -0.002988
620 -0.002926
634 -0.002846
637 -0.002825
640 -0.002756
641 -0.002833
642 -0.002824
654 -0.002816
655 -0.002771
662 -0.002747
663 -0.002746
664 -0.002743
665 -0.002744
667 -0.002725
668 -0.002749
677 -0.002645
693 -0.002579
697 -0.002583
698 -0.002615
699 -0.002631
708 -0.002583
716 -0.002651
718 -0.002565
719 -0.002559
722 -0.002570
725 -0.002547
728 -0.002564
729 -0.002544
734 -0.002540
737 -0.002459
738 -0.002523
739 -0.002516
741 -0.002506
743 -0.002522
744 -0.002507
745 -0.002508
746 -0.002509
754 -0.002444
755 -0.002492
756 -0.002489
760 -0.002489
762 -0.002474
765 -0.002496
768 -0.002435
769 -0.002512
773 -0.002425
776 -0.002485
779 -0.002455
782 -0.002396
786 -0.002425
790 -0.002397
793 -0.002365
795 -0.002408
801 -0.002375
807 -0.002319
808 -0.002340
811 -0.002301
819 -0.002331
820 -0.002328
827 -0.002304
830 -0.002330
833 -0.002300
835 -0.002260
837 -0.002289
838 -0.002288
839 -0.002284
840 -0.002290
841 -0.002289
842 -0.002289
843 -0.002289
847 -0.002294
848 -0.002264
849 -0.002280
854 -0.002281
860 -0.002243
861 -0.002252
862 -0.002252
863 -0.002252
867 -0.002239
880 -0.002183
882 -0.002222
883 -0.002203
884 -0.002207
885 -0.002205
894 -0.002155
897 -0.002136
900 -0.002179
902 -0.002169
905 -0.002135
907 -0.002183
908 -0.002153
909 -0.002154
910 -0.002157
911 -0.002157
912 -0.002159
917 -0.002114
928 -0.002151
929 -0.002122
930 -0.002121
931 -0.002120
932 -0.002120
933 -0.002120
942 -0.002084
944 -0.002082
945 -0.002102
948 -0.002113
950 -0.002128
953 -0.002078
954 -0.002084
957 -0.002115
959 -0.002034
962 -0.002057
966 -0.002082
967 -0.002061
969 -0.002044
974 -0.002073
979 -0.002086
982 -0.002016
983 -0.002024
985 -0.001984
987 -0.002041
989 -0.002008
991 -0.002010
993 -0.002025
996 -0.002003
998 -0.001986
999 -0.002013
1003 -0.002056
1008 -0.002015
1010 -0.001983
1014 -0.001985
1015 -0.001990
1018 -0.002003
1024 -0.001963
1026 -0.001973
1031 -0.001976
1034 -0.001950
1036 -0.001940
1042 -0.001952
1043 -0.001945
1047 -0.001948
1048 -0.001937
1049 -0.001935
1050 -0.001936
1051 -0.001936
1055 -0.001932
1058 -0.001926
1060 -0.001958
1074 -0.001933
1078 -0.001895
1080 -0.001930
1081 -0.001890
1083 -0.001884
1086 -0.001901
1089 -0.001835
1091 -0.001879
1095 -0.001873
1106 -0.001857
1109 -0.001849
1110 -0.001836
1111 -0.001842
1117 -0.001792
1119 -0.001851
1121 -0.001814
1122 -0.001827
1129 -0.001779
1130 -0.001814
1131 -0.001816
1134 -0.001826
1135 -0.001813
1137 -0.001807
1139 -0.001815
1140 -0.001804
1141 -0.001808
1142 -0.001808
1143 -0.001808
1146 -0.001835
1147 -0.001807
1149 -0.001794
1151 -0.001787
1154 -0.001810
1156 -0.001820
1158 -0.001787
1160 -0.001782
1162 -0.001793
1168 -0.001758
1171 -0.001751
1172 -0.001778
1174 -0.001787
1176 -0.001788
1179 -0.001785
1182 -0.001781
1183 -0.001763
1185 -0.001764
1187 -0.001766
1188 -0.001760
1190 -0.001726
1194 -0.001729
1195 -0.001754
1199 -0.001741
1200 -0.001758
1201 -0.001752
1202 -0.001747
1206 -0.001754
1208 -0.001757
1209 -0.001740
1211 -0.001739
1212 -0.001737
1213 -0.001739
1217 -0.001722
1218 -0.001727
1221 -0.001702
1224 -0.001737
1225 -0.001726
1227 -0.001741
1229 -0.001707
1231 -0.001693
1233 -0.001727
1239 -0.001712
1240 -0.001705
1242 -0.001702
1245 -0.001704
1249 -0.001711
1250 -0.001703
1251 -0.001700
1252 -0.001699
1253 -0.001700
1255 -0.001707
1256 -0.001695
1258 -0.001658
1259 -0.001696
1260 -0.001696
1261 -0.001695
1263 -0.001681
1264 -0.001694
1269 -0.001688
1281 -0.001648
1282 -0.001667
1285 -0.001668
1286 -0.001662
1288 -0.001658
1289 -0.001656
1291 -0.001671
1292 -0.001659
1298 -0.001652
1303 -0.001662
1304 -0.001648
1307 -0.001655
1308 -0.001643
1309 -0.001643
1310 -0.001644
1311 -0.001645
1313 -0.001628
1314 -0.001644
1315 -0.001644
1316 -0.001643
1319 -0.001645
1322 -0.001642
1323 -0.001639
1327 -0.001624
1328 -0.001635
1331 -0.001634
1334 -0.001643
1336 -0.001636
1339 -0.001590
1341 -0.001623
1342 -0.001622
1344 -0.001610
1347 -0.001589
1348 -0.001617
1349 -0.001614
1351 -0.001614
1353 -0.001601
1358 -0.001578
1361 -0.001601
1363 -0.001592
1371 -0.001593
1372 -0.001592
1373 -0.001590
1375 -0.001582
1376 -0.001585
1377 -0.001588
1380 -0.001575
1382 -0.001595
1385 -0.001599
1391 -0.001566
1394 -0.001540
1395 -0.001580
1396 -0.001573
1397 -0.001570
1399 -0.001574
1400 -0.001568
1401 -0.001568
1402 -0.001569
1403 -0.001569
1404 -0.001569
1405 -0.001569
1406 -0.001569
1407 -0.001569
1410 -0.001569
1411 -0.001570
1416 -0.001550
1417 -0.001561
1418 -0.001560
1419 -0.001560
1420 -0.001560
1422 -0.001568
1423 -0.001555
1424 -0.001558
1426 -0.001576
1428 -0.001562
1431 -0.001493
1434 -0.001555
1438 -0.001545
1439 -0.001546
1440 -0.001545
1442 -0.001557
1448 -0.001574
1449 -0.001538
1450 -0.001536
1453 -0.001539
1454 -0.001535
1455 -0.001534
1457 -0.001518
1460 -0.001532
1462 -0.001548
1467 -0.001509
1468 -0.001531
1472 -0.001506
1473 -0.001515
1474 -0.001519
1477 -0.001569
1478 -0.001516
1479 -0.001516
1481 -0.001531
1483 -0.001538
1485 -0.001532
1488 -0.001520
1489 -0.001507
1491 -0.001498
1493 -0.001503
1495 -0.001504
1496 -0.001508
1499 -0.001509
1502 -0.001508
1504 -0.001522
1507 -0.001528
1508 -0.001495
1510 -0.001488
1511 -0.001494
1514 -0.001499
1517 -0.001475
1520 -0.001522
1525 -0.001484
1526 -0.001481
1528 -0.001481
1530 -0.001489
1531 -0.001481
1533 -0.001480
1541 -0.001494
1542 -0.001466
1543 -0.001468
1552 -0.001435
1554 -0.001453
1556 -0.001451
1557 -0.001454
1560 -0.001456
1561 -0.001456
1563 -0.001458
1565 -0.001454
1568 -0.001458
1570 -0.001449
1572 -0.001439
1574 -0.001422
1575 -0.001452
1577 -0.001441
1578 -0.001439
1579 -0.001441
1581 -0.001447
1582 -0.001440
1583 -0.001443
1584 -0.001441
1589 -0.001444
1592 -0.001417
1593 -0.001439
1597 -0.001434
1599 -0.001421
1601 -0.001421
1604 -0.001454
1606 -0.001429
1609 -0.001422
1611 -0.001421
1612 -0.001420
1613 -0.001421
1614 -0.001421
1615 -0.001421
1616 -0.001421
1617 -0.001421
1618 -0.001421
1620 -0.001413
1621 -0.001419
1625 -0.001410
1627 -0.001422
1630 -0.001407
1631 -0.001412
1636 -0.001403
1639 -0.001383
1640 -0.001407
1641 -0.001404
1642 -0.001406
1644 -0.001420
1647 -0.001393
1649 -0.001412
1650 -0.001397
1655 -0.001410
1656 -0.001396
1657 -0.001397
1661 -0.001398
1665 -0.001386
1666 -0.001390
1671 -0.001394
1672 -0.001385
1675 -0.001392
1678 -0.001418
1679 -0.001382
1680 -0.001381
1682 -0.001388
1683 -0.001375
1686 -0.001384
1687 -0.001371
1690 -0.001381
1693 -0.001403
1696 -0.001366
1699 -0.001358
1700 -0.001369
1702 -0.001351
1703 -0.001366
1704 -0.001366
1705 -0.001366
1711 -0.001363
1713 -0.001356
1714 -0.001373
1715 -0.001354
1716 -0.001358
1717 -0.001359
1723 -0.001352
1724 -0.001352
1725 -0.001355
1728 -0.001353
1729 -0.001349
1730 -0.001349
1731 -0.001352
1732 -0.001352
1733 -0.001352
1734 -0.001352
1736 -0.001358
1737 -0.001350
1739 -0.001340
1741 -0.001361
1742 -0.001352
1743 -0.001349
1745 -0.001347
1746 -0.001341
1749 -0.001335
1752 -0.001344
1753 -0.001346
1756 -0.001340
1757 -0.001343
1758 -0.001341
1763 -0.001333
1766 -0.001320
1767 -0.001327
1768 -0.001331
1771 -0.001326
1772 -0.001337
1773 -0.001334
1774 -0.001332
1775 -0.001332
1776 -0.001332
1780 -0.001316
1785 -0.001324
1787 -0.001315
1788 -0.001335
1792 -0.001331
1793 -0.001318
1794 -0.001320
1795 -0.001320
1796 -0.001320
1797 -0.001321
1798 -0.001321
1799 -0.001321
1801 -0.001320
1804 -0.001324
1805 -0.001318
1808 -0.001312
1812 -0.001338
1813 -0.001311
1814 -0.001313
1815 -0.001313
1816 -0.001313
1820 -0.001324
1821 -0.001305
1827 -0.001301
1829 -0.001278
1830 -0.001302
1834 -0.001277
1835 -0.001299
1838 -0.001330
1839 -0.001297
1840 -0.001298
1841 -0.001298
1842 -0.001298
1843 -0.001298
1845 -0.001309
1847 -0.001317
1850 -0.001321
1851 -0.001296
1852 -0.001295
1853 -0.001294
1854 -0.001294
1858 -0.001293
1860 -0.001297
1861 -0.001289
1862 -0.001291
1863 -0.001291
1865 -0.001290
1866 -0.001288
1868 -0.001280
1870 -0.001287
1877 -0.001263
1880 -0.001293
1882 -0.001276
1884 -0.001278
1885 -0.001277
1886 -0.001279
1887 -0.001277
1888 -0.001277
1890 -0.001273
1893 -0.001307
1894 -0.001269
1895 -0.001275
1899 -0.001272
1902 -0.001272
1903 -0.001270
1905 -0.001252
1906 -0.001274
1907 -0.001266
1908 -0.001269
1909 -0.001269
1911 -0.001263
1914 -0.001261
1915 -0.001266
1916 -0.001266
1918 -0.001294
1919 -0.001265
1922 -0.001268
1924 -0.001253
1925 -0.001262
1926 -0.001262
1927 -0.001262
1929 -0.001252
1930 -0.001260
1931 -0.001261
1934 -0.001256
1935 -0.001260
1937 -0.001243
1940 -0.001238
1942 -0.001252
1944 -0.001254
1945 -0.001254
1946 -0.001254
1947 -0.001254
1949 -0.001255
1953 -0.001255
1954 -0.001255
1956 -0.001255
1957 -0.001251
1960 -0.001236
1961 -0.001249
1962 -0.001248
1966 -0.001244
1967 -0.001246
1968 -0.001245
1969 -0.001245
1970 -0.001245
1972 -0.001254
1975 -0.001240
1977 -0.001262
1979 -0.001234
1984 -0.001207
1986 -0.001237
1990 -0.001254
1992 -0.001234
1993 -0.001231
1995 -0.001221
1997 -0.001208
2000 -0.001228
2004 -0.001231
2005 -0.001222
2007 -0.001216
2010 -0.001237
2012 -0.001216
2013 -0.001224
2014 -0.001224
2016 -0.001218
2019 -0.001212
2022 -0.001210
2025 -0.001205
2026 -0.001217
2027 -0.001215
2028 -0.001216
2029 -0.001216
2030 -0.001216
2032 -0.001220
2036 -0.001206
2039 -0.001210
2040 -0.001208
2041 -0.001210
2042 -0.001211
2043 -0.001210
2045 -0.001187
2046 -0.001211
2047 -0.001211
2048 -0.001210
2049 -0.001210
2050 -0.001210
2051 -0.001210
2052 -0.001210
2059 -0.001231
2060 -0.001211
2062 -0.001211
2065 -0.001192
2067 -0.001202
2070 -0.001195
2071 -0.001201
2072 -0.001199
2075 -0.001205
2076 -0.001196
2077 -0.001198
2079 -0.001230
2081 -0.001210
2083 -0.001198
2084 -0.001198
2088 -0.001189
2089 -0.001199
2090 -0.001193
2093 -0.001228
2094 -0.001192
2095 -0.001191
2096 -0.001191
2097 -0.001191
2098 -0.001191
2099 -0.001191
2101 -0.001202
2103 -0.001165
2104 -0.001186
2105 -0.001189
2106 -0.001190
2108 -0.001157
2109 -0.001184
2110 -0.001187
2111 -0.001188
2114 -0.001181
2116 -0.001188
2117 -0.001184
2119 -0.001181
2121 -0.001203
2126 -0.001206
2128 -0.001184
2129 -0.001182
2136 -0.001215
2137 -0.001175
2144 -0.001198
2145 -0.001166
2148 -0.001155
2149 -0.001153
2150 -0.001169
2152 -0.001155
2153 -0.001167
2154 -0.001167
2156 -0.001150
2157 -0.001161
2158 -0.001167
2160 -0.001155
2162 -0.001161
2163 -0.001164
2164 -0.001169
2166 -0.001170
2167 -0.001158
2169 -0.001153
2170 -0.001170
2171 -0.001164
2172 -0.001164
2173 -0.001164
2176 -0.001163
2178 -0.001141
2179 -0.001161
2180 -0.001161
2181 -0.001161
2182 -0.001161
2183 -0.001161
2186 -0.001147
2188 -0.001139
2191 -0.001160
2192 -0.001158
2193 -0.001156
2194 -0.001157
2195 -0.001157
2196 -0.001157
2198 -0.001152
2199 -0.001153
2200 -0.001157
2202 -0.001154
2203 -0.001153
2204 -0.001154
2205 -0.001156
2206 -0.001155
2207 -0.001156
2209 -0.001174
2210 -0.001153
2211 -0.001153
2212 -0.001155
2213 -0.001155
2214 -0.001155
2220 -0.001153
2221 -0.001154
2223 -0.001140
2224 -0.001144
2226 -0.001132
2228 -0.001146
2229 -0.001150
2230 -0.001148
2231 -0.001149
2233 -0.001138
2237 -0.001132
2241 -0.001138
2242 -0.001146
2245 -0.001149
2247 -0.001150
2249 -0.001146
2251 -0.001142
2252 -0.001145
2253 -0.001139
2256 -0.001137
2260 -0.001136
2261 -0.001131
2263 -0.001130
2265 -0.001138
2267 -0.001128
2268 -0.001131
2270 -0.001140
2271 -0.001132
2272 -0.001132
2273 -0.001132
2274 -0.001132
2275 -0.001132
2277 -0.001131
2278 -0.001129
2280 -0.001137
2281 -0.001129
2285 -0.001140
2286 -0.001128
2287 -0.001129
2288 -0.001128
2289 -0.001128
2290 -0.001128
2291 -0.001128
2294 -0.001107
2295 -0.001121
2297 -0.001137
2299 -0.001124
2302 -0.001116
2304 -0.001131
2306 -0.001121
2309 -0.001106
2310 -0.001119
2312 -0.001116
2314 -0.001125
2316 -0.001125
2318 -0.001123
2320 -0.001130
2322 -0.001103
2324 -0.001101
2327 -0.001129
2328 -0.001117
2329 -0.001114
2330 -0.001114
2331 -0.001114
2333 -0.001103
2335 -0.001111
2336 -0.001114
2337 -0.001112
2338 -0.001113
2344 -0.001131
2345 -0.001100
2346 -0.001108
2347 -0.001110
2348 -0.001108
2350 -0.001082
2355 -0.001101
2356 -0.001104
2358 -0.001087
2359 -0.001099
2360 -0.001104
2363 -0.001093
2364 -0.001102
2367 -0.001099
2368 -0.001101
2371 -0.001070
2372 -0.001102
2375 -0.001103
2378 -0.001107
2380 -0.001100
2383 -0.001118
2384 -0.001096
2389 -0.001097
2390 -0.001089
2391 -0.001093
2392 -0.001092
2393 -0.001092
2394 -0.001092
2397 -0.001092
2399 -0.001104
2400 -0.001091
2401 -0.001090
2402 -0.001090
2404 -0.001094
2407 -0.001099
2410 -0.001088
2412 -0.001090
2416 -0.001095
2418 -0.001081
2419 -0.001084
2422 -0.001094
2423 -0.001084
2424 -0.001081
2425 -0.001082
2428 -0.001097
2429 -0.001080
2430 -0.001080
2431 -0.001080
2432 -0.001080
2433 -0.001080
2435 -0.001078
2437 -0.001088
2438 -0.001078
2439 -0.001078
2440 -0.001079
2442 -0.001078
2443 -0.001079
2444 -0.001078
2445 -0.001078
2446 -0.001078
2449 -0.001060
2452 -0.001105
2454 -0.001075
2455 -0.001075
2456 -0.001075
2457 -0.001075
2458 -0.001075
2459 -0.001075
2463 -0.001088
2465 -0.001049
2469 -0.001071
2473 -0.001061
2475 -0.001062
2476 -0.001064
2477 -0.001066
2478 -0.001067
2483 -0.001072
2485 -0.001071
2486 -0.001058
2488 -0.001064
2491 -0.001060
2492 -0.001071
2493 -0.001063
2495 -0.001070
2496 -0.001061
2498 -0.001061
2499 -0.001060
2500 -0.001060
2502 -0.001075
2503 -0.001059
2505 -0.001053
2509 -0.001052
2510 -0.001060
2511 -0.001057
2512 -0.001057
2514 -0.001038
2517 -0.001066
2518 -0.001053
2519 -0.001056
2520 -0.001055
2521 -0.001055
2523 -0.001028
2524 -0.001058
2525 -0.001056
2526 -0.001054
2528 -0.001061
2529 -0.001054
2531 -0.001057
2533 -0.001062
2534 -0.001053
2536 -0.001050
2537 -0.001053
2538 -0.001052
2540 -0.001050
2541 -0.001054
2542 -0.001050
2543 -0.001053
2546 -0.001043
2547 -0.001055
2549 -0.001043
2554 -0.001039
2556 -0.001045
2558 -0.001043
2559 -0.001046
2560 -0.001046
2562 -0.001047
2565 -0.001031
2567 -0.001047
2569 -0.001045
2573 -0.001053
2574 -0.001034
2575 -0.001042
2577 -0.001026
2584 -0.001050
2587 -0.001041
2588 -0.001033
2589 -0.001035
2590 -0.001034
2591 -0.001035
2592 -0.001034
2594 -0.001034
2595 -0.001033
2596 -0.001035
2598 -0.001030
2599 -0.001033
2600 -0.001031
2601 -0.001033
2604 -0.001044
2605 -0.001034
2607 -0.001034
2608 -0.001031
2610 -0.001019
2611 -0.001031
2613 -0.001031
2615 -0.001025
2618 -0.001018
2619 -0.001029
2620 -0.001030
2622 -0.001032
2623 -0.001026
2626 -0.001031
2628 -0.001028
2629 -0.001024
2632 -0.001024
2633 -0.001025
2634 -0.001024
2635 -0.001024
2636 -0.001024
2637 -0.001024
2638 -0.001024
2639 -0.001024
2640 -0.001024
2642 -0.001049
2643 -0.001021
2644 -0.001024
2647 -0.001038
2649 -0.001032
2651 -0.001001
2652 -0.001021
2653 -0.001021
2654 -0.001021
2655 -0.001021
2657 -0.001005
2658 -0.001022
2661 -0.001028
2662 -0.001019
2663 -0.001019
2666 -0.001020
2668 -0.001007
2669 -0.001015
2672 -0.001018
2674 -0.001008
2676 -0.001006
2677 -0.001010
2678 -0.001014
2681 -0.001008
2682 -0.001016
2683 -0.001013
2684 -0.001014
2687 -0.001001
2689 -0.001000
2690 -0.001012
2692 -0.001005
2693 -0.001013
2694 -0.001011
2696 -0.001010
2698 -0.001024
2702 -0.001021
2703 -0.001009
2704 -0.001007
2706 -0.001003
2710 -0.000995
2711 -0.001010
2712 -0.001005
2713 -0.001006
2718 -0.001005
2720 -0.001001
2721 -0.000999
2723 -0.001003
2724 -0.001001
2730 -0.000999
2732 -0.001003
2735 -0.001006
2739 -0.000994
2741 -0.000999
2742 -0.000997
2743 -0.000995
2745 -0.001001
2746 -0.000993
2747 -0.000993
2749 -0.000979
2752 -0.001003
2753 -0.000993
2754 -0.000993
2755 -0.000993
2757 -0.000991
2758 -0.000987
2759 -0.000993
2762 -0.000981
2763 -0.000978
2764 -0.000994
2765 -0.000991
2768 -0.000982
2769 -0.000982
2770 -0.000989
2771 -0.000990
2773 -0.000993
2775 -0.000977
2776 -0.000986
2777 -0.000988
2778 -0.000988
2780 -0.000982
2781 -0.000994
2783 -0.001002
2785 -0.000979
2786 -0.000987
2787 -0.000985
2790 -0.000948
2791 -0.000969
2794 -0.000987
2796 -0.000978
2797 -0.000986
2801 -0.000975
2804 -0.000992
2805 -0.000981
2806 -0.000981
2808 -0.000979
2809 -0.000981
2811 -0.000992
2812 -0.000981
2813 -0.000980
2815 -0.000970
2816 -0.000981
2819 -0.000994
2821 -0.000979
2822 -0.000980
2823 -0.000978
2826 -0.000996
2828 -0.000987
2830 -0.000977
2831 -0.000970
2832 -0.000973
2837 -0.000981
2838 -0.000972
2839 -0.000974
2840 -0.000972
2841 -0.000973
2842 -0.000973
2843 -0.000973
2844 -0.000973
2845 -0.000973
2846 -0.000973
2847 -0.000973
2851 -0.000992
2854 -0.000982
2855 -0.000970
2856 -0.000970
2861 -0.000960
2864 -0.000968
2865 -0.000965
2866 -0.000967
2869 -0.000954
2871 -0.000962
2873 -0.000970
2876 -0.000940
2878 -0.000954
2879 -0.000966
2880 -0.000963
2881 -0.000963
2883 -0.000975
2884 -0.000963
2886 -0.000968
2887 -0.000964
2888 -0.000962
2889 -0.000961
2890 -0.000962
2893 -0.000963
2894 -0.000960
2895 -0.000960
2896 -0.000961
2897 -0.000961
2900 -0.000967
2901 -0.000959
2902 -0.000959
2903 -0.000960
2904 -0.000959
2905 -0.000959
2908 -0.000953
2909 -0.000961
2910 -0.000956
2912 -0.000953
2913 -0.000956
2914 -0.000958
2916 -0.000954
2917 -0.000958
2918 -0.000957
2919 -0.000957
2920 -0.000957
2921 -0.000957
2924 -0.000971
2926 -0.000974
2927 -0.000955
2928 -0.000954
2929 -0.000956
2931 -0.000956
2932 -0.000954
2933 -0.000955
2937 -0.000946
2938 -0.000948
2940 -0.000957
2944 -0.000950
2945 -0.000950
2947 -0.000950
2949 -0.000948
2950 -0.000953
2951 -0.000950
2953 -0.000951
2954 -0.000949
2955 -0.000949
2956 -0.000950
2957 -0.000950
2958 -0.000950
2961 -0.000942
2964 -0.000931
2965 -0.000948
2967 -0.000942
2968 -0.000947
2969 -0.000947
2971 -0.000947
2972 -0.000947
2974 -0.000945
2975 -0.000945
2977 -0.000945
2979 -0.000947
2980 -0.000944
2982 -0.000949
2983 -0.000944
2984 -0.000944
2985 -0.000944
2987 -0.000945
2989 -0.000947
2992 -0.000951
2993 -0.000943
2994 -0.000942
2995 -0.000943
3000 -0.000934
3001 -0.000933
3002 -0.000941
3004 -0.000928
3005 -0.000939
3006 -0.000939
3007 -0.000939
3009 -0.000939
3011 -0.000942
3015 -0.000944
3016 -0.000936
3017 -0.000936
3019 -0.000949
3021 -0.000948
3022 -0.000938
3023 -0.000936
3024 -0.000936
3026 -0.000931
3027 -0.000936
3029 -0.000921
3031 -0.000933
3032 -0.000932
3033 -0.000935
3035 -0.000934
3036 -0.000933
3037 -0.000934
3038 -0.000934
3040 -0.000932
3041 -0.000933
3042 -0.000933
3043 -0.000933
3044 -0.000933
3046 -0.000931
3048 -0.000926
3049 -0.000936
3050 -0.000933
3051 -0.000932
3052 -0.000932
3053 -0.000932
3055 -0.000938
3057 -0.000931
3059 -0.000941
3061 -0.000951
3063 -0.000925
3066 -0.000933
3067 -0.000927
3068 -0.000931
3069 -0.000928
3070 -0.000928
3071 -0.000929
3072 -0.000929
3074 -0.000917
3075 -0.000924
3077 -0.000943
3080 -0.000931
3082 -0.000932
3083 -0.000926
3084 -0.000926
3090 -0.000924
3091 -0.000925
3092 -0.000924
3093 -0.000923
3094 -0.000923
3095 -0.000923
3096 -0.000923
3098 -0.000921
3100 -0.000929
3102 -0.000944
3104 -0.000929
3107 -0.000922
3108 -0.000920
3109 -0.000921
3110 -0.000920
3111 -0.000920
3113 -0.000924
3117 -0.000918
3118 -0.000918
3119 -0.000918
3120 -0.000919
3121 -0.000918
3122 -0.000918
3124 -0.000911
3127 -0.000914
3128 -0.000917
3129 -0.000916
3130 -0.000917
3131 -0.000917
3132 -0.000917
3134 -0.000920
3135 -0.000917
3137 -0.000919
3138 -0.000916
3139 -0.000917
3141 -0.000913
3143 -0.000909
3144 -0.000915
3147 -0.000912
3149 -0.000899
3151 -0.000914
3152 -0.000914
3153 -0.000912
3154 -0.000913
3155 -0.000913
3156 -0.000913
3157 -0.000913
3159 -0.000918
3160 -0.000911
3164 -0.000931
3165 -0.000911
3167 -0.000903
3168 -0.000910
3169 -0.000909
3170 -0.000910
3171 -0.000910
3172 -0.000910
3174 -0.000899
3175 -0.000907
3176 -0.000911
3177 -0.000910
3178 -0.000910
3180 -0.000914
3181 -0.000907
3183 -0.000929
3184 -0.000910
3186 -0.000904
3187 -0.000906
3188 -0.000908
3189 -0.000908
3191 -0.000898
3192 -0.000905
3194 -0.000893
3195 -0.000909
3196 -0.000906
3197 -0.000907
3198 -0.000907
3199 -0.000907
3200 -0.000907
3201 -0.000907
3202 -0.000907
3204 -0.000902
3206 -0.000910
3207 -0.000910
3209 -0.000909
3210 -0.000902
3211 -0.000906
3212 -0.000906
3213 -0.000906
3215 -0.000907
3216 -0.000907
3217 -0.000905
3218 -0.000906
3221 -0.000898
3223 -0.000902
3224 -0.000903
3225 -0.000904
3229 -0.000903
3231 -0.000896
3233 -0.000910
3235 -0.000913
3236 -0.000900
3237 -0.000901
3239 -0.000891
3240 -0.000900
3241 -0.000900
3242 -0.000900
3243 -0.000900
3246 -0.000897
3247 -0.000897
3248 -0.000900
3251 -0.000906
3254 -0.000895
3255 -0.000901
3256 -0.000898
3257 -0.000898
3258 -0.000898
3259 -0.000898
3262 -0.000883
3263 -0.000898
3264 -0.000897
3265 -0.000897
3266 -0.000897
3267 -0.000897
3270 -0.000892
3271 -0.000892
3272 -0.000897
3274 -0.000892
3275 -0.000896
3276 -0.000895
3277 -0.000895
3278 -0.000895
3280 -0.000888
3281 -0.000896
3285 -0.000893
3286 -0.000891
3287 -0.000892
3288 -0.000893
3290 -0.000883
3291 -0.000896
3292 -0.000893
3294 -0.000892
3296 -0.000892
3297 -0.000891
3299 -0.000891
3300 -0.000890
3302 -0.000883
3305 -0.000892
3308 -0.000886
3309 -0.000889
3310 -0.000890
3311 -0.000889
3315 -0.000884
3316 -0.000885
3318 -0.000873
3319 -0.000888
3320 -0.000889
3321 -0.000887
3322 -0.000888
3324 -0.000882
3328 -0.000897
3329 -0.000890
3330 -0.000885
3332 -0.000901
3333 -0.000884
3334 -0.000885
3335 -0.000885
3336 -0.000885
3337 -0.000885
3339 -0.000902
3341 -0.000881
3342 -0.000884
3344 -0.000886
3345 -0.000887
3346 -0.000883
3347 -0.000884
3349 -0.000882
3351 -0.000898
3352 -0.000881
3353 -0.000883
3355 -0.000877
3356 -0.000881
3358 -0.000884
3359 -0.000881
3362 -0.000879
3363 -0.000874
3365 -0.000891
3366 -0.000881
3367 -0.000880
3368 -0.000880
3369 -0.000880
3370 -0.000880
3371 -0.000880
3373 -0.000878
3376 -0.000893
3377 -0.000877
3378 -0.000879
3379 -0.000879
3382 -0.000878
3383 -0.000879
3384 -0.000879
3385 -0.000878
3386 -0.000878
3391 -0.000866
3394 -0.000881
3395 -0.000866
3397 -0.000888
3398 -0.000874
3399 -0.000874
3400 -0.000875
3401 -0.000875
3402 -0.000875
3403 -0.000875
3404 -0.000875
3406 -0.000866
3409 -0.000872
3411 -0.000874
3412 -0.000871
3413 -0.000872
3414 -0.000873
3415 -0.000873
3416 -0.000873
3417 -0.000873
3419 -0.000862
3420 -0.000867
3421 -0.000871
3426 -0.000884
3427 -0.000866
3428 -0.000870
3429 -0.000871
3430 -0.000871
3432 -0.000867
3434 -0.000868
3438 -0.000862
3439 -0.000871
3440 -0.000868
3441 -0.000868
3443 -0.000863
3444 -0.000868
3445 -0.000868
3447 -0.000873
3448 -0.000868
3449 -0.000868
3450 -0.000868
3451 -0.000867
3452 -0.000868
3453 -0.000867
3455 -0.000858
3456 -0.000867
3457 -0.000867
3461 -0.000852
3464 -0.000868
3465 -0.000861
3466 -0.000864
3467 -0.000865
3468 -0.000865
3472 -0.000866
3473 -0.000862
3476 -0.000868
3479 -0.000855
3481 -0.000870
3482 -0.000866
3483 -0.000862
3484 -0.000861
3485 -0.000861
3487 -0.000851
3490 -0.000858
3491 -0.000855
3492 -0.000860
3496 -0.000859
3499 -0.000856
3502 -0.000864
3503 -0.000854
3504 -0.000855
3505 -0.000856
3506 -0.000857
3507 -0.000857
3508 -0.000857
3510 -0.000849
3512 -0.000865
3513 -0.000855
3515 -0.000843
3516 -0.000858
3517 -0.000855
3518 -0.000855
3519 -0.000855
3520 -0.000855
3523 -0.000863
3525 -0.000857
3526 -0.000854
3527 -0.000854
3528 -0.000854
3529 -0.000854
3530 -0.000854
3532 -0.000857
3533 -0.000852
3534 -0.000854
3535 -0.000854
3536 -0.000854
3537 -0.000854
3538 -0.000854
3540 -0.000852
3541 -0.000854
3542 -0.000853
3547 -0.000844
3550 -0.000843
3551 -0.000855
3552 -0.000851
3553 -0.000851
3554 -0.000851
3555 -0.000851
3556 -0.000851
3558 -0.000862
3559 -0.000848
3560 -0.000851
3561 -0.000850
3562 -0.000850
3563 -0.000850
3565 -0.000857
3566 -0.000851
3568 -0.000848
3571 -0.000847
3573 -0.000868
3574 -0.000846
3575 -0.000848
3576 -0.000848
3577 -0.000848
3578 -0.000848
3580 -0.000846
3583 -0.000875
3584 -0.000845
3586 -0.000848
3587 -0.000844
3588 -0.000846
3589 -0.000847
3590 -0.000846
3591 -0.000846
3595 -0.000853
3596 -0.000844
3597 -0.000845
3600 -0.000839
3603 -0.000842
3604 -0.000845
3606 -0.000852
3607 -0.000845
3609 -0.000835
3610 -0.000842
3611 -0.000843
3612 -0.000843
3615 -0.000832
3616 -0.000846
3618 -0.000832
3619 -0.000842
3620 -0.000841
3623 -0.000846
3625 -0.000823
3626 -0.000841
3628 -0.000819
3629 -0.000840
3630 -0.000839
3631 -0.000839
3632 -0.000840
3633 -0.000840
3634 -0.000840
3636 -0.000858
3637 -0.000836
3638 -0.000840
3639 -0.000839
3640 -0.000839
3643 -0.000848
3644 -0.000838
3645 -0.000838
3646 -0.000838
3648 -0.000846
3649 -0.000839
3650 -0.000838
3651 -0.000838
3652 -0.000838
3653 -0.000838
3655 -0.000842
3656 -0.000838
3664 -0.000838
3666 -0.000823
3667 -0.000832
3670 -0.000811
3671 -0.000834
3673 -0.000852
3674 -0.000835
3675 -0.000832
3676 -0.000834
3678 -0.000837
3679 -0.000832
3680 -0.000832
3682 -0.000838
3685 -0.000836
3690 -0.000807
3691 -0.000830
3692 -0.000829
3693 -0.000830
3696 -0.000813
3697 -0.000831
3698 -0.000828
3699 -0.000830
3702 -0.000802
3706 -0.000822
3707 -0.000826
3708 -0.000826
3710 -0.000824
3711 -0.000826
3712 -0.000826
3715 -0.000824
3716 -0.000825
3718 -0.000825
3719 -0.000829
3721 -0.000823
3722 -0.000829
3723 -0.000825
3727 -0.000831
3728 -0.000821
3729 -0.000823
3730 -0.000823
3731 -0.000823
3733 -0.000820
3735 -0.000827
3736 -0.000821
3738 -0.000825
3739 -0.000822
3740 -0.000821
3742 -0.000827
3744 -0.000835
3745 -0.000824
3746 -0.000822
3747 -0.000823
3748 -0.000821
3749 -0.000821
3751 -0.000805
3753 -0.000828
3755 -0.000810
3756 -0.000822
3758 -0.000819
3759 -0.000821
3760 -0.000820
3761 -0.000820
3764 -0.000824
3765 -0.000822
3766 -0.000818
3767 -0.000819
3768 -0.000819
3769 -0.000819
3770 -0.000819
3771 -0.000819
3772 -0.000819
3773 -0.000819
3777 -0.000813
3778 -0.000817
3779 -0.000816
3782 -0.000810
3783 -0.000816
3784 -0.000818
3785 -0.000817
3786 -0.000817
3787 -0.000817
3788 -0.000817
3789 -0.000817
3790 -0.000817
3791 -0.000817
3792 -0.000817
3793 -0.000817
3798 -0.000823
3799 -0.000816
3802 -0.000834
3803 -0.000816
3805 -0.000801
3807 -0.000818
3808 -0.000814
3811 -0.000823
3813 -0.000816
3816 -0.000814
3817 -0.000812
3818 -0.000810
3819 -0.000812
3820 -0.000812
3822 -0.000802
3823 -0.000810
3824 -0.000811
3831 -0.000814
3834 -0.000814
3835 -0.000808
3836 -0.000809
3837 -0.000808
3838 -0.000808
3839 -0.000808
3841 -0.000804
3842 -0.000809
3843 -0.000807
3844 -0.000809
3845 -0.000808
3846 -0.000808
3847 -0.000808
3848 -0.000808
3850 -0.000801
3851 -0.000812
3854 -0.000822
3855 -0.000806
3856 -0.000807
3857 -0.000807
3858 -0.000807
3860 -0.000795
3861 -0.000810
3863 -0.000821
3864 -0.000805
3866 -0.000802
3867 -0.000805
3868 -0.000806
3870 -0.000810
3871 -0.000808
3872 -0.000808
3875 -0.000800
3876 -0.000804
3877 -0.000804
3878 -0.000804
3880 -0.000793
3882 -0.000797
3883 -0.000804
3884 -0.000804
3886 -0.000803
3888 -0.000798
3891 -0.000799
3892 -0.000801
3894 -0.000803
3895 -0.000802
3897 -0.000792
3900 -0.000824
3901 -0.000804
3903 -0.000797
3904 -0.000801
3905 -0.000800
3908 -0.000810
3909 -0.000798
3911 -0.000835
3913 -0.000806
3915 -0.000802
3916 -0.000799
3917 -0.000799
3918 -0.000798
3921 -0.000809
3922 -0.000796
3923 -0.000801
3924 -0.000800
3925 -0.000797
3928 -0.000808
3929 -0.000797
3931 -0.000809
3932 -0.000801
3933 -0.000794
3934 -0.000796
3938 -0.000797
3941 -0.000795
3942 -0.000794
3943 -0.000794
3944 -0.000794
3945 -0.000795
3946 -0.000795
3947 -0.000794
3948 -0.000794
3949 -0.000794
3950 -0.000794
3951 -0.000794
3952 -0.000794
3953 -0.000794
3954 -0.000794
3956 -0.000789
3957 -0.000792
3960 -0.000795
3961 -0.000793
3962 -0.000794
3963 -0.000793
3964 -0.000793
3967 -0.000796
3969 -0.000794
3970 -0.000793
3971 -0.000792
3972 -0.000792
3973 -0.000792
3975 -0.000777
3976 -0.000792
3978 -0.000797
3979 -0.000793
3980 -0.000792
3981 -0.000792
3985 -0.000800
3989 -0.000784
3990 -0.000791
3993 -0.000790
3994 -0.000790
3995 -0.000788
3996 -0.000789
3997 -0.000789
3999 -0.000778
4000 -0.000788
4001 -0.000789
4002 -0.000788
4003 -0.000788
4005 -0.000783
4006 -0.000786
4007 -0.000788
4008 -0.000788
4009 -0.000788
4010 -0.000788
4012 -0.000784
4013 -0.000787
4014 -0.000787
4016 -0.000791
4018 -0.000801
4021 -0.000779
4022 -0.000786
4023 -0.000786
4026 -0.000796
4027 -0.000785
4028 -0.000785
4030 -0.000767
4031 -0.000786
4032 -0.000785
4033 -0.000785
4034 -0.000785
4035 -0.000785
4039 -0.000786
4040 -0.000784
4043 -0.000782
4044 -0.000782
4045 -0.000783
4046 -0.000783
4047 -0.000783
4048 -0.000783
4049 -0.000783
4050 -0.000783
4052 -0.000786
4053 -0.000783
4054 -0.000783
4055 -0.000782
4056 -0.000783
4057 -0.000783
4058 -0.000783
4059 -0.000783
4060 -0.000783
4061 -0.000783
4064 -0.000758
4065 -0.000783
4069 -0.000769
4070 -0.000782
4071 -0.000782
4073 -0.000780
4074 -0.000782
4075 -0.000780
4076 -0.000780
4077 -0.000780
4078 -0.000780
4079 -0.000780
4082 -0.000778
4083 -0.000776
4085 -0.000778
4087 -0.000773
4088 -0.000782
4089 -0.000779
4091 -0.000769
4092 -0.000776
4093 -0.000779
4095 -0.000786
4096 -0.000779
4097 -0.000778
4098 -0.000777
4100 -0.000782
4101 -0.000779
4102 -0.000777
4103 -0.000778
4104 -0.000778
4105 -0.000778
4106 -0.000778
4108 -0.000772
4109 -0.000778
4110 -0.000778
4112 -0.000782
4113 -0.000776
4114 -0.000777
4115 -0.000777
4118 -0.000778
4119 -0.000776
4120 -0.000776
4121 -0.000776
4124 -0.000783
4125 -0.000776
4126 -0.000775
4127 -0.000775
4128 -0.000775
4129 -0.000776
4130 -0.000776
4132 -0.000764
4135 -0.000782
4136 -0.000774
4137 -0.000774
4139 -0.000765
4140 -0.000774
4141 -0.000774
4143 -0.000783
4145 -0.000773
4146 -0.000772
4149 -0.000770
4150 -0.000776
4151 -0.000774
4152 -0.000773
4153 -0.000773
4154 -0.000773
4155 -0.000773
4156 -0.000773
4157 -0.000773
4159 -0.000771
4161 -0.000765
4162 -0.000772
4163 -0.000772
4164 -0.000772
4165 -0.000772
4166 -0.000772
4167 -0.000772
4168 -0.000772
4169 -0.000772
4170 -0.000772
4171 -0.000772
4172 -0.000772
4173 -0.000772
4174 -0.000772
4175 -0.000772
4176 -0.000772
4178 -0.000765
4179 -0.000768
4182 -0.000773
4183 -0.000771
4186 -0.000761
4187 -0.000767
4188 -0.000769
4189 -0.000771
4190 -0.000770
4191 -0.000770
4192 -0.000770
4193 -0.000770
4194 -0.000770
4198 -0.000778
4199 -0.000769
4201 -0.000771
4202 -0.000769
4203 -0.000770
4204 -0.000769
4205 -0.000769
4206 -0.000769
4207 -0.000769
4208 -0.000769
4210 -0.000775
4211 -0.000764
4214 -0.000769
4216 -0.000758
4217 -0.000768
4220 -0.000779
4221 -0.000765
4222 -0.000768
4223 -0.000767
4224 -0.000767
4225 -0.000767
4226 -0.000767
4227 -0.000767
4228 -0.000767
4230 -0.000768
4231 -0.000765
4232 -0.000766
4233 -0.000766
4234 -0.000766
4238 -0.000766
4239 -0.000764
4240 -0.000766
4241 -0.000765
4242 -0.000765
4243 -0.000765
4245 -0.000773
4247 -0.000768
4248 -0.000766
4250 -0.000765
4251 -0.000764
4253 -0.000767
4255 -0.000767
4256 -0.000764
4259 -0.000756
4260 -0.000764
4261 -0.000762
4262 -0.000763
4264 -0.000760
4266 -0.000765
4267 -0.000763
4268 -0.000762
4269 -0.000762
4272 -0.000766
4274 -0.000752
4276 -0.000764
4278 -0.000757
4279 -0.000764
4280 -0.000760
4281 -0.000760
4282 -0.000761
4284 -0.000754
4286 -0.000761
4287 -0.000761
4288 -0.000760
4289 -0.000760
4290 -0.000760
4292 -0.000761
4294 -0.000767
4295 -0.000759
4296 -0.000759
4298 -0.000746
4300 -0.000756
4302 -0.000756
4304 -0.000765
4305 -0.000758
4306 -0.000757
4307 -0.000758
4309 -0.000758
4310 -0.000759
4313 -0.000755
4314 -0.000759
4316 -0.000761
4317 -0.000756
4318 -0.000758
4319 -0.000756
4320 -0.000756
4321 -0.000756
4322 -0.000756
4323 -0.000756
4325 -0.000754
4326 -0.000757
4327 -0.000757
4328 -0.000757
4330 -0.000760
4331 -0.000754
4332 -0.000756
4333 -0.000756
4334 -0.000756
4335 -0.000756
4336 -0.000756
4340 -0.000750
4342 -0.000761
4343 -0.000754
4344 -0.000755
4345 -0.000754
4347 -0.000758
4348 -0.000752
4349 -0.000755
4351 -0.000749
4353 -0.000741
4354 -0.000754
4355 -0.000754
4356 -0.000753
4357 -0.000753
4358 -0.000753
4360 -0.000756
4362 -0.000753
4363 -0.000755
4364 -0.000753
4365 -0.000753
4366 -0.000753
4367 -0.000753
4369 -0.000747
4373 -0.000754
4374 -0.000751
4375 -0.000751
4376 -0.000751
4380 -0.000734
4381 -0.000753
4382 -0.000750
4385 -0.000743
4388 -0.000757
4391 -0.000748
4392 -0.000747
4393 -0.000749
4395 -0.000747
4397 -0.000728
4398 -0.000748
4401 -0.000745
4402 -0.000747
4404 -0.000736
4406 -0.000739
4408 -0.000742
4409 -0.000747
4410 -0.000745
4411 -0.000746
4414 -0.000725
4415 -0.000746
4416 -0.000745
4417 -0.000745
4418 -0.000745
4419 -0.000745
4421 -0.000741
4422 -0.000746
4423 -0.000746
4425 -0.000756
4426 -0.000745
4427 -0.000744
4428 -0.000745
4431 -0.000738
4432 -0.000741
4433 -0.000742
4434 -0.000743
4436 -0.000730
4437 -0.000745
4440 -0.000754
4441 -0.000744
4442 -0.000740
4443 -0.000743
4444 -0.000743
4445 -0.000743
4446 -0.000743
4447 -0.000743
4448 -0.000743
4450 -0.000744
4452 -0.000743
4455 -0.000737
4456 -0.000739
4457 -0.000742
4458 -0.000743
4459 -0.000742
4461 -0.000742
4462 -0.000740
4463 -0.000743
4464 -0.000742
4465 -0.000741
4466 -0.000741
4468 -0.000741
4471 -0.000736
4472 -0.000743
4473 -0.000741
4474 -0.000740
4475 -0.000741
4476 -0.000741
4477 -0.000740
4478 -0.000740
4479 -0.000740
4481 -0.000742
4483 -0.000719
4486 -0.000745
4487 -0.000740
4488 -0.000739
4489 -0.000739
4490 -0.000739
4491 -0.000739
4492 -0.000739
4493 -0.000739
4495 -0.000738
4497 -0.000738
4498 -0.000740
4499 -0.000740
4500 -0.000739
4502 -0.000730
4504 -0.000731
4505 -0.000741
4506 -0.000738
4507 -0.000738
4508 -0.000738
4509 -0.000738
4511 -0.000737
4512 -0.000737
4514 -0.000717
4515 -0.000737
4516 -0.000736
4518 -0.000740
4520 -0.000736
4521 -0.000736
4524 -0.000742
4525 -0.000735
4526 -0.000737
4527 -0.000736
4528 -0.000736
4529 -0.000736
4530 -0.000736
4531 -0.000736
4533 -0.000743
4535 -0.000730
4536 -0.000730
4537 -0.000735
4538 -0.000735
4539 -0.000735
4540 -0.000735
4541 -0.000735
4542 -0.000735
4543 -0.000735
4544 -0.000735
4545 -0.000735
4546 -0.000735
4548 -0.000734
4549 -0.000735
4550 -0.000735
4553 -0.000735
4554 -0.000733
4556 -0.000730
4557 -0.000732
4559 -0.000745
4560 -0.000734
4561 -0.000733
4562 -0.000733
4563 -0.000733
4566 -0.000739
4567 -0.000734
4568 -0.000734
4569 -0.000732
4570 -0.000733
4571 -0.000733
4572 -0.000733
4575 -0.000701
4576 -0.000727
4578 -0.000720
4580 -0.000742
4581 -0.000732
4582 -0.000731
4583 -0.000732
4584 -0.000732
4585 -0.000732
4586 -0.000732
4587 -0.000732
4588 -0.000732
4589 -0.000732
4591 -0.000729
4592 -0.000731
4593 -0.000731
4595 -0.000739
4596 -0.000731
4597 -0.000731
4598 -0.000731
4599 -0.000731
4601 -0.000732
4602 -0.000731
4603 -0.000731
4605 -0.000722
4607 -0.000725
4609 -0.000722
4611 -0.000734
4612 -0.000730
4614 -0.000716
4619 -0.000729
4621 -0.000745
4622 -0.000726
4623 -0.000727
4624 -0.000727
4625 -0.000727
4626 -0.000727
4627 -0.000727
4628 -0.000727
4631 -0.000725
4632 -0.000728
4633 -0.000727
4634 -0.000727
4635 -0.000727
4636 -0.000727
4638 -0.000726
4639 -0.000726
4640 -0.000727
4641 -0.000726
4642 -0.000726
4643 -0.000726
4644 -0.000726
4645 -0.000726
4647 -0.000718
4649 -0.000728
4651 -0.000738
4652 -0.000723
4654 -0.000725
4655 -0.000726
4659 -0.000723
4660 -0.000728
4661 -0.000725
4662 -0.000724
4663 -0.000724
4664 -0.000724
4665 -0.000724
4666 -0.000724
4668 -0.000714
4669 -0.000726
4671 -0.000716
4672 -0.000720
4674 -0.000723
4677 -0.000718
4679 -0.000722
4680 -0.000724
4681 -0.000722
4682 -0.000722
4683 -0.000722
4684 -0.000722
4685 -0.000722
4686 -0.000722
4687 -0.000722
4689 -0.000725
4690 -0.000723
4692 -0.000713
4693 -0.000725
4694 -0.000722
4695 -0.000722
4696 -0.000722
4698 -0.000729
4699 -0.000721
4700 -0.000720
4701 -0.000722
4702 -0.000722
4704 -0.000729
4705 -0.000721
4707 -0.000724
4708 -0.000721
4709 -0.000721
4711 -0.000723
4713 -0.000724
4714 -0.000721
4716 -0.000730
4717 -0.000719
4720 -0.000729
4721 -0.000718
4722 -0.000720
4723 -0.000719
4724 -0.000719
4725 -0.000719
4726 -0.000719
4727 -0.000719
4728 -0.000719
4729 -0.000719
4730 -0.000719
4732 -0.000711
4735 -0.000733
4737 -0.000730
4738 -0.000718
4739 -0.000717
4740 -0.000718
4741 -0.000718
4742 -0.000718
4743 -0.000718
4744 -0.000718
4746 -0.000719
4747 -0.000718
4748 -0.000717
4749 -0.000717
4750 -0.000718
4751 -0.000718
4757 -0.000711
4758 -0.000716
4759 -0.000716
4760 -0.000716
4761 -0.000716
4763 -0.000716
4766 -0.000718
4767 -0.000715
4768 -0.000716
4770 -0.000719
4771 -0.000713
4772 -0.000715
4773 -0.000715
4775 -0.000717
4779 -0.000710
4780 -0.000712
4781 -0.000714
4782 -0.000714
4783 -0.000714
4785 -0.000717
4786 -0.000714
4787 -0.000714
4789 -0.000719
4793 -0.000707
4794 -0.000711
4795 -0.000712
4796 -0.000712
4797 -0.000712
4798 -0.000712
4800 -0.000723
4801 -0.000711
4802 -0.000712
4803 -0.000712
4805 -0.000712
4806 -0.000710
4807 -0.000712
4808 -0.000712
4810 -0.000712
4811 -0.000713
4812 -0.000711
4813 -0.000711
4814 -0.000711
4815 -0.000711
4819 -0.000728
4820 -0.000711
4821 -0.000709
4822 -0.000711
4823 -0.000711
4824 -0.000710
4825 -0.000710
4826 -0.000710
4827 -0.000710
4828 -0.000710
4829 -0.000710
4830 -0.000710
4832 -0.000696
4835 -0.000708
4836 -0.000711
4837 -0.000709
4839 -0.000704
4841 -0.000707
4843 -0.000716
4846 -0.000711
4848 -0.000692
4851 -0.000705
4852 -0.000702
4855 -0.000701
4856 -0.000707
4857 -0.000706
4858 -0.000707
4859 -0.000706
4860 -0.000706
4861 -0.000706
4864 -0.000694
4867 -0.000708
4868 -0.000705
4869 -0.000706
4870 -0.000705
4874 -0.000707
4875 -0.000704
4878 -0.000709
4880 -0.000705
4881 -0.000705
4882 -0.000703
4883 -0.000704
4884 -0.000703
4885 -0.000704
4887 -0.000699
4889 -0.000701
4890 -0.000705
4891 -0.000703
4892 -0.000703
4895 -0.000708
4896 -0.000703
4898 -0.000703
4900 -0.000707
4901 -0.000702
4903 -0.000703
4905 -0.000698
4908 -0.000720
4909 -0.000702
4911 -0.000706
4912 -0.000698
4913 -0.000700
4914 -0.000700
4915 -0.000700
4916 -0.000700
4918 -0.000706
4919 -0.000702
4920 -0.000700
4922 -0.000703
4924 -0.000707
4925 -0.000697
4926 -0.000700
4928 -0.000694
4929 -0.000699
4931 -0.000692
4932 -0.000697
4933 -0.000699
4934 -0.000700
4937 -0.000691
4938 -0.000698
4940 -0.000698
4941 -0.000701
4943 -0.000705
4944 -0.000697
4947 -0.000694
4949 -0.000705
4951 -0.000689
4952 -0.000695
4953 -0.000697
4954 -0.000696
4956 -0.000698
4958 -0.000703
4959 -0.000696
4960 -0.000696
4961 -0.000696
4962 -0.000696
4963 -0.000696
4965 -0.000692
4966 -0.000695
4967 -0.000695
4969 -0.000690
4973 -0.000679
4974 -0.000693
4975 -0.000693
4976 -0.000695
4977 -0.000695
4978 -0.000694
4981 -0.000695
4982 -0.000695
4984 -0.000697
4985 -0.000693
4986 -0.000693
4987 -0.000694
4990 -0.000690
4991 -0.000693
4992 -0.000692
4993 -0.000693
4994 -0.000693
4995 -0.000693
4997 -0.000698
4998 -0.000695
4999 -0.000693
5001 -0.000697
5002 -0.000696
5003 -0.000695
5004 -0.000692
5005 -0.000693
5006 -0.000692
5008 -0.000688
5011 -0.000678
5012 -0.000690
5013 -0.000690
5014 -0.000692
5015 -0.000692
5017 -0.000692
5019 -0.000688
5020 -0.000689
5021 -0.000691
5023 -0.000686
5024 -0.000692
5025 -0.000692
5026 -0.000691
5027 -0.000691
5028 -0.000691
5029 -0.000691
5030 -0.000691
5031 -0.000691
5035 -0.000701
5038 -0.000685
5040 -0.000697
5041 -0.000693
5042 -0.000689
5044 -0.000683
5045 -0.000692
5048 -0.000681
5049 -0.000689
5050 -0.000688
5053 -0.000681
5055 -0.000694
5056 -0.000687
5057 -0.000688
5059 -0.000691
5060 -0.000688
5061 -0.000688
5063 -0.000685
5064 -0.000686
5068 -0.000695
5069 -0.000686
5070 -0.000686
5071 -0.000686
5072 -0.000686
5073 -0.000686
5076 -0.000687
5079 -0.000677
5080 -0.000689
5081 -0.000685
5083 -0.000689
5086 -0.000676
5087 -0.000683
5088 -0.000684
5089 -0.000684
5090 -0.000684
5092 -0.000701
5094 -0.000677
5097 -0.000686
5098 -0.000682
5099 -0.000683
5101 -0.000687
5102 -0.000682
5103 -0.000683
5104 -0.000683
5105 -0.000683
5106 -0.000683
5108 -0.000682
5112 -0.000674
5113 -0.000683
5114 -0.000680
5116 -0.000680
5117 -0.000681
5121 -0.000670
5122 -0.000681
5123 -0.000681
5126 -0.000669
5128 -0.000683
5129 -0.000679
5130 -0.000680
5132 -0.000676
5133 -0.000677
5134 -0.000679
5135 -0.000679
5136 -0.000679
5137 -0.000679
5139 -0.000678
5140 -0.000679
5141 -0.000679
5142 -0.000679
5143 -0.000679
5145 -0.000674
5146 -0.000678
5147 -0.000677
5148 -0.000679
5149 -0.000679
5150 -0.000679
5152 -0.000682
5153 -0.000681
5154 -0.000679
5156 -0.000683
5157 -0.000676
5158 -0.000678
5159 -0.000678
5160 -0.000678
5161 -0.000678
5163 -0.000681
5164 -0.000681
5165 -0.000678
5166 -0.000677
5167 -0.000678
5168 -0.000678
5169 -0.000678
5170 -0.000678
5171 -0.000678
5172 -0.000678
5173 -0.000678
5175 -0.000677
5177 -0.000671
5178 -0.000677
5179 -0.000676
5180 -0.000677
5181 -0.000677
5182 -0.000677
5183 -0.000677
5185 -0.000675
5186 -0.000676
5187 -0.000677
5189 -0.000676
5190 -0.000677
5191 -0.000673
5192 -0.000675
5193 -0.000677
5194 -0.000676
5196 -0.000681
5197 -0.000675
5198 -0.000676
5199 -0.000677
5200 -0.000677
5201 -0.000677
5202 -0.000677
5205 -0.000674
5207 -0.000664
5208 -0.000672
5209 -0.000675
5213 -0.000673
5214 -0.000675
5215 -0.000675
5216 -0.000675
5217 -0.000675
5221 -0.000675
5224 -0.000670
5225 -0.000673
5226 -0.000673
5227 -0.000674
5228 -0.000673
5229 -0.000673
5230 -0.000674
5232 -0.000672
5233 -0.000673
5235 -0.000679
5236 -0.000672
5237 -0.000674
5238 -0.000673
5239 -0.000673
5240 -0.000673
5242 -0.000663
5244 -0.000674
5247 -0.000659
5248 -0.000667
5249 -0.000672
5250 -0.000673
5255 -0.000675
5257 -0.000670
5258 -0.000672
5259 -0.000670
5261 -0.000675
5264 -0.000667
5265 -0.000667
5267 -0.000671
5269 -0.000666
5270 -0.000669
5272 -0.000676
5274 -0.000661
5277 -0.000666
5278 -0.000665
5279 -0.000667
5280 -0.000667
5281 -0.000668
5282 -0.000668
5284 -0.000665
5286 -0.000667
5287 -0.000668
5288 -0.000669
5289 -0.000668
5290 -0.000667
5291 -0.000668
5294 -0.000668
5295 -0.000665
5296 -0.000667
5299 -0.000663
5301 -0.000674
5303 -0.000677
5304 -0.000665
5305 -0.000666
5306 -0.000666
5307 -0.000666
5308 -0.000666
5309 -0.000666
5312 -0.000679
5313 -0.000665
5316 -0.000665
5319 -0.000675
5320 -0.000665
5322 -0.000667
5323 -0.000663
5324 -0.000664
5327 -0.000660
5328 -0.000666
5329 -0.000663
5330 -0.000664
5332 -0.000672
5334 -0.000662
5335 -0.000662
5336 -0.000663
5338 -0.000662
5339 -0.000662
5340 -0.000663
5341 -0.000663
5342 -0.000663
5343 -0.000663
5344 -0.000663
5345 -0.000663
5346 -0.000663
5347 -0.000663
5348 -0.000663
5349 -0.000663
5352 -0.000663
5353 -0.000663
5354 -0.000663
5355 -0.000662
5356 -0.000662
5357 -0.000662
5358 -0.000662
5359 -0.000662
5360 -0.000662
5361 -0.000662
5362 -0.000662
5363 -0.000662
5364 -0.000662
5365 -0.000662
5367 -0.000650
5368 -0.000664
5370 -0.000654
5371 -0.000666
5373 -0.000654
5374 -0.000659
5376 -0.000665
5377 -0.000660
5379 -0.000667
5380 -0.000662
5381 -0.000661
5382 -0.000661
5383 -0.000661
5384 -0.000661
5385 -0.000661
5386 -0.000661
5387 -0.000661
5388 -0.000661
5389 -0.000661
5390 -0.000661
5391 -0.000661
5392 -0.000661
5393 -0.000661
5397 -0.000668
5398 -0.000662
5400 -0.000657
5401 -0.000656
5402 -0.000662
5403 -0.000659
5404 -0.000659
5405 -0.000660
5407 -0.000665
5408 -0.000660
5409 -0.000660
5411 -0.000664
5413 -0.000662
5414 -0.000660
5415 -0.000659
5416 -0.000659
5418 -0.000665
5419 -0.000660
5423 -0.000663
5424 -0.000658
5425 -0.000658
5426 -0.000658
5427 -0.000658
5429 -0.000655
5430 -0.000657
5431 -0.000658
5434 -0.000634
5435 -0.000656
5437 -0.000654
5439 -0.000661
5440 -0.000658
5441 -0.000656
5442 -0.000658
5443 -0.000658
5445 -0.000659
5447 -0.000655
5449 -0.000667
5450 -0.000657
5451 -0.000655
5452 -0.000656
5453 -0.000656
5454 -0.000656
5455 -0.000656
5457 -0.000667
5459 -0.000655
5460 -0.000655
5461 -0.000655
5465 -0.000653
5467 -0.000652
5468 -0.000653
5469 -0.000658
5470 -0.000654
5472 -0.000654
5473 -0.000652
5474 -0.000654
5475 -0.000654
5476 -0.000654
5477 -0.000654
5479 -0.000648
5480 -0.000654
5481 -0.000654
5483 -0.000654
5484 -0.000655
5485 -0.000654
5487 -0.000649
5488 -0.000656
5489 -0.000653
5491 -0.000652
5492 -0.000653
5493 -0.000653
5494 -0.000653
5495 -0.000653
5496 -0.000653
5498 -0.000656
5499 -0.000654
5500 -0.000655
5501 -0.000652
5502 -0.000653
5503 -0.000653
5504 -0.000653
5506 -0.000657
5507 -0.000653
5508 -0.000653
5510 -0.000639
5511 -0.000659
5514 -0.000653
5516 -0.000649
5517 -0.000651
5519 -0.000647
5521 -0.000660
5522 -0.000652
5524 -0.000653
5526 -0.000644
5527 -0.000651
5530 -0.000656
5531 -0.000650
5532 -0.000649
5535 -0.000651
5536 -0.000648
5539 -0.000647
5540 -0.000649
5542 -0.000641
5543 -0.000651
5545 -0.000648
5547 -0.000653
5548 -0.000647
5549 -0.000648
5550 -0.000649
5552 -0.000646
5553 -0.000647
5554 -0.000648
5555 -0.000648
5556 -0.000648
5557 -0.000648
5558 -0.000648
5559 -0.000648
5560 -0.000648
5561 -0.000648
5562 -0.000648
5563 -0.000648
5564 -0.000648
5565 -0.000648
5566 -0.000648
5567 -0.000648
5568 -0.000648
5569 -0.000648
5570 -0.000648
5571 -0.000648
5572 -0.000648
5574 -0.000649
5575 -0.000648
5576 -0.000647
5577 -0.000648
5579 -0.000645
5580 -0.000648
5581 -0.000648
5582 -0.000647
5583 -0.000648
5585 -0.000651
5586 -0.000646
5587 -0.000647
5589 -0.000640
5590 -0.000645
5591 -0.000646
5593 -0.000645
5594 -0.000648
5595 -0.000647
5598 -0.000644
5599 -0.000645
5600 -0.000648
5601 -0.000646
5602 -0.000646
5605 -0.000649
5606 -0.000646
5607 -0.000646
5608 -0.000646
5611 -0.000652
5614 -0.000639
5616 -0.000647
5617 -0.000645
5619 -0.000648
5620 -0.000643
5621 -0.000644
5622 -0.000644
5623 -0.000644
5624 -0.000645
5625 -0.000644
5630 -0.000640
5631 -0.000639
5633 -0.000641
5634 -0.000645
5636 -0.000640
5637 -0.000643
5640 -0.000639
5641 -0.000639
5642 -0.000641
5643 -0.000642
5645 -0.000646
5646 -0.000644
5647 -0.000642
5648 -0.000642
5650 -0.000649
5651 -0.000642
5652 -0.000642
5655 -0.000638
5658 -0.000647
5660 -0.000638
5661 -0.000643
5662 -0.000639
5663 -0.000642
5664 -0.000640
5666 -0.000643
5668 -0.000638
5669 -0.000641
5670 -0.000640
5672 -0.000643
5673 -0.000639
5674 -0.000641
5676 -0.000625
5678 -0.000641
5679 -0.000640
5681 -0.000646
5683 -0.000637
5684 -0.000640
5685 -0.000638
5687 -0.000628
5688 -0.000643
5689 -0.000639
5690 -0.000639
5691 -0.000639
5693 -0.000636
5694 -0.000639
5695 -0.000638
5697 -0.000643
5698 -0.000638
5701 -0.000637
5703 -0.000631
5704 -0.000638
5705 -0.000638
5706 -0.000637
5707 -0.000638
5708 -0.000638
5709 -0.000638
5710 -0.000638
5711 -0.000638
5712 -0.000638
5713 -0.000638
5715 -0.000635
5717 -0.000629
5718 -0.000639
5719 -0.000637
5720 -0.000637
5721 -0.000637
5722 -0.000637
5723 -0.000637
5724 -0.000637
5727 -0.000629
5728 -0.000636
5732 -0.000634
5734 -0.000639
5735 -0.000639
5736 -0.000635
5738 -0.000641
5740 -0.000629
5741 -0.000636
5742 -0.000636
5743 -0.000635
5744 -0.000635
5745 -0.000635
5746 -0.000635
5747 -0.000635
5750 -0.000635
5751 -0.000634
5752 -0.000635
5753 -0.000635
5756 -0.000639
5757 -0.000633
5758 -0.000634
5759 -0.000635
5761 -0.000644
5762 -0.000633
5763 -0.000634
5764 -0.000634
5765 -0.000634
5766 -0.000634
5767 -0.000634
5768 -0.000634
5770 -0.000639
5771 -0.000634
5772 -0.000633
5773 -0.000634
5774 -0.000634
5775 -0.000634
5776 -0.000634
5777 -0.000634
5778 -0.000634
5780 -0.000644
5782 -0.000626
5783 -0.000631
5784 -0.000632
5786 -0.000636
5787 -0.000634
5790 -0.000623
5791 -0.000632
5792 -0.000633
5793 -0.000633
5795 -0.000634
5797 -0.000628
5798 -0.000634
5801 -0.000642
5802 -0.000630
5803 -0.000632
5804 -0.000631
5805 -0.000632
5807 -0.000641
5808 -0.000627
5811 -0.000636
5812 -0.000632
5814 -0.000634
5816 -0.000620
5817 -0.000633
5818 -0.000630
5819 -0.000630
5820 -0.000630
5821 -0.000630
5822 -0.000630
5823 -0.000630
5824 -0.000630
5825 -0.000630
5830 -0.000616
5831 -0.000626
5832 -0.000630
5833 -0.000632
5834 -0.000629
5836 -0.000634
5837 -0.000630
5838 -0.000629
5839 -0.000629
5840 -0.000629
5844 -0.000637
5845 -0.000630
5847 -0.000628
5848 -0.000629
5850 -0.000637
5854 -0.000620
5856 -0.000630
5857 -0.000627
5861 -0.000617
5863 -0.000634
5865 -0.000629
5866 -0.000627
5867 -0.000627
5868 -0.000626
5869 -0.000626
5870 -0.000626
5871 -0.000626
5872 -0.000626
5874 -0.000630
5875 -0.000625
5876 -0.000626
5877 -0.000626
5879 -0.000623
5880 -0.000626
5881 -0.000625
5884 -0.000625
5885 -0.000626
5886 -0.000626
5887 -0.000625
5890 -0.000634
5891 -0.000624
5892 -0.000624
5893 -0.000624
5894 -0.000625
5895 -0.000624
5896 -0.000624
5897 -0.000624
5898 -0.000624
5899 -0.000624
5900 -0.000624
5902 -0.000626
5904 -0.000622
5906 -0.000620
5907 -0.000623
5908 -0.000623
5909 -0.000624
5910 -0.000624
5911 -0.000624
5912 -0.000624
5913 -0.000624
5914 -0.000624
5916 -0.000620
5917 -0.000624
5918 -0.000623
5919 -0.000623
5920 -0.000624
5921 -0.000624
5922 -0.000624
5924 -0.000621
5925 -0.000626
5926 -0.000623
5927 -0.000623
5928 -0.000623
5929 -0.000623
5930 -0.000623
5931 -0.000623
5932 -0.000623
5933 -0.000623
5934 -0.000623
5935 -0.000623
5936 -0.000623
5937 -0.000623
5942 -0.000654
5945 -0.000623
5946 -0.000626
5947 -0.000624
5948 -0.000622
5951 -0.000623
5952 -0.000621
5953 -0.000622
5954 -0.000622
5955 -0.000621
5956 -0.000621
5958 -0.000611
5959 -0.000619
5960 -0.000621
5961 -0.000621
5963 -0.000614
5964 -0.000619
5965 -0.000621
5966 -0.000621
5967 -0.000621
5969 -0.000612
5970 -0.000622
5971 -0.000621
5972 -0.000621
5973 -0.000621
5974 -0.000621
5975 -0.000621
5977 -0.000623
5978 -0.000621
5980 -0.000623
5981 -0.000621
5983 -0.000620
5984 -0.000619
5985 -0.000620
5986 -0.000620
5987 -0.000620
5989 -0.000625
5990 -0.000619
5992 -0.000619
5993 -0.000620
5994 -0.000620
5995 -0.000620
5996 -0.000620
5997 -0.000620
5998 -0.000620
5999 -0.000620
6000 -0.000620
6001 -0.000620
6002 -0.000620
6003 -0.000620
6004 -0.000620
6005 -0.000620
6006 -0.000620
6008 -0.000615
6009 -0.000621
6011 -0.000620
6012 -0.000620
6013 -0.000619
6014 -0.000619
6015 -0.000619
6016 -0.000619
6017 -0.000619
6018 -0.000619
6019 -0.000619
6020 -0.000619
6021 -0.000619
6023 -0.000618
6025 -0.000618
6026 -0.000618
6028 -0.000611
6029 -0.000616
6033 -0.000628
6034 -0.000619
6036 -0.000623
6037 -0.000618
6039 -0.000615
6041 -0.000628
6043 -0.000610
6047 -0.000610
6048 -0.000617
6050 -0.000628
6051 -0.000615
6052 -0.000616
6053 -0.000616
6054 -0.000616
6055 -0.000616
6056 -0.000616
6057 -0.000616
6059 -0.000615
6060 -0.000615
6061 -0.000616
6062 -0.000616
6063 -0.000616
6064 -0.000616
6065 -0.000616
6066 -0.000616
6068 -0.000616
6069 -0.000614
6070 -0.000616
6071 -0.000616
6072 -0.000616
6075 -0.000618
6076 -0.000617
6078 -0.000616
6079 -0.000616
6082 -0.000608
6083 -0.000614
6084 -0.000614
6085 -0.000615
6086 -0.000614
6087 -0.000614
6089 -0.000613
6091 -0.000614
6092 -0.000613
6093 -0.000614
6094 -0.000614
6096 -0.000614
6097 -0.000612
6098 -0.000614
6099 -0.000614
6100 -0.000614
6101 -0.000614
6102 -0.000614
6105 -0.000609
6106 -0.000612
6107 -0.000613
6108 -0.000613
6109 -0.000613
6110 -0.000613
6111 -0.000613
6112 -0.000613
6114 -0.000617
6116 -0.000606
6118 -0.000610
6119 -0.000613
6120 -0.000613
6121 -0.000613
6122 -0.000613
6123 -0.000613
6125 -0.000613
6126 -0.000612
6127 -0.000612
6129 -0.000599
6130 -0.000609
6131 -0.000614
6132 -0.000612
6135 -0.000614
6136 -0.000612
6137 -0.000612
6138 -0.000612
6139 -0.000612
6140 -0.000612
6141 -0.000612
6143 -0.000607
6145 -0.000618
6147 -0.000606
6148 -0.000617
6151 -0.000617
6152 -0.000610
6153 -0.000608
6154 -0.000611
6155 -0.000611
6158 -0.000619
6160 -0.000614
6161 -0.000609
6162 -0.000610
6163 -0.000610
6164 -0.000610
6165 -0.000610
6167 -0.000611
6168 -0.000610
6171 -0.000599
6172 -0.000609
6174 -0.000600
6176 -0.000600
6178 -0.000608
6179 -0.000609
6180 -0.000608
6181 -0.000608
6184 -0.000603
6186 -0.000607
6187 -0.000607
6188 -0.000608
6189 -0.000608
6190 -0.000608
6191 -0.000608
6192 -0.000608
6193 -0.000608
6194 -0.000608
6195 -0.000608
6196 -0.000608
6197 -0.000608
6198 -0.000608
6199 -0.000608
6201 -0.000607
6202 -0.000610
6203 -0.000608
6204 -0.000608
6205 -0.000608
6206 -0.000608
6207 -0.000608
6208 -0.000608
6210 -0.000607
6211 -0.000606
6212 -0.000608
6213 -0.000607
6214 -0.000607
6215 -0.000607
6216 -0.000607
6218 -0.000608
6219 -0.000604
6220 -0.000608
6222 -0.000615
6223 -0.000605
6224 -0.000606
6226 -0.000602
6227 -0.000607
6228 -0.000609
6229 -0.000607
6231 -0.000610
6232 -0.000605
6233 -0.000605
6234 -0.000607
6235 -0.000607
6236 -0.000607
6238 -0.000612
6239 -0.000606
6240 -0.000606
6241 -0.000606
6243 -0.000603
6245 -0.000606
6246 -0.000606
6247 -0.000606
6248 -0.000606
6250 -0.000610
6252 -0.000607
6256 -0.000602
6257 -0.000605
6258 -0.000605
6259 -0.000605
6260 -0.000605
6261 -0.000605
6262 -0.000605
6263 -0.000605
6264 -0.000605
6268 -0.000599
6269 -0.000604
6271 -0.000603
6272 -0.000605
6273 -0.000604
6274 -0.000604
6275 -0.000604
6276 -0.000604
6277 -0.000604
6278 -0.000604
6280 -0.000614
6281 -0.000605
6283 -0.000588
6284 -0.000603
6286 -0.000599
6287 -0.000604
6288 -0.000603
6290 -0.000604
6291 -0.000603
6293 -0.000599
6294 -0.000602
6295 -0.000603
6296 -0.000603
6297 -0.000603
6299 -0.000611
6302 -0.000606
6303 -0.000603
6306 -0.000607
6309 -0.000605
6310 -0.000603
6313 -0.000601
6314 -0.000599
6317 -0.000601
6318 -0.000600
6322 -0.000603
6323 -0.000601
6324 -0.000599
6325 -0.000600
6326 -0.000600
6327 -0.000600
6330 -0.000606
6336 -0.000594
6337 -0.000598
6338 -0.000599
6339 -0.000599
6340 -0.000598
6341 -0.000598
6343 -0.000601
6345 -0.000595
6347 -0.000597
6350 -0.000592
6351 -0.000597
6352 -0.000597
6353 -0.000597
6354 -0.000597
6355 -0.000597
6356 -0.000597
6357 -0.000597
6358 -0.000597
6360 -0.000601
6361 -0.000599
6362 -0.000597
6363 -0.000597
6364 -0.000597
6366 -0.000594
6373 -0.000603
6374 -0.000595
6375 -0.000596
6376 -0.000596
6378 -0.000598
6379 -0.000595
6380 -0.000596
6381 -0.000595
6382 -0.000595
6383 -0.000595
6384 -0.000595
6385 -0.000595
6386 -0.000595
6387 -0.000595
6388 -0.000595
6391 -0.000598
6392 -0.000594
6393 -0.000595
6394 -0.000595
6395 -0.000595
6396 -0.000595
6398 -0.000591
6401 -0.000595
6402 -0.000590
6403 -0.000593
6405 -0.000592
6406 -0.000596
6407 -0.000593
6408 -0.000594
6410 -0.000584
6411 -0.000592
6413 -0.000593
6414 -0.000594
6416 -0.000588
6417 -0.000596
6418 -0.000594
6419 -0.000593
6422 -0.000601
6425 -0.000591
6426 -0.000595
6427 -0.000593
6430 -0.000592
6431 -0.000590
6432 -0.000591
6434 -0.000592
6435 -0.000591
6436 -0.000592
6438 -0.000593
6439 -0.000592
6440 -0.000592
6441 -0.000592
6442 -0.000592
6444 -0.000584
6445 -0.000589
6447 -0.000592
6448 -0.000591
6449 -0.000590
6450 -0.000593
6451 -0.000591
6452 -0.000591
6453 -0.000591
6454 -0.000591
6456 -0.000593
6457 -0.000591
6458 -0.000590
6459 -0.000591
6460 -0.000591
6461 -0.000591
6462 -0.000591
6463 -0.000591
6465 -0.000600
6466 -0.000591
6467 -0.000591
6468 -0.000591
6469 -0.000591
6470 -0.000591
6471 -0.000591
6472 -0.000591
6474 -0.000594
6475 -0.000591
6477 -0.000592
6478 -0.000591
6479 -0.000591
6480 -0.000591
6482 -0.000586
6483 -0.000589
6484 -0.000590
6485 -0.000590
6486 -0.000590
6487 -0.000590
6488 -0.000590
6490 -0.000583
6491 -0.000591
6492 -0.000591
6495 -0.000591
6496 -0.000588
6497 -0.000589
6498 -0.000590
6499 -0.000590
6500 -0.000590
6501 -0.000590
6503 -0.000590
6504 -0.000592
6505 -0.000589
6506 -0.000589
6508 -0.000589
6509 -0.000589
6510 -0.000590
6511 -0.000589
6512 -0.000589
6513 -0.000589
6514 -0.000589
6519 -0.000594
6520 -0.000588
6521 -0.000588
6522 -0.000588
6523 -0.000589
6524 -0.000589
6525 -0.000588
6526 -0.000588
6529 -0.000574
6531 -0.000589
6532 -0.000587
6534 -0.000574
6535 -0.000587
6536 -0.000587
6537 -0.000588
6538 -0.000588
6539 -0.000588
6540 -0.000588
6541 -0.000588
6543 -0.000588
6544 -0.000588
6545 -0.000585
6546 -0.000586
6547 -0.000587
6548 -0.000588
6549 -0.000588
6550 -0.000587
6553 -0.000591
6554 -0.000585
6555 -0.000586
6557 -0.000585
6559 -0.000589
6560 -0.000585
6563 -0.000582
6564 -0.000586
6565 -0.000586
6566 -0.000586
6568 -0.000585
6569 -0.000584
6570 -0.000586
6571 -0.000586
6572 -0.000586
6574 -0.000583
6575 -0.000587
6576 -0.000586
6577 -0.000586
6578 -0.000586
6580 -0.000584
6583 -0.000581
6584 -0.000587
6586 -0.000584
6588 -0.000582
6589 -0.000585
6590 -0.000584
6591 -0.000585
6592 -0.000585
6594 -0.000579
6595 -0.000585
6596 -0.000585
6597 -0.000585
6598 -0.000585
6599 -0.000585
6600 -0.000585
6602 -0.000586
6604 -0.000575
6606 -0.000581
6607 -0.000584
6608 -0.000584
6610 -0.000577
6611 -0.000582
6613 -0.000582
6614 -0.000582
6615 -0.000583
6616 -0.000584
6617 -0.000583
6618 -0.000583
6619 -0.000584
6621 -0.000588
6622 -0.000582
6623 -0.000583
6624 -0.000583
6625 -0.000583
6626 -0.000583
6627 -0.000583
6629 -0.000584
6630 -0.000582
6631 -0.000584
6632 -0.000584
6633 -0.000583
6635 -0.000580
6636 -0.000582
6637 -0.000585
6639 -0.000584
6640 -0.000582
6641 -0.000583
6642 -0.000583
6643 -0.000583
6644 -0.000583
6645 -0.000583
6646 -0.000583
6647 -0.000583
6648 -0.000583
6650 -0.000575
6652 -0.000587
6653 -0.000582
6654 -0.000582
6657 -0.000586
6661 -0.000585
6663 -0.000583
6665 -0.000588
6666 -0.000580
6667 -0.000581
6669 -0.000577
6670 -0.000582
6673 -0.000587
6674 -0.000577
6676 -0.000581
6677 -0.000579
6678 -0.000580
6679 -0.000580
6680 -0.000580
6681 -0.000580
6683 -0.000585
6685 -0.000582
6687 -0.000577
6688 -0.000580
6689 -0.000580
6690 -0.000580
6693 -0.000579
6694 -0.000577
6695 -0.000580
6696 -0.000579
6697 -0.000579
6698 -0.000579
6699 -0.000579
6700 -0.000579
6701 -0.000579
6702 -0.000579
6703 -0.000579
6704 -0.000579
6705 -0.000579
6706 -0.000579
6707 -0.000579
6709 -0.000586
6710 -0.000580
6711 -0.000579
6712 -0.000579
6713 -0.000579
6714 -0.000579
6715 -0.000579
6717 -0.000578
6718 -0.000579
6721 -0.000581
6722 -0.000578
6723 -0.000578
6725 -0.000578
6726 -0.000578
6727 -0.000578
6728 -0.000578
6729 -0.000578
6730 -0.000578
6731 -0.000578
6732 -0.000578
6735 -0.000572
6736 -0.000581
6738 -0.000577
6739 -0.000579
6740 -0.000577
6741 -0.000578
6742 -0.000578
6743 -0.000577
6744 -0.000577
6745 -0.000577
6748 -0.000576
6750 -0.000584
6751 -0.000577
6752 -0.000577
6753 -0.000577
6754 -0.000577
6755 -0.000577
6756 -0.000577
6757 -0.000577
6759 -0.000573
6761 -0.000567
6765 -0.000576
6768 -0.000574
6769 -0.000578
6770 -0.000575
6772 -0.000587
6773 -0.000574
6775 -0.000573
6776 -0.000576
6777 -0.000575
6778 -0.000575
6780 -0.000569
6782 -0.000570
6783 -0.000573
6784 -0.000575
6785 -0.000574
6787 -0.000580
6788 -0.000575
6790 -0.000570
6791 -0.000574
6792 -0.000573
6793 -0.000574
6794 -0.000574
6795 -0.000574
6798 -0.000575
6800 -0.000569
6802 -0.000565
6803 -0.000573
6804 -0.000573
6805 -0.000573
6806 -0.000573
6807 -0.000573
6809 -0.000570
6811 -0.000572
6812 -0.000577
6814 -0.000572
6817 -0.000574
6818 -0.000573
6819 -0.000573
6822 -0.000574
6823 -0.000573
6824 -0.000572
6825 -0.000571
6826 -0.000572
6827 -0.000572
6829 -0.000578
6830 -0.000572
6831 -0.000572
6832 -0.000572
6833 -0.000572
6834 -0.000572
6836 -0.000559
6837 -0.000574
6838 -0.000572
6839 -0.000572
6840 -0.000572
6841 -0.000572
6843 -0.000575
6844 -0.000571
6845 -0.000572
6847 -0.000571
6848 -0.000571
6850 -0.000571
6851 -0.000570
6852 -0.000572
6853 -0.000570
6854 -0.000571
6855 -0.000571
6856 -0.000571
6857 -0.000571
6858 -0.000571
6859 -0.000571
6860 -0.000571
6861 -0.000571
6862 -0.000571
6864 -0.000578
6865 -0.000571
6866 -0.000571
6867 -0.000571
6869 -0.000571
6871 -0.000578
6872 -0.000571
6875 -0.000583
6876 -0.000572
6877 -0.000571
6878 -0.000570
6879 -0.000570
6880 -0.000570
6881 -0.000570
6883 -0.000565
6885 -0.000570
6886 -0.000568
6887 -0.000569
6888 -0.000570
6889 -0.000571
6890 -0.000570
6891 -0.000570
6893 -0.000571
6895 -0.000574
6896 -0.000567
6897 -0.000568
6898 -0.000571
6899 -0.000570
6900 -0.000569
6901 -0.000569
6902 -0.000569
6903 -0.000569
6904 -0.000569
6905 -0.000569
6906 -0.000569
6907 -0.000569
6908 -0.000569
6909 -0.000569
6910 -0.000569
6911 -0.000569
6912 -0.000569
6913 -0.000569
6914 -0.000569
6916 -0.000566
6917 -0.000567
6918 -0.000569
6919 -0.000569
6920 -0.000569
6922 -0.000575
6924 -0.000570
6925 -0.000570
6926 -0.000569
6927 -0.000569
6928 -0.000569
6929 -0.000569
6933 -0.000566
6934 -0.000571
6935 -0.000568
6938 -0.000577
6939 -0.000568
6943 -0.000578
6944 -0.000567
6945 -0.000567
6946 -0.000567
6947 -0.000567
6948 -0.000567
6950 -0.000575
6951 -0.000568
6953 -0.000566
6955 -0.000561
6956 -0.000568
6957 -0.000567
6958 -0.000567
6959 -0.000567
6960 -0.000567
6961 -0.000567
6962 -0.000567
6963 -0.000567
6966 -0.000565
6967 -0.000566
6969 -0.000573
6971 -0.000550
6972 -0.000571
6973 -0.000566
6974 -0.000566
6976 -0.000570
6977 -0.000565
6980 -0.000565
6981 -0.000565
6982 -0.000564
6983 -0.000565
6984 -0.000566
6985 -0.000565
6986 -0.000565
6987 -0.000565
6988 -0.000565
6990 -0.000571
6991 -0.000565
6992 -0.000565
6994 -0.000564
6995 -0.000566
6996 -0.000565
6998 -0.000567
6999 -0.000564
7001 -0.000564
7002 -0.000563
7007 -0.000548
7008 -0.000567
7009 -0.000564
7010 -0.000564
7011 -0.000564
7012 -0.000564
7013 -0.000564
7014 -0.000564
7015 -0.000564
7016 -0.000564
7017 -0.000564
7018 -0.000564
7019 -0.000564
7021 -0.000561
7023 -0.000563
7024 -0.000562
7025 -0.000562
7027 -0.000564
7029 -0.000563
7031 -0.000564
7032 -0.000563
7034 -0.000568
7035 -0.000562
7036 -0.000563
7037 -0.000563
7040 -0.000565
7041 -0.000563
7042 -0.000562
7043 -0.000562
7044 -0.000562
7046 -0.000564
7048 -0.000548
7050 -0.000545
7052 -0.000566
7055 -0.000566
7057 -0.000562
7058 -0.000560
7059 -0.000561
7060 -0.000561
7061 -0.000561
7062 -0.000561
7063 -0.000561
7064 -0.000561
7066 -0.000558
7067 -0.000561
7068 -0.000561
7069 -0.000561
7070 -0.000561
7071 -0.000561
7073 -0.000562
7075 -0.000556
7076 -0.000560
7079 -0.000569
7080 -0.000556
7081 -0.000560
7082 -0.000560
7083 -0.000560
7084 -0.000560
7085 -0.000560
7086 -0.000560
7087 -0.000560
7088 -0.000560
7090 -0.000570
7094 -0.000564
7095 -0.000558
7096 -0.000560
7097 -0.000559
7099 -0.000576
7100 -0.000559
7101 -0.000559
7104 -0.000558
7105 -0.000562
7106 -0.000560
7107 -0.000558
7108 -0.000559
7109 -0.000559
7110 -0.000559
7111 -0.000559
7113 -0.000561
7114 -0.000558
7115 -0.000558
7116 -0.000559
7118 -0.000560
7119 -0.000561
7121 -0.000555
7122 -0.000557
7125 -0.000556
7127 -0.000558
7128 -0.000558
7131 -0.000554
7132 -0.000557
7133 -0.000557
7134 -0.000557
7135 -0.000557
7136 -0.000557
7138 -0.000560
7139 -0.000557
7140 -0.000557
7141 -0.000557
7142 -0.000557
7143 -0.000557
7144 -0.000557
7145 -0.000557
7146 -0.000557
7147 -0.000557
7148 -0.000557
7149 -0.000557
7150 -0.000557
7151 -0.000557
7152 -0.000557
7153 -0.000557
7154 -0.000557
7155 -0.000557
7156 -0.000557
7157 -0.000557
7158 -0.000557
7159 -0.000557
7160 -0.000557
7161 -0.000557
7162 -0.000557
7163 -0.000557
7164 -0.000557
7166 -0.000554
7168 -0.000557
7169 -0.000556
7170 -0.000557
7171 -0.000556
7172 -0.000557
7174 -0.000552
7176 -0.000555
7177 -0.000556
7178 -0.000556
7179 -0.000556
7181 -0.000557
7182 -0.000552
7183 -0.000556
7184 -0.000556
7185 -0.000556
7186 -0.000556
7187 -0.000556
7188 -0.000556
7189 -0.000556
7191 -0.000557
7193 -0.000550
7196 -0.000563
7200 -0.000552
7202 -0.000551
7203 -0.000552
7204 -0.000555
7205 -0.000555
7207 -0.000564
7212 -0.000542
7213 -0.000552
7214 -0.000555
7215 -0.000554
7217 -0.000551
7219 -0.000559
7220 -0.000553
7221 -0.000553
7222 -0.000553
7223 -0.000553
7224 -0.000553
7225 -0.000553
7227 -0.000559
7229 -0.000562
7230 -0.000554
7231 -0.000553
7233 -0.000551
7234 -0.000553
7235 -0.000553
7236 -0.000553
7237 -0.000553
7238 -0.000553
7239 -0.000553
7240 -0.000553
7242 -0.000562
7243 -0.000551
7244 -0.000553
7245 -0.000553
7246 -0.000553
7248 -0.000546
7249 -0.000558
7251 -0.000547
7253 -0.000557
7254 -0.000554
7255 -0.000552
7257 -0.000557
7258 -0.000553
7259 -0.000552
7260 -0.000552
7261 -0.000552
7262 -0.000552
7263 -0.000552
7264 -0.000552
7265 -0.000552
7266 -0.000552
7269 -0.000554
7270 -0.000554
7271 -0.000552
7273 -0.000538
7274 -0.000551
7275 -0.000551
7278 -0.000541
7280 -0.000553
7281 -0.000552
7283 -0.000554
7284 -0.000551
7285 -0.000550
7286 -0.000551
7288 -0.000560
7289 -0.000552
7290 -0.000550
7291 -0.000550
7292 -0.000551
7293 -0.000551
7294 -0.000550
7295 -0.000550
7296 -0.000550
7297 -0.000550
7298 -0.000550
7299 -0.000550
7300 -0.000550
7301 -0.000550
7303 -0.000550
7304 -0.000550
7305 -0.000550
7306 -0.000550
7307 -0.000550
7308 -0.000550
7310 -0.000566
7311 -0.000551
7312 -0.000550
7313 -0.000550
7315 -0.000546
7316 -0.000550
7317 -0.000550
7318 -0.000550
7320 -0.000557
7321 -0.000550
7322 -0.000550
7324 -0.000547
7325 -0.000549
7327 -0.000548
7328 -0.000547
7329 -0.000550
7331 -0.000547
7332 -0.000548
7333 -0.000549
7334 -0.000549
7335 -0.000549
7336 -0.000549
7340 -0.000549
7341 -0.000549
7342 -0.000549
7343 -0.000549
7344 -0.000549
7345 -0.000549
7346 -0.000549
7347 -0.000549
7348 -0.000549
7349 -0.000549
7350 -0.000549
7351 -0.000549
7352 -0.000549
7353 -0.000549
7356 -0.000543
7357 -0.000547
7359 -0.000542
7360 -0.000547
7361 -0.000548
7362 -0.000548
7364 -0.000541
7365 -0.000546
7366 -0.000549
7367 -0.000548
7369 -0.000545
7370 -0.000548
7371 -0.000548
7372 -0.000548
7376 -0.000550
7377 -0.000546
7378 -0.000548
7379 -0.000547
7380 -0.000547
7381 -0.000547
7382 -0.000547
7383 -0.000547
7386 -0.000545
7387 -0.000545
7388 -0.000547
7389 -0.000547
7390 -0.000548
7391 -0.000547
7392 -0.000547
7394 -0.000546
7395 -0.000547
7396 -0.000547
7397 -0.000547
7398 -0.000547
7399 -0.000547
7400 -0.000547
7401 -0.000547
7405 -0.000555
7406 -0.000545
7407 -0.000546
7409 -0.000552
7411 -0.000549
7412 -0.000546
7413 -0.000546
7414 -0.000546
7415 -0.000546
7416 -0.000546
7418 -0.000551
7419 -0.000545
7420 -0.000547
7421 -0.000545
7423 -0.000548
7424 -0.000546
7425 -0.000545
7426 -0.000546
7427 -0.000545
7428 -0.000545
7429 -0.000545
7430 -0.000545
7431 -0.000545
7432 -0.000545
7433 -0.000545
7434 -0.000545
7435 -0.000545
7436 -0.000545
7437 -0.000545
7438 -0.000545
7439 -0.000545
7440 -0.000545
7441 -0.000545
7442 -0.000545
7443 -0.000545
7444 -0.000545
7445 -0.000545
7446 -0.000545
7447 -0.000545
7449 -0.000544
7453 -0.000531
7456 -0.000540
7458 -0.000552
7459 -0.000544
7462 -0.000547
7463 -0.000541
7464 -0.000544
7465 -0.000544
7466 -0.000544
7468 -0.000552
7472 -0.000537
7473 -0.000542
7475 -0.000539
7476 -0.000544
7477 -0.000542
7478 -0.000543
7479 -0.000543
7480 -0.000543
7482 -0.000544
7483 -0.000543
7484 -0.000543
7486 -0.000542
7488 -0.000547
7490 -0.000539
7493 -0.000534
7494 -0.000542
7496 -0.000546
7497 -0.000542
7499 -0.000541
7500 -0.000541
7501 -0.000541
7502 -0.000542
7504 -0.000543
7505 -0.000542
7509 -0.000540
7511 -0.000543
7513 -0.000537
7514 -0.000541
7515 -0.000541
7516 -0.000541
7517 -0.000541
7518 -0.000541
7519 -0.000541
7520 -0.000541
7521 -0.000541
7523 -0.000544
7524 -0.000540
7525 -0.000541
7527 -0.000543
7528 -0.000538
7529 -0.000540
7530 -0.000540
7531 -0.000540
7532 -0.000540
7533 -0.000540
7534 -0.000540
7535 -0.000540
7536 -0.000540
7538 -0.000542
7539 -0.000540
7540 -0.000540
7541 -0.000540
7542 -0.000540
7543 -0.000540
7544 -0.000540
7545 -0.000540
7546 -0.000540
7547 -0.000540
7550 -0.000549
7551 -0.000538
7552 -0.000539
7553 -0.000540
7554 -0.000540
7555 -0.000540
7556 -0.000540
7558 -0.000543
7559 -0.000540
7561 -0.000534
7563 -0.000541
7564 -0.000541
7566 -0.000532
7567 -0.000538
7568 -0.000538
7569 -0.000539
7570 -0.000539
7572 -0.000535
7573 -0.000539
7574 -0.000539
7575 -0.000539
7576 -0.000539
7577 -0.000539
7578 -0.000539
7579 -0.000539
7580 -0.000539
7582 -0.000543
7583 -0.000539
7585 -0.000538
7587 -0.000534
7590 -0.000537
7591 -0.000536
7596 -0.000534
7602 -0.000535
7603 -0.000536
7604 -0.000536
7605 -0.000536
7608 -0.000535
7609 -0.000535
7610 -0.000536
7611 -0.000536
7612 -0.000536
7613 -0.000536
7614 -0.000536
7615 -0.000536
7617 -0.000537
7618 -0.000536
7620 -0.000543
7621 -0.000535
7622 -0.000534
7623 -0.000535
7624 -0.000536
7626 -0.000540
7627 -0.000535
7628 -0.000535
7629 -0.000536
7630 -0.000536
7631 -0.000536
7632 -0.000536
7633 -0.000536
7634 -0.000536
7635 -0.000536
7637 -0.000534
7638 -0.000537
7639 -0.000536
7640 -0.000535
7642 -0.000536
7643 -0.000535
7644 -0.000535
7645 -0.000535
7646 -0.000535
7647 -0.000535
7648 -0.000535
7649 -0.000535
7650 -0.000535
7651 -0.000535
7652 -0.000535
7653 -0.000535
7654 -0.000535
7656 -0.000534
7657 -0.000537
7658 -0.000535
7660 -0.000533
7661 -0.000535
7663 -0.000536
7665 -0.000528
7668 -0.000529
7671 -0.000537
7672 -0.000534
7674 -0.000537
7675 -0.000534
7678 -0.000543
7679 -0.000532
7680 -0.000534
7682 -0.000534
7683 -0.000530
7684 -0.000533
7685 -0.000533
7686 -0.000533
7687 -0.000533
7688 -0.000533
7689 -0.000533
7690 -0.000533
7691 -0.000533
7692 -0.000533
7693 -0.000533
7694 -0.000533
7695 -0.000533
7696 -0.000533
7697 -0.000533
7698 -0.000533
7699 -0.000533
7700 -0.000533
7701 -0.000533
7702 -0.000533
7703 -0.000533
7705 -0.000537
7706 -0.000535
7707 -0.000533
7709 -0.000532
7710 -0.000532
7711 -0.000533
7712 -0.000533
7713 -0.000533
7716 -0.000531
7717 -0.000533
7719 -0.000531
7720 -0.000533
7721 -0.000532
7723 -0.000524
7724 -0.000531
7726 -0.000527
7727 -0.000533
7728 -0.000531
7729 -0.000531
7731 -0.000530
7732 -0.000531
7733 -0.000532
7734 -0.000532
7735 -0.000532
7736 -0.000532
7737 -0.000532
7738 -0.000532
7739 -0.000532
7741 -0.000527
7743 -0.000537
7744 -0.000531
7745 -0.000531
7746 -0.000531
7747 -0.000532
7748 -0.000531
7749 -0.000531
7751 -0.000528
7752 -0.000529
7753 -0.000532
7754 -0.000531
7755 -0.000531
7756 -0.000531
7757 -0.000531
7759 -0.000527
7760 -0.000530
7761 -0.000531
7762 -0.000531
7764 -0.000535
7765 -0.000532
7767 -0.000515
7768 -0.000532
7770 -0.000528
7773 -0.000525
7774 -0.000530
7775 -0.000530
7776 -0.000531
7777 -0.000530
7778 -0.000530
7779 -0.000530
7780 -0.000530
7781 -0.000530
7782 -0.000530
7783 -0.000530
7785 -0.000525
7786 -0.000530
7787 -0.000530
7788 -0.000530
7789 -0.000530
7790 -0.000530
7791 -0.000530
7795 -0.000527
7796 -0.000530
7797 -0.000529
7798 -0.000530
7799 -0.000530
7800 -0.000530
7803 -0.000531
7804 -0.000533
7805 -0.000529
7806 -0.000529
7807 -0.000529
7808 -0.000529
7809 -0.000529
7810 -0.000529
7811 -0.000529
7812 -0.000529
7813 -0.000529
7814 -0.000529
7815 -0.000529
7816 -0.000529
7817 -0.000529
7818 -0.000529
7819 -0.000529
7820 -0.000529
7822 -0.000527
7823 -0.000529
7824 -0.000528
7825 -0.000528
7827 -0.000531
7828 -0.000530
7829 -0.000528
7832 -0.000528
7833 -0.000529
7834 -0.000528
7835 -0.000528
7837 -0.000524
7838 -0.000527
7840 -0.000529
7841 -0.000528
7842 -0.000529
7843 -0.000528
7845 -0.000525
7846 -0.000527
7847 -0.000527
7848 -0.000528
7849 -0.000528
7851 -0.000527
7853 -0.000532
7854 -0.000528
7855 -0.000528
7856 -0.000528
7858 -0.000524
7859 -0.000527
7860 -0.000527
7861 -0.000527
7862 -0.000527
7863 -0.000528
7865 -0.000525
7867 -0.000528
7868 -0.000527
7869 -0.000527
7870 -0.000527
7871 -0.000527
7875 -0.000530
7876 -0.000527
7878 -0.000524
7879 -0.000527
7880 -0.000526
7881 -0.000526
7882 -0.000527
7883 -0.000527
7885 -0.000522
7887 -0.000526
7888 -0.000526
7889 -0.000526
7890 -0.000526
7891 -0.000526
7893 -0.000534
7894 -0.000525
7896 -0.000519
7900 -0.000521
7902 -0.000520
7903 -0.000524
7904 -0.000525
7906 -0.000527
7907 -0.000524
7908 -0.000525
7910 -0.000521
7911 -0.000526
7913 -0.000525
7914 -0.000525
7916 -0.000524
7917 -0.000525
7918 -0.000525
7919 -0.000525
7920 -0.000524
7921 -0.000525
7922 -0.000525
7923 -0.000525
7927 -0.000526
7928 -0.000524
7929 -0.000525
7931 -0.000526
7932 -0.000525
7934 -0.000526
7935 -0.000524
7937 -0.000520
7939 -0.000524
7940 -0.000522
7941 -0.000524
7943 -0.000526
7945 -0.000522
7946 -0.000525
7948 -0.000518
7950 -0.000510
7951 -0.000522
7952 -0.000524
7953 -0.000523
7954 -0.000523
7956 -0.000521
7957 -0.000522
7958 -0.000522
7959 -0.000523
7960 -0.000523
7961 -0.000523
7962 -0.000523
7963 -0.000523
7964 -0.000523
7965 -0.000523
7966 -0.000523
7967 -0.000523
7968 -0.000523
7969 -0.000523
7970 -0.000523
7971 -0.000523
7972 -0.000523
7973 -0.000523
7974 -0.000523
7975 -0.000523
7976 -0.000523
7978 -0.000526
7979 -0.000523
7980 -0.000522
7981 -0.000522
7982 -0.000522
7983 -0.000522
7985 -0.000522
7986 -0.000520
7988 -0.000525
7989 -0.000522
7990 -0.000523
7991 -0.000522
7992 -0.000522
7993 -0.000522
7994 -0.000522
7995 -0.000522
7996 -0.000522
7998 -0.000518
7999 -0.000524
8000 -0.000522
8001 -0.000522
8002 -0.000522
8004 -0.000524
8005 -0.000522
8006 -0.000523
8007 -0.000522
8010 -0.000519
8011 -0.000522
8012 -0.000521
8013 -0.000522
8014 -0.000522
8016 -0.000523
8017 -0.000522
8018 -0.000521
8019 -0.000521
8020 -0.000521
8022 -0.000517
8023 -0.000520
8024 -0.000521
8025 -0.000521
8026 -0.000521
8028 -0.000528
8029 -0.000521
8030 -0.000521
8031 -0.000521
8032 -0.000521
8035 -0.000521
8037 -0.000524
8038 -0.000522
8039 -0.000521
8041 -0.000525
8045 -0.000522
8046 -0.000518
8047 -0.000520
8049 -0.000530
8050 -0.000519
8051 -0.000520
8052 -0.000520
8054 -0.000520
8055 -0.000520
8056 -0.000520
8057 -0.000520
8059 -0.000522
8062 -0.000513
8063 -0.000517
8065 -0.000522
8066 -0.000518
8073 -0.000514
8076 -0.000513
8078 -0.000520
8079 -0.000517
8080 -0.000518
8081 -0.000517
8082 -0.000517
8083 -0.000517
8084 -0.000517
8086 -0.000525
8087 -0.000517
8088 -0.000518
8089 -0.000517
8091 -0.000508
8092 -0.000517
8093 -0.000517
8094 -0.000517
8095 -0.000517
8097 -0.000517
8098 -0.000517
8099 -0.000517
8101 -0.000520
8102 -0.000516
8103 -0.000517
8104 -0.000517
8107 -0.000517
8108 -0.000519
8109 -0.000516
8111 -0.000508
8113 -0.000512
8114 -0.000517
8117 -0.000519
8118 -0.000516
8119 -0.000516
8120 -0.000516
8122 -0.000522
8123 -0.000516
8124 -0.000516
8125 -0.000516
8126 -0.000516
8127 -0.000516
8128 -0.000516
8129 -0.000516
8130 -0.000516
8131 -0.000516
8132 -0.000516
8133 -0.000516
8134 -0.000516
8136 -0.000520
8137 -0.000515
8138 -0.000515
8140 -0.000508
8142 -0.000511
8143 -0.000514
8145 -0.000515
8147 -0.000511
8148 -0.000515
8149 -0.000514
8151 -0.000513
8152 -0.000515
8153 -0.000515
8155 -0.000514
8156 -0.000515
8157 -0.000515
8159 -0.000518
8160 -0.000513
8161 -0.000512
8162 -0.000514
8163 -0.000514
8165 -0.000515
8167 -0.000510
8169 -0.000523
8170 -0.000514
8171 -0.000514
8172 -0.000514
8174 -0.000513
8176 -0.000514
8177 -0.000513
8178 -0.000514
8179 -0.000514
8180 -0.000514
8181 -0.000514
8182 -0.000514
8183 -0.000514
8184 -0.000514
8185 -0.000514
8187 -0.000512
8188 -0.000513
8189 -0.000513
8190 -0.000514
8191 -0.000514
8194 -0.000516
8195 -0.000513
8196 -0.000514
8197 -0.000513
8199 -0.000510
8201 -0.000514
8203 -0.000512
8204 -0.000514
8205 -0.000513
8206 -0.000513
8207 -0.000513
8208 -0.000513
8209 -0.000513
8211 -0.000511
8212 -0.000513
8213 -0.000513
8214 -0.000512
8215 -0.000513
8216 -0.000513
8217 -0.000513
8218 -0.000513
8220 -0.000514
8221 -0.000513
8223 -0.000504
8224 -0.000511
8228 -0.000510
8229 -0.000511
8231 -0.000502
8232 -0.000511
8233 -0.000512
8234 -0.000511
8235 -0.000512
8236 -0.000512
8237 -0.000512
8238 -0.000512
8239 -0.000512
8240 -0.000512
8241 -0.000512
8243 -0.000512
8245 -0.000510
8246 -0.000507
8247 -0.000512
8248 -0.000511
8249 -0.000511
8251 -0.000511
8252 -0.000513
8254 -0.000513
8255 -0.000512
8256 -0.000511
8257 -0.000511
8258 -0.000511
8259 -0.000511
8261 -0.000515
8262 -0.000512
8263 -0.000510
8264 -0.000511
8266 -0.000507
8267 -0.000510
8268 -0.000510
8269 -0.000511
8270 -0.000511
8271 -0.000511
8272 -0.000511
8273 -0.000511
8274 -0.000511
8275 -0.000511
8276 -0.000511
8277 -0.000511
8279 -0.000514
8280 -0.000510
8282 -0.000510
8283 -0.000509
8284 -0.000510
8285 -0.000510
8286 -0.000510
8287 -0.000510
8288 -0.000510
8289 -0.000510
8290 -0.000510
8291 -0.000510
8293 -0.000512
8294 -0.000508
8296 -0.000508
8297 -0.000509
8298 -0.000512
8300 -0.000508
8301 -0.000509
8302 -0.000510
8303 -0.000510
8304 -0.000510
8305 -0.000510
8306 -0.000510
8308 -0.000508
8309 -0.000511
8310 -0.000510
8311 -0.000510
8312 -0.000510
8313 -0.000510
8315 -0.000511
8316 -0.000510
8317 -0.000510
8318 -0.000509
8319 -0.000509
8320 -0.000510
8323 -0.000506
8324 -0.000509
8325 -0.000510
8327 -0.000506
8328 -0.000509
8329 -0.000509
8330 -0.000509
8332 -0.000496
8333 -0.000508
8334 -0.000509
8336 -0.000512
8337 -0.000509
8338 -0.000509
8339 -0.000509
8340 -0.000509
8342 -0.000509
8343 -0.000508
8344 -0.000509
8345 -0.000509
8346 -0.000509
8347 -0.000509
8349 -0.000511
8350 -0.000508
8351 -0.000508
8352 -0.000509
8353 -0.000508
8354 -0.000508
8356 -0.000508
8357 -0.000508
8359 -0.000506
8360 -0.000508
8361 -0.000508
8364 -0.000501
8366 -0.000502
8367 -0.000509
8368 -0.000507
8369 -0.000508
8370 -0.000508
8371 -0.000508
8372 -0.000508
8373 -0.000508
8375 -0.000512
8376 -0.000507
8378 -0.000507
8379 -0.000507
8380 -0.000508
8381 -0.000507
8382 -0.000507
8383 -0.000507
8384 -0.000507
8385 -0.000507
8387 -0.000506
8388 -0.000507
8389 -0.000507
8390 -0.000507
8391 -0.000507
8392 -0.000507
8395 -0.000504
8396 -0.000505
8397 -0.000507
8399 -0.000507
8400 -0.000507
8401 -0.000508
8402 -0.000507
8404 -0.000500
8405 -0.000507
8406 -0.000507
8408 -0.000509
8410 -0.000505
8412 -0.000498
8413 -0.000506
8414 -0.000506
8415 -0.000506
8416 -0.000506
8417 -0.000506
8418 -0.000506
8419 -0.000506
8422 -0.000503
8423 -0.000505
8424 -0.000506
8425 -0.000506
8426 -0.000506
8428 -0.000507
8429 -0.000506
8430 -0.000506
8431 -0.000506
8432 -0.000506
8433 -0.000506
8434 -0.000506
8435 -0.000506
8437 -0.000507
8439 -0.000508
8441 -0.000502
8442 -0.000505
8443 -0.000504
8444 -0.000505
8446 -0.000498
8447 -0.000506
8449 -0.000509
8450 -0.000505
8451 -0.000505
8452 -0.000505
8454 -0.000491
8455 -0.000503
8456 -0.000504
8459 -0.000508
8460 -0.000505
8461 -0.000504
8462 -0.000505
8464 -0.000504
8465 -0.000503
8466 -0.000504
8467 -0.000504
8468 -0.000504
8469 -0.000504
8470 -0.000504
8471 -0.000504
8472 -0.000504
8473 -0.000504
8474 -0.000504
8475 -0.000504
8476 -0.000504
8477 -0.000504
8478 -0.000504
8480 -0.000505
8481 -0.000506
8482 -0.000504
8484 -0.000504
8485 -0.000496
8488 -0.000503
8490 -0.000506
8491 -0.000502
8492 -0.000504
8493 -0.000504
8494 -0.000504
8496 -0.000497
8497 -0.000504
8499 -0.000505
8500 -0.000504
8501 -0.000503
8502 -0.000503
8503 -0.000503
8504 -0.000503
8505 -0.000503
8507 -0.000511
8509 -0.000499
8510 -0.000503
8513 -0.000499
8514 -0.000503
8518 -0.000506
8519 -0.000502
8521 -0.000504
8522 -0.000504
8523 -0.000501
8525 -0.000497
8526 -0.000496
8527 -0.000502
8529 -0.000500
8531 -0.000510
8532 -0.000503
8533 -0.000502
8535 -0.000499
8537 -0.000493
8538 -0.000501
8539 -0.000502
8540 -0.000501
8541 -0.000501
8543 -0.000508
8545 -0.000505
8546 -0.000500
8547 -0.000501
8548 -0.000501
8549 -0.000501
8550 -0.000501
8551 -0.000501
8552 -0.000501
8553 -0.000501
8554 -0.000501
8555 -0.000501
8556 -0.000501
8558 -0.000505
8559 -0.000501
8560 -0.000501
8562 -0.000501
8563 -0.000500
8564 -0.000500
8565 -0.000501
8566 -0.000501
8567 -0.000501
8569 -0.000502
8571 -0.000505
8573 -0.000507
8574 -0.000501
8577 -0.000493
8578 -0.000501
8580 -0.000491
8581 -0.000502
8582 -0.000499
8583 -0.000500
8585 -0.000513
8586 -0.000498
8587 -0.000500
8588 -0.000500
8589 -0.000500
8590 -0.000500
8593 -0.000502
8595 -0.000507
8596 -0.000499
8597 -0.000499
8598 -0.000499
8600 -0.000495
8601 -0.000502
8602 -0.000499
8603 -0.000499
8604 -0.000499
8605 -0.000499
8606 -0.000499
8607 -0.000499
8608 -0.000499
8609 -0.000499
8610 -0.000499
8612 -0.000499
8613 -0.000499
8614 -0.000499
8616 -0.000503
8617 -0.000499
8618 -0.000499
8619 -0.000499
8621 -0.000502
8622 -0.000498
8623 -0.000499
8624 -0.000499
8625 -0.000498
8627 -0.000494
8628 -0.000497
8629 -0.000498
8631 -0.000495
8632 -0.000493
8634 -0.000500
8635 -0.000498
8636 -0.000498
8637 -0.000498
8638 -0.000498
8639 -0.000498
8641 -0.000505
8642 -0.000498
8643 -0.000497
8644 -0.000498
8645 -0.000498
8646 -0.000498
8647 -0.000498
8648 -0.000498
8650 -0.000502
8651 -0.000498
8652 -0.000498
8653 -0.000498
8654 -0.000498
8656 -0.000502
8658 -0.000503
8659 -0.000498
8660 -0.000497
8661 -0.000498
8662 -0.000498
8663 -0.000498
8664 -0.000498
8666 -0.000497
8667 -0.000498
8669 -0.000495
8670 -0.000497
8673 -0.000495
8675 -0.000500
8676 -0.000497
8679 -0.000487
8680 -0.000496
8681 -0.000496
8682 -0.000496
8683 -0.000497
8684 -0.000497
8686 -0.000495
8687 -0.000496
8688 -0.000497
8689 -0.000496
8691 -0.000496
8692 -0.000497
8693 -0.000496
8694 -0.000496
8695 -0.000496
8696 -0.000496
8698 -0.000499
8699 -0.000496
8700 -0.000496
8701 -0.000496
8702 -0.000496
8704 -0.000501
8705 -0.000498
8707 -0.000500
8708 -0.000495
8709 -0.000496
8710 -0.000496
8711 -0.000496
8712 -0.000496
8713 -0.000496
8714 -0.000496
8715 -0.000496
8716 -0.000496
8719 -0.000498
8720 -0.000496
8721 -0.000495
8723 -0.000495
8725 -0.000496
8728 -0.000492
8729 -0.000495
8730 -0.000494
8733 -0.000497
8734 -0.000494
8735 -0.000494
8739 -0.000500
8740 -0.000494
8741 -0.000494
8742 -0.000494
8743 -0.000494
8746 -0.000492
8747 -0.000493
8748 -0.000495
8749 -0.000494
8750 -0.000494
8751 -0.000494
8753 -0.000496
8754 -0.000498
8755 -0.000493
8756 -0.000494
8757 -0.000494
8758 -0.000494
8759 -0.000494
8760 -0.000494
8763 -0.000490
8765 -0.000499
8766 -0.000493
8767 -0.000493
8768 -0.000493
8769 -0.000493
8770 -0.000493
8771 -0.000493
8773 -0.000494
8774 -0.000490
8775 -0.000493
8777 -0.000484
8778 -0.000494
8779 -0.000492
8780 -0.000493
8781 -0.000493
8782 -0.000493
8783 -0.000493
8785 -0.000497
8786 -0.000493
8787 -0.000493
8789 -0.000492
8790 -0.000495
8792 -0.000490
8793 -0.000492
8795 -0.000487
8796 -0.000493
8798 -0.000492
8800 -0.000491
8801 -0.000490
8802 -0.000491
8804 -0.000499
8805 -0.000491
8806 -0.000492
8807 -0.000492
8809 -0.000492
8810 -0.000493
8811 -0.000492
8812 -0.000492
8813 -0.000492
8814 -0.000492
8815 -0.000492
8816 -0.000492
8817 -0.000492
8818 -0.000492
8819 -0.000492
8820 -0.000492
8821 -0.000492
8822 -0.000492
8823 -0.000492
8824 -0.000492
8825 -0.000492
8826 -0.000492
8827 -0.000492
8829 -0.000492
8830 -0.000490
8831 -0.000492
8832 -0.000492
8833 -0.000492
8835 -0.000492
8837 -0.000491
8838 -0.000492
8841 -0.000491
8843 -0.000483
8847 -0.000486
8848 -0.000489
8849 -0.000490
8851 -0.000487
8852 -0.000490
8853 -0.000490
8854 -0.000491
8855 -0.000491
8858 -0.000491
8859 -0.000490
8861 -0.000487
8862 -0.000490
8864 -0.000507
8865 -0.000489
8866 -0.000490
8867 -0.000490
8869 -0.000485
8871 -0.000495
8872 -0.000489
8873 -0.000490
8874 -0.000489
8875 -0.000490
8876 -0.000490
8877 -0.000490
8878 -0.000490
8879 -0.000490
8880 -0.000490
8881 -0.000490
8882 -0.000490
8883 -0.000490
8884 -0.000490
8885 -0.000490
8886 -0.000490
8887 -0.000490
8890 -0.000489
8891 -0.000491
8892 -0.000489
8894 -0.000492
8895 -0.000492
8896 -0.000490
8899 -0.000491
8900 -0.000488
8901 -0.000489
8902 -0.000489
8904 -0.000488
8905 -0.000490
8906 -0.000489
8908 -0.000486
8909 -0.000490
8911 -0.000490
8912 -0.000488
8913 -0.000488
8915 -0.000491
8916 -0.000489
8917 -0.000488
8918 -0.000488
8919 -0.000488
8920 -0.000488
8921 -0.000488
8922 -0.000488
8923 -0.000488
8924 -0.000488
8925 -0.000488
8926 -0.000488
8927 -0.000488
8929 -0.000489
8930 -0.000489
8931 -0.000488
8932 -0.000488
8933 -0.000488
8934 -0.000488
8935 -0.000488
8936 -0.000488
8937 -0.000488
8938 -0.000488
8940 -0.000483
8941 -0.000490
8942 -0.000489
8943 -0.000488
8945 -0.000490
8946 -0.000491
8947 -0.000488
8948 -0.000488
8951 -0.000489
8955 -0.000479
8956 -0.000488
8957 -0.000488
8958 -0.000487
8960 -0.000488
8961 -0.000488
8963 -0.000484
8964 -0.000488
8965 -0.000487
8966 -0.000487
8967 -0.000487
8968 -0.000487
8970 -0.000483
8971 -0.000488
8972 -0.000488
8973 -0.000487
8974 -0.000487
8975 -0.000487
8977 -0.000484
8978 -0.000487
8980 -0.000481
8981 -0.000486
8982 -0.000487
8983 -0.000487
8984 -0.000487
8985 -0.000486
8987 -0.000491
8989 -0.000490
8990 -0.000487
8991 -0.000486
8992 -0.000486
8994 -0.000485
8995 -0.000487
8996 -0.000486
8997 -0.000486
8999 -0.000487
9000 -0.000484
9001 -0.000486
9004 -0.000489
9005 -0.000484
9006 -0.000486
9007 -0.000486
9010 -0.000476
9011 -0.000486
9012 -0.000485
9013 -0.000485
9014 -0.000485
9016 -0.000480
9018 -0.000481
9019 -0.000486
9020 -0.000484
9022 -0.000489
9023 -0.000485
9024 -0.000485
9025 -0.000485
9026 -0.000485
9027 -0.000485
9028 -0.000485
9030 -0.000484
9031 -0.000484
9032 -0.000485
9033 -0.000485
9034 -0.000485
9036 -0.000483
9038 -0.000483
9039 -0.000486
9040 -0.000485
9041 -0.000484
9042 -0.000485
9043 -0.000485
9046 -0.000477
9047 -0.000481
9048 -0.000485
9050 -0.000488
9051 -0.000484
9052 -0.000484
9053 -0.000484
9054 -0.000484
9055 -0.000484
9056 -0.000484
9057 -0.000484
9058 -0.000484
9059 -0.000484
9060 -0.000484
9061 -0.000484
9062 -0.000484
9063 -0.000484
9064 -0.000484
9065 -0.000484
9066 -0.000484
9067 -0.000484
9068 -0.000484
9072 -0.000478
9074 -0.000481
9075 -0.000481
9077 -0.000476
9078 -0.000483
9080 -0.000480
9081 -0.000483
9083 -0.000470
9084 -0.000481
9085 -0.000483
9087 -0.000487
9088 -0.000482
9089 -0.000484
9090 -0.000483
9091 -0.000483
9092 -0.000483
9093 -0.000483
9094 -0.000483
9095 -0.000483
9096 -0.000483
9098 -0.000487
9099 -0.000483
9100 -0.000483
9101 -0.000483
9102 -0.000483
9104 -0.000485
9108 -0.000485
9109 -0.000481
9110 -0.000484
9111 -0.000484
9112 -0.000482
9114 -0.000474
9115 -0.000485
9116 -0.000482
9117 -0.000482
9118 -0.000482
9119 -0.000482
9120 -0.000482
9122 -0.000481
9123 -0.000482
9125 -0.000479
9126 -0.000482
9127 -0.000481
9128 -0.000482
9130 -0.000482
9131 -0.000482
9132 -0.000482
9134 -0.000484
9135 -0.000482
9136 -0.000482
9137 -0.000482
9138 -0.000482
9139 -0.000482
9140 -0.000482
9141 -0.000482
9142 -0.000482
9143 -0.000482
9144 -0.000482
9147 -0.000481
9148 -0.000482
9150 -0.000485
9151 -0.000482
9152 -0.000481
9153 -0.000481
9155 -0.000475
9157 -0.000471
9158 -0.000479
9159 -0.000481
9161 -0.000475
9162 -0.000480
9163 -0.000480
9164 -0.000481
9165 -0.000480
9166 -0.000481
9167 -0.000481
9171 -0.000485
9172 -0.000479
9173 -0.000480
9175 -0.000484
9176 -0.000480
9177 -0.000480
9178 -0.000480
9179 -0.000480
9181 -0.000478
9182 -0.000479
9183 -0.000481
9184 -0.000480
9185 -0.000480
9186 -0.000480
9187 -0.000480
9188 -0.000480
9189 -0.000480
9190 -0.000480
9191 -0.000480
9192 -0.000480
9193 -0.000480
9195 -0.000475
9196 -0.000483
9197 -0.000480
9198 -0.000480
9199 -0.000480
9200 -0.000480
9201 -0.000480
9202 -0.000480
9203 -0.000480
9204 -0.000480
9206 -0.000482
9207 -0.000480
9208 -0.000480
9210 -0.000484
9211 -0.000480
9212 -0.000480
9213 -0.000480
9214 -0.000480
9217 -0.000474
9219 -0.000473
9220 -0.000479
9221 -0.000479
9222 -0.000479
9223 -0.000479
9224 -0.000479
9225 -0.000479
9226 -0.000479
9227 -0.000479
9228 -0.000479
9230 -0.000471
9232 -0.000482
9233 -0.000479
9235 -0.000473
9236 -0.000478
9237 -0.000479
9238 -0.000479
9239 -0.000479
9240 -0.000479
9241 -0.000479
9243 -0.000494
9244 -0.000479
9245 -0.000479
9247 -0.000479
9248 -0.000480
9249 -0.000480
9250 -0.000479
9252 -0.000478
9253 -0.000478
9254 -0.000479
9255 -0.000478
9257 -0.000480
9258 -0.000478
9262 -0.000471
9263 -0.000477
9264 -0.000477
9266 -0.000475
9267 -0.000478
9269 -0.000481
9270 -0.000477
9271 -0.000478
9272 -0.000477
9273 -0.000478
9274 -0.000478
9275 -0.000478
9276 -0.000478
9278 -0.000472
9279 -0.000477
9280 -0.000478
9281 -0.000477
9282 -0.000477
9283 -0.000477
9285 -0.000475
9288 -0.000482
9289 -0.000477
9291 -0.000482
9292 -0.000477
9293 -0.000477
9294 -0.000477
9295 -0.000477
9296 -0.000477
9297 -0.000477
9298 -0.000477
9299 -0.000477
9300 -0.000477
9301 -0.000477
9302 -0.000477
9304 -0.000482
9305 -0.000477
9306 -0.000477
9308 -0.000473
9309 -0.000478
9310 -0.000477
9311 -0.000477
9314 -0.000480
9315 -0.000476
9317 -0.000483
9318 -0.000476
9319 -0.000476
9320 -0.000476
9321 -0.000476
9322 -0.000476
9323 -0.000476
9324 -0.000476
9327 -0.000471
9328 -0.000478
9331 -0.000476
9332 -0.000474
9333 -0.000475
9334 -0.000476
9335 -0.000476
9336 -0.000476
9338 -0.000482
9339 -0.000476
9340 -0.000476
9341 -0.000475
9342 -0.000475
9343 -0.000476
9344 -0.000476
9346 -0.000481
9348 -0.000465
9350 -0.000478
9351 -0.000476
9353 -0.000475
9354 -0.000475
9356 -0.000481
9359 -0.000473
9360 -0.000474
9361 -0.000474
9362 -0.000474
9363 -0.000475
9364 -0.000475
9365 -0.000475
9366 -0.000475
9367 -0.000475
9369 -0.000472
9370 -0.000474
9371 -0.000474
9372 -0.000475
9373 -0.000474
9374 -0.000474
9375 -0.000474
9376 -0.000474
9377 -0.000474
9379 -0.000475
9380 -0.000475
9383 -0.000477
9384 -0.000474
9385 -0.000474
9386 -0.000474
9388 -0.000471
9389 -0.000475
9390 -0.000474
9391 -0.000474
9393 -0.000477
9394 -0.000471
9395 -0.000476
9396 -0.000474
9397 -0.000473
9398 -0.000474
9399 -0.000474
9400 -0.000474
9401 -0.000474
9402 -0.000474
9403 -0.000474
9404 -0.000474
9405 -0.000474
9407 -0.000475
9409 -0.000472
9410 -0.000475
9412 -0.000477
9413 -0.000474
9414 -0.000473
9415 -0.000473
9416 -0.000473
9418 -0.000476
9420 -0.000475
9421 -0.000475
9422 -0.000473
9423 -0.000473
9425 -0.000474
9426 -0.000472
9427 -0.000473
9428 -0.000473
9429 -0.000473
9430 -0.000473
9431 -0.000473
9432 -0.000473
9433 -0.000473
9434 -0.000473
9435 -0.000473
9436 -0.000473
9437 -0.000473
9439 -0.000471
9440 -0.000469
9442 -0.000470
9443 -0.000470
9444 -0.000473
9448 -0.000481
9449 -0.000472
9452 -0.000468
9453 -0.000472
9455 -0.000470
9457 -0.000472
9459 -0.000472
9460 -0.000472
9461 -0.000471
9463 -0.000480
9464 -0.000471
9466 -0.000471
9467 -0.000471
9468 -0.000471
9469 -0.000472
9470 -0.000471
9471 -0.000471
9472 -0.000471
9474 -0.000469
9475 -0.000473
9477 -0.000472
9478 -0.000471
9479 -0.000471
9480 -0.000471
9481 -0.000471
9483 -0.000476
9484 -0.000472
9485 -0.000471
9487 -0.000474
9489 -0.000476
9490 -0.000468
9492 -0.000468
9493 -0.000473
9494 -0.000471
9497 -0.000472
9498 -0.000472
9499 -0.000470
9501 -0.000474
9502 -0.000471
9503 -0.000470
9504 -0.000470
9505 -0.000470
9506 -0.000470
9508 -0.000477
9509 -0.000470
9510 -0.000470
9511 -0.000470
9513 -0.000467
9514 -0.000467
9516 -0.000478
9518 -0.000459
9519 -0.000468
9520 -0.000469
9521 -0.000470
9522 -0.000470
9523 -0.000470
9524 -0.000470
9525 -0.000470
9526 -0.000470
9528 -0.000477
9531 -0.000486
9532 -0.000471
9533 -0.000469
9534 -0.000469
9535 -0.000469
9536 -0.000469
9537 -0.000469
9538 -0.000469
9539 -0.000469
9540 -0.000469
9541 -0.000469
9542 -0.000469
9543 -0.000469
9544 -0.000469
9546 -0.000473
9548 -0.000469
9549 -0.000468
9550 -0.000469
9551 -0.000469
9553 -0.000468
9555 -0.000459
9556 -0.000469
9557 -0.000469
9559 -0.000472
9560 -0.000468
9561 -0.000468
9563 -0.000471
9565 -0.000466
9566 -0.000468
9568 -0.000471
9569 -0.000469
9570 -0.000468
9571 -0.000468
9572 -0.000468
9573 -0.000468
9574 -0.000468
9575 -0.000468
9576 -0.000468
9581 -0.000461
9583 -0.000466
9585 -0.000467
9586 -0.000468
9587 -0.000467
9588 -0.000467
9589 -0.000467
9590 -0.000467
9591 -0.000467
9592 -0.000467
9597 -0.000478
9598 -0.000467
9599 -0.000466
9600 -0.000467
9601 -0.000467
9602 -0.000467
9603 -0.000467
9604 -0.000467
9605 -0.000467
9606 -0.000467
9607 -0.000467
9608 -0.000467
9609 -0.000467
9610 -0.000467
9611 -0.000467
9612 -0.000467
9613 -0.000467
9614 -0.000467
9616 -0.000468
9617 -0.000468
9618 -0.000467
9619 -0.000466
9620 -0.000467
9621 -0.000467
9622 -0.000467
9623 -0.000467
9624 -0.000467
9627 -0.000476
9628 -0.000466
9629 -0.000467
9631 -0.000475
9632 -0.000467
9634 -0.000467
9635 -0.000467
9637 -0.000462
9638 -0.000466
9639 -0.000466
9640 -0.000466
9641 -0.000466
9642 -0.000466
9643 -0.000466
9644 -0.000466
9645 -0.000466
9646 -0.000466
9647 -0.000466
9649 -0.000466
9650 -0.000465
9651 -0.000466
9653 -0.000465
9654 -0.000466
9655 -0.000466
9656 -0.000466
9657 -0.000466
9658 -0.000466
9660 -0.000461
9661 -0.000465
9662 -0.000466
9664 -0.000463
9666 -0.000466
9667 -0.000466
9669 -0.000463
9670 -0.000466
9671 -0.000466
9672 -0.000465
9673 -0.000465
9674 -0.000465
9675 -0.000465
9676 -0.000465
9677 -0.000465
9678 -0.000465
9679 -0.000465
9680 -0.000465
9681 -0.000465
9682 -0.000465
9684 -0.000467
9685 -0.000465
9686 -0.000465
9687 -0.000465
9688 -0.000465
9689 -0.000465
9691 -0.000476
9692 -0.000466
9694 -0.000459
9695 -0.000468
9696 -0.000465
9697 -0.000465
9699 -0.000463
9700 -0.000464
9701 -0.000464
9702 -0.000465
9703 -0.000465
9708 -0.000465
9710 -0.000466
9711 -0.000466
9712 -0.000464
9713 -0.000464
9714 -0.000464
9716 -0.000458
9717 -0.000459
9718 -0.000465
9721 -0.000461
9722 -0.000463
9724 -0.000469
9725 -0.000463
9726 -0.000464
9727 -0.000464
9728 -0.000464
9730 -0.000462
9731 -0.000465
9732 -0.000464
9733 -0.000464
9734 -0.000464
9735 -0.000463
9736 -0.000464
9738 -0.000477
9739 -0.000464
9740 -0.000463
9741 -0.000463
9743 -0.000462
9744 -0.000463
9745 -0.000463
9746 -0.000463
9747 -0.000463
9749 -0.000462
9750 -0.000461
9755 -0.000457
9756 -0.000462
9757 -0.000462
9758 -0.000463
9759 -0.000462
9760 -0.000463
9763 -0.000461
9764 -0.000464
9765 -0.000463
9767 -0.000459
9768 -0.000463
9769 -0.000462
9771 -0.000463
9772 -0.000463
9773 -0.000462
9774 -0.000462
9775 -0.000462
9777 -0.000461
9778 -0.000464
9779 -0.000462
9780 -0.000462
9781 -0.000462
9784 -0.000460
9785 -0.000461
9786 -0.000462
9787 -0.000462
9788 -0.000462
9789 -0.000462
9790 -0.000462
9791 -0.000462
9792 -0.000462
9793 -0.000462
9794 -0.000462
9795 -0.000462
9797 -0.000458
9798 -0.000460
9799 -0.000462
9800 -0.000462
9801 -0.000462
9802 -0.000462
9804 -0.000460
9805 -0.000460
9806 -0.000461
9807 -0.000462
9808 -0.000462
9809 -0.000462
9810 -0.000461
9811 -0.000461
9812 -0.000461
9814 -0.000466
9816 -0.000458
9817 -0.000460
9818 -0.000462
9819 -0.000461
9820 -0.000461
9821 -0.000461
9822 -0.000461
9823 -0.000461
9825 -0.000450
9826 -0.000461
9827 -0.000461
9828 -0.000462
9830 -0.000459
9832 -0.000459
9833 -0.000461
9834 -0.000461
9835 -0.000461
9836 -0.000461
9837 -0.000461
9838 -0.000461
9839 -0.000461
9841 -0.000460
9843 -0.000459
9844 -0.000461
9845 -0.000461
9847 -0.000457
9848 -0.000460
9849 -0.000460
9851 -0.000462
9852 -0.000460
9853 -0.000460
9854 -0.000460
9857 -0.000461
9858 -0.000462
9859 -0.000460
9860 -0.000460
9861 -0.000460
9862 -0.000460
9866 -0.000456
9867 -0.000459
9868 -0.000459
9869 -0.000460
9870 -0.000460
9871 -0.000460
9872 -0.000460
9873 -0.000460
9874 -0.000460
9875 -0.000460
9876 -0.000460
9877 -0.000460
9878 -0.000460
9879 -0.000460
9880 -0.000460
9881 -0.000460
9882 -0.000460
9883 -0.000460
9884 -0.000460
9885 -0.000460
9887 -0.000455
9888 -0.000459
9890 -0.000465
9891 -0.000459
9892 -0.000459
9893 -0.000459
9894 -0.000459
9895 -0.000459
9896 -0.000459
9897 -0.000459
9899 -0.000455
9901 -0.000460
9902 -0.000456
9903 -0.000459
9904 -0.000459
9905 -0.000459
9906 -0.000459
9907 -0.000459
9908 -0.000459
9909 -0.000459
9910 -0.000459
9911 -0.000459
9912 -0.000459
9913 -0.000459
9914 -0.000459
9915 -0.000459
9916 -0.000459
9917 -0.000459
9919 -0.000457
9920 -0.000459
9921 -0.000459
9923 -0.000454
9924 -0.000457
9925 -0.000458
9926 -0.000459
9928 -0.000462
9929 -0.000458
9930 -0.000459
9931 -0.000458
9932 -0.000459
9933 -0.000459
9935 -0.000452
9936 -0.000462
9937 -0.000458
9939 -0.000456
9940 -0.000459
9941 -0.000458
9942 -0.000458
9943 -0.000459
9944 -0.000459
9945 -0.000459
9946 -0.000459
9947 -0.000459
9948 -0.000459
9949 -0.000459
9950 -0.000459
9951 -0.000459
9952 -0.000459
9953 -0.000459
9954 -0.000459
9955 -0.000459
9957 -0.000455
9958 -0.000458
9959 -0.000458
9960 -0.000458
9961 -0.000458
9962 -0.000458
9963 -0.000458
9964 -0.000458
9965 -0.000458
9967 -0.000458
9968 -0.000458
9969 -0.000458
9970 -0.000458
9971 -0.000458
9972 -0.000458
9974 -0.000465
9975 -0.000458
9976 -0.000457
9977 -0.000458
9978 -0.000458
9979 -0.000458
9981 -0.000459
9982 -0.000459
9984 -0.000467
9985 -0.000458
9986 -0.000458
9987 -0.000458
9988 -0.000458
9989 -0.000458
9991 -0.000457
9993 -0.000456
9994 -0.000457
9996 -0.000452
9997 -0.000458
9998 -0.000457
10000 -0.000458
10001 -0.000456
10003 -0.000461
10004 -0.000457
10005 -0.000458
10006 -0.000457
10007 -0.000457
10008 -0.000457
10009 -0.000457
10010 -0.000457
10012 -0.000458
10013 -0.000457
10014 -0.000457
10017 -0.000450
10018 -0.000454
10019 -0.000457
10021 -0.000449
10022 -0.000458
10025 -0.000455
10026 -0.000456
10027 -0.000456
10028 -0.000457
10029 -0.000457
10030 -0.000457
10031 -0.000457
10033 -0.000454
10035 -0.000452
10036 -0.000457
10037 -0.000457
10038 -0.000457
10039 -0.000456
10040 -0.000456
10041 -0.000456
10042 -0.000456
10043 -0.000456
10045 -0.000450
10046 -0.000455
10047 -0.000456
10049 -0.000456
10050 -0.000459
10051 -0.000456
10052 -0.000456
10053 -0.000456
10054 -0.000456
10055 -0.000456
10057 -0.000467
10058 -0.000456
10059 -0.000456
10060 -0.000456
10061 -0.000456
10063 -0.000451
10064 -0.000458
10065 -0.000456
10067 -0.000456
10068 -0.000456
10070 -0.000457
10071 -0.000453
10073 -0.000475
10074 -0.000455
10075 -0.000455
10077 -0.000462
10081 -0.000449
10084 -0.000449
10085 -0.000452
10086 -0.000455
10087 -0.000455
10089 -0.000456
10090 -0.000453
10091 -0.000455
10092 -0.000454
10093 -0.000455
10094 -0.000455
10095 -0.000455
10096 -0.000455
10098 -0.000459
10099 -0.000455
10100 -0.000455
10101 -0.000454
10102 -0.000454
10103 -0.000454
10104 -0.000454
10105 -0.000454
10106 -0.000454
10107 -0.000454
10108 -0.000454
10111 -0.000450
10113 -0.000463
10114 -0.000454
10118 -0.000455
10120 -0.000459
10122 -0.000457
10123 -0.000451
10125 -0.000448
10126 -0.000453
10127 -0.000454
10129 -0.000452
10130 -0.000454
10131 -0.000453
10134 -0.000455
10136 -0.000448
10137 -0.000453
10138 -0.000453
10140 -0.000442
10141 -0.000453
10143 -0.000453
10144 -0.000453
10145 -0.000453
10146 -0.000453
10147 -0.000453
10148 -0.000453
10149 -0.000453
10150 -0.000453
10151 -0.000453
10152 -0.000453
10153 -0.000453
10155 -0.000450
10156 -0.000453
10157 -0.000452
10158 -0.000452
10159 -0.000453
10161 -0.000451
10162 -0.000453
10164 -0.000444
10165 -0.000452
10166 -0.000453
10167 -0.000452
10168 -0.000452
10169 -0.000452
10170 -0.000452
10171 -0.000452
10172 -0.000452
10173 -0.000452
10174 -0.000452
10175 -0.000452
10176 -0.000452
10177 -0.000452
10178 -0.000452
10179 -0.000452
10181 -0.000453
10182 -0.000452
10183 -0.000452
10184 -0.000452
10185 -0.000452
10187 -0.000445
10189 -0.000463
10190 -0.000450
10191 -0.000452
10192 -0.000452
10193 -0.000452
10194 -0.000452
10195 -0.000452
10196 -0.000452
10198 -0.000446
10199 -0.000452
10200 -0.000451
10202 -0.000453
10204 -0.000449
10206 -0.000457
10208 -0.000450
10209 -0.000451
10210 -0.000451
10211 -0.000451
10212 -0.000451
10213 -0.000451
10214 -0.000451
10215 -0.000451
10216 -0.000451
10217 -0.000451
10218 -0.000451
10219 -0.000451
10220 -0.000451
10221 -0.000451
10222 -0.000451
10224 -0.000456
10225 -0.000451
10226 -0.000452
10227 -0.000451
10230 -0.000442
10231 -0.000453
10232 -0.000451
10234 -0.000452
10235 -0.000451
10238 -0.000446
10239 -0.000452
10241 -0.000449
10242 -0.000449
10243 -0.000451
10244 -0.000450
10245 -0.000450
10246 -0.000450
10247 -0.000450
10248 -0.000450
10249 -0.000450
10250 -0.000450
10251 -0.000450
10252 -0.000450
10254 -0.000441
10255 -0.000452
10256 -0.000452
10257 -0.000450
10258 -0.000450
10259 -0.000450
10260 -0.000450
10261 -0.000450
10262 -0.000450
10263 -0.000450
10264 -0.000450
10265 -0.000450
10267 -0.000448
10269 -0.000450
10271 -0.000453
10272 -0.000450
10273 -0.000450
10274 -0.000450
10275 -0.000450
10276 -0.000450
10279 -0.000447
10282 -0.000452
10283 -0.000451
10284 -0.000450
10285 -0.000450
10286 -0.000449
10287 -0.000449
10288 -0.000449
10289 -0.000449
10291 -0.000456
10294 -0.000481
10296 -0.000449
10297 -0.000448
10298 -0.000449
10300 -0.000445
10301 -0.000446
10303 -0.000447
10304 -0.000448
10306 -0.000453
10307 -0.000448
10308 -0.000449
10309 -0.000448
10310 -0.000449
10311 -0.000449
10313 -0.000450
10314 -0.000449
10315 -0.000448
10316 -0.000449
10317 -0.000448
10319 -0.000456
10320 -0.000449
10323 -0.000442
10324 -0.000450
10325 -0.000448
10326 -0.000448
10329 -0.000445
10330 -0.000447
10331 -0.000448
10332 -0.000448
10333 -0.000448
10334 -0.000448
10335 -0.000448
10336 -0.000448
10337 -0.000448
10338 -0.000448
10339 -0.000448
10340 -0.000448
10341 -0.000448
10342 -0.000448
10345 -0.000450
10346 -0.000448
10347 -0.000448
10348 -0.000448
10350 -0.000455
10351 -0.000448
10352 -0.000447
10353 -0.000448
10355 -0.000446
10356 -0.000446
10357 -0.000446
10361 -0.000457
10363 -0.000445
10366 -0.000449
10367 -0.000446
10368 -0.000447
10369 -0.000447
10370 -0.000447
10371 -0.000447
10372 -0.000447
10373 -0.000447
10375 -0.000449
10376 -0.000447
10377 -0.000446
10378 -0.000447
10379 -0.000447
10380 -0.000447
10381 -0.000447
10382 -0.000447
10383 -0.000447
10384 -0.000447
10386 -0.000448
10387 -0.000448
10388 -0.000447
10389 -0.000446
10390 -0.000446
10391 -0.000446
10393 -0.000454
10394 -0.000446
10395 -0.000446
10396 -0.000446
10397 -0.000446
10399 -0.000446
10401 -0.000448
10402 -0.000446
10403 -0.000446
10404 -0.000446
10407 -0.000443
10408 -0.000446
10409 -0.000446
10411 -0.000447
10413 -0.000442
10414 -0.000445
10415 -0.000446
10416 -0.000446
10417 -0.000446
10419 -0.000444
10420 -0.000447
10421 -0.000445
10422 -0.000447
10424 -0.000447
10425 -0.000445
10426 -0.000446
10427 -0.000446
10428 -0.000445
10429 -0.000445
10431 -0.000442
10432 -0.000446
10433 -0.000445
10434 -0.000445
10435 -0.000445
10436 -0.000445
10437 -0.000445
10439 -0.000447
10440 -0.000446
10441 -0.000445
10444 -0.000448
10445 -0.000447
10446 -0.000444
10447 -0.000445
10448 -0.000445
10449 -0.000445
10451 -0.000444
10453 -0.000451
10454 -0.000445
10455 -0.000444
10457 -0.000436
10458 -0.000446
10459 -0.000445
10460 -0.000444
10461 -0.000445
10462 -0.000445
10464 -0.000443
10465 -0.000445
10468 -0.000444
10470 -0.000445
10471 -0.000444
10472 -0.000444
10473 -0.000444
10474 -0.000444
10475 -0.000444
10477 -0.000441
10478 -0.000444
10479 -0.000444
10480 -0.000444
10481 -0.000444
10482 -0.000444
10483 -0.000444
10484 -0.000444
10485 -0.000444
10487 -0.000445
10488 -0.000444
10490 -0.000448
10491 -0.000444
10492 -0.000444
10493 -0.000444
10495 -0.000439
10496 -0.000446
10497 -0.000444
10498 -0.000444
10499 -0.000444
10501 -0.000448
10502 -0.000443
10503 -0.000443
10504 -0.000443
10505 -0.000443
10507 -0.000436
10508 -0.000442
10509 -0.000443
10510 -0.000444
10511 -0.000443
10512 -0.000443
10513 -0.000443
10514 -0.000443
10515 -0.000443
10516 -0.000443
10517 -0.000443
10518 -0.000443
10519 -0.000443
10520 -0.000443
10521 -0.000443
10522 -0.000443
10524 -0.000442
10525 -0.000443
10526 -0.000443
10527 -0.000443
10528 -0.000443
10530 -0.000449
10531 -0.000444
10532 -0.000443
10533 -0.000443
10534 -0.000443
10537 -0.000448
10538 -0.000444
10539 -0.000444
10541 -0.000445
10542 -0.000443
10543 -0.000443
10544 -0.000443
10545 -0.000443
10549 -0.000446
10550 -0.000442
10551 -0.000443
10552 -0.000443
10553 -0.000442
10554 -0.000442
10555 -0.000442
10556 -0.000442
10557 -0.000442
10558 -0.000442
10559 -0.000442
10560 -0.000442
10561 -0.000442
10562 -0.000442
10563 -0.000442
10564 -0.000442
10565 -0.000442
10566 -0.000442
10568 -0.000443
10569 -0.000442
10570 -0.000442
10571 -0.000442
10572 -0.000442
10574 -0.000444
10575 -0.000442
10576 -0.000442
10577 -0.000442
10578 -0.000442
10579 -0.000442
10580 -0.000442
10581 -0.000442
10582 -0.000442
10583 -0.000442
10584 -0.000442
10586 -0.000437
10587 -0.000445
10588 -0.000443
10589 -0.000442
10590 -0.000442
10591 -0.000442
10592 -0.000442
10593 -0.000442
10595 -0.000439
10596 -0.000442
10597 -0.000442
10598 -0.000442
10599 -0.000442
10600 -0.000442
10601 -0.000442
10602 -0.000442
10603 -0.000442
10605 -0.000446
10606 -0.000443
10607 -0.000441
10609 -0.000443
10610 -0.000442
10613 -0.000431
10614 -0.000441
10615 -0.000442
10616 -0.000441
10617 -0.000441
10618 -0.000441
10619 -0.000441
10620 -0.000441
10621 -0.000441
10622 -0.000441
10623 -0.000441
10624 -0.000441
10625 -0.000441
10626 -0.000441
10627 -0.000441
10628 -0.000441
10629 -0.000441
10630 -0.000441
10631 -0.000441
10632 -0.000441
10633 -0.000441
10636 -0.000439
10637 -0.000443
10638 -0.000441
10639 -0.000441
10640 -0.000441
10641 -0.000441
10642 -0.000441
10644 -0.000437
10645 -0.000443
10646 -0.000441
10647 -0.000441
10648 -0.000441
10649 -0.000441
10650 -0.000441
10651 -0.000441
10652 -0.000441
10654 -0.000441
10655 -0.000440
10656 -0.000441
10657 -0.000441
10658 -0.000441
10659 -0.000441
10662 -0.000441
10665 -0.000441
10667 -0.000444
10668 -0.000441
10669 -0.000440
10670 -0.000441
10672 -0.000436
10673 -0.000440
10674 -0.000441
10675 -0.000440
10676 -0.000440
10677 -0.000440
10678 -0.000440
10679 -0.000440
10681 -0.000439
10682 -0.000441
10684 -0.000436
10685 -0.000440
10686 -0.000440
10687 -0.000440
10688 -0.000440
10689 -0.000440
10690 -0.000440
10691 -0.000440
10693 -0.000440
10694 -0.000440
10695 -0.000440
10696 -0.000440
10697 -0.000440
10698 -0.000440
10699 -0.000440
10700 -0.000440
10703 -0.000438
10704 -0.000441
10705 -0.000440
10706 -0.000440
10707 -0.000440
10708 -0.000440
10709 -0.000440
10710 -0.000440
10711 -0.000440
10712 -0.000440
10713 -0.000440
10714 -0.000440
10715 -0.000440
10716 -0.000440
10717 -0.000440
10718 -0.000440
10719 -0.000440
10721 -0.000445
10723 -0.000444
10724 -0.000440
10725 -0.000440
10727 -0.000440
10729 -0.000445
10730 -0.000440
10731 -0.000440
10733 -0.000443
10734 -0.000439
10735 -0.000439
10738 -0.000436
10740 -0.000435
10741 -0.000439
10742 -0.000438
10743 -0.000439
10744 -0.000439
10747 -0.000444
10748 -0.000439
10749 -0.000439
10750 -0.000439
10751 -0.000439
10753 -0.000444
10754 -0.000438
10755 -0.000438
10756 -0.000439
10758 -0.000443
10759 -0.000438
10760 -0.000438
10761 -0.000438
10762 -0.000438
10763 -0.000438
10764 -0.000438
10765 -0.000438
10766 -0.000438
10767 -0.000438
10768 -0.000438
10769 -0.000438
10770 -0.000438
10772 -0.000440
10773 -0.000438
10776 -0.000436
10778 -0.000445
10780 -0.000440
10781 -0.000437
10782 -0.000437
10783 -0.000438
10784 -0.000438
10786 -0.000437
10788 -0.000430
10789 -0.000437
10790 -0.000438
10791 -0.000438
10793 -0.000438
10795 -0.000430
10796 -0.000435
10797 -0.000438
10798 -0.000437
10799 -0.000437
10802 -0.000436
10803 -0.000437
10806 -0.000431
10808 -0.000438
10809 -0.000438
10810 -0.000437
10812 -0.000442
10813 -0.000436
10814 -0.000436
10817 -0.000438
10818 -0.000437
10819 -0.000436
10820 -0.000437
10821 -0.000436
10822 -0.000436
10824 -0.000434
10826 -0.000433
10827 -0.000434
10828 -0.000436
10829 -0.000436
10830 -0.000436
10831 -0.000436
10832 -0.000436
10834 -0.000435
10835 -0.000436
10836 -0.000436
10838 -0.000438
10840 -0.000432
10841 -0.000435
10842 -0.000436
10843 -0.000436
10844 -0.000436
10846 -0.000441
10847 -0.000435
10848 -0.000436
10850 -0.000431
10851 -0.000436
10852 -0.000435
10853 -0.000435
10855 -0.000434
10856 -0.000436
10857 -0.000436
10858 -0.000436
10859 -0.000436
10860 -0.000436
10861 -0.000436
10863 -0.000435
10864 -0.000435
10867 -0.000440
10870 -0.000438
10872 -0.000428
10873 -0.000434
10874 -0.000434
10875 -0.000435
10877 -0.000432
10879 -0.000432
10880 -0.000435
10881 -0.000435
10882 -0.000434
10884 -0.000434
10886 -0.000433
10888 -0.000434
10889 -0.000433
10890 -0.000434
10892 -0.000428
10893 -0.000436
10894 -0.000434
10895 -0.000434
10897 -0.000436
10899 -0.000431
10900 -0.000435
10901 -0.000434
10902 -0.000432
10903 -0.000434
10904 -0.000434
10906 -0.000437
10907 -0.000432
10910 -0.000431
10911 -0.000432
10913 -0.000428
10914 -0.000432
10915 -0.000434
10916 -0.000434
10917 -0.000434
10918 -0.000433
10919 -0.000433
10920 -0.000433
10922 -0.000432
10923 -0.000435
10924 -0.000433
10927 -0.000437
10928 -0.000432
10931 -0.000431
10932 -0.000433
10934 -0.000434
10935 -0.000433
10936 -0.000433
10937 -0.000433
10938 -0.000433
10940 -0.000427
10941 -0.000434
10942 -0.000433
10943 -0.000433
10945 -0.000435
10946 -0.000431
10947 -0.000433
10948 -0.000433
10950 -0.000436
10951 -0.000433
10952 -0.000433
10954 -0.000429
10955 -0.000432
10956 -0.000433
10957 -0.000432
10958 -0.000432
10959 -0.000432
10960 -0.000432
10961 -0.000432
10962 -0.000432
10963 -0.000432
10964 -0.000432
10966 -0.000438
10968 -0.000435
10969 -0.000432
10970 -0.000432
10972 -0.000432
10973 -0.000432
10974 -0.000431
10975 -0.000432
10977 -0.000432
10978 -0.000432
10979 -0.000431
10981 -0.000430
10982 -0.000432
10983 -0.000432
10985 -0.000436
10986 -0.000430
10987 -0.000432
10988 -0.000432
10989 -0.000432
10990 -0.000432
10992 -0.000428
10993 -0.000432
10994 -0.000432
10995 -0.000432
10996 -0.000432
10997 -0.000432
10998 -0.000432
10999 -0.000432
11001 -0.000429
11002 -0.000433
11004 -0.000426
11006 -0.000433
11007 -0.000431
11008 -0.000431
11009 -0.000431
11010 -0.000431
11011 -0.000431
11012 -0.000431
11013 -0.000431
11015 -0.000430
11017 -0.000420
11019 -0.000429
11020 -0.000430
11021 -0.000431
11022 -0.000431
11023 -0.000431
11024 -0.000431
11025 -0.000431
11026 -0.000431
11027 -0.000431
11028 -0.000431
11029 -0.000431
11030 -0.000431
11032 -0.000426
11033 -0.000431
11034 -0.000431
11035 -0.000431
11036 -0.000431
11039 -0.000430
11040 -0.000431
11042 -0.000432
11043 -0.000431
11044 -0.000430
11045 -0.000430
11046 -0.000430
11047 -0.000430
11048 -0.000430
11049 -0.000430
11050 -0.000430
11051 -0.000430
11053 -0.000443
11054 -0.000432
11056 -0.000426
11057 -0.000430
11059 -0.000431
11060 -0.000432
11062 -0.000423
11063 -0.000428
11064 -0.000430
11065 -0.000430
11066 -0.000430
11067 -0.000430
11068 -0.000430
11069 -0.000430
11070 -0.000430
11071 -0.000430
11072 -0.000430
11073 -0.000430
11074 -0.000430
11075 -0.000430
11076 -0.000430
11077 -0.000430
11078 -0.000430
11079 -0.000430
11080 -0.000430
11081 -0.000430
11082 -0.000430
11083 -0.000430
11084 -0.000430
11086 -0.000433
11087 -0.000431
11089 -0.000431
11090 -0.000430
11091 -0.000429
11092 -0.000430
11093 -0.000430
11094 -0.000430
11096 -0.000434
11097 -0.000428
11098 -0.000429
11099 -0.000429
11100 -0.000429
11101 -0.000430
11102 -0.000430
11103 -0.000430
11104 -0.000430
11105 -0.000430
11106 -0.000430
11107 -0.000430
11108 -0.000430
11109 -0.000430
11110 -0.000430
11111 -0.000430
11112 -0.000430
11113 -0.000430
11114 -0.000430
11115 -0.000430
11116 -0.000430
11117 -0.000430
11118 -0.000430
11119 -0.000430
11120 -0.000430
11121 -0.000430
11122 -0.000430
11123 -0.000430
11124 -0.000430
11125 -0.000430
11126 -0.000430
11127 -0.000430
11128 -0.000430
11129 -0.000430
11130 -0.000430
11131 -0.000430
11132 -0.000430
11133 -0.000430
11135 -0.000427
11136 -0.000431
11138 -0.000425
11139 -0.000430
11140 -0.000430
11141 -0.000429
11142 -0.000429
11143 -0.000429
11144 -0.000429
11145 -0.000429
11146 -0.000429
11147 -0.000429
11148 -0.000429
11149 -0.000429
11150 -0.000429
11151 -0.000429
11152 -0.000429
11153 -0.000429
11154 -0.000429
11155 -0.000429
11158 -0.000431
11159 -0.000428
11160 -0.000429
11161 -0.000429
11162 -0.000429
11163 -0.000429
11164 -0.000429
11165 -0.000429
11166 -0.000429
11167 -0.000429
11168 -0.000429
11169 -0.000429
11170 -0.000429
11171 -0.000429
11172 -0.000429
11174 -0.000410
11175 -0.000432
11176 -0.000429
11177 -0.000429
11178 -0.000429
11179 -0.000429
11180 -0.000429
11181 -0.000429
11182 -0.000429
11184 -0.000424
11185 -0.000428
11186 -0.000429
11187 -0.000429
11188 -0.000429
11189 -0.000429
11191 -0.000428
11192 -0.000429
11193 -0.000429
11194 -0.000429
11195 -0.000429
11196 -0.000429
11197 -0.000429
11199 -0.000430
11200 -0.000431
11201 -0.000429
11204 -0.000425
11205 -0.000428
11206 -0.000429
11207 -0.000429
11208 -0.000428
11210 -0.000421
11211 -0.000429
11212 -0.000429
11213 -0.000428
11214 -0.000428
11215 -0.000428
11219 -0.000443
11221 -0.000423
11222 -0.000429
11223 -0.000428
11224 -0.000428
11225 -0.000428
11228 -0.000431
11229 -0.000428
11230 -0.000428
11231 -0.000428
11232 -0.000428
11233 -0.000428
11234 -0.000428
11235 -0.000428
11236 -0.000428
11239 -0.000423
11240 -0.000430
11242 -0.000426
11245 -0.000426
11246 -0.000428
11247 -0.000427
11248 -0.000427
11249 -0.000427
11250 -0.000427
11251 -0.000427
11252 -0.000427
11253 -0.000427
11254 -0.000427
11256 -0.000426
11258 -0.000423
11259 -0.000428
11260 -0.000427
11263 -0.000434
11264 -0.000428
11265 -0.000427
11266 -0.000427
11267 -0.000427
11268 -0.000427
11271 -0.000425
11273 -0.000428
11274 -0.000428
11276 -0.000433
11277 -0.000427
11278 -0.000426
11279 -0.000427
11281 -0.000425
11282 -0.000425
11283 -0.000427
11285 -0.000424
11287 -0.000427
11288 -0.000427
11290 -0.000427
11291 -0.000426
11292 -0.000426
11293 -0.000426
11294 -0.000426
11295 -0.000426
11297 -0.000425
11299 -0.000420
11300 -0.000419
11301 -0.000425
11302 -0.000425
11303 -0.000426
11304 -0.000426
11306 -0.000427
11308 -0.000432
11309 -0.000425
11310 -0.000425
11311 -0.000426
11312 -0.000426
11313 -0.000426
11314 -0.000426
11316 -0.000428
11317 -0.000425
11318 -0.000425
11319 -0.000425
11320 -0.000425
11321 -0.000425
11322 -0.000425
11323 -0.000425
11324 -0.000425
11325 -0.000425
11326 -0.000425
11328 -0.000438
11329 -0.000426
11330 -0.000425
11331 -0.000425
11332 -0.000425
11334 -0.000424
11335 -0.000424
11336 -0.000425
11338 -0.000436
11339 -0.000425
11341 -0.000424
11342 -0.000424
11343 -0.000425
11344 -0.000425
11345 -0.000425
11347 -0.000420
11348 -0.000424
11349 -0.000425
11350 -0.000425
11351 -0.000425
11352 -0.000425
11353 -0.000425
11355 -0.000428
11357 -0.000418
11358 -0.000425
11361 -0.000433
11362 -0.000423
11363 -0.000424
11364 -0.000425
11365 -0.000424
11366 -0.000424
11367 -0.000424
11368 -0.000424
11369 -0.000424
11370 -0.000424
11371 -0.000424
11373 -0.000429
11374 -0.000424
11375 -0.000424
11377 -0.000421
11378 -0.000424
11379 -0.000424
11380 -0.000424
11381 -0.000424
11382 -0.000424
11384 -0.000425
11385 -0.000425
11387 -0.000424
11388 -0.000424
11389 -0.000424
11390 -0.000424
11391 -0.000424
11392 -0.000424
11393 -0.000424
11394 -0.000424
11396 -0.000419
11397 -0.000425
11398 -0.000424
11401 -0.000423
11403 -0.000422
11405 -0.000421
11407 -0.000422
11408 -0.000423
11409 -0.000423
11410 -0.000424
11411 -0.000423
11414 -0.000420
11415 -0.000423
11416 -0.000423
11417 -0.000423
11418 -0.000423
11419 -0.000423
11420 -0.000423
11421 -0.000423
11422 -0.000423
11424 -0.000435
11427 -0.000424
11428 -0.000422
11429 -0.000423
11432 -0.000424
11434 -0.000419
11435 -0.000423
11436 -0.000423
11437 -0.000423
11439 -0.000428
11440 -0.000420
11441 -0.000422
11442 -0.000423
11444 -0.000425
11445 -0.000423
11447 -0.000424
11448 -0.000422
11449 -0.000422
11450 -0.000422
11451 -0.000422
11453 -0.000427
11455 -0.000425
11457 -0.000422
11458 -0.000422
11459 -0.000422
11460 -0.000422
11461 -0.000422
11462 -0.000422
11464 -0.000424
11465 -0.000422
11466 -0.000422
11467 -0.000422
11468 -0.000422
11469 -0.000422
11470 -0.000422
11471 -0.000422
11472 -0.000422
11473 -0.000422
11475 -0.000425
11476 -0.000422
11477 -0.000422
11478 -0.000421
11480 -0.000427
11481 -0.000422
11482 -0.000422
11483 -0.000422
11484 -0.000422
11485 -0.000422
11486 -0.000422
11487 -0.000422
11489 -0.000428
11490 -0.000421
11491 -0.000422
11492 -0.000422
11493 -0.000421
11494 -0.000421
11496 -0.000417
11497 -0.000422
11498 -0.000422
11499 -0.000421
11500 -0.000421
11501 -0.000421
11502 -0.000421
11503 -0.000421
11504 -0.000421
11505 -0.000421
11506 -0.000421
11508 -0.000420
11509 -0.000422
11511 -0.000427
11512 -0.000418
11513 -0.000422
11514 -0.000421
11515 -0.000421
11516 -0.000421
11517 -0.000421
11518 -0.000421
11519 -0.000421
11520 -0.000421
11521 -0.000421
11522 -0.000421
11524 -0.000419
11525 -0.000421
11526 -0.000421
11527 -0.000421
11529 -0.000419
11530 -0.000421
11531 -0.000421
11532 -0.000421
11533 -0.000421
11535 -0.000422
11536 -0.000420
11538 -0.000422
11540 -0.000420
11541 -0.000421
11542 -0.000421
11544 -0.000421
11545 -0.000422
11546 -0.000420
11547 -0.000421
11548 -0.000421
11549 -0.000421
11551 -0.000418
11552 -0.000419
11553 -0.000420
11554 -0.000420
11555 -0.000420
11556 -0.000420
11557 -0.000420
11558 -0.000420
11559 -0.000420
11560 -0.000420
11562 -0.000420
11563 -0.000421
11564 -0.000420
11565 -0.000420
11566 -0.000420
11567 -0.000420
11568 -0.000420
11569 -0.000420
11570 -0.000420
11571 -0.000420
11573 -0.000413
11574 -0.000420
11575 -0.000420
11576 -0.000420
11577 -0.000420
11580 -0.000423
11582 -0.000417
11586 -0.000418
11587 -0.000420
11588 -0.000420
11589 -0.000420
11590 -0.000420
11591 -0.000420
11592 -0.000420
11593 -0.000420
11594 -0.000420
11596 -0.000423
11597 -0.000419
11598 -0.000420
11600 -0.000419
11601 -0.000419
11602 -0.000419
11604 -0.000417
11605 -0.000418
11606 -0.000419
11607 -0.000419
11609 -0.000419
11610 -0.000420
11611 -0.000420
11612 -0.000420
11613 -0.000419
11614 -0.000419
11615 -0.000419
11617 -0.000414
11618 -0.000420
11619 -0.000420
11620 -0.000419
11621 -0.000419
11623 -0.000423
11625 -0.000423
11626 -0.000418
11627 -0.000419
11629 -0.000419
11630 -0.000419
11631 -0.000419
11632 -0.000419
11633 -0.000419
11635 -0.000414
11636 -0.000419
11637 -0.000419
11638 -0.000419
11639 -0.000419
11640 -0.000419
11642 -0.000428
11643 -0.000419
11644 -0.000419
11645 -0.000419
11646 -0.000419
11647 -0.000418
11648 -0.000419
11649 -0.000419
11650 -0.000419
11651 -0.000419
11653 -0.000424
11654 -0.000418
11656 -0.000422
11658 -0.000416
11659 -0.000417
11660 -0.000418
11661 -0.000418
11664 -0.000424
11665 -0.000417
11666 -0.000418
11667 -0.000418
11668 -0.000418
11669 -0.000418
11673 -0.000419
11674 -0.000419
11675 -0.000418
11677 -0.000418
11680 -0.000413
11681 -0.000417
11682 -0.000417
11683 -0.000417
11685 -0.000415
11686 -0.000419
11691 -0.000416
11692 -0.000421
11693 -0.000416
11694 -0.000418
11695 -0.000417
11696 -0.000417
11697 -0.000417
11700 -0.000414
11702 -0.000414
11703 -0.000416
11704 -0.000417
11705 -0.000416
11706 -0.000416
11707 -0.000417
11708 -0.000417
11709 -0.000417
11710 -0.000417
11711 -0.000417
11713 -0.000419
11714 -0.000417
11715 -0.000416
11716 -0.000416
11718 -0.000418
11719 -0.000416
11720 -0.000416
11721 -0.000416
11722 -0.000416
11723 -0.000416
11724 -0.000416
11726 -0.000417
11727 -0.000417
11728 -0.000417
11730 -0.000420
11731 -0.000416
11732 -0.000416
11733 -0.000416
11734 -0.000416
11735 -0.000416
11736 -0.000416
11737 -0.000416
11739 -0.000409
11740 -0.000416
11742 -0.000414
11743 -0.000415
11744 -0.000416
11745 -0.000416
11747 -0.000417
11748 -0.000416
11750 -0.000417
11752 -0.000414
11753 -0.000416
11754 -0.000416
11755 -0.000416
11758 -0.000412
11759 -0.000416
11760 -0.000416
11761 -0.000416
11762 -0.000415
11763 -0.000415
11764 -0.000415
11766 -0.000419
11767 -0.000415
11768 -0.000415
11770 -0.000415
11771 -0.000416
11772 -0.000415
11773 -0.000415
11774 -0.000415
11775 -0.000415
11776 -0.000415
11777 -0.000415
11778 -0.000415
11779 -0.000415
11780 -0.000415
11781 -0.000415
11782 -0.000415
11783 -0.000415
11784 -0.000415
11785 -0.000415
11786 -0.000415
11787 -0.000415
11789 -0.000417
11790 -0.000414
11791 -0.000415
11792 -0.000415
11793 -0.000415
11794 -0.000415
11795 -0.000415
11796 -0.000415
11797 -0.000415
11798 -0.000415
11799 -0.000415
11800 -0.000415
11801 -0.000415
11802 -0.000415
11803 -0.000415
11804 -0.000415
11806 -0.000421
11808 -0.000412
11810 -0.000405
11812 -0.000418
11813 -0.000414
11814 -0.000414
11815 -0.000415
11816 -0.000415
11817 -0.000415
11818 -0.000415
11820 -0.000413
11821 -0.000413
11822 -0.000415
11823 -0.000415
11825 -0.000417
11826 -0.000413
11827 -0.000415
11829 -0.000415
11830 -0.000415
11832 -0.000412
11833 -0.000416
11834 -0.000414
11836 -0.000416
11837 -0.000414
11838 -0.000414
11839 -0.000414
11841 -0.000410
11842 -0.000414
11843 -0.000414
11844 -0.000414
11845 -0.000414
11846 -0.000414
11848 -0.000415
11849 -0.000414
11850 -0.000414
11853 -0.000410
11854 -0.000414
11856 -0.000415
11859 -0.000411
11860 -0.000414
11861 -0.000413
11862 -0.000414
11863 -0.000413
11864 -0.000413
11866 -0.000419
11869 -0.000415
11871 -0.000413
11872 -0.000412
11873 -0.000413
11874 -0.000413
11876 -0.000416
11877 -0.000412
11879 -0.000413
11880 -0.000413
11881 -0.000412
11883 -0.000410
11884 -0.000412
11885 -0.000413
11886 -0.000413
11887 -0.000413
11888 -0.000413
11889 -0.000413
11890 -0.000413
11891 -0.000413
11893 -0.000414
11894 -0.000412
11895 -0.000413
11897 -0.000414
11898 -0.000413
11899 -0.000412
11900 -0.000413
11901 -0.000413
11902 -0.000412
11903 -0.000413
11904 -0.000413
11905 -0.000413
11906 -0.000413
11908 -0.000410
11909 -0.000412
11910 -0.000413
11911 -0.000412
11912 -0.000412
11913 -0.000412
11914 -0.000412
11915 -0.000412
11916 -0.000412
11917 -0.000412
11919 -0.000412
11921 -0.000409
11923 -0.000406
11924 -0.000413
11925 -0.000411
11926 -0.000412
11927 -0.000412
11928 -0.000412
11929 -0.000412
11930 -0.000412
11931 -0.000412
11933 -0.000419
11934 -0.000412
11936 -0.000410
11937 -0.000412
11938 -0.000413
11939 -0.000412
11940 -0.000412
11941 -0.000412
11942 -0.000412
11943 -0.000412
11944 -0.000412
11945 -0.000412
11946 -0.000412
11947 -0.000412
11948 -0.000412
11950 -0.000409
11951 -0.000412
11952 -0.000411
11953 -0.000412
11954 -0.000412
11955 -0.000412
11956 -0.000412
11957 -0.000412
11958 -0.000412
11959 -0.000412
11960 -0.000412
11962 -0.000410
11963 -0.000409
11966 -0.000413
11967 -0.000412
11968 -0.000410
11969 -0.000412
11971 -0.000412
11973 -0.000405
11974 -0.000409
11975 -0.000411
11976 -0.000411
11978 -0.000410
11979 -0.000412
11980 -0.000411
11981 -0.000411
11982 -0.000411
11983 -0.000411
11984 -0.000411
11985 -0.000411
11986 -0.000411
11987 -0.000411
11988 -0.000411
11989 -0.000411
11990 -0.000411
11991 -0.000411
11992 -0.000411
11993 -0.000411
11994 -0.000411
11995 -0.000411
11996 -0.000411
11997 -0.000411
11999 -0.000415
12000 -0.000411
12001 -0.000411
12002 -0.000411
12004 -0.000409
12005 -0.000411
12006 -0.000411
12008 -0.000415
12010 -0.000407
12011 -0.000410
12012 -0.000411
12013 -0.000411
12014 -0.000411
12015 -0.000411
12016 -0.000411
12017 -0.000411
12018 -0.000411
12019 -0.000411
12021 -0.000410
12022 -0.000411
12023 -0.000411
12024 -0.000411
12025 -0.000411
12026 -0.000411
12027 -0.000411
12028 -0.000411
12029 -0.000411
12031 -0.000402
12032 -0.000409
12033 -0.000411
12036 -0.000414
12037 -0.000411
12038 -0.000410
12040 -0.000409
12041 -0.000410
12043 -0.000418
12045 -0.000415
12046 -0.000410
12048 -0.000402
12049 -0.000410
12051 -0.000421
12052 -0.000412
12053 -0.000410
12054 -0.000410
12055 -0.000410
12056 -0.000410
12057 -0.000410
12058 -0.000410
12060 -0.000417
12061 -0.000409
12062 -0.000409
12063 -0.000410
12064 -0.000410
12065 -0.000410
12066 -0.000410
12067 -0.000410
12068 -0.000410
12069 -0.000410
12070 -0.000410
12071 -0.000410
12072 -0.000410
12073 -0.000410
12074 -0.000410
12075 -0.000410
12076 -0.000410
12077 -0.000410
12078 -0.000410
12079 -0.000410
12080 -0.000410
12081 -0.000410
12083 -0.000411
12084 -0.000409
12085 -0.000410
12086 -0.000410
12087 -0.000410
12088 -0.000410
12089 -0.000410
12090 -0.000410
12091 -0.000410
12092 -0.000410
12093 -0.000410
12094 -0.000410
12095 -0.000410
12096 -0.000410
12097 -0.000410
12098 -0.000410
12099 -0.000410
12100 -0.000410
12102 -0.000410
12104 -0.000415
12110 -0.000411
12111 -0.000411
12112 -0.000409
12113 -0.000409
12114 -0.000409
12115 -0.000409
12116 -0.000409
12117 -0.000409
12118 -0.000409
12120 -0.000410
12122 -0.000411
12123 -0.000409
12124 -0.000409
12125 -0.000409
12126 -0.000409
12127 -0.000409
12128 -0.000409
12129 -0.000409
12130 -0.000409
12131 -0.000409
12132 -0.000409
12133 -0.000409
12134 -0.000409
12136 -0.000403
12137 -0.000410
12138 -0.000411
12139 -0.000409
12141 -0.000408
12142 -0.000410
12143 -0.000408
12144 -0.000408
12145 -0.000409
12146 -0.000409
12148 -0.000404
12149 -0.000409
12150 -0.000409
12151 -0.000408
12152 -0.000409
12153 -0.000408
12154 -0.000408
12155 -0.000408
12156 -0.000408
12158 -0.000403
12159 -0.000409
12160 -0.000408
12163 -0.000411
12165 -0.000411
12167 -0.000411
12168 -0.000410
12169 -0.000408
12170 -0.000408
12173 -0.000399
12174 -0.000408
12175 -0.000408
12176 -0.000408
12177 -0.000408
12178 -0.000408
12180 -0.000408
12183 -0.000406
12184 -0.000406
12185 -0.000407
12187 -0.000414
12188 -0.000408
12190 -0.000414
12192 -0.000406
12194 -0.000402
12195 -0.000408
12196 -0.000407
12197 -0.000407
12198 -0.000407
12200 -0.000413
12201 -0.000407
12202 -0.000407
12203 -0.000407
12204 -0.000407
12205 -0.000407
12206 -0.000407
12208 -0.000407
12209 -0.000406
12210 -0.000407
12211 -0.000407
12212 -0.000407
12213 -0.000407
12214 -0.000407
12215 -0.000407
12216 -0.000407
12217 -0.000407
12218 -0.000407
12219 -0.000407
12220 -0.000407
12221 -0.000407
12223 -0.000414
12224 -0.000407
12225 -0.000407
12226 -0.000407
12228 -0.000402
12229 -0.000408
12230 -0.000407
12231 -0.000407
12233 -0.000408
12235 -0.000408
12236 -0.000406
12237 -0.000407
12238 -0.000406
12239 -0.000406
12240 -0.000406
12241 -0.000406
12242 -0.000406
12243 -0.000406
12244 -0.000406
12245 -0.000406
12247 -0.000405
12248 -0.000406
12249 -0.000406
12250 -0.000406
12251 -0.000406
12252 -0.000406
12253 -0.000406
12254 -0.000406
12255 -0.000406
12257 -0.000408
12258 -0.000407
12259 -0.000406
12260 -0.000406
12261 -0.000406
12262 -0.000406
12263 -0.000406
12264 -0.000406
12265 -0.000406
12266 -0.000406
12267 -0.000406
12268 -0.000406
12269 -0.000406
12270 -0.000406
12271 -0.000406
12272 -0.000406
12273 -0.000406
12274 -0.000406
12275 -0.000406
12276 -0.000406
12277 -0.000406
12278 -0.000406
12280 -0.000412
12281 -0.000405
12282 -0.000406
12283 -0.000406
12284 -0.000406
12285 -0.000406
12286 -0.000406
12287 -0.000406
12288 -0.000406
12289 -0.000406
12290 -0.000406
12291 -0.000406
12292 -0.000406
12293 -0.000406
12296 -0.000418
12297 -0.000406
12299 -0.000404
12300 -0.000405
12301 -0.000406
12303 -0.000406
12304 -0.000406
12305 -0.000406
12306 -0.000406
12307 -0.000406
12308 -0.000406
12309 -0.000406
12311 -0.000404
12312 -0.000406
12313 -0.000406
12314 -0.000406
12315 -0.000406
12316 -0.000406
12317 -0.000406
12318 -0.000406
12319 -0.000406
12320 -0.000406
12321 -0.000406
12322 -0.000406
12323 -0.000406
12324 -0.000406
12325 -0.000406
12326 -0.000406
12327 -0.000406
12328 -0.000406
12329 -0.000406
12330 -0.000406
12331 -0.000406
12332 -0.000406
12333 -0.000406
12336 -0.000410
12337 -0.000406
12338 -0.000405
12339 -0.000406
12340 -0.000405
12342 -0.000409
12343 -0.000405
12344 -0.000406
12345 -0.000405
12346 -0.000406
12347 -0.000405
12348 -0.000405
12349 -0.000405
12350 -0.000405
12351 -0.000405
12352 -0.000405
12353 -0.000405
12354 -0.000405
12355 -0.000405
12356 -0.000405
12357 -0.000405
12358 -0.000405
12360 -0.000402
12361 -0.000405
12362 -0.000406
12363 -0.000406
12366 -0.000405
12367 -0.000405
12368 -0.000405
12371 -0.000406
12372 -0.000404
12373 -0.000406
12374 -0.000405
12375 -0.000405
12377 -0.000406
12378 -0.000404
12379 -0.000405
12380 -0.000405
12381 -0.000405
12383 -0.000408
12384 -0.000404
12385 -0.000405
12391 -0.000407
12392 -0.000405
12393 -0.000404
12394 -0.000404
12396 -0.000400
12398 -0.000402
12399 -0.000405
12401 -0.000397
12402 -0.000402
12405 -0.000404
12406 -0.000409
12407 -0.000406
12408 -0.000404
12409 -0.000404
12410 -0.000404
12411 -0.000404
12412 -0.000404
12413 -0.000404
12414 -0.000404
12415 -0.000404
12416 -0.000404
12417 -0.000404
12418 -0.000404
12419 -0.000404
12420 -0.000404
12421 -0.000404
12422 -0.000404
12423 -0.000404
12424 -0.000404
12425 -0.000404
12426 -0.000404
12427 -0.000404
12428 -0.000404
12429 -0.000404
12431 -0.000399
12432 -0.000403
12434 -0.000402
12436 -0.000404
12437 -0.000404
12438 -0.000403
12439 -0.000404
12441 -0.000401
12442 -0.000404
12444 -0.000399
12445 -0.000403
12446 -0.000403
12447 -0.000403
12449 -0.000398
12450 -0.000403
12451 -0.000403
12452 -0.000403
12453 -0.000403
12454 -0.000403
12455 -0.000403
12456 -0.000403
12457 -0.000403
12458 -0.000403
12459 -0.000403
12460 -0.000403
12461 -0.000403
12462 -0.000403
12464 -0.000399
12465 -0.000404
12466 -0.000404
12468 -0.000393
12469 -0.000400
12470 -0.000403
12471 -0.000403
12472 -0.000403
12473 -0.000403
12474 -0.000403
12476 -0.000403
12477 -0.000402
12478 -0.000403
12479 -0.000403
12480 -0.000403
12481 -0.000403
12484 -0.000403
12485 -0.000403
12486 -0.000403
12488 -0.000403
12490 -0.000410
12491 -0.000402
12492 -0.000402
12493 -0.000402
12494 -0.000403
12496 -0.000405
12497 -0.000403
12498 -0.000403
12499 -0.000402
12500 -0.000402
12501 -0.000402
12502 -0.000402
12503 -0.000402
12506 -0.000403
12507 -0.000401
12508 -0.000402
12511 -0.000406
12513 -0.000403
12514 -0.000402
12515 -0.000402
12516 -0.000402
12517 -0.000402
12519 -0.000402
12520 -0.000403
12521 -0.000401
12522 -0.000401
12523 -0.000402
12526 -0.000403
12527 -0.000402
12528 -0.000402
12529 -0.000402
12530 -0.000402
12531 -0.000402
12533 -0.000400
12534 -0.000401
12535 -0.000401
12536 -0.000402
12537 -0.000402
12538 -0.000402
12539 -0.000402
12540 -0.000402
12541 -0.000402
12542 -0.000402
12545 -0.000396
12546 -0.000401
12547 -0.000402
12548 -0.000401
12549 -0.000401
12551 -0.000403
12552 -0.000401
12553 -0.000401
12555 -0.000404
12556 -0.000401
12557 -0.000401
12558 -0.000401
12559 -0.000401
12560 -0.000401
12565 -0.000399
12566 -0.000399
12567 -0.000401
12568 -0.000401
12569 -0.000401
12571 -0.000401
12573 -0.000402
12575 -0.000403
12576 -0.000401
12581 -0.000400
12582 -0.000400
12583 -0.000400
12584 -0.000400
12585 -0.000400
12587 -0.000398
12588 -0.000399
12589 -0.000400
12590 -0.000400
12591 -0.000400
12592 -0.000400
12593 -0.000400
12594 -0.000400
12595 -0.000400
12596 -0.000400
12597 -0.000400
12598 -0.000400
12599 -0.000400
12601 -0.000401
12602 -0.000400
12603 -0.000400
12604 -0.000400
12605 -0.000400
12606 -0.000400
12607 -0.000400
12608 -0.000400
12609 -0.000400
12610 -0.000400
12611 -0.000400
12612 -0.000400
12613 -0.000400
12614 -0.000400
12615 -0.000400
12616 -0.000400
12617 -0.000400
12619 -0.000396
12620 -0.000400
12621 -0.000399
12622 -0.000400
12623 -0.000400
12624 -0.000400
12626 -0.000398
12627 -0.000400
12628 -0.000400
12631 -0.000397
12632 -0.000399
12633 -0.000399
12634 -0.000399
12635 -0.000399
12636 -0.000399
12638 -0.000394
12639 -0.000401
12640 -0.000399
12642 -0.000397
12643 -0.000399
12644 -0.000399
12646 -0.000400
12647 -0.000399
12648 -0.000399
12650 -0.000403
12651 -0.000398
12652 -0.000399
12653 -0.000399
12654 -0.000399
12656 -0.000390
12657 -0.000400
12658 -0.000399
12659 -0.000399
12660 -0.000399
12661 -0.000399
12662 -0.000399
12663 -0.000399
12664 -0.000399
12665 -0.000399
12666 -0.000399
12668 -0.000401
12669 -0.000399
12670 -0.000399
12672 -0.000405
12673 -0.000399
12675 -0.000397
12676 -0.000397
12677 -0.000398
12678 -0.000399
12680 -0.000390
12681 -0.000399
12682 -0.000398
12685 -0.000395
12686 -0.000399
12687 -0.000398
12688 -0.000398
12689 -0.000398
12690 -0.000398
12691 -0.000398
12692 -0.000398
12693 -0.000398
12694 -0.000398
12695 -0.000398
12697 -0.000405
12698 -0.000398
12699 -0.000398
12700 -0.000398
12702 -0.000392
12703 -0.000400
12704 -0.000398
12705 -0.000398
12708 -0.000393
12709 -0.000400
12710 -0.000398
12711 -0.000398
12712 -0.000398
12713 -0.000398
12714 -0.000398
12715 -0.000398
12716 -0.000398
12717 -0.000398
12718 -0.000398
12720 -0.000397
12721 -0.000398
12723 -0.000401
12726 -0.000402
12727 -0.000398
12728 -0.000398
12729 -0.000398
12730 -0.000398
12731 -0.000398
12734 -0.000398
12735 -0.000399
12736 -0.000398
12738 -0.000395
12739 -0.000397
12740 -0.000397
12741 -0.000398
12742 -0.000398
12743 -0.000397
12744 -0.000397
12745 -0.000397
12746 -0.000397
12747 -0.000397
12748 -0.000397
12749 -0.000397
12750 -0.000397
12751 -0.000397
12752 -0.000397
12754 -0.000397
12755 -0.000397
12756 -0.000397
12757 -0.000397
12758 -0.000397
12759 -0.000397
12760 -0.000397
12763 -0.000400
12764 -0.000398
12765 -0.000397
12768 -0.000400
12769 -0.000398
12770 -0.000397
12771 -0.000398
12772 -0.000397
12773 -0.000397
12774 -0.000397
12776 -0.000400
12777 -0.000397
12778 -0.000397
12779 -0.000397
12780 -0.000397
12781 -0.000397
12782 -0.000397
12787 -0.000400
12788 -0.000396
12789 -0.000397
12790 -0.000397
12791 -0.000396
12792 -0.000396
12793 -0.000396
12794 -0.000396
12795 -0.000396
12796 -0.000396
12797 -0.000396
12798 -0.000396
12799 -0.000396
12800 -0.000396
12801 -0.000396
12802 -0.000396
12806 -0.000398
12807 -0.000396
12808 -0.000396
12809 -0.000396
12811 -0.000396
12812 -0.000398
12813 -0.000396
12815 -0.000400
12818 -0.000394
12819 -0.000396
12821 -0.000400
12822 -0.000396
12823 -0.000396
12824 -0.000396
12825 -0.000396
12827 -0.000402
12828 -0.000396
12829 -0.000396
12830 -0.000396
12831 -0.000396
12832 -0.000396
12833 -0.000396
12834 -0.000396
12835 -0.000396
12836 -0.000396
12840 -0.000394
12841 -0.000395
12842 -0.000396
12843 -0.000395
12845 -0.000397
12846 -0.000395
12847 -0.000395
12849 -0.000390
12850 -0.000392
12851 -0.000395
12853 -0.000387
12855 -0.000393
12856 -0.000396
12857 -0.000395
12858 -0.000395
12859 -0.000395
12860 -0.000395
12861 -0.000395
12862 -0.000395
12863 -0.000395
12865 -0.000394
12866 -0.000395
12867 -0.000395
12868 -0.000395
12869 -0.000395
12870 -0.000395
12872 -0.000397
12873 -0.000395
12874 -0.000394
12876 -0.000398
12877 -0.000395
12878 -0.000395
12879 -0.000395
12880 -0.000395
12881 -0.000395
12884 -0.000393
12885 -0.000393
12886 -0.000395
12887 -0.000395
12888 -0.000394
12892 -0.000393
12893 -0.000392
12896 -0.000393
12897 -0.000398
12898 -0.000396
12899 -0.000394
12900 -0.000394
12901 -0.000394
12902 -0.000394
12903 -0.000394
12904 -0.000394
12905 -0.000394
12906 -0.000394
12907 -0.000394
12908 -0.000394
12909 -0.000394
12910 -0.000394
12911 -0.000394
12914 -0.000394
12915 -0.000394
12916 -0.000394
12917 -0.000394
12919 -0.000398
12921 -0.000392
12922 -0.000393
12923 -0.000394
12924 -0.000393
12925 -0.000394
12926 -0.000394
12927 -0.000394
12928 -0.000394
12929 -0.000394
12931 -0.000391
12932 -0.000393
12933 -0.000393
12934 -0.000394
12935 -0.000394
12936 -0.000394
12937 -0.000394
12938 -0.000394
12940 -0.000395
12941 -0.000394
12942 -0.000394
12943 -0.000393
12944 -0.000393
12945 -0.000394
12946 -0.000393
12947 -0.000393
12948 -0.000393
12949 -0.000393
12950 -0.000393
12951 -0.000393
12952 -0.000393
12953 -0.000393
12954 -0.000393
12955 -0.000393
12956 -0.000393
12957 -0.000393
12958 -0.000393
12959 -0.000393
12961 -0.000386
12965 -0.000390
12966 -0.000389
12967 -0.000393
12968 -0.000393
12969 -0.000393
12970 -0.000393
12971 -0.000393
12973 -0.000391
12975 -0.000393
12976 -0.000393
12977 -0.000393
12978 -0.000393
12980 -0.000397
12981 -0.000393
12982 -0.000393
12983 -0.000393
12984 -0.000393
12985 -0.000393
12986 -0.000393
12987 -0.000393
12988 -0.000393
12989 -0.000393
12990 -0.000393
12991 -0.000393
12992 -0.000393
12993 -0.000393
12994 -0.000393
12995 -0.000393
12996 -0.000393
12997 -0.000393
12998 -0.000393
12999 -0.000393
13000 -0.000393
13002 -0.000396
13003 -0.000392
13005 -0.000388
13006 -0.000392
13007 -0.000393
13008 -0.000393
13009 -0.000393
13011 -0.000395
13012 -0.000393
13013 -0.000392
13014 -0.000393
13015 -0.000393
13016 -0.000393
13018 -0.000391
13019 -0.000394
13020 -0.000392
13021 -0.000392
13022 -0.000392
13023 -0.000392
13025 -0.000389
13027 -0.000390
13028 -0.000392
13029 -0.000391
13030 -0.000392
13031 -0.000393
13032 -0.000392
13033 -0.000392
13036 -0.000387
13037 -0.000395
13038 -0.000391
13039 -0.000392
13040 -0.000392
13041 -0.000392
13042 -0.000392
13043 -0.000392
13045 -0.000391
13047 -0.000396
13048 -0.000392
13049 -0.000393
13051 -0.000386
13052 -0.000392
13053 -0.000391
13054 -0.000392
13055 -0.000392
13056 -0.000392
13057 -0.000392
13058 -0.000392
13059 -0.000392
13061 -0.000393
13062 -0.000391
13063 -0.000391
13064 -0.000392
13065 -0.000392
13067 -0.000392
13068 -0.000391
13069 -0.000391
13070 -0.000391
13071 -0.000392
13072 -0.000392
13073 -0.000392
13074 -0.000392
13075 -0.000392
13076 -0.000392
13077 -0.000392
13078 -0.000392
13079 -0.000392
13080 -0.000392
13082 -0.000396
13083 -0.000393
13085 -0.000389
13086 -0.000391
13087 -0.000392
13088 -0.000392
13089 -0.000392
13090 -0.000391
13092 -0.000389
13093 -0.000390
13095 -0.000390
13097 -0.000388
13098 -0.000392
13099 -0.000391
13101 -0.000385
13102 -0.000394
13103 -0.000391
13104 -0.000391
13107 -0.000392
13108 -0.000389
13109 -0.000391
13110 -0.000391
13111 -0.000391
13112 -0.000391
13113 -0.000391
13114 -0.000391
13115 -0.000391
13117 -0.000389
13118 -0.000390
13120 -0.000389
13121 -0.000391
13123 -0.000388
13124 -0.000390
13125 -0.000391
13126 -0.000390
13127 -0.000390
13128 -0.000390
13129 -0.000391
13130 -0.000391
13131 -0.000391
13132 -0.000391
13133 -0.000391
13134 -0.000391
13135 -0.000391
13136 -0.000391
13137 -0.000391
13138 -0.000391
13139 -0.000391
13140 -0.000391
13141 -0.000391
13142 -0.000391
13143 -0.000391
13144 -0.000391
13145 -0.000391
13146 -0.000391
13147 -0.000391
13148 -0.000391
13149 -0.000391
13150 -0.000391
13151 -0.000391
13152 -0.000391
13153 -0.000391
13154 -0.000391
13155 -0.000391
13156 -0.000391
13157 -0.000391
13158 -0.000391
13159 -0.000391
13161 -0.000386
13162 -0.000391
13163 -0.000390
13164 -0.000391
13165 -0.000390
13167 -0.000390
13169 -0.000387
13170 -0.000387
13171 -0.000389
13172 -0.000390
13174 -0.000391
13175 -0.000389
13177 -0.000393
13178 -0.000389
13179 -0.000390
13180 -0.000390
13181 -0.000390
13183 -0.000387
13186 -0.000390
13187 -0.000391
13188 -0.000390
13189 -0.000390
13190 -0.000390
13192 -0.000387
13194 -0.000387
13196 -0.000395
13197 -0.000391
13198 -0.000389
13199 -0.000390
13200 -0.000390
13201 -0.000390
13202 -0.000390
13203 -0.000390
13204 -0.000390
13205 -0.000390
13206 -0.000390
13207 -0.000390
13208 -0.000390
13209 -0.000390
13210 -0.000390
13211 -0.000390
13212 -0.000390
13213 -0.000390
13214 -0.000390
13215 -0.000390
13217 -0.000392
13219 -0.000398
13220 -0.000389
13221 -0.000389
13222 -0.000390
13223 -0.000389
13224 -0.000389
13226 -0.000383
13227 -0.000391
13228 -0.000390
13229 -0.000389
13230 -0.000390
13231 -0.000389
13232 -0.000389
13233 -0.000389
13235 -0.000385
13237 -0.000387
13238 -0.000389
13239 -0.000389
13240 -0.000389
13241 -0.000389
13243 -0.000393
13244 -0.000391
13245 -0.000389
13246 -0.000389
13247 -0.000389
13248 -0.000389
13249 -0.000389
13251 -0.000391
13252 -0.000388
13253 -0.000389
13255 -0.000394
13256 -0.000387
13257 -0.000389
13258 -0.000388
13259 -0.000388
13262 -0.000388
13264 -0.000388
13265 -0.000388
13266 -0.000389
13267 -0.000389
13268 -0.000389
13269 -0.000389
13270 -0.000389
13271 -0.000389
13272 -0.000389
13273 -0.000389
13274 -0.000389
13275 -0.000389
13276 -0.000389
13277 -0.000389
13278 -0.000389
13279 -0.000389
13280 -0.000389
13281 -0.000389
13282 -0.000389
13283 -0.000389
13284 -0.000389
13285 -0.000389
13287 -0.000385
13290 -0.000385
13291 -0.000388
13293 -0.000387
13295 -0.000394
13297 -0.000388
13299 -0.000386
13300 -0.000388
13301 -0.000388
13302 -0.000388
13303 -0.000388
13304 -0.000388
13305 -0.000388
13306 -0.000388
13307 -0.000388
13308 -0.000388
13309 -0.000388
13312 -0.000387
13314 -0.000387
13315 -0.000388
13316 -0.000388
13317 -0.000388
13319 -0.000392
13320 -0.000387
13321 -0.000388
13322 -0.000387
13323 -0.000388
13324 -0.000388
13325 -0.000388
13326 -0.000388
13327 -0.000388
13328 -0.000388
13330 -0.000393
13331 -0.000388
13332 -0.000387
13334 -0.000381
13335 -0.000388
13336 -0.000388
13337 -0.000387
13338 -0.000387
13339 -0.000387
13340 -0.000387
13341 -0.000387
13342 -0.000387
13343 -0.000387
13345 -0.000384
13346 -0.000387
13347 -0.000387
13350 -0.000385
13351 -0.000387
13352 -0.000387
13353 -0.000387
13354 -0.000387
13355 -0.000387
13356 -0.000387
13357 -0.000387
13358 -0.000387
13361 -0.000387
13362 -0.000385
13363 -0.000387
13365 -0.000384
13366 -0.000388
13367 -0.000387
13368 -0.000387
13369 -0.000387
13370 -0.000387
13371 -0.000387
13372 -0.000387
13373 -0.000387
13374 -0.000387
13375 -0.000387
13377 -0.000383
13378 -0.000387
13379 -0.000387
13382 -0.000387
13383 -0.000385
13384 -0.000386
13385 -0.000387
13386 -0.000387
13388 -0.000393
13390 -0.000387
13391 -0.000387
13393 -0.000389
13394 -0.000386
13395 -0.000387
13396 -0.000386
13398 -0.000389
13401 -0.000375
13402 -0.000391
13403 -0.000386
13404 -0.000386
13405 -0.000386
13406 -0.000386
13407 -0.000386
13408 -0.000386
13409 -0.000386
13411 -0.000386
13412 -0.000386
13413 -0.000386
13415 -0.000387
13417 -0.000385
13418 -0.000385
13419 -0.000385
13420 -0.000386
13422 -0.000379
13426 -0.000403
13427 -0.000385
13428 -0.000386
13429 -0.000386
13430 -0.000385
13433 -0.000381
13436 -0.000379
13437 -0.000382
13438 -0.000385
13439 -0.000385
13440 -0.000385
13441 -0.000385
13442 -0.000385
13444 -0.000388
13445 -0.000384
13446 -0.000385
13447 -0.000385
13448 -0.000385
13449 -0.000385
13450 -0.000385
13451 -0.000385
13452 -0.000385
13453 -0.000385
13455 -0.000401
13456 -0.000386
13458 -0.000387
13460 -0.000384
13461 -0.000384
13463 -0.000382
13464 -0.000382
13466 -0.000387
13467 -0.000384
13468 -0.000384
13469 -0.000384
13471 -0.000384
13472 -0.000385
13473 -0.000385
13474 -0.000384
13475 -0.000384
13476 -0.000385
13478 -0.000387
13479 -0.000386
13480 -0.000385
13481 -0.000384
13482 -0.000384
13483 -0.000384
13484 -0.000384
13485 -0.000384
13486 -0.000384
13488 -0.000384
13489 -0.000385
13490 -0.000385
13491 -0.000384
13493 -0.000382
13494 -0.000384
13495 -0.000384
13496 -0.000384
13497 -0.000384
13498 -0.000384
13499 -0.000384
13500 -0.000384
13501 -0.000384
13502 -0.000384
13503 -0.000384
13504 -0.000384
13505 -0.000384
13506 -0.000384
13508 -0.000385
13510 -0.000379
13511 -0.000386
13512 -0.000384
13513 -0.000383
13514 -0.000384
13516 -0.000380
13517 -0.000384
13519 -0.000378
13520 -0.000384
13521 -0.000384
13522 -0.000384
13523 -0.000384
13524 -0.000384
13525 -0.000384
13526 -0.000384
13527 -0.000384
13528 -0.000384
13529 -0.000384
13530 -0.000384
13531 -0.000384
13532 -0.000384
13533 -0.000384
13534 -0.000384
13535 -0.000384
13536 -0.000384
13538 -0.000383
13539 -0.000384
13540 -0.000384
13542 -0.000380
13543 -0.000384
13544 -0.000383
13545 -0.000384
13546 -0.000384
13547 -0.000384
13548 -0.000384
13549 -0.000384
13550 -0.000384
13552 -0.000383
13555 -0.000383
13556 -0.000385
13557 -0.000383
13558 -0.000383
13559 -0.000384
13560 -0.000383
13561 -0.000383
13562 -0.000383
13563 -0.000383
13564 -0.000383
13565 -0.000383
13566 -0.000383
13568 -0.000387
13569 -0.000384
13570 -0.000383
13571 -0.000383
13572 -0.000383
13574 -0.000385
13576 -0.000382
13577 -0.000382
13579 -0.000385
13580 -0.000384
13581 -0.000383
13583 -0.000380
13584 -0.000382
13585 -0.000383
13586 -0.000383
13587 -0.000383
13588 -0.000383
13589 -0.000383
13590 -0.000383
13591 -0.000383
13592 -0.000383
13594 -0.000385
13595 -0.000382
13596 -0.000383
13597 -0.000383
13598 -0.000383
13599 -0.000383
13600 -0.000383
13601 -0.000383
13602 -0.000383
13603 -0.000383
13604 -0.000383
13605 -0.000383
13606 -0.000383
13607 -0.000383
13608 -0.000383
13609 -0.000383
13610 -0.000383
13611 -0.000383
13612 -0.000383
13615 -0.000383
13618 -0.000386
13619 -0.000382
13620 -0.000383
13621 -0.000383
13622 -0.000382
13623 -0.000383
13624 -0.000383
13625 -0.000383
13626 -0.000383
13627 -0.000383
13628 -0.000383
13629 -0.000383
13631 -0.000378
13632 -0.000383
13633 -0.000382
13634 -0.000382
13635 -0.000383
13636 -0.000382
13637 -0.000383
13638 -0.000382
13640 -0.000378
13641 -0.000384
13642 -0.000382
13643 -0.000382
13644 -0.000382
13645 -0.000382
13647 -0.000383
13648 -0.000381
13649 -0.000382
13650 -0.000382
13651 -0.000382
13652 -0.000382
13654 -0.000377
13655 -0.000384
13656 -0.000382
13657 -0.000382
13658 -0.000382
13659 -0.000382
13660 -0.000382
13661 -0.000382
13662 -0.000382
13663 -0.000382
13664 -0.000382
13666 -0.000386
13667 -0.000381
13668 -0.000382
13669 -0.000382
13670 -0.000382
13672 -0.000384
13674 -0.000380
13675 -0.000383
13676 -0.000382
13677 -0.000382
13678 -0.000382
13684 -0.000380
13685 -0.000380
13686 -0.000382
13687 -0.000382
13689 -0.000379
13690 -0.000382
13691 -0.000381
13692 -0.000381
13693 -0.000381
13695 -0.000380
13697 -0.000381
13698 -0.000382
13699 -0.000381
13700 -0.000381
13701 -0.000381
13702 -0.000381
13703 -0.000381
13704 -0.000381
13705 -0.000381
13706 -0.000381
13707 -0.000381
13708 -0.000381
13709 -0.000381
13710 -0.000381
13711 -0.000381
13712 -0.000381
13713 -0.000381
13714 -0.000381
13715 -0.000381
13717 -0.000376
13718 -0.000382
13720 -0.000379
13721 -0.000380
13722 -0.000382
13723 -0.000381
13724 -0.000381
13725 -0.000381
13726 -0.000381
13727 -0.000381
13728 -0.000381
13729 -0.000381
13732 -0.000383
13733 -0.000379
13734 -0.000381
13735 -0.000381
13736 -0.000381
13737 -0.000381
13738 -0.000381
13739 -0.000381
13740 -0.000381
13741 -0.000381
13742 -0.000381
13743 -0.000381
13744 -0.000381
13745 -0.000381
13746 -0.000381
13748 -0.000382
13749 -0.000383
13750 -0.000380
13752 -0.000382
13753 -0.000383
13754 -0.000381
13755 -0.000381
13756 -0.000381
13758 -0.000382
13759 -0.000381
13760 -0.000381
13762 -0.000386
13765 -0.000377
13766 -0.000381
13767 -0.000380
13768 -0.000380
13769 -0.000380
13770 -0.000380
13771 -0.000380
13773 -0.000383
13774 -0.000382
13775 -0.000380
13776 -0.000380
13777 -0.000380
13778 -0.000380
13779 -0.000380
13781 -0.000378
13782 -0.000381
13783 -0.000380
13784 -0.000380
13785 -0.000380
13786 -0.000380
13787 -0.000380
13789 -0.000380
13790 -0.000380
13791 -0.000380
13793 -0.000385
13794 -0.000380
13795 -0.000380
13796 -0.000380
13797 -0.000380
13798 -0.000380
13801 -0.000380
13802 -0.000379
13803 -0.000380
13804 -0.000380
13806 -0.000378
13807 -0.000380
13809 -0.000378
13810 -0.000379
13811 -0.000381
13814 -0.000381
13815 -0.000378
13816 -0.000381
13817 -0.000379
13818 -0.000379
13819 -0.000379
13820 -0.000380
13821 -0.000380
13822 -0.000380
13823 -0.000380
13824 -0.000380
13825 -0.000380
13827 -0.000374
13828 -0.000378
13830 -0.000383
13831 -0.000380
13833 -0.000379
13834 -0.000379
13835 -0.000379
13836 -0.000379
13837 -0.000379
13838 -0.000379
13839 -0.000379
13840 -0.000379
13843 -0.000370
13844 -0.000382
13845 -0.000379
13846 -0.000379
13847 -0.000379
13848 -0.000379
13849 -0.000379
13850 -0.000379
13851 -0.000379
13852 -0.000379
13853 -0.000379
13854 -0.000379
13855 -0.000379
13856 -0.000379
13857 -0.000379
13858 -0.000379
13859 -0.000379
13860 -0.000379
13861 -0.000379
13862 -0.000379
13863 -0.000379
13864 -0.000379
13865 -0.000379
13866 -0.000379
13867 -0.000379
13868 -0.000379
13869 -0.000379
13870 -0.000379
13871 -0.000379
13872 -0.000379
13873 -0.000379
13875 -0.000371
13876 -0.000379
13877 -0.000379
13878 -0.000379
13879 -0.000379
13880 -0.000379
13881 -0.000379
13882 -0.000379
13884 -0.000382
13885 -0.000380
13886 -0.000379
13888 -0.000376
13889 -0.000379
13890 -0.000379
13891 -0.000379
13892 -0.000379
13893 -0.000379
13894 -0.000379
13895 -0.000379
13896 -0.000379
13897 -0.000379
13898 -0.000379
13899 -0.000379
13900 -0.000379
13901 -0.000379
13903 -0.000379
13904 -0.000379
13905 -0.000379
13907 -0.000380
13908 -0.000378
13909 -0.000379
13910 -0.000379
13911 -0.000379
13912 -0.000379
13913 -0.000379
13914 -0.000379
13915 -0.000379
13916 -0.000379
13918 -0.000380
13919 -0.000378
13920 -0.000379
13921 -0.000379
13922 -0.000379
13924 -0.000383
13925 -0.000379
13927 -0.000382
13928 -0.000378
13929 -0.000378
13930 -0.000379
13932 -0.000376
13933 -0.000378
13934 -0.000379
13935 -0.000378
13936 -0.000378
13937 -0.000378
13938 -0.000378
13939 -0.000378
13940 -0.000378
13941 -0.000378
13942 -0.000378
13943 -0.000378
13944 -0.000378
13945 -0.000378
13946 -0.000378
13947 -0.000378
13949 -0.000373
13950 -0.000377
13952 -0.000371
13953 -0.000378
13955 -0.000379
13956 -0.000382
13959 -0.000383
13960 -0.000378
13962 -0.000374
13963 -0.000377
13964 -0.000378
13965 -0.000378
13966 -0.000378
13967 -0.000378
13968 -0.000378
13969 -0.000378
13970 -0.000378
13972 -0.000380
13973 -0.000377
13974 -0.000377
13975 -0.000378
13976 -0.000378
13977 -0.000378
13978 -0.000378
13979 -0.000378
13980 -0.000378
13981 -0.000378
13982 -0.000378
13983 -0.000378
13984 -0.000378
13985 -0.000378
13986 -0.000378
13987 -0.000378
13988 -0.000378
13989 -0.000378
13990 -0.000378
13992 -0.000374
13993 -0.000378
13994 -0.000377
13995 -0.000377
13996 -0.000378
13997 -0.000378
13998 -0.000378
13999 -0.000378
14001 -0.000376
14002 -0.000377
14003 -0.000377
14005 -0.000377
14006 -0.000377
14008 -0.000379
14009 -0.000376
14010 -0.000377
14011 -0.000378
14012 -0.000377
14013 -0.000377
14014 -0.000377
14015 -0.000377
14016 -0.000377
14017 -0.000377
14018 -0.000377
14019 -0.000377
14020 -0.000377
14022 -0.000378
14023 -0.000378
14024 -0.000377
14027 -0.000365
14028 -0.000374
14029 -0.000377
14030 -0.000377
14032 -0.000373
14033 -0.000379
14034 -0.000377
14035 -0.000377
14036 -0.000377
14037 -0.000377
14038 -0.000377
14039 -0.000377
14042 -0.000383
14043 -0.000377
14045 -0.000378
14046 -0.000377
14048 -0.000378
14049 -0.000376
14050 -0.000377
14051 -0.000377
14052 -0.000377
14053 -0.000377
14054 -0.000377
14055 -0.000377
14056 -0.000377
14057 -0.000377
14059 -0.000378
14060 -0.000377
14061 -0.000376
14062 -0.000377
14063 -0.000377
14064 -0.000377
14065 -0.000377
14066 -0.000377
14067 -0.000377
14068 -0.000377
14069 -0.000377
14070 -0.000377
14071 -0.000377
14073 -0.000371
14074 -0.000376
14075 -0.000376
14076 -0.000376
14077 -0.000377
14078 -0.000377
14079 -0.000377
14080 -0.000377
14081 -0.000377
14083 -0.000386
14085 -0.000377
14086 -0.000377
14087 -0.000376
14088 -0.000376
14089 -0.000376
14091 -0.000378
14092 -0.000377
14094 -0.000381
14095 -0.000376
14096 -0.000376
14098 -0.000371
14099 -0.000376
14100 -0.000377
14101 -0.000375
14102 -0.000376
14103 -0.000376
14104 -0.000376
14105 -0.000376
14106 -0.000376
14107 -0.000376
14108 -0.000376
14109 -0.000376
14110 -0.000376
14111 -0.000376
14112 -0.000376
14113 -0.000376
14115 -0.000375
14116 -0.000377
14118 -0.000374
14119 -0.000376
14121 -0.000377
14122 -0.000376
14124 -0.000381
14126 -0.000378
14127 -0.000375
14128 -0.000376
14129 -0.000376
14130 -0.000376
14131 -0.000376
14132 -0.000376
14133 -0.000376
14134 -0.000376
14135 -0.000376
14138 -0.000377
14140 -0.000373
14141 -0.000376
14142 -0.000375
14143 -0.000376
14144 -0.000375
14145 -0.000375
14147 -0.000379
14148 -0.000375
14149 -0.000376
14150 -0.000375
14151 -0.000375
14152 -0.000375
14153 -0.000375
14155 -0.000375
14156 -0.000376
14157 -0.000375
14159 -0.000370
14160 -0.000375
14161 -0.000375
14162 -0.000375
14163 -0.000375
14164 -0.000375
14165 -0.000375
14166 -0.000375
14167 -0.000375
14169 -0.000374
14170 -0.000374
14171 -0.000375
14172 -0.000374
14174 -0.000372
14175 -0.000375
14176 -0.000375
14177 -0.000375
14178 -0.000375
14179 -0.000375
14180 -0.000375
14181 -0.000375
14182 -0.000375
14183 -0.000375
14184 -0.000375
14185 -0.000375
14186 -0.000375
14187 -0.000375
14188 -0.000375
14189 -0.000375
14190 -0.000375
14191 -0.000375
14192 -0.000375
14193 -0.000375
14194 -0.000375
14196 -0.000377
14197 -0.000375
14198 -0.000375
14199 -0.000375
14200 -0.000375
14201 -0.000375
14203 -0.000374
14205 -0.000375
14206 -0.000375
14207 -0.000374
14208 -0.000375
14209 -0.000375
14210 -0.000375
14211 -0.000375
14212 -0.000375
14213 -0.000375
14214 -0.000375
14215 -0.000375
14216 -0.000375
14218 -0.000370
14219 -0.000375
14220 -0.000375
14221 -0.000375
14222 -0.000375
14223 -0.000375
14224 -0.000375
14225 -0.000375
14226 -0.000375
14227 -0.000375
14228 -0.000375
14229 -0.000375
14232 -0.000372
14234 -0.000373
14236 -0.000375
14237 -0.000373
14238 -0.000375
14239 -0.000374
14240 -0.000374
14241 -0.000374
14242 -0.000374
14243 -0.000374
14244 -0.000374
14246 -0.000371
14247 -0.000373
14248 -0.000374
14249 -0.000374
14251 -0.000374
14252 -0.000373
14253 -0.000374
14255 -0.000374
14256 -0.000376
14257 -0.000374
14258 -0.000374
14259 -0.000374
14262 -0.000372
14263 -0.000373
14264 -0.000374
14265 -0.000374
14266 -0.000374
14267 -0.000374
14269 -0.000374
14270 -0.000373
14271 -0.000374
14272 -0.000374
14273 -0.000374
14274 -0.000374
14275 -0.000374
14276 -0.000374
14277 -0.000374
14278 -0.000374
14279 -0.000374
14280 -0.000374
14281 -0.000374
14282 -0.000374
14283 -0.000374
14284 -0.000374
14285 -0.000374
14286 -0.000374
14287 -0.000374
14288 -0.000374
14290 -0.000372
14292 -0.000374
14293 -0.000371
14294 -0.000374
14295 -0.000374
14296 -0.000374
14297 -0.000374
14300 -0.000380
14301 -0.000373
14302 -0.000374
14303 -0.000373
14304 -0.000374
14305 -0.000374
14306 -0.000373
14307 -0.000374
14308 -0.000373
14309 -0.000374
14310 -0.000374
14311 -0.000374
14312 -0.000374
14313 -0.000374
14316 -0.000375
14317 -0.000373
14318 -0.000373
14319 -0.000373
14321 -0.000377
14322 -0.000372
14323 -0.000373
14324 -0.000373
14325 -0.000373
14326 -0.000373
14327 -0.000373
14328 -0.000373
14329 -0.000373
14331 -0.000376
14332 -0.000372
14333 -0.000373
14334 -0.000373
14335 -0.000373
14336 -0.000373
14337 -0.000373
14338 -0.000373
14339 -0.000373
14340 -0.000373
14341 -0.000373
14342 -0.000373
14344 -0.000375
14345 -0.000373
14346 -0.000373
14347 -0.000373
14348 -0.000373
14349 -0.000373
14350 -0.000373
14351 -0.000373
14352 -0.000373
14354 -0.000367
14356 -0.000376
14358 -0.000372
14359 -0.000374
14360 -0.000373
14361 -0.000373
14362 -0.000373
14363 -0.000373
14364 -0.000373
14365 -0.000373
14366 -0.000373
14367 -0.000373
14368 -0.000373
14369 -0.000373
14370 -0.000373
14371 -0.000373
14372 -0.000373
14373 -0.000373
14374 -0.000373
14375 -0.000373
14376 -0.000373
14377 -0.000373
14378 -0.000373
14379 -0.000373
14380 -0.000373
14381 -0.000373
14382 -0.000373
14384 -0.000370
14385 -0.000374
14386 -0.000373
14387 -0.000373
14388 -0.000373
14389 -0.000373
14390 -0.000373
14391 -0.000373
14392 -0.000373
14393 -0.000373
14394 -0.000373
14395 -0.000373
14396 -0.000373
14397 -0.000373
14398 -0.000373
14399 -0.000373
14400 -0.000373
14401 -0.000373
14402 -0.000373
14403 -0.000373
14404 -0.000373
14405 -0.000373
14406 -0.000373
14408 -0.000373
14411 -0.000368
14412 -0.000372
14413 -0.000372
14414 -0.000373
14415 -0.000373
14416 -0.000373
14417 -0.000373
14418 -0.000373
14419 -0.000373
14422 -0.000369
14423 -0.000373
14424 -0.000372
14425 -0.000372
14426 -0.000372
14427 -0.000372
14428 -0.000372
14429 -0.000372
14430 -0.000372
14431 -0.000372
14432 -0.000372
14433 -0.000372
14434 -0.000372
14436 -0.000377
14437 -0.000373
14438 -0.000372
14439 -0.000372
14440 -0.000372
14441 -0.000372
14442 -0.000372
14444 -0.000372
14445 -0.000373
14446 -0.000372
14447 -0.000372
14448 -0.000372
14449 -0.000372
14451 -0.000369
14452 -0.000371
14453 -0.000372
14454 -0.000371
14455 -0.000372
14456 -0.000372
14458 -0.000370
14459 -0.000372
14461 -0.000371
14462 -0.000373
14463 -0.000372
14464 -0.000372
14465 -0.000372
14467 -0.000383
14469 -0.000369
14470 -0.000371
14471 -0.000371
14472 -0.000372
14473 -0.000372
14475 -0.000370
14476 -0.000372
14477 -0.000373
14478 -0.000371
14479 -0.000372
14480 -0.000372
14481 -0.000372
14482 -0.000372
14483 -0.000372
14484 -0.000372
14485 -0.000372
14486 -0.000372
14487 -0.000372
14488 -0.000372
14489 -0.000372
14491 -0.000372
14492 -0.000372
14493 -0.000372
14494 -0.000372
14495 -0.000372
14496 -0.000372
14497 -0.000372
14498 -0.000372
14499 -0.000372
14500 -0.000372
14501 -0.000372
14503 -0.000374
14504 -0.000372
14505 -0.000372
14506 -0.000372
14507 -0.000372
14508 -0.000372
14509 -0.000372
14510 -0.000372
14511 -0.000372
14513 -0.000370
14514 -0.000372
14515 -0.000372
14516 -0.000371
14519 -0.000373
14520 -0.000371
14521 -0.000372
14522 -0.000371
14523 -0.000371
14524 -0.000371
14526 -0.000370
14528 -0.000374
14529 -0.000370
14530 -0.000371
14534 -0.000371
14535 -0.000371
14536 -0.000370
14537 -0.000371
14540 -0.000375
14541 -0.000371
14542 -0.000371
14543 -0.000371
14544 -0.000371
14546 -0.000377
14547 -0.000371
14548 -0.000370
14549 -0.000371
14550 -0.000371
14551 -0.000371
14552 -0.000371
14553 -0.000371
14554 -0.000371
14555 -0.000371
14556 -0.000371
14558 -0.000373
14559 -0.000370
14560 -0.000371
14561 -0.000371
14562 -0.000371
14563 -0.000371
14564 -0.000371
14565 -0.000371
14566 -0.000371
14567 -0.000371
14568 -0.000371
14569 -0.000371
14570 -0.000371
14571 -0.000371
14572 -0.000371
14573 -0.000371
14574 -0.000371
14576 -0.000367
14577 -0.000370
14578 -0.000371
14579 -0.000370
14580 -0.000370
14581 -0.000370
14582 -0.000370
14583 -0.000370
14584 -0.000370
14585 -0.000370
14586 -0.000370
14587 -0.000370
14588 -0.000370
14589 -0.000370
14590 -0.000370
14592 -0.000368
14594 -0.000384
14595 -0.000369
14596 -0.000370
14597 -0.000370
14599 -0.000368
14600 -0.000371
14601 -0.000370
14603 -0.000369
14604 -0.000369
14605 -0.000370
14606 -0.000370
14607 -0.000370
14608 -0.000370
14609 -0.000370
14611 -0.000375
14612 -0.000370
14613 -0.000370
14614 -0.000370
14615 -0.000370
14616 -0.000370
14617 -0.000370
14618 -0.000370
14620 -0.000373
14621 -0.000370
14622 -0.000370
14626 -0.000372
14627 -0.000370
14630 -0.000370
14632 -0.000368
14633 -0.000369
14634 -0.000371
14635 -0.000369
14636 -0.000369
14637 -0.000369
14638 -0.000369
14640 -0.000372
14642 -0.000377
14643 -0.000368
14644 -0.000369
14645 -0.000369
14646 -0.000369
14647 -0.000369
14648 -0.000369
14649 -0.000369
14650 -0.000369
14651 -0.000369
14652 -0.000369
14653 -0.000369
14654 -0.000369
14655 -0.000369
14656 -0.000369
14657 -0.000369
14658 -0.000369
14659 -0.000369
14660 -0.000369
14661 -0.000369
14662 -0.000369
14663 -0.000369
14664 -0.000369
14665 -0.000369
14666 -0.000369
14667 -0.000369
14668 -0.000369
14669 -0.000369
14670 -0.000369
14671 -0.000369
14672 -0.000369
14673 -0.000369
14674 -0.000369
14675 -0.000369
14676 -0.000369
14677 -0.000369
14678 -0.000369
14679 -0.000369
14680 -0.000369
14681 -0.000369
14682 -0.000369
14683 -0.000369
14684 -0.000369
14685 -0.000369
14687 -0.000371
14688 -0.000369
14689 -0.000369
14690 -0.000369
14691 -0.000369
14693 -0.000367
14694 -0.000369
14695 -0.000370
14696 -0.000369
14697 -0.000369
14699 -0.000367
14700 -0.000370
14703 -0.000370
14705 -0.000367
14706 -0.000371
14707 -0.000369
14708 -0.000369
14711 -0.000367
14712 -0.000368
14713 -0.000368
14714 -0.000369
14715 -0.000369
14716 -0.000369
14717 -0.000369
14719 -0.000360
14721 -0.000371
14722 -0.000368
14723 -0.000369
14724 -0.000368
14725 -0.000369
14726 -0.000368
14727 -0.000368
14728 -0.000368
14729 -0.000368
14730 -0.000368
14731 -0.000368
14732 -0.000368
14734 -0.000362
14735 -0.000369
14737 -0.000364
14738 -0.000369
14739 -0.000368
14740 -0.000368
14741 -0.000368
14742 -0.000368
14743 -0.000368
14744 -0.000368
14745 -0.000368
14746 -0.000368
14747 -0.000368
14748 -0.000368
14749 -0.000368
14750 -0.000368
14751 -0.000368
14755 -0.000373
14756 -0.000368
14757 -0.000368
14758 -0.000368
14759 -0.000368
14760 -0.000368
14762 -0.000366
14764 -0.000372
14765 -0.000368
14766 -0.000368
14767 -0.000368
14768 -0.000368
14769 -0.000368
14770 -0.000368
14771 -0.000368
14772 -0.000368
14773 -0.000368
14774 -0.000368
14775 -0.000368
14776 -0.000368
14777 -0.000368
14778 -0.000368
14779 -0.000368
14780 -0.000368
14781 -0.000368
14782 -0.000368
14783 -0.000368
14784 -0.000368
14785 -0.000368
14786 -0.000368
14787 -0.000368
14788 -0.000368
14789 -0.000368
14790 -0.000368
14791 -0.000368
14792 -0.000368
14795 -0.000365
14796 -0.000369
14797 -0.000368
14798 -0.000368
14800 -0.000376
14801 -0.000368
14802 -0.000368
14804 -0.000364
14805 -0.000369
14806 -0.000368
14807 -0.000367
14808 -0.000368
14809 -0.000368
14810 -0.000368
14811 -0.000368
14812 -0.000368
14814 -0.000371
14815 -0.000368
14816 -0.000368
14817 -0.000367
14818 -0.000368
14820 -0.000367
14821 -0.000368
14824 -0.000366
14825 -0.000369
14826 -0.000367
14827 -0.000367
14829 -0.000366
14830 -0.000367
14831 -0.000368
14832 -0.000367
14833 -0.000367
14834 -0.000367
14835 -0.000367
14836 -0.000367
14837 -0.000367
14838 -0.000367
14839 -0.000367
14840 -0.000367
14841 -0.000367
14842 -0.000367
14843 -0.000367
14844 -0.000367
14845 -0.000367
14846 -0.000367
14848 -0.000366
14849 -0.000368
14850 -0.000367
14851 -0.000367
14852 -0.000367
14853 -0.000367
14855 -0.000364
14856 -0.000368
14857 -0.000367
14858 -0.000367
14859 -0.000367
14860 -0.000367
14861 -0.000367
14862 -0.000367
14863 -0.000367
14864 -0.000367
14866 -0.000366
14867 -0.000368
14868 -0.000367
14869 -0.000367
14870 -0.000367
14871 -0.000367
14872 -0.000367
14873 -0.000367
14874 -0.000367
14876 -0.000362
14877 -0.000369
14878 -0.000367
14879 -0.000367
14880 -0.000367
14881 -0.000367
14883 -0.000368
14884 -0.000368
14885 -0.000367
14886 -0.000367
14887 -0.000367
14888 -0.000367
14889 -0.000367
14890 -0.000367
14891 -0.000367
14892 -0.000367
14893 -0.000367
14894 -0.000367
14895 -0.000367
14896 -0.000367
14897 -0.000367
14898 -0.000367
14899 -0.000367
14900 -0.000367
14901 -0.000367
14902 -0.000367
14904 -0.000366
14905 -0.000365
14906 -0.000367
14907 -0.000367
14909 -0.000366
14910 -0.000365
14912 -0.000366
14915 -0.000365
14916 -0.000368
14917 -0.000366
14919 -0.000367
14920 -0.000366
14921 -0.000366
14922 -0.000366
14923 -0.000366
14924 -0.000366
14925 -0.000366
14926 -0.000366
14927 -0.000366
14929 -0.000361
14931 -0.000365
14932 -0.000365
14933 -0.000366
14935 -0.000365
14936 -0.000366
14937 -0.000366
14940 -0.000358
14941 -0.000366
14943 -0.000364
14945 -0.000364
14946 -0.000368
14947 -0.000366
14948 -0.000366
14950 -0.000359
14951 -0.000364
14952 -0.000366
14953 -0.000366
14954 -0.000366
14955 -0.000366
14956 -0.000366
14957 -0.000366
14958 -0.000366
14959 -0.000366
14960 -0.000366
14961 -0.000366
14963 -0.000366
14964 -0.000365
14966 -0.000361
14967 -0.000365
14968 -0.000366
14969 -0.000365
14970 -0.000366
14971 -0.000366
14973 -0.000366
14974 -0.000365
14975 -0.000366
14976 -0.000365
14977 -0.000366
14978 -0.000365
14979 -0.000365
14980 -0.000365
14981 -0.000365
14982 -0.000365
14983 -0.000365
14984 -0.000365
14985 -0.000365
14986 -0.000365
14987 -0.000365
14988 -0.000365
14990 -0.000364
14992 -0.000365
14993 -0.000365
14994 -0.000366
14996 -0.000365
14998 -0.000370
14999 -0.000366
15000 -0.000366
15001 -0.000365
15002 -0.000365
15003 -0.000365
15005 -0.000366
15007 -0.000366
15008 -0.000365
15009 -0.000365
15010 -0.000365
15011 -0.000365
15012 -0.000365
15013 -0.000365
15014 -0.000365
15016 -0.000366
15017 -0.000366
15018 -0.000364
15019 -0.000365
15020 -0.000365
15021 -0.000365
15022 -0.000365
15023 -0.000365
15024 -0.000365
15025 -0.000365
15026 -0.000365
15027 -0.000365
15028 -0.000365
15029 -0.000365
15030 -0.000365
15031 -0.000365
15032 -0.000365
15033 -0.000365
15034 -0.000365
15035 -0.000365
15036 -0.000365
15037 -0.000365
15038 -0.000365
15039 -0.000365
15040 -0.000365
15041 -0.000365
15042 -0.000365
15043 -0.000365
15044 -0.000365
15045 -0.000365
15046 -0.000365
15047 -0.000365
15048 -0.000365
15049 -0.000365
15050 -0.000365
15051 -0.000365
15052 -0.000365
15053 -0.000365
15056 -0.000370
15057 -0.000364
15059 -0.000367
15061 -0.000362
15062 -0.000365
15064 -0.000362
15065 -0.000363
15066 -0.000365
15067 -0.000364
15068 -0.000365
15069 -0.000365
15070 -0.000365
15071 -0.000364
15072 -0.000365
15073 -0.000364
15074 -0.000364
15075 -0.000364
15076 -0.000364
15077 -0.000364
15078 -0.000364
15079 -0.000364
15080 -0.000364
15081 -0.000364
15082 -0.000364
15083 -0.000364
15084 -0.000364
15085 -0.000364
15086 -0.000364
15090 -0.000370
15092 -0.000363
15093 -0.000364
15094 -0.000364
15096 -0.000361
15097 -0.000363
15098 -0.000364
15099 -0.000364
15100 -0.000364
15101 -0.000364
15102 -0.000364
15103 -0.000364
15104 -0.000364
15105 -0.000364
15107 -0.000370
15109 -0.000366
15111 -0.000362
15113 -0.000360
15114 -0.000362
15115 -0.000363
15116 -0.000364
15117 -0.000364
15118 -0.000364
15119 -0.000364
15120 -0.000364
15121 -0.000364
15122 -0.000364
15123 -0.000364
15124 -0.000364
15125 -0.000364
15126 -0.000364
15127 -0.000364
15128 -0.000364
15129 -0.000364
15130 -0.000364
15131 -0.000364
15132 -0.000364
15133 -0.000364
15134 -0.000364
15135 -0.000364
15137 -0.000359
15138 -0.000366
15139 -0.000364
15140 -0.000363
15141 -0.000363
15142 -0.000364
15143 -0.000364
15144 -0.000364
15145 -0.000364
15148 -0.000365
15149 -0.000364
15150 -0.000363
15151 -0.000364
15152 -0.000364
15153 -0.000363
15154 -0.000364
15155 -0.000364
15157 -0.000367
15158 -0.000365
15159 -0.000363
15160 -0.000364
15167 -0.000361
15168 -0.000364
15169 -0.000363
15170 -0.000363
15172 -0.000362
15173 -0.000362
15174 -0.000363
15175 -0.000363
15177 -0.000356
15179 -0.000358
15180 -0.000363
15181 -0.000363
15182 -0.000363
15183 -0.000363
15184 -0.000363
15185 -0.000363
15186 -0.000363
15187 -0.000363
15188 -0.000363
15190 -0.000366
15191 -0.000362
15192 -0.000363
15194 -0.000361
15195 -0.000363
15196 -0.000362
15197 -0.000363
15198 -0.000363
15199 -0.000363
15200 -0.000363
15201 -0.000363
15203 -0.000364
15205 -0.000364
15206 -0.000362
15207 -0.000362
15208 -0.000363
15210 -0.000358
15211 -0.000362
15213 -0.000366
15214 -0.000362
15216 -0.000364
15217 -0.000362
15218 -0.000363
15219 -0.000362
15220 -0.000362
15221 -0.000362
15222 -0.000362
15223 -0.000362
15224 -0.000362
15225 -0.000362
15226 -0.000362
15227 -0.000362
15228 -0.000362
15229 -0.000362
15231 -0.000368
15232 -0.000362
15233 -0.000361
15234 -0.000362
15235 -0.000362
15236 -0.000362
15237 -0.000362
15238 -0.000362
15240 -0.000357
15241 -0.000362
15242 -0.000362
15243 -0.000362
15244 -0.000362
15245 -0.000362
15246 -0.000362
15247 -0.000362
15249 -0.000363
15250 -0.000362
15251 -0.000362
15252 -0.000362
15254 -0.000362
15255 -0.000361
15257 -0.000366
15258 -0.000362
15259 -0.000362
15260 -0.000362
15261 -0.000362
15263 -0.000363
15264 -0.000361
15268 -0.000359
15270 -0.000355
15271 -0.000361
15272 -0.000362
15274 -0.000361
15275 -0.000361
15276 -0.000361
15277 -0.000361
15278 -0.000361
15279 -0.000361
15280 -0.000361
15282 -0.000358
15283 -0.000362
15284 -0.000362
15285 -0.000361
15287 -0.000355
15288 -0.000361
15289 -0.000361
15290 -0.000361
15291 -0.000361
15292 -0.000361
15293 -0.000361
15294 -0.000361
15296 -0.000355
15297 -0.000360
15298 -0.000360
15299 -0.000361
15300 -0.000361
15302 -0.000358
15303 -0.000363
15304 -0.000362
15305 -0.000361
15306 -0.000361
15307 -0.000361
15308 -0.000361
15309 -0.000361
15310 -0.000361
15311 -0.000361
15312 -0.000361
15313 -0.000361
15315 -0.000358
15316 -0.000362
15317 -0.000361
15318 -0.000361
15319 -0.000361
15320 -0.000361
15321 -0.000361
15322 -0.000361
15323 -0.000361
15324 -0.000361
15325 -0.000361
15326 -0.000361
15327 -0.000361
15328 -0.000361
15329 -0.000361
15330 -0.000361
15331 -0.000361
15332 -0.000361
15333 -0.000361
15334 -0.000361
15335 -0.000361
15336 -0.000361
15337 -0.000361
15338 -0.000361
15339 -0.000361
15341 -0.000362
15342 -0.000361
15343 -0.000360
15344 -0.000361
15346 -0.000359
15347 -0.000360
15348 -0.000361
15349 -0.000361
15350 -0.000361
15351 -0.000361
15352 -0.000361
15353 -0.000361
15354 -0.000361
15355 -0.000361
15356 -0.000361
15357 -0.000361
15358 -0.000361
15359 -0.000361
15360 -0.000361
15362 -0.000360
15363 -0.000360
15364 -0.000361
15365 -0.000360
15366 -0.000361
15367 -0.000361
15368 -0.000361
15369 -0.000361
15371 -0.000365
15373 -0.000359
15374 -0.000361
15375 -0.000360
15376 -0.000360
15377 -0.000361
15378 -0.000361
15380 -0.000355
15381 -0.000359
15382 -0.000360
15383 -0.000360
15385 -0.000356
15386 -0.000361
15387 -0.000360
15388 -0.000360
15389 -0.000360
15390 -0.000360
15391 -0.000360
15392 -0.000360
15393 -0.000360
15394 -0.000360
15395 -0.000360
15397 -0.000362
15399 -0.000364
15400 -0.000360
15402 -0.000361
15404 -0.000361
15405 -0.000359
15406 -0.000360
15407 -0.000360
15410 -0.000357
15415 -0.000361
15416 -0.000360
15417 -0.000360
15418 -0.000360
15419 -0.000360
15421 -0.000361
15422 -0.000360
15423 -0.000360
15424 -0.000359
15425 -0.000359
15426 -0.000360
15427 -0.000360
15428 -0.000360
15429 -0.000360
15430 -0.000360
15431 -0.000360
15432 -0.000360
15433 -0.000360
15434 -0.000360
15435 -0.000360
15436 -0.000360
15437 -0.000360
15438 -0.000360
15440 -0.000366
15441 -0.000359
15443 -0.000363
15444 -0.000359
15445 -0.000359
15447 -0.000354
15448 -0.000359
15449 -0.000360
15450 -0.000359
15451 -0.000359
15452 -0.000359
15454 -0.000357
15455 -0.000359
15456 -0.000359
15457 -0.000359
15458 -0.000359
15460 -0.000361
15461 -0.000358
15462 -0.000359
15463 -0.000359
15464 -0.000359
15465 -0.000359
15466 -0.000359
15467 -0.000359
15468 -0.000359
15469 -0.000359
15470 -0.000359
15471 -0.000359
15472 -0.000359
15473 -0.000359
15474 -0.000359
15475 -0.000359
15476 -0.000359
15477 -0.000359
15478 -0.000359
15479 -0.000359
15480 -0.000359
15481 -0.000359
15482 -0.000359
15483 -0.000359
15485 -0.000354
15486 -0.000358
15488 -0.000358
15489 -0.000361
15490 -0.000359
15491 -0.000359
15492 -0.000359
15493 -0.000359
15494 -0.000359
15495 -0.000359
15496 -0.000359
15497 -0.000359
15499 -0.000363
15500 -0.000359
15501 -0.000359
15502 -0.000359
15503 -0.000359
15504 -0.000359
15505 -0.000359
15506 -0.000359
15507 -0.000359
15508 -0.000359
15509 -0.000359
15510 -0.000359
15511 -0.000359
15512 -0.000359
15513 -0.000359
15514 -0.000359
15515 -0.000359
15517 -0.000360
15518 -0.000358
15519 -0.000358
15520 -0.000359
15521 -0.000359
15522 -0.000359
15523 -0.000359
15524 -0.000359
15525 -0.000359
15526 -0.000359
15528 -0.000358
15531 -0.000361
15532 -0.000358
15533 -0.000359
15534 -0.000359
15535 -0.000359
15536 -0.000359
15538 -0.000360
15539 -0.000358
15541 -0.000357
15542 -0.000358
15543 -0.000359
15544 -0.000358
15545 -0.000358
15546 -0.000358
15547 -0.000358
15548 -0.000358
15550 -0.000363
15551 -0.000358
15552 -0.000359
15553 -0.000358
15554 -0.000358
15555 -0.000358
15557 -0.000357
15558 -0.000358
15561 -0.000358
15562 -0.000359
15563 -0.000359
15564 -0.000358
15565 -0.000358
15566 -0.000358
15567 -0.000358
15570 -0.000370
15571 -0.000358
15572 -0.000359
15573 -0.000358
15574 -0.000358
15575 -0.000358
15576 -0.000358
15577 -0.000358
15578 -0.000358
15579 -0.000358
15580 -0.000358
15582 -0.000355
15583 -0.000358
15584 -0.000358
15585 -0.000358
15587 -0.000357
15589 -0.000358
15590 -0.000357
15591 -0.000358
15592 -0.000358
15594 -0.000361
15596 -0.000353
15598 -0.000359
15599 -0.000358
15600 -0.000357
15602 -0.000356
15603 -0.000357
15604 -0.000358
15605 -0.000357
15606 -0.000357
15607 -0.000357
15608 -0.000357
15609 -0.000357
15610 -0.000357
15611 -0.000357
15612 -0.000357
15613 -0.000357
15614 -0.000357
15615 -0.000357
15616 -0.000357
15617 -0.000357
15618 -0.000357
15620 -0.000358
15621 -0.000357
15622 -0.000358
15623 -0.000357
15624 -0.000357
15625 -0.000357
15626 -0.000357
15627 -0.000357
15628 -0.000357
15629 -0.000357
15630 -0.000357
15631 -0.000357
15632 -0.000357
15633 -0.000357
15634 -0.000357
15635 -0.000357
15636 -0.000357
15637 -0.000357
15639 -0.000363
15643 -0.000356
15644 -0.000356
15645 -0.000357
15646 -0.000357
15647 -0.000357
15648 -0.000357
15649 -0.000357
15650 -0.000357
15651 -0.000357
15652 -0.000357
15655 -0.000356
15656 -0.000356
15657 -0.000357
15658 -0.000357
15659 -0.000357
15660 -0.000357
15661 -0.000357
15662 -0.000357
15664 -0.000355
15665 -0.000357
15666 -0.000357
15667 -0.000357
15669 -0.000360
15670 -0.000357
15672 -0.000353
15674 -0.000355
15675 -0.000355
15676 -0.000357
15677 -0.000357
15679 -0.000358
15681 -0.000357
15682 -0.000357
15684 -0.000357
15685 -0.000355
15686 -0.000356
15687 -0.000356
15688 -0.000356
15689 -0.000356
15690 -0.000356
15691 -0.000356
15692 -0.000356
15693 -0.000356
15694 -0.000356
15696 -0.000357
15697 -0.000354
15698 -0.000356
15699 -0.000357
15700 -0.000356
15701 -0.000356
15702 -0.000356
15703 -0.000356
15705 -0.000354
15706 -0.000358
15707 -0.000356
15708 -0.000356
15709 -0.000356
15710 -0.000356
15711 -0.000356
15712 -0.000356
15713 -0.000356
15714 -0.000356
15715 -0.000356
15716 -0.000356
15717 -0.000356
15718 -0.000356
15719 -0.000356
15720 -0.000356
15721 -0.000356
15722 -0.000356
15724 -0.000360
15726 -0.000358
15727 -0.000356
15728 -0.000356
15729 -0.000356
15730 -0.000356
15731 -0.000356
15732 -0.000356
15733 -0.000356
15734 -0.000356
15736 -0.000355
15737 -0.000355
15738 -0.000356
15739 -0.000356
15740 -0.000356
15741 -0.000356
15742 -0.000356
15743 -0.000356
15745 -0.000358
15746 -0.000356
15747 -0.000356
15749 -0.000357
15750 -0.000355
15751 -0.000356
15752 -0.000356
15753 -0.000356
15754 -0.000356
15756 -0.000356
15757 -0.000356
15758 -0.000356
15759 -0.000355
15760 -0.000356
15762 -0.000352
15763 -0.000356
15764 -0.000356
15765 -0.000356
15766 -0.000356
15767 -0.000356
15768 -0.000356
15769 -0.000356
15770 -0.000356
15771 -0.000356
15772 -0.000356
15773 -0.000356
15774 -0.000356
15775 -0.000356
15776 -0.000356
15777 -0.000356
15778 -0.000356
15779 -0.000356
15780 -0.000356
15781 -0.000356
15783 -0.000350
15784 -0.000355
15786 -0.000354
15787 -0.000355
15791 -0.000353
15792 -0.000357
15793 -0.000356
15794 -0.000355
15795 -0.000355
15796 -0.000355
15797 -0.000355
15798 -0.000355
15799 -0.000355
15800 -0.000355
15802 -0.000355
15803 -0.000356
15804 -0.000355
15806 -0.000354
15807 -0.000355
15809 -0.000352
15810 -0.000357
15811 -0.000355
15812 -0.000355
15814 -0.000346
15815 -0.000356
15816 -0.000355
15817 -0.000355
15818 -0.000355
15819 -0.000355
15820 -0.000355
15821 -0.000355
15822 -0.000355
15823 -0.000355
15824 -0.000355
15826 -0.000353
15827 -0.000354
15828 -0.000355
15829 -0.000355
15830 -0.000355
15832 -0.000358
15833 -0.000353
15836 -0.000355
15837 -0.000353
15838 -0.000353
15839 -0.000354
15840 -0.000355
15841 -0.000355
15842 -0.000355
15843 -0.000355
15844 -0.000355
15846 -0.000360
15849 -0.000361
15850 -0.000353
15851 -0.000354
15852 -0.000355
15853 -0.000354
15854 -0.000354
15855 -0.000355
15856 -0.000354
15858 -0.000351
15859 -0.000354
15860 -0.000355
15861 -0.000354
15862 -0.000354
15863 -0.000354
15864 -0.000354
15865 -0.000354
15867 -0.000354
15868 -0.000354
15869 -0.000354
15870 -0.000354
15871 -0.000354
15872 -0.000354
15873 -0.000354
15874 -0.000354
15875 -0.000354
15876 -0.000354
15878 -0.000352
15879 -0.000355
15880 -0.000354
15881 -0.000354
15883 -0.000356
15884 -0.000355
15885 -0.000354
15886 -0.000354
15887 -0.000354
15891 -0.000355
15893 -0.000352
15896 -0.000353
15897 -0.000352
15898 -0.000354
15899 -0.000354
15900 -0.000354
15901 -0.000354
15902 -0.000354
15904 -0.000351
15905 -0.000354
15907 -0.000352
15908 -0.000353
15909 -0.000353
15911 -0.000355
15912 -0.000353
15913 -0.000353
15914 -0.000354
15915 -0.000353
15916 -0.000353
15917 -0.000354
15918 -0.000354
15919 -0.000354
15920 -0.000354
15921 -0.000354
15922 -0.000354
15923 -0.000354
15924 -0.000354
15925 -0.000354
15926 -0.000354
15927 -0.000354
15928 -0.000354
15929 -0.000354
15930 -0.000354
15931 -0.000354
15932 -0.000354
15934 -0.000344
15936 -0.000355
15937 -0.000353
15938 -0.000354
15939 -0.000353
15940 -0.000353
15941 -0.000353
15943 -0.000354
15944 -0.000353
15945 -0.000353
15946 -0.000353
15947 -0.000353
15949 -0.000352
15950 -0.000354
15951 -0.000354
15952 -0.000353
15953 -0.000353
15955 -0.000353
15956 -0.000355
15958 -0.000350
15959 -0.000354
15960 -0.000353
15961 -0.000353
15964 -0.000352
15965 -0.000354
15966 -0.000353
15967 -0.000353
15968 -0.000353
15971 -0.000349
15972 -0.000353
15973 -0.000353
15974 -0.000353
15975 -0.000353
15976 -0.000353
15977 -0.000353
15979 -0.000351
15980 -0.000352
15981 -0.000353
15982 -0.000353
15983 -0.000353
15984 -0.000353
15985 -0.000353
15987 -0.000351
15988 -0.000353
15989 -0.000352
15990 -0.000353
15991 -0.000353
15992 -0.000352
15994 -0.000351
15995 -0.000353
15996 -0.000353
15997 -0.000353
15998 -0.000352
15999 -0.000353
16000 -0.000353
16001 -0.000353
16002 -0.000353
16003 -0.000353
16005 -0.000351
16006 -0.000352
16007 -0.000352
16008 -0.000352
16009 -0.000353
16010 -0.000352
16011 -0.000352
16012 -0.000352
16013 -0.000352
16014 -0.000352
16015 -0.000352
16016 -0.000352
16019 -0.000351
16020 -0.000351
16021 -0.000353
16022 -0.000352
16025 -0.000342
16026 -0.000352
16027 -0.000352
16028 -0.000353
16029 -0.000352
16030 -0.000352
16031 -0.000352
16032 -0.000352
16033 -0.000352
16034 -0.000352
16035 -0.000352
16036 -0.000352
16037 -0.000352
16039 -0.000356
16040 -0.000352
16041 -0.000352
16042 -0.000352
16043 -0.000352
16044 -0.000352
16045 -0.000352
16046 -0.000352
16047 -0.000352
16048 -0.000352
16049 -0.000352
16050 -0.000352
16051 -0.000352
16054 -0.000349
16055 -0.000352
16056 -0.000352
16057 -0.000352
16058 -0.000352
16060 -0.000350
16061 -0.000352
16063 -0.000352
16064 -0.000352
16065 -0.000351
16066 -0.000352
16068 -0.000350
16069 -0.000352
16070 -0.000352
16071 -0.000352
16073 -0.000351
16074 -0.000352
16075 -0.000352
16077 -0.000350
16078 -0.000351
16079 -0.000351
16080 -0.000352
16081 -0.000352
16082 -0.000352
16083 -0.000352
16084 -0.000352
16086 -0.000352
16088 -0.000347
16089 -0.000351
16090 -0.000352
16091 -0.000351
16092 -0.000351
16093 -0.000351
16094 -0.000351
16097 -0.000350
16098 -0.000351
16100 -0.000347
16102 -0.000357
16103 -0.000351
16105 -0.000353
16106 -0.000351
16107 -0.000351
16108 -0.000351
16109 -0.000351
16110 -0.000351
16111 -0.000351
16112 -0.000351
16113 -0.000351
16114 -0.000351
16115 -0.000351
16117 -0.000354
16118 -0.000352
16119 -0.000351
16120 -0.000351
16121 -0.000351
16122 -0.000351
16123 -0.000351
16124 -0.000351
16125 -0.000351
16126 -0.000351
16127 -0.000351
16128 -0.000351
16129 -0.000351
16130 -0.000351
16131 -0.000351
16132 -0.000351
16133 -0.000351
16134 -0.000351
16135 -0.000351
16136 -0.000351
16137 -0.000351
16138 -0.000351
16139 -0.000351
16140 -0.000351
16141 -0.000351
16142 -0.000351
16143 -0.000351
16144 -0.000351
16145 -0.000351
16146 -0.000351
16147 -0.000351
16149 -0.000352
16151 -0.000350
16152 -0.000350
16153 -0.000351
16154 -0.000351
16155 -0.000351
16156 -0.000351
16158 -0.000354
16159 -0.000351
16160 -0.000350
16161 -0.000351
16162 -0.000351
16163 -0.000351
16164 -0.000351
16165 -0.000351
16166 -0.000351
16167 -0.000351
16168 -0.000351
16169 -0.000351
16170 -0.000351
16171 -0.000351
16172 -0.000351
16173 -0.000351
16175 -0.000347
16176 -0.000349
16177 -0.000351
16178 -0.000351
16180 -0.000351
16182 -0.000355
16185 -0.000351
16187 -0.000355
16188 -0.000350
16189 -0.000350
16190 -0.000350
16191 -0.000350
16192 -0.000350
16193 -0.000350
16194 -0.000350
16195 -0.000350
16196 -0.000350
16197 -0.000350
16198 -0.000350
16200 -0.000350
16201 -0.000350
16202 -0.000350
16203 -0.000350
16204 -0.000350
16205 -0.000350
16206 -0.000350
16207 -0.000350
16208 -0.000350
16209 -0.000350
16210 -0.000350
16211 -0.000350
16213 -0.000351
16214 -0.000349
16215 -0.000350
16216 -0.000350
16217 -0.000350
16219 -0.000349
16220 -0.000351
16221 -0.000350
16222 -0.000350
16223 -0.000350
16224 -0.000350
16225 -0.000350
16226 -0.000350
16227 -0.000350
16228 -0.000350
16229 -0.000350
16230 -0.000350
16231 -0.000350
16232 -0.000350
16234 -0.000350
16235 -0.000350
16236 -0.000350
16237 -0.000350
16238 -0.000350
16239 -0.000350
16240 -0.000350
16241 -0.000350
16242 -0.000350
16243 -0.000350
16244 -0.000350
16245 -0.000350
16247 -0.000351
16248 -0.000350
16251 -0.000349
16252 -0.000350
16253 -0.000350
16254 -0.000350
16255 -0.000350
16257 -0.000352
16258 -0.000349
16259 -0.000349
16260 -0.000350
16261 -0.000350
16262 -0.000350
16263 -0.000350
16266 -0.000351
16267 -0.000350
16268 -0.000350
16269 -0.000350
16270 -0.000350
16271 -0.000350
16272 -0.000350
16274 -0.000352
16275 -0.000350
16276 -0.000350
16277 -0.000350
16278 -0.000350
16280 -0.000352
16282 -0.000350
16283 -0.000347
16284 -0.000349
16285 -0.000349
16286 -0.000349
16287 -0.000349
16288 -0.000349
16289 -0.000349
16290 -0.000349
16291 -0.000349
16292 -0.000349
16293 -0.000349
16294 -0.000349
16295 -0.000349
16297 -0.000346
16299 -0.000347
16301 -0.000349
16302 -0.000349
16303 -0.000350
16304 -0.000349
16305 -0.000349
16307 -0.000347
16308 -0.000348
16309 -0.000350
16310 -0.000348
16311 -0.000349
16312 -0.000349
16313 -0.000349
16314 -0.000349
16315 -0.000349
16317 -0.000346
16318 -0.000347
16319 -0.000349
16320 -0.000349
16321 -0.000349
16322 -0.000349
16323 -0.000349
16324 -0.000349
16325 -0.000349
16326 -0.000349
16327 -0.000349
16328 -0.000349
16329 -0.000349
16330 -0.000349
16331 -0.000349
16332 -0.000349
16333 -0.000349
16334 -0.000349
16335 -0.000349
16336 -0.000349
16337 -0.000349
16338 -0.000349
16339 -0.000349
16341 -0.000351
16342 -0.000349
16343 -0.000349
16344 -0.000349
16345 -0.000349
16346 -0.000349
16347 -0.000349
16349 -0.000354
16350 -0.000350
16351 -0.000349
16352 -0.000349
16353 -0.000349
16354 -0.000349
16355 -0.000349
16356 -0.000349
16357 -0.000349
16358 -0.000349
16359 -0.000349
16360 -0.000349
16362 -0.000353
16364 -0.000353
16365 -0.000349
16366 -0.000349
16367 -0.000349
16368 -0.000349
16369 -0.000349
16370 -0.000349
16371 -0.000349
16372 -0.000349
16373 -0.000349
16374 -0.000349
16375 -0.000349
16376 -0.000349
16378 -0.000347
16379 -0.000349
16381 -0.000346
16382 -0.000350
16383 -0.000348
16384 -0.000349
16385 -0.000349
16386 -0.000349
16387 -0.000349
16388 -0.000349
16389 -0.000349
16390 -0.000349
16391 -0.000349
16392 -0.000349
16393 -0.000349
16394 -0.000349
16395 -0.000349
16396 -0.000349
16397 -0.000349
16398 -0.000349
16399 -0.000349
16400 -0.000349
16401 -0.000349
16402 -0.000349
16403 -0.000349
16404 -0.000349
16406 -0.000348
16407 -0.000347
16408 -0.000349
16409 -0.000348
16410 -0.000348
16411 -0.000348
16412 -0.000349
16413 -0.000348
16414 -0.000348
16415 -0.000348
16416 -0.000348
16417 -0.000348
16418 -0.000348
16419 -0.000348
16420 -0.000348
16421 -0.000348
16422 -0.000348
16423 -0.000348
16425 -0.000346
16427 -0.000348
16428 -0.000348
16429 -0.000348
16430 -0.000348
16431 -0.000348
16432 -0.000348
16434 -0.000351
16436 -0.000345
16437 -0.000348
16438 -0.000348
16439 -0.000348
16440 -0.000348
16441 -0.000348
16442 -0.000348
16443 -0.000348
16445 -0.000350
16446 -0.000349
16448 -0.000350
16449 -0.000348
16450 -0.000348
16451 -0.000348
16452 -0.000348
16454 -0.000346
16455 -0.000348
16456 -0.000348
16457 -0.000348
16458 -0.000348
16459 -0.000348
16460 -0.000348
16461 -0.000348
16462 -0.000348
16463 -0.000348
16464 -0.000348
16466 -0.000348
16467 -0.000348
16468 -0.000348
16470 -0.000354
16471 -0.000350
16472 -0.000348
16473 -0.000348
16474 -0.000348
16475 -0.000348
16476 -0.000348
16478 -0.000344
16479 -0.000349
16480 -0.000348
16483 -0.000347
16485 -0.000344
16487 -0.000343
16488 -0.000346
16489 -0.000347
16492 -0.000355
16493 -0.000348
16494 -0.000348
16495 -0.000347
16496 -0.000347
16497 -0.000347
16499 -0.000349
16500 -0.000347
16503 -0.000351
16504 -0.000347
16505 -0.000347
16506 -0.000347
16508 -0.000347
16509 -0.000347
16510 -0.000347
16511 -0.000347
16512 -0.000347
16513 -0.000347
16514 -0.000347
16515 -0.000347
16516 -0.000347
16517 -0.000347
16518 -0.000347
16519 -0.000347
16520 -0.000347
16522 -0.000345
16523 -0.000348
16524 -0.000347
16525 -0.000347
16526 -0.000347
16527 -0.000347
16528 -0.000347
16529 -0.000347
16530 -0.000347
16532 -0.000346
16533 -0.000348
16534 -0.000347
16536 -0.000349
16537 -0.000346
16538 -0.000347
16539 -0.000346
16540 -0.000347
16542 -0.000347
16543 -0.000348
16544 -0.000347
16545 -0.000347
16546 -0.000347
16547 -0.000347
16548 -0.000347
16549 -0.000347
16550 -0.000347
16551 -0.000347
16552 -0.000347
16553 -0.000347
16554 -0.000347
16555 -0.000347
16556 -0.000347
16558 -0.000347
16559 -0.000348
16560 -0.000347
16561 -0.000347
16562 -0.000347
16563 -0.000347
16564 -0.000347
16565 -0.000347
16566 -0.000347
16567 -0.000347
16568 -0.000347
16569 -0.000347
16570 -0.000347
16571 -0.000347
16573 -0.000344
16574 -0.000347
16575 -0.000346
16576 -0.000347
16577 -0.000347
16578 -0.000347
16579 -0.000347
16580 -0.000347
16582 -0.000342
16583 -0.000347
16584 -0.000347
16585 -0.000346
16586 -0.000346
16587 -0.000347
16589 -0.000348
16590 -0.000347
16591 -0.000347
16592 -0.000346
16593 -0.000346
16594 -0.000346
16595 -0.000346
16596 -0.000346
16597 -0.000346
16598 -0.000346
16600 -0.000349
16601 -0.000346
16602 -0.000347
16603 -0.000346
16608 -0.000340
16609 -0.000347
16610 -0.000346
16611 -0.000346
16612 -0.000346
16613 -0.000346
16614 -0.000346
16615 -0.000346
16618 -0.000342
16619 -0.000345
16620 -0.000346
16621 -0.000346
16622 -0.000346
16623 -0.000346
16624 -0.000346
16625 -0.000346
16626 -0.000346
16627 -0.000346
16628 -0.000346
16629 -0.000346
16630 -0.000346
16631 -0.000346
16632 -0.000346
16633 -0.000346
16634 -0.000346
16635 -0.000346
16636 -0.000346
16637 -0.000346
16638 -0.000346
16639 -0.000346
16640 -0.000346
16642 -0.000336
16645 -0.000352
16646 -0.000345
16647 -0.000346
16648 -0.000346
16649 -0.000346
16650 -0.000346
16651 -0.000346
16652 -0.000346
16653 -0.000346
16655 -0.000350
16656 -0.000346
16657 -0.000346
16658 -0.000346
16659 -0.000346
16660 -0.000346
16661 -0.000346
16662 -0.000346
16664 -0.000345
16665 -0.000346
16666 -0.000346
16667 -0.000345
16668 -0.000346
16669 -0.000346
16670 -0.000346
16671 -0.000346
16672 -0.000346
16673 -0.000346
16674 -0.000346
16675 -0.000346
16676 -0.000346
16678 -0.000349
16679 -0.000346
16680 -0.000346
16681 -0.000346
16682 -0.000346
16683 -0.000346
16684 -0.000346
16686 -0.000345
16687 -0.000344
16688 -0.000346
16689 -0.000345
16690 -0.000345
16693 -0.000341
16694 -0.000346
16695 -0.000345
16696 -0.000345
16697 -0.000345
16698 -0.000345
16699 -0.000345
16701 -0.000346
16702 -0.000345
16703 -0.000345
16705 -0.000345
16706 -0.000346
16707 -0.000345
16710 -0.000349
16712 -0.000347
16713 -0.000345
16714 -0.000345
16715 -0.000345
16716 -0.000345
16717 -0.000345
16718 -0.000345
16719 -0.000345
16720 -0.000345
16721 -0.000345
16722 -0.000345
16723 -0.000345
16725 -0.000349
16726 -0.000345
16727 -0.000345
16728 -0.000345
16729 -0.000345
16730 -0.000345
16732 -0.000344
16733 -0.000345
16734 -0.000345
16735 -0.000345
16736 -0.000345
16737 -0.000345
16738 -0.000345
16740 -0.000339
16742 -0.000340
16743 -0.000342
16744 -0.000345
16745 -0.000345
16746 -0.000345
16747 -0.000345
16748 -0.000345
16749 -0.000345
16752 -0.000341
16753 -0.000342
16754 -0.000344
16755 -0.000344
16756 -0.000345
16757 -0.000345
16758 -0.000345
16759 -0.000345
16760 -0.000345
16761 -0.000345
16762 -0.000345
16763 -0.000345
16764 -0.000345
16765 -0.000345
16766 -0.000345
16767 -0.000345
16768 -0.000345
16770 -0.000344
16771 -0.000344
16772 -0.000342
16773 -0.000345
16774 -0.000344
16775 -0.000344
16776 -0.000344
16777 -0.000344
16778 -0.000344
16779 -0.000344
16780 -0.000344
16781 -0.000344
16782 -0.000344
16783 -0.000344
16785 -0.000344
16786 -0.000342
16788 -0.000347
16789 -0.000344
16790 -0.000344
16792 -0.000344
16793 -0.000345
16794 -0.000344
16795 -0.000344
16796 -0.000344
16797 -0.000344
16798 -0.000344
16800 -0.000340
16801 -0.000344
16802 -0.000344
16803 -0.000344
16804 -0.000344
16805 -0.000344
16807 -0.000349
16808 -0.000344
16809 -0.000344
16810 -0.000344
16811 -0.000344
16812 -0.000344
16813 -0.000344
16814 -0.000344
16815 -0.000344
16816 -0.000344
16817 -0.000344
16818 -0.000344
16819 -0.000344
16821 -0.000338
16822 -0.000345
16823 -0.000344
16824 -0.000344
16825 -0.000344
16826 -0.000344
16827 -0.000344
16828 -0.000344
16829 -0.000344
16830 -0.000344
16831 -0.000344
16832 -0.000344
16833 -0.000344
16834 -0.000344
16835 -0.000344
16837 -0.000349
16838 -0.000344
16839 -0.000344
16841 -0.000345
16843 -0.000341
16844 -0.000344
16846 -0.000340
16847 -0.000344
16848 -0.000343
16851 -0.000340
16852 -0.000345
16853 -0.000344
16854 -0.000344
16856 -0.000345
16857 -0.000343
16858 -0.000344
16859 -0.000344
16860 -0.000344
16861 -0.000344
16862 -0.000344
16863 -0.000344
16864 -0.000344
16865 -0.000344
16866 -0.000344
16867 -0.000344
16870 -0.000348
16871 -0.000344
16872 -0.000343
16873 -0.000343
16874 -0.000343
16875 -0.000343
16876 -0.000343
16878 -0.000340
16879 -0.000344
16880 -0.000343
16881 -0.000343
16882 -0.000343
16884 -0.000343
16885 -0.000343
16886 -0.000343
16888 -0.000344
16889 -0.000344
16890 -0.000343
16891 -0.000343
16892 -0.000343
16893 -0.000343
16894 -0.000343
16896 -0.000338
16897 -0.000342
16898 -0.000344
16899 -0.000343
16900 -0.000343
16902 -0.000340
16903 -0.000345
16904 -0.000343
16905 -0.000343
16906 -0.000343
16907 -0.000343
16908 -0.000343
16909 -0.000343
16910 -0.000343
16911 -0.000343
16912 -0.000343
16913 -0.000343
16914 -0.000343
16915 -0.000343
16916 -0.000343
16917 -0.000343
16919 -0.000343
16920 -0.000343
16921 -0.000343
16922 -0.000343
16923 -0.000343
16924 -0.000343
16925 -0.000343
16926 -0.000343
16927 -0.000343
16928 -0.000343
16929 -0.000343
16930 -0.000343
16931 -0.000343
16932 -0.000343
16933 -0.000343
16935 -0.000341
16936 -0.000342
16937 -0.000344
16939 -0.000338
16940 -0.000344
16941 -0.000343
16943 -0.000346
16944 -0.000343
16945 -0.000343
16947 -0.000343
16948 -0.000343
16949 -0.000343
16950 -0.000343
16951 -0.000343
16952 -0.000343
16953 -0.000343
16954 -0.000343
16955 -0.000343
16956 -0.000343
16957 -0.000343
16958 -0.000343
16959 -0.000343
16960 -0.000343
16961 -0.000343
16962 -0.000343
16963 -0.000343
16964 -0.000343
16965 -0.000343
16966 -0.000343
16967 -0.000343
16970 -0.000342
16972 -0.000342
16973 -0.000342
16975 -0.000338
16976 -0.000341
16977 -0.000342
16978 -0.000342
16979 -0.000342
16981 -0.000343
16982 -0.000343
16983 -0.000342
16984 -0.000342
16985 -0.000342
16986 -0.000342
16987 -0.000342
16988 -0.000342
16989 -0.000342
16990 -0.000342
16991 -0.000342
16992 -0.000342
16993 -0.000342
16995 -0.000339
16996 -0.000341
16997 -0.000344
16998 -0.000343
16999 -0.000342
17000 -0.000342
17001 -0.000342
17002 -0.000342
17003 -0.000342
17004 -0.000342
17005 -0.000342
17006 -0.000342
17007 -0.000342
17009 -0.000337
17011 -0.000342
17012 -0.000342
17013 -0.000342
17014 -0.000342
17016 -0.000339
17017 -0.000342
17018 -0.000342
17019 -0.000342
17020 -0.000342
17021 -0.000342
17023 -0.000340
17024 -0.000341
17025 -0.000342
17026 -0.000342
17027 -0.000342
17028 -0.000342
17029 -0.000342
17030 -0.000342
17031 -0.000342
17032 -0.000342
17033 -0.000342
17034 -0.000342
17035 -0.000342
17036 -0.000342
17037 -0.000342
17038 -0.000342
17039 -0.000342
17040 -0.000342
17042 -0.000340
17045 -0.000338
17046 -0.000344
17048 -0.000342
17049 -0.000342
17051 -0.000343
17052 -0.000341
17053 -0.000342
17054 -0.000342
17055 -0.000342
17056 -0.000342
17058 -0.000337
17059 -0.000342
17060 -0.000342
17061 -0.000342
17062 -0.000342
17063 -0.000342
17065 -0.000342
17066 -0.000342
17067 -0.000341
17069 -0.000338
17071 -0.000346
17072 -0.000342
17073 -0.000341
17075 -0.000340
17076 -0.000341
17077 -0.000341
17078 -0.000341
17079 -0.000341
17080 -0.000341
17081 -0.000341
17082 -0.000341
17083 -0.000341
17084 -0.000341
17085 -0.000341
17086 -0.000341
17088 -0.000336
17089 -0.000342
17090 -0.000342
17091 -0.000341
17092 -0.000341
17093 -0.000341
17094 -0.000341
17095 -0.000341
17096 -0.000341
17097 -0.000341
17098 -0.000341
17099 -0.000341
17100 -0.000341
17101 -0.000341
17102 -0.000341
17103 -0.000341
17104 -0.000341
17105 -0.000341
17107 -0.000346
17108 -0.000341
17110 -0.000338
17111 -0.000345
17112 -0.000342
17113 -0.000341
17114 -0.000341
17115 -0.000341
17116 -0.000341
17117 -0.000341
17118 -0.000341
17119 -0.000341
17120 -0.000341
17121 -0.000341
17122 -0.000341
17123 -0.000341
17124 -0.000341
17125 -0.000341
17130 -0.000340
17131 -0.000341
17132 -0.000341
17133 -0.000341
17134 -0.000341
17136 -0.000339
17137 -0.000341
17138 -0.000341
17139 -0.000341
17140 -0.000341
17141 -0.000341
17142 -0.000341
17143 -0.000341
17145 -0.000335
17147 -0.000342
17148 -0.000340
17149 -0.000341
17151 -0.000340
17152 -0.000340
17153 -0.000341
17155 -0.000344
17156 -0.000340
17157 -0.000341
17158 -0.000340
17159 -0.000340
17160 -0.000340
17162 -0.000347
17163 -0.000341
17166 -0.000331
17167 -0.000338
17168 -0.000341
17169 -0.000340
17171 -0.000347
17172 -0.000341
17173 -0.000340
17174 -0.000340
17175 -0.000340
17176 -0.000340
17177 -0.000340
17178 -0.000340
17179 -0.000340
17180 -0.000340
17181 -0.000340
17182 -0.000340
17183 -0.000340
17184 -0.000340
17185 -0.000340
17188 -0.000340
17189 -0.000340
17190 -0.000340
17191 -0.000340
17192 -0.000340
17193 -0.000340
17194 -0.000340
17195 -0.000340
17196 -0.000340
17197 -0.000340
17198 -0.000340
17199 -0.000340
17200 -0.000340
17202 -0.000341
17203 -0.000340
17204 -0.000340
17206 -0.000336
17207 -0.000340
17208 -0.000340
17210 -0.000336
17211 -0.000339
17212 -0.000340
17213 -0.000340
17214 -0.000340
17215 -0.000340
17216 -0.000340
17217 -0.000340
17218 -0.000340
17219 -0.000340
17220 -0.000340
17221 -0.000340
17222 -0.000340
17223 -0.000340
17224 -0.000340
17225 -0.000340
17226 -0.000340
17227 -0.000340
17228 -0.000340
17229 -0.000340
17230 -0.000340
17232 -0.000334
17233 -0.000340
17234 -0.000339
17235 -0.000340
17236 -0.000340
17237 -0.000340
17239 -0.000343
17240 -0.000339
17241 -0.000339
17242 -0.000340
17243 -0.000340
17244 -0.000340
17245 -0.000340
17246 -0.000340
17247 -0.000340
17248 -0.000340
17249 -0.000340
17251 -0.000343
17252 -0.000341
17253 -0.000340
17254 -0.000340
17256 -0.000343
17258 -0.000341
17259 -0.000339
17260 -0.000339
17261 -0.000340
17262 -0.000339
17263 -0.000340
17264 -0.000339
17265 -0.000340
17266 -0.000340
17267 -0.000340
17268 -0.000340
17269 -0.000340
17270 -0.000340
17271 -0.000340
17272 -0.000340
17273 -0.000340
17274 -0.000340
17275 -0.000340
17276 -0.000340
17277 -0.000340
17278 -0.000340
17280 -0.000340
17281 -0.000340
17282 -0.000339
17283 -0.000339
17285 -0.000336
17286 -0.000339
17287 -0.000339
17289 -0.000334
17290 -0.000338
17291 -0.000340
17292 -0.000339
17293 -0.000339
17296 -0.000336
17300 -0.000341
17301 -0.000339
17302 -0.000339
17303 -0.000339
17304 -0.000339
17305 -0.000339
17306 -0.000339
17307 -0.000339
17308 -0.000339
17309 -0.000339
17311 -0.000342
17312 -0.000339
17314 -0.000339
17317 -0.000342
17318 -0.000339
17319 -0.000339
17320 -0.000339
17321 -0.000339
17322 -0.000339
17323 -0.000339
17324 -0.000339
17325 -0.000339
17326 -0.000339
17327 -0.000339
17329 -0.000334
17330 -0.000338
17332 -0.000343
17333 -0.000338
17334 -0.000339
17335 -0.000339
17336 -0.000339
17337 -0.000339
17338 -0.000339
17339 -0.000339
17342 -0.000340
17343 -0.000339
17346 -0.000339
17347 -0.000338
17348 -0.000338
17350 -0.000338
17351 -0.000338
17352 -0.000337
17353 -0.000338
17354 -0.000338
17355 -0.000338
17356 -0.000338
17357 -0.000338
17358 -0.000338
17359 -0.000338
17360 -0.000338
17361 -0.000338
17362 -0.000338
17364 -0.000338
17366 -0.000336
17367 -0.000336
17368 -0.000340
17369 -0.000336
17370 -0.000338
17371 -0.000337
17372 -0.000339
17373 -0.000338
17375 -0.000341
17377 -0.000336
17378 -0.000338
17379 -0.000338
17380 -0.000338
17381 -0.000338
17382 -0.000338
17383 -0.000338
17384 -0.000338
17385 -0.000338
17386 -0.000338
17387 -0.000338
17388 -0.000338
17389 -0.000338
17390 -0.000338
17391 -0.000338
17392 -0.000338
17395 -0.000335
17397 -0.000335
17398 -0.000339
17399 -0.000338
17400 -0.000338
17401 -0.000338
17402 -0.000338
17403 -0.000338
17404 -0.000338
17405 -0.000338
17406 -0.000338
17408 -0.000337
17410 -0.000345
17412 -0.000341
17414 -0.000336
17415 -0.000336
17416 -0.000336
17417 -0.000338
17418 -0.000337
17419 -0.000337
17420 -0.000337
17423 -0.000344
17425 -0.000343
17427 -0.000339
17428 -0.000337
17429 -0.000337
17430 -0.000337
17431 -0.000337
17432 -0.000337
17433 -0.000337
17434 -0.000337
17435 -0.000337
17436 -0.000337
17437 -0.000337
17439 -0.000341
17440 -0.000338
17441 -0.000337
17442 -0.000337
17443 -0.000337
17444 -0.000337
17445 -0.000337
17446 -0.000337
17447 -0.000337
17448 -0.000337
17449 -0.000337
17450 -0.000337
17451 -0.000337
17452 -0.000337
17453 -0.000337
17454 -0.000337
17455 -0.000337
17456 -0.000337
17457 -0.000337
17458 -0.000337
17460 -0.000337
17461 -0.000337
17462 -0.000337
17463 -0.000337
17464 -0.000337
17465 -0.000337
17466 -0.000337
17468 -0.000338
17469 -0.000336
17470 -0.000337
17471 -0.000337
17472 -0.000337
17473 -0.000337
17474 -0.000337
17475 -0.000337
17476 -0.000337
17477 -0.000337
17479 -0.000341
17481 -0.000338
17482 -0.000337
17483 -0.000337
17484 -0.000337
17485 -0.000337
17487 -0.000339
17488 -0.000336
17489 -0.000337
17490 -0.000337
17491 -0.000337
17492 -0.000337
17495 -0.000334
17496 -0.000338
17497 -0.000337
17498 -0.000337
17499 -0.000337
17500 -0.000337
17501 -0.000337
17502 -0.000337
17503 -0.000337
17504 -0.000337
17505 -0.000337
17506 -0.000337
17507 -0.000337
17508 -0.000337
17509 -0.000337
17511 -0.000332
17512 -0.000338
17513 -0.000337
17514 -0.000337
17516 -0.000335
17517 -0.000336
17518 -0.000336
17519 -0.000337
17520 -0.000337
17521 -0.000337
17523 -0.000337
17524 -0.000337
17525 -0.000336
17526 -0.000336
17528 -0.000340
17529 -0.000337
17530 -0.000336
17531 -0.000336
17532 -0.000336
17534 -0.000336
17535 -0.000335
17536 -0.000337
17537 -0.000336
17538 -0.000336
17539 -0.000336
17541 -0.000337
17542 -0.000336
17543 -0.000337
17544 -0.000336
17545 -0.000336
17547 -0.000341
17548 -0.000336
17549 -0.000336
17550 -0.000336
17551 -0.000336
17553 -0.000336
17554 -0.000337
17555 -0.000337
17556 -0.000336
17557 -0.000336
17558 -0.000336
17559 -0.000336
17560 -0.000336
17561 -0.000336
17562 -0.000336
17563 -0.000336
17564 -0.000336
17565 -0.000336
17566 -0.000336
17567 -0.000336
17569 -0.000335
17570 -0.000336
17571 -0.000336
17572 -0.000336
17573 -0.000336
17574 -0.000336
17575 -0.000336
17576 -0.000336
17577 -0.000336
17578 -0.000336
17579 -0.000336
17580 -0.000336
17581 -0.000336
17582 -0.000336
17583 -0.000336
17584 -0.000336
17585 -0.000336
17586 -0.000336
17587 -0.000336
17588 -0.000336
17589 -0.000336
17590 -0.000336
17591 -0.000336
17592 -0.000336
17593 -0.000336
17595 -0.000336
17596 -0.000336
17597 -0.000336
17598 -0.000336
17599 -0.000336
17600 -0.000336
17601 -0.000336
17603 -0.000339
17604 -0.000336
17605 -0.000336
17606 -0.000336
17607 -0.000336
17608 -0.000336
17609 -0.000336
17610 -0.000336
17611 -0.000336
17612 -0.000336
17613 -0.000336
17614 -0.000336
17616 -0.000337
17617 -0.000336
17619 -0.000334
17620 -0.000336
17621 -0.000336
17622 -0.000336
17623 -0.000336
17625 -0.000335
17626 -0.000336
17628 -0.000337
17629 -0.000336
17630 -0.000336
17631 -0.000336
17632 -0.000336
17633 -0.000336
17634 -0.000336
17635 -0.000336
17637 -0.000338
17639 -0.000334
17640 -0.000335
17641 -0.000336
17642 -0.000336
17643 -0.000335
17644 -0.000335
17645 -0.000335
17646 -0.000335
17647 -0.000335
17648 -0.000335
17649 -0.000335
17650 -0.000335
17651 -0.000335
17652 -0.000335
17653 -0.000335
17654 -0.000335
17655 -0.000335
17657 -0.000334
17658 -0.000334
17659 -0.000335
17661 -0.000334
17662 -0.000335
17663 -0.000335
17664 -0.000335
17665 -0.000335
17666 -0.000335
17667 -0.000335
17669 -0.000336
17670 -0.000335
17671 -0.000335
17672 -0.000335
17673 -0.000335
17674 -0.000335
17675 -0.000335
17676 -0.000335
17677 -0.000335
17678 -0.000335
17680 -0.000343
17681 -0.000336
17685 -0.000332
17686 -0.000337
17687 -0.000336
17688 -0.000335
17689 -0.000335
17690 -0.000335
17691 -0.000335
17692 -0.000335
17693 -0.000335
17694 -0.000335
17695 -0.000335
17696 -0.000335
17697 -0.000335
17698 -0.000335
17699 -0.000335
17700 -0.000335
17703 -0.000333
17704 -0.000335
17706 -0.000338
17707 -0.000335
17708 -0.000335
17709 -0.000335
17710 -0.000335
17711 -0.000335
17712 -0.000335
17713 -0.000335
17714 -0.000335
17715 -0.000335
17716 -0.000335
17717 -0.000335
17718 -0.000335
17719 -0.000335
17720 -0.000335
17723 -0.000335
17724 -0.000335
17725 -0.000335
17726 -0.000335
17727 -0.000335
17728 -0.000335
17729 -0.000335
17730 -0.000335
17731 -0.000335
17732 -0.000335
17733 -0.000335
17734 -0.000335
17735 -0.000335
17736 -0.000335
17737 -0.000335
17738 -0.000335
17739 -0.000335
17741 -0.000339
17742 -0.000334
17743 -0.000334
17744 -0.000335
17745 -0.000335
17746 -0.000335
17747 -0.000335
17748 -0.000335
17749 -0.000335
17750 -0.000335
17753 -0.000337
17754 -0.000334
17755 -0.000334
17756 -0.000335
17757 -0.000334
17758 -0.000334
17759 -0.000335
17760 -0.000334
17762 -0.000334
17764 -0.000336
17765 -0.000335
17766 -0.000335
17767 -0.000334
17768 -0.000334
17769 -0.000334
17770 -0.000334
17772 -0.000334
17773 -0.000333
17774 -0.000335
17775 -0.000334
17776 -0.000334
17777 -0.000334
17778 -0.000334
17779 -0.000334
17780 -0.000334
17782 -0.000337
17783 -0.000333
17784 -0.000334
17785 -0.000334
17786 -0.000334
17787 -0.000334
17788 -0.000334
17789 -0.000334
17792 -0.000332
17794 -0.000334
17795 -0.000334
17796 -0.000334
17797 -0.000334
17798 -0.000334
17799 -0.000334
17800 -0.000334
17801 -0.000334
17802 -0.000334
17803 -0.000334
17804 -0.000334
17805 -0.000334
17806 -0.000334
17807 -0.000334
17808 -0.000334
17809 -0.000334
17810 -0.000334
17811 -0.000334
17812 -0.000334
17813 -0.000334
17815 -0.000328
17816 -0.000334
17817 -0.000334
17819 -0.000327
17820 -0.000334
17821 -0.000334
17823 -0.000338
17825 -0.000333
17826 -0.000333
17827 -0.000334
17828 -0.000334
17829 -0.000334
17830 -0.000334
17831 -0.000334
17832 -0.000334
17833 -0.000334
17834 -0.000334
17835 -0.000334
17838 -0.000332
17840 -0.000328
17841 -0.000333
17843 -0.000333
17844 -0.000333
17845 -0.000333
17846 -0.000334
17847 -0.000333
17848 -0.000334
17849 -0.000333
17850 -0.000333
17851 -0.000333
17852 -0.000333
17853 -0.000333
17854 -0.000333
17855 -0.000333
17856 -0.000333
17857 -0.000333
17861 -0.000328
17863 -0.000332
17864 -0.000333
17865 -0.000333
17866 -0.000333
17867 -0.000333
17868 -0.000333
17869 -0.000333
17870 -0.000333
17871 -0.000333
17872 -0.000333
17873 -0.000333
17874 -0.000333
17875 -0.000333
17876 -0.000333
17877 -0.000333
17878 -0.000333
17880 -0.000335
17881 -0.000333
17882 -0.000333
17883 -0.000333
17884 -0.000333
17885 -0.000333
17886 -0.000333
17887 -0.000333
17888 -0.000333
17889 -0.000333
17890 -0.000333
17891 -0.000333
17892 -0.000333
17894 -0.000335
17896 -0.000333
17898 -0.000335
17899 -0.000333
17901 -0.000334
17902 -0.000333
17903 -0.000332
17904 -0.000333
17905 -0.000333
17906 -0.000333
17907 -0.000333
17908 -0.000333
17910 -0.000335
17911 -0.000333
17913 -0.000332
17914 -0.000332
17916 -0.000334
17917 -0.000332
17918 -0.000333
17919 -0.000332
17920 -0.000333
17921 -0.000333
17922 -0.000333
17923 -0.000333
17924 -0.000333
17925 -0.000333
17926 -0.000333
17927 -0.000333
17928 -0.000333
17929 -0.000333
17930 -0.000333
17931 -0.000333
17932 -0.000333
17933 -0.000333
17934 -0.000333
17935 -0.000333
17936 -0.000333
17937 -0.000333
17938 -0.000333
17939 -0.000333
17940 -0.000333
17941 -0.000333
17942 -0.000333
17943 -0.000333
17944 -0.000333
17945 -0.000333
17947 -0.000334
17948 -0.000336
17950 -0.000334
17951 -0.000332
17952 -0.000332
17953 -0.000332
17955 -0.000337
17956 -0.000332
17957 -0.000332
17960 -0.000331
17961 -0.000335
17962 -0.000333
17965 -0.000335
17967 -0.000335
17968 -0.000333
17969 -0.000332
17970 -0.000332
17971 -0.000332
17972 -0.000332
17973 -0.000332
17975 -0.000329
17976 -0.000331
17977 -0.000332
17978 -0.000332
17979 -0.000332
17980 -0.000332
17981 -0.000332
17982 -0.000332
17983 -0.000332
17984 -0.000332
17985 -0.000332
17986 -0.000332
17987 -0.000332
17989 -0.000327
17990 -0.000334
17991 -0.000332
17992 -0.000332
17994 -0.000329
17995 -0.000332
17996 -0.000332
17998 -0.000333
17999 -0.000333
18000 -0.000332
18001 -0.000332
18002 -0.000332
18003 -0.000332
18004 -0.000332
18007 -0.000330
18008 -0.000330
18009 -0.000332
18010 -0.000332
18011 -0.000332
18012 -0.000332
18015 -0.000333
18017 -0.000336
18018 -0.000332
18019 -0.000332
18020 -0.000332
18021 -0.000332
18022 -0.000332
18023 -0.000332
18024 -0.000332
18025 -0.000332
18026 -0.000332
18027 -0.000332
18028 -0.000332
18030 -0.000333
18031 -0.000331
18032 -0.000332
18033 -0.000331
18034 -0.000331
18035 -0.000331
18036 -0.000331
18037 -0.000331
18038 -0.000331
18039 -0.000331
18040 -0.000331
18041 -0.000331
18043 -0.000331
18045 -0.000328
18047 -0.000329
18048 -0.000331
18049 -0.000331
18050 -0.000331
18051 -0.000331
18052 -0.000331
18053 -0.000331
18054 -0.000331
18055 -0.000331
18056 -0.000331
18058 -0.000328
18059 -0.000331
18060 -0.000331
18061 -0.000331
18062 -0.000331
18063 -0.000331
18065 -0.000332
18066 -0.000331
18067 -0.000331
18069 -0.000327
18070 -0.000330
18071 -0.000332
18072 -0.000331
18073 -0.000331
18075 -0.000332
18076 -0.000331
18077 -0.000331
18078 -0.000331
18079 -0.000331
18080 -0.000331
18081 -0.000331
18082 -0.000331
18083 -0.000331
18084 -0.000331
18086 -0.000334
18087 -0.000328
18088 -0.000331
18089 -0.000330
18090 -0.000331
18091 -0.000331
18092 -0.000331
18093 -0.000331
18094 -0.000331
18095 -0.000331
18096 -0.000331
18097 -0.000331
18098 -0.000331
18099 -0.000331
18100 -0.000331
18101 -0.000331
18102 -0.000331
18103 -0.000331
18104 -0.000331
18105 -0.000331
18106 -0.000331
18107 -0.000331
18109 -0.000330
18110 -0.000331
18111 -0.000331
18112 -0.000331
18113 -0.000331
18114 -0.000331
18115 -0.000331
18116 -0.000331
18117 -0.000331
18118 -0.000331
18119 -0.000331
18120 -0.000331
18122 -0.000327
18124 -0.000335
18125 -0.000331
18126 -0.000331
18127 -0.000331
18128 -0.000331
18129 -0.000331
18130 -0.000331
18131 -0.000331
18132 -0.000331
18133 -0.000331
18134 -0.000331
18135 -0.000331
18137 -0.000330
18139 -0.000333
18140 -0.000330
18141 -0.000330
18142 -0.000330
18143 -0.000331
18144 -0.000331
18145 -0.000331
18146 -0.000331
18147 -0.000331
18148 -0.000331
18149 -0.000331
18150 -0.000331
18151 -0.000331
18152 -0.000331
18153 -0.000331
18154 -0.000331
18155 -0.000331
18156 -0.000331
18157 -0.000331
18158 -0.000331
18159 -0.000331
18160 -0.000331
18161 -0.000331
18163 -0.000332
18164 -0.000331
18165 -0.000331
18166 -0.000331
18168 -0.000328
18170 -0.000327
18171 -0.000331
18174 -0.000334
18175 -0.000329
18176 -0.000330
18178 -0.000333
18179 -0.000331
18180 -0.000330
18181 -0.000330
18182 -0.000330
18183 -0.000330
18184 -0.000330
18185 -0.000330
18186 -0.000330
18187 -0.000330
18188 -0.000330
18189 -0.000330
18190 -0.000330
18191 -0.000330
18192 -0.000330
18193 -0.000330
18194 -0.000330
18195 -0.000330
18197 -0.000332
18198 -0.000330
18199 -0.000330
18200 -0.000330
18201 -0.000330
18202 -0.000330
18203 -0.000330
18204 -0.000330
18205 -0.000330
18206 -0.000330
18208 -0.000333
18209 -0.000329
18210 -0.000330
18211 -0.000330
18212 -0.000330
18213 -0.000330
18214 -0.000330
18215 -0.000330
18216 -0.000330
18217 -0.000330
18218 -0.000330
18219 -0.000330
18220 -0.000330
18221 -0.000330
18222 -0.000330
18223 -0.000330
18224 -0.000330
18225 -0.000330
18226 -0.000330
18227 -0.000330
18229 -0.000331
18231 -0.000327
18232 -0.000329
18235 -0.000332
18236 -0.000329
18238 -0.000335
18239 -0.000330
18240 -0.000330
18241 -0.000330
18242 -0.000330
18243 -0.000330
18244 -0.000330
18245 -0.000330
18247 -0.000331
18248 -0.000330
18249 -0.000330
18250 -0.000330
18251 -0.000330
18253 -0.000330
18254 -0.000329
18255 -0.000329
18256 -0.000330
18258 -0.000329
18259 -0.000330
18260 -0.000330
18261 -0.000330
18263 -0.000334
18264 -0.000329
18265 -0.000330
18266 -0.000330
18268 -0.000332
18270 -0.000328
18272 -0.000327
18273 -0.000334
18274 -0.000330
18275 -0.000329
18276 -0.000330
18277 -0.000329
18279 -0.000332
18280 -0.000329
18281 -0.000329
18283 -0.000327
18285 -0.000329
18287 -0.000327
18288 -0.000330
18289 -0.000329
18290 -0.000329
18291 -0.000329
18292 -0.000329
18293 -0.000329
18294 -0.000329
18295 -0.000329
18296 -0.000329
18297 -0.000329
18298 -0.000329
18302 -0.000331
18303 -0.000326
18305 -0.000335
18306 -0.000330
18307 -0.000329
18309 -0.000329
18310 -0.000329
18311 -0.000328
18312 -0.000329
18313 -0.000329
18314 -0.000329
18315 -0.000329
18316 -0.000329
18319 -0.000325
18320 -0.000329
18322 -0.000327
18324 -0.000326
18325 -0.000328
18326 -0.000328
18328 -0.000332
18329 -0.000328
18330 -0.000328
18331 -0.000329
18332 -0.000328
18333 -0.000328
18334 -0.000328
18335 -0.000328
18337 -0.000327
18338 -0.000329
18339 -0.000328
18340 -0.000328
18341 -0.000328
18342 -0.000328
18344 -0.000327
18345 -0.000328
18346 -0.000328
18348 -0.000324
18349 -0.000329
18350 -0.000328
18352 -0.000333
18353 -0.000329
18354 -0.000328
18356 -0.000328
18357 -0.000328
18358 -0.000328
18359 -0.000328
18360 -0.000328
18361 -0.000328
18362 -0.000328
18363 -0.000328
18364 -0.000328
18365 -0.000328
18366 -0.000328
18368 -0.000328
18369 -0.000328
18370 -0.000328
18371 -0.000328
18372 -0.000328
18373 -0.000328
18374 -0.000328
18375 -0.000328
18376 -0.000328
18377 -0.000328
18378 -0.000328
18379 -0.000328
18380 -0.000328
18382 -0.000325
18383 -0.000327
18384 -0.000327
18385 -0.000328
18386 -0.000328
18387 -0.000328
18388 -0.000328
18389 -0.000328
18391 -0.000324
18392 -0.000328
18393 -0.000328
18394 -0.000328
18395 -0.000328
18396 -0.000328
18397 -0.000328
18398 -0.000328
18399 -0.000328
18400 -0.000328
18401 -0.000328
18402 -0.000328
18403 -0.000328
18404 -0.000328
18405 -0.000328
18406 -0.000328
18407 -0.000328
18408 -0.000328
18409 -0.000328
18410 -0.000328
18412 -0.000327
18413 -0.000328
18414 -0.000329
18415 -0.000328
18418 -0.000330
18419 -0.000326
18420 -0.000328
18421 -0.000328
18422 -0.000328
18423 -0.000328
18424 -0.000328
18425 -0.000328
18426 -0.000328
18427 -0.000328
18428 -0.000328
18429 -0.000328
18430 -0.000328
18431 -0.000328
18432 -0.000328
18433 -0.000328
18434 -0.000328
18435 -0.000328
18436 -0.000328
18437 -0.000328
18438 -0.000328
18440 -0.000328
18441 -0.000329
18442 -0.000328
18443 -0.000328
18444 -0.000328
18446 -0.000326
18448 -0.000335
18450 -0.000329
18451 -0.000328
18452 -0.000327
18453 -0.000327
18454 -0.000327
18455 -0.000327
18456 -0.000327
18457 -0.000327
18458 -0.000327
18459 -0.000327
18460 -0.000327
18462 -0.000331
18463 -0.000327
18464 -0.000327
18465 -0.000327
18466 -0.000327
18467 -0.000327
18468 -0.000327
18469 -0.000327
18470 -0.000327
18471 -0.000327
18473 -0.000325
18474 -0.000328
18475 -0.000327
18476 -0.000327
18477 -0.000327
18478 -0.000327
18479 -0.000327
18480 -0.000327
18481 -0.000327
18482 -0.000327
18483 -0.000327
18484 -0.000327
18485 -0.000327
18486 -0.000327
18487 -0.000327
18488 -0.000327
18489 -0.000327
18490 -0.000327
18491 -0.000327
18492 -0.000327
18493 -0.000327
18494 -0.000327
18496 -0.000328
18497 -0.000327
18498 -0.000327
18499 -0.000327
18500 -0.000327
18501 -0.000327
18502 -0.000327
18503 -0.000327
18504 -0.000327
18505 -0.000327
18506 -0.000327
18507 -0.000327
18508 -0.000327
18509 -0.000327
18510 -0.000327
18511 -0.000327
18512 -0.000327
18513 -0.000327
18514 -0.000327
18515 -0.000327
18516 -0.000327
18517 -0.000327
18518 -0.000327
18519 -0.000327
18520 -0.000327
18521 -0.000327
18522 -0.000327
18523 -0.000327
18524 -0.000327
18525 -0.000327
18526 -0.000327
18527 -0.000327
18528 -0.000327
18533 -0.000328
18535 -0.000325
18536 -0.000327
18538 -0.000327
18539 -0.000327
18540 -0.000327
18541 -0.000327
18542 -0.000327
18543 -0.000327
18544 -0.000327
18547 -0.000327
18548 -0.000327
18549 -0.000327
18551 -0.000327
18552 -0.000327
18554 -0.000327
18555 -0.000326
18556 -0.000327
18557 -0.000327
18558 -0.000327
18559 -0.000327
18560 -0.000327
18561 -0.000327
18562 -0.000327
18564 -0.000325
18565 -0.000327
18566 -0.000327
18567 -0.000327
18568 -0.000327
18569 -0.000327
18571 -0.000329
18572 -0.000326
18573 -0.000326
18574 -0.000326
18575 -0.000326
18576 -0.000327
18577 -0.000327
18578 -0.000327
18581 -0.000326
18582 -0.000327
18583 -0.000326
18584 -0.000326
18585 -0.000326
18586 -0.000326
18587 -0.000326
18588 -0.000326
18589 -0.000326
18590 -0.000326
18591 -0.000326
18592 -0.000326
18593 -0.000326
18595 -0.000325
18596 -0.000327
18597 -0.000326
18598 -0.000326
18599 -0.000326
18600 -0.000326
18601 -0.000326
18602 -0.000326
18604 -0.000325
18605 -0.000327
18607 -0.000328
18608 -0.000326
18610 -0.000326
18612 -0.000325
18614 -0.000327
18616 -0.000326
18617 -0.000326
18618 -0.000326
18620 -0.000327
18621 -0.000325
18622 -0.000326
18623 -0.000325
18624 -0.000326
18625 -0.000326
18626 -0.000326
18627 -0.000326
18628 -0.000326
18629 -0.000326
18630 -0.000326
18631 -0.000326
18632 -0.000326
18633 -0.000326
18634 -0.000326
18635 -0.000326
18637 -0.000325
18640 -0.000328
18641 -0.000325
18642 -0.000326
18643 -0.000326
18646 -0.000323
18647 -0.000326
18648 -0.000326
18649 -0.000326
18650 -0.000326
18652 -0.000323
18654 -0.000321
18655 -0.000326
18657 -0.000326
18658 -0.000327
18659 -0.000325
18660 -0.000325
18661 -0.000325
18662 -0.000325
18663 -0.000325
18664 -0.000325
18665 -0.000325
18666 -0.000325
18668 -0.000324
18669 -0.000325
18671 -0.000328
18672 -0.000324
18673 -0.000326
18674 -0.000325
18675 -0.000325
18676 -0.000325
18677 -0.000325
18678 -0.000325
18679 -0.000325
18680 -0.000325
18681 -0.000325
18682 -0.000325
18683 -0.000325
18685 -0.000328
18686 -0.000324
18687 -0.000325
18688 -0.000325
18689 -0.000325
18690 -0.000325
18691 -0.000325
18693 -0.000320
18694 -0.000327
18695 -0.000325
18696 -0.000325
18698 -0.000325
18699 -0.000325
18700 -0.000325
18701 -0.000325
18702 -0.000325
18703 -0.000325
18704 -0.000325
18705 -0.000325
18706 -0.000325
18707 -0.000325
18708 -0.000325
18709 -0.000325
18710 -0.000325
18711 -0.000325
18713 -0.000324
18714 -0.000325
18715 -0.000325
18716 -0.000325
18717 -0.000325
18719 -0.000323
18720 -0.000325
18721 -0.000325
18722 -0.000325
18723 -0.000325
18724 -0.000325
18725 -0.000325
18726 -0.000325
18727 -0.000325
18729 -0.000325
18730 -0.000324
18731 -0.000324
18733 -0.000327
18734 -0.000324
18735 -0.000325
18736 -0.000325
18737 -0.000325
18738 -0.000325
18739 -0.000325
18740 -0.000325
18741 -0.000325
18742 -0.000325
18743 -0.000325
18744 -0.000325
18746 -0.000322
18747 -0.000325
18748 -0.000325
18749 -0.000325
18750 -0.000325
18751 -0.000325
18752 -0.000325
18753 -0.000325
18754 -0.000325
18755 -0.000325
18756 -0.000325
18757 -0.000325
18758 -0.000325
18759 -0.000325
18760 -0.000325
18761 -0.000325
18762 -0.000325
18763 -0.000325
18764 -0.000325
18765 -0.000325
18766 -0.000325
18767 -0.000325
18769 -0.000322
18770 -0.000325
18771 -0.000326
18772 -0.000325
18773 -0.000325
18774 -0.000325
18775 -0.000325
18777 -0.000326
18778 -0.000325
18779 -0.000325
18780 -0.000325
18781 -0.000325
18782 -0.000325
18783 -0.000325
18784 -0.000325
18785 -0.000325
18786 -0.000325
18787 -0.000325
18789 -0.000328
18790 -0.000325
18791 -0.000325
18793 -0.000319
18794 -0.000326
18795 -0.000325
18796 -0.000324
18797 -0.000324
18798 -0.000324
18799 -0.000324
18800 -0.000324
18801 -0.000324
18802 -0.000324
18804 -0.000322
18805 -0.000323
18806 -0.000324
18807 -0.000324
18809 -0.000327
18810 -0.000324
18812 -0.000324
18813 -0.000323
18814 -0.000324
18815 -0.000324
18816 -0.000324
18817 -0.000324
18818 -0.000324
18819 -0.000324
18822 -0.000327
18823 -0.000324
18825 -0.000325
18826 -0.000325
18827 -0.000324
18828 -0.000324
18829 -0.000324
18830 -0.000324
18831 -0.000324
18833 -0.000325
18834 -0.000324
18835 -0.000324
18836 -0.000324
18837 -0.000324
18838 -0.000324
18839 -0.000324
18840 -0.000324
18841 -0.000324
18842 -0.000324
18843 -0.000324
18844 -0.000324
18845 -0.000324
18847 -0.000324
18848 -0.000323
18849 -0.000324
18850 -0.000324
18851 -0.000324
18852 -0.000324
18853 -0.000324
18854 -0.000324
18855 -0.000324
18856 -0.000324
18857 -0.000324
18858 -0.000324
18860 -0.000318
18861 -0.000323
18862 -0.000324
18863 -0.000324
18864 -0.000324
18866 -0.000321
18868 -0.000322
18869 -0.000326
18870 -0.000323
18871 -0.000323
18872 -0.000324
18873 -0.000324
18874 -0.000324
18876 -0.000323
18877 -0.000323
18878 -0.000323
18879 -0.000324
18881 -0.000325
18882 -0.000324
18885 -0.000324
18886 -0.000324
18887 -0.000324
18889 -0.000323
18891 -0.000319
18892 -0.000323
18893 -0.000324
18894 -0.000323
18895 -0.000323
18896 -0.000323
18897 -0.000323
18898 -0.000323
18899 -0.000323
18900 -0.000323
18901 -0.000323
18902 -0.000323
18903 -0.000323
18904 -0.000323
18905 -0.000323
18907 -0.000323
18908 -0.000323
18909 -0.000323
18910 -0.000323
18911 -0.000323
18912 -0.000323
18914 -0.000324
18915 -0.000321
18916 -0.000324
18917 -0.000323
18918 -0.000323
18919 -0.000323
18920 -0.000323
18921 -0.000323
18922 -0.000323
18923 -0.000323
18924 -0.000323
18925 -0.000323
18926 -0.000323
18927 -0.000323
18928 -0.000323
18929 -0.000323
18930 -0.000323
18931 -0.000323
18932 -0.000323
18933 -0.000323
18934 -0.000323
18935 -0.000323
18936 -0.000323
18937 -0.000323
18938 -0.000323
18939 -0.000323
18942 -0.000324
18943 -0.000323
18944 -0.000323
18945 -0.000323
18946 -0.000323
18947 -0.000323
18948 -0.000323
18949 -0.000323
18950 -0.000323
18951 -0.000323
18952 -0.000323
18953 -0.000323
18954 -0.000323
18956 -0.000323
18957 -0.000323
18958 -0.000323
18960 -0.000324
18961 -0.000323
18962 -0.000323
18964 -0.000323
18965 -0.000322
18966 -0.000323
18967 -0.000323
18968 -0.000323
18969 -0.000323
18970 -0.000323
18972 -0.000324
18973 -0.000323
18974 -0.000323
18975 -0.000323
18977 -0.000326
18978 -0.000323
18979 -0.000323
18980 -0.000323
18982 -0.000325
18983 -0.000321
18984 -0.000323
18986 -0.000323
18987 -0.000323
18988 -0.000323
18989 -0.000323
18990 -0.000323
18992 -0.000320
18993 -0.000323
18994 -0.000323
18996 -0.000320
18997 -0.000323
18998 -0.000323
18999 -0.000323
19000 -0.000323
19001 -0.000323
19003 -0.000320
19004 -0.000322
19005 -0.000323
19006 -0.000323
19008 -0.000327
19010 -0.000322
19011 -0.000323
19012 -0.000323
19014 -0.000323
19015 -0.000322
19016 -0.000322
19017 -0.000322
19018 -0.000322
19019 -0.000322
19020 -0.000322
19021 -0.000322
19022 -0.000322
19023 -0.000322
19024 -0.000322
19025 -0.000322
19026 -0.000322
19027 -0.000322
19028 -0.000322
19029 -0.000322
19030 -0.000322
19031 -0.000322
19032 -0.000322
19033 -0.000322
19035 -0.000320
19036 -0.000322
19037 -0.000322
19038 -0.000322
19039 -0.000322
19040 -0.000322
19041 -0.000322
19042 -0.000322
19043 -0.000322
19045 -0.000321
19046 -0.000323
19047 -0.000322
19048 -0.000322
19049 -0.000322
19051 -0.000318
19052 -0.000321
19053 -0.000322
19054 -0.000322
19055 -0.000322
19056 -0.000322
19057 -0.000322
19058 -0.000322
19059 -0.000322
19060 -0.000322
19061 -0.000322
19062 -0.000322
19063 -0.000322
19064 -0.000322
19065 -0.000322
19066 -0.000322
19067 -0.000322
19071 -0.000322
19072 -0.000322
19074 -0.000322
19075 -0.000323
19076 -0.000322
19077 -0.000322
19078 -0.000322
19079 -0.000322
19080 -0.000322
19081 -0.000322
19082 -0.000322
19083 -0.000322
19084 -0.000322
19085 -0.000322
19086 -0.000322
19088 -0.000320
19089 -0.000323
19090 -0.000322
19091 -0.000322
19092 -0.000322
19093 -0.000322
19094 -0.000322
19096 -0.000323
19097 -0.000322
19098 -0.000322
19099 -0.000322
19100 -0.000322
19101 -0.000322
19102 -0.000322
19103 -0.000322
19106 -0.000317
19107 -0.000321
19108 -0.000322
19110 -0.000321
19111 -0.000323
19112 -0.000322
19113 -0.000322
19114 -0.000322
19115 -0.000322
19117 -0.000327
19119 -0.000318
19125 -0.000319
19126 -0.000322
19128 -0.000323
19129 -0.000320
19130 -0.000321
19131 -0.000321
19132 -0.000321
19133 -0.000321
19134 -0.000321
19135 -0.000321
19136 -0.000321
19137 -0.000321
19138 -0.000321
19140 -0.000321
19141 -0.000321
19142 -0.000321
19143 -0.000321
19144 -0.000321
19145 -0.000321
19146 -0.000321
19148 -0.000320
19150 -0.000320
19151 -0.000321
19152 -0.000321
19153 -0.000321
19154 -0.000321
19155 -0.000321
19156 -0.000321
19157 -0.000321
19158 -0.000321
19159 -0.000321
19160 -0.000321
19161 -0.000321
19162 -0.000321
19163 -0.000321
19164 -0.000321
19165 -0.000321
19166 -0.000321
19167 -0.000321
19168 -0.000321
19169 -0.000321
19171 -0.000320
19172 -0.000321
19174 -0.000326
19176 -0.000319
19177 -0.000322
19178 -0.000321
19179 -0.000321
19180 -0.000321
19182 -0.000319
19183 -0.000320
19184 -0.000320
19185 -0.000321
19186 -0.000321
19187 -0.000321
19189 -0.000324
19190 -0.000321
19192 -0.000320
19193 -0.000321
19195 -0.000324
19196 -0.000320
19198 -0.000323
19201 -0.000321
19202 -0.000320
19204 -0.000316
19205 -0.000319
19206 -0.000321
19207 -0.000320
19208 -0.000320
19209 -0.000320
19211 -0.000315
19212 -0.000321
19213 -0.000320
19214 -0.000320
19215 -0.000320
19216 -0.000320
19217 -0.000320
19218 -0.000320
19219 -0.000320
19220 -0.000320
19221 -0.000320
19222 -0.000320
19223 -0.000320
19224 -0.000320
19225 -0.000320
19226 -0.000320
19227 -0.000320
19228 -0.000320
19229 -0.000320
19230 -0.000320
19231 -0.000320
19232 -0.000320
19233 -0.000320
19234 -0.000320
19235 -0.000320
19236 -0.000320
19237 -0.000320
19238 -0.000320
19239 -0.000320
19241 -0.000320
19242 -0.000320
19243 -0.000320
19244 -0.000320
19245 -0.000320
19246 -0.000320
19247 -0.000320
19248 -0.000320
19249 -0.000320
19250 -0.000320
19254 -0.000321
19255 -0.000320
19256 -0.000320
19257 -0.000320
19258 -0.000320
19260 -0.000322
19261 -0.000320
19262 -0.000320
19263 -0.000320
19264 -0.000320
19265 -0.000320
19266 -0.000320
19267 -0.000320
19268 -0.000320
19269 -0.000320
19270 -0.000320
19271 -0.000320
19272 -0.000320
19273 -0.000320
19274 -0.000320
19275 -0.000320
19276 -0.000320
19277 -0.000320
19278 -0.000320
19279 -0.000320
19281 -0.000321
19282 -0.000320
19283 -0.000319
19284 -0.000320
19285 -0.000320
19287 -0.000321
19288 -0.000320
19289 -0.000320
19291 -0.000315
19292 -0.000320
19294 -0.000318
19295 -0.000320
19296 -0.000320
19297 -0.000320
19299 -0.000318
19300 -0.000319
19301 -0.000319
19302 -0.000320
19303 -0.000320
19305 -0.000317
19306 -0.000318
19307 -0.000319
19308 -0.000320
19309 -0.000320
19310 -0.000320
19311 -0.000319
19312 -0.000320
19313 -0.000320
19314 -0.000320
19315 -0.000320
19316 -0.000320
19317 -0.000320
19318 -0.000320
19319 -0.000320
19320 -0.000320
19321 -0.000320
19323 -0.000318
19325 -0.000318
19326 -0.000318
19327 -0.000319
19328 -0.000319
19329 -0.000319
19330 -0.000319
19331 -0.000319
19333 -0.000319
19334 -0.000319
19335 -0.000319
19336 -0.000319
19337 -0.000319
19338 -0.000319
19339 -0.000319
19340 -0.000319
19341 -0.000319
19342 -0.000319
19344 -0.000320
19345 -0.000320
19346 -0.000319
19348 -0.000318
19349 -0.000320
19350 -0.000320
19352 -0.000320
19353 -0.000319
19354 -0.000320
19355 -0.000319
19356 -0.000319
19357 -0.000319
19358 -0.000319
19359 -0.000319
19360 -0.000319
19361 -0.000319
19363 -0.000321
19364 -0.000319
19365 -0.000320
19366 -0.000319
19367 -0.000319
19368 -0.000319
19369 -0.000319
19371 -0.000319
19372 -0.000320
19373 -0.000319
19374 -0.000319
19375 -0.000319
19376 -0.000319
19377 -0.000319
19378 -0.000319
19379 -0.000319
19380 -0.000319
19382 -0.000322
19383 -0.000319
19384 -0.000319
19386 -0.000320
19387 -0.000319
19388 -0.000319
19389 -0.000319
19390 -0.000319
19391 -0.000319
19393 -0.000316
19394 -0.000319
19395 -0.000318
19396 -0.000319
19397 -0.000319
19398 -0.000319
19399 -0.000319
19400 -0.000319
19401 -0.000319
19402 -0.000319
19403 -0.000319
19404 -0.000319
19406 -0.000317
19407 -0.000318
19408 -0.000319
19409 -0.000319
19411 -0.000319
19412 -0.000318
19413 -0.000318
19414 -0.000319
19415 -0.000319
19416 -0.000319
19417 -0.000319
19418 -0.000319
19419 -0.000319
19420 -0.000319
19421 -0.000319
19422 -0.000319
19423 -0.000319
19424 -0.000319
19426 -0.000316
19427 -0.000318
19428 -0.000318
19429 -0.000319
19430 -0.000319
19431 -0.000319
19432 -0.000319
19434 -0.000310
19436 -0.000317
19437 -0.000317
19438 -0.000318
19439 -0.000318
19440 -0.000319
19441 -0.000319
19442 -0.000319
19443 -0.000319
19444 -0.000319
19445 -0.000319
19446 -0.000319
19447 -0.000319
19448 -0.000319
19449 -0.000319
19450 -0.000319
19453 -0.000316
19454 -0.000319
19455 -0.000317
19456 -0.000319
19457 -0.000318
19458 -0.000318
19459 -0.000318
19460 -0.000318
19461 -0.000318
19462 -0.000318
19463 -0.000318
19464 -0.000318
19465 -0.000318
19466 -0.000318
19467 -0.000318
19468 -0.000318
19469 -0.000318
19470 -0.000318
19471 -0.000318
19472 -0.000318
19474 -0.000318
19475 -0.000318
19476 -0.000318
19477 -0.000318
19478 -0.000318
19479 -0.000318
19480 -0.000318
19483 -0.000318
19484 -0.000318
19485 -0.000319
19486 -0.000318
19487 -0.000318
19488 -0.000318
19489 -0.000318
19490 -0.000318
19491 -0.000318
19492 -0.000318
19493 -0.000318
19494 -0.000318
19495 -0.000318
19496 -0.000318
19497 -0.000318
19498 -0.000318
19499 -0.000318
19500 -0.000318
19503 -0.000320
19504 -0.000319
19505 -0.000318
19506 -0.000318
19507 -0.000318
19508 -0.000318
19509 -0.000318
19510 -0.000318
19511 -0.000318
19512 -0.000318
19514 -0.000317
19515 -0.000317
19516 -0.000318
19517 -0.000318
19518 -0.000318
19520 -0.000320
19521 -0.000318
19522 -0.000318
19523 -0.000318
19524 -0.000318
19526 -0.000312
19527 -0.000317
19528 -0.000319
19529 -0.000318
19530 -0.000318
19532 -0.000317
19533 -0.000318
19534 -0.000318
19535 -0.000318
19536 -0.000318
19537 -0.000318
19539 -0.000317
19540 -0.000317
19541 -0.000318
19542 -0.000318
19543 -0.000318
19544 -0.000318
19545 -0.000318
19546 -0.000318
19547 -0.000318
19548 -0.000318
19549 -0.000318
19550 -0.000318
19551 -0.000318
19552 -0.000318
19553 -0.000318
19554 -0.000318
19556 -0.000321
19558 -0.000316
19560 -0.000319
19561 -0.000318
19562 -0.000317
19563 -0.000318
19564 -0.000318
19565 -0.000318
19566 -0.000318
19567 -0.000318
19568 -0.000318
19570 -0.000318
19571 -0.000317
19572 -0.000317
19573 -0.000317
19575 -0.000325
19576 -0.000317
19577 -0.000318
19578 -0.000317
19579 -0.000317
19580 -0.000318
19581 -0.000318
19582 -0.000317
19583 -0.000318
19584 -0.000318
19585 -0.000318
19587 -0.000319
19588 -0.000318
19589 -0.000318
19590 -0.000317
19591 -0.000317
19592 -0.000317
19593 -0.000317
19594 -0.000317
19595 -0.000317
19596 -0.000317
19597 -0.000317
19599 -0.000323
19600 -0.000316
19601 -0.000318
19602 -0.000317
19604 -0.000311
19605 -0.000316
19606 -0.000318
19607 -0.000317
19608 -0.000318
19609 -0.000317
19610 -0.000317
19611 -0.000317
19613 -0.000310
19614 -0.000316
19615 -0.000318
19616 -0.000317
19618 -0.000317
19620 -0.000312
19621 -0.000317
19622 -0.000317
19623 -0.000317
19624 -0.000317
19625 -0.000317
19626 -0.000317
19627 -0.000317
19628 -0.000317
19630 -0.000318
19631 -0.000318
19632 -0.000317
19633 -0.000317
19636 -0.000315
19637 -0.000316
19638 -0.000317
19639 -0.000316
19640 -0.000317
19641 -0.000317
19642 -0.000317
19643 -0.000317
19645 -0.000318
19647 -0.000315
19648 -0.000318
19649 -0.000317
19650 -0.000317
19651 -0.000317
19652 -0.000317
19653 -0.000317
19654 -0.000317
19657 -0.000317
19658 -0.000317
19659 -0.000316
19660 -0.000317
19661 -0.000317
19662 -0.000317
19663 -0.000317
19666 -0.000321
19667 -0.000316
19668 -0.000317
19669 -0.000317
19670 -0.000317
19671 -0.000317
19674 -0.000318
19675 -0.000317
19676 -0.000316
19678 -0.000317
19679 -0.000316
19680 -0.000317
19681 -0.000316
19682 -0.000316
19683 -0.000316
19685 -0.000311
19686 -0.000316
19687 -0.000316
19688 -0.000316
19689 -0.000316
19690 -0.000316
19691 -0.000316
19692 -0.000316
19693 -0.000316
19694 -0.000316
19695 -0.000316
19696 -0.000316
19697 -0.000316
19698 -0.000316
19699 -0.000316
19701 -0.000316
19702 -0.000315
19703 -0.000317
19704 -0.000316
19705 -0.000316
19706 -0.000316
19708 -0.000316
19710 -0.000320
19711 -0.000316
19712 -0.000316
19713 -0.000316
19714 -0.000316
19715 -0.000316
19716 -0.000316
19717 -0.000316
19718 -0.000316
19719 -0.000316
19720 -0.000316
19721 -0.000316
19722 -0.000316
19723 -0.000316
19724 -0.000316
19725 -0.000316
19726 -0.000316
19727 -0.000316
19728 -0.000316
19729 -0.000316
19730 -0.000316
19731 -0.000316
19732 -0.000316
19734 -0.000317
19736 -0.000311
19737 -0.000315
19739 -0.000316
19740 -0.000316
19741 -0.000316
19743 -0.000315
19744 -0.000314
19746 -0.000315
19747 -0.000316
19748 -0.000316
19749 -0.000316
19751 -0.000314
19753 -0.000316
19754 -0.000315
19755 -0.000316
19756 -0.000316
19757 -0.000316
19759 -0.000318
19760 -0.000314
19761 -0.000316
19762 -0.000316
19763 -0.000316
19764 -0.000316
19765 -0.000316
19766 -0.000316
19767 -0.000316
19768 -0.000316
19769 -0.000316
19771 -0.000316
19772 -0.000315
19774 -0.000314
19776 -0.000314
19777 -0.000315
19778 -0.000316
19779 -0.000316
19781 -0.000319
19783 -0.000312
19784 -0.000317
19785 -0.000315
19786 -0.000315
19787 -0.000315
19788 -0.000315
19789 -0.000315
19791 -0.000315
19792 -0.000315
19793 -0.000315
19794 -0.000315
19795 -0.000315
19796 -0.000315
19799 -0.000316
19800 -0.000315
19801 -0.000315
19802 -0.000315
19803 -0.000315
19804 -0.000315
19805 -0.000315
19806 -0.000315
19807 -0.000315
19808 -0.000315
19809 -0.000315
19810 -0.000315
19811 -0.000315
19812 -0.000315
19813 -0.000315
19814 -0.000315
19815 -0.000315
19816 -0.000315
19817 -0.000315
19818 -0.000315
19819 -0.000315
19822 -0.000315
19823 -0.000315
19824 -0.000315
19825 -0.000315
19826 -0.000315
19827 -0.000315
19828 -0.000315
19829 -0.000315
19830 -0.000315
19831 -0.000315
19832 -0.000315
19833 -0.000315
19834 -0.000315
19835 -0.000315
19836 -0.000315
19837 -0.000315
19838 -0.000315
19839 -0.000315
19840 -0.000315
19842 -0.000313
19843 -0.000315
19844 -0.000315
19845 -0.000315
19846 -0.000315
19847 -0.000315
19848 -0.000315
19850 -0.000311
19851 -0.000314
19852 -0.000314
19853 -0.000315
19854 -0.000315
19855 -0.000315
19856 -0.000315
19857 -0.000315
19858 -0.000315
19860 -0.000316
19861 -0.000314
19862 -0.000315
19865 -0.000314
19867 -0.000320
19868 -0.000315
19870 -0.000312
19871 -0.000315
19873 -0.000317
19874 -0.000315
19875 -0.000315
19876 -0.000315
19877 -0.000315
19878 -0.000315
19879 -0.000315
19880 -0.000315
19881 -0.000315
19882 -0.000315
19883 -0.000315
19884 -0.000315
19885 -0.000315
19886 -0.000315
19887 -0.000315
19888 -0.000315
19889 -0.000315
19891 -0.000315
19892 -0.000314
19893 -0.000315
19894 -0.000315
19896 -0.000314
19897 -0.000315
19899 -0.000309
19900 -0.000315
19901 -0.000315
19902 -0.000314
19903 -0.000314
19904 -0.000314
19907 -0.000311
19908 -0.000313
19910 -0.000316
19911 -0.000316
19912 -0.000314
19913 -0.000314
19914 -0.000314
19915 -0.000314
19917 -0.000314
19918 -0.000315
19919 -0.000314
19920 -0.000314
19921 -0.000314
19922 -0.000314
19923 -0.000314
19924 -0.000314
19925 -0.000314
19926 -0.000314
19927 -0.000314
19928 -0.000314
19930 -0.000311
19931 -0.000313
19932 -0.000314
19933 -0.000314
19934 -0.000314
19935 -0.000314
19936 -0.000314
19937 -0.000314
19938 -0.000314
19939 -0.000314
19940 -0.000314
19942 -0.000311
19943 -0.000312
19944 -0.000314
19945 -0.000314
19946 -0.000314
19948 -0.000315
19949 -0.000314
19951 -0.000315
19952 -0.000314
19953 -0.000314
19954 -0.000314
19955 -0.000314
19956 -0.000314
19957 -0.000314
19958 -0.000314
19959 -0.000314
19960 -0.000314
19961 -0.000314
19962 -0.000314
19963 -0.000314
19964 -0.000314
19965 -0.000314
19966 -0.000314
19968 -0.000309
19969 -0.000314
19970 -0.000314
19971 -0.000314
19972 -0.000314
19973 -0.000314
19974 -0.000314
19975 -0.000314
19976 -0.000314
19977 -0.000314
19978 -0.000314
19979 -0.000314
19980 -0.000314
19981 -0.000314
19982 -0.000314
19983 -0.000314
19984 -0.000314
19985 -0.000314
19986 -0.000314
19988 -0.000311
19989 -0.000314
19990 -0.000314
19991 -0.000314
19992 -0.000314
19993 -0.000314
19994 -0.000314
19995 -0.000314
19996 -0.000314
19997 -0.000314
19998 -0.000314
19999 -0.000314
20001 -0.000317
20002 -0.000312
20003 -0.000314
20004 -0.000314
20005 -0.000314
20008 -0.000310
20009 -0.000313
20010 -0.000314
20011 -0.000314
20012 -0.000314
20013 -0.000314
20015 -0.000316
20016 -0.000314
20017 -0.000314
20019 -0.000319
20020 -0.000314
20021 -0.000314
20022 -0.000314
20023 -0.000314
20024 -0.000314
20025 -0.000314
20026 -0.000314
20028 -0.000313
20029 -0.000313
20031 -0.000306
20032 -0.000313
20033 -0.000313
20034 -0.000314
20035 -0.000313
20036 -0.000313
20037 -0.000313
20038 -0.000313
20039 -0.000313
20040 -0.000313
20041 -0.000313
20042 -0.000313
20043 -0.000313
20044 -0.000313
20046 -0.000321
20047 -0.000314
20049 -0.000313
20050 -0.000312
20051 -0.000313
20053 -0.000312
20054 -0.000313
20056 -0.000315
20057 -0.000313
20061 -0.000317
20062 -0.000313
20063 -0.000313
20064 -0.000313
20065 -0.000313
20066 -0.000313
20067 -0.000313
20068 -0.000313
20069 -0.000313
20070 -0.000313
20071 -0.000313
20072 -0.000313
20073 -0.000313
20074 -0.000313
20075 -0.000313
20076 -0.000313
20078 -0.000314
20079 -0.000313
20080 -0.000313
20081 -0.000313
20082 -0.000313
20083 -0.000313
20085 -0.000309
20086 -0.000314
20087 -0.000314
20089 -0.000315
20090 -0.000313
20091 -0.000313
20092 -0.000313
20093 -0.000313
20095 -0.000313
20096 -0.000311
20097 -0.000313
20098 -0.000313
20099 -0.000313
20101 -0.000313
20102 -0.000312
20103 -0.000313
20104 -0.000313
20107 -0.000309
20108 -0.000315
20110 -0.000317
20112 -0.000318
20113 -0.000312
20114 -0.000313
20115 -0.000313
20117 -0.000312
20118 -0.000312
20119 -0.000313
20121 -0.000316
20122 -0.000312
20123 -0.000313
20124 -0.000312
20125 -0.000312
20126 -0.000312
20127 -0.000312
20129 -0.000313
20131 -0.000305
20132 -0.000312
20133 -0.000312
20134 -0.000312
20135 -0.000312
20136 -0.000312
20137 -0.000312
20138 -0.000312
20139 -0.000312
20140 -0.000312
20143 -0.000312
20144 -0.000312
20145 -0.000312
20146 -0.000312
20147 -0.000312
20148 -0.000312
20149 -0.000312
20150 -0.000312
20151 -0.000312
20152 -0.000312
20153 -0.000312
20154 -0.000312
20158 -0.000311
20159 -0.000311
20160 -0.000312
20161 -0.000312
20162 -0.000312
20163 -0.000312
20164 -0.000312
20165 -0.000312
20167 -0.000315
20168 -0.000310
20169 -0.000312
20170 -0.000312
20171 -0.000312
20172 -0.000312
20173 -0.000312
20174 -0.000312
20175 -0.000312
20176 -0.000312
20178 -0.000307
20179 -0.000311
20180 -0.000312
20181 -0.000312
20182 -0.000312
20183 -0.000312
20184 -0.000312
20185 -0.000312
20187 -0.000316
20188 -0.000312
20189 -0.000312
20190 -0.000312
20191 -0.000312
20192 -0.000312
20194 -0.000312
20195 -0.000312
20196 -0.000311
20197 -0.000312
20199 -0.000314
20200 -0.000311
20201 -0.000312
20202 -0.000312
20203 -0.000312
20204 -0.000312
20205 -0.000312
20207 -0.000309
20208 -0.000312
20209 -0.000312
20210 -0.000312
20211 -0.000312
20212 -0.000312
20213 -0.000312
20214 -0.000312
20215 -0.000312
20216 -0.000312
20217 -0.000312
20218 -0.000312
20219 -0.000312
20220 -0.000312
20221 -0.000312
20222 -0.000312
20224 -0.000311
20225 -0.000312
20226 -0.000312
20228 -0.000311
20229 -0.000312
20230 -0.000311
20231 -0.000312
20232 -0.000311
20233 -0.000312
20234 -0.000311
20235 -0.000312
20236 -0.000312
20237 -0.000312
20239 -0.000314
20240 -0.000312
20241 -0.000311
20242 -0.000312
20243 -0.000311
20244 -0.000311
20245 -0.000311
20247 -0.000311
20248 -0.000312
20250 -0.000306
20251 -0.000312
20252 -0.000311
20253 -0.000311
20254 -0.000311
20255 -0.000311
20256 -0.000311
20258 -0.000314
20259 -0.000311
20260 -0.000311
20261 -0.000311
20263 -0.000308
20264 -0.000311
20265 -0.000311
20266 -0.000311
20267 -0.000311
20268 -0.000311
20270 -0.000312
20271 -0.000312
20273 -0.000312
20274 -0.000311
20275 -0.000312
20276 -0.000311
20277 -0.000311
20278 -0.000311
20279 -0.000311
20280 -0.000311
20281 -0.000311
20282 -0.000311
20283 -0.000311
20284 -0.000311
20285 -0.000311
20286 -0.000311
20287 -0.000311
20288 -0.000311
20289 -0.000311
20290 -0.000311
20291 -0.000311
20293 -0.000312
20295 -0.000316
20296 -0.000311
20297 -0.000311
20298 -0.000311
20299 -0.000311
20300 -0.000311
20301 -0.000311
20302 -0.000311
20303 -0.000311
20304 -0.000311
20305 -0.000311
20306 -0.000311
20307 -0.000311
20308 -0.000311
20310 -0.000312
20311 -0.000312
20312 -0.000311
20313 -0.000311
20314 -0.000311
20315 -0.000311
20316 -0.000311
20317 -0.000311
20318 -0.000311
20319 -0.000311
20320 -0.000311
20321 -0.000311
20322 -0.000311
20323 -0.000311
20324 -0.000311
20325 -0.000311
20326 -0.000311
20327 -0.000311
20328 -0.000311
20329 -0.000311
20330 -0.000311
20331 -0.000311
20332 -0.000311
20333 -0.000311
20334 -0.000311
20335 -0.000311
20337 -0.000314
20338 -0.000310
20339 -0.000310
20340 -0.000311
20341 -0.000311
20342 -0.000311
20343 -0.000311
20345 -0.000311
20346 -0.000311
20347 -0.000311
20348 -0.000311
20349 -0.000311
20351 -0.000311
20352 -0.000311
20353 -0.000311
20354 -0.000311
20355 -0.000311
20356 -0.000311
20358 -0.000309
20359 -0.000311
20360 -0.000310
20361 -0.000311
20362 -0.000311
20363 -0.000311
20364 -0.000311
20365 -0.000311
20366 -0.000311
20367 -0.000311
20368 -0.000311
20369 -0.000311
20372 -0.000310
20373 -0.000309
20374 -0.000310
20375 -0.000311
20376 -0.000311
20377 -0.000311
20378 -0.000311
20379 -0.000311
20380 -0.000311
20381 -0.000311
20382 -0.000311
20383 -0.000311
20384 -0.000311
20385 -0.000311
20386 -0.000311
20387 -0.000311
20388 -0.000311
20389 -0.000311
20390 -0.000311
20391 -0.000311
20392 -0.000311
20393 -0.000311
20394 -0.000311
20397 -0.000311
20399 -0.000312
20401 -0.000311
20403 -0.000310
20405 -0.000310
20406 -0.000310
20407 -0.000310
20408 -0.000310
20409 -0.000310
20410 -0.000310
20411 -0.000310
20413 -0.000311
20414 -0.000309
20415 -0.000309
20416 -0.000310
20417 -0.000310
20418 -0.000310
20420 -0.000314
20421 -0.000310
20422 -0.000310
20423 -0.000310
20425 -0.000309
20426 -0.000309
20427 -0.000310
20428 -0.000310
20430 -0.000312
20431 -0.000310
20432 -0.000310
20433 -0.000310
20434 -0.000310
20435 -0.000310
20436 -0.000310
20437 -0.000310
20438 -0.000310
20439 -0.000310
20440 -0.000310
20441 -0.000310
20442 -0.000310
20444 -0.000309
20445 -0.000311
20446 -0.000310
20447 -0.000310
20449 -0.000311
20450 -0.000309
20451 -0.000310
20452 -0.000310
20454 -0.000308
20455 -0.000310
20456 -0.000310
20457 -0.000310
20458 -0.000310
20459 -0.000310
20460 -0.000310
20461 -0.000310
20462 -0.000310
20464 -0.000310
20465 -0.000310
20466 -0.000309
20467 -0.000310
20468 -0.000310
20469 -0.000310
20470 -0.000310
20471 -0.000310
20472 -0.000310
20473 -0.000310
20475 -0.000313
20476 -0.000310
20477 -0.000310
20478 -0.000310
20479 -0.000310
20480 -0.000310
20481 -0.000310
20483 -0.000307
20484 -0.000310
20485 -0.000309
20486 -0.000310
20487 -0.000310
20488 -0.000310
20489 -0.000310
20490 -0.000310
20491 -0.000310
20492 -0.000310
20494 -0.000308
20495 -0.000309
20496 -0.000310
20497 -0.000310
20498 -0.000310
20499 -0.000310
20500 -0.000310
20501 -0.000310
20502 -0.000310
20504 -0.000310
20505 -0.000309
20506 -0.000309
20507 -0.000310
20508 -0.000310
20509 -0.000310
20510 -0.000310
20511 -0.000310
20512 -0.000310
20513 -0.000310
20514 -0.000310
20516 -0.000311
20517 -0.000310
20518 -0.000309
20519 -0.000310
20520 -0.000309
20521 -0.000309
20522 -0.000310
20523 -0.000310
20524 -0.000310
20525 -0.000310
20526 -0.000310
20527 -0.000310
20528 -0.000310
20529 -0.000310
20530 -0.000310
20531 -0.000310
20532 -0.000310
20533 -0.000310
20534 -0.000310
20535 -0.000310
20537 -0.000310
20538 -0.000310
20539 -0.000310
20540 -0.000309
20541 -0.000309
20542 -0.000309
20543 -0.000309
20545 -0.000311
20546 -0.000309
20547 -0.000309
20548 -0.000309
20549 -0.000309
20550 -0.000309
20551 -0.000309
20552 -0.000309
20553 -0.000309
20554 -0.000309
20555 -0.000309
20557 -0.000313
20558 -0.000309
20559 -0.000309
20561 -0.000314
20562 -0.000309
20563 -0.000309
20564 -0.000309
20566 -0.000309
20567 -0.000310
20568 -0.000309
20569 -0.000309
20570 -0.000309
20573 -0.000306
20574 -0.000308
20575 -0.000309
20576 -0.000309
20577 -0.000309
20578 -0.000309
20579 -0.000309
20580 -0.000309
20581 -0.000309
20582 -0.000309
20583 -0.000309
20584 -0.000309
20585 -0.000309
20586 -0.000309
20587 -0.000309
20589 -0.000310
20590 -0.000310
20591 -0.000309
20592 -0.000309
20593 -0.000309
20594 -0.000309
20595 -0.000309
20596 -0.000309
20597 -0.000309
20598 -0.000309
20599 -0.000309
20600 -0.000309
20601 -0.000309
20602 -0.000309
20603 -0.000309
20605 -0.000309
20607 -0.000309
20608 -0.000309
20609 -0.000309
20610 -0.000309
20611 -0.000309
20612 -0.000309
20613 -0.000309
20614 -0.000309
20615 -0.000309
20616 -0.000309
20617 -0.000309
20619 -0.000310
20620 -0.000309
20621 -0.000309
20622 -0.000309
20623 -0.000309
20624 -0.000309
20625 -0.000309
20626 -0.000309
20627 -0.000309
20628 -0.000309
20630 -0.000307
20631 -0.000310
20633 -0.000305
20634 -0.000308
20635 -0.000308
20636 -0.000309
20638 -0.000314
20640 -0.000312
20641 -0.000308
20642 -0.000309
20643 -0.000309
20644 -0.000309
20645 -0.000309
20646 -0.000309
20647 -0.000309
20648 -0.000309
20650 -0.000310
20651 -0.000310
20652 -0.000309
20654 -0.000304
20655 -0.000310
20656 -0.000308
20657 -0.000309
20658 -0.000309
20659 -0.000309
20661 -0.000308
20663 -0.000316
20664 -0.000308
20665 -0.000309
20666 -0.000309
20667 -0.000308
20668 -0.000308
20670 -0.000309
20671 -0.000308
20672 -0.000308
20673 -0.000308
20674 -0.000308
20675 -0.000308
20676 -0.000308
20677 -0.000308
20678 -0.000308
20679 -0.000308
20680 -0.000308
20682 -0.000311
20685 -0.000307
20686 -0.000309
20687 -0.000308
20688 -0.000308
20689 -0.000308
20690 -0.000308
20691 -0.000308
20692 -0.000308
20693 -0.000308
20694 -0.000308
20695 -0.000308
20696 -0.000308
20697 -0.000308
20698 -0.000308
20699 -0.000308
20700 -0.000308
20701 -0.000308
20702 -0.000308
20705 -0.000314
20707 -0.000310
20708 -0.000309
20709 -0.000308
20710 -0.000308
20711 -0.000308
20712 -0.000308
20713 -0.000308
20714 -0.000308
20715 -0.000308
20716 -0.000308
20717 -0.000308
20719 -0.000306
20720 -0.000307
20721 -0.000308
20722 -0.000308
20723 -0.000308
20724 -0.000308
20726 -0.000308
20727 -0.000308
20729 -0.000306
20732 -0.000308
20733 -0.000308
20734 -0.000308
20735 -0.000308
20736 -0.000308
20737 -0.000308
20738 -0.000308
20739 -0.000308
20740 -0.000308
20741 -0.000308
20742 -0.000308
20743 -0.000308
20744 -0.000308
20746 -0.000310
20747 -0.000307
20748 -0.000308
20749 -0.000308
20750 -0.000308
20751 -0.000308
20752 -0.000308
20753 -0.000308
20754 -0.000308
20755 -0.000308
20756 -0.000308
20757 -0.000308
20758 -0.000308
20759 -0.000308
20760 -0.000308
20761 -0.000308
20762 -0.000308
20763 -0.000308
20764 -0.000308
20765 -0.000308
20766 -0.000308
20767 -0.000308
20768 -0.000308
20769 -0.000308
20770 -0.000308
20771 -0.000308
20772 -0.000308
20773 -0.000308
20774 -0.000308
20775 -0.000308
20776 -0.000308
20778 -0.000308
20779 -0.000308
20780 -0.000308
20781 -0.000307
20782 -0.000308
20783 -0.000308
20784 -0.000308
20786 -0.000307
20788 -0.000306
20789 -0.000307
20790 -0.000307
20791 -0.000308
20793 -0.000307
20794 -0.000306
20795 -0.000307
20797 -0.000314
20798 -0.000308
20799 -0.000307
20800 -0.000307
20801 -0.000307
20802 -0.000307
20803 -0.000307
20804 -0.000307
20806 -0.000308
20807 -0.000306
20808 -0.000307
20810 -0.000313
20811 -0.000307
20812 -0.000307
20814 -0.000308
20815 -0.000306
20816 -0.000307
20817 -0.000307
20818 -0.000307
20819 -0.000307
20820 -0.000307
20821 -0.000307
20823 -0.000309
20824 -0.000308
20825 -0.000307
20826 -0.000307
20827 -0.000307
20828 -0.000307
20830 -0.000308
20831 -0.000307
20832 -0.000307
20834 -0.000314
20835 -0.000307
20836 -0.000307
20837 -0.000307
20838 -0.000307
20839 -0.000307
20840 -0.000307
20841 -0.000307
20842 -0.000307
20843 -0.000307
20844 -0.000307
20845 -0.000307
20846 -0.000307
20847 -0.000307
20848 -0.000307
20849 -0.000307
20850 -0.000307
20851 -0.000307
20852 -0.000307
20853 -0.000307
20854 -0.000307
20855 -0.000307
20857 -0.000301
20858 -0.000308
20859 -0.000308
20860 -0.000307
20861 -0.000307
20862 -0.000307
20863 -0.000307
20865 -0.000309
20866 -0.000306
20867 -0.000307
20868 -0.000307
20869 -0.000307
20871 -0.000309
20872 -0.000307
20873 -0.000307
20874 -0.000307
20875 -0.000307
20876 -0.000307
20877 -0.000307
20878 -0.000307
20879 -0.000307
20880 -0.000307
20881 -0.000307
20882 -0.000307
20883 -0.000307
20884 -0.000307
20886 -0.000314
20887 -0.000307
20888 -0.000307
20889 -0.000307
20890 -0.000307
20891 -0.000307
20892 -0.000307
20893 -0.000307
20894 -0.000307
20895 -0.000307
20896 -0.000307
20897 -0.000307
20898 -0.000307
20899 -0.000307
20902 -0.000311
20903 -0.000306
20904 -0.000307
20905 -0.000307
20906 -0.000307
20907 -0.000307
20908 -0.000307
20909 -0.000307
20911 -0.000306
20912 -0.000307
20913 -0.000306
20914 -0.000306
20915 -0.000306
20916 -0.000307
20918 -0.000305
20919 -0.000307
20922 -0.000307
20923 -0.000307
20924 -0.000306
20925 -0.000307
20927 -0.000310
20928 -0.000306
20929 -0.000306
20930 -0.000306
20931 -0.000306
20932 -0.000306
20933 -0.000306
20934 -0.000306
20935 -0.000306
20936 -0.000306
20937 -0.000306
20939 -0.000305
20940 -0.000307
20941 -0.000307
20942 -0.000306
20947 -0.000308
20949 -0.000307
20950 -0.000306
20951 -0.000306
20952 -0.000306
20953 -0.000306
20954 -0.000306
20955 -0.000306
20956 -0.000306
20957 -0.000306
20958 -0.000306
20961 -0.000309
20962 -0.000306
20963 -0.000306
20965 -0.000309
20966 -0.000306
20967 -0.000306
20968 -0.000306
20969 -0.000306
20970 -0.000306
20971 -0.000306
20972 -0.000306
20973 -0.000306
20974 -0.000306
20976 -0.000309
20977 -0.000306
20978 -0.000305
20979 -0.000306
20980 -0.000306
20981 -0.000306
20982 -0.000306
20983 -0.000306
20985 -0.000306
20986 -0.000305
20987 -0.000306
20989 -0.000301
20990 -0.000307
20991 -0.000306
20993 -0.000304
20994 -0.000304
20995 -0.000306
20996 -0.000306
20997 -0.000306
20998 -0.000306
21000 -0.000307
21001 -0.000305
21002 -0.000306
21003 -0.000306
21004 -0.000306
21005 -0.000306
21006 -0.000306
21007 -0.000306
21009 -0.000307
21010 -0.000306
21011 -0.000306
21012 -0.000306
21013 -0.000306
21014 -0.000306
21015 -0.000306
21016 -0.000306
21017 -0.000306
21018 -0.000306
21019 -0.000306
21020 -0.000306
21021 -0.000306
21022 -0.000306
21023 -0.000306
21025 -0.000306
21027 -0.000306
21028 -0.000306
21029 -0.000306
21030 -0.000305
21031 -0.000305
21032 -0.000305
21033 -0.000305
21034 -0.000305
21036 -0.000297
21037 -0.000306
21039 -0.000307
21040 -0.000305
21041 -0.000306
21042 -0.000305
21045 -0.000311
21046 -0.000306
21047 -0.000305
21048 -0.000305
21049 -0.000305
21050 -0.000305
21051 -0.000305
21052 -0.000305
21053 -0.000305
21054 -0.000305
21055 -0.000305
21056 -0.000305
21058 -0.000306
21059 -0.000305
21060 -0.000305
21061 -0.000305
21062 -0.000305
21063 -0.000305
21064 -0.000305
21065 -0.000305
21066 -0.000305
21068 -0.000304
21069 -0.000305
21070 -0.000305
21071 -0.000305
21072 -0.000305
21073 -0.000305
21074 -0.000305
21076 -0.000302
21077 -0.000307
21078 -0.000305
21079 -0.000305
21080 -0.000305
21081 -0.000305
21082 -0.000305
21084 -0.000306
21085 -0.000306
21086 -0.000305
21087 -0.000305
21088 -0.000305
21089 -0.000305
21090 -0.000305
21091 -0.000305
21092 -0.000305
21093 -0.000305
21095 -0.000307
21096 -0.000305
21097 -0.000305
21098 -0.000305
21099 -0.000305
21100 -0.000305
21102 -0.000302
21103 -0.000304
21104 -0.000305
21105 -0.000305
21106 -0.000305
21107 -0.000305
21108 -0.000305
21109 -0.000305
21110 -0.000305
21111 -0.000305
21112 -0.000305
21113 -0.000305
21114 -0.000305
21115 -0.000305
21116 -0.000305
21117 -0.000305
21118 -0.000305
21119 -0.000305
21120 -0.000305
21121 -0.000305
21122 -0.000305
21123 -0.000305
21124 -0.000305
21126 -0.000308
21127 -0.000306
21128 -0.000305
21129 -0.000305
21130 -0.000305
21131 -0.000305
21132 -0.000305
21133 -0.000305
21134 -0.000305
21135 -0.000305
21136 -0.000305
21137 -0.000305
21138 -0.000305
21139 -0.000305
21140 -0.000305
21141 -0.000305
21142 -0.000305
21143 -0.000305
21144 -0.000305
21145 -0.000305
21146 -0.000305
21147 -0.000305
21148 -0.000305
21149 -0.000305
21151 -0.000302
21152 -0.000305
21153 -0.000305
21155 -0.000305
21159 -0.000304
21160 -0.000304
21161 -0.000304
21162 -0.000305
21163 -0.000305
21164 -0.000305
21165 -0.000305
21166 -0.000305
21167 -0.000305
21168 -0.000305
21170 -0.000305
21171 -0.000304
21172 -0.000305
21173 -0.000305
21174 -0.000305
21175 -0.000305
21176 -0.000305
21177 -0.000305
21179 -0.000309
21181 -0.000307
21182 -0.000304
21183 -0.000304
21184 -0.000304
21185 -0.000304
21186 -0.000304
21187 -0.000304
21188 -0.000304
21189 -0.000304
21191 -0.000301
21192 -0.000301
21194 -0.000305
21195 -0.000305
21196 -0.000305
21197 -0.000304
21198 -0.000304
21199 -0.000304
21200 -0.000304
21201 -0.000304
21202 -0.000304
21203 -0.000304
21204 -0.000304
21206 -0.000306
21207 -0.000304
21208 -0.000305
21209 -0.000304
21210 -0.000304
21211 -0.000304
21212 -0.000304
21213 -0.000304
21214 -0.000304
21216 -0.000301
21218 -0.000308
21219 -0.000306
21220 -0.000304
21221 -0.000304
21222 -0.000304
21223 -0.000304
21224 -0.000304
21225 -0.000304
21226 -0.000304
21227 -0.000304
21228 -0.000304
21230 -0.000313
21231 -0.000303
21232 -0.000305
21233 -0.000304
21235 -0.000306
21236 -0.000304
21237 -0.000304
21238 -0.000304
21239 -0.000304
21240 -0.000304
21241 -0.000304
21242 -0.000304
21244 -0.000302
21246 -0.000305
21247 -0.000304
21248 -0.000304
21249 -0.000304
21250 -0.000304
21251 -0.000304
21252 -0.000304
21253 -0.000304
21256 -0.000306
21257 -0.000303
21259 -0.000305
21260 -0.000303
21261 -0.000303
21262 -0.000304
21263 -0.000304
21264 -0.000304
21265 -0.000304
21266 -0.000304
21267 -0.000304
21268 -0.000304
21269 -0.000304
21270 -0.000304
21271 -0.000304
21272 -0.000304
21273 -0.000304
21274 -0.000304
21275 -0.000304
21278 -0.000310
21279 -0.000303
21280 -0.000304
21281 -0.000304
21283 -0.000302
21284 -0.000303
21285 -0.000304
21286 -0.000304
21287 -0.000304
21288 -0.000304
21290 -0.000302
21291 -0.000302
21292 -0.000304
21293 -0.000304
21294 -0.000304
21295 -0.000304
21296 -0.000304
21297 -0.000304
21298 -0.000304
21299 -0.000304
21300 -0.000304
21301 -0.000304
21302 -0.000304
21303 -0.000304
21304 -0.000304
21305 -0.000304
21306 -0.000304
21308 -0.000300
21309 -0.000305
21311 -0.000302
21312 -0.000303
21313 -0.000303
21315 -0.000303
21316 -0.000303
21317 -0.000304
21318 -0.000303
21319 -0.000303
21320 -0.000303
21321 -0.000303
21322 -0.000303
21324 -0.000301
21325 -0.000303
21327 -0.000302
21328 -0.000306
21329 -0.000303
21330 -0.000303
21331 -0.000303
21334 -0.000304
21335 -0.000303
21336 -0.000303
21337 -0.000303
21338 -0.000303
21340 -0.000303
21342 -0.000306
21343 -0.000302
21344 -0.000303
21345 -0.000303
21346 -0.000303
21347 -0.000303
21349 -0.000298
21350 -0.000302
21351 -0.000303
21352 -0.000303
21353 -0.000303
21354 -0.000303
21355 -0.000303
21356 -0.000303
21357 -0.000303
21359 -0.000306
21360 -0.000303
21361 -0.000303
21362 -0.000303
21363 -0.000303
21364 -0.000303
21365 -0.000303
21366 -0.000303
21367 -0.000303
21368 -0.000303
21369 -0.000303
21370 -0.000303
21371 -0.000303
21373 -0.000307
21374 -0.000303
21375 -0.000303
21377 -0.000302
21378 -0.000303
21380 -0.000305
21381 -0.000303
21382 -0.000303
21384 -0.000303
21385 -0.000304
21386 -0.000302
21387 -0.000303
21388 -0.000303
21389 -0.000303
21390 -0.000303
21391 -0.000303
21392 -0.000303
21393 -0.000303
21394 -0.000303
21395 -0.000303
21396 -0.000303
21397 -0.000303
21398 -0.000303
21399 -0.000303
21400 -0.000303
21401 -0.000303
21403 -0.000306
21404 -0.000303
21405 -0.000303
21406 -0.000302
21407 -0.000303
21408 -0.000303
21409 -0.000303
21410 -0.000303
21411 -0.000303
21414 -0.000300
21415 -0.000303
21416 -0.000302
21417 -0.000303
21418 -0.000303
21419 -0.000303
21420 -0.000303
21421 -0.000303
21424 -0.000301
21425 -0.000308
21426 -0.000303
21427 -0.000303
21428 -0.000302
21429 -0.000302
21431 -0.000301
21432 -0.000303
21433 -0.000302
21434 -0.000302
21435 -0.000302
21436 -0.000302
21437 -0.000302
21438 -0.000302
21439 -0.000302
21440 -0.000302
21441 -0.000302
21442 -0.000302
21443 -0.000302
21444 -0.000302
21446 -0.000299
21447 -0.000302
21448 -0.000302
21449 -0.000302
21450 -0.000302
21451 -0.000302
21452 -0.000302
21453 -0.000302
21454 -0.000302
21455 -0.000302
21456 -0.000302
21457 -0.000302
21458 -0.000302
21459 -0.000302
21460 -0.000302
21461 -0.000302
21462 -0.000302
21464 -0.000303
21465 -0.000302
21466 -0.000302
21467 -0.000302
21468 -0.000302
21469 -0.000302
21470 -0.000302
21471 -0.000302
21472 -0.000302
21475 -0.000301
21476 -0.000302
21477 -0.000302
21478 -0.000302
21479 -0.000302
21480 -0.000302
21481 -0.000302
21482 -0.000302
21483 -0.000302
21484 -0.000302
21485 -0.000302
21487 -0.000303
21488 -0.000302
21489 -0.000302
21493 -0.000304
21494 -0.000301
21495 -0.000302
21496 -0.000302
21498 -0.000302
21500 -0.000294
21501 -0.000303
21502 -0.000302
21503 -0.000302
21504 -0.000302
21505 -0.000302
21506 -0.000302
21507 -0.000302
21508 -0.000302
21509 -0.000302
21510 -0.000302
21511 -0.000302
21512 -0.000302
21513 -0.000302
21514 -0.000302
21515 -0.000302
21516 -0.000302
21519 -0.000305
21521 -0.000298
21522 -0.000301
21523 -0.000303
21524 -0.000303
21525 -0.000302
21526 -0.000302
21527 -0.000302
21528 -0.000302
21529 -0.000302
21530 -0.000302
21531 -0.000302
21533 -0.000305
21534 -0.000302
21535 -0.000302
21536 -0.000301
21538 -0.000300
21539 -0.000301
21540 -0.000301
21542 -0.000297
21544 -0.000301
21545 -0.000298
21546 -0.000302
21548 -0.000305
21549 -0.000302
21550 -0.000302
21552 -0.000299
21556 -0.000301
21557 -0.000301
21558 -0.000301
21559 -0.000301
21560 -0.000301
21561 -0.000301
21563 -0.000300
21564 -0.000303
21566 -0.000306
21567 -0.000301
21568 -0.000301
21569 -0.000301
21570 -0.000301
21572 -0.000298
21573 -0.000301
21574 -0.000301
21575 -0.000301
21577 -0.000304
21578 -0.000301
21579 -0.000301
21580 -0.000301
21582 -0.000296
21583 -0.000301
21584 -0.000301
21585 -0.000301
21586 -0.000301
21587 -0.000301
21588 -0.000301
21589 -0.000301
21590 -0.000301
21591 -0.000301
21592 -0.000301
21593 -0.000301
21595 -0.000295
21596 -0.000301
21597 -0.000303
21598 -0.000300
21599 -0.000301
21600 -0.000301
21601 -0.000301
21602 -0.000301
21603 -0.000301
21604 -0.000301
21605 -0.000301
21606 -0.000301
21607 -0.000301
21608 -0.000301
21609 -0.000301
21610 -0.000301
21611 -0.000301
21614 -0.000300
21615 -0.000301
21616 -0.000300
21618 -0.000301
21619 -0.000301
21621 -0.000302
21622 -0.000300
21623 -0.000301
21624 -0.000301
21625 -0.000301
21626 -0.000301
21627 -0.000301
21628 -0.000301
21629 -0.000301
21630 -0.000301
21631 -0.000301
21632 -0.000301
21633 -0.000301
21634 -0.000301
21635 -0.000301
21636 -0.000301
21637 -0.000301
21638 -0.000301
21639 -0.000301
21640 -0.000301
21641 -0.000301
21642 -0.000301
21643 -0.000301
21644 -0.000301
21645 -0.000301
21646 -0.000301
21647 -0.000301
21649 -0.000302
21651 -0.000299
21652 -0.000300
21653 -0.000301
21654 -0.000301
21655 -0.000301
21656 -0.000301
21657 -0.000301
21659 -0.000304
21661 -0.000301
21662 -0.000301
21663 -0.000300
21665 -0.000301
21666 -0.000300
21667 -0.000300
21669 -0.000299
21670 -0.000300
21671 -0.000300
21672 -0.000300
21673 -0.000300
21674 -0.000300
21675 -0.000300
21676 -0.000300
21677 -0.000300
21678 -0.000300
21680 -0.000301
21681 -0.000298
21682 -0.000301
21683 -0.000300
21684 -0.000300
21685 -0.000300
21687 -0.000297
21688 -0.000301
21690 -0.000301
21691 -0.000299
21692 -0.000300
21693 -0.000300
21694 -0.000300
21695 -0.000300
21696 -0.000300
21697 -0.000300
21698 -0.000300
21699 -0.000300
21700 -0.000300
21701 -0.000300
21702 -0.000300
21703 -0.000300
21704 -0.000300
21706 -0.000298
21707 -0.000300
21708 -0.000300
21709 -0.000300
21710 -0.000300
21712 -0.000296
21713 -0.000300
21714 -0.000300
21715 -0.000300
21717 -0.000299
21718 -0.000301
21719 -0.000300
21721 -0.000299
21722 -0.000300
21723 -0.000300
21724 -0.000300
21725 -0.000300
21726 -0.000300
21727 -0.000300
21728 -0.000300
21729 -0.000300
21730 -0.000300
21731 -0.000300
21732 -0.000300
21733 -0.000300
21734 -0.000300
21736 -0.000302
21737 -0.000300
21738 -0.000300
21739 -0.000300
21740 -0.000300
21741 -0.000300
21742 -0.000300
21744 -0.000300
21746 -0.000301
21747 -0.000299
21748 -0.000300
21749 -0.000300
21750 -0.000300
21751 -0.000300
21752 -0.000300
21753 -0.000300
21754 -0.000300
21755 -0.000300
21759 -0.000297
21760 -0.000301
21761 -0.000299
21762 -0.000300
21763 -0.000300
21765 -0.000304
21767 -0.000297
21768 -0.000302
21769 -0.000300
21770 -0.000300
21771 -0.000300
21772 -0.000300
21773 -0.000300
21774 -0.000300
21775 -0.000300
21776 -0.000300
21777 -0.000300
21778 -0.000300
21779 -0.000300
21782 -0.000302
21783 -0.000299
21784 -0.000299
21785 -0.000299
21786 -0.000299
21787 -0.000299
21788 -0.000299
21789 -0.000299
21790 -0.000299
21791 -0.000299
21792 -0.000299
21793 -0.000299
21794 -0.000299
21795 -0.000299
21796 -0.000299
21797 -0.000299
21798 -0.000299
21799 -0.000299
21800 -0.000299
21802 -0.000297
21803 -0.000299
21804 -0.000299
21805 -0.000299
21806 -0.000299
21807 -0.000299
21809 -0.000304
21811 -0.000297
21812 -0.000300
21813 -0.000300
21814 -0.000299
21815 -0.000299
21816 -0.000299
21817 -0.000299
21819 -0.000302
21820 -0.000299
21821 -0.000300
21822 -0.000299
21823 -0.000299
21824 -0.000299
21825 -0.000299
21826 -0.000299
21828 -0.000301
21829 -0.000299
21830 -0.000299
21831 -0.000299
21832 -0.000299
21833 -0.000299
21835 -0.000295
21836 -0.000298
21837 -0.000299
21838 -0.000300
21839 -0.000299
21842 -0.000295
21843 -0.000298
21844 -0.000299
21845 -0.000299
21846 -0.000299
21847 -0.000299
21850 -0.000299
21851 -0.000298
21852 -0.000298
21853 -0.000299
21854 -0.000298
21855 -0.000299
21856 -0.000299
21858 -0.000295
21859 -0.000303
21860 -0.000298
21861 -0.000299
21862 -0.000299
21864 -0.000300
21865 -0.000299
21866 -0.000299
21867 -0.000299
21868 -0.000299
21869 -0.000299
21870 -0.000299
21871 -0.000299
21872 -0.000299
21873 -0.000299
21875 -0.000298
21876 -0.000299
21877 -0.000299
21878 -0.000299
21880 -0.000302
21881 -0.000298
21883 -0.000302
21884 -0.000299
21886 -0.000301
21887 -0.000298
21888 -0.000299
21889 -0.000299
21890 -0.000299
21891 -0.000299
21893 -0.000298
21894 -0.000300
21895 -0.000298
21896 -0.000299
21898 -0.000299
21899 -0.000299
21900 -0.000298
21901 -0.000298
21902 -0.000298
21903 -0.000298
21904 -0.000298
21905 -0.000298
21906 -0.000298
21907 -0.000298
21908 -0.000298
21909 -0.000298
21910 -0.000298
21912 -0.000302
21913 -0.000299
21914 -0.000298
21915 -0.000298
21916 -0.000298
21918 -0.000297
21921 -0.000294
21922 -0.000298
21923 -0.000298
21924 -0.000298
21925 -0.000298
21926 -0.000298
21927 -0.000298
21928 -0.000298
21930 -0.000299
21931 -0.000298
21932 -0.000298
21933 -0.000298
21934 -0.000298
21935 -0.000298
21936 -0.000298
21937 -0.000298
21938 -0.000298
21939 -0.000298
21940 -0.000298
21943 -0.000298
21944 -0.000299
21945 -0.000298
21946 -0.000298
21947 -0.000298
21948 -0.000298
21949 -0.000298
21950 -0.000298
21951 -0.000298
21952 -0.000298
21953 -0.000298
21954 -0.000298
21955 -0.000298
21956 -0.000298
21958 -0.000295
21959 -0.000297
21960 -0.000298
21961 -0.000298
21962 -0.000298
21963 -0.000298
21965 -0.000301
21968 -0.000296
21969 -0.000298
21970 -0.000298
21971 -0.000298
21972 -0.000298
21973 -0.000298
21974 -0.000298
21975 -0.000298
21976 -0.000298
21977 -0.000298
21978 -0.000298
21979 -0.000298
21980 -0.000298
21981 -0.000298
21982 -0.000298
21983 -0.000298
21984 -0.000298
21985 -0.000298
21986 -0.000298
21987 -0.000298
21988 -0.000298
21989 -0.000298
21990 -0.000298
21991 -0.000298
21993 -0.000302
21994 -0.000297
21996 -0.000297
21997 -0.000299
21998 -0.000298
21999 -0.000298
22000 -0.000298
22001 -0.000298
22002 -0.000298
22003 -0.000298
22004 -0.000298
22005 -0.000298
22006 -0.000298
22007 -0.000298
22008 -0.000298
22009 -0.000298
22010 -0.000298
22011 -0.000298
22012 -0.000298
22013 -0.000298
22014 -0.000298
22015 -0.000298
22016 -0.000298
22017 -0.000298
22018 -0.000298
22019 -0.000298
22020 -0.000298
22021 -0.000298
22022 -0.000298
22023 -0.000298
22024 -0.000298
22025 -0.000298
22028 -0.000295
22029 -0.000300
22030 -0.000299
22031 -0.000298
22032 -0.000298
22033 -0.000298
22034 -0.000298
22035 -0.000298
22036 -0.000298
22037 -0.000298
22038 -0.000298
22040 -0.000306
22041 -0.000297
22042 -0.000298
22043 -0.000298
22044 -0.000298
22045 -0.000298
22046 -0.000298
22047 -0.000298
22048 -0.000298
22049 -0.000298
22050 -0.000298
22051 -0.000298
22052 -0.000298
22054 -0.000295
22055 -0.000298
22056 -0.000297
22057 -0.000298
22058 -0.000298
22060 -0.000302
22061 -0.000298
22062 -0.000298
22063 -0.000298
22064 -0.000298
22065 -0.000298
22066 -0.000298
22067 -0.000297
22068 -0.000297
22069 -0.000297
22070 -0.000297
22071 -0.000297
22072 -0.000297
22073 -0.000297
22074 -0.000297
22075 -0.000297
22076 -0.000297
22077 -0.000297
22078 -0.000297
22079 -0.000297
22080 -0.000297
22081 -0.000297
22083 -0.000298
22084 -0.000298
22085 -0.000297
22086 -0.000297
22087 -0.000297
22088 -0.000297
22089 -0.000297
22090 -0.000297
22091 -0.000297
22092 -0.000297
22093 -0.000297
22094 -0.000297
22095 -0.000297
22096 -0.000297
22098 -0.000294
22099 -0.000297
22100 -0.000297
22101 -0.000297
22102 -0.000298
22103 -0.000297
22104 -0.000297
22105 -0.000297
22106 -0.000297
22107 -0.000297
22108 -0.000297
22109 -0.000297
22110 -0.000297
22111 -0.000297
22112 -0.000297
22113 -0.000297
22114 -0.000297
22116 -0.000298
22117 -0.000297
22118 -0.000298
22119 -0.000297
22120 -0.000297
22122 -0.000293
22123 -0.000300
22124 -0.000297
22125 -0.000297
22127 -0.000300
22128 -0.000297
22129 -0.000297
22130 -0.000297
22131 -0.000297
22132 -0.000297
22133 -0.000297
22134 -0.000297
22135 -0.000297
22136 -0.000297
22137 -0.000297
22138 -0.000297
22139 -0.000297
22141 -0.000295
22142 -0.000296
22143 -0.000296
22144 -0.000297
22145 -0.000297
22146 -0.000297
22147 -0.000297
22148 -0.000297
22149 -0.000297
22150 -0.000297
22151 -0.000297
22152 -0.000297
22153 -0.000297
22154 -0.000297
22155 -0.000297
22157 -0.000297
22161 -0.000295
22162 -0.000297
22163 -0.000297
22164 -0.000297
22165 -0.000297
22166 -0.000297
22168 -0.000297
22169 -0.000298
22170 -0.000297
22171 -0.000297
22172 -0.000297
22173 -0.000297
22174 -0.000297
22175 -0.000297
22176 -0.000297
22177 -0.000297
22178 -0.000297
22179 -0.000297
22181 -0.000292
22182 -0.000296
22183 -0.000296
22184 -0.000297
22185 -0.000297
22186 -0.000297
22187 -0.000297
22188 -0.000297
22189 -0.000297
22190 -0.000297
22191 -0.000297
22192 -0.000297
22193 -0.000297
22194 -0.000297
22195 -0.000297
22197 -0.000298
22198 -0.000297
22199 -0.000297
22200 -0.000297
22201 -0.000297
22202 -0.000297
22203 -0.000297
22204 -0.000297
22205 -0.000297
22206 -0.000297
22207 -0.000297
22208 -0.000297
22209 -0.000297
22210 -0.000297
22211 -0.000297
22212 -0.000297
22213 -0.000297
22214 -0.000297
22215 -0.000297
22219 -0.000295
22220 -0.000296
22221 -0.000297
22222 -0.000297
22224 -0.000297
22225 -0.000296
22226 -0.000297
22227 -0.000296
22228 -0.000297
22229 -0.000297
22230 -0.000297
22231 -0.000297
22232 -0.000297
22234 -0.000296
22235 -0.000297
22236 -0.000296
22237 -0.000296
22238 -0.000296
22240 -0.000298
22241 -0.000296
22242 -0.000297
22243 -0.000297
22245 -0.000297
22247 -0.000299
22248 -0.000296
22249 -0.000296
22250 -0.000296
22251 -0.000296
22252 -0.000296
22253 -0.000296
22254 -0.000296
22256 -0.000294
22257 -0.000295
22258 -0.000297
22259 -0.000296
22261 -0.000297
22262 -0.000296
22263 -0.000296
22264 -0.000296
22265 -0.000296
22266 -0.000296
22267 -0.000296
22268 -0.000296
22269 -0.000296
22270 -0.000296
22271 -0.000296
22272 -0.000296
22273 -0.000296
22274 -0.000296
22275 -0.000296
22276 -0.000296
22278 -0.000296
22279 -0.000297
22280 -0.000296
22281 -0.000296
22282 -0.000296
22283 -0.000296
22284 -0.000296
22285 -0.000296
22286 -0.000296
22290 -0.000296
22292 -0.000294
22293 -0.000296
22294 -0.000296
22295 -0.000296
22297 -0.000304
22298 -0.000296
22300 -0.000295
22301 -0.000297
22302 -0.000296
22303 -0.000296
22304 -0.000296
22305 -0.000296
22306 -0.000296
22307 -0.000296
22308 -0.000296
22310 -0.000298
22311 -0.000296
22312 -0.000296
22313 -0.000296
22314 -0.000296
22315 -0.000296
22316 -0.000296
22317 -0.000296
22318 -0.000296
22319 -0.000296
22320 -0.000296
22322 -0.000293
22323 -0.000296
22324 -0.000296
22325 -0.000296
22326 -0.000296
22327 -0.000296
22328 -0.000296
22329 -0.000296
22330 -0.000296
22331 -0.000296
22332 -0.000296
22333 -0.000296
22334 -0.000296
22335 -0.000296
22336 -0.000296
22337 -0.000296
22340 -0.000295
22341 -0.000295
22342 -0.000296
22343 -0.000296
22344 -0.000296
22345 -0.000296
22346 -0.000296
22348 -0.000295
22349 -0.000296
22350 -0.000295
22352 -0.000296
22354 -0.000299
22355 -0.000296
22356 -0.000296
22357 -0.000296
22358 -0.000296
22359 -0.000296
22360 -0.000296
22361 -0.000296
22362 -0.000296
22363 -0.000296
22364 -0.000296
22365 -0.000296
22367 -0.000299
22368 -0.000295
22369 -0.000295
22370 -0.000295
22371 -0.000295
22372 -0.000295
22373 -0.000295
22374 -0.000295
22375 -0.000295
22376 -0.000295
22377 -0.000295
22379 -0.000294
22380 -0.000296
22381 -0.000296
22382 -0.000295
22383 -0.000295
22384 -0.000295
22385 -0.000295
22386 -0.000295
22387 -0.000295
22388 -0.000295
22389 -0.000295
22390 -0.000295
22391 -0.000295
22393 -0.000297
22394 -0.000295
22395 -0.000295
22396 -0.000295
22397 -0.000295
22398 -0.000295
22400 -0.000295
22401 -0.000295
22403 -0.000293
22404 -0.000294
22406 -0.000293
22407 -0.000294
22408 -0.000295
22410 -0.000294
22414 -0.000294
22415 -0.000295
22416 -0.000295
22417 -0.000295
22418 -0.000295
22420 -0.000295
22421 -0.000294
22422 -0.000295
22423 -0.000295
22424 -0.000295
22425 -0.000295
22427 -0.000294
22428 -0.000293
22429 -0.000294
22430 -0.000295
22431 -0.000295
22432 -0.000295
22433 -0.000295
22434 -0.000295
22435 -0.000295
22436 -0.000295
22437 -0.000295
22438 -0.000295
22439 -0.000295
22440 -0.000295
22441 -0.000295
22442 -0.000295
22443 -0.000295
22446 -0.000287
22448 -0.000298
22449 -0.000295
22450 -0.000295
22452 -0.000297
22453 -0.000296
22454 -0.000295
22455 -0.000294
22456 -0.000295
22457 -0.000295
22458 -0.000295
22459 -0.000295
22460 -0.000295
22461 -0.000295
22462 -0.000295
22463 -0.000295
22466 -0.000290
22467 -0.000294
22468 -0.000296
22469 -0.000295
22470 -0.000295
22471 -0.000295
22472 -0.000295
22473 -0.000295
22474 -0.000295
22475 -0.000295
22476 -0.000295
22477 -0.000295
22478 -0.000295
22479 -0.000295
22480 -0.000295
22482 -0.000298
22483 -0.000295
22484 -0.000294
22485 -0.000294
22487 -0.000298
22488 -0.000295
22489 -0.000294
22490 -0.000295
22491 -0.000294
22492 -0.000295
22494 -0.000296
22495 -0.000296
22496 -0.000295
22497 -0.000294
22498 -0.000294
22500 -0.000295
22501 -0.000295
22503 -0.000296
22504 -0.000294
22505 -0.000294
22506 -0.000294
22507 -0.000294
22508 -0.000294
22509 -0.000294
22510 -0.000294
22511 -0.000294
22512 -0.000294
22513 -0.000294
22514 -0.000294
22515 -0.000294
22516 -0.000294
22517 -0.000294
22518 -0.000294
22519 -0.000294
22520 -0.000294
22521 -0.000294
22524 -0.000296
22525 -0.000295
22526 -0.000294
22527 -0.000294
22529 -0.000293
22531 -0.000295
22532 -0.000294
22533 -0.000294
22534 -0.000294
22536 -0.000293
22537 -0.000294
22538 -0.000294
22539 -0.000294
22540 -0.000294
22541 -0.000294
22543 -0.000295
22544 -0.000293
22545 -0.000293
22546 -0.000294
22547 -0.000294
22551 -0.000295
22552 -0.000294
22553 -0.000294
22555 -0.000294
22556 -0.000293
22557 -0.000293
22558 -0.000294
22559 -0.000294
22560 -0.000294
22561 -0.000294
22562 -0.000294
22563 -0.000294
22565 -0.000290
22566 -0.000295
22567 -0.000294
22568 -0.000294
22570 -0.000294
22572 -0.000296
22573 -0.000294
22574 -0.000293
22576 -0.000297
22577 -0.000293
22578 -0.000294
22580 -0.000290
22581 -0.000293
22582 -0.000294
22583 -0.000293
22584 -0.000293
22585 -0.000294
22586 -0.000294
22587 -0.000294
22588 -0.000294
22589 -0.000294
22590 -0.000294
22591 -0.000294
22592 -0.000294
22594 -0.000294
22595 -0.000294
22596 -0.000293
22597 -0.000293
22598 -0.000294
22599 -0.000294
22600 -0.000294
22601 -0.000294
22602 -0.000294
22603 -0.000294
22606 -0.000293
22607 -0.000293
22608 -0.000293
22609 -0.000294
22610 -0.000293
22611 -0.000293
22612 -0.000293
22613 -0.000293
22614 -0.000293
22615 -0.000293
22616 -0.000293
22617 -0.000293
22618 -0.000293
22619 -0.000293
22620 -0.000293
22621 -0.000293
22622 -0.000293
22623 -0.000293
22624 -0.000293
22625 -0.000293
22626 -0.000293
22627 -0.000293
22628 -0.000293
22629 -0.000293
22630 -0.000293
22631 -0.000293
22632 -0.000293
22633 -0.000293
22634 -0.000293
22635 -0.000293
22636 -0.000293
22637 -0.000293
22638 -0.000293
22639 -0.000293
22641 -0.000292
22642 -0.000294
22643 -0.000294
22644 -0.000293
22645 -0.000293
22646 -0.000293
22647 -0.000293
22649 -0.000295
22652 -0.000304
22653 -0.000293
22654 -0.000293
22655 -0.000293
22657 -0.000293
22659 -0.000294
22660 -0.000294
22661 -0.000293
22662 -0.000293
22663 -0.000293
22664 -0.000293
22665 -0.000293
22666 -0.000293
22667 -0.000293
22669 -0.000292
22670 -0.000293
22671 -0.000293
22672 -0.000293
22673 -0.000293
22674 -0.000293
22676 -0.000294
22677 -0.000293
22678 -0.000293
22679 -0.000293
22680 -0.000293
22681 -0.000293
22683 -0.000288
22684 -0.000290
22685 -0.000293
22686 -0.000293
22688 -0.000293
22689 -0.000293
22691 -0.000293
22692 -0.000293
22693 -0.000293
22694 -0.000293
22695 -0.000293
22697 -0.000294
22699 -0.000296
22700 -0.000294
22701 -0.000293
22703 -0.000293
22704 -0.000292
22705 -0.000293
22706 -0.000293
22708 -0.000291
22709 -0.000293
22710 -0.000293
22712 -0.000288
22713 -0.000293
22714 -0.000293
22715 -0.000293
22716 -0.000293
22718 -0.000291
22719 -0.000292
22720 -0.000292
22722 -0.000299
22723 -0.000292
22724 -0.000292
22725 -0.000292
22727 -0.000298
22728 -0.000291
22730 -0.000291
22731 -0.000293
22732 -0.000292
22733 -0.000292
22734 -0.000292
22735 -0.000292
22736 -0.000292
22738 -0.000293
22739 -0.000291
22740 -0.000292
22741 -0.000292
22742 -0.000292
22743 -0.000292
22744 -0.000292
22747 -0.000287
22748 -0.000295
22749 -0.000292
22750 -0.000292
22752 -0.000291
22753 -0.000292
22754 -0.000292
22755 -0.000292
22756 -0.000292
22757 -0.000292
22758 -0.000292
22759 -0.000292
22760 -0.000292
22761 -0.000292
22762 -0.000292
22763 -0.000292
22764 -0.000292
22766 -0.000289
22770 -0.000291
22771 -0.000290
22772 -0.000292
22773 -0.000292
22774 -0.000292
22775 -0.000292
22776 -0.000292
22777 -0.000292
22778 -0.000292
22779 -0.000292
22780 -0.000292
22782 -0.000300
22783 -0.000292
22784 -0.000292
22785 -0.000292
22786 -0.000292
22787 -0.000292
22788 -0.000292
22789 -0.000292
22790 -0.000292
22791 -0.000292
22792 -0.000292
22795 -0.000293
22796 -0.000292
22799 -0.000290
22800 -0.000291
22801 -0.000292
22803 -0.000290
22804 -0.000290
22805 -0.000292
22806 -0.000292
22807 -0.000292
22808 -0.000292
22809 -0.000292
22810 -0.000292
22811 -0.000292
22812 -0.000292
22813 -0.000292
22814 -0.000292
22815 -0.000292
22816 -0.000292
22817 -0.000292
22819 -0.000293
22820 -0.000292
22821 -0.000292
22822 -0.000292
22823 -0.000292
22824 -0.000292
22825 -0.000292
22826 -0.000292
22827 -0.000292
22828 -0.000292
22830 -0.000287
22831 -0.000291
22832 -0.000292
22833 -0.000292
22835 -0.000290
22836 -0.000292
22837 -0.000291
22838 -0.000292
22839 -0.000292
22840 -0.000292
22841 -0.000292
22842 -0.000292
22843 -0.000292
22844 -0.000292
22846 -0.000292
22847 -0.000291
22848 -0.000291
22849 -0.000291
22850 -0.000291
22851 -0.000291
22853 -0.000291
22854 -0.000291
22855 -0.000292
22856 -0.000292
22857 -0.000292
22858 -0.000291
22859 -0.000291
22860 -0.000291
22861 -0.000291
22862 -0.000291
22863 -0.000291
22864 -0.000291
22865 -0.000291
22866 -0.000291
22867 -0.000291
22868 -0.000291
22869 -0.000291
22870 -0.000291
22871 -0.000291
22872 -0.000291
22873 -0.000291
22874 -0.000291
22875 -0.000291
22877 -0.000290
22878 -0.000291
22879 -0.000291
22881 -0.000293
22882 -0.000291
22883 -0.000290
22885 -0.000296
22886 -0.000291
22887 -0.000291
22888 -0.000291
22889 -0.000291
22890 -0.000291
22891 -0.000291
22892 -0.000291
22893 -0.000291
22896 -0.000289
22897 -0.000293
22898 -0.000291
22899 -0.000291
22900 -0.000291
22901 -0.000291
22903 -0.000291
22904 -0.000293
22905 -0.000291
22907 -0.000288
22908 -0.000291
22909 -0.000292
22910 -0.000291
22911 -0.000291
22913 -0.000291
22914 -0.000291
22915 -0.000291
22918 -0.000290
22919 -0.000291
22920 -0.000291
22921 -0.000291
22922 -0.000291
22923 -0.000291
22924 -0.000291
22925 -0.000291
22926 -0.000291
22928 -0.000290
22929 -0.000291
22930 -0.000291
22932 -0.000290
22933 -0.000291
22934 -0.000291
22935 -0.000291
22936 -0.000291
22937 -0.000291
22938 -0.000291
22939 -0.000291
22941 -0.000291
22943 -0.000289
22944 -0.000291
22945 -0.000291
22946 -0.000291
22947 -0.000291
22948 -0.000291
22949 -0.000291
22950 -0.000291
22951 -0.000291
22952 -0.000291
22953 -0.000291
22954 -0.000291
22955 -0.000291
22956 -0.000291
22957 -0.000291
22958 -0.000291
22959 -0.000291
22960 -0.000291
22961 -0.000291
22962 -0.000291
22963 -0.000291
22964 -0.000291
22965 -0.000291
22966 -0.000291
22967 -0.000291
22968 -0.000291
22969 -0.000291
22970 -0.000291
22971 -0.000291
22973 -0.000295
22974 -0.000290
22975 -0.000290
22976 -0.000290
22977 -0.000291
22978 -0.000291
22979 -0.000291
22980 -0.000291
22981 -0.000291
22982 -0.000291
22983 -0.000291
22984 -0.000291
22985 -0.000291
22986 -0.000291
22987 -0.000291
22988 -0.000291
22989 -0.000291
22990 -0.000291
22991 -0.000291
22992 -0.000291
22993 -0.000291
22994 -0.000291
22995 -0.000291
22996 -0.000291
22997 -0.000291
22998 -0.000291
22999 -0.000291
23000 -0.000291
23001 -0.000291
23002 -0.000291
23003 -0.000291
23004 -0.000291
23005 -0.000291
23007 -0.000287
23008 -0.000289
23009 -0.000290
23010 -0.000291
23011 -0.000290
23012 -0.000291
23013 -0.000291
23014 -0.000291
23015 -0.000291
23016 -0.000291
23017 -0.000291
23018 -0.000291
23019 -0.000291
23020 -0.000291
23021 -0.000291
23022 -0.000291
23023 -0.000291
23024 -0.000291
23025 -0.000291
23026 -0.000291
23027 -0.000291
23029 -0.000290
23030 -0.000291
23031 -0.000291
23032 -0.000291
23033 -0.000291
23034 -0.000291
23037 -0.000289
23038 -0.000292
23039 -0.000292
23040 -0.000291
23042 -0.000292
23043 -0.000291
23044 -0.000290
23046 -0.000291
23047 -0.000290
23048 -0.000291
23049 -0.000290
23050 -0.000290
23051 -0.000290
23052 -0.000290
23054 -0.000290
23056 -0.000298
23057 -0.000291
23058 -0.000290
23060 -0.000293
23061 -0.000290
23062 -0.000290
23063 -0.000290
23065 -0.000289
23067 -0.000289
23068 -0.000290
23069 -0.000290
23070 -0.000290
23071 -0.000290
23072 -0.000290
23073 -0.000290
23074 -0.000290
23075 -0.000290
23076 -0.000290
23077 -0.000290
23078 -0.000290
23080 -0.000292
23081 -0.000289
23082 -0.000290
23083 -0.000290
23084 -0.000290
23085 -0.000290
23086 -0.000290
23087 -0.000290
23089 -0.000292
23090 -0.000290
23091 -0.000290
23092 -0.000290
23093 -0.000290
23094 -0.000290
23095 -0.000290
23096 -0.000290
23097 -0.000290
23098 -0.000290
23099 -0.000290
23100 -0.000290
23101 -0.000290
23102 -0.000290
23103 -0.000290
23104 -0.000290
23105 -0.000290
23106 -0.000290
23107 -0.000290
23108 -0.000290
23109 -0.000290
23110 -0.000290
23112 -0.000291
23113 -0.000291
23114 -0.000290
23115 -0.000290
23116 -0.000290
23117 -0.000290
23118 -0.000290
23119 -0.000290
23120 -0.000290
23121 -0.000290
23122 -0.000290
23123 -0.000290
23124 -0.000290
23125 -0.000290
23126 -0.000290
23127 -0.000290
23128 -0.000290
23129 -0.000290
23131 -0.000291
23132 -0.000291
23133 -0.000290
23134 -0.000290
23135 -0.000290
23136 -0.000290
23137 -0.000290
23138 -0.000290
23139 -0.000290
23140 -0.000290
23141 -0.000290
23142 -0.000290
23143 -0.000290
23144 -0.000290
23145 -0.000290
23146 -0.000290
23147 -0.000290
23149 -0.000289
23152 -0.000303
23153 -0.000290
23154 -0.000290
23155 -0.000291
23157 -0.000291
23158 -0.000290
23159 -0.000290
23160 -0.000290
23161 -0.000290
23162 -0.000290
23163 -0.000290
23164 -0.000290
23166 -0.000292
23167 -0.000290
23169 -0.000292
23170 -0.000290
23171 -0.000290
23172 -0.000290
23173 -0.000290
23174 -0.000290
23175 -0.000290
23176 -0.000290
23177 -0.000290
23178 -0.000290
23179 -0.000290
23180 -0.000290
23181 -0.000290
23182 -0.000290
23183 -0.000290
23184 -0.000290
23185 -0.000290
23186 -0.000290
23187 -0.000290
23188 -0.000290
23189 -0.000290
23190 -0.000290
23192 -0.000289
23193 -0.000289
23194 -0.000290
23195 -0.000290
23196 -0.000290
23197 -0.000290
23198 -0.000290
23199 -0.000290
23200 -0.000290
23201 -0.000290
23202 -0.000290
23203 -0.000290
23204 -0.000290
23206 -0.000286
23208 -0.000290
23209 -0.000290
23210 -0.000289
23211 -0.000289
23212 -0.000289
23213 -0.000289
23214 -0.000289
23215 -0.000289
23216 -0.000289
23217 -0.000289
23218 -0.000289
23219 -0.000289
23220 -0.000289
23221 -0.000289
23222 -0.000289
23223 -0.000289
23224 -0.000289
23225 -0.000289
23226 -0.000289
23227 -0.000289
23228 -0.000289
23229 -0.000289
23230 -0.000289
23231 -0.000289
23232 -0.000289
23233 -0.000289
23234 -0.000289
23235 -0.000289
23236 -0.000289
23237 -0.000289
23238 -0.000289
23239 -0.000289
23240 -0.000289
23241 -0.000289
23242 -0.000289
23248 -0.000292
23250 -0.000301
23251 -0.000286
23252 -0.000288
23253 -0.000289
23254 -0.000289
23255 -0.000289
23256 -0.000289
23257 -0.000289
23258 -0.000289
23259 -0.000289
23260 -0.000289
23261 -0.000289
23262 -0.000289
23263 -0.000289
23264 -0.000289
23265 -0.000289
23266 -0.000289
23267 -0.000289
23268 -0.000289
23269 -0.000289
23270 -0.000289
23271 -0.000289
23272 -0.000289
23273 -0.000289
23274 -0.000289
23276 -0.000298
23277 -0.000290
23278 -0.000289
23279 -0.000288
23280 -0.000289
23281 -0.000289
23283 -0.000290
23284 -0.000289
23285 -0.000288
23286 -0.000289
23287 -0.000289
23288 -0.000289
23289 -0.000289
23290 -0.000289
23291 -0.000289
23292 -0.000289
23293 -0.000289
23294 -0.000289
23295 -0.000289
23296 -0.000289
23297 -0.000289
23298 -0.000289
23299 -0.000289
23302 -0.000284
23303 -0.000288
23304 -0.000289
23305 -0.000289
23306 -0.000289
23308 -0.000287
23309 -0.000289
23310 -0.000289
23311 -0.000289
23312 -0.000289
23313 -0.000289
23314 -0.000289
23315 -0.000289
23316 -0.000289
23317 -0.000289
23320 -0.000284
23321 -0.000293
23322 -0.000289
23323 -0.000288
23324 -0.000289
23325 -0.000289
23326 -0.000289
23327 -0.000289
23328 -0.000289
23330 -0.000284
23331 -0.000288
23332 -0.000289
23333 -0.000289
23336 -0.000285
23337 -0.000287
23338 -0.000290
23339 -0.000289
23340 -0.000289
23341 -0.000289
23343 -0.000288
23344 -0.000290
23345 -0.000289
23346 -0.000289
23347 -0.000289
23348 -0.000289
23349 -0.000289
23350 -0.000289
23351 -0.000289
23352 -0.000289
23353 -0.000289
23354 -0.000289
23355 -0.000289
23357 -0.000288
23358 -0.000289
23359 -0.000289
23360 -0.000288
23361 -0.000289
23362 -0.000289
23363 -0.000289
23364 -0.000289
23365 -0.000289
23366 -0.000289
23367 -0.000289
23368 -0.000289
23369 -0.000289
23373 -0.000287
23374 -0.000288
23375 -0.000288
23376 -0.000288
23377 -0.000288
23378 -0.000288
23379 -0.000288
23380 -0.000288
23381 -0.000288
23382 -0.000288
23383 -0.000288
23384 -0.000288
23386 -0.000289
23387 -0.000287
23388 -0.000288
23389 -0.000288
23390 -0.000288
23391 -0.000288
23392 -0.000288
23393 -0.000288
23394 -0.000288
23396 -0.000287
23397 -0.000289
23398 -0.000289
23399 -0.000288
23400 -0.000288
23401 -0.000288
23402 -0.000288
23403 -0.000288
23404 -0.000288
23405 -0.000288
23406 -0.000288
23407 -0.000288
23408 -0.000288
23409 -0.000288
23410 -0.000288
23412 -0.000284
23413 -0.000289
23414 -0.000288
23415 -0.000288
23416 -0.000288
23417 -0.000288
23418 -0.000288
23419 -0.000288
23420 -0.000288
23421 -0.000288
23423 -0.000289
23424 -0.000289
23425 -0.000288
23426 -0.000288
23427 -0.000288
23428 -0.000288
23429 -0.000288
23430 -0.000288
23431 -0.000288
23432 -0.000288
23433 -0.000288
23435 -0.000286
23436 -0.000287
23438 -0.000292
23440 -0.000290
23441 -0.000288
23442 -0.000288
23443 -0.000288
23444 -0.000288
23445 -0.000288
23446 -0.000288
23447 -0.000288
23448 -0.000288
23449 -0.000288
23450 -0.000288
23451 -0.000288
23452 -0.000288
23453 -0.000288
23454 -0.000288
23455 -0.000288
23456 -0.000288
23457 -0.000288
23458 -0.000288
23459 -0.000288
23460 -0.000288
23461 -0.000288
23462 -0.000288
23463 -0.000288
23464 -0.000288
23465 -0.000288
23466 -0.000288
23467 -0.000288
23468 -0.000288
23469 -0.000288
23470 -0.000288
23471 -0.000288
23472 -0.000288
23476 -0.000289
23477 -0.000289
23478 -0.000288
23480 -0.000285
23481 -0.000290
23482 -0.000288
23483 -0.000288
23484 -0.000288
23485 -0.000288
23486 -0.000288
23487 -0.000288
23488 -0.000288
23489 -0.000288
23490 -0.000288
23491 -0.000288
23492 -0.000288
23493 -0.000288
23494 -0.000288
23495 -0.000288
23496 -0.000288
23497 -0.000288
23498 -0.000288
23499 -0.000288
23500 -0.000288
23502 -0.000286
23503 -0.000288
23504 -0.000287
23506 -0.000289
23507 -0.000288
23508 -0.000288
23511 -0.000289
23512 -0.000287
23513 -0.000287
23514 -0.000288
23515 -0.000288
23517 -0.000287
23518 -0.000286
23519 -0.000288
23520 -0.000288
23521 -0.000288
23522 -0.000288
23523 -0.000288
23524 -0.000288
23525 -0.000288
23526 -0.000288
23527 -0.000288
23528 -0.000288
23529 -0.000288
23530 -0.000288
23531 -0.000288
23532 -0.000288
23534 -0.000289
23535 -0.000287
23536 -0.000288
23537 -0.000287
23538 -0.000288
23539 -0.000288
23541 -0.000288
23542 -0.000289
23543 -0.000287
23544 -0.000288
23545 -0.000287
23546 -0.000287
23547 -0.000288
23548 -0.000288
23549 -0.000288
23550 -0.000288
23551 -0.000288
23552 -0.000288
23553 -0.000288
23554 -0.000288
23556 -0.000283
23557 -0.000289
23558 -0.000287
23560 -0.000287
23561 -0.000288
23562 -0.000288
23563 -0.000287
23564 -0.000287
23565 -0.000287
23566 -0.000287
23567 -0.000287
23568 -0.000287
23569 -0.000287
23570 -0.000287
23571 -0.000287
23573 -0.000286
23574 -0.000287
23575 -0.000287
23577 -0.000289
23579 -0.000287
23580 -0.000287
23581 -0.000287
23582 -0.000287
23583 -0.000287
23584 -0.000287
23585 -0.000287
23587 -0.000288
23588 -0.000288
23589 -0.000287
23590 -0.000287
23591 -0.000287
23592 -0.000287
23593 -0.000287
23594 -0.000287
23595 -0.000287
23596 -0.000287
23597 -0.000287
23598 -0.000287
23599 -0.000287
23600 -0.000287
23601 -0.000287
23602 -0.000287
23603 -0.000287
23604 -0.000287
23605 -0.000287
23606 -0.000287
23607 -0.000287
23608 -0.000287
23609 -0.000287
23610 -0.000287
23611 -0.000287
23612 -0.000287
23613 -0.000287
23614 -0.000287
23616 -0.000288
23618 -0.000293
23619 -0.000287
23620 -0.000287
23621 -0.000287
23622 -0.000287
23623 -0.000287
23624 -0.000287
23625 -0.000287
23626 -0.000287
23627 -0.000287
23628 -0.000287
23629 -0.000287
23630 -0.000287
23631 -0.000287
23632 -0.000287
23633 -0.000287
23634 -0.000287
23635 -0.000287
23637 -0.000286
23638 -0.000287
23639 -0.000287
23640 -0.000287
23642 -0.000285
23643 -0.000287
23644 -0.000287
23645 -0.000287
23646 -0.000287
23647 -0.000287
23648 -0.000287
23649 -0.000287
23650 -0.000287
23651 -0.000287
23652 -0.000287
23653 -0.000287
23654 -0.000287
23655 -0.000287
23656 -0.000287
23657 -0.000287
23658 -0.000287
23659 -0.000287
23660 -0.000287
23661 -0.000287
23662 -0.000287
23663 -0.000287
23664 -0.000287
23665 -0.000287
23666 -0.000287
23667 -0.000287
23668 -0.000287
23669 -0.000287
23670 -0.000287
23671 -0.000287
23675 -0.000285
23677 -0.000290
23678 -0.000286
23679 -0.000287
23680 -0.000287
23681 -0.000287
23682 -0.000287
23683 -0.000287
23684 -0.000287
23686 -0.000286
23687 -0.000287
23688 -0.000287
23690 -0.000287
23691 -0.000287
23692 -0.000287
23694 -0.000283
23695 -0.000286
23696 -0.000286
23697 -0.000287
23698 -0.000287
23699 -0.000287
23700 -0.000287
23701 -0.000287
23702 -0.000287
23703 -0.000287
23704 -0.000287
23705 -0.000287
23706 -0.000287
23707 -0.000287
23708 -0.000287
23709 -0.000287
23710 -0.000287
23711 -0.000287
23712 -0.000287
23713 -0.000287
23714 -0.000287
23715 -0.000287
23716 -0.000287
23718 -0.000284
23719 -0.000287
23720 -0.000287
23722 -0.000286
23723 -0.000287
23724 -0.000286
23725 -0.000286
23726 -0.000287
23728 -0.000285
23730 -0.000287
23731 -0.000286
23732 -0.000287
23733 -0.000286
23734 -0.000286
23736 -0.000281
23737 -0.000285
23738 -0.000286
23739 -0.000286
23740 -0.000286
23741 -0.000286
23742 -0.000286
23745 -0.000282
23746 -0.000288
23747 -0.000286
23748 -0.000286
23749 -0.000286
23750 -0.000286
23751 -0.000286
23752 -0.000286
23753 -0.000286
23754 -0.000286
23755 -0.000286
23756 -0.000286
23757 -0.000286
23758 -0.000286
23759 -0.000286
23760 -0.000286
23761 -0.000286
23762 -0.000286
23763 -0.000286
23764 -0.000286
23765 -0.000286
23766 -0.000286
23767 -0.000286
23768 -0.000286
23769 -0.000286
23770 -0.000286
23771 -0.000286
23772 -0.000286
23773 -0.000286
23774 -0.000286
23775 -0.000286
23777 -0.000285
23778 -0.000286
23780 -0.000289
23781 -0.000286
23782 -0.000286
23783 -0.000286
23784 -0.000286
23785 -0.000286
23786 -0.000286
23787 -0.000286
23788 -0.000286
23789 -0.000286
23790 -0.000286
23791 -0.000286
23792 -0.000286
23793 -0.000286
23794 -0.000286
23795 -0.000286
23796 -0.000286
23797 -0.000286
23798 -0.000286
23799 -0.000286
23800 -0.000286
23801 -0.000286
23802 -0.000286
23804 -0.000292
23805 -0.000286
23806 -0.000286
23807 -0.000286
23809 -0.000289
23811 -0.000284
23812 -0.000286
23813 -0.000286
23814 -0.000286
23815 -0.000286
23816 -0.000286
23818 -0.000286
23819 -0.000286
23820 -0.000286
23821 -0.000286
23822 -0.000286
23824 -0.000289
23825 -0.000287
23826 -0.000286
23827 -0.000286
23828 -0.000286
23830 -0.000290
23831 -0.000286
23832 -0.000286
23833 -0.000286
23834 -0.000286
23835 -0.000286
23836 -0.000286
23837 -0.000286
23838 -0.000286
23839 -0.000286
23840 -0.000286
23841 -0.000286
23842 -0.000286
23844 -0.000284
23845 -0.000286
23846 -0.000286
23847 -0.000286
23848 -0.000286
23849 -0.000286
23850 -0.000286
23851 -0.000286
23852 -0.000286
23853 -0.000286
23854 -0.000286
23857 -0.000287
23859 -0.000287
23860 -0.000286
23862 -0.000284
23863 -0.000286
23864 -0.000286
23865 -0.000286
23866 -0.000286
23867 -0.000286
23868 -0.000286
23869 -0.000286
23870 -0.000286
23871 -0.000286
23872 -0.000286
23873 -0.000286
23874 -0.000286
23875 -0.000286
23878 -0.000295
23879 -0.000286
23880 -0.000285
23881 -0.000286
23883 -0.000282
23884 -0.000281
23885 -0.000286
23886 -0.000286
23887 -0.000286
23888 -0.000286
23889 -0.000286
23890 -0.000286
23891 -0.000286
23892 -0.000286
23893 -0.000286
23895 -0.000286
23897 -0.000289
23898 -0.000286
23899 -0.000285
23900 -0.000286
23901 -0.000285
23902 -0.000285
23903 -0.000285
23904 -0.000285
23905 -0.000285
23906 -0.000285
23907 -0.000285
23908 -0.000285
23909 -0.000285
23910 -0.000285
23911 -0.000285
23912 -0.000285
23914 -0.000287
23915 -0.000285
23918 -0.000289
23919 -0.000285
23920 -0.000284
23922 -0.000282
23924 -0.000288
23925 -0.000285
23926 -0.000286
23927 -0.000285
23928 -0.000285
23929 -0.000285
23931 -0.000288
23933 -0.000287
23934 -0.000285
23935 -0.000285
23936 -0.000285
23937 -0.000285
23938 -0.000285
23939 -0.000285
23940 -0.000285
23941 -0.000285
23942 -0.000285
23943 -0.000285
23945 -0.000285
23946 -0.000285
23947 -0.000285
23949 -0.000281
23950 -0.000285
23952 -0.000287
23953 -0.000285
23954 -0.000285
23955 -0.000285
23956 -0.000285
23957 -0.000285
23958 -0.000285
23959 -0.000285
23960 -0.000285
23961 -0.000285
23962 -0.000285
23963 -0.000285
23965 -0.000285
23966 -0.000286
23967 -0.000285
23968 -0.000285
23969 -0.000285
23970 -0.000285
23971 -0.000285
23972 -0.000285
23973 -0.000285
23974 -0.000285
23975 -0.000285
23976 -0.000285
23977 -0.000285
23978 -0.000285
23979 -0.000285
23980 -0.000285
23981 -0.000285
23982 -0.000285
23983 -0.000285
23984 -0.000285
23985 -0.000285
23986 -0.000285
23987 -0.000285
23988 -0.000285
23989 -0.000285
23990 -0.000285
23991 -0.000285
23992 -0.000285
23993 -0.000285
23994 -0.000285
23995 -0.000285
23996 -0.000285
23997 -0.000285
23998 -0.000285
23999 -0.000285
24000 -0.000285
24001 -0.000285
24002 -0.000285
24003 -0.000285
24004 -0.000285
24005 -0.000285
24006 -0.000285
24007 -0.000285
24008 -0.000285
24009 -0.000285
24010 -0.000285
24011 -0.000285
24012 -0.000285
24013 -0.000285
24014 -0.000285
24015 -0.000285
24016 -0.000285
24017 -0.000285
24018 -0.000285
24019 -0.000285
24020 -0.000285
24021 -0.000285
24022 -0.000285
24023 -0.000285
24025 -0.000287
24027 -0.000283
24028 -0.000284
24029 -0.000286
24030 -0.000285
24031 -0.000285
24032 -0.000285
24034 -0.000283
24035 -0.000284
24036 -0.000284
24037 -0.000285
24038 -0.000285
24039 -0.000285
24041 -0.000285
24042 -0.000285
24044 -0.000288
24045 -0.000285
24046 -0.000285
24047 -0.000285
24048 -0.000285
24049 -0.000285
24051 -0.000290
24052 -0.000285
24054 -0.000283
24055 -0.000285
24058 -0.000289
24059 -0.000284
24060 -0.000285
24061 -0.000284
24063 -0.000288
24067 -0.000286
24069 -0.000284
24070 -0.000283
24072 -0.000288
24073 -0.000284
24074 -0.000284
24075 -0.000284
24076 -0.000284
24077 -0.000284
24078 -0.000284
24079 -0.000284
24080 -0.000284
24081 -0.000284
24082 -0.000284
24083 -0.000284
24084 -0.000284
24085 -0.000284
24086 -0.000284
24087 -0.000284
24088 -0.000284
24089 -0.000284
24090 -0.000284
24091 -0.000284
24092 -0.000284
24093 -0.000284
24094 -0.000284
24095 -0.000284
24096 -0.000284
24097 -0.000284
24099 -0.000293
24100 -0.000284
24101 -0.000284
24104 -0.000286
24105 -0.000284
24106 -0.000284
24107 -0.000284
24108 -0.000284
24109 -0.000284
24110 -0.000284
24111 -0.000284
24112 -0.000284
24113 -0.000284
24114 -0.000284
24115 -0.000284
24116 -0.000284
24117 -0.000284
24118 -0.000284
24119 -0.000284
24120 -0.000284
24121 -0.000284
24122 -0.000284
24123 -0.000284
24124 -0.000284
24126 -0.000284
24127 -0.000283
24128 -0.000284
24129 -0.000284
24130 -0.000284
24131 -0.000284
24132 -0.000284
24134 -0.000281
24135 -0.000283
24136 -0.000284
24137 -0.000284
24138 -0.000284
24139 -0.000284
24140 -0.000284
24141 -0.000284
24142 -0.000284
24143 -0.000284
24144 -0.000284
24145 -0.000284
24146 -0.000284
24147 -0.000284
24148 -0.000284
24149 -0.000284
24150 -0.000284
24151 -0.000284
24152 -0.000284
24154 -0.000283
24155 -0.000283
24156 -0.000284
24157 -0.000284
24158 -0.000284
24159 -0.000284
24160 -0.000284
24161 -0.000284
24162 -0.000284
24163 -0.000284
24165 -0.000289
24166 -0.000283
24167 -0.000284
24168 -0.000284
24170 -0.000280
24172 -0.000286
24173 -0.000283
24174 -0.000284
24175 -0.000284
24176 -0.000284
24177 -0.000284
24178 -0.000284
24181 -0.000281
24182 -0.000284
24183 -0.000283
24184 -0.000284
24185 -0.000284
24186 -0.000284
24187 -0.000284
24188 -0.000284
24189 -0.000284
24191 -0.000286
24192 -0.000284
24193 -0.000283
24194 -0.000284
24195 -0.000284
24196 -0.000284
24197 -0.000284
24198 -0.000284
24199 -0.000284
24201 -0.000282
24202 -0.000283
24203 -0.000283
24204 -0.000283
24205 -0.000283
24206 -0.000284
24207 -0.000284
24208 -0.000284
24209 -0.000284
24210 -0.000284
24211 -0.000284
24212 -0.000284
24213 -0.000284
24214 -0.000284
24215 -0.000284
24216 -0.000284
24217 -0.000284
24218 -0.000284
24219 -0.000284
24220 -0.000284
24221 -0.000284
24222 -0.000284
24223 -0.000284
24224 -0.000284
24225 -0.000284
24228 -0.000275
24229 -0.000283
24230 -0.000283
24232 -0.000285
24233 -0.000283
24234 -0.000284
24235 -0.000283
24237 -0.000283
24239 -0.000283
24241 -0.000281
24243 -0.000285
24244 -0.000284
24245 -0.000283
24246 -0.000283
24247 -0.000283
24248 -0.000283
24249 -0.000283
24250 -0.000283
24252 -0.000283
24253 -0.000283
24254 -0.000283
24255 -0.000283
24256 -0.000283
24257 -0.000283
24258 -0.000283
24259 -0.000283
24260 -0.000283
24261 -0.000283
24262 -0.000283
24263 -0.000283
24265 -0.000284
24266 -0.000286
24268 -0.000282
24269 -0.000283
24271 -0.000283
24272 -0.000283
24273 -0.000283
24274 -0.000283
24275 -0.000283
24276 -0.000283
24278 -0.000285
24280 -0.000282
24281 -0.000283
24282 -0.000283
24283 -0.000283
24285 -0.000282
24286 -0.000284
24287 -0.000283
24288 -0.000283
24289 -0.000283
24290 -0.000283
24291 -0.000283
24292 -0.000283
24293 -0.000283
24294 -0.000283
24295 -0.000283
24297 -0.000280
24298 -0.000282
24299 -0.000283
24300 -0.000283
24301 -0.000283
24302 -0.000283
24303 -0.000283
24304 -0.000283
24305 -0.000283
24306 -0.000283
24307 -0.000283
24308 -0.000283
24309 -0.000283
24311 -0.000281
24312 -0.000283
24313 -0.000283
24314 -0.000283
24315 -0.000283
24316 -0.000283
24319 -0.000281
24320 -0.000285
24321 -0.000284
24322 -0.000282
24324 -0.000278
24325 -0.000282
24326 -0.000283
24327 -0.000282
24328 -0.000283
24329 -0.000283
24331 -0.000282
24332 -0.000283
24334 -0.000283
24335 -0.000282
24336 -0.000283
24337 -0.000282
24338 -0.000283
24339 -0.000283
24340 -0.000283
24341 -0.000283
24342 -0.000283
24343 -0.000283
24344 -0.000283
24345 -0.000283
24346 -0.000283
24347 -0.000283
24348 -0.000283
24349 -0.000283
24350 -0.000283
24351 -0.000283
24352 -0.000283
24353 -0.000283
24354 -0.000283
24355 -0.000283
24356 -0.000283
24357 -0.000283
24358 -0.000283
24359 -0.000283
24360 -0.000283
24361 -0.000283
24362 -0.000283
24364 -0.000282
24365 -0.000283
24366 -0.000282
24368 -0.000282
24369 -0.000282
24370 -0.000282
24371 -0.000282
24372 -0.000282
24373 -0.000282
24374 -0.000282
24376 -0.000282
24377 -0.000284
24378 -0.000283
24379 -0.000282
24380 -0.000282
24381 -0.000282
24382 -0.000282
24383 -0.000282
24384 -0.000282
24385 -0.000282
24387 -0.000281
24388 -0.000282
24389 -0.000282
24390 -0.000283
24392 -0.000278
24393 -0.000282
24395 -0.000280
24397 -0.000287
24398 -0.000282
24399 -0.000282
24400 -0.000282
24401 -0.000282
24403 -0.000288
24404 -0.000281
24405 -0.000282
24406 -0.000282
24407 -0.000282
24408 -0.000282
24410 -0.000277
24411 -0.000286
24412 -0.000281
24413 -0.000282
24414 -0.000282
24417 -0.000282
24418 -0.000283
24419 -0.000282
24420 -0.000282
24421 -0.000282
24422 -0.000282
24423 -0.000282
24424 -0.000282
24425 -0.000282
24426 -0.000282
24427 -0.000282
24428 -0.000282
24429 -0.000282
24431 -0.000285
24432 -0.000282
24433 -0.000282
24435 -0.000286
24436 -0.000281
24437 -0.000282
24438 -0.000282
24439 -0.000282
24440 -0.000282
24441 -0.000282
24442 -0.000282
24444 -0.000278
24445 -0.000282
24446 -0.000282
24447 -0.000282
24448 -0.000282
24449 -0.000282
24450 -0.000282
24451 -0.000282
24452 -0.000282
24453 -0.000282
24454 -0.000282
24456 -0.000281
24457 -0.000282
24458 -0.000282
24459 -0.000282
24460 -0.000282
24461 -0.000282
24462 -0.000282
24463 -0.000282
24464 -0.000282
24465 -0.000282
24466 -0.000282
24467 -0.000282
24468 -0.000282
24469 -0.000282
24470 -0.000282
24471 -0.000282
24472 -0.000282
24473 -0.000282
24474 -0.000282
24475 -0.000282
24476 -0.000282
24477 -0.000282
24478 -0.000282
24479 -0.000282
24480 -0.000282
24481 -0.000282
24482 -0.000282
24483 -0.000282
24484 -0.000282
24485 -0.000282
24486 -0.000282
24487 -0.000282
24488 -0.000282
24489 -0.000282
24491 -0.000279
24492 -0.000282
24493 -0.000282
24494 -0.000282
24495 -0.000282
24497 -0.000278
24498 -0.000283
24499 -0.000282
24500 -0.000282
24501 -0.000282
24502 -0.000282
24504 -0.000276
24505 -0.000282
24506 -0.000282
24507 -0.000282
24509 -0.000280
24510 -0.000281
24511 -0.000282
24512 -0.000282
24513 -0.000282
24514 -0.000282
24515 -0.000282
24516 -0.000282
24517 -0.000282
24518 -0.000282
24520 -0.000277
24521 -0.000280
24522 -0.000282
24523 -0.000282
24524 -0.000282
24526 -0.000281
24527 -0.000281
24528 -0.000282
24529 -0.000282
24530 -0.000282
24531 -0.000282
24532 -0.000281
24533 -0.000282
24534 -0.000282
24535 -0.000282
24536 -0.000282
24537 -0.000282
24538 -0.000282
24539 -0.000282
24540 -0.000282
24541 -0.000282
24542 -0.000282
24543 -0.000282
24544 -0.000282
24547 -0.000287
24548 -0.000281
24549 -0.000281
24550 -0.000282
24551 -0.000281
24552 -0.000281
24553 -0.000281
24554 -0.000281
24555 -0.000281
24556 -0.000281
24557 -0.000281
24560 -0.000281
24561 -0.000283
24562 -0.000281
24563 -0.000281
24564 -0.000281
24565 -0.000281
24566 -0.000281
24567 -0.000281
24568 -0.000281
24569 -0.000281
24570 -0.000281
24571 -0.000281
24572 -0.000281
24573 -0.000281
24574 -0.000281
24576 -0.000281
24577 -0.000281
24578 -0.000281
24580 -0.000279
24581 -0.000282
24582 -0.000281
24583 -0.000281
24584 -0.000281
24585 -0.000281
24586 -0.000281
24588 -0.000280
24589 -0.000281
24590 -0.000281
24591 -0.000281
24592 -0.000281
24593 -0.000281
24595 -0.000282
24596 -0.000281
24598 -0.000281
24599 -0.000280
24600 -0.000281
24601 -0.000281
24602 -0.000281
24603 -0.000281
24604 -0.000281
24605 -0.000281
24607 -0.000280
24608 -0.000281
24609 -0.000281
24610 -0.000281
24611 -0.000281
24612 -0.000281
24613 -0.000281
24614 -0.000281
24615 -0.000281
24617 -0.000278
24620 -0.000284
24622 -0.000281
24623 -0.000282
24624 -0.000281
24625 -0.000281
24627 -0.000285
24628 -0.000280
24629 -0.000281
24630 -0.000281
24631 -0.000281
24632 -0.000281
24633 -0.000281
24634 -0.000281
24635 -0.000281
24636 -0.000281
24637 -0.000281
24638 -0.000281
24639 -0.000281
24640 -0.000281
24641 -0.000281
24642 -0.000281
24643 -0.000281
24645 -0.000277
24646 -0.000281
24647 -0.000281
24648 -0.000281
24649 -0.000281
24650 -0.000281
24651 -0.000281
24655 -0.000278
24657 -0.000279
24659 -0.000280
24660 -0.000281
24661 -0.000281
24662 -0.000281
24663 -0.000281
24664 -0.000281
24666 -0.000286
24667 -0.000280
24668 -0.000280
24669 -0.000280
24670 -0.000281
24671 -0.000281
24672 -0.000281
24673 -0.000281
24674 -0.000280
24676 -0.000281
24677 -0.000282
24678 -0.000281
24679 -0.000280
24681 -0.000278
24682 -0.000281
24683 -0.000280
24684 -0.000280
24685 -0.000280
24686 -0.000280
24687 -0.000280
24688 -0.000280
24689 -0.000280
24690 -0.000280
24691 -0.000280
24692 -0.000280
24693 -0.000280
24694 -0.000280
24695 -0.000280
24696 -0.000280
24697 -0.000280
24698 -0.000280
24699 -0.000280
24701 -0.000284
24703 -0.000280
24704 -0.000281
24705 -0.000280
24708 -0.000284
24709 -0.000280
24711 -0.000279
24712 -0.000279
24713 -0.000281
24714 -0.000280
24715 -0.000280
24716 -0.000280
24717 -0.000280
24718 -0.000280
24719 -0.000280
24720 -0.000280
24721 -0.000280
24722 -0.000280
24723 -0.000280
24724 -0.000280
24725 -0.000280
24726 -0.000280
24727 -0.000280
24728 -0.000280
24729 -0.000280
24730 -0.000280
24731 -0.000280
24732 -0.000280
24733 -0.000280
24734 -0.000280
24735 -0.000280
24737 -0.000280
24738 -0.000280
24739 -0.000280
24740 -0.000280
24741 -0.000280
24742 -0.000280
24744 -0.000277
24745 -0.000280
24746 -0.000280
24747 -0.000280
24748 -0.000280
24749 -0.000280
24751 -0.000283
24752 -0.000280
24754 -0.000278
24755 -0.000280
24756 -0.000280
24757 -0.000280
24758 -0.000280
24759 -0.000280
24760 -0.000280
24761 -0.000280
24762 -0.000280
24763 -0.000280
24764 -0.000280
24765 -0.000280
24766 -0.000280
24767 -0.000280
24768 -0.000280
24769 -0.000280
24770 -0.000280
24771 -0.000280
24772 -0.000280
24773 -0.000280
24774 -0.000280
24775 -0.000280
24777 -0.000282
24778 -0.000281
24779 -0.000280
24780 -0.000280
24781 -0.000280
24782 -0.000280
24783 -0.000280
24784 -0.000280
24786 -0.000281
24787 -0.000280
24788 -0.000280
24789 -0.000280
24790 -0.000280
24793 -0.000280
24794 -0.000280
24795 -0.000279
24796 -0.000280
24797 -0.000280
24798 -0.000280
24799 -0.000280
24800 -0.000280
24801 -0.000280
24802 -0.000280
24803 -0.000280
24804 -0.000280
24805 -0.000280
24806 -0.000280
24807 -0.000280
24808 -0.000280
24809 -0.000280
24810 -0.000280
24811 -0.000280
24812 -0.000280
24813 -0.000280
24814 -0.000280
24815 -0.000280
24816 -0.000280
24818 -0.000281
24820 -0.000277
24821 -0.000279
24822 -0.000280
24823 -0.000280
24824 -0.000280
24825 -0.000280
24826 -0.000280
24827 -0.000280
24828 -0.000280
24829 -0.000280
24830 -0.000280
24831 -0.000280
24832 -0.000280
24833 -0.000280
24834 -0.000280
24835 -0.000280
24837 -0.000282
24838 -0.000280
24839 -0.000280
24840 -0.000280
24841 -0.000280
24842 -0.000280
24843 -0.000280
24844 -0.000280
24845 -0.000280
24846 -0.000280
24847 -0.000280
24848 -0.000280
24849 -0.000280
24850 -0.000280
24851 -0.000280
24852 -0.000280
24853 -0.000280
24854 -0.000280
24855 -0.000280
24856 -0.000280
24857 -0.000280
24858 -0.000280
24859 -0.000280
24860 -0.000280
24861 -0.000280
24862 -0.000280
24863 -0.000280
24864 -0.000280
24865 -0.000280
24866 -0.000280
24867 -0.000280
24868 -0.000280
24870 -0.000280
24872 -0.000282
24873 -0.000281
24874 -0.000280
24875 -0.000280
24876 -0.000280
24878 -0.000279
24879 -0.000280
24880 -0.000280
24881 -0.000280
24882 -0.000280
24883 -0.000280
24885 -0.000280
24886 -0.000281
24887 -0.000280
24888 -0.000279
24890 -0.000276
24891 -0.000278
24892 -0.000277
24893 -0.000280
24894 -0.000280
24896 -0.000281
24897 -0.000279
24898 -0.000279
24899 -0.000280
24901 -0.000278
24902 -0.000279
24903 -0.000279
24904 -0.000279
24905 -0.000279
24906 -0.000279
24907 -0.000279
24908 -0.000279
24909 -0.000279
24910 -0.000279
24912 -0.000277
24913 -0.000279
24914 -0.000279
24915 -0.000279
24916 -0.000279
24918 -0.000275
24919 -0.000277
24920 -0.000279
24921 -0.000280
24922 -0.000279
24923 -0.000279
24924 -0.000279
24925 -0.000279
24926 -0.000279
24927 -0.000279
24929 -0.000281
24930 -0.000279
24931 -0.000279
24932 -0.000279
24933 -0.000279
24934 -0.000279
24936 -0.000284
24937 -0.000279
24939 -0.000283
24941 -0.000281
24942 -0.000279
24943 -0.000279
24945 -0.000278
24946 -0.000279
24947 -0.000279
24948 -0.000279
24949 -0.000279
24950 -0.000279
24951 -0.000279
24952 -0.000279
24953 -0.000279
24954 -0.000279
24955 -0.000279
24956 -0.000279
24957 -0.000279
24958 -0.000279
24959 -0.000279
24960 -0.000279
24961 -0.000279
24962 -0.000279
24963 -0.000279
24964 -0.000279
24965 -0.000279
24966 -0.000279
24967 -0.000279
24968 -0.000279
24969 -0.000279
24970 -0.000279
24971 -0.000279
24972 -0.000279
24973 -0.000279
24974 -0.000279
24975 -0.000279
24976 -0.000279
24977 -0.000279
24978 -0.000279
24979 -0.000279
24980 -0.000279
24981 -0.000279
24982 -0.000279
24983 -0.000279
24984 -0.000279
24985 -0.000279
24986 -0.000279
24987 -0.000279
24988 -0.000279
24989 -0.000279
24990 -0.000279
24991 -0.000279
24992 -0.000279
24993 -0.000279
24994 -0.000279
24995 -0.000279
24997 -0.000279
24998 -0.000279
24999 -0.000279
25000 -0.000279
25001 -0.000279
25002 -0.000279
25003 -0.000279
25004 -0.000279
25006 -0.000285
25007 -0.000279
25008 -0.000279
25009 -0.000279
25010 -0.000279
25011 -0.000279
25012 -0.000279
25014 -0.000275
25015 -0.000280
25016 -0.000279
25017 -0.000279
25018 -0.000279
25019 -0.000279
25021 -0.000281
25022 -0.000279
25023 -0.000279
25024 -0.000279
25025 -0.000279
25026 -0.000279
25027 -0.000279
25028 -0.000279
25029 -0.000279
25030 -0.000279
25031 -0.000279
25032 -0.000279
25033 -0.000279
25034 -0.000279
25035 -0.000279
25036 -0.000279
25037 -0.000279
25038 -0.000279
25039 -0.000279
25040 -0.000279
25041 -0.000279
25042 -0.000279
25043 -0.000279
25044 -0.000279
25045 -0.000279
25046 -0.000279
25047 -0.000279
25048 -0.000279
25049 -0.000279
25050 -0.000279
25051 -0.000279
25052 -0.000279
25053 -0.000279
25055 -0.000276
25057 -0.000280
25058 -0.000279
25059 -0.000279
25060 -0.000279
25061 -0.000279
25062 -0.000279
25063 -0.000279
25064 -0.000279
25066 -0.000278
25067 -0.000279
25068 -0.000279
25069 -0.000279
25070 -0.000279
25071 -0.000279
25072 -0.000279
25073 -0.000279
25074 -0.000279
25075 -0.000279
25076 -0.000279
25077 -0.000279
25078 -0.000279
25079 -0.000279
25080 -0.000279
25081 -0.000279
25082 -0.000279
25083 -0.000279
25084 -0.000279
25085 -0.000279
25086 -0.000279
25087 -0.000279
25088 -0.000279
25089 -0.000279
25090 -0.000279
25091 -0.000279
25092 -0.000279
25093 -0.000279
25094 -0.000279
25095 -0.000279
25096 -0.000279
25097 -0.000279
25098 -0.000279
25099 -0.000279
25100 -0.000279
25101 -0.000279
25102 -0.000279
25103 -0.000279
25104 -0.000279
25105 -0.000279
25106 -0.000279
25107 -0.000279
25108 -0.000279
25110 -0.000278
25111 -0.000279
25112 -0.000279
25113 -0.000279
25114 -0.000279
25115 -0.000279
25116 -0.000279
25117 -0.000279
25118 -0.000279
25119 -0.000279
25120 -0.000279
25121 -0.000279
25122 -0.000279
25123 -0.000279
25124 -0.000279
25125 -0.000279
25126 -0.000279
25127 -0.000279
25128 -0.000279
25129 -0.000279
25131 -0.000278
25132 -0.000279
25133 -0.000278
25134 -0.000279
25137 -0.000278
25138 -0.000278
25139 -0.000278
25140 -0.000279
25141 -0.000278
25142 -0.000278
25143 -0.000278
25144 -0.000278
25145 -0.000278
25146 -0.000278
25147 -0.000278
25148 -0.000278
25149 -0.000278
25150 -0.000278
25151 -0.000278
25153 -0.000277
25154 -0.000278
25155 -0.000278
25157 -0.000278
25158 -0.000278
25159 -0.000279
25160 -0.000278
25161 -0.000278
25162 -0.000278
25163 -0.000278
25164 -0.000278
25165 -0.000278
25167 -0.000280
25168 -0.000278
25169 -0.000278
25171 -0.000282
25172 -0.000278
25173 -0.000278
25174 -0.000278
25175 -0.000278
25176 -0.000278
25177 -0.000278
25178 -0.000278
25179 -0.000278
25180 -0.000278
25181 -0.000278
25182 -0.000278
25183 -0.000278
25184 -0.000278
25185 -0.000278
25186 -0.000278
25187 -0.000278
25189 -0.000277
25190 -0.000277
25191 -0.000278
25192 -0.000278
25193 -0.000278
25194 -0.000278
25195 -0.000278
25196 -0.000278
25197 -0.000278
25198 -0.000278
25199 -0.000278
25200 -0.000278
25201 -0.000278
25202 -0.000278
25204 -0.000281
25205 -0.000278
25206 -0.000278
25207 -0.000278
25208 -0.000278
25210 -0.000275
25211 -0.000278
25212 -0.000278
25213 -0.000278
25214 -0.000278
25215 -0.000278
25216 -0.000278
25217 -0.000278
25219 -0.000276
25220 -0.000278
25221 -0.000278
25222 -0.000278
25223 -0.000278
25225 -0.000276
25226 -0.000278
25227 -0.000278
25228 -0.000278
25229 -0.000278
25230 -0.000278
25231 -0.000278
25232 -0.000278
25233 -0.000278
25234 -0.000278
25235 -0.000278
25236 -0.000278
25237 -0.000278
25238 -0.000278
25239 -0.000278
25240 -0.000278
25241 -0.000278
25242 -0.000278
25243 -0.000278
25244 -0.000278
25245 -0.000278
25246 -0.000278
25247 -0.000278
25248 -0.000278
25249 -0.000278
25250 -0.000278
25252 -0.000278
25253 -0.000277
25254 -0.000278
25256 -0.000279
25257 -0.000279
25258 -0.000278
25259 -0.000278
25260 -0.000278
25261 -0.000278
25262 -0.000278
25263 -0.000278
25265 -0.000274
25267 -0.000279
25268 -0.000278
25269 -0.000278
25270 -0.000278
25271 -0.000278
25272 -0.000278
25273 -0.000278
25274 -0.000278
25275 -0.000278
25278 -0.000280
25279 -0.000278
25280 -0.000278
25281 -0.000278
25282 -0.000278
25283 -0.000278
25284 -0.000278
25285 -0.000278
25286 -0.000278
25287 -0.000278
25288 -0.000278
25289 -0.000278
25290 -0.000278
25292 -0.000280
25293 -0.000278
25294 -0.000278
25295 -0.000278
25296 -0.000278
25297 -0.000278
25298 -0.000278
25299 -0.000278
25300 -0.000278
25301 -0.000278
25302 -0.000278
25303 -0.000278
25304 -0.000278
25305 -0.000278
25306 -0.000278
25307 -0.000278
25308 -0.000278
25309 -0.000278
25310 -0.000278
25312 -0.000279
25313 -0.000278
25315 -0.000280
25317 -0.000279
25319 -0.000275
25320 -0.000279
25321 -0.000278
25322 -0.000278
25323 -0.000278
25324 -0.000278
25325 -0.000278
25327 -0.000279
25328 -0.000279
25329 -0.000278
25330 -0.000278
25331 -0.000278
25332 -0.000278
25333 -0.000278
25334 -0.000278
25335 -0.000278
25336 -0.000278
25337 -0.000278
25338 -0.000278
25339 -0.000278
25340 -0.000278
25341 -0.000278
25343 -0.000277
25344 -0.000277
25345 -0.000277
25346 -0.000278
25347 -0.000277
25348 -0.000277
25349 -0.000277
25350 -0.000277
25351 -0.000277
25352 -0.000277
25354 -0.000278
25355 -0.000278
25356 -0.000277
25358 -0.000275
25359 -0.000277
25360 -0.000278
25361 -0.000277
25362 -0.000277
25363 -0.000277
25364 -0.000277
25365 -0.000277
25367 -0.000275
25368 -0.000278
25369 -0.000277
25371 -0.000278
25373 -0.000278
25374 -0.000278
25375 -0.000277
25378 -0.000279
25379 -0.000277
25380 -0.000278
25382 -0.000277
25384 -0.000280
25385 -0.000277
25386 -0.000277
25387 -0.000277
25388 -0.000277
25389 -0.000277
25390 -0.000277
25391 -0.000277
25393 -0.000277
25394 -0.000277
25395 -0.000277
25396 -0.000277
25397 -0.000277
25398 -0.000277
25399 -0.000277
25400 -0.000277
25401 -0.000277
25402 -0.000277
25403 -0.000277
25404 -0.000277
25405 -0.000277
25407 -0.000277
25408 -0.000277
25409 -0.000277
25410 -0.000277
25411 -0.000277
25412 -0.000277
25413 -0.000277
25415 -0.000276
25417 -0.000275
25418 -0.000277
25419 -0.000276
25420 -0.000277
25421 -0.000277
25422 -0.000277
25424 -0.000281
25425 -0.000277
25426 -0.000277
25427 -0.000277
25429 -0.000279
25430 -0.000277
25432 -0.000276
25433 -0.000277
25434 -0.000277
25435 -0.000277
25438 -0.000272
25439 -0.000278
25440 -0.000277
25441 -0.000277
25443 -0.000276
25444 -0.000276
25445 -0.000277
25446 -0.000277
25447 -0.000277
25448 -0.000277
25449 -0.000277
25450 -0.000277
25451 -0.000277
25454 -0.000281
25455 -0.000277
25456 -0.000277
25457 -0.000276
25458 -0.000277
25459 -0.000277
25460 -0.000277
25461 -0.000277
25462 -0.000277
25463 -0.000277
25464 -0.000277
25466 -0.000273
25467 -0.000277
25470 -0.000279
25472 -0.000278
25473 -0.000276
25475 -0.000271
25476 -0.000276
25477 -0.000276
25478 -0.000276
25479 -0.000276
25480 -0.000276
25481 -0.000276
25482 -0.000276
25483 -0.000276
25484 -0.000276
25485 -0.000276
25486 -0.000276
25487 -0.000276
25488 -0.000276
25489 -0.000276
25490 -0.000276
25491 -0.000276
25493 -0.000275
25494 -0.000277
25495 -0.000276
25496 -0.000276
25498 -0.000275
25500 -0.000278
25501 -0.000276
25502 -0.000276
25503 -0.000276
25504 -0.000276
25505 -0.000276
25506 -0.000276
25507 -0.000276
25508 -0.000276
25509 -0.000276
25511 -0.000274
25512 -0.000276
25514 -0.000277
25515 -0.000276
25516 -0.000276
25517 -0.000276
25519 -0.000279
25520 -0.000276
25522 -0.000274
25523 -0.000276
25524 -0.000276
25525 -0.000276
25526 -0.000276
25527 -0.000276
25528 -0.000276
25529 -0.000276
25530 -0.000276
25531 -0.000276
25532 -0.000276
25533 -0.000276
25534 -0.000276
25535 -0.000276
25536 -0.000276
25537 -0.000276
25538 -0.000276
25539 -0.000276
25541 -0.000269
25542 -0.000276
25543 -0.000276
25544 -0.000276
25545 -0.000276
25546 -0.000276
25547 -0.000276
25548 -0.000276
25549 -0.000276
25550 -0.000276
25551 -0.000276
25552 -0.000276
25553 -0.000276
25554 -0.000276
25555 -0.000276
25556 -0.000276
25557 -0.000276
25558 -0.000276
25559 -0.000276
25560 -0.000276
25561 -0.000276
25562 -0.000276
25563 -0.000276
25564 -0.000276
25566 -0.000275
25567 -0.000276
25568 -0.000276
25569 -0.000276
25570 -0.000276
25571 -0.000276
25572 -0.000276
25573 -0.000276
25574 -0.000276
25575 -0.000276
25576 -0.000276
25577 -0.000276
25578 -0.000276
25579 -0.000276
25580 -0.000276
25581 -0.000276
25582 -0.000276
25583 -0.000276
25584 -0.000276
25586 -0.000277
25588 -0.000278
25589 -0.000276
25590 -0.000276
25591 -0.000276
25592 -0.000276
25594 -0.000278
25595 -0.000276
25596 -0.000276
25597 -0.000276
25598 -0.000276
25599 -0.000276
25600 -0.000276
25601 -0.000276
25602 -0.000276
25604 -0.000277
25605 -0.000276
25606 -0.000276
25607 -0.000276
25609 -0.000277
25610 -0.000275
25611 -0.000276
25612 -0.000276
25613 -0.000276
25614 -0.000276
25615 -0.000276
25616 -0.000276
25617 -0.000276
25618 -0.000276
25620 -0.000273
25621 -0.000275
25622 -0.000276
25623 -0.000275
25624 -0.000276
25625 -0.000276
25626 -0.000276
25627 -0.000276
25628 -0.000276
25629 -0.000276
25630 -0.000276
25631 -0.000276
25632 -0.000276
25633 -0.000276
25634 -0.000276
25635 -0.000276
25636 -0.000276
25637 -0.000276
25638 -0.000276
25640 -0.000279
25641 -0.000275
25642 -0.000276
25643 -0.000275
25644 -0.000276
25645 -0.000276
25646 -0.000276
25647 -0.000276
25648 -0.000276
25650 -0.000277
25651 -0.000276
25652 -0.000275
25654 -0.000277
25655 -0.000275
25656 -0.000275
25657 -0.000276
25658 -0.000275
25659 -0.000275
25661 -0.000276
25662 -0.000275
25663 -0.000275
25664 -0.000275
25665 -0.000275
25666 -0.000275
25667 -0.000275
25669 -0.000278
25670 -0.000275
25671 -0.000276
25672 -0.000275
25673 -0.000275
25674 -0.000275
25675 -0.000275
25676 -0.000275
25677 -0.000275
25678 -0.000275
25679 -0.000275
25680 -0.000275
25682 -0.000278
25683 -0.000275
25685 -0.000276
25686 -0.000274
25687 -0.000275
25688 -0.000275
25690 -0.000280
25691 -0.000278
25692 -0.000275
25693 -0.000275
25694 -0.000275
25695 -0.000275
25696 -0.000275
25697 -0.000275
25698 -0.000275
25699 -0.000275
25700 -0.000275
25701 -0.000275
25702 -0.000275
25705 -0.000277
25706 -0.000275
25708 -0.000274
25709 -0.000275
25710 -0.000275
25711 -0.000275
25712 -0.000275
25713 -0.000275
25714 -0.000275
25715 -0.000275
25716 -0.000275
25717 -0.000275
25718 -0.000275
25719 -0.000275
25720 -0.000275
25721 -0.000275
25723 -0.000275
25724 -0.000275
25726 -0.000273
25729 -0.000275
25730 -0.000275
25731 -0.000275
25732 -0.000275
25733 -0.000275
25734 -0.000275
25735 -0.000275
25736 -0.000275
25737 -0.000275
25738 -0.000275
25739 -0.000275
25740 -0.000275
25741 -0.000275
25742 -0.000275
25743 -0.000275
25744 -0.000275
25745 -0.000275
25746 -0.000275
25747 -0.000275
25748 -0.000275
25749 -0.000275
25751 -0.000272
25752 -0.000275
25753 -0.000275
25754 -0.000275
25755 -0.000275
25756 -0.000275
25757 -0.000275
25758 -0.000275
25759 -0.000275
25760 -0.000275
25762 -0.000276
25763 -0.000275
25764 -0.000275
25765 -0.000275
25766 -0.000275
25767 -0.000275
25768 -0.000275
25769 -0.000275
25770 -0.000275
25772 -0.000269
25773 -0.000276
25774 -0.000275
25775 -0.000275
25776 -0.000275
25777 -0.000275
25778 -0.000275
25779 -0.000275
25780 -0.000275
25781 -0.000275
25782 -0.000275
25783 -0.000275
25784 -0.000275
25785 -0.000275
25786 -0.000275
25787 -0.000275
25788 -0.000275
25789 -0.000275
25790 -0.000275
25791 -0.000275
25792 -0.000275
25793 -0.000275
25795 -0.000272
25796 -0.000275
25797 -0.000274
25798 -0.000275
25799 -0.000275
25800 -0.000275
25801 -0.000275
25802 -0.000275
25803 -0.000275
25804 -0.000275
25805 -0.000275
25806 -0.000275
25807 -0.000275
25808 -0.000275
25809 -0.000275
25810 -0.000275
25811 -0.000275
25812 -0.000275
25813 -0.000275
25815 -0.000275
25816 -0.000274
25817 -0.000274
25818 -0.000275
25819 -0.000275
25820 -0.000275
25822 -0.000276
25823 -0.000275
25824 -0.000275
25825 -0.000275
25826 -0.000275
25827 -0.000275
25828 -0.000275
25829 -0.000275
25830 -0.000275
25831 -0.000275
25832 -0.000275
25833 -0.000275
25834 -0.000275
25835 -0.000275
25836 -0.000275
25837 -0.000275
25838 -0.000275
25839 -0.000275
25840 -0.000275
25841 -0.000275
25842 -0.000275
25843 -0.000275
25844 -0.000275
25846 -0.000275
25848 -0.000275
25849 -0.000275
25850 -0.000274
25851 -0.000275
25853 -0.000269
25854 -0.000274
25855 -0.000274
25857 -0.000275
25858 -0.000274
25859 -0.000274
25860 -0.000275
25862 -0.000275
25863 -0.000274
25864 -0.000275
25866 -0.000273
25867 -0.000274
25868 -0.000274
25869 -0.000274
25870 -0.000274
25871 -0.000274
25872 -0.000274
25873 -0.000274
25874 -0.000274
25875 -0.000274
25876 -0.000274
25877 -0.000274
25878 -0.000274
25879 -0.000274
25880 -0.000274
25881 -0.000274
25882 -0.000274
25883 -0.000274
25885 -0.000273
25886 -0.000273
25887 -0.000274
25888 -0.000274
25889 -0.000274
25890 -0.000274
25891 -0.000274
25892 -0.000274
25893 -0.000274
25894 -0.000274
25895 -0.000274
25896 -0.000274
25897 -0.000274
25900 -0.000271
25901 -0.000274
25902 -0.000274
25903 -0.000274
25904 -0.000274
25905 -0.000274
25906 -0.000274
25907 -0.000274
25908 -0.000274
25909 -0.000274
25910 -0.000274
25911 -0.000274
25912 -0.000274
25913 -0.000274
25914 -0.000274
25915 -0.000274
25917 -0.000270
25918 -0.000273
25919 -0.000274
25920 -0.000274
25921 -0.000274
25922 -0.000274
25923 -0.000274
25924 -0.000274
25925 -0.000274
25926 -0.000274
25927 -0.000274
25928 -0.000274
25929 -0.000274
25930 -0.000274
25931 -0.000274
25932 -0.000274
25933 -0.000274
25934 -0.000274
25935 -0.000274
25936 -0.000274
25937 -0.000274
25938 -0.000274
25939 -0.000274
25940 -0.000274
25941 -0.000274
25943 -0.000273
25944 -0.000274
25945 -0.000274
25946 -0.000274
25947 -0.000274
25948 -0.000274
25949 -0.000274
25950 -0.000274
25951 -0.000274
25952 -0.000274
25953 -0.000274
25954 -0.000274
25955 -0.000274
25956 -0.000274
25957 -0.000274
25958 -0.000274
25959 -0.000274
25960 -0.000274
25961 -0.000274
25962 -0.000274
25963 -0.000274
25964 -0.000274
25966 -0.000276
25967 -0.000274
25969 -0.000270
25970 -0.000274
25971 -0.000274
25972 -0.000274
25973 -0.000274
25974 -0.000274
25975 -0.000274
25976 -0.000274
25977 -0.000274
25978 -0.000274
25979 -0.000274
25981 -0.000270
25982 -0.000274
25985 -0.000273
25986 -0.000273
25987 -0.000275
25988 -0.000274
25989 -0.000274
25990 -0.000274
25991 -0.000274
25992 -0.000274
25993 -0.000274
25994 -0.000274
25995 -0.000274
25996 -0.000274
25997 -0.000274
25998 -0.000274
25999 -0.000274
26000 -0.000274
26001 -0.000274
26002 -0.000274
26003 -0.000274
26004 -0.000274
26005 -0.000274
26006 -0.000274
26007 -0.000274
26008 -0.000274
26009 -0.000274
26010 -0.000274
26011 -0.000274
26012 -0.000274
26013 -0.000274
26014 -0.000274
26015 -0.000274
26016 -0.000274
26017 -0.000274
26018 -0.000274
26019 -0.000274
26020 -0.000274
26021 -0.000274
26022 -0.000274
26023 -0.000274
26024 -0.000274
26025 -0.000274
26026 -0.000274
26027 -0.000274
26028 -0.000274
26031 -0.000274
26032 -0.000273
26033 -0.000274
26034 -0.000274
26035 -0.000274
26036 -0.000274
26037 -0.000274
26038 -0.000274
26039 -0.000274
26041 -0.000275
26042 -0.000273
26043 -0.000274
26044 -0.000274
26045 -0.000274
26046 -0.000274
26047 -0.000274
26048 -0.000274
26049 -0.000274
26050 -0.000274
26051 -0.000274
26052 -0.000274
26053 -0.000274
26054 -0.000274
26055 -0.000274
26057 -0.000277
26058 -0.000273
26059 -0.000274
26060 -0.000274
26061 -0.000274
26063 -0.000275
26064 -0.000274
26065 -0.000274
26067 -0.000276
26069 -0.000275
26070 -0.000273
26072 -0.000271
26073 -0.000273
26074 -0.000274
26075 -0.000273
26076 -0.000274
26077 -0.000274
26078 -0.000274
26079 -0.000274
26082 -0.000273
26083 -0.000272
26084 -0.000273
26085 -0.000274
26086 -0.000273
26087 -0.000273
26089 -0.000274
26090 -0.000273
26092 -0.000277
26093 -0.000273
26094 -0.000273
26095 -0.000273
26096 -0.000273
26097 -0.000273
26098 -0.000273
26099 -0.000273
26100 -0.000273
26101 -0.000273
26102 -0.000273
26103 -0.000273
26104 -0.000273
26105 -0.000273
26106 -0.000273
26107 -0.000273
26108 -0.000273
26109 -0.000273
26110 -0.000273
26111 -0.000273
26112 -0.000273
26113 -0.000273
26114 -0.000273
26115 -0.000273
26116 -0.000273
26117 -0.000273
26118 -0.000273
26119 -0.000273
26120 -0.000273
26121 -0.000273
26122 -0.000273
26123 -0.000273
26124 -0.000273
26125 -0.000273
26126 -0.000273
26127 -0.000273
26128 -0.000273
26129 -0.000273
26130 -0.000273
26131 -0.000273
26132 -0.000273
26133 -0.000273
26134 -0.000273
26135 -0.000273
26137 -0.000275
26138 -0.000273
26140 -0.000275
26141 -0.000272
26142 -0.000274
26143 -0.000273
26145 -0.000271
26146 -0.000274
26147 -0.000273
26148 -0.000273
26149 -0.000273
26150 -0.000273
26151 -0.000273
26152 -0.000273
26153 -0.000273
26154 -0.000273
26156 -0.000272
26157 -0.000272
26158 -0.000273
26159 -0.000273
26160 -0.000273
26161 -0.000273
26162 -0.000273
26164 -0.000272
26166 -0.000273
26169 -0.000279
26170 -0.000273
26171 -0.000273
26172 -0.000273
26173 -0.000273
26174 -0.000273
26175 -0.000273
26176 -0.000273
26177 -0.000273
26178 -0.000273
26179 -0.000273
26180 -0.000273
26181 -0.000273
26183 -0.000272
26184 -0.000272
26185 -0.000273
26186 -0.000273
26188 -0.000268
26189 -0.000273
26190 -0.000273
26191 -0.000273
26192 -0.000273
26193 -0.000273
26194 -0.000273
26196 -0.000273
26197 -0.000273
26199 -0.000272
26200 -0.000273
26201 -0.000273
26202 -0.000273
26204 -0.000271
26205 -0.000273
26206 -0.000273
26208 -0.000272
26210 -0.000275
26211 -0.000273
26212 -0.000273
26214 -0.000274
26215 -0.000273
26216 -0.000273
26217 -0.000273
26218 -0.000273
26219 -0.000273
26220 -0.000273
26221 -0.000273
26222 -0.000273
26224 -0.000274
26225 -0.000273
26226 -0.000272
26227 -0.000273
26228 -0.000273
26229 -0.000273
26230 -0.000273
26231 -0.000273
26232 -0.000273
26233 -0.000273
26234 -0.000273
26235 -0.000273
26236 -0.000273
26237 -0.000273
26238 -0.000273
26239 -0.000273
26240 -0.000273
26241 -0.000273
26242 -0.000273
26243 -0.000273
26244 -0.000273
26245 -0.000273
26246 -0.000273
26247 -0.000273
26249 -0.000269
26250 -0.000272
26251 -0.000273
26252 -0.000273
26253 -0.000273
26254 -0.000273
26257 -0.000275
26258 -0.000273
26259 -0.000273
26260 -0.000272
26261 -0.000272
26262 -0.000272
26263 -0.000272
26266 -0.000274
26267 -0.000271
26268 -0.000272
26269 -0.000272
26270 -0.000272
26271 -0.000272
26272 -0.000272
26273 -0.000272
26274 -0.000272
26276 -0.000272
26278 -0.000269
26280 -0.000275
26281 -0.000273
26282 -0.000272
26283 -0.000272
26284 -0.000272
26285 -0.000272
26286 -0.000272
26287 -0.000272
26288 -0.000272
26289 -0.000272
26290 -0.000272
26291 -0.000272
26292 -0.000272
26293 -0.000272
26294 -0.000272
26295 -0.000272
26296 -0.000272
26297 -0.000272
26298 -0.000272
26299 -0.000272
26301 -0.000271
26302 -0.000271
26303 -0.000272
26304 -0.000272
26305 -0.000272
26306 -0.000272
26307 -0.000272
26308 -0.000272
26310 -0.000276
26312 -0.000269
26313 -0.000271
26315 -0.000279
26316 -0.000271
26317 -0.000272
26318 -0.000272
26319 -0.000272
26320 -0.000272
26321 -0.000272
26322 -0.000272
26323 -0.000272
26324 -0.000272
26325 -0.000272
26326 -0.000272
26327 -0.000272
26328 -0.000272
26330 -0.000273
26331 -0.000273
26332 -0.000272
26333 -0.000272
26335 -0.000273
26336 -0.000272
26337 -0.000272
26338 -0.000272
26339 -0.000272
26340 -0.000272
26341 -0.000272
26342 -0.000272
26343 -0.000272
26344 -0.000272
26345 -0.000272
26346 -0.000272
26347 -0.000272
26348 -0.000272
26349 -0.000272
26350 -0.000272
26351 -0.000272
26352 -0.000272
26354 -0.000267
26355 -0.000272
26357 -0.000272
26360 -0.000264
26361 -0.000271
26363 -0.000276
26364 -0.000273
26365 -0.000272
26366 -0.000272
26367 -0.000272
26368 -0.000272
26369 -0.000272
26370 -0.000272
26371 -0.000272
26372 -0.000272
26373 -0.000272
26374 -0.000272
26375 -0.000272
26376 -0.000272
26377 -0.000272
26379 -0.000266
26381 -0.000272
26382 -0.000271
26385 -0.000274
26386 -0.000271
26387 -0.000271
26388 -0.000272
26389 -0.000272
26390 -0.000272
26391 -0.000272
26392 -0.000272
26393 -0.000272
26394 -0.000272
26395 -0.000272
26397 -0.000270
26398 -0.000271
26399 -0.000271
26400 -0.000271
26401 -0.000272
26402 -0.000272
26404 -0.000267
26405 -0.000273
26407 -0.000272
26408 -0.000270
26409 -0.000272
26410 -0.000271
26411 -0.000271
26413 -0.000273
26414 -0.000271
26415 -0.000271
26416 -0.000271
26417 -0.000271
26418 -0.000271
26420 -0.000276
26421 -0.000272
26422 -0.000272
26423 -0.000272
26424 -0.000271
26425 -0.000271
26427 -0.000271
26428 -0.000272
26429 -0.000271
26430 -0.000271
26431 -0.000271
26432 -0.000271
26433 -0.000271
26435 -0.000273
26437 -0.000271
26438 -0.000271
26439 -0.000271
26440 -0.000271
26441 -0.000271
26442 -0.000271
26443 -0.000271
26444 -0.000271
26445 -0.000271
26446 -0.000271
26447 -0.000271
26448 -0.000271
26449 -0.000271
26450 -0.000271
26451 -0.000271
26452 -0.000271
26453 -0.000271
26454 -0.000271
26455 -0.000271
26456 -0.000271
26457 -0.000271
26458 -0.000271
26459 -0.000271
26460 -0.000271
26461 -0.000271
26462 -0.000271
26464 -0.000274
26465 -0.000272
26466 -0.000271
26467 -0.000271
26468 -0.000271
26469 -0.000271
26470 -0.000271
26471 -0.000271
26472 -0.000271
26473 -0.000271
26475 -0.000268
26477 -0.000272
26478 -0.000271
26479 -0.000271
26480 -0.000271
26481 -0.000271
26483 -0.000270
26484 -0.000271
26485 -0.000271
26486 -0.000271
26487 -0.000271
26489 -0.000273
26490 -0.000271
26491 -0.000271
26492 -0.000271
26493 -0.000271
26494 -0.000271
26495 -0.000271
26496 -0.000271
26497 -0.000271
26498 -0.000271
26499 -0.000271
26503 -0.000271
26504 -0.000271
26505 -0.000271
26506 -0.000271
26507 -0.000271
26508 -0.000271
26509 -0.000271
26510 -0.000271
26511 -0.000271
26512 -0.000271
26513 -0.000271
26516 -0.000269
26517 -0.000271
26520 -0.000278
26521 -0.000270
26522 -0.000271
26523 -0.000271
26524 -0.000271
26525 -0.000271
26526 -0.000271
26527 -0.000271
26528 -0.000271
26529 -0.000271
26531 -0.000272
26532 -0.000270
26533 -0.000271
26535 -0.000271
26537 -0.000271
26539 -0.000272
26540 -0.000271
26541 -0.000271
26542 -0.000271
26545 -0.000270
26546 -0.000269
26549 -0.000272
26550 -0.000270
26551 -0.000270
26552 -0.000270
26553 -0.000270
26554 -0.000270
26556 -0.000269
26557 -0.000270
26558 -0.000270
26559 -0.000270
26560 -0.000270
26561 -0.000270
26562 -0.000270
26563 -0.000270
26564 -0.000270
26565 -0.000270
26566 -0.000270
26567 -0.000270
26568 -0.000270
26569 -0.000270
26570 -0.000270
26571 -0.000270
26572 -0.000270
26573 -0.000270
26574 -0.000270
26575 -0.000270
26576 -0.000270
26577 -0.000270
26578 -0.000270
26579 -0.000270
26580 -0.000270
26581 -0.000270
26582 -0.000270
26585 -0.000268
26586 -0.000268
26587 -0.000270
26588 -0.000270
26589 -0.000270
26590 -0.000270
26591 -0.000270
26592 -0.000270
26594 -0.000271
26595 -0.000269
26596 -0.000270
26598 -0.000262
26600 -0.000269
26601 -0.000270
26602 -0.000270
26603 -0.000270
26604 -0.000270
26606 -0.000270
26607 -0.000269
26608 -0.000270
26609 -0.000270
26611 -0.000271
26612 -0.000269
26613 -0.000270
26614 -0.000270
26616 -0.000269
26617 -0.000271
26618 -0.000270
26619 -0.000270
26620 -0.000270
26621 -0.000270
26622 -0.000270
26623 -0.000270
26624 -0.000270
26625 -0.000270
26626 -0.000270
26627 -0.000270
26628 -0.000270
26629 -0.000270
26631 -0.000270
26632 -0.000270
26633 -0.000270
26634 -0.000270
26636 -0.000269
26637 -0.000270
26638 -0.000270
26639 -0.000270
26640 -0.000270
26641 -0.000270
26642 -0.000270
26643 -0.000270
26644 -0.000270
26645 -0.000270
26646 -0.000270
26647 -0.000270
26648 -0.000270
26649 -0.000270
26650 -0.000270
26651 -0.000270
26652 -0.000270
26653 -0.000270
26654 -0.000270
26655 -0.000270
26656 -0.000270
26657 -0.000270
26658 -0.000270
26659 -0.000270
26660 -0.000270
26661 -0.000270
26662 -0.000270
26663 -0.000270
26664 -0.000270
26665 -0.000270
26667 -0.000267
26669 -0.000269
26670 -0.000270
26671 -0.000270
26672 -0.000270
26673 -0.000270
26674 -0.000270
26675 -0.000270
26676 -0.000270
26677 -0.000270
26678 -0.000270
26679 -0.000270
26680 -0.000270
26681 -0.000270
26682 -0.000270
26684 -0.000270
26685 -0.000270
26686 -0.000269
26688 -0.000268
26689 -0.000269
26691 -0.000268
26692 -0.000270
26693 -0.000270
26695 -0.000267
26696 -0.000269
26698 -0.000267
26699 -0.000269
26701 -0.000268
26702 -0.000269
26703 -0.000270
26704 -0.000270
26705 -0.000270
26706 -0.000270
26707 -0.000270
26708 -0.000270
26709 -0.000270
26710 -0.000270
26711 -0.000270
26712 -0.000270
26713 -0.000270
26714 -0.000270
26715 -0.000270
26716 -0.000270
26717 -0.000270
26718 -0.000270
26719 -0.000270
26720 -0.000270
26721 -0.000270
26722 -0.000270
26723 -0.000270
26724 -0.000270
26725 -0.000270
26726 -0.000270
26727 -0.000270
26728 -0.000270
26729 -0.000270
26730 -0.000270
26731 -0.000270
26732 -0.000270
26733 -0.000270
26734 -0.000270
26735 -0.000270
26736 -0.000270
26737 -0.000270
26738 -0.000270
26739 -0.000270
26740 -0.000270
26741 -0.000270
26742 -0.000270
26743 -0.000270
26744 -0.000270
26746 -0.000269
26747 -0.000267
26750 -0.000268
26751 -0.000270
26752 -0.000269
26753 -0.000269
26755 -0.000275
26756 -0.000269
26757 -0.000270
26758 -0.000269
26759 -0.000269
26761 -0.000274
26762 -0.000269
26763 -0.000269
26764 -0.000269
26765 -0.000269
26766 -0.000269
26767 -0.000269
26769 -0.000268
26770 -0.000269
26771 -0.000269
26772 -0.000269
26773 -0.000269
26774 -0.000269
26775 -0.000269
26776 -0.000269
26777 -0.000269
26778 -0.000269
26779 -0.000269
26780 -0.000269
26781 -0.000269
26782 -0.000269
26784 -0.000271
26785 -0.000269
26786 -0.000269
26787 -0.000269
26788 -0.000269
26789 -0.000269
26790 -0.000269
26791 -0.000269
26792 -0.000269
26793 -0.000269
26794 -0.000269
26795 -0.000269
26796 -0.000269
26797 -0.000269
26798 -0.000269
26799 -0.000269
26800 -0.000269
26801 -0.000269
26802 -0.000269
26803 -0.000269
26804 -0.000269
26805 -0.000269
26806 -0.000269
26807 -0.000269
26808 -0.000269
26809 -0.000269
26810 -0.000269
26811 -0.000269
26812 -0.000269
26813 -0.000269
26814 -0.000269
26816 -0.000269
26817 -0.000269
26818 -0.000269
26820 -0.000269
26821 -0.000269
26822 -0.000269
26823 -0.000269
26824 -0.000269
26825 -0.000269
26826 -0.000269
26827 -0.000269
26828 -0.000269
26829 -0.000269
26830 -0.000269
26831 -0.000269
26832 -0.000269
26833 -0.000269
26834 -0.000269
26835 -0.000269
26836 -0.000269
26837 -0.000269
26840 -0.000273
26841 -0.000269
26844 -0.000269
26845 -0.000269
26846 -0.000269
26847 -0.000269
26848 -0.000269
26849 -0.000269
26851 -0.000267
26852 -0.000269
26853 -0.000269
26854 -0.000269
26856 -0.000268
26857 -0.000270
26858 -0.000269
26859 -0.000269
26860 -0.000269
26861 -0.000269
26862 -0.000269
26864 -0.000272
26866 -0.000267
26867 -0.000270
26868 -0.000269
26869 -0.000269
26870 -0.000269
26871 -0.000269
26872 -0.000269
26873 -0.000269
26874 -0.000269
26875 -0.000269
26876 -0.000269
26877 -0.000269
26878 -0.000269
26879 -0.000269
26880 -0.000269
26881 -0.000269
26882 -0.000269
26883 -0.000269
26884 -0.000269
26886 -0.000266
26887 -0.000270
26888 -0.000269
26889 -0.000269
26890 -0.000269
26891 -0.000269
26892 -0.000269
26893 -0.000269
26894 -0.000269
26895 -0.000269
26896 -0.000269
26897 -0.000269
26898 -0.000269
26899 -0.000269
26900 -0.000269
26901 -0.000269
26902 -0.000269
26903 -0.000269
26904 -0.000269
26905 -0.000269
26906 -0.000269
26907 -0.000269
26908 -0.000269
26909 -0.000269
26911 -0.000274
26912 -0.000269
26913 -0.000269
26914 -0.000268
26915 -0.000269
26916 -0.000269
26917 -0.000269
26919 -0.000273
26920 -0.000269
26921 -0.000269
26922 -0.000269
26923 -0.000269
26924 -0.000269
26926 -0.000266
26927 -0.000268
26929 -0.000267
26930 -0.000269
26931 -0.000269
26932 -0.000268
26933 -0.000269
26934 -0.000269
26935 -0.000269
26936 -0.000269
26937 -0.000269
26938 -0.000269
26939 -0.000269
26940 -0.000269
26942 -0.000267
26943 -0.000268
26944 -0.000269
26945 -0.000269
26946 -0.000269
26947 -0.000269
26948 -0.000269
26949 -0.000269
26950 -0.000269
26951 -0.000269
26952 -0.000269
26953 -0.000269
26954 -0.000269
26955 -0.000269
26956 -0.000269
26957 -0.000269
26958 -0.000269
26959 -0.000269
26960 -0.000269
26961 -0.000269
26962 -0.000269
26964 -0.000269
26965 -0.000272
26966 -0.000269
26967 -0.000269
26968 -0.000268
26970 -0.000267
26971 -0.000268
26973 -0.000272
26974 -0.000268
26975 -0.000268
26977 -0.000273
26978 -0.000269
26979 -0.000269
26981 -0.000270
26982 -0.000268
26983 -0.000268
26985 -0.000268
26986 -0.000269
26988 -0.000269
26989 -0.000267
26990 -0.000268
26992 -0.000270
26993 -0.000268
26994 -0.000268
26995 -0.000268
26996 -0.000268
26997 -0.000268
26998 -0.000268
26999 -0.000268
27000 -0.000268
27001 -0.000268
27002 -0.000268
27003 -0.000268
27004 -0.000268
27005 -0.000268
27006 -0.000268
27007 -0.000268
27008 -0.000268
27009 -0.000268
27010 -0.000268
27011 -0.000268
27012 -0.000268
27013 -0.000268
27014 -0.000268
27015 -0.000268
27016 -0.000268
27017 -0.000268
27019 -0.000266
27020 -0.000268
27021 -0.000268
27022 -0.000268
27023 -0.000268
27024 -0.000268
27025 -0.000268
27026 -0.000268
27028 -0.000271
27029 -0.000268
27030 -0.000268
27031 -0.000268
27032 -0.000268
27033 -0.000268
27034 -0.000268
27036 -0.000271
27038 -0.000267
27039 -0.000268
27040 -0.000268
27042 -0.000267
27043 -0.000268
27044 -0.000268
27045 -0.000268
27046 -0.000268
27047 -0.000268
27048 -0.000268
27049 -0.000268
27051 -0.000271
27052 -0.000267
27053 -0.000268
27054 -0.000268
27056 -0.000265
27057 -0.000270
27058 -0.000268
27059 -0.000268
27060 -0.000268
27061 -0.000268
27062 -0.000268
27063 -0.000268
27064 -0.000268
27065 -0.000268
27066 -0.000268
27067 -0.000268
27069 -0.000269
27070 -0.000268
27071 -0.000268
27072 -0.000268
27073 -0.000268
27074 -0.000268
27075 -0.000268
27076 -0.000268
27077 -0.000268
27078 -0.000268
27079 -0.000268
27080 -0.000268
27081 -0.000268
27082 -0.000268
27083 -0.000268
27084 -0.000268
27085 -0.000268
27086 -0.000268
27087 -0.000268
27088 -0.000268
27089 -0.000268
27090 -0.000268
27091 -0.000268
27092 -0.000268
27093 -0.000268
27094 -0.000268
27095 -0.000268
27096 -0.000268
27098 -0.000270
27099 -0.000268
27100 -0.000268
27101 -0.000268
27102 -0.000268
27104 -0.000267
27105 -0.000268
27106 -0.000268
27107 -0.000268
27108 -0.000268
27109 -0.000268
27110 -0.000268
27111 -0.000268
27114 -0.000266
27116 -0.000269
27117 -0.000268
27118 -0.000268
27119 -0.000268
27120 -0.000267
27122 -0.000270
27123 -0.000267
27124 -0.000267
27125 -0.000268
27126 -0.000268
27127 -0.000268
27128 -0.000268
27129 -0.000268
27130 -0.000268
27131 -0.000268
27132 -0.000268
27133 -0.000268
27135 -0.000257
27136 -0.000268
27137 -0.000268
27139 -0.000268
27140 -0.000267
27142 -0.000269
27143 -0.000268
27144 -0.000267
27145 -0.000268
27146 -0.000267
27147 -0.000267
27148 -0.000267
27149 -0.000267
27151 -0.000267
27152 -0.000268
27154 -0.000266
27155 -0.000268
27156 -0.000267
27157 -0.000267
27158 -0.000267
27159 -0.000267
27161 -0.000263
27162 -0.000268
27163 -0.000267
27164 -0.000267
27167 -0.000272
27168 -0.000268
27169 -0.000267
27170 -0.000267
27171 -0.000267
27173 -0.000267
27174 -0.000266
27175 -0.000267
27176 -0.000267
27177 -0.000267
27179 -0.000265
27180 -0.000267
27181 -0.000267
27182 -0.000267
27183 -0.000267
27185 -0.000265
27186 -0.000268
27188 -0.000265
27189 -0.000267
27190 -0.000267
27191 -0.000267
27193 -0.000268
27195 -0.000264
27196 -0.000267
27197 -0.000267
27198 -0.000267
27199 -0.000267
27200 -0.000267
27201 -0.000267
27202 -0.000267
27203 -0.000267
27204 -0.000267
27205 -0.000267
27206 -0.000267
27207 -0.000267
27208 -0.000267
27209 -0.000267
27210 -0.000267
27211 -0.000267
27213 -0.000268
27214 -0.000267
27215 -0.000267
27216 -0.000267
27217 -0.000267
27218 -0.000267
27219 -0.000267
27220 -0.000267
27221 -0.000267
27222 -0.000267
27224 -0.000267
27225 -0.000268
27226 -0.000267
27227 -0.000267
27228 -0.000267
27229 -0.000267
27230 -0.000267
27231 -0.000267
27232 -0.000267
27233 -0.000267
27234 -0.000267
27235 -0.000267
27236 -0.000267
27237 -0.000267
27238 -0.000267
27239 -0.000267
27240 -0.000267
27241 -0.000267
27242 -0.000267
27243 -0.000267
27244 -0.000267
27247 -0.000268
27248 -0.000267
27249 -0.000267
27250 -0.000267
27251 -0.000267
27252 -0.000267
27253 -0.000267
27254 -0.000267
27256 -0.000263
27257 -0.000267
27258 -0.000266
27259 -0.000267
27260 -0.000267
27261 -0.000267
27262 -0.000267
27263 -0.000267
27264 -0.000267
27265 -0.000267
27266 -0.000267
27267 -0.000267
27268 -0.000267
27269 -0.000267
27270 -0.000267
27271 -0.000267
27272 -0.000267
27273 -0.000267
27275 -0.000267
27276 -0.000267
27277 -0.000267
27278 -0.000267
27280 -0.000266
27281 -0.000267
27282 -0.000266
27284 -0.000270
27285 -0.000266
27286 -0.000267
27287 -0.000267
27289 -0.000266
27290 -0.000265
27292 -0.000265
27293 -0.000267
27294 -0.000266
27295 -0.000267
27296 -0.000267
27297 -0.000267
27298 -0.000267
27299 -0.000267
27300 -0.000267
27301 -0.000267
27302 -0.000267
27303 -0.000267
27304 -0.000267
27305 -0.000267
27306 -0.000267
27307 -0.000267
27308 -0.000267
27309 -0.000267
27310 -0.000267
27311 -0.000267
27312 -0.000267
27313 -0.000267
27314 -0.000267
27315 -0.000267
27316 -0.000267
27317 -0.000267
27318 -0.000267
27320 -0.000264
27321 -0.000267
27322 -0.000267
27323 -0.000267
27324 -0.000267
27325 -0.000266
27328 -0.000266
27329 -0.000266
27330 -0.000267
27331 -0.000267
27332 -0.000267
27333 -0.000266
27334 -0.000266
27335 -0.000266
27336 -0.000266
27337 -0.000266
27338 -0.000266
27339 -0.000266
27340 -0.000266
27341 -0.000266
27342 -0.000266
27344 -0.000261
27345 -0.000265
27346 -0.000267
27347 -0.000266
27348 -0.000266
27349 -0.000266
27350 -0.000266
27351 -0.000266
27353 -0.000269
27355 -0.000267
27356 -0.000267
27357 -0.000266
27358 -0.000266
27359 -0.000266
27361 -0.000266
27362 -0.000268
27364 -0.000264
27365 -0.000267
27366 -0.000267
27367 -0.000266
27368 -0.000266
27369 -0.000266
27371 -0.000266
27373 -0.000261
27374 -0.000266
27375 -0.000266
27376 -0.000266
27377 -0.000266
27378 -0.000266
27379 -0.000266
27380 -0.000266
27381 -0.000266
27382 -0.000266
27383 -0.000266
27384 -0.000266
27385 -0.000266
27386 -0.000266
27387 -0.000266
27389 -0.000264
27390 -0.000266
27391 -0.000266
27392 -0.000266
27393 -0.000266
27394 -0.000266
27395 -0.000266
27396 -0.000266
27397 -0.000266
27398 -0.000266
27399 -0.000266
27400 -0.000266
27401 -0.000266
27402 -0.000266
27403 -0.000266
27404 -0.000266
27405 -0.000266
27406 -0.000266
27407 -0.000266
27408 -0.000266
27409 -0.000266
27410 -0.000266
27411 -0.000266
27412 -0.000266
27413 -0.000266
27414 -0.000266
27415 -0.000266
27416 -0.000266
27417 -0.000266
27418 -0.000266
27419 -0.000266
27420 -0.000266
27421 -0.000266
27422 -0.000266
27424 -0.000266
27425 -0.000266
27426 -0.000266
27428 -0.000268
27429 -0.000264
27430 -0.000266
27432 -0.000263
27433 -0.000266
27434 -0.000266
27435 -0.000266
27437 -0.000265
27438 -0.000267
27439 -0.000266
27440 -0.000266
27442 -0.000265
27443 -0.000266
27444 -0.000266
27445 -0.000266
27447 -0.000263
27448 -0.000266
27450 -0.000263
27451 -0.000266
27452 -0.000266
27454 -0.000271
27455 -0.000266
27456 -0.000266
27457 -0.000266
27458 -0.000266
27459 -0.000266
27460 -0.000266
27461 -0.000266
27463 -0.000267
27464 -0.000266
27465 -0.000266
27466 -0.000266
27467 -0.000266
27468 -0.000266
27469 -0.000266
27470 -0.000266
27472 -0.000269
27473 -0.000266
27474 -0.000266
27475 -0.000266
27477 -0.000262
27478 -0.000265
27479 -0.000266
27480 -0.000266
27481 -0.000266
27482 -0.000266
27483 -0.000266
27485 -0.000266
27486 -0.000266
27487 -0.000266
27488 -0.000266
27489 -0.000266
27490 -0.000266
27491 -0.000266
27492 -0.000266
27493 -0.000266
27494 -0.000266
27495 -0.000266
27497 -0.000266
27498 -0.000266
27499 -0.000266
27500 -0.000266
27501 -0.000266
27502 -0.000266
27503 -0.000266
27504 -0.000266
27505 -0.000266
27506 -0.000266
27507 -0.000266
27508 -0.000266
27509 -0.000266
27510 -0.000266
27511 -0.000266
27512 -0.000266
27513 -0.000266
27514 -0.000266
27515 -0.000266
27517 -0.000264
27518 -0.000264
27519 -0.000266
27520 -0.000266
27521 -0.000266
27522 -0.000266
27523 -0.000266
27524 -0.000266
27525 -0.000266
27526 -0.000266
27527 -0.000266
27528 -0.000266
27529 -0.000266
27530 -0.000266
27531 -0.000266
27533 -0.000265
27534 -0.000266
27535 -0.000265
27536 -0.000266
27537 -0.000266
27538 -0.000266
27539 -0.000265
27540 -0.000265
27541 -0.000265
27542 -0.000265
27543 -0.000265
27544 -0.000265
27545 -0.000265
27546 -0.000265
27547 -0.000265
27548 -0.000265
27549 -0.000265
27550 -0.000265
27551 -0.000265
27552 -0.000265
27554 -0.000260
27555 -0.000264
27556 -0.000266
27557 -0.000265
27558 -0.000265
27559 -0.000265
27560 -0.000265
27561 -0.000265
27563 -0.000266
27564 -0.000265
27565 -0.000266
27566 -0.000265
27567 -0.000265
27568 -0.000265
27569 -0.000265
27570 -0.000265
27572 -0.000267
27573 -0.000265
27574 -0.000265
27576 -0.000269
27577 -0.000265
27578 -0.000265
27580 -0.000264
27581 -0.000265
27582 -0.000265
27583 -0.000265
27584 -0.000265
27585 -0.000265
27587 -0.000264
27588 -0.000266
27589 -0.000265
27590 -0.000265
27591 -0.000265
27592 -0.000265
27593 -0.000265
27594 -0.000265
27595 -0.000265
27596 -0.000265
27597 -0.000265
27598 -0.000265
27599 -0.000265
27600 -0.000265
27601 -0.000265
27602 -0.000265
27603 -0.000265
27604 -0.000265
27605 -0.000265
27606 -0.000265
27607 -0.000265
27608 -0.000265
27609 -0.000265
27610 -0.000265
27611 -0.000265
27612 -0.000265
27613 -0.000265
27614 -0.000265
27615 -0.000265
27618 -0.000264
27619 -0.000265
27620 -0.000265
27621 -0.000265
27622 -0.000265
27623 -0.000265
27624 -0.000265
27625 -0.000265
27626 -0.000265
27627 -0.000265
27628 -0.000265
27629 -0.000265
27630 -0.000265
27631 -0.000265
27632 -0.000265
27633 -0.000265
27634 -0.000265
27635 -0.000265
27636 -0.000265
27637 -0.000265
27638 -0.000265
27639 -0.000265
27640 -0.000265
27641 -0.000265
27642 -0.000265
27643 -0.000265
27644 -0.000265
27645 -0.000265
27646 -0.000265
27647 -0.000265
27648 -0.000265
27649 -0.000265
27650 -0.000265
27651 -0.000265
27652 -0.000265
27654 -0.000268
27655 -0.000265
27656 -0.000265
27657 -0.000265
27658 -0.000265
27659 -0.000265
27660 -0.000265
27661 -0.000265
27662 -0.000265
27663 -0.000265
27664 -0.000265
27665 -0.000265
27666 -0.000265
27667 -0.000265
27668 -0.000265
27670 -0.000263
27671 -0.000266
27672 -0.000264
27673 -0.000265
27675 -0.000264
27676 -0.000265
27677 -0.000265
27678 -0.000265
27679 -0.000265
27680 -0.000265
27681 -0.000265
27682 -0.000265
27683 -0.000265
27684 -0.000265
27687 -0.000262
27688 -0.000266
27689 -0.000265
27690 -0.000265
27692 -0.000265
27693 -0.000263
27694 -0.000265
27695 -0.000265
27697 -0.000263
27698 -0.000266
27699 -0.000264
27700 -0.000265
27701 -0.000265
27703 -0.000263
27704 -0.000264
27705 -0.000265
27706 -0.000265
27707 -0.000265
27709 -0.000265
27711 -0.000274
27712 -0.000265
27713 -0.000265
27714 -0.000265
27715 -0.000265
27716 -0.000265
27717 -0.000265
27718 -0.000265
27719 -0.000265
27720 -0.000265
27722 -0.000266
27723 -0.000266
27724 -0.000265
27725 -0.000265
27726 -0.000265
27728 -0.000264
27729 -0.000265
27730 -0.000265
27731 -0.000264
27732 -0.000265
27733 -0.000265
27734 -0.000265
27736 -0.000259
27737 -0.000265
27738 -0.000265
27739 -0.000265
27740 -0.000265
27741 -0.000265
27743 -0.000266
27746 -0.000261
27747 -0.000265
27748 -0.000265
27749 -0.000265
27750 -0.000264
27752 -0.000265
27753 -0.000265
27754 -0.000264
27755 -0.000264
27756 -0.000264
27757 -0.000264
27759 -0.000261
27760 -0.000263
27761 -0.000264
27762 -0.000264
27764 -0.000262
27765 -0.000266
27766 -0.000264
27767 -0.000264
27768 -0.000264
27770 -0.000263
27771 -0.000265
27772 -0.000264
27773 -0.000264
27774 -0.000264
27775 -0.000264
27776 -0.000264
27778 -0.000265
27779 -0.000264
27780 -0.000264
27782 -0.000265
27783 -0.000264
27784 -0.000264
27785 -0.000264
27786 -0.000264
27787 -0.000264
27788 -0.000264
27790 -0.000263
27791 -0.000264
27792 -0.000264
27795 -0.000261
27796 -0.000264
27797 -0.000264
27798 -0.000264
27799 -0.000264
27800 -0.000264
27801 -0.000264
27802 -0.000264
27803 -0.000264
27804 -0.000264
27805 -0.000264
27806 -0.000264
27808 -0.000264
27809 -0.000263
27810 -0.000264
27811 -0.000264
27812 -0.000264
27815 -0.000263
27816 -0.000264
27817 -0.000264
27818 -0.000264
27820 -0.000266
27822 -0.000261
27824 -0.000262
27825 -0.000264
27827 -0.000264
27828 -0.000263
27829 -0.000264
27830 -0.000264
27831 -0.000264
27833 -0.000267
27834 -0.000264
27835 -0.000264
27836 -0.000264
27837 -0.000264
27838 -0.000264
27840 -0.000267
27841 -0.000264
27842 -0.000263
27843 -0.000264
27844 -0.000264
27845 -0.000264
27846 -0.000264
27847 -0.000264
27848 -0.000264
27849 -0.000264
27850 -0.000264
27852 -0.000263
27853 -0.000262
27854 -0.000264
27855 -0.000264
27856 -0.000264
27857 -0.000264
27858 -0.000264
27859 -0.000264
27860 -0.000264
27861 -0.000264
27862 -0.000264
27863 -0.000264
27864 -0.000264
27865 -0.000264
27866 -0.000264
27867 -0.000264
27868 -0.000264
27869 -0.000264
27870 -0.000264
27871 -0.000264
27872 -0.000264
27873 -0.000264
27875 -0.000262
27876 -0.000263
27877 -0.000264
27878 -0.000264
27880 -0.000263
27881 -0.000264
27882 -0.000263
27883 -0.000264
27884 -0.000264
27885 -0.000264
27886 -0.000264
27887 -0.000264
27888 -0.000264
27889 -0.000264
27890 -0.000264
27892 -0.000258
27893 -0.000264
27894 -0.000263
27896 -0.000260
27898 -0.000265
27899 -0.000265
27900 -0.000263
27903 -0.000260
27904 -0.000265
27905 -0.000264
27906 -0.000263
27907 -0.000263
27908 -0.000263
27909 -0.000263
27910 -0.000263
27911 -0.000263
27912 -0.000263
27913 -0.000263
27914 -0.000263
27915 -0.000263
27916 -0.000263
27919 -0.000265
27920 -0.000263
27921 -0.000263
27922 -0.000263
27925 -0.000265
27927 -0.000260
27928 -0.000263
27929 -0.000263
27930 -0.000263
27931 -0.000263
27932 -0.000263
27933 -0.000263
27934 -0.000263
27935 -0.000263
27936 -0.000263
27938 -0.000264
27941 -0.000265
27942 -0.000263
27943 -0.000263
27944 -0.000263
27945 -0.000263
27946 -0.000263
27947 -0.000263
27948 -0.000263
27949 -0.000263
27950 -0.000263
27951 -0.000263
27953 -0.000264
27955 -0.000265
27956 -0.000263
27958 -0.000264
27959 -0.000262
27960 -0.000263
27962 -0.000264
27963 -0.000263
27964 -0.000263
27965 -0.000263
27966 -0.000263
27967 -0.000263
27968 -0.000263
27969 -0.000263
27970 -0.000263
27972 -0.000261
27973 -0.000263
27974 -0.000263
27975 -0.000263
27976 -0.000263
27977 -0.000263
27978 -0.000263
27979 -0.000263
27980 -0.000263
27981 -0.000263
27982 -0.000263
27983 -0.000263
27984 -0.000263
27985 -0.000263
27986 -0.000263
27987 -0.000263
27988 -0.000263
27989 -0.000263
27991 -0.000266
27992 -0.000263
27993 -0.000263
27994 -0.000263
27995 -0.000263
27996 -0.000263
27997 -0.000263
27998 -0.000263
27999 -0.000263
28000 -0.000263
28001 -0.000263
28002 -0.000263
28004 -0.000257
28005 -0.000263
28006 -0.000263
28007 -0.000262
28008 -0.000263
28009 -0.000263
28010 -0.000263
28011 -0.000263
28012 -0.000263
28014 -0.000262
28015 -0.000261
28016 -0.000263
28017 -0.000263
28018 -0.000263
28019 -0.000263
28021 -0.000265
28022 -0.000263
28024 -0.000264
28025 -0.000263
28026 -0.000263
28027 -0.000263
28028 -0.000263
28029 -0.000263
28030 -0.000263
28031 -0.000263
28032 -0.000263
28033 -0.000263
28034 -0.000263
28036 -0.000263
28037 -0.000263
28038 -0.000262
28039 -0.000263
28040 -0.000263
28041 -0.000263
28042 -0.000263
28043 -0.000263
28044 -0.000263
28045 -0.000263
28046 -0.000263
28047 -0.000263
28048 -0.000263
28050 -0.000269
28051 -0.000262
28052 -0.000263
28053 -0.000263
28054 -0.000263
28055 -0.000263
28056 -0.000263
28057 -0.000263
28058 -0.000263
28059 -0.000263
28060 -0.000263
28061 -0.000263
28062 -0.000263
28063 -0.000263
28064 -0.000263
28065 -0.000263
28066 -0.000263
28067 -0.000263
28068 -0.000263
28069 -0.000263
28070 -0.000263
28071 -0.000263
28072 -0.000263
28073 -0.000263
28075 -0.000264
28076 -0.000262
28077 -0.000262
28078 -0.000262
28079 -0.000262
28080 -0.000263
28081 -0.000263
28083 -0.000260
28084 -0.000263
28085 -0.000262
28086 -0.000263
28087 -0.000263
28088 -0.000263
28089 -0.000262
28090 -0.000262
28091 -0.000262
28092 -0.000262
28094 -0.000261
28095 -0.000264
28096 -0.000263
28097 -0.000262
28098 -0.000262
28100 -0.000261
28101 -0.000262
28102 -0.000262
28103 -0.000262
28104 -0.000262
28105 -0.000262
28106 -0.000262
28109 -0.000268
28110 -0.000262
28112 -0.000263
28113 -0.000262
28114 -0.000262
28115 -0.000262
28116 -0.000262
28118 -0.000265
28120 -0.000263
28121 -0.000262
28122 -0.000262
28123 -0.000262
28125 -0.000259
28126 -0.000262
28127 -0.000262
28128 -0.000262
28129 -0.000262
28131 -0.000262
28133 -0.000263
28134 -0.000262
28136 -0.000267
28137 -0.000262
28138 -0.000262
28139 -0.000262
28141 -0.000262
28142 -0.000262
28143 -0.000262
28144 -0.000262
28146 -0.000260
28148 -0.000263
28150 -0.000262
28153 -0.000258
28154 -0.000264
28155 -0.000262
28156 -0.000262
28157 -0.000262
28159 -0.000256
28160 -0.000262
28161 -0.000261
28162 -0.000262
28163 -0.000262
28164 -0.000262
28165 -0.000262
28166 -0.000262
28167 -0.000262
28168 -0.000262
28169 -0.000262
28170 -0.000262
28171 -0.000262
28172 -0.000262
28173 -0.000262
28174 -0.000262
28175 -0.000262
28176 -0.000262
28177 -0.000262
28178 -0.000262
28180 -0.000263
28181 -0.000262
28182 -0.000262
28183 -0.000262
28184 -0.000262
28185 -0.000262
28186 -0.000262
28187 -0.000262
28188 -0.000262
28189 -0.000262
28190 -0.000262
28191 -0.000262
28192 -0.000262
28193 -0.000262
28194 -0.000262
28196 -0.000261
28197 -0.000263
28198 -0.000262
28199 -0.000262
28200 -0.000262
28202 -0.000264
28203 -0.000261
28204 -0.000262
28205 -0.000262
28208 -0.000263
28210 -0.000266
28211 -0.000262
28213 -0.000263
28214 -0.000261
28215 -0.000261
28216 -0.000261
28217 -0.000261
28218 -0.000261
28219 -0.000261
28220 -0.000261
28222 -0.000257
28223 -0.000261
28226 -0.000259
28227 -0.000261
28228 -0.000262
28229 -0.000261
28230 -0.000261
28231 -0.000261
28232 -0.000261
28233 -0.000261
28234 -0.000261
28235 -0.000261
28236 -0.000261
28237 -0.000261
28238 -0.000261
28239 -0.000261
28240 -0.000261
28242 -0.000260
28243 -0.000260
28244 -0.000262
28245 -0.000261
28246 -0.000261
28247 -0.000261
28248 -0.000261
28249 -0.000261
28250 -0.000261
28251 -0.000261
28252 -0.000261
28253 -0.000261
28254 -0.000261
28255 -0.000261
28256 -0.000261
28257 -0.000261
28258 -0.000261
28259 -0.000261
28260 -0.000261
28261 -0.000261
28262 -0.000261
28263 -0.000261
28264 -0.000261
28265 -0.000261
28266 -0.000261
28268 -0.000262
28269 -0.000260
28270 -0.000261
28271 -0.000261
28272 -0.000261
28273 -0.000261
28274 -0.000261
28275 -0.000261
28276 -0.000261
28277 -0.000261
28278 -0.000261
28279 -0.000261
28280 -0.000261
28281 -0.000261
28282 -0.000261
28283 -0.000261
28284 -0.000261
28286 -0.000260
28287 -0.000262
28288 -0.000261
28289 -0.000261
28290 -0.000261
28291 -0.000261
28293 -0.000260
28294 -0.000263
28295 -0.000261
28297 -0.000261
28299 -0.000259
28300 -0.000262
28301 -0.000261
28302 -0.000261
28303 -0.000261
28304 -0.000261
28305 -0.000261
28308 -0.000260
28309 -0.000260
28310 -0.000261
28311 -0.000261
28313 -0.000257
28314 -0.000264
28315 -0.000261
28316 -0.000261
28317 -0.000261
28318 -0.000261
28319 -0.000261
28320 -0.000261
28321 -0.000261
28322 -0.000261
28323 -0.000261
28324 -0.000261
28325 -0.000261
28326 -0.000261
28327 -0.000261
28328 -0.000261
28329 -0.000261
28330 -0.000261
28331 -0.000261
28332 -0.000261
28333 -0.000261
28335 -0.000261
28336 -0.000261
28337 -0.000261
28338 -0.000261
28339 -0.000261
28340 -0.000261
28341 -0.000261
28342 -0.000261
28343 -0.000261
28344 -0.000261
28345 -0.000261
28346 -0.000261
28347 -0.000261
28348 -0.000261
28349 -0.000261
28350 -0.000261
28352 -0.000262
28353 -0.000261
28354 -0.000261
28355 -0.000261
28357 -0.000261
28358 -0.000261
28359 -0.000261
28361 -0.000255
28365 -0.000259
28366 -0.000259
28367 -0.000261
28369 -0.000261
28370 -0.000261
28371 -0.000261
28374 -0.000262
28375 -0.000261
28376 -0.000261
28377 -0.000261
28378 -0.000261
28379 -0.000261
28380 -0.000261
28381 -0.000261
28382 -0.000261
28383 -0.000261
28385 -0.000259
28386 -0.000261
28387 -0.000261
28388 -0.000260
28389 -0.000261
28390 -0.000261
28391 -0.000261
28392 -0.000261
28393 -0.000261
28394 -0.000261
28395 -0.000261
28396 -0.000261
28397 -0.000261
28398 -0.000261
28399 -0.000261
28400 -0.000261
28401 -0.000261
28402 -0.000261
28403 -0.000261
28405 -0.000259
28407 -0.000262
28408 -0.000261
28409 -0.000260
28410 -0.000260
28412 -0.000264
28414 -0.000260
28415 -0.000261
28416 -0.000260
28417 -0.000260
28418 -0.000260
28419 -0.000260
28420 -0.000260
28421 -0.000260
28422 -0.000260
28423 -0.000260
28424 -0.000260
28426 -0.000260
28427 -0.000260
28429 -0.000260
28430 -0.000260
28431 -0.000260
28435 -0.000258
28436 -0.000259
28437 -0.000260
28438 -0.000260
28439 -0.000260
28440 -0.000260
28441 -0.000260
28443 -0.000261
28444 -0.000261
28446 -0.000257
28447 -0.000260
28448 -0.000260
28449 -0.000260
28450 -0.000260
28451 -0.000260
28452 -0.000260
28453 -0.000260
28454 -0.000260
28455 -0.000260
28456 -0.000260
28457 -0.000260
28458 -0.000260
28459 -0.000260
28460 -0.000260
28461 -0.000260
28462 -0.000260
28463 -0.000260
28464 -0.000260
28465 -0.000260
28468 -0.000261
28469 -0.000260
28470 -0.000260
28471 -0.000260
28472 -0.000260
28473 -0.000260
28474 -0.000260
28475 -0.000260
28476 -0.000260
28477 -0.000260
28479 -0.000258
28480 -0.000260
28482 -0.000264
28484 -0.000261
28485 -0.000260
28486 -0.000260
28487 -0.000260
28488 -0.000260
28489 -0.000260
28490 -0.000260
28491 -0.000260
28492 -0.000260
28493 -0.000260
28494 -0.000260
28495 -0.000260
28496 -0.000260
28497 -0.000260
28498 -0.000260
28499 -0.000260
28500 -0.000260
28501 -0.000260
28502 -0.000260
28503 -0.000260
28504 -0.000260
28505 -0.000260
28506 -0.000260
28507 -0.000260
28508 -0.000260
28510 -0.000260
28511 -0.000259
28512 -0.000260
28513 -0.000260
28514 -0.000260
28515 -0.000260
28516 -0.000260
28517 -0.000260
28518 -0.000260
28519 -0.000260
28520 -0.000260
28521 -0.000260
28522 -0.000260
28523 -0.000260
28525 -0.000259
28526 -0.000260
28527 -0.000260
28528 -0.000260
28529 -0.000260
28531 -0.000257
28532 -0.000260
28533 -0.000260
28534 -0.000260
28536 -0.000262
28537 -0.000260
28538 -0.000260
28539 -0.000260
28540 -0.000260
28541 -0.000260
28542 -0.000260
28543 -0.000260
28544 -0.000260
28545 -0.000260
28546 -0.000260
28547 -0.000260
28548 -0.000260
28549 -0.000260
28550 -0.000260
28551 -0.000260
28552 -0.000260
28553 -0.000260
28554 -0.000260
28555 -0.000260
28556 -0.000260
28557 -0.000260
28558 -0.000260
28559 -0.000260
28560 -0.000260
28561 -0.000260
28562 -0.000260
28563 -0.000260
28564 -0.000260
28565 -0.000260
28566 -0.000260
28567 -0.000260
28568 -0.000260
28569 -0.000260
28570 -0.000260
28571 -0.000260
28572 -0.000260
28573 -0.000260
28574 -0.000260
28575 -0.000260
28577 -0.000263
28578 -0.000260
28579 -0.000260
28580 -0.000260
28581 -0.000260
28582 -0.000260
28583 -0.000260
28584 -0.000260
28585 -0.000260
28586 -0.000260
28587 -0.000260
28588 -0.000260
28589 -0.000260
28590 -0.000260
28591 -0.000260
28592 -0.000260
28593 -0.000260
28595 -0.000263
28597 -0.000262
28598 -0.000259
28599 -0.000260
28600 -0.000259
28601 -0.000260
28602 -0.000260
28603 -0.000260
28604 -0.000260
28605 -0.000260
28606 -0.000260
28607 -0.000260
28608 -0.000260
28609 -0.000260
28610 -0.000260
28611 -0.000260
28612 -0.000260
28613 -0.000260
28614 -0.000260
28615 -0.000260
28616 -0.000260
28617 -0.000260
28618 -0.000260
28619 -0.000260
28620 -0.000260
28622 -0.000261
28623 -0.000259
28624 -0.000259
28625 -0.000260
28626 -0.000259
28627 -0.000260
28628 -0.000260
28629 -0.000260
28630 -0.000260
28631 -0.000260
28632 -0.000260
28634 -0.000257
28635 -0.000261
28636 -0.000260
28638 -0.000259
28639 -0.000259
28640 -0.000259
28641 -0.000259
28642 -0.000259
28643 -0.000259
28646 -0.000258
28647 -0.000260
28648 -0.000259
28650 -0.000259
28651 -0.000259
28652 -0.000259
28653 -0.000259
28655 -0.000260
28656 -0.000259
28657 -0.000260
28658 -0.000259
28659 -0.000259
28660 -0.000259
28661 -0.000259
28662 -0.000259
28665 -0.000263
28666 -0.000259
28667 -0.000259
28668 -0.000259
28669 -0.000259
28670 -0.000259
28671 -0.000259
28672 -0.000259
28673 -0.000259
28674 -0.000259
28675 -0.000259
28676 -0.000259
28677 -0.000259
28678 -0.000259
28679 -0.000259
28680 -0.000259
28681 -0.000259
28682 -0.000259
28683 -0.000259
28684 -0.000259
28685 -0.000259
28686 -0.000259
28688 -0.000260
28690 -0.000261
28691 -0.000259
28692 -0.000259
28693 -0.000259
28695 -0.000260
28696 -0.000259
28697 -0.000260
28698 -0.000259
28699 -0.000259
28700 -0.000259
28701 -0.000259
28702 -0.000259
28703 -0.000259
28704 -0.000259
28705 -0.000259
28706 -0.000259
28707 -0.000259
28708 -0.000259
28709 -0.000259
28710 -0.000259
28711 -0.000259
28712 -0.000259
28713 -0.000259
28714 -0.000259
28715 -0.000259
28716 -0.000259
28719 -0.000254
28720 -0.000260
28721 -0.000260
28722 -0.000259
28723 -0.000259
28724 -0.000259
28725 -0.000259
28726 -0.000259
28727 -0.000259
28728 -0.000259
28729 -0.000259
28730 -0.000259
28731 -0.000259
28732 -0.000259
28733 -0.000259
28734 -0.000259
28735 -0.000259
28736 -0.000259
28737 -0.000259
28739 -0.000258
28740 -0.000259
28741 -0.000259
28742 -0.000259
28743 -0.000259
28744 -0.000259
28745 -0.000259
28746 -0.000259
28747 -0.000259
28748 -0.000259
28749 -0.000259
28750 -0.000259
28751 -0.000259
28752 -0.000259
28753 -0.000259
28754 -0.000259
28755 -0.000259
28757 -0.000260
28759 -0.000261
28760 -0.000258
28761 -0.000259
28762 -0.000259
28763 -0.000259
28764 -0.000259
28767 -0.000255
28768 -0.000260
28769 -0.000259
28770 -0.000259
28771 -0.000259
28772 -0.000259
28773 -0.000259
28774 -0.000259
28775 -0.000259
28776 -0.000259
28777 -0.000259
28778 -0.000259
28779 -0.000259
28780 -0.000259
28781 -0.000259
28782 -0.000259
28783 -0.000259
28784 -0.000259
28785 -0.000259
28786 -0.000259
28787 -0.000259
28788 -0.000259
28789 -0.000259
28790 -0.000259
28791 -0.000259
28792 -0.000259
28793 -0.000259
28794 -0.000259
28795 -0.000259
28796 -0.000259
28797 -0.000259
28798 -0.000259
28800 -0.000261
28801 -0.000259
28802 -0.000259
28803 -0.000259
28804 -0.000259
28805 -0.000259
28806 -0.000259
28807 -0.000259
28808 -0.000259
28809 -0.000259
28810 -0.000259
28812 -0.000258
28813 -0.000259
28814 -0.000259
28815 -0.000259
28816 -0.000259
28817 -0.000259
28818 -0.000259
28819 -0.000259
28820 -0.000259
28821 -0.000259
28822 -0.000259
28823 -0.000259
28824 -0.000259
28825 -0.000259
28826 -0.000259
28827 -0.000259
28828 -0.000259
28829 -0.000259
28831 -0.000261
28832 -0.000260
28833 -0.000259
28834 -0.000259
28835 -0.000259
28836 -0.000259
28837 -0.000259
28839 -0.000255
28840 -0.000259
28842 -0.000258
28843 -0.000258
28845 -0.000261
28847 -0.000258
28848 -0.000259
28849 -0.000258
28850 -0.000258
28852 -0.000262
28854 -0.000259
28855 -0.000258
28856 -0.000259
28857 -0.000258
28858 -0.000258
28859 -0.000258
28860 -0.000258
28861 -0.000258
28862 -0.000258
28863 -0.000258
28864 -0.000258
28865 -0.000258
28866 -0.000258
28867 -0.000258
28868 -0.000258
28869 -0.000258
28870 -0.000258
28871 -0.000258
28872 -0.000258
28873 -0.000258
28874 -0.000258
28875 -0.000258
28877 -0.000259
28879 -0.000258
28880 -0.000258
28881 -0.000258
28882 -0.000258
28883 -0.000258
28884 -0.000258
28886 -0.000260
28887 -0.000259
28888 -0.000258
28889 -0.000258
28890 -0.000258
28891 -0.000258
28892 -0.000258
28893 -0.000258
28894 -0.000258
28895 -0.000258
28896 -0.000258
28897 -0.000258
28898 -0.000258
28899 -0.000258
28900 -0.000258
28901 -0.000258
28902 -0.000258
28903 -0.000258
28904 -0.000258
28905 -0.000258
28906 -0.000258
28907 -0.000258
28908 -0.000258
28909 -0.000258
28910 -0.000258
28911 -0.000258
28912 -0.000258
28913 -0.000258
28914 -0.000258
28915 -0.000258
28916 -0.000258
28918 -0.000261
28919 -0.000258
28920 -0.000258
28921 -0.000258
28922 -0.000258
28926 -0.000258
28927 -0.000258
28928 -0.000258
28929 -0.000258
28930 -0.000258
28932 -0.000259
28933 -0.000259
28934 -0.000258
28935 -0.000258
28937 -0.000263
28938 -0.000258
28939 -0.000258
28940 -0.000258
28941 -0.000258
28942 -0.000258
28944 -0.000256
28945 -0.000259
28946 -0.000258
28947 -0.000258
28949 -0.000257
28950 -0.000258
28952 -0.000259
28953 -0.000258
28954 -0.000258
28955 -0.000258
28956 -0.000258
28957 -0.000258
28958 -0.000258
28959 -0.000258
28960 -0.000258
28961 -0.000258
28962 -0.000258
28963 -0.000258
28965 -0.000257
28966 -0.000257
28967 -0.000258
28968 -0.000258
28970 -0.000262
28971 -0.000258
28972 -0.000258
28973 -0.000258
28974 -0.000258
28975 -0.000258
28976 -0.000258
28977 -0.000258
28978 -0.000258
28979 -0.000258
28980 -0.000258
28981 -0.000258
28982 -0.000258
28983 -0.000258
28984 -0.000258
28985 -0.000258
28986 -0.000258
28987 -0.000258
28988 -0.000258
28989 -0.000258
28990 -0.000258
28991 -0.000258
28992 -0.000258
28993 -0.000258
28994 -0.000258
28995 -0.000258
28996 -0.000258
28997 -0.000258
28998 -0.000258
28999 -0.000258
29000 -0.000258
29001 -0.000258
29002 -0.000258
29003 -0.000258
29004 -0.000258
29005 -0.000258
29006 -0.000258
29007 -0.000258
29008 -0.000258
29009 -0.000258
29010 -0.000258
29011 -0.000258
29012 -0.000258
29013 -0.000258
29014 -0.000258
29015 -0.000258
29017 -0.000262
29018 -0.000258
29019 -0.000258
29020 -0.000258
29021 -0.000258
29022 -0.000258
29023 -0.000258
29024 -0.000258
29025 -0.000258
29026 -0.000258
29027 -0.000258
29028 -0.000258
29029 -0.000258
29031 -0.000265
29032 -0.000259
29033 -0.000258
29034 -0.000258
29035 -0.000258
29036 -0.000258
29037 -0.000258
29038 -0.000258
29039 -0.000258
29040 -0.000258
29041 -0.000258
29042 -0.000258
29043 -0.000258
29044 -0.000258
29045 -0.000258
29046 -0.000258
29047 -0.000258
29048 -0.000258
29049 -0.000258
29051 -0.000261
29052 -0.000258
29053 -0.000258
29054 -0.000258
29055 -0.000258
29056 -0.000258
29057 -0.000258
29058 -0.000258
29059 -0.000258
29060 -0.000258
29061 -0.000258
29062 -0.000258
29063 -0.000258
29064 -0.000258
29065 -0.000258
29066 -0.000258
29067 -0.000258
29068 -0.000258
29069 -0.000258
29070 -0.000258
29071 -0.000258
29072 -0.000258
29073 -0.000258
29074 -0.000258
29075 -0.000258
29076 -0.000258
29077 -0.000258
29078 -0.000258
29080 -0.000255
29081 -0.000257
29082 -0.000258
29083 -0.000258
29084 -0.000258
29085 -0.000258
29086 -0.000258
29087 -0.000258
29088 -0.000258
29090 -0.000259
29091 -0.000258
29092 -0.000258
29093 -0.000258
29097 -0.000260
29098 -0.000258
29100 -0.000262
29101 -0.000258
29102 -0.000258
29103 -0.000258
29104 -0.000258
29105 -0.000258
29106 -0.000258
29109 -0.000254
29110 -0.000258
29111 -0.000257
29113 -0.000255
29114 -0.000258
29115 -0.000257
29116 -0.000258
29117 -0.000257
29118 -0.000257
29119 -0.000257
29120 -0.000257
29121 -0.000257
29122 -0.000257
29123 -0.000257
29124 -0.000257
29125 -0.000257
29126 -0.000257
29127 -0.000257
29129 -0.000260
29130 -0.000258
29131 -0.000257
29132 -0.000257
29133 -0.000257
29134 -0.000257
29135 -0.000257
29136 -0.000257
29137 -0.000257
29138 -0.000257
29139 -0.000257
29140 -0.000257
29141 -0.000257
29142 -0.000257
29143 -0.000257
29144 -0.000257
29145 -0.000257
29146 -0.000257
29147 -0.000257
29148 -0.000257
29149 -0.000257
29150 -0.000257
29151 -0.000257
29152 -0.000257
29153 -0.000257
29154 -0.000257
29155 -0.000257
29156 -0.000257
29157 -0.000257
29158 -0.000257
29159 -0.000257
29160 -0.000257
29161 -0.000257
29162 -0.000257
29163 -0.000257
29164 -0.000257
29165 -0.000257
29166 -0.000257
29167 -0.000257
29168 -0.000257
29169 -0.000257
29171 -0.000260
29172 -0.000257
29173 -0.000257
29174 -0.000257
29175 -0.000257
29176 -0.000257
29177 -0.000257
29178 -0.000257
29179 -0.000257
29180 -0.000257
29181 -0.000257
29182 -0.000257
29183 -0.000257
29184 -0.000257
29185 -0.000257
29187 -0.000259
29188 -0.000257
29189 -0.000257
29190 -0.000257
29191 -0.000257
29192 -0.000257
29193 -0.000257
29194 -0.000257
29195 -0.000257
29196 -0.000257
29197 -0.000257
29198 -0.000257
29199 -0.000257
29200 -0.000257
29203 -0.000258
29204 -0.000257
29205 -0.000258
29206 -0.000257
29207 -0.000257
29208 -0.000257
29209 -0.000257
29210 -0.000257
29211 -0.000257
29212 -0.000257
29213 -0.000257
29214 -0.000257
29215 -0.000257
29216 -0.000257
29217 -0.000257
29218 -0.000257
29219 -0.000257
29220 -0.000257
29221 -0.000257
29222 -0.000257
29223 -0.000257
29224 -0.000257
29225 -0.000257
29226 -0.000257
29227 -0.000257
29228 -0.000257
29229 -0.000257
29230 -0.000257
29231 -0.000257
29232 -0.000257
29233 -0.000257
29234 -0.000257
29235 -0.000257
29236 -0.000257
29237 -0.000257
29238 -0.000257
29240 -0.000255
29241 -0.000257
29242 -0.000257
29243 -0.000257
29244 -0.000257
29245 -0.000257
29247 -0.000258
29248 -0.000256
29249 -0.000257
29250 -0.000257
29251 -0.000257
29252 -0.000257
29253 -0.000257
29254 -0.000257
29255 -0.000257
29257 -0.000253
29258 -0.000256
29260 -0.000253
29261 -0.000258
29262 -0.000257
29263 -0.000257
29264 -0.000257
29265 -0.000257
29266 -0.000257
29267 -0.000257
29268 -0.000257
29269 -0.000257
29270 -0.000257
29271 -0.000257
29272 -0.000257
29273 -0.000257
29274 -0.000257
29275 -0.000257
29276 -0.000257
29278 -0.000255
29279 -0.000257
29280 -0.000257
29281 -0.000257
29282 -0.000257
29283 -0.000257
29284 -0.000257
29285 -0.000257
29286 -0.000257
29287 -0.000257
29288 -0.000257
29289 -0.000257
29290 -0.000257
29291 -0.000257
29292 -0.000257
29293 -0.000257
29294 -0.000257
29295 -0.000257
29296 -0.000257
29297 -0.000257
29298 -0.000257
29299 -0.000257
29300 -0.000257
29301 -0.000257
29302 -0.000257
29304 -0.000259
29305 -0.000257
29306 -0.000257
29307 -0.000257
29308 -0.000257
29309 -0.000257
29311 -0.000256
29312 -0.000256
29313 -0.000258
29314 -0.000256
29315 -0.000257
29316 -0.000257
29317 -0.000257
29318 -0.000257
29319 -0.000257
29320 -0.000257
29321 -0.000257
29322 -0.000257
29323 -0.000257
29324 -0.000257
29326 -0.000253
29327 -0.000257
29328 -0.000256
29329 -0.000257
29330 -0.000257
29331 -0.000257
29333 -0.000253
29334 -0.000258
29335 -0.000257
29336 -0.000257
29337 -0.000257
29338 -0.000257
29339 -0.000257
29342 -0.000254
29343 -0.000257
29344 -0.000257
29345 -0.000257
29346 -0.000257
29347 -0.000257
29348 -0.000257
29349 -0.000257
29350 -0.000257
29351 -0.000257
29352 -0.000257
29354 -0.000258
29355 -0.000256
29356 -0.000257
29357 -0.000257
29358 -0.000257
29359 -0.000257
29360 -0.000257
29361 -0.000257
29362 -0.000257
29364 -0.000258
29365 -0.000256
29367 -0.000260
29368 -0.000257
29369 -0.000257
29371 -0.000256
29372 -0.000256
29373 -0.000257
29374 -0.000257
29375 -0.000257
29376 -0.000257
29377 -0.000257
29379 -0.000257
29380 -0.000257
29381 -0.000257
29382 -0.000257
29383 -0.000257
29386 -0.000255
29387 -0.000256
29389 -0.000256
29390 -0.000257
29391 -0.000257
29393 -0.000261
29394 -0.000256
29395 -0.000257
29397 -0.000253
29398 -0.000257
29399 -0.000257
29400 -0.000256
29401 -0.000256
29402 -0.000256
29403 -0.000256
29404 -0.000256
29405 -0.000256
29406 -0.000256
29408 -0.000259
29409 -0.000256
29410 -0.000256
29411 -0.000256
29412 -0.000256
29413 -0.000256
29414 -0.000256
29415 -0.000256
29416 -0.000256
29417 -0.000256
29418 -0.000256
29419 -0.000256
29420 -0.000256
29421 -0.000256
29423 -0.000261
29424 -0.000255
29425 -0.000256
29426 -0.000256
29427 -0.000256
29428 -0.000256
29429 -0.000256
29430 -0.000256
29431 -0.000256
29432 -0.000256
29433 -0.000256
29434 -0.000256
29435 -0.000256
29436 -0.000256
29437 -0.000256
29438 -0.000256
29439 -0.000256
29440 -0.000256
29441 -0.000256
29442 -0.000256
29443 -0.000256
29444 -0.000256
29445 -0.000256
29446 -0.000256
29448 -0.000256
29449 -0.000255
29450 -0.000256
29452 -0.000254
29453 -0.000256
29454 -0.000256
29455 -0.000256
29456 -0.000256
29457 -0.000256
29458 -0.000256
29459 -0.000256
29460 -0.000256
29461 -0.000256
29462 -0.000256
29463 -0.000256
29464 -0.000256
29465 -0.000256
29466 -0.000256
29467 -0.000256
29468 -0.000256
29469 -0.000256
29470 -0.000256
29471 -0.000256
29472 -0.000256
29473 -0.000256
29474 -0.000256
29475 -0.000256
29477 -0.000254
29479 -0.000254
29480 -0.000256
29481 -0.000256
29482 -0.000256
29483 -0.000256
29484 -0.000256
29485 -0.000256
29486 -0.000256
29487 -0.000256
29488 -0.000256
29490 -0.000256
29491 -0.000256
29493 -0.000256
29495 -0.000257
29497 -0.000253
29499 -0.000258
29500 -0.000256
29501 -0.000256
29503 -0.000256
29504 -0.000256
29505 -0.000256
29506 -0.000256
29507 -0.000256
29508 -0.000256
29509 -0.000256
29510 -0.000256
29511 -0.000256
29512 -0.000256
29513 -0.000256
29514 -0.000256
29515 -0.000256
29516 -0.000256
29517 -0.000256
29518 -0.000256
29519 -0.000256
29520 -0.000256
29521 -0.000256
29522 -0.000256
29523 -0.000256
29524 -0.000256
29525 -0.000256
29526 -0.000256
29527 -0.000256
29528 -0.000256
29529 -0.000256
29530 -0.000256
29531 -0.000256
29532 -0.000256
29533 -0.000256
29534 -0.000256
29535 -0.000256
29536 -0.000256
29537 -0.000256
29538 -0.000256
29539 -0.000256
29540 -0.000256
29541 -0.000256
29542 -0.000256
29543 -0.000256
29544 -0.000256
29545 -0.000256
29546 -0.000256
29548 -0.000259
29549 -0.000256
29550 -0.000256
29551 -0.000256
29552 -0.000256
29553 -0.000256
29554 -0.000256
29555 -0.000256
29556 -0.000256
29557 -0.000256
29558 -0.000256
29559 -0.000256
29560 -0.000256
29561 -0.000256
29562 -0.000256
29563 -0.000256
29565 -0.000252
29566 -0.000257
29567 -0.000256
29568 -0.000256
29569 -0.000256
29570 -0.000256
29571 -0.000256
29572 -0.000256
29573 -0.000256
29574 -0.000256
29575 -0.000256
29576 -0.000256
29577 -0.000256
29579 -0.000255
29580 -0.000255
29582 -0.000257
29583 -0.000256
29584 -0.000256
29585 -0.000256
29586 -0.000256
29587 -0.000256
29589 -0.000258
29591 -0.000253
29593 -0.000256
29594 -0.000256
29595 -0.000256
29596 -0.000256
29597 -0.000256
29598 -0.000256
29599 -0.000256
29600 -0.000256
29601 -0.000256
29602 -0.000256
29603 -0.000256
29604 -0.000256
29608 -0.000256
29609 -0.000257
29610 -0.000255
29612 -0.000255
29614 -0.000256
29615 -0.000254
29618 -0.000253
29619 -0.000254
29620 -0.000255
29621 -0.000255
29622 -0.000255
29624 -0.000257
29625 -0.000256
29626 -0.000255
29627 -0.000255
29628 -0.000255
29629 -0.000255
29630 -0.000255
29631 -0.000255
29632 -0.000255
29633 -0.000255
29634 -0.000255
29635 -0.000255
29636 -0.000255
29637 -0.000255
29638 -0.000255
29639 -0.000255
29640 -0.000255
29641 -0.000255
29642 -0.000255
29643 -0.000255
29644 -0.000255
29645 -0.000255
29646 -0.000255
29647 -0.000255
29648 -0.000255
29649 -0.000255
29651 -0.000257
29652 -0.000255
29653 -0.000255
29654 -0.000255
29655 -0.000255
29657 -0.000250
29659 -0.000256
29660 -0.000255
29661 -0.000255
29662 -0.000255
29663 -0.000255
29664 -0.000255
29665 -0.000255
29666 -0.000255
29667 -0.000255
29668 -0.000255
29669 -0.000255
29670 -0.000255
29671 -0.000255
29672 -0.000255
29673 -0.000255
29674 -0.000255
29675 -0.000255
29676 -0.000255
29677 -0.000255
29678 -0.000255
29679 -0.000255
29680 -0.000255
29682 -0.000257
29683 -0.000256
29684 -0.000255
29685 -0.000255
29686 -0.000255
29687 -0.000255
29688 -0.000255
29689 -0.000255
29690 -0.000255
29691 -0.000255
29692 -0.000255
29693 -0.000255
29694 -0.000255
29695 -0.000255
29696 -0.000255
29697 -0.000255
29698 -0.000255
29699 -0.000255
29700 -0.000255
29701 -0.000255
29702 -0.000255
29704 -0.000264
29706 -0.000254
29707 -0.000255
29708 -0.000255
29709 -0.000255
29710 -0.000255
29711 -0.000255
29712 -0.000255
29713 -0.000255
29714 -0.000255
29715 -0.000255
29716 -0.000255
29719 -0.000255
29720 -0.000256
29721 -0.000255
29722 -0.000255
29723 -0.000255
29725 -0.000253
29726 -0.000255
29727 -0.000255
29728 -0.000255
29730 -0.000258
29731 -0.000255
29732 -0.000255
29733 -0.000255
29734 -0.000255
29735 -0.000255
29736 -0.000255
29737 -0.000255
29738 -0.000255
29740 -0.000252
29741 -0.000257
29742 -0.000255
29743 -0.000255
29747 -0.000254
29748 -0.000255
29749 -0.000255
29750 -0.000255
29751 -0.000255
29752 -0.000255
29753 -0.000255
29754 -0.000255
29755 -0.000255
29756 -0.000255
29757 -0.000255
29759 -0.000254
29761 -0.000254
29762 -0.000255
29763 -0.000255
29764 -0.000255
29765 -0.000255
29766 -0.000255
29767 -0.000255
29768 -0.000255
29770 -0.000260
29771 -0.000254
29772 -0.000255
29773 -0.000255
29775 -0.000254
29776 -0.000254
29777 -0.000254
29778 -0.000255
29780 -0.000255
29781 -0.000254
29782 -0.000254
29783 -0.000255
29784 -0.000255
29785 -0.000255
29786 -0.000255
29787 -0.000255
29788 -0.000255
29789 -0.000255
29790 -0.000255
29791 -0.000255
29793 -0.000253
29794 -0.000254
29796 -0.000253
29797 -0.000254
29798 -0.000254
29799 -0.000254
29801 -0.000256
29802 -0.000254
29803 -0.000254
29804 -0.000255
29805 -0.000255
29806 -0.000255
29807 -0.000254
29808 -0.000254
29809 -0.000254
29810 -0.000254
29811 -0.000254
29812 -0.000254
29813 -0.000254
29814 -0.000254
29815 -0.000254
29819 -0.000256
29820 -0.000254
29821 -0.000254
29822 -0.000254
29823 -0.000254
29824 -0.000254
29825 -0.000254
29826 -0.000254
29827 -0.000254
29828 -0.000254
29829 -0.000254
29830 -0.000254
29832 -0.000253
29833 -0.000254
29834 -0.000254
29835 -0.000254
29836 -0.000254
29837 -0.000254
29839 -0.000259
29841 -0.000254
29842 -0.000254
29843 -0.000254
29844 -0.000255
29845 -0.000254
29846 -0.000254
29847 -0.000254
29848 -0.000254
29849 -0.000254
29852 -0.000253
29853 -0.000253
29854 -0.000254
29855 -0.000254
29856 -0.000254
29857 -0.000254
29858 -0.000254
29859 -0.000254
29860 -0.000254
29861 -0.000254
29862 -0.000254
29863 -0.000254
29864 -0.000254
29865 -0.000254
29867 -0.000255
29868 -0.000254
29869 -0.000254
29870 -0.000254
29871 -0.000254
29872 -0.000254
29873 -0.000254
29874 -0.000254
29875 -0.000254
29876 -0.000254
29877 -0.000254
29878 -0.000254
29879 -0.000254
29880 -0.000254
29881 -0.000254
29883 -0.000253
29884 -0.000254
29885 -0.000254
29886 -0.000254
29887 -0.000254
29888 -0.000254
29889 -0.000254
29890 -0.000254
29891 -0.000254
29892 -0.000254
29893 -0.000254
29894 -0.000254
29895 -0.000254
29896 -0.000254
29897 -0.000254
29898 -0.000254
29899 -0.000254
29900 -0.000254
29901 -0.000254
29902 -0.000254
29903 -0.000254
29904 -0.000254
29907 -0.000254
29909 -0.000255
29910 -0.000255
29911 -0.000254
29912 -0.000254
29913 -0.000254
29914 -0.000254
29915 -0.000254
29916 -0.000254
29917 -0.000254
29919 -0.000255
29920 -0.000254
29921 -0.000254
29922 -0.000254
29923 -0.000254
29924 -0.000254
29925 -0.000254
29926 -0.000254
29927 -0.000254
29928 -0.000254
29929 -0.000254
29930 -0.000254
29931 -0.000254
29932 -0.000254
29933 -0.000254
29934 -0.000254
29935 -0.000254
29936 -0.000254
29937 -0.000254
29938 -0.000254
29939 -0.000254
29940 -0.000254
29941 -0.000254
29942 -0.000254
29943 -0.000254
29945 -0.000254
29946 -0.000254
29947 -0.000254
29948 -0.000254
29949 -0.000254
29950 -0.000254
29953 -0.000254
29954 -0.000254
29955 -0.000254
29957 -0.000253
29958 -0.000254
29959 -0.000254
29960 -0.000254
29961 -0.000254
29962 -0.000254
29963 -0.000254
29964 -0.000254
29965 -0.000254
29966 -0.000254
29967 -0.000254
29968 -0.000254
29969 -0.000254
29970 -0.000254
29971 -0.000254
29972 -0.000254
29973 -0.000254
29974 -0.000254
29975 -0.000254
29976 -0.000254
29977 -0.000254
29979 -0.000257
29981 -0.000251
29982 -0.000253
29984 -0.000249
29985 -0.000254
29986 -0.000254
29987 -0.000254
29988 -0.000254
29989 -0.000254
29990 -0.000254
29991 -0.000254
29992 -0.000254
29993 -0.000254
29994 -0.000254
29995 -0.000254
29996 -0.000254
29997 -0.000254
29998 -0.000254
29999 -0.000254
30000 -0.000254
30001 -0.000254
30002 -0.000254
30003 -0.000254
30004 -0.000254
30005 -0.000254
30006 -0.000254
30007 -0.000254
30008 -0.000254
30009 -0.000254
30010 -0.000254
30011 -0.000254
30012 -0.000254
30013 -0.000254
30014 -0.000254
30015 -0.000254
30016 -0.000254
30018 -0.000248
30019 -0.000252
30021 -0.000255
30022 -0.000253
30024 -0.000250
30025 -0.000254
30026 -0.000254
30027 -0.000254
30028 -0.000254
30029 -0.000254
30030 -0.000254
30031 -0.000254
30032 -0.000254
30033 -0.000254
30034 -0.000254
30035 -0.000254
30036 -0.000254
30037 -0.000254
30038 -0.000254
30039 -0.000254
30040 -0.000254
30041 -0.000254
30042 -0.000254
30043 -0.000254
30044 -0.000254
30045 -0.000254
30046 -0.000254
30047 -0.000254
30048 -0.000254
30049 -0.000254
30051 -0.000255
30052 -0.000253
30053 -0.000253
30054 -0.000254
30055 -0.000254
30056 -0.000254
30057 -0.000254
30058 -0.000254
30059 -0.000254
30060 -0.000254
30061 -0.000254
30063 -0.000255
30064 -0.000254
30066 -0.000252
30067 -0.000253
30068 -0.000253
30070 -0.000253
30071 -0.000253
30072 -0.000253
30074 -0.000254
30075 -0.000254
30077 -0.000253
30078 -0.000254
30079 -0.000253
30081 -0.000254
30083 -0.000255
30084 -0.000253
30085 -0.000254
30086 -0.000253
30088 -0.000251
30089 -0.000253
30090 -0.000253
30091 -0.000253
30092 -0.000253
30093 -0.000253
30094 -0.000253
30096 -0.000253
30098 -0.000256
30099 -0.000252
30100 -0.000253
30101 -0.000253
30102 -0.000253
30103 -0.000253
30104 -0.000253
30105 -0.000253
30106 -0.000253
30107 -0.000253
30108 -0.000253
30109 -0.000253
30110 -0.000253
30111 -0.000253
30112 -0.000253
30113 -0.000253
30114 -0.000253
30115 -0.000253
30116 -0.000253
30117 -0.000253
30118 -0.000253
30119 -0.000253
30120 -0.000253
30121 -0.000253
30124 -0.000249
30125 -0.000254
30126 -0.000254
30127 -0.000253
30128 -0.000253
30130 -0.000253
30131 -0.000251
30132 -0.000253
30133 -0.000253
30134 -0.000253
30135 -0.000253
30136 -0.000253
30137 -0.000253
30138 -0.000253
30139 -0.000253
30140 -0.000253
30141 -0.000253
30142 -0.000253
30143 -0.000253
30144 -0.000253
30145 -0.000253
30146 -0.000253
30147 -0.000253
30148 -0.000253
30149 -0.000253
30150 -0.000253
30151 -0.000253
30152 -0.000253
30153 -0.000253
30154 -0.000253
30155 -0.000253
30156 -0.000253
30158 -0.000256
30159 -0.000253
30160 -0.000253
30161 -0.000253
30162 -0.000253
30163 -0.000253
30164 -0.000253
30165 -0.000253
30166 -0.000253
30167 -0.000253
30168 -0.000253
30169 -0.000253
30170 -0.000253
30171 -0.000253
30172 -0.000253
30173 -0.000253
30174 -0.000253
30175 -0.000253
30176 -0.000253
30177 -0.000253
30178 -0.000253
30179 -0.000253
30181 -0.000254
30182 -0.000253
30183 -0.000253
30184 -0.000253
30185 -0.000253
30186 -0.000253
30187 -0.000253
30189 -0.000251
30190 -0.000254
30191 -0.000253
30193 -0.000254
30194 -0.000252
30195 -0.000253
30197 -0.000254
30198 -0.000254
30199 -0.000253
30200 -0.000253
30201 -0.000253
30202 -0.000253
30205 -0.000252
30206 -0.000254
30207 -0.000253
30210 -0.000255
30211 -0.000253
30212 -0.000253
30213 -0.000253
30214 -0.000253
30215 -0.000253
30216 -0.000253
30217 -0.000253
30218 -0.000253
30219 -0.000253
30220 -0.000253
30221 -0.000253
30222 -0.000253
30223 -0.000253
30224 -0.000253
30225 -0.000253
30227 -0.000251
30229 -0.000249
30230 -0.000254
30231 -0.000252
30232 -0.000253
30236 -0.000252
30237 -0.000252
30238 -0.000252
30240 -0.000253
30242 -0.000249
30244 -0.000253
30245 -0.000252
30246 -0.000252
30247 -0.000252
30248 -0.000252
30249 -0.000252
30250 -0.000252
30251 -0.000252
30252 -0.000252
30253 -0.000252
30254 -0.000252
30255 -0.000252
30257 -0.000251
30258 -0.000251
30259 -0.000254
30260 -0.000252
30261 -0.000252
30262 -0.000253
30263 -0.000252
30264 -0.000252
30265 -0.000252
30266 -0.000252
30267 -0.000252
30268 -0.000252
30269 -0.000252
30270 -0.000252
30271 -0.000252
30272 -0.000252
30273 -0.000252
30274 -0.000252
30275 -0.000252
30276 -0.000252
30277 -0.000252
30278 -0.000252
30279 -0.000252
30280 -0.000252
30281 -0.000252
30282 -0.000252
30283 -0.000252
30284 -0.000252
30285 -0.000252
30286 -0.000252
30287 -0.000252
30288 -0.000252
30289 -0.000252
30290 -0.000252
30292 -0.000250
30293 -0.000254
30294 -0.000252
30295 -0.000252
30296 -0.000252
30297 -0.000252
30298 -0.000252
30301 -0.000246
30303 -0.000254
30304 -0.000253
30305 -0.000252
30306 -0.000252
30308 -0.000253
30309 -0.000252
30311 -0.000251
30312 -0.000252
30313 -0.000251
30314 -0.000252
30315 -0.000252
30316 -0.000252
30317 -0.000252
30318 -0.000252
30319 -0.000252
30322 -0.000259
30323 -0.000252
30324 -0.000252
30325 -0.000252
30328 -0.000253
30329 -0.000252
30330 -0.000252
30331 -0.000252
30332 -0.000252
30333 -0.000252
30334 -0.000252
30335 -0.000252
30336 -0.000252
30337 -0.000252
30338 -0.000252
30339 -0.000252
30340 -0.000252
30341 -0.000252
30342 -0.000252
30343 -0.000252
30344 -0.000252
30345 -0.000252
30346 -0.000252
30347 -0.000252
30348 -0.000252
30349 -0.000252
30350 -0.000252
30351 -0.000252
30352 -0.000252
30353 -0.000252
30354 -0.000252
30355 -0.000252
30357 -0.000252
30358 -0.000252
30359 -0.000252
30362 -0.000252
30363 -0.000251
30364 -0.000252
30366 -0.000251
30367 -0.000253
30368 -0.000253
30369 -0.000252
30370 -0.000252
30371 -0.000252
30372 -0.000252
30373 -0.000252
30374 -0.000252
30376 -0.000251
30377 -0.000252
30378 -0.000252
30379 -0.000252
30380 -0.000252
30381 -0.000252
30382 -0.000252
30383 -0.000252
30384 -0.000252
30385 -0.000252
30387 -0.000253
30388 -0.000251
30389 -0.000252
30391 -0.000248
30393 -0.000251
30394 -0.000252
30395 -0.000252
30396 -0.000252
30397 -0.000252
30398 -0.000252
30401 -0.000259
30404 -0.000251
30405 -0.000251
30406 -0.000251
30407 -0.000251
30408 -0.000252
30409 -0.000251
30410 -0.000251
30411 -0.000251
30412 -0.000251
30413 -0.000251
30414 -0.000251
30415 -0.000251
30416 -0.000251
30417 -0.000251
30418 -0.000251
30419 -0.000251
30420 -0.000251
30421 -0.000251
30422 -0.000251
30423 -0.000251
30424 -0.000251
30425 -0.000251
30426 -0.000251
30427 -0.000251
30428 -0.000251
30429 -0.000251
30430 -0.000251
30431 -0.000251
30432 -0.000251
30433 -0.000251
30434 -0.000251
30435 -0.000251
30436 -0.000251
30437 -0.000251
30438 -0.000251
30439 -0.000251
30441 -0.000251
30442 -0.000251
30443 -0.000251
30444 -0.000251
30445 -0.000251
30446 -0.000251
30447 -0.000251
30448 -0.000251
30449 -0.000251
30450 -0.000251
30451 -0.000251
30453 -0.000250
30454 -0.000251
30455 -0.000251
30456 -0.000252
30457 -0.000251
30458 -0.000251
30459 -0.000251
30460 -0.000251
30461 -0.000251
30463 -0.000247
30466 -0.000253
30467 -0.000252
30468 -0.000251
30469 -0.000251
30470 -0.000251
30472 -0.000250
30473 -0.000252
30474 -0.000251
30475 -0.000251
30476 -0.000251
30477 -0.000251
30478 -0.000251
30479 -0.000251
30480 -0.000251
30481 -0.000251
30482 -0.000251
30483 -0.000251
30484 -0.000251
30485 -0.000251
30486 -0.000251
30487 -0.000251
30488 -0.000251
30489 -0.000251
30490 -0.000251
30491 -0.000251
30492 -0.000251
30493 -0.000251
30494 -0.000251
30496 -0.000246
30498 -0.000252
30499 -0.000251
30500 -0.000251
30501 -0.000251
30502 -0.000251
30503 -0.000251
30504 -0.000251
30505 -0.000251
30506 -0.000251
30507 -0.000251
30508 -0.000251
30511 -0.000250
30512 -0.000252
30513 -0.000251
30514 -0.000251
30515 -0.000251
30516 -0.000251
30517 -0.000251
30518 -0.000251
30519 -0.000251
30520 -0.000251
30521 -0.000251
30522 -0.000251
30523 -0.000251
30524 -0.000251
30525 -0.000251
30526 -0.000251
30527 -0.000251
30528 -0.000251
30529 -0.000251
30530 -0.000251
30531 -0.000251
30532 -0.000251
30533 -0.000251
30534 -0.000251
30535 -0.000251
30536 -0.000251
30538 -0.000251
30539 -0.000251
30540 -0.000251
30541 -0.000251
30542 -0.000251
30544 -0.000251
30545 -0.000250
30546 -0.000251
30547 -0.000251
30548 -0.000251
30549 -0.000251
30551 -0.000255
30554 -0.000251
30555 -0.000252
30556 -0.000251
30557 -0.000251
30558 -0.000251
30559 -0.000251
30560 -0.000251
30561 -0.000251
30562 -0.000251
30563 -0.000251
30564 -0.000251
30565 -0.000251
30566 -0.000251
30568 -0.000248
30570 -0.000247
30571 -0.000251
30572 -0.000251
30573 -0.000251
30574 -0.000251
30576 -0.000253
30578 -0.000248
30579 -0.000252
30580 -0.000251
30581 -0.000251
30582 -0.000251
30583 -0.000251
30584 -0.000251
30585 -0.000251
30586 -0.000251
30587 -0.000251
30588 -0.000251
30589 -0.000251
30590 -0.000251
30592 -0.000249
30593 -0.000252
30594 -0.000250
30595 -0.000251
30596 -0.000251
30597 -0.000251
30598 -0.000251
30599 -0.000251
30600 -0.000251
30602 -0.000254
30603 -0.000251
30604 -0.000251
30605 -0.000251
30606 -0.000251
30607 -0.000251
30608 -0.000251
30609 -0.000251
30611 -0.000251
30612 -0.000250
30613 -0.000250
30614 -0.000251
30615 -0.000251
30616 -0.000251
30617 -0.000251
30618 -0.000251
30619 -0.000251
30620 -0.000251
30621 -0.000251
30622 -0.000251
30623 -0.000251
30625 -0.000254
30626 -0.000251
30627 -0.000251
30628 -0.000251
30629 -0.000251
30630 -0.000251
30631 -0.000251
30632 -0.000251
30633 -0.000251
30636 -0.000249
30637 -0.000250
30638 -0.000251
30639 -0.000251
30641 -0.000254
30642 -0.000251
30643 -0.000250
30644 -0.000250
30645 -0.000251
30646 -0.000251
30647 -0.000251
30648 -0.000251
30649 -0.000251
30650 -0.000251
30651 -0.000251
30652 -0.000251
30653 -0.000251
30654 -0.000251
30655 -0.000251
30656 -0.000251
30657 -0.000251
30658 -0.000251
30659 -0.000251
30660 -0.000251
30662 -0.000254
30663 -0.000251
30664 -0.000250
30665 -0.000250
30666 -0.000251
30667 -0.000250
30668 -0.000250
30669 -0.000250
30670 -0.000250
30671 -0.000250
30672 -0.000250
30673 -0.000250
30674 -0.000250
30675 -0.000250
30676 -0.000250
30677 -0.000250
30678 -0.000250
30679 -0.000250
30680 -0.000250
30682 -0.000248
30683 -0.000251
30684 -0.000250
30685 -0.000250
30686 -0.000250
30687 -0.000250
30689 -0.000254
30690 -0.000250
30692 -0.000252
30693 -0.000252
30694 -0.000251
30696 -0.000250
30697 -0.000252
30699 -0.000253
30700 -0.000250
30701 -0.000250
30702 -0.000250
30703 -0.000250
30704 -0.000250
30705 -0.000250
30706 -0.000250
30707 -0.000250
30708 -0.000250
30709 -0.000250
30710 -0.000250
30711 -0.000250
30712 -0.000250
30713 -0.000250
30714 -0.000250
30715 -0.000250
30716 -0.000250
30717 -0.000250
30718 -0.000250
30719 -0.000250
30720 -0.000250
30721 -0.000250
30722 -0.000250
30723 -0.000250
30724 -0.000250
30726 -0.000253
30727 -0.000250
30729 -0.000249
30731 -0.000252
30732 -0.000249
30733 -0.000250
30734 -0.000250
30735 -0.000250
30736 -0.000250
30737 -0.000250
30738 -0.000250
30739 -0.000250
30740 -0.000250
30742 -0.000252
30743 -0.000250
30744 -0.000250
30745 -0.000250
30746 -0.000250
30747 -0.000250
30748 -0.000250
30749 -0.000250
30750 -0.000250
30752 -0.000249
30753 -0.000251
30754 -0.000250
30756 -0.000255
30757 -0.000250
30758 -0.000250
30759 -0.000250
30760 -0.000250
30761 -0.000250
30762 -0.000250
30763 -0.000250
30764 -0.000250
30765 -0.000250
30766 -0.000250
30767 -0.000250
30768 -0.000250
30770 -0.000247
30771 -0.000250
30772 -0.000250
30773 -0.000250
30774 -0.000250
30775 -0.000250
30776 -0.000250
30777 -0.000250
30778 -0.000250
30779 -0.000250
30780 -0.000250
30781 -0.000250
30782 -0.000250
30783 -0.000250
30785 -0.000248
30786 -0.000250
30787 -0.000250
30788 -0.000250
30789 -0.000250
30791 -0.000250
30792 -0.000250
30793 -0.000250
30794 -0.000250
30795 -0.000250
30796 -0.000250
30797 -0.000250
30798 -0.000250
30800 -0.000249
30801 -0.000250
30802 -0.000250
30803 -0.000250
30804 -0.000250
30806 -0.000252
30807 -0.000250
30808 -0.000250
30810 -0.000250
30811 -0.000250
30812 -0.000250
30813 -0.000250
30814 -0.000250
30815 -0.000250
30816 -0.000250
30817 -0.000250
30818 -0.000250
30819 -0.000250
30820 -0.000250
30821 -0.000250
30822 -0.000250
30823 -0.000250
30824 -0.000250
30825 -0.000250
30826 -0.000250
30827 -0.000250
30828 -0.000250
30829 -0.000250
30830 -0.000250
30832 -0.000245
30833 -0.000252
30834 -0.000250
30835 -0.000250
30836 -0.000250
30837 -0.000250
30839 -0.000251
30840 -0.000250
30841 -0.000250
30842 -0.000250
30844 -0.000251
30845 -0.000250
30846 -0.000250
30848 -0.000250
30849 -0.000250
30850 -0.000250
30851 -0.000250
30852 -0.000250
30854 -0.000250
30855 -0.000249
30856 -0.000250
30858 -0.000253
30859 -0.000250
30860 -0.000250
30861 -0.000250
30862 -0.000250
30863 -0.000250
30864 -0.000250
30865 -0.000250
30866 -0.000250
30867 -0.000250
30868 -0.000250
30869 -0.000250
30870 -0.000250
30872 -0.000250
30873 -0.000249
30874 -0.000250
30876 -0.000247
30877 -0.000250
30878 -0.000250
30879 -0.000250
30880 -0.000250
30881 -0.000250
30882 -0.000250
30883 -0.000250
30884 -0.000250
30885 -0.000250
30887 -0.000249
30888 -0.000250
30889 -0.000249
30890 -0.000250
30891 -0.000250
30893 -0.000249
30894 -0.000250
30895 -0.000250
30896 -0.000250
30897 -0.000249
30899 -0.000247
30901 -0.000250
30902 -0.000249
30903 -0.000249
30904 -0.000250
30905 -0.000249
30906 -0.000249
30909 -0.000249
30910 -0.000249
30911 -0.000249
30912 -0.000249
30913 -0.000249
30914 -0.000249
30915 -0.000249
30916 -0.000249
30917 -0.000249
30918 -0.000249
30919 -0.000249
30920 -0.000249
30922 -0.000249
30923 -0.000249
30925 -0.000250
30926 -0.000249
30927 -0.000249
30928 -0.000249
30930 -0.000248
30931 -0.000249
30932 -0.000249
30933 -0.000249
30934 -0.000249
30935 -0.000249
30936 -0.000249
30937 -0.000249
30938 -0.000249
30939 -0.000249
30940 -0.000249
30941 -0.000249
30942 -0.000249
30944 -0.000248
30946 -0.000244
30947 -0.000249
30948 -0.000250
30949 -0.000249
30950 -0.000249
30951 -0.000249
30952 -0.000249
30953 -0.000249
30954 -0.000249
30956 -0.000249
30957 -0.000249
30958 -0.000250
30959 -0.000249
30960 -0.000249
30961 -0.000249
30962 -0.000249
30963 -0.000249
30964 -0.000249
30965 -0.000249
30967 -0.000244
30968 -0.000249
30969 -0.000249
30970 -0.000249
30971 -0.000249
30972 -0.000249
30973 -0.000249
30974 -0.000249
30975 -0.000249
30976 -0.000249
30977 -0.000249
30978 -0.000249
30980 -0.000249
30981 -0.000249
30982 -0.000250
30983 -0.000249
30984 -0.000249
30985 -0.000249
30988 -0.000248
30989 -0.000249
30991 -0.000248
30992 -0.000249
30993 -0.000249
30994 -0.000249
30995 -0.000249
30996 -0.000249
30997 -0.000249
30998 -0.000249
31000 -0.000256
31002 -0.000252
31003 -0.000249
31004 -0.000249
31005 -0.000249
31006 -0.000249
31007 -0.000249
31008 -0.000249
31009 -0.000249
31010 -0.000249
31011 -0.000249
31012 -0.000249
31013 -0.000249
31014 -0.000249
31015 -0.000249
31016 -0.000249
31017 -0.000249
31018 -0.000249
31020 -0.000250
31021 -0.000248
31022 -0.000249
31023 -0.000249
31024 -0.000249
31025 -0.000249
31026 -0.000249
31027 -0.000249
31028 -0.000249
31030 -0.000248
31031 -0.000249
31033 -0.000249
31034 -0.000249
31035 -0.000249
31036 -0.000249
31037 -0.000249
31038 -0.000249
31039 -0.000249
31040 -0.000249
31041 -0.000249
31042 -0.000249
31044 -0.000252
31045 -0.000249
31046 -0.000249
31047 -0.000249
31049 -0.000248
31051 -0.000246
31052 -0.000248
31054 -0.000249
31055 -0.000249
31056 -0.000248
31057 -0.000249
31058 -0.000249
31059 -0.000249
31060 -0.000249
31061 -0.000249
31062 -0.000249
31063 -0.000249
31064 -0.000249
31065 -0.000249
31066 -0.000249
31067 -0.000249
31068 -0.000249
31069 -0.000249
31070 -0.000249
31071 -0.000249
31072 -0.000249
31073 -0.000249
31074 -0.000249
31077 -0.000251
31078 -0.000248
31079 -0.000249
31080 -0.000248
31081 -0.000248
31082 -0.000249
31083 -0.000248
31084 -0.000248
31085 -0.000248
31086 -0.000248
31087 -0.000248
31088 -0.000248
31089 -0.000248
31090 -0.000248
31091 -0.000248
31092 -0.000248
31094 -0.000244
31095 -0.000250
31096 -0.000248
31097 -0.000249
31098 -0.000248
31099 -0.000249
31100 -0.000249
31101 -0.000248
31102 -0.000248
31103 -0.000248
31104 -0.000248
31105 -0.000248
31106 -0.000248
31107 -0.000248
31108 -0.000248
31109 -0.000248
31110 -0.000248
31111 -0.000248
31112 -0.000248
31113 -0.000248
31114 -0.000248
31115 -0.000248
31116 -0.000248
31118 -0.000249
31119 -0.000248
31120 -0.000248
31121 -0.000248
31122 -0.000248
31124 -0.000250
31125 -0.000248
31126 -0.000248
31127 -0.000248
31129 -0.000248
31130 -0.000248
31131 -0.000248
31132 -0.000248
31133 -0.000248
31134 -0.000248
31135 -0.000248
31136 -0.000248
31137 -0.000248
31138 -0.000248
31139 -0.000248
31140 -0.000248
31141 -0.000248
31142 -0.000248
31143 -0.000248
31144 -0.000248
31145 -0.000248
31146 -0.000248
31147 -0.000248
31148 -0.000248
31149 -0.000248
31150 -0.000248
31151 -0.000248
31152 -0.000248
31153 -0.000248
31154 -0.000248
31155 -0.000248
31156 -0.000248
31157 -0.000248
31158 -0.000248
31161 -0.000252
31162 -0.000248
31163 -0.000248
31164 -0.000248
31165 -0.000248
31166 -0.000248
31167 -0.000248
31168 -0.000248
31169 -0.000248
31171 -0.000248
31172 -0.000248
31173 -0.000248
31174 -0.000248
31175 -0.000248
31176 -0.000248
31179 -0.000250
31180 -0.000248
31181 -0.000248
31182 -0.000248
31183 -0.000248
31184 -0.000248
31185 -0.000248
31186 -0.000248
31187 -0.000248
31188 -0.000248
31189 -0.000248
31190 -0.000248
31191 -0.000248
31192 -0.000248
31193 -0.000248
31194 -0.000248
31197 -0.000251
31198 -0.000248
31199 -0.000248
31200 -0.000248
31201 -0.000248
31203 -0.000245
31204 -0.000248
31205 -0.000248
31206 -0.000248
31207 -0.000248
31208 -0.000248
31209 -0.000248
31210 -0.000248
31212 -0.000246
31213 -0.000249
31215 -0.000240
31216 -0.000247
31217 -0.000248
31218 -0.000248
31220 -0.000250
31221 -0.000247
31222 -0.000248
31224 -0.000246
31225 -0.000248
31226 -0.000248
31227 -0.000248
31228 -0.000248
31229 -0.000248
31230 -0.000248
31231 -0.000248
31232 -0.000248
31233 -0.000248
31234 -0.000248
31235 -0.000248
31236 -0.000248
31237 -0.000248
31238 -0.000248
31239 -0.000248
31240 -0.000248
31241 -0.000248
31242 -0.000248
31243 -0.000248
31244 -0.000248
31245 -0.000248
31246 -0.000248
31247 -0.000248
31248 -0.000248
31249 -0.000248
31250 -0.000248
31251 -0.000248
31252 -0.000248
31253 -0.000248
31255 -0.000248
31256 -0.000248
31257 -0.000248
31258 -0.000248
31259 -0.000248
31260 -0.000248
31261 -0.000248
31262 -0.000248
31263 -0.000248
31264 -0.000248
31266 -0.000251
31268 -0.000247
31269 -0.000249
31270 -0.000248
31271 -0.000248
31272 -0.000248
31273 -0.000248
31274 -0.000248
31275 -0.000248
31276 -0.000248
31277 -0.000248
31278 -0.000248
31279 -0.000248
31280 -0.000248
31281 -0.000248
31283 -0.000248
31284 -0.000248
31285 -0.000248
31286 -0.000248
31287 -0.000248
31288 -0.000248
31289 -0.000248
31290 -0.000248
31291 -0.000248
31292 -0.000248
31293 -0.000248
31294 -0.000248
31295 -0.000248
31296 -0.000248
31297 -0.000248
31298 -0.000248
31299 -0.000248
31300 -0.000248
31301 -0.000248
31302 -0.000248
31303 -0.000248
31304 -0.000248
31305 -0.000248
31306 -0.000248
31307 -0.000248
31308 -0.000248
31309 -0.000248
31310 -0.000248
31311 -0.000248
31312 -0.000248
31314 -0.000248
31315 -0.000248
31316 -0.000248
31317 -0.000248
31318 -0.000248
31319 -0.000248
31320 -0.000248
31321 -0.000248
31322 -0.000248
31323 -0.000248
31324 -0.000248
31325 -0.000248
31326 -0.000248
31327 -0.000248
31328 -0.000248
31329 -0.000248
31330 -0.000248
31331 -0.000248
31332 -0.000248
31334 -0.000250
31336 -0.000247
31337 -0.000248
31339 -0.000247
31340 -0.000248
31341 -0.000248
31343 -0.000252
31344 -0.000248
31345 -0.000248
31347 -0.000248
31348 -0.000247
31349 -0.000247
31350 -0.000248
31351 -0.000248
31352 -0.000248
31354 -0.000249
31355 -0.000247
31356 -0.000248
31357 -0.000247
31358 -0.000247
31359 -0.000247
31360 -0.000248
31361 -0.000247
31362 -0.000248
31363 -0.000247
31365 -0.000246
31366 -0.000247
31367 -0.000248
31368 -0.000247
31369 -0.000247
31370 -0.000247
31371 -0.000247
31372 -0.000247
31373 -0.000247
31374 -0.000247
31376 -0.000249
31377 -0.000247
31378 -0.000247
31379 -0.000248
31380 -0.000247
31381 -0.000247
31382 -0.000247
31383 -0.000247
31385 -0.000248
31387 -0.000242
31388 -0.000247
31391 -0.000248
31392 -0.000247
31393 -0.000247
31394 -0.000247
31395 -0.000247
31396 -0.000247
31397 -0.000247
31398 -0.000247
31399 -0.000247
31400 -0.000247
31401 -0.000247
31402 -0.000247
31403 -0.000247
31404 -0.000247
31405 -0.000247
31406 -0.000247
31407 -0.000247
31408 -0.000247
31409 -0.000247
31410 -0.000247
31411 -0.000247
31412 -0.000247
31413 -0.000247
31414 -0.000247
31415 -0.000247
31416 -0.000247
31417 -0.000247
31418 -0.000247
31420 -0.000248
31421 -0.000247
31422 -0.000247
31423 -0.000247
31424 -0.000247
31425 -0.000247
31426 -0.000247
31427 -0.000247
31428 -0.000247
31429 -0.000247
31430 -0.000247
31432 -0.000248
31434 -0.000248
31435 -0.000247
31436 -0.000247
31437 -0.000247
31438 -0.000247
31439 -0.000247
31440 -0.000247
31441 -0.000247
31442 -0.000247
31443 -0.000247
31445 -0.000254
31447 -0.000245
31448 -0.000247
31449 -0.000247
31450 -0.000247
31451 -0.000247
31452 -0.000247
31453 -0.000247
31454 -0.000247
31456 -0.000244
31457 -0.000247
31458 -0.000247
31459 -0.000247
31460 -0.000247
31461 -0.000247
31462 -0.000247
31463 -0.000247
31464 -0.000247
31465 -0.000247
31466 -0.000247
31468 -0.000248
31469 -0.000246
31470 -0.000247
31471 -0.000247
31472 -0.000247
31473 -0.000247
31475 -0.000247
31476 -0.000247
31477 -0.000247
31479 -0.000244
31480 -0.000247
31481 -0.000247
31482 -0.000247
31483 -0.000247
31484 -0.000247
31487 -0.000247
31488 -0.000247
31489 -0.000247
31491 -0.000246
31492 -0.000247
31493 -0.000247
31494 -0.000247
31495 -0.000247
31497 -0.000245
31498 -0.000247
31499 -0.000247
31500 -0.000247
31501 -0.000247
31504 -0.000248
31505 -0.000247
31506 -0.000247
31507 -0.000247
31508 -0.000247
31509 -0.000247
31511 -0.000243
31512 -0.000247
31513 -0.000247
31514 -0.000247
31515 -0.000247
31516 -0.000247
31517 -0.000247
31518 -0.000247
31519 -0.000247
31520 -0.000247
31521 -0.000247
31522 -0.000247
31523 -0.000247
31524 -0.000247
31525 -0.000247
31526 -0.000247
31527 -0.000247
31528 -0.000247
31529 -0.000247
31530 -0.000247
31533 -0.000245
31535 -0.000246
31536 -0.000246
31537 -0.000247
31538 -0.000247
31539 -0.000247
31540 -0.000247
31541 -0.000247
31542 -0.000247
31543 -0.000247
31545 -0.000248
31546 -0.000247
31547 -0.000246
31548 -0.000246
31549 -0.000246
31550 -0.000247
31551 -0.000247
31552 -0.000247
31553 -0.000247
31554 -0.000247
31555 -0.000247
31558 -0.000247
31559 -0.000246
31560 -0.000247
31561 -0.000247
31562 -0.000246
31563 -0.000246
31564 -0.000246
31565 -0.000246
31566 -0.000246
31567 -0.000246
31568 -0.000246
31569 -0.000246
31571 -0.000248
31572 -0.000247
31573 -0.000246
31574 -0.000246
31576 -0.000246
31577 -0.000246
31579 -0.000244
31580 -0.000246
31581 -0.000247
31582 -0.000246
31584 -0.000245
31585 -0.000247
31586 -0.000246
31588 -0.000246
31589 -0.000246
31591 -0.000246
31592 -0.000246
31593 -0.000246
31594 -0.000246
31595 -0.000246
31597 -0.000247
31598 -0.000246
31599 -0.000246
31600 -0.000246
31601 -0.000246
31602 -0.000246
31603 -0.000246
31604 -0.000246
31605 -0.000246
31606 -0.000246
31607 -0.000246
31608 -0.000246
31609 -0.000246
31610 -0.000246
31611 -0.000246
31612 -0.000246
31613 -0.000246
31614 -0.000246
31615 -0.000246
31616 -0.000246
31617 -0.000246
31618 -0.000246
31619 -0.000246
31620 -0.000246
31622 -0.000246
31623 -0.000247
31624 -0.000246
31625 -0.000246
31626 -0.000246
31627 -0.000246
31628 -0.000246
31629 -0.000246
31630 -0.000246
31631 -0.000246
31632 -0.000246
31633 -0.000246
31635 -0.000251
31636 -0.000247
31637 -0.000246
31638 -0.000246
31639 -0.000246
31641 -0.000247
31642 -0.000246
31643 -0.000246
31644 -0.000246
31645 -0.000246
31646 -0.000246
31647 -0.000246
31648 -0.000246
31649 -0.000246
31650 -0.000246
31653 -0.000245
31654 -0.000245
31655 -0.000246
31656 -0.000246
31657 -0.000246
31658 -0.000246
31659 -0.000246
31660 -0.000246
31661 -0.000246
31662 -0.000246
31664 -0.000247
31665 -0.000246
31666 -0.000246
31667 -0.000246
31668 -0.000246
31669 -0.000246
31670 -0.000246
31671 -0.000246
31672 -0.000246
31673 -0.000246
31674 -0.000246
31675 -0.000246
31676 -0.000246
31677 -0.000246
31678 -0.000246
31679 -0.000246
31680 -0.000246
31681 -0.000246
31683 -0.000246
31684 -0.000247
31685 -0.000246
31686 -0.000246
31687 -0.000246
31688 -0.000246
31689 -0.000246
31690 -0.000246
31691 -0.000246
31692 -0.000246
31693 -0.000246
31694 -0.000246
31695 -0.000246
31696 -0.000246
31698 -0.000247
31699 -0.000246
31700 -0.000246
31701 -0.000246
31702 -0.000246
31704 -0.000248
31705 -0.000246
31708 -0.000255
31709 -0.000247
31710 -0.000246
31711 -0.000246
31712 -0.000246
31713 -0.000246
31714 -0.000246
31715 -0.000246
31716 -0.000246
31717 -0.000246
31718 -0.000246
31719 -0.000246
31720 -0.000246
31722 -0.000244
31723 -0.000246
31724 -0.000246
31725 -0.000246
31726 -0.000246
31728 -0.000248
31729 -0.000245
31730 -0.000246
31731 -0.000246
31732 -0.000246
31733 -0.000246
31734 -0.000246
31735 -0.000246
31736 -0.000246
31737 -0.000246
31738 -0.000246
31739 -0.000246
31740 -0.000246
31741 -0.000246
31742 -0.000246
31743 -0.000246
31745 -0.000250
31746 -0.000246
31747 -0.000246
31748 -0.000246
31749 -0.000246
31750 -0.000246
31751 -0.000246
31752 -0.000246
31753 -0.000246
31754 -0.000246
31755 -0.000246
31756 -0.000246
31757 -0.000246
31758 -0.000246
31759 -0.000246
31760 -0.000246
31761 -0.000246
31762 -0.000246
31763 -0.000246
31764 -0.000246
31765 -0.000246
31766 -0.000246
31767 -0.000246
31768 -0.000246
31769 -0.000246
31771 -0.000245
31772 -0.000244
31773 -0.000245
31774 -0.000246
31775 -0.000246
31777 -0.000250
31778 -0.000246
31779 -0.000246
31780 -0.000246
31781 -0.000246
31782 -0.000246
31783 -0.000246
31784 -0.000246
31785 -0.000246
31786 -0.000246
31787 -0.000246
31788 -0.000246
31789 -0.000246
31790 -0.000246
31791 -0.000246
31792 -0.000246
31793 -0.000246
31794 -0.000246
31797 -0.000245
31798 -0.000247
31799 -0.000245
31800 -0.000245
31801 -0.000246
31802 -0.000246
31803 -0.000246
31804 -0.000246
31805 -0.000246
31806 -0.000246
31808 -0.000247
31809 -0.000245
31810 -0.000245
31811 -0.000246
31812 -0.000246
31813 -0.000246
31814 -0.000246
31815 -0.000246
31816 -0.000246
31817 -0.000246
31821 -0.000245
31822 -0.000245
31823 -0.000245
31824 -0.000245
31825 -0.000245
31826 -0.000245
31827 -0.000245
31828 -0.000245
31829 -0.000245
31830 -0.000245
31831 -0.000245
31832 -0.000245
31833 -0.000245
31834 -0.000245
31835 -0.000245
31836 -0.000245
31838 -0.000250
31839 -0.000245
31840 -0.000245
31841 -0.000245
31842 -0.000245
31844 -0.000245
31845 -0.000245
31846 -0.000245
31848 -0.000246
31849 -0.000245
31850 -0.000246
31851 -0.000245
31852 -0.000245
31853 -0.000245
31854 -0.000245
31855 -0.000245
31856 -0.000245
31857 -0.000245
31858 -0.000245
31859 -0.000245
31860 -0.000245
31861 -0.000245
31862 -0.000245
31863 -0.000245
31864 -0.000245
31865 -0.000245
31866 -0.000245
31867 -0.000245
31868 -0.000245
31869 -0.000245
31870 -0.000245
31871 -0.000245
31872 -0.000245
31873 -0.000245
31874 -0.000245
31875 -0.000245
31876 -0.000245
31877 -0.000245
31878 -0.000245
31879 -0.000245
31880 -0.000245
31881 -0.000245
31882 -0.000245
31883 -0.000245
31884 -0.000245
31885 -0.000245
31886 -0.000245
31887 -0.000245
31889 -0.000245
31890 -0.000245
31891 -0.000245
31892 -0.000245
31894 -0.000245
31895 -0.000247
31897 -0.000243
31898 -0.000244
31899 -0.000245
31900 -0.000245
31901 -0.000245
31902 -0.000245
31903 -0.000245
31904 -0.000245
31905 -0.000245
31906 -0.000245
31907 -0.000245
31908 -0.000245
31909 -0.000245
31910 -0.000245
31911 -0.000245
31912 -0.000245
31913 -0.000245
31914 -0.000245
31915 -0.000245
31916 -0.000245
31917 -0.000245
31918 -0.000245
31919 -0.000245
31920 -0.000245
31921 -0.000245
31922 -0.000245
31923 -0.000245
31924 -0.000245
31925 -0.000245
31926 -0.000245
31927 -0.000245
31928 -0.000245
31929 -0.000245
31930 -0.000245
31931 -0.000245
31933 -0.000243
31936 -0.000246
31937 -0.000246
31938 -0.000245
31939 -0.000245
31940 -0.000245
31941 -0.000245
31943 -0.000251
31944 -0.000245
31945 -0.000245
31946 -0.000245
31947 -0.000245
31948 -0.000245
31949 -0.000245
31950 -0.000245
31951 -0.000245
31952 -0.000245
31953 -0.000245
31954 -0.000245
31955 -0.000245
31956 -0.000245
31957 -0.000245
31958 -0.000245
31959 -0.000245
31960 -0.000245
31961 -0.000245
31962 -0.000245
31963 -0.000245
31964 -0.000245
31965 -0.000245
31966 -0.000245
31967 -0.000245
31968 -0.000245
31969 -0.000245
31970 -0.000245
31971 -0.000245
31973 -0.000250
31974 -0.000245
31975 -0.000246
31977 -0.000243
31978 -0.000245
31979 -0.000245
31980 -0.000245
31981 -0.000245
31982 -0.000245
31984 -0.000245
31985 -0.000245
31986 -0.000245
31987 -0.000245
31988 -0.000245
31989 -0.000245
31990 -0.000245
31992 -0.000241
31993 -0.000244
31995 -0.000247
31997 -0.000244
31999 -0.000245
32000 -0.000244
32002 -0.000244
32004 -0.000248
32005 -0.000244
32006 -0.000245
32007 -0.000245
32008 -0.000245
32009 -0.000245
32012 -0.000247
32013 -0.000245
32014 -0.000245
32015 -0.000245
32016 -0.000245
32017 -0.000245
32018 -0.000245
32020 -0.000246
32021 -0.000244
32022 -0.000245
32023 -0.000245
32024 -0.000245
32025 -0.000245
32026 -0.000245
32028 -0.000245
32029 -0.000245
32030 -0.000245
32031 -0.000245
32033 -0.000246
32035 -0.000245
32036 -0.000245
32037 -0.000244
32038 -0.000245
32039 -0.000245
32040 -0.000244
32041 -0.000245
32042 -0.000245
32043 -0.000245
32044 -0.000245
32045 -0.000245
32046 -0.000245
32047 -0.000245
32048 -0.000245
32049 -0.000245
32050 -0.000245
32051 -0.000245
32052 -0.000245
32053 -0.000245
32054 -0.000245
32055 -0.000245
32056 -0.000245
32057 -0.000245
32058 -0.000245
32059 -0.000245
32060 -0.000245
32061 -0.000245
32062 -0.000245
32063 -0.000245
32065 -0.000245
32066 -0.000245
32067 -0.000244
32068 -0.000244
32069 -0.000245
32070 -0.000245
32071 -0.000244
32073 -0.000245
32074 -0.000244
32075 -0.000244
32076 -0.000244
32077 -0.000244
32078 -0.000244
32079 -0.000244
32080 -0.000244
32081 -0.000244
32082 -0.000244
32083 -0.000244
32084 -0.000244
32085 -0.000244
32086 -0.000244
32088 -0.000245
32089 -0.000244
32090 -0.000244
32091 -0.000244
32092 -0.000244
32093 -0.000244
32094 -0.000244
32095 -0.000244
32096 -0.000244
32097 -0.000244
32098 -0.000244
32099 -0.000244
32100 -0.000244
32101 -0.000244
32102 -0.000244
32103 -0.000244
32105 -0.000244
32106 -0.000245
32107 -0.000244
32108 -0.000244
32110 -0.000247
32111 -0.000244
32112 -0.000244
32113 -0.000244
32114 -0.000244
32115 -0.000244
32116 -0.000244
32117 -0.000244
32118 -0.000244
32119 -0.000244
32120 -0.000244
32121 -0.000244
32122 -0.000244
32123 -0.000244
32124 -0.000244
32125 -0.000244
32126 -0.000244
32127 -0.000244
32128 -0.000244
32129 -0.000244
32130 -0.000244
32131 -0.000244
32132 -0.000244
32133 -0.000244
32135 -0.000243
32138 -0.000245
32139 -0.000245
32140 -0.000244
32141 -0.000244
32142 -0.000244
32145 -0.000247
32146 -0.000244
32147 -0.000244
32148 -0.000244
32149 -0.000244
32150 -0.000244
32151 -0.000244
32152 -0.000244
32153 -0.000244
32154 -0.000244
32155 -0.000244
32156 -0.000244
32157 -0.000244
32158 -0.000244
32159 -0.000244
32160 -0.000244
32161 -0.000244
32162 -0.000244
32163 -0.000244
32164 -0.000244
32165 -0.000244
32166 -0.000244
32167 -0.000244
32168 -0.000244
32169 -0.000244
32170 -0.000244
32171 -0.000244
32172 -0.000244
32173 -0.000244
32174 -0.000244
32175 -0.000244
32176 -0.000244
32177 -0.000244
32178 -0.000244
32179 -0.000244
32181 -0.000246
32182 -0.000244
32183 -0.000244
32184 -0.000244
32185 -0.000244
32187 -0.000244
32188 -0.000246
32189 -0.000244
32190 -0.000244
32191 -0.000244
32192 -0.000244
32193 -0.000244
32194 -0.000244
32195 -0.000244
32197 -0.000246
32198 -0.000244
32200 -0.000243
32201 -0.000245
32202 -0.000244
32203 -0.000244
32204 -0.000244
32205 -0.000244
32206 -0.000244
32207 -0.000244
32208 -0.000244
32209 -0.000244
32210 -0.000244
32211 -0.000244
32212 -0.000244
32214 -0.000244
32215 -0.000244
32217 -0.000238
32218 -0.000246
32219 -0.000244
32220 -0.000244
32221 -0.000244
32222 -0.000244
32223 -0.000244
32224 -0.000244
32225 -0.000244
32226 -0.000244
32227 -0.000244
32228 -0.000244
32229 -0.000244
32232 -0.000245
32233 -0.000244
32234 -0.000244
32235 -0.000244
32238 -0.000246
32240 -0.000245
32241 -0.000244
32242 -0.000244
32244 -0.000241
32245 -0.000244
32246 -0.000244
32248 -0.000246
32249 -0.000243
32250 -0.000244
32251 -0.000244
32252 -0.000244
32253 -0.000244
32254 -0.000244
32256 -0.000241
32258 -0.000244
32259 -0.000243
32260 -0.000244
32261 -0.000244
32262 -0.000244
32263 -0.000244
32264 -0.000244
32265 -0.000244
32266 -0.000244
32267 -0.000244
32268 -0.000244
32269 -0.000244
32270 -0.000244
32272 -0.000241
32273 -0.000243
32274 -0.000244
32275 -0.000244
32276 -0.000244
32278 -0.000244
32279 -0.000243
32280 -0.000244
32281 -0.000244
32282 -0.000244
32283 -0.000244
32284 -0.000244
32286 -0.000243
32288 -0.000243
32289 -0.000243
32290 -0.000244
32291 -0.000244
32292 -0.000244
32293 -0.000244
32294 -0.000244
32295 -0.000243
32296 -0.000243
32297 -0.000243
32298 -0.000243
32299 -0.000243
32300 -0.000243
32302 -0.000241
32303 -0.000244
32304 -0.000244
32305 -0.000243
32307 -0.000243
32308 -0.000244
32309 -0.000243
32311 -0.000241
32312 -0.000243
32313 -0.000243
32314 -0.000243
32315 -0.000243
32317 -0.000242
32318 -0.000244
32319 -0.000243
32320 -0.000243
32321 -0.000243
32322 -0.000243
32323 -0.000243
32325 -0.000243
32327 -0.000241
32328 -0.000244
32330 -0.000242
32331 -0.000243
32332 -0.000243
32333 -0.000243
32334 -0.000243
32336 -0.000243
32337 -0.000244
32338 -0.000243
32339 -0.000243
32340 -0.000243
32342 -0.000244
32343 -0.000243
32344 -0.000243
32345 -0.000243
32346 -0.000243
32347 -0.000243
32348 -0.000243
32350 -0.000243
32351 -0.000244
32352 -0.000243
32354 -0.000240
32355 -0.000245
32356 -0.000243
32357 -0.000243
32358 -0.000243
32359 -0.000243
32360 -0.000243
32361 -0.000243
32362 -0.000243
32363 -0.000243
32364 -0.000243
32365 -0.000243
32366 -0.000243
32367 -0.000243
32368 -0.000243
32369 -0.000243
32370 -0.000243
32371 -0.000243
32372 -0.000243
32373 -0.000243
32374 -0.000243
32375 -0.000243
32376 -0.000243
32377 -0.000243
32378 -0.000243
32379 -0.000243
32380 -0.000243
32381 -0.000243
32382 -0.000243
32383 -0.000243
32384 -0.000243
32385 -0.000243
32386 -0.000243
32387 -0.000243
32388 -0.000243
32389 -0.000243
32391 -0.000246
32393 -0.000239
32394 -0.000244
32395 -0.000243
32396 -0.000243
32397 -0.000243
32398 -0.000243
32399 -0.000243
32400 -0.000243
32401 -0.000243
32403 -0.000245
32404 -0.000243
32405 -0.000243
32406 -0.000243
32407 -0.000243
32408 -0.000243
32409 -0.000243
32411 -0.000243
32412 -0.000243
32413 -0.000243
32414 -0.000243
32415 -0.000243
32418 -0.000247
32419 -0.000244
32420 -0.000242
32421 -0.000243
32422 -0.000243
32424 -0.000241
32425 -0.000244
32427 -0.000243
32428 -0.000243
32429 -0.000243
32430 -0.000243
32431 -0.000243
32432 -0.000243
32433 -0.000243
32434 -0.000243
32435 -0.000243
32436 -0.000243
32437 -0.000243
32438 -0.000243
32439 -0.000243
32440 -0.000243
32441 -0.000243
32442 -0.000243
32443 -0.000243
32444 -0.000243
32445 -0.000243
32446 -0.000243
32448 -0.000238
32449 -0.000245
32450 -0.000243
32451 -0.000243
32452 -0.000243
32454 -0.000244
32455 -0.000241
32456 -0.000242
32457 -0.000243
32458 -0.000243
32459 -0.000243
32460 -0.000243
32461 -0.000243
32462 -0.000243
32464 -0.000243
32465 -0.000243
32466 -0.000243
32468 -0.000244
32470 -0.000243
32471 -0.000243
32472 -0.000243
32473 -0.000243
32474 -0.000243
32475 -0.000243
32476 -0.000243
32477 -0.000243
32478 -0.000243
32479 -0.000243
32480 -0.000243
32481 -0.000243
32482 -0.000243
32483 -0.000243
32485 -0.000245
32486 -0.000243
32487 -0.000243
32488 -0.000243
32490 -0.000247
32491 -0.000243
32492 -0.000242
32493 -0.000243
32494 -0.000243
32495 -0.000243
32496 -0.000243
32498 -0.000242
32500 -0.000236
32501 -0.000242
32502 -0.000242
32503 -0.000242
32504 -0.000243
32505 -0.000242
32506 -0.000243
32507 -0.000243
32508 -0.000242
32510 -0.000243
32511 -0.000243
32512 -0.000243
32513 -0.000242
32514 -0.000242
32515 -0.000242
32516 -0.000242
32517 -0.000242
32518 -0.000242
32520 -0.000244
32521 -0.000243
32522 -0.000242
32523 -0.000242
32524 -0.000242
32525 -0.000242
32527 -0.000244
32528 -0.000243
32529 -0.000243
32532 -0.000244
32533 -0.000242
32535 -0.000241
32538 -0.000243
32539 -0.000242
32540 -0.000242
32541 -0.000242
32542 -0.000242
32543 -0.000242
32544 -0.000242
32545 -0.000242
32546 -0.000242
32547 -0.000242
32548 -0.000242
32549 -0.000242
32550 -0.000242
32551 -0.000242
32552 -0.000242
32553 -0.000242
32554 -0.000242
32555 -0.000242
32556 -0.000242
32557 -0.000242
32558 -0.000242
32559 -0.000242
32560 -0.000242
32561 -0.000242
32562 -0.000242
32563 -0.000242
32564 -0.000242
32565 -0.000242
32566 -0.000242
32567 -0.000242
32568 -0.000242
32569 -0.000242
32571 -0.000238
32572 -0.000242
32573 -0.000242
32574 -0.000242
32575 -0.000242
32576 -0.000242
32577 -0.000242
32579 -0.000243
32580 -0.000242
32581 -0.000242
32582 -0.000242
32583 -0.000242
32584 -0.000242
32585 -0.000242
32586 -0.000242
32587 -0.000242
32588 -0.000242
32589 -0.000242
32590 -0.000242
32591 -0.000242
32593 -0.000244
32594 -0.000242
32595 -0.000242
32596 -0.000242
32597 -0.000242
32598 -0.000242
32599 -0.000242
32600 -0.000242
32601 -0.000242
32602 -0.000242
32603 -0.000242
32604 -0.000242
32605 -0.000242
32606 -0.000242
32607 -0.000242
32608 -0.000242
32609 -0.000242
32610 -0.000242
32611 -0.000242
32612 -0.000242
32614 -0.000244
32615 -0.000242
32616 -0.000242
32617 -0.000242
32618 -0.000242
32619 -0.000242
32620 -0.000242
32621 -0.000242
32622 -0.000242
32623 -0.000242
32624 -0.000242
32625 -0.000242
32626 -0.000242
32627 -0.000242
32628 -0.000242
32629 -0.000242
32630 -0.000242
32632 -0.000241
32633 -0.000242
32634 -0.000242
32635 -0.000242
32637 -0.000241
32638 -0.000242
32639 -0.000242
32640 -0.000242
32642 -0.000241
32643 -0.000241
32645 -0.000242
32646 -0.000242
32647 -0.000242
32648 -0.000242
32649 -0.000242
32650 -0.000242
32651 -0.000242
32652 -0.000242
32653 -0.000242
32654 -0.000242
32655 -0.000242
32656 -0.000242
32657 -0.000242
32658 -0.000242
32659 -0.000242
32660 -0.000242
32661 -0.000242
32662 -0.000242
32663 -0.000242
32664 -0.000242
32665 -0.000242
32666 -0.000242
32667 -0.000242
32668 -0.000242
32669 -0.000242
32670 -0.000242
32671 -0.000242
32672 -0.000242
32673 -0.000242
32674 -0.000242
32675 -0.000242
32676 -0.000242
32677 -0.000242
32678 -0.000242
32679 -0.000242
32680 -0.000242
32681 -0.000242
32682 -0.000242
32683 -0.000242
32684 -0.000242
32685 -0.000242
32686 -0.000242
32687 -0.000242
32688 -0.000242
32689 -0.000242
32690 -0.000242
32691 -0.000242
32692 -0.000242
32693 -0.000242
32694 -0.000242
32695 -0.000242
32696 -0.000242
32697 -0.000242
32698 -0.000242
32699 -0.000242
32701 -0.000243
32702 -0.000242
32703 -0.000242
32704 -0.000242
32705 -0.000242
32706 -0.000242
32708 -0.000239
32709 -0.000243
32710 -0.000242
32711 -0.000242
32714 -0.000241
32715 -0.000241
32716 -0.000242
32717 -0.000242
32718 -0.000242
32720 -0.000237
32723 -0.000241
32724 -0.000241
32725 -0.000242
32726 -0.000242
32727 -0.000242
32728 -0.000242
32729 -0.000242
32730 -0.000242
32732 -0.000241
32733 -0.000242
32734 -0.000242
32735 -0.000242
32736 -0.000242
32737 -0.000242
32738 -0.000242
32739 -0.000242
32740 -0.000242
32741 -0.000242
32742 -0.000242
32743 -0.000242
32745 -0.000242
32746 -0.000242
32747 -0.000242
32748 -0.000242
32749 -0.000242
32750 -0.000242
32752 -0.000241
32753 -0.000241
32754 -0.000241
32755 -0.000242
32756 -0.000242
32757 -0.000242
32758 -0.000242
32760 -0.000243
32761 -0.000242
32762 -0.000242
32763 -0.000241
32764 -0.000242
32765 -0.000242
32766 -0.000242
32767 -0.000242
32768 -0.000242
32769 -0.000242
32770 -0.000242
32771 -0.000242
32772 -0.000242
32773 -0.000242
32774 -0.000242
32775 -0.000242
32776 -0.000242
32777 -0.000242
32778 -0.000242
32780 -0.000244
32781 -0.000242
32782 -0.000242
32783 -0.000241
32784 -0.000242
32785 -0.000242
32786 -0.000242
32787 -0.000242
32788 -0.000242
32789 -0.000242
32790 -0.000242
32791 -0.000242
32792 -0.000242
32793 -0.000242
32794 -0.000242
32795 -0.000242
32796 -0.000242
32797 -0.000242
32798 -0.000242
32800 -0.000241
32801 -0.000241
32802 -0.000242
32803 -0.000241
32804 -0.000241
32805 -0.000241
32806 -0.000241
32807 -0.000241
32809 -0.000240
32810 -0.000242
32811 -0.000241
32812 -0.000241
32813 -0.000241
32814 -0.000241
32815 -0.000241
32816 -0.000241
32819 -0.000241
32820 -0.000239
32821 -0.000241
32825 -0.000238
32827 -0.000239
32828 -0.000242
32829 -0.000241
32830 -0.000241
32831 -0.000241
32832 -0.000241
32833 -0.000241
32834 -0.000241
32835 -0.000241
32836 -0.000241
32837 -0.000241
32838 -0.000241
32839 -0.000241
32840 -0.000241
32842 -0.000245
32843 -0.000241
32844 -0.000241
32845 -0.000241
32847 -0.000244
32848 -0.000242
32849 -0.000241
32850 -0.000241
32851 -0.000241
32852 -0.000241
32853 -0.000241
32854 -0.000241
32855 -0.000241
32856 -0.000241
32857 -0.000241
32858 -0.000241
32860 -0.000242
32862 -0.000241
32863 -0.000241
32864 -0.000241
32865 -0.000241
32866 -0.000241
32868 -0.000238
32869 -0.000241
32870 -0.000241
32871 -0.000241
32872 -0.000241
32874 -0.000240
32875 -0.000241
32876 -0.000241
32877 -0.000241
32878 -0.000241
32879 -0.000241
32880 -0.000241
32881 -0.000241
32882 -0.000241
32883 -0.000241
32885 -0.000243
32886 -0.000241
32887 -0.000241
32888 -0.000241
32889 -0.000241
32890 -0.000241
32891 -0.000241
32892 -0.000241
32894 -0.000242
32895 -0.000241
32896 -0.000241
32897 -0.000241
32898 -0.000241
32899 -0.000241
32900 -0.000241
32901 -0.000241
32902 -0.000241
32903 -0.000241
32904 -0.000241
32906 -0.000239
32907 -0.000241
32908 -0.000241
32909 -0.000241
32910 -0.000241
32911 -0.000241
32912 -0.000241
32913 -0.000241
32915 -0.000242
32916 -0.000241
32917 -0.000241
32918 -0.000241
32919 -0.000241
32920 -0.000241
32921 -0.000241
32923 -0.000242
32924 -0.000241
32925 -0.000241
32927 -0.000241
32929 -0.000243
32930 -0.000241
32931 -0.000241
32932 -0.000241
32933 -0.000241
32934 -0.000241
32935 -0.000241
32936 -0.000241
32937 -0.000241
32939 -0.000240
32940 -0.000240
32941 -0.000241
32942 -0.000241
32944 -0.000239
32945 -0.000243
32946 -0.000241
32947 -0.000241
32948 -0.000241
32949 -0.000241
32950 -0.000241
32953 -0.000245
32954 -0.000241
32955 -0.000241
32956 -0.000241
32957 -0.000241
32958 -0.000241
32959 -0.000241
32960 -0.000241
32961 -0.000241
32962 -0.000241
32963 -0.000241
32964 -0.000241
32966 -0.000238
32969 -0.000242
32970 -0.000241
32971 -0.000241
32972 -0.000241
32973 -0.000241
32974 -0.000241
32975 -0.000241
32976 -0.000241
32977 -0.000241
32978 -0.000241
32979 -0.000241
32980 -0.000241
32981 -0.000241
32982 -0.000241
32983 -0.000241
32985 -0.000237
32986 -0.000239
32988 -0.000239
32989 -0.000240
32990 -0.000241
32991 -0.000240
32992 -0.000241
32993 -0.000241
32994 -0.000240
32995 -0.000240
32996 -0.000240
32997 -0.000240
32998 -0.000240
32999 -0.000240
33000 -0.000240
33001 -0.000240
33002 -0.000240
33003 -0.000240
33004 -0.000240
33005 -0.000240
33006 -0.000240
33007 -0.000240
33008 -0.000240
33009 -0.000240
33010 -0.000240
33011 -0.000240
33012 -0.000240
33013 -0.000240
33014 -0.000240
33015 -0.000240
33016 -0.000240
33017 -0.000240
33018 -0.000240
33019 -0.000240
33020 -0.000240
33022 -0.000236
33023 -0.000241
33025 -0.000236
33026 -0.000242
33027 -0.000240
33028 -0.000240
33029 -0.000240
33030 -0.000240
33031 -0.000240
33032 -0.000240
33034 -0.000241
33035 -0.000240
33036 -0.000241
33038 -0.000241
33040 -0.000239
33041 -0.000240
33043 -0.000242
33044 -0.000240
33045 -0.000240
33046 -0.000240
33048 -0.000241
33049 -0.000240
33050 -0.000240
33051 -0.000240
33052 -0.000240
33054 -0.000239
33055 -0.000239
33056 -0.000240
33057 -0.000240
33058 -0.000240
33059 -0.000240
33061 -0.000241
33062 -0.000240
33063 -0.000240
33064 -0.000240
33066 -0.000241
33067 -0.000240
33068 -0.000240
33070 -0.000240
33071 -0.000238
33072 -0.000239
33073 -0.000240
33074 -0.000240
33075 -0.000240
33076 -0.000240
33077 -0.000240
33079 -0.000237
33080 -0.000240
33081 -0.000240
33082 -0.000240
33083 -0.000240
33084 -0.000240
33085 -0.000240
33086 -0.000240
33090 -0.000235
33091 -0.000240
33092 -0.000240
33093 -0.000240
33094 -0.000240
33095 -0.000240
33096 -0.000240
33098 -0.000238
33100 -0.000241
33102 -0.000241
33103 -0.000241
33104 -0.000240
33105 -0.000240
33106 -0.000240
33107 -0.000240
33108 -0.000240
33109 -0.000240
33110 -0.000240
33111 -0.000240
33112 -0.000240
33114 -0.000238
33115 -0.000241
33116 -0.000239
33117 -0.000240
33119 -0.000240
33120 -0.000240
33121 -0.000240
33122 -0.000240
33123 -0.000240
33124 -0.000240
33125 -0.000240
33126 -0.000240
33128 -0.000242
33129 -0.000240
33130 -0.000240
33131 -0.000240
33132 -0.000240
33133 -0.000240
33134 -0.000240
33135 -0.000240
33136 -0.000240
33137 -0.000240
33138 -0.000240
33139 -0.000240
33140 -0.000240
33141 -0.000240
33142 -0.000240
33143 -0.000240
33144 -0.000240
33145 -0.000240
33146 -0.000240
33147 -0.000240
33148 -0.000240
33149 -0.000240
33150 -0.000240
33151 -0.000240
33152 -0.000240
33153 -0.000240
33154 -0.000240
33155 -0.000240
33156 -0.000240
33157 -0.000240
33158 -0.000240
33159 -0.000240
33160 -0.000240
33161 -0.000240
33162 -0.000240
33163 -0.000240
33164 -0.000240
33165 -0.000240
33166 -0.000240
33167 -0.000240
33168 -0.000240
33169 -0.000240
33170 -0.000240
33171 -0.000240
33172 -0.000240
33173 -0.000240
33174 -0.000240
33176 -0.000238
33177 -0.000241
33178 -0.000240
33180 -0.000238
33181 -0.000241
33182 -0.000240
33183 -0.000240
33184 -0.000240
33185 -0.000240
33186 -0.000240
33187 -0.000240
33189 -0.000242
33190 -0.000239
33191 -0.000240
33193 -0.000240
33194 -0.000238
33195 -0.000240
33196 -0.000240
33198 -0.000237
33199 -0.000240
33200 -0.000240
33201 -0.000240
33202 -0.000240
33203 -0.000240
33204 -0.000240
33205 -0.000240
33206 -0.000240
33207 -0.000240
33208 -0.000240
33209 -0.000240
33211 -0.000236
33214 -0.000238
33215 -0.000239
33216 -0.000239
33217 -0.000240
33218 -0.000239
33219 -0.000240
33220 -0.000239
33221 -0.000239
33222 -0.000239
33223 -0.000239
33224 -0.000239
33225 -0.000239
33226 -0.000239
33227 -0.000239
33228 -0.000239
33229 -0.000239
33230 -0.000239
33231 -0.000239
33232 -0.000239
33234 -0.000239
33235 -0.000239
33236 -0.000240
33238 -0.000241
33239 -0.000239
33240 -0.000239
33241 -0.000239
33242 -0.000239
33243 -0.000239
33244 -0.000239
33245 -0.000239
33246 -0.000239
33247 -0.000239
33248 -0.000239
33249 -0.000239
33250 -0.000239
33251 -0.000239
33252 -0.000239
33253 -0.000239
33254 -0.000239
33255 -0.000239
33257 -0.000239
33258 -0.000240
33259 -0.000239
33260 -0.000239
33261 -0.000239
33262 -0.000239
33263 -0.000239
33264 -0.000239
33265 -0.000239
33267 -0.000237
33268 -0.000238
33270 -0.000238
33271 -0.000239
33272 -0.000239
33273 -0.000239
33274 -0.000239
33275 -0.000239
33278 -0.000240
33279 -0.000239
33280 -0.000239
33281 -0.000239
33282 -0.000239
33283 -0.000239
33284 -0.000239
33285 -0.000239
33286 -0.000239
33287 -0.000239
33288 -0.000239
33289 -0.000239
33290 -0.000239
33291 -0.000239
33292 -0.000239
33295 -0.000239
33296 -0.000240
33297 -0.000239
33298 -0.000239
33301 -0.000237
33302 -0.000240
33304 -0.000238
33305 -0.000239
33306 -0.000239
33307 -0.000239
33308 -0.000239
33309 -0.000239
33310 -0.000239
33311 -0.000239
33312 -0.000239
33314 -0.000241
33315 -0.000237
33316 -0.000240
33317 -0.000239
33318 -0.000239
33319 -0.000239
33320 -0.000239
33321 -0.000239
33322 -0.000239
33323 -0.000239
33324 -0.000239
33325 -0.000239
33326 -0.000239
33327 -0.000239
33328 -0.000239
33329 -0.000239
33330 -0.000239
33332 -0.000236
33333 -0.000240
33334 -0.000239
33335 -0.000239
33337 -0.000237
33338 -0.000240
33339 -0.000239
33340 -0.000239
33341 -0.000239
33342 -0.000239
33343 -0.000239
33344 -0.000239
33345 -0.000239
33346 -0.000239
33348 -0.000237
33349 -0.000239
33351 -0.000239
33352 -0.000239
33353 -0.000239
33354 -0.000239
33355 -0.000239
33356 -0.000239
33357 -0.000239
33358 -0.000239
33359 -0.000239
33360 -0.000239
33361 -0.000239
33362 -0.000239
33363 -0.000239
33364 -0.000239
33365 -0.000239
33367 -0.000239
33368 -0.000239
33369 -0.000239
33370 -0.000239
33371 -0.000239
33373 -0.000242
33374 -0.000239
33375 -0.000239
33376 -0.000239
33377 -0.000239
33378 -0.000239
33379 -0.000239
33380 -0.000239
33382 -0.000237
33383 -0.000238
33384 -0.000239
33385 -0.000239
33387 -0.000240
33388 -0.000238
33389 -0.000239
33390 -0.000239
33391 -0.000239
33392 -0.000239
33393 -0.000239
33394 -0.000239
33395 -0.000239
33396 -0.000239
33397 -0.000239
33399 -0.000238
33400 -0.000238
33401 -0.000239
33402 -0.000239
33403 -0.000239
33405 -0.000241
33406 -0.000239
33407 -0.000239
33408 -0.000239
33409 -0.000239
33411 -0.000240
33412 -0.000239
33413 -0.000239
33414 -0.000239
33415 -0.000239
33416 -0.000239
33417 -0.000239
33419 -0.000239
33420 -0.000239
33421 -0.000239
33422 -0.000239
33423 -0.000239
33424 -0.000239
33425 -0.000239
33426 -0.000239
33427 -0.000239
33428 -0.000239
33429 -0.000239
33430 -0.000239
33431 -0.000239
33432 -0.000239
33433 -0.000239
33434 -0.000239
33435 -0.000239
33437 -0.000238
33438 -0.000238
33439 -0.000239
33440 -0.000239
33441 -0.000239
33442 -0.000239
33443 -0.000239
33444 -0.000239
33445 -0.000239
33447 -0.000238
33448 -0.000239
33449 -0.000239
33450 -0.000239
33451 -0.000239
33452 -0.000239
33453 -0.000239
33454 -0.000239
33455 -0.000239
33456 -0.000239
33457 -0.000239
33458 -0.000239
33459 -0.000239
33461 -0.000242
33462 -0.000238
33463 -0.000238
33464 -0.000238
33465 -0.000239
33466 -0.000239
33467 -0.000239
33468 -0.000239
33469 -0.000239
33470 -0.000239
33471 -0.000239
33472 -0.000239
33473 -0.000239
33474 -0.000239
33475 -0.000239
33476 -0.000239
33477 -0.000239
33478 -0.000239
33479 -0.000239
33480 -0.000239
33481 -0.000239
33482 -0.000239
33483 -0.000239
33484 -0.000239
33485 -0.000239
33486 -0.000239
33487 -0.000239
33489 -0.000241
33490 -0.000239
33491 -0.000239
33492 -0.000238
33493 -0.000238
33494 -0.000238
33495 -0.000238
33497 -0.000237
33498 -0.000239
33499 -0.000239
33501 -0.000239
33502 -0.000239
33503 -0.000238
33504 -0.000238
33505 -0.000238
33506 -0.000238
33508 -0.000236
33509 -0.000237
33510 -0.000238
33511 -0.000238
33512 -0.000238
33513 -0.000238
33514 -0.000238
33515 -0.000238
33516 -0.000238
33517 -0.000238
33518 -0.000238
33522 -0.000240
33523 -0.000237
33524 -0.000239
33525 -0.000238
33526 -0.000238
33528 -0.000238
33529 -0.000238
33530 -0.000238
33531 -0.000238
33532 -0.000238
33533 -0.000238
33534 -0.000238
33535 -0.000238
33536 -0.000238
33537 -0.000238
33538 -0.000238
33539 -0.000238
33540 -0.000238
33541 -0.000238
33542 -0.000238
33543 -0.000238
33544 -0.000238
33545 -0.000238
33547 -0.000240
33549 -0.000238
33550 -0.000237
33551 -0.000238
33552 -0.000238
33553 -0.000238
33554 -0.000238
33555 -0.000238
33556 -0.000238
33557 -0.000238
33558 -0.000238
33559 -0.000238
33560 -0.000238
33561 -0.000238
33562 -0.000238
33563 -0.000238
33564 -0.000238
33565 -0.000238
33568 -0.000237
33569 -0.000238
33571 -0.000238
33572 -0.000238
33573 -0.000238
33574 -0.000238
33575 -0.000238
33576 -0.000238
33577 -0.000238
33578 -0.000238
33579 -0.000238
33580 -0.000238
33581 -0.000238
33582 -0.000238
33583 -0.000238
33585 -0.000236
33586 -0.000237
33589 -0.000236
33590 -0.000237
33591 -0.000238
33592 -0.000238
33593 -0.000238
33594 -0.000238
33595 -0.000238
33596 -0.000238
33597 -0.000238
33598 -0.000238
33599 -0.000238
33600 -0.000238
33601 -0.000238
33602 -0.000238
33603 -0.000238
33604 -0.000238
33606 -0.000239
33608 -0.000237
33609 -0.000238
33610 -0.000238
33611 -0.000238
33612 -0.000238
33613 -0.000238
33616 -0.000246
33617 -0.000239
33618 -0.000238
33619 -0.000238
33620 -0.000238
33622 -0.000237
33623 -0.000238
33624 -0.000238
33625 -0.000238
33626 -0.000238
33628 -0.000235
33629 -0.000239
33630 -0.000238
33631 -0.000238
33632 -0.000238
33633 -0.000238
33634 -0.000238
33635 -0.000238
33636 -0.000238
33637 -0.000238
33638 -0.000238
33639 -0.000238
33640 -0.000238
33641 -0.000238
33642 -0.000238
33643 -0.000238
33644 -0.000238
33645 -0.000238
33646 -0.000238
33647 -0.000238
33648 -0.000238
33649 -0.000238
33650 -0.000238
33651 -0.000238
33652 -0.000238
33653 -0.000238
33654 -0.000238
33655 -0.000238
33656 -0.000238
33657 -0.000238
33658 -0.000238
33659 -0.000238
33660 -0.000238
33661 -0.000238
33662 -0.000238
33663 -0.000238
33664 -0.000238
33665 -0.000238
33667 -0.000236
33671 -0.000236
33672 -0.000239
33673 -0.000238
33674 -0.000238
33675 -0.000238
33676 -0.000238
33677 -0.000238
33678 -0.000238
33679 -0.000238
33680 -0.000238
33681 -0.000238
33682 -0.000238
33683 -0.000238
33684 -0.000238
33685 -0.000238
33686 -0.000238
33687 -0.000238
33688 -0.000238
33689 -0.000238
33690 -0.000238
33691 -0.000238
33692 -0.000238
33693 -0.000238
33694 -0.000238
33695 -0.000238
33696 -0.000238
33697 -0.000238
33698 -0.000238
33699 -0.000238
33700 -0.000238
33701 -0.000238
33702 -0.000238
33703 -0.000238
33704 -0.000238
33706 -0.000238
33708 -0.000239
33709 -0.000238
33710 -0.000238
33711 -0.000238
33712 -0.000238
33713 -0.000238
33715 -0.000241
33716 -0.000238
33717 -0.000237
33718 -0.000238
33719 -0.000238
33720 -0.000238
33721 -0.000238
33722 -0.000238
33723 -0.000238
33724 -0.000238
33726 -0.000237
33727 -0.000237
33728 -0.000238
33729 -0.000237
33730 -0.000238
33732 -0.000238
33733 -0.000238
33734 -0.000237
33735 -0.000237
33736 -0.000237
33737 -0.000237
33738 -0.000237
33739 -0.000237
33740 -0.000237
33741 -0.000237
33742 -0.000237
33743 -0.000237
33744 -0.000237
33745 -0.000237
33746 -0.000237
33747 -0.000237
33748 -0.000237
33749 -0.000237
33750 -0.000237
33751 -0.000237
33752 -0.000237
33753 -0.000237
33754 -0.000237
33755 -0.000237
33756 -0.000237
33757 -0.000237
33758 -0.000237
33759 -0.000237
33761 -0.000240
33762 -0.000238
33763 -0.000237
33764 -0.000237
33765 -0.000237
33766 -0.000237
33767 -0.000237
33769 -0.000236
33770 -0.000237
33771 -0.000238
33772 -0.000237
33773 -0.000237
33774 -0.000237
33775 -0.000237
33776 -0.000237
33777 -0.000237
33779 -0.000238
33780 -0.000238
33781 -0.000237
33782 -0.000237
33783 -0.000237
33784 -0.000237
33786 -0.000237
33788 -0.000237
33790 -0.000238
33791 -0.000237
33792 -0.000237
33793 -0.000237
33794 -0.000237
33795 -0.000237
33796 -0.000237
33797 -0.000237
33798 -0.000237
33799 -0.000237
33800 -0.000237
33801 -0.000237
33803 -0.000237
33804 -0.000237
33805 -0.000237
33806 -0.000237
33807 -0.000237
33809 -0.000238
33810 -0.000237
33811 -0.000237
33812 -0.000237
33813 -0.000237
33814 -0.000237
33815 -0.000237
33816 -0.000237
33817 -0.000237
33818 -0.000237
33819 -0.000237
33820 -0.000237
33821 -0.000237
33824 -0.000239
33825 -0.000237
33826 -0.000237
33827 -0.000237
33828 -0.000237
33829 -0.000237
33830 -0.000237
33831 -0.000237
33832 -0.000237
33833 -0.000237
33834 -0.000237
33835 -0.000237
33836 -0.000237
33837 -0.000237
33838 -0.000237
33839 -0.000237
33840 -0.000237
33841 -0.000237
33842 -0.000237
33843 -0.000237
33844 -0.000237
33845 -0.000237
33846 -0.000237
33847 -0.000237
33848 -0.000237
33849 -0.000237
33850 -0.000237
33851 -0.000237
33852 -0.000237
33853 -0.000237
33854 -0.000237
33855 -0.000237
33856 -0.000237
33857 -0.000237
33858 -0.000237
33859 -0.000237
33860 -0.000237
33861 -0.000237
33862 -0.000237
33863 -0.000237
33864 -0.000237
33865 -0.000237
33866 -0.000237
33867 -0.000237
33868 -0.000237
33869 -0.000237
33871 -0.000237
33872 -0.000237
33873 -0.000237
33874 -0.000237
33877 -0.000236
33878 -0.000236
33880 -0.000233
33881 -0.000237
33882 -0.000237
33883 -0.000237
33884 -0.000237
33885 -0.000237
33886 -0.000237
33887 -0.000237
33888 -0.000237
33889 -0.000237
33892 -0.000233
33893 -0.000236
33894 -0.000237
33895 -0.000237
33897 -0.000236
33898 -0.000237
33899 -0.000238
33900 -0.000237
33901 -0.000237
33903 -0.000240
33904 -0.000237
33905 -0.000237
33906 -0.000237
33907 -0.000237
33908 -0.000237
33909 -0.000237
33910 -0.000237
33911 -0.000237
33912 -0.000237
33913 -0.000237
33914 -0.000237
33915 -0.000237
33916 -0.000237
33917 -0.000237
33918 -0.000237
33919 -0.000237
33920 -0.000237
33922 -0.000239
33923 -0.000237
33924 -0.000237
33925 -0.000237
33926 -0.000237
33927 -0.000237
33928 -0.000237
33929 -0.000237
33930 -0.000237
33931 -0.000237
33932 -0.000237
33933 -0.000237
33935 -0.000236
33936 -0.000237
33937 -0.000237
33938 -0.000237
33940 -0.000237
33941 -0.000236
33942 -0.000237
33943 -0.000237
33944 -0.000237
33945 -0.000237
33946 -0.000237
33948 -0.000236
33949 -0.000237
33950 -0.000237
33951 -0.000237
33952 -0.000237
33954 -0.000236
33955 -0.000236
33956 -0.000237
33957 -0.000237
33959 -0.000236
33960 -0.000237
33961 -0.000237
33962 -0.000237
33963 -0.000237
33964 -0.000237
33965 -0.000237
33967 -0.000238
33968 -0.000237
33969 -0.000237
33970 -0.000237
33972 -0.000237
33973 -0.000236
33974 -0.000237
33975 -0.000237
33976 -0.000237
33977 -0.000237
33978 -0.000237
33979 -0.000237
33980 -0.000237
33981 -0.000237
33983 -0.000236
33984 -0.000236
33985 -0.000236
33986 -0.000237
33987 -0.000237
33988 -0.000237
33989 -0.000237
33990 -0.000237
33991 -0.000237
33992 -0.000237
33993 -0.000237
33994 -0.000237
33995 -0.000237
33996 -0.000237
33997 -0.000237
33999 -0.000239
34000 -0.000236
34002 -0.000239
34004 -0.000237
34005 -0.000237
34006 -0.000236
34007 -0.000236
34008 -0.000236
34009 -0.000236
34011 -0.000235
34012 -0.000237
34013 -0.000237
34014 -0.000236
34015 -0.000236
34016 -0.000236
34018 -0.000235
34020 -0.000239
34021 -0.000236
34022 -0.000236
34023 -0.000236
34024 -0.000236
34025 -0.000236
34026 -0.000236
34027 -0.000236
34031 -0.000235
34032 -0.000236
34033 -0.000236
34034 -0.000236
34035 -0.000236
34036 -0.000236
34037 -0.000236
34038 -0.000236
34039 -0.000236
34040 -0.000236
34041 -0.000236
34042 -0.000236
34044 -0.000237
34045 -0.000237
34046 -0.000236
34047 -0.000236
34048 -0.000236
34049 -0.000236
34050 -0.000236
34051 -0.000236
34052 -0.000236
34053 -0.000236
34055 -0.000241
34056 -0.000236
34057 -0.000236
34058 -0.000236
34059 -0.000236
34060 -0.000236
34061 -0.000236
34062 -0.000236
34063 -0.000236
34064 -0.000236
34066 -0.000236
34067 -0.000236
34068 -0.000236
34069 -0.000236
34073 -0.000235
34074 -0.000235
34075 -0.000237
34076 -0.000236
34077 -0.000236
34078 -0.000236
34079 -0.000236
34080 -0.000236
34081 -0.000236
34082 -0.000236
34083 -0.000236
34084 -0.000236
34085 -0.000236
34086 -0.000236
34087 -0.000236
34089 -0.000236
34090 -0.000236
34091 -0.000236
34092 -0.000236
34093 -0.000236
34094 -0.000236
34095 -0.000236
34096 -0.000236
34098 -0.000235
34099 -0.000235
34101 -0.000237
34102 -0.000236
34103 -0.000236
34104 -0.000236
34105 -0.000236
34106 -0.000236
34107 -0.000236
34108 -0.000236
34109 -0.000236
34110 -0.000236
34111 -0.000236
34112 -0.000236
34113 -0.000236
34114 -0.000236
34115 -0.000236
34116 -0.000236
34117 -0.000236
34118 -0.000236
34119 -0.000236
34120 -0.000236
34122 -0.000234
34123 -0.000235
34124 -0.000236
34125 -0.000236
34126 -0.000236
34127 -0.000236
34129 -0.000237
34130 -0.000236
34131 -0.000236
34132 -0.000236
34133 -0.000236
34134 -0.000236
34136 -0.000235
34137 -0.000236
34139 -0.000235
34140 -0.000236
34143 -0.000245
34144 -0.000232
34145 -0.000236
34146 -0.000236
34147 -0.000236
34148 -0.000235
34149 -0.000236
34151 -0.000237
34152 -0.000236
34154 -0.000235
34155 -0.000235
34156 -0.000236
34157 -0.000235
34158 -0.000236
34159 -0.000236
34160 -0.000236
34161 -0.000236
34162 -0.000236
34163 -0.000236
34164 -0.000236
34165 -0.000236
34167 -0.000239
34168 -0.000236
34169 -0.000236
34170 -0.000236
34171 -0.000236
34172 -0.000236
34173 -0.000236
34174 -0.000236
34175 -0.000236
34176 -0.000236
34177 -0.000236
34178 -0.000236
34179 -0.000236
34180 -0.000236
34181 -0.000236
34182 -0.000236
34184 -0.000235
34185 -0.000235
34187 -0.000235
34188 -0.000235
34189 -0.000236
34190 -0.000236
34191 -0.000236
34192 -0.000236
34194 -0.000233
34195 -0.000235
34196 -0.000235
34197 -0.000236
34198 -0.000235
34199 -0.000236
34200 -0.000236
34201 -0.000236
34202 -0.000236
34203 -0.000236
34204 -0.000236
34205 -0.000236
34206 -0.000236
34207 -0.000236
34208 -0.000236
34209 -0.000236
34210 -0.000236
34211 -0.000236
34212 -0.000236
34213 -0.000236
34214 -0.000236
34215 -0.000236
34216 -0.000236
34217 -0.000236
34218 -0.000236
34219 -0.000236
34220 -0.000236
34221 -0.000236
34222 -0.000236
34223 -0.000236
34224 -0.000236
34225 -0.000236
34226 -0.000236
34227 -0.000236
34228 -0.000236
34229 -0.000236
34230 -0.000236
34231 -0.000236
34233 -0.000239
34234 -0.000235
34235 -0.000235
34236 -0.000236
34237 -0.000235
34238 -0.000236
34239 -0.000236
34240 -0.000236
34241 -0.000236
34242 -0.000236
34243 -0.000236
34244 -0.000236
34246 -0.000233
34247 -0.000236
34248 -0.000235
34249 -0.000235
34250 -0.000236
34251 -0.000235
34252 -0.000235
34253 -0.000235
34254 -0.000235
34255 -0.000235
34256 -0.000235
34257 -0.000235
34258 -0.000235
34259 -0.000235
34260 -0.000235
34261 -0.000235
34262 -0.000235
34264 -0.000238
34265 -0.000235
34266 -0.000235
34268 -0.000239
34269 -0.000235
34270 -0.000235
34271 -0.000235
34272 -0.000235
34273 -0.000235
34274 -0.000235
34275 -0.000235
34277 -0.000236
34278 -0.000235
34280 -0.000231
34281 -0.000234
34282 -0.000236
34283 -0.000235
34284 -0.000235
34285 -0.000235
34286 -0.000235
34287 -0.000235
34288 -0.000235
34289 -0.000235
34290 -0.000235
34291 -0.000235
34292 -0.000235
34293 -0.000235
34294 -0.000235
34295 -0.000235
34296 -0.000235
34297 -0.000235
34298 -0.000235
34299 -0.000235
34301 -0.000239
34302 -0.000235
34303 -0.000235
34304 -0.000235
34305 -0.000235
34306 -0.000235
34307 -0.000235
34309 -0.000235
34310 -0.000236
34311 -0.000235
34312 -0.000235
34314 -0.000234
34315 -0.000235
34316 -0.000235
34317 -0.000235
34318 -0.000235
34319 -0.000235
34320 -0.000235
34321 -0.000235
34322 -0.000235
34323 -0.000235
34324 -0.000235
34325 -0.000235
34327 -0.000235
34328 -0.000235
34329 -0.000235
34330 -0.000235
34331 -0.000235
34334 -0.000235
34335 -0.000236
34336 -0.000235
34337 -0.000235
34338 -0.000235
34339 -0.000235
34340 -0.000235
34341 -0.000235
34343 -0.000235
34344 -0.000235
34345 -0.000235
34346 -0.000235
34347 -0.000235
34348 -0.000235
34349 -0.000235
34350 -0.000235
34351 -0.000235
34352 -0.000235
34353 -0.000235
34354 -0.000235
34355 -0.000235
34356 -0.000235
34358 -0.000236
34359 -0.000236
34360 -0.000235
34361 -0.000235
34362 -0.000235
34363 -0.000235
34364 -0.000235
34365 -0.000235
34366 -0.000235
34367 -0.000235
34368 -0.000235
34369 -0.000235
34370 -0.000235
34371 -0.000235
34374 -0.000238
34375 -0.000235
34376 -0.000235
34377 -0.000235
34378 -0.000235
34379 -0.000235
34380 -0.000235
34381 -0.000235
34382 -0.000235
34384 -0.000236
34385 -0.000235
34387 -0.000235
34388 -0.000235
34389 -0.000235
34390 -0.000235
34391 -0.000235
34392 -0.000235
34393 -0.000235
34394 -0.000235
34396 -0.000232
34397 -0.000233
34398 -0.000235
34399 -0.000235
34400 -0.000235
34401 -0.000235
34402 -0.000235
34403 -0.000235
34404 -0.000235
34405 -0.000235
34406 -0.000235
34407 -0.000235
34408 -0.000235
34409 -0.000235
34410 -0.000235
34411 -0.000235
34412 -0.000235
34413 -0.000235
34414 -0.000235
34415 -0.000235
34416 -0.000235
34417 -0.000235
34419 -0.000234
34420 -0.000235
34421 -0.000235
34422 -0.000235
34423 -0.000235
34424 -0.000235
34425 -0.000235
34426 -0.000235
34427 -0.000235
34428 -0.000235
34429 -0.000235
34430 -0.000235
34431 -0.000235
34432 -0.000235
34433 -0.000235
34434 -0.000235
34436 -0.000231
34437 -0.000234
34438 -0.000235
34439 -0.000235
34440 -0.000235
34441 -0.000235
34442 -0.000235
34443 -0.000235
34444 -0.000235
34445 -0.000235
34446 -0.000235
34447 -0.000235
34448 -0.000235
34449 -0.000235
34451 -0.000236
34452 -0.000235
34453 -0.000235
34454 -0.000235
34455 -0.000235
34457 -0.000232
34459 -0.000238
34460 -0.000234
34461 -0.000235
34462 -0.000235
34463 -0.000235
34464 -0.000235
34466 -0.000235
34467 -0.000234
34468 -0.000235
34469 -0.000235
34470 -0.000235
34473 -0.000237
34474 -0.000235
34475 -0.000235
34477 -0.000232
34478 -0.000234
34479 -0.000234
34480 -0.000234
34481 -0.000235
34482 -0.000235
34483 -0.000235
34485 -0.000235
34486 -0.000235
34487 -0.000235
34488 -0.000235
34490 -0.000236
34491 -0.000235
34492 -0.000235
34493 -0.000235
34494 -0.000235
34495 -0.000235
34497 -0.000239
34498 -0.000235
34500 -0.000237
34501 -0.000235
34502 -0.000234
34503 -0.000235
34504 -0.000234
34505 -0.000235
34507 -0.000236
34508 -0.000234
34509 -0.000235
34510 -0.000234
34511 -0.000234
34512 -0.000234
34513 -0.000234
34514 -0.000234
34515 -0.000234
34516 -0.000234
34517 -0.000234
34518 -0.000234
34519 -0.000234
34520 -0.000234
34521 -0.000234
34522 -0.000234
34523 -0.000234
34524 -0.000234
34525 -0.000234
34526 -0.000234
34527 -0.000234
34528 -0.000234
34529 -0.000234
34530 -0.000234
34531 -0.000234
34533 -0.000237
34535 -0.000235
34536 -0.000234
34537 -0.000234
34538 -0.000234
34539 -0.000234
34541 -0.000235
34542 -0.000234
34543 -0.000234
34544 -0.000234
34545 -0.000234
34546 -0.000234
34547 -0.000234
34548 -0.000234
34549 -0.000234
34550 -0.000234
34551 -0.000234
34552 -0.000234
34553 -0.000234
34554 -0.000234
34555 -0.000234
34556 -0.000234
34557 -0.000234
34558 -0.000234
34559 -0.000234
34561 -0.000234
34562 -0.000234
34563 -0.000234
34564 -0.000234
34565 -0.000234
34566 -0.000234
34567 -0.000234
34568 -0.000234
34569 -0.000234
34570 -0.000234
34571 -0.000234
34572 -0.000234
34573 -0.000234
34574 -0.000234
34575 -0.000234
34576 -0.000234
34577 -0.000234
34578 -0.000234
34579 -0.000234
34580 -0.000234
34583 -0.000233
34584 -0.000234
34585 -0.000234
34586 -0.000234
34587 -0.000234
34588 -0.000234
34589 -0.000234
34590 -0.000234
34591 -0.000234
34592 -0.000234
34593 -0.000234
34594 -0.000234
34595 -0.000234
34596 -0.000234
34597 -0.000234
34598 -0.000234
34599 -0.000234
34600 -0.000234
34601 -0.000234
34603 -0.000240
34604 -0.000234
34605 -0.000234
34606 -0.000234
34609 -0.000235
34610 -0.000233
34611 -0.000235
34612 -0.000235
34613 -0.000234
34615 -0.000231
34616 -0.000234
34617 -0.000234
34618 -0.000234
34619 -0.000234
34620 -0.000234
34621 -0.000234
34622 -0.000234
34623 -0.000234
34624 -0.000234
34625 -0.000234
34626 -0.000234
34627 -0.000234
34628 -0.000234
34629 -0.000234
34630 -0.000234
34631 -0.000234
34632 -0.000234
34633 -0.000234
34634 -0.000234
34635 -0.000234
34636 -0.000234
34637 -0.000234
34639 -0.000238
34640 -0.000235
34641 -0.000234
34642 -0.000234
34643 -0.000234
34645 -0.000232
34646 -0.000235
34647 -0.000234
34648 -0.000234
34649 -0.000234
34650 -0.000234
34651 -0.000234
34652 -0.000234
34653 -0.000234
34654 -0.000234
34655 -0.000234
34656 -0.000234
34657 -0.000234
34658 -0.000234
34659 -0.000234
34660 -0.000234
34662 -0.000231
34663 -0.000235
34664 -0.000234
34665 -0.000234
34666 -0.000234
34667 -0.000234
34668 -0.000234
34669 -0.000234
34670 -0.000234
34671 -0.000234
34672 -0.000234
34673 -0.000234
34674 -0.000234
34675 -0.000234
34676 -0.000234
34677 -0.000234
34678 -0.000234
34679 -0.000234
34680 -0.000234
34681 -0.000234
34682 -0.000234
34683 -0.000234
34684 -0.000234
34685 -0.000234
34686 -0.000234
34687 -0.000234
34688 -0.000234
34689 -0.000234
34690 -0.000234
34691 -0.000234
34692 -0.000234
34693 -0.000234
34694 -0.000234
34695 -0.000234
34696 -0.000234
34697 -0.000234
34698 -0.000234
34699 -0.000234
34700 -0.000234
34701 -0.000234
34702 -0.000234
34703 -0.000234
34704 -0.000234
34705 -0.000234
34706 -0.000234
34707 -0.000234
34708 -0.000234
34709 -0.000234
34710 -0.000234
34711 -0.000234
34712 -0.000234
34714 -0.000233
34715 -0.000234
34716 -0.000234
34717 -0.000234
34718 -0.000234
34720 -0.000232
34721 -0.000234
34722 -0.000234
34724 -0.000233
34725 -0.000235
34726 -0.000234
34728 -0.000234
34729 -0.000234
34730 -0.000234
34731 -0.000234
34734 -0.000234
34736 -0.000231
34737 -0.000232
34738 -0.000234
34739 -0.000234
34740 -0.000234
34741 -0.000234
34742 -0.000234
34744 -0.000233
34745 -0.000234
34746 -0.000234
34747 -0.000234
34748 -0.000234
34749 -0.000234
34750 -0.000234
34751 -0.000234
34752 -0.000234
34753 -0.000234
34754 -0.000234
34755 -0.000234
34756 -0.000234
34757 -0.000234
34758 -0.000234
34760 -0.000236
34761 -0.000233
34762 -0.000234
34763 -0.000234
34764 -0.000234
34765 -0.000234
34766 -0.000234
34767 -0.000234
34768 -0.000234
34769 -0.000234
34770 -0.000234
34771 -0.000234
34772 -0.000234
34773 -0.000234
34775 -0.000236
34776 -0.000234
34777 -0.000234
34778 -0.000234
34779 -0.000234
34780 -0.000234
34781 -0.000234
34782 -0.000234
34783 -0.000234
34784 -0.000234
34785 -0.000234
34786 -0.000234
34787 -0.000234
34788 -0.000234
34789 -0.000234
34790 -0.000234
34791 -0.000234
34792 -0.000234
34795 -0.000234
34796 -0.000233
34797 -0.000234
34798 -0.000234
34799 -0.000234
34801 -0.000233
34802 -0.000234
34803 -0.000234
34804 -0.000234
34805 -0.000234
34807 -0.000235
34808 -0.000234
34809 -0.000234
34810 -0.000234
34811 -0.000234
34812 -0.000234
34813 -0.000234
34814 -0.000234
34815 -0.000234
34816 -0.000234
34817 -0.000234
34818 -0.000234
34819 -0.000234
34820 -0.000234
34821 -0.000234
34822 -0.000234
34823 -0.000234
34824 -0.000234
34825 -0.000234
34826 -0.000234
34827 -0.000234
34829 -0.000233
34830 -0.000233
34832 -0.000233
34833 -0.000233
34834 -0.000234
34835 -0.000234
34836 -0.000234
34837 -0.000234
34838 -0.000234
34840 -0.000229
34841 -0.000233
34842 -0.000234
34843 -0.000233
34844 -0.000233
34845 -0.000234
34846 -0.000233
34847 -0.000233
34848 -0.000233
34849 -0.000233
34850 -0.000233
34851 -0.000233
34852 -0.000233
34853 -0.000233
34854 -0.000233
34855 -0.000233
34856 -0.000233
34857 -0.000233
34859 -0.000235
34860 -0.000233
34861 -0.000233
34862 -0.000233
34863 -0.000233
34864 -0.000233
34866 -0.000233
34867 -0.000233
34868 -0.000233
34869 -0.000234
34870 -0.000233
34871 -0.000233
34872 -0.000233
34873 -0.000233
34874 -0.000233
34875 -0.000233
34876 -0.000233
34877 -0.000233
34878 -0.000233
34879 -0.000233
34883 -0.000232
34884 -0.000233
34885 -0.000233
34886 -0.000234
34887 -0.000233
34888 -0.000233
34889 -0.000233
34891 -0.000232
34892 -0.000234
34893 -0.000233
34894 -0.000234
34895 -0.000233
34896 -0.000233
34897 -0.000233
34898 -0.000233
34899 -0.000233
34900 -0.000233
34901 -0.000233
34902 -0.000233
34903 -0.000233
34904 -0.000233
34905 -0.000233
34907 -0.000231
34908 -0.000234
34909 -0.000233
34911 -0.000232
34912 -0.000233
34913 -0.000233
34914 -0.000233
34915 -0.000233
34916 -0.000233
34917 -0.000233
34918 -0.000233
34919 -0.000233
34920 -0.000233
34921 -0.000233
34922 -0.000233
34923 -0.000233
34924 -0.000233
34925 -0.000233
34926 -0.000233
34928 -0.000235
34929 -0.000233
34930 -0.000233
34931 -0.000233
34932 -0.000233
34934 -0.000235
34937 -0.000232
34938 -0.000234
34939 -0.000232
34940 -0.000233
34941 -0.000233
34942 -0.000233
34943 -0.000233
34944 -0.000233
34945 -0.000233
34949 -0.000230
34950 -0.000232
34951 -0.000233
34952 -0.000233
34953 -0.000233
34954 -0.000233
34955 -0.000233
34957 -0.000230
34958 -0.000233
34960 -0.000232
34961 -0.000232
34962 -0.000233
34963 -0.000233
34964 -0.000233
34965 -0.000233
34966 -0.000233
34967 -0.000233
34968 -0.000233
34969 -0.000233
34970 -0.000233
34971 -0.000233
34973 -0.000237
34974 -0.000234
34975 -0.000233
34976 -0.000233
34977 -0.000233
34978 -0.000233
34979 -0.000233
34980 -0.000233
34981 -0.000233
34982 -0.000233
34983 -0.000233
34984 -0.000233
34985 -0.000233
34986 -0.000233
34987 -0.000233
34988 -0.000233
34989 -0.000233
34990 -0.000233
34991 -0.000233
34992 -0.000233
34993 -0.000233
34995 -0.000233
34996 -0.000233
34997 -0.000233
34998 -0.000233
34999 -0.000233
35000 -0.000233
35001 -0.000233
35003 -0.000233
35004 -0.000232
35006 -0.000235
35007 -0.000233
35008 -0.000233
35009 -0.000233
35010 -0.000233
35011 -0.000233
35012 -0.000233
35013 -0.000233
35014 -0.000233
35015 -0.000233
35016 -0.000233
35017 -0.000233
35020 -0.000231
35021 -0.000232
35022 -0.000233
35023 -0.000233
35024 -0.000233
35025 -0.000233
35026 -0.000233
35027 -0.000233
35028 -0.000233
35029 -0.000233
35030 -0.000233
35031 -0.000233
35032 -0.000233
35033 -0.000233
35034 -0.000233
35036 -0.000231
35037 -0.000231
35038 -0.000233
35039 -0.000233
35040 -0.000233
35041 -0.000233
35042 -0.000233
35043 -0.000233
35045 -0.000232
35046 -0.000232
35047 -0.000233
35048 -0.000233
35049 -0.000233
35050 -0.000233
35051 -0.000233
35053 -0.000233
35055 -0.000229
35056 -0.000232
35057 -0.000233
35058 -0.000233
35060 -0.000234
35061 -0.000233
35062 -0.000233
35063 -0.000233
35064 -0.000233
35065 -0.000233
35066 -0.000233
35067 -0.000233
35068 -0.000233
35069 -0.000233
35071 -0.000236
35072 -0.000232
35073 -0.000233
35074 -0.000233
35075 -0.000233
35076 -0.000233
35077 -0.000233
35079 -0.000235
35080 -0.000233
35081 -0.000233
35082 -0.000232
35083 -0.000233
35084 -0.000233
35085 -0.000233
35086 -0.000233
35087 -0.000233
35088 -0.000233
35089 -0.000233
35091 -0.000230
35092 -0.000233
35093 -0.000233
35096 -0.000232
35097 -0.000232
35098 -0.000232
35099 -0.000232
35102 -0.000232
35103 -0.000233
35104 -0.000232
35105 -0.000232
35106 -0.000232
35107 -0.000232
35108 -0.000232
35109 -0.000232
35110 -0.000232
35111 -0.000232
35112 -0.000232
35113 -0.000232
35114 -0.000232
35115 -0.000232
35116 -0.000232
35117 -0.000232
35118 -0.000232
35119 -0.000232
35120 -0.000232
35121 -0.000232
35122 -0.000232
35123 -0.000232
35124 -0.000232
35126 -0.000237
35127 -0.000232
35128 -0.000232
35129 -0.000232
35130 -0.000232
35131 -0.000232
35132 -0.000232
35133 -0.000232
35134 -0.000232
35135 -0.000232
35136 -0.000232
35137 -0.000232
35138 -0.000232
35139 -0.000232
35140 -0.000232
35141 -0.000232
35142 -0.000232
35143 -0.000232
35144 -0.000232
35145 -0.000232
35146 -0.000232
35147 -0.000232
35148 -0.000232
35149 -0.000232
35150 -0.000232
35151 -0.000232
35152 -0.000232
35153 -0.000232
35154 -0.000232
35156 -0.000229
35157 -0.000232
35158 -0.000232
35159 -0.000233
35160 -0.000232
35161 -0.000232
35162 -0.000232
35163 -0.000232
35164 -0.000232
35165 -0.000232
35167 -0.000236
35168 -0.000232
35169 -0.000232
35170 -0.000232
35171 -0.000232
35173 -0.000235
35174 -0.000232
35175 -0.000232
35176 -0.000232
35177 -0.000232
35178 -0.000232
35179 -0.000232
35180 -0.000232
35181 -0.000232
35182 -0.000232
35183 -0.000232
35184 -0.000232
35185 -0.000232
35186 -0.000232
35187 -0.000232
35188 -0.000232
35189 -0.000232
35190 -0.000232
35191 -0.000232
35193 -0.000232
35194 -0.000231
35195 -0.000232
35196 -0.000232
35197 -0.000232
35198 -0.000232
35199 -0.000232
35200 -0.000232
35201 -0.000232
35202 -0.000232
35203 -0.000232
35204 -0.000232
35205 -0.000232
35206 -0.000232
35207 -0.000232
35208 -0.000232
35209 -0.000232
35210 -0.000232
35211 -0.000232
35212 -0.000232
35214 -0.000229
35215 -0.000232
35216 -0.000232
35217 -0.000232
35218 -0.000232
35219 -0.000232
35220 -0.000232
35221 -0.000232
35222 -0.000232
35223 -0.000232
35224 -0.000232
35225 -0.000232
35226 -0.000232
35227 -0.000232
35229 -0.000237
35230 -0.000232
35231 -0.000233
35232 -0.000232
35233 -0.000232
35234 -0.000232
35235 -0.000232
35236 -0.000232
35237 -0.000232
35238 -0.000232
35239 -0.000232
35240 -0.000232
35241 -0.000232
35242 -0.000232
35244 -0.000232
35245 -0.000232
35246 -0.000232
35247 -0.000232
35248 -0.000232
35249 -0.000232
35250 -0.000232
35251 -0.000232
35252 -0.000232
35253 -0.000232
35254 -0.000232
35255 -0.000232
35256 -0.000232
35257 -0.000232
35258 -0.000232
35259 -0.000232
35261 -0.000230
35262 -0.000233
35263 -0.000232
35264 -0.000232
35265 -0.000232
35266 -0.000232
35267 -0.000232
35268 -0.000232
35269 -0.000232
35270 -0.000232
35271 -0.000232
35272 -0.000232
35273 -0.000232
35274 -0.000232
35275 -0.000232
35276 -0.000232
35277 -0.000232
35278 -0.000232
35279 -0.000232
35280 -0.000232
35281 -0.000232
35282 -0.000232
35283 -0.000232
35284 -0.000232
35285 -0.000232
35286 -0.000232
35287 -0.000232
35288 -0.000232
35289 -0.000232
35290 -0.000232
35291 -0.000232
35292 -0.000232
35293 -0.000232
35294 -0.000232
35295 -0.000232
35297 -0.000233
35298 -0.000231
35299 -0.000233
35300 -0.000232
35301 -0.000232
35302 -0.000232
35303 -0.000232
35304 -0.000232
35305 -0.000232
35306 -0.000232
35307 -0.000232
35308 -0.000232
35309 -0.000232
35310 -0.000232
35311 -0.000232
35312 -0.000232
35313 -0.000232
35314 -0.000232
35315 -0.000232
35316 -0.000232
35317 -0.000232
35318 -0.000232
35319 -0.000232
35320 -0.000232
35321 -0.000232
35323 -0.000229
35324 -0.000231
35325 -0.000232
35326 -0.000232
35327 -0.000232
35329 -0.000231
35330 -0.000232
35331 -0.000232
35333 -0.000232
35334 -0.000232
35335 -0.000232
35336 -0.000232
35337 -0.000232
35338 -0.000232
35339 -0.000232
35341 -0.000232
35342 -0.000232
35344 -0.000235
35346 -0.000227
35348 -0.000228
35349 -0.000232
35350 -0.000232
35351 -0.000232
35352 -0.000232
35353 -0.000232
35354 -0.000232
35355 -0.000232
35356 -0.000232
35357 -0.000232
35358 -0.000232
35359 -0.000232
35360 -0.000232
35361 -0.000232
35362 -0.000232
35363 -0.000232
35364 -0.000232
35365 -0.000232
35366 -0.000232
35367 -0.000232
35368 -0.000232
35369 -0.000232
35370 -0.000232
35371 -0.000232
35372 -0.000232
35373 -0.000232
35374 -0.000232
35376 -0.000234
35377 -0.000231
35379 -0.000229
35381 -0.000231
35383 -0.000232
35384 -0.000231
35385 -0.000232
35386 -0.000232
35387 -0.000232
35388 -0.000232
35389 -0.000232
35390 -0.000232
35391 -0.000232
35392 -0.000232
35394 -0.000238
35395 -0.000231
35396 -0.000232
35397 -0.000232
35399 -0.000230
35400 -0.000231
35401 -0.000232
35402 -0.000232
35403 -0.000232
35405 -0.000234
35406 -0.000232
35407 -0.000231
35408 -0.000232
35410 -0.000231
35411 -0.000234
35412 -0.000231
35414 -0.000233
35415 -0.000229
35416 -0.000232
35417 -0.000231
35418 -0.000231
35419 -0.000231
35420 -0.000232
35421 -0.000232
35422 -0.000232
35424 -0.000234
35425 -0.000231
35426 -0.000231
35427 -0.000231
35428 -0.000231
35429 -0.000231
35430 -0.000231
35432 -0.000231
35433 -0.000231
35434 -0.000231
35436 -0.000231
35438 -0.000229
35440 -0.000230
35441 -0.000231
35442 -0.000231
35443 -0.000231
35445 -0.000229
35446 -0.000231
35447 -0.000231
35448 -0.000231
35449 -0.000231
35450 -0.000231
35451 -0.000231
35452 -0.000231
35453 -0.000231
35454 -0.000231
35456 -0.000226
35457 -0.000232
35459 -0.000232
35460 -0.000231
35461 -0.000231
35462 -0.000231
35463 -0.000231
35464 -0.000231
35465 -0.000231
35466 -0.000231
35467 -0.000231
35468 -0.000231
35469 -0.000231
35470 -0.000231
35471 -0.000231
35473 -0.000230
35474 -0.000231
35475 -0.000231
35476 -0.000231
35477 -0.000231
35478 -0.000231
35479 -0.000231
35480 -0.000231
35482 -0.000230
35483 -0.000231
35484 -0.000231
35485 -0.000231
35486 -0.000231
35487 -0.000231
35488 -0.000231
35489 -0.000231
35490 -0.000231
35491 -0.000231
35492 -0.000231
35493 -0.000231
35494 -0.000231
35495 -0.000231
35496 -0.000231
35497 -0.000231
35498 -0.000231
35499 -0.000231
35500 -0.000231
35501 -0.000231
35502 -0.000231
35503 -0.000231
35504 -0.000231
35505 -0.000231
35506 -0.000231
35507 -0.000231
35508 -0.000231
35509 -0.000231
35510 -0.000231
35511 -0.000231
35512 -0.000231
35513 -0.000231
35514 -0.000231
35516 -0.000231
35518 -0.000231
35519 -0.000231
35521 -0.000232
35522 -0.000232
35523 -0.000232
35524 -0.000231
35525 -0.000231
35527 -0.000231
35529 -0.000234
35530 -0.000231
35531 -0.000231
35533 -0.000227
35534 -0.000231
35535 -0.000231
35536 -0.000231
35537 -0.000231
35538 -0.000231
35539 -0.000231
35540 -0.000231
35541 -0.000231
35542 -0.000231
35543 -0.000231
35544 -0.000231
35545 -0.000231
35546 -0.000231
35547 -0.000231
35548 -0.000231
35549 -0.000231
35550 -0.000231
35551 -0.000231
35552 -0.000231
35553 -0.000231
35554 -0.000231
35555 -0.000231
35557 -0.000236
35559 -0.000230
35560 -0.000231
35561 -0.000231
35562 -0.000231
35563 -0.000231
35564 -0.000231
35566 -0.000232
35567 -0.000231
35568 -0.000231
35569 -0.000231
35570 -0.000231
35571 -0.000231
35572 -0.000231
35573 -0.000231
35574 -0.000231
35575 -0.000231
35576 -0.000231
35577 -0.000231
35578 -0.000231
35579 -0.000231
35580 -0.000231
35581 -0.000231
35582 -0.000231
35583 -0.000231
35584 -0.000231
35585 -0.000231
35586 -0.000231
35587 -0.000231
35588 -0.000231
35589 -0.000231
35590 -0.000231
35591 -0.000231
35592 -0.000231
35594 -0.000235
35595 -0.000231
35596 -0.000231
35597 -0.000231
35598 -0.000231
35600 -0.000229
35601 -0.000231
35602 -0.000231
35606 -0.000230
35607 -0.000230
35608 -0.000231
35609 -0.000231
35610 -0.000231
35611 -0.000231
35612 -0.000231
35613 -0.000231
35614 -0.000231
35615 -0.000231
35616 -0.000231
35617 -0.000231
35618 -0.000231
35619 -0.000231
35620 -0.000231
35621 -0.000231
35622 -0.000231
35623 -0.000231
35625 -0.000227
35626 -0.000232
35627 -0.000230
35628 -0.000231
35629 -0.000231
35630 -0.000231
35631 -0.000231
35632 -0.000231
35633 -0.000231
35634 -0.000231
35635 -0.000231
35636 -0.000231
35638 -0.000228
35639 -0.000230
35640 -0.000231
35641 -0.000231
35642 -0.000231
35643 -0.000231
35644 -0.000231
35645 -0.000231
35646 -0.000231
35647 -0.000231
35648 -0.000231
35649 -0.000231
35650 -0.000231
35651 -0.000231
35652 -0.000231
35653 -0.000231
35655 -0.000231
35656 -0.000231
35657 -0.000231
35658 -0.000231
35659 -0.000231
35662 -0.000229
35663 -0.000230
35664 -0.000231
35665 -0.000231
35666 -0.000231
35667 -0.000231
35669 -0.000231
35670 -0.000231
35671 -0.000230
35672 -0.000231
35673 -0.000231
35674 -0.000231
35675 -0.000231
35676 -0.000231
35677 -0.000231
35678 -0.000231
35679 -0.000231
35680 -0.000231
35681 -0.000231
35682 -0.000231
35683 -0.000231
35684 -0.000231
35685 -0.000231
35686 -0.000231
35688 -0.000229
35689 -0.000232
35690 -0.000231
35691 -0.000231
35693 -0.000232
35694 -0.000230
35696 -0.000224
35697 -0.000231
35698 -0.000230
35699 -0.000230
35700 -0.000230
35701 -0.000230
35702 -0.000230
35703 -0.000230
35704 -0.000230
35705 -0.000230
35706 -0.000230
35707 -0.000230
35708 -0.000230
35709 -0.000230
35710 -0.000230
35711 -0.000230
35712 -0.000230
35714 -0.000231
35715 -0.000230
35716 -0.000231
35717 -0.000230
35718 -0.000230
35719 -0.000230
35720 -0.000230
35721 -0.000230
35722 -0.000230
35723 -0.000230
35724 -0.000230
35725 -0.000230
35726 -0.000230
35727 -0.000230
35728 -0.000230
35729 -0.000230
35730 -0.000230
35731 -0.000230
35732 -0.000230
35733 -0.000230
35734 -0.000230
35735 -0.000230
35736 -0.000230
35737 -0.000230
35738 -0.000230
35739 -0.000230
35740 -0.000230
35741 -0.000230
35742 -0.000230
35743 -0.000230
35744 -0.000230
35745 -0.000230
35746 -0.000230
35747 -0.000230
35748 -0.000230
35749 -0.000230
35750 -0.000230
35752 -0.000232
35753 -0.000230
35754 -0.000231
35755 -0.000231
35757 -0.000233
35758 -0.000231
35760 -0.000231
35761 -0.000231
35762 -0.000230
35763 -0.000230
35764 -0.000230
35765 -0.000230
35767 -0.000233
35769 -0.000229
35770 -0.000231
35771 -0.000230
35772 -0.000230
35773 -0.000230
35774 -0.000230
35775 -0.000230
35776 -0.000230
35777 -0.000230
35778 -0.000230
35779 -0.000230
35780 -0.000230
35781 -0.000230
35782 -0.000230
35783 -0.000230
35784 -0.000230
35785 -0.000230
35786 -0.000230
35787 -0.000230
35788 -0.000230
35789 -0.000230
35790 -0.000230
35791 -0.000230
35792 -0.000230
35793 -0.000230
35794 -0.000230
35795 -0.000230
35797 -0.000229
35798 -0.000230
35800 -0.000231
35801 -0.000230
35802 -0.000231
35803 -0.000230
35805 -0.000230
35806 -0.000230
35807 -0.000230
35808 -0.000230
35809 -0.000230
35810 -0.000230
35811 -0.000230
35812 -0.000230
35813 -0.000230
35814 -0.000230
35815 -0.000230
35816 -0.000230
35817 -0.000230
35818 -0.000230
35820 -0.000232
35821 -0.000230
35822 -0.000230
35823 -0.000230
35825 -0.000230
35826 -0.000230
35827 -0.000230
35828 -0.000230
35829 -0.000230
35830 -0.000230
35831 -0.000230
35832 -0.000230
35833 -0.000230
35834 -0.000230
35835 -0.000230
35836 -0.000230
35837 -0.000230
35838 -0.000230
35840 -0.000231
35841 -0.000230
35842 -0.000230
35843 -0.000230
35844 -0.000230
35845 -0.000230
35846 -0.000230
35847 -0.000230
35848 -0.000230
35849 -0.000230
35850 -0.000230
35851 -0.000230
35852 -0.000230
35853 -0.000230
35854 -0.000230
35855 -0.000230
35857 -0.000233
35858 -0.000231
35859 -0.000230
35860 -0.000230
35861 -0.000230
35862 -0.000230
35863 -0.000230
35864 -0.000230
35865 -0.000230
35866 -0.000230
35868 -0.000233
35869 -0.000232
35871 -0.000236
35872 -0.000230
35873 -0.000230
35874 -0.000230
35875 -0.000230
35876 -0.000230
35877 -0.000230
35878 -0.000230
35879 -0.000230
35880 -0.000230
35881 -0.000230
35882 -0.000230
35883 -0.000230
35884 -0.000230
35885 -0.000230
35886 -0.000230
35887 -0.000230
35889 -0.000228
35890 -0.000231
35891 -0.000230
35893 -0.000233
35895 -0.000230
35896 -0.000229
35897 -0.000230
35898 -0.000230
35899 -0.000230
35901 -0.000232
35902 -0.000230
35903 -0.000230
35904 -0.000230
35905 -0.000230
35906 -0.000230
35907 -0.000230
35908 -0.000230
35909 -0.000230
35910 -0.000230
35912 -0.000233
35913 -0.000230
35914 -0.000230
35915 -0.000230
35916 -0.000230
35917 -0.000230
35918 -0.000230
35919 -0.000230
35920 -0.000230
35921 -0.000230
35922 -0.000230
35923 -0.000230
35924 -0.000230
35925 -0.000230
35927 -0.000228
35928 -0.000230
35929 -0.000230
35931 -0.000230
35932 -0.000230
35933 -0.000230
35934 -0.000230
35936 -0.000230
35938 -0.000230
35940 -0.000231
35942 -0.000228
35943 -0.000231
35945 -0.000228
35947 -0.000228
35948 -0.000230
35949 -0.000230
35950 -0.000230
35951 -0.000230
35953 -0.000230
35954 -0.000230
35955 -0.000230
35957 -0.000232
35959 -0.000230
35960 -0.000230
35961 -0.000229
35962 -0.000229
35963 -0.000229
35964 -0.000229
35965 -0.000229
35966 -0.000229
35967 -0.000229
35968 -0.000229
35969 -0.000229
35970 -0.000229
35971 -0.000229
35973 -0.000228
35974 -0.000229
35975 -0.000229
35976 -0.000229
35977 -0.000229
35978 -0.000229
35979 -0.000229
35980 -0.000229
35981 -0.000229
35982 -0.000229
35985 -0.000231
35986 -0.000229
35987 -0.000229
35988 -0.000229
35989 -0.000229
35990 -0.000229
35991 -0.000229
35992 -0.000229
35993 -0.000229
35994 -0.000229
35995 -0.000229
35996 -0.000229
35997 -0.000229
35998 -0.000229
36000 -0.000226
36001 -0.000230
36002 -0.000229
36003 -0.000229
36005 -0.000232
36006 -0.000230
36007 -0.000229
36008 -0.000229
36009 -0.000229
36010 -0.000229
36011 -0.000229
36012 -0.000229
36013 -0.000229
36014 -0.000229
36015 -0.000229
36016 -0.000229
36018 -0.000226
36019 -0.000230
36020 -0.000229
36021 -0.000229
36022 -0.000229
36023 -0.000229
36024 -0.000229
36025 -0.000229
36026 -0.000229
36027 -0.000229
36028 -0.000229
36029 -0.000229
36030 -0.000229
36031 -0.000229
36032 -0.000229
36033 -0.000229
36034 -0.000229
36035 -0.000229
36037 -0.000229
36038 -0.000229
36039 -0.000230
36040 -0.000229
36041 -0.000229
36042 -0.000229
36043 -0.000229
36044 -0.000229
36045 -0.000229
36047 -0.000229
36048 -0.000229
36049 -0.000229
36050 -0.000229
36051 -0.000229
36052 -0.000229
36053 -0.000229
36054 -0.000229
36055 -0.000229
36056 -0.000229
36057 -0.000229
36058 -0.000229
36060 -0.000229
36061 -0.000229
36062 -0.000229
36063 -0.000229
36064 -0.000229
36065 -0.000229
36066 -0.000229
36068 -0.000229
36069 -0.000229
36070 -0.000229
36071 -0.000229
36072 -0.000229
36073 -0.000229
36074 -0.000229
36075 -0.000229
36076 -0.000229
36078 -0.000229
36079 -0.000229
36080 -0.000229
36081 -0.000229
36082 -0.000229
36083 -0.000229
36085 -0.000228
36087 -0.000222
36088 -0.000229
36089 -0.000229
36090 -0.000229
36091 -0.000229
36092 -0.000229
36093 -0.000229
36094 -0.000229
36096 -0.000230
36097 -0.000229
36098 -0.000229
36099 -0.000229
36100 -0.000229
36101 -0.000229
36102 -0.000229
36103 -0.000229
36104 -0.000229
36105 -0.000229
36106 -0.000229
36107 -0.000229
36108 -0.000229
36109 -0.000229
36110 -0.000229
36111 -0.000229
36112 -0.000229
36113 -0.000229
36114 -0.000229
36115 -0.000229
36116 -0.000229
36117 -0.000229
36118 -0.000229
36119 -0.000229
36120 -0.000229
36121 -0.000229
36122 -0.000229
36123 -0.000229
36124 -0.000229
36125 -0.000229
36126 -0.000229
36127 -0.000229
36128 -0.000229
36129 -0.000229
36130 -0.000229
36131 -0.000229
36133 -0.000228
36134 -0.000230
36135 -0.000229
36136 -0.000229
36137 -0.000229
36138 -0.000229
36140 -0.000231
36141 -0.000229
36142 -0.000229
36143 -0.000229
36144 -0.000229
36145 -0.000229
36147 -0.000227
36148 -0.000228
36149 -0.000229
36150 -0.000229
36151 -0.000229
36153 -0.000232
36155 -0.000229
36156 -0.000228
36158 -0.000231
36160 -0.000227
36161 -0.000228
36162 -0.000229
36163 -0.000229
36164 -0.000229
36165 -0.000229
36166 -0.000229
36167 -0.000229
36168 -0.000229
36169 -0.000229
36170 -0.000229
36171 -0.000229
36172 -0.000229
36173 -0.000229
36174 -0.000229
36175 -0.000229
36176 -0.000229
36178 -0.000228
36179 -0.000229
36180 -0.000229
36181 -0.000229
36182 -0.000229
36183 -0.000229
36184 -0.000229
36185 -0.000229
36188 -0.000227
36190 -0.000233
36191 -0.000225
36192 -0.000229
36193 -0.000229
36194 -0.000229
36195 -0.000229
36196 -0.000229
36197 -0.000229
36198 -0.000229
36199 -0.000229
36200 -0.000229
36201 -0.000229
36202 -0.000229
36204 -0.000227
36205 -0.000229
36206 -0.000229
36207 -0.000229
36209 -0.000226
36210 -0.000229
36211 -0.000229
36212 -0.000229
36213 -0.000229
36215 -0.000228
36216 -0.000228
36217 -0.000229
36218 -0.000229
36219 -0.000229
36220 -0.000229
36221 -0.000229
36222 -0.000229
36223 -0.000229
36224 -0.000229
36226 -0.000231
36227 -0.000228
36229 -0.000229
36230 -0.000230
36231 -0.000229
36232 -0.000229
36233 -0.000229
36234 -0.000229
36235 -0.000229
36238 -0.000227
36239 -0.000229
36240 -0.000229
36241 -0.000229
36242 -0.000228
36243 -0.000228
36244 -0.000228
36245 -0.000228
36247 -0.000228
36248 -0.000229
36249 -0.000229
36250 -0.000228
36252 -0.000230
36253 -0.000228
36254 -0.000228
36255 -0.000228
36256 -0.000228
36257 -0.000228
36258 -0.000228
36259 -0.000228
36260 -0.000228
36262 -0.000224
36263 -0.000229
36264 -0.000228
36265 -0.000228
36267 -0.000225
36268 -0.000228
36269 -0.000228
36270 -0.000228
36271 -0.000228
36272 -0.000228
36273 -0.000228
36274 -0.000228
36275 -0.000228
36276 -0.000228
36277 -0.000228
36278 -0.000228
36279 -0.000228
36280 -0.000228
36281 -0.000228
36282 -0.000228
36283 -0.000228
36284 -0.000228
36285 -0.000228
36286 -0.000228
36287 -0.000228
36288 -0.000228
36289 -0.000228
36290 -0.000228
36291 -0.000228
36292 -0.000228
36294 -0.000228
36295 -0.000228
36296 -0.000229
36297 -0.000228
36298 -0.000228
36299 -0.000228
36301 -0.000228
36302 -0.000228
36303 -0.000228
36304 -0.000228
36305 -0.000228
36306 -0.000228
36307 -0.000228
36308 -0.000228
36309 -0.000228
36310 -0.000228
36312 -0.000228
36313 -0.000229
36314 -0.000228
36315 -0.000228
36316 -0.000228
36317 -0.000228
36318 -0.000228
36319 -0.000228
36320 -0.000228
36321 -0.000228
36322 -0.000228
36323 -0.000228
36325 -0.000229
36327 -0.000228
36328 -0.000228
36329 -0.000228
36330 -0.000228
36331 -0.000228
36332 -0.000228
36333 -0.000228
36336 -0.000226
36337 -0.000228
36338 -0.000228
36339 -0.000228
36340 -0.000228
36341 -0.000228
36342 -0.000228
36343 -0.000228
36344 -0.000228
36345 -0.000228
36346 -0.000228
36347 -0.000228
36348 -0.000228
36349 -0.000228
36350 -0.000228
36351 -0.000228
36352 -0.000228
36353 -0.000228
36354 -0.000228
36355 -0.000228
36357 -0.000228
36358 -0.000228
36359 -0.000228
36360 -0.000228
36361 -0.000228
36362 -0.000228
36363 -0.000228
36364 -0.000228
36365 -0.000228
36366 -0.000228
36368 -0.000230
36369 -0.000228
36370 -0.000228
36371 -0.000228
36372 -0.000228
36373 -0.000228
36374 -0.000228
36375 -0.000228
36376 -0.000228
36377 -0.000228
36378 -0.000228
36379 -0.000228
36380 -0.000228
36381 -0.000228
36382 -0.000228
36383 -0.000228
36384 -0.000228
36386 -0.000228
36388 -0.000230
36390 -0.000226
36391 -0.000228
36392 -0.000228
36395 -0.000229
36396 -0.000228
36397 -0.000228
36399 -0.000229
36400 -0.000229
36401 -0.000228
36403 -0.000227
36404 -0.000227
36405 -0.000228
36406 -0.000228
36407 -0.000228
36408 -0.000228
36409 -0.000228
36410 -0.000228
36411 -0.000228
36412 -0.000228
36413 -0.000228
36414 -0.000228
36415 -0.000228
36416 -0.000228
36417 -0.000228
36418 -0.000228
36419 -0.000228
36420 -0.000228
36421 -0.000228
36422 -0.000228
36423 -0.000228
36424 -0.000228
36425 -0.000228
36426 -0.000228
36427 -0.000228
36429 -0.000224
36430 -0.000228
36431 -0.000228
36432 -0.000228
36434 -0.000226
36435 -0.000227
36436 -0.000227
36437 -0.000228
36438 -0.000228
36439 -0.000228
36441 -0.000227
36442 -0.000228
36445 -0.000228
36446 -0.000228
36447 -0.000227
36448 -0.000227
36449 -0.000228
36450 -0.000228
36451 -0.000228
36452 -0.000228
36453 -0.000228
36454 -0.000228
36455 -0.000228
36457 -0.000228
36458 -0.000228
36459 -0.000228
36460 -0.000228
36462 -0.000228
36463 -0.000227
36464 -0.000228
36466 -0.000226
36467 -0.000226
36468 -0.000228
36469 -0.000227
36470 -0.000228
36471 -0.000228
36472 -0.000228
36473 -0.000228
36474 -0.000228
36475 -0.000228
36476 -0.000228
36477 -0.000228
36478 -0.000228
36479 -0.000228
36480 -0.000228
36481 -0.000228
36482 -0.000228
36485 -0.000228
36486 -0.000227
36487 -0.000227
36488 -0.000228
36489 -0.000228
36490 -0.000228
36491 -0.000228
36492 -0.000228
36493 -0.000228
36494 -0.000228
36495 -0.000228
36496 -0.000228
36497 -0.000228
36498 -0.000228
36499 -0.000228
36500 -0.000228
36501 -0.000228
36502 -0.000228
36503 -0.000228
36504 -0.000228
36505 -0.000228
36506 -0.000228
36507 -0.000228
36508 -0.000228
36509 -0.000228
36510 -0.000228
36511 -0.000228
36512 -0.000228
36513 -0.000228
36514 -0.000228
36515 -0.000228
36516 -0.000228
36517 -0.000228
36518 -0.000228
36519 -0.000228
36520 -0.000228
36521 -0.000228
36522 -0.000228
36523 -0.000228
36524 -0.000228
36525 -0.000228
36526 -0.000228
36527 -0.000228
36528 -0.000228
36529 -0.000228
36530 -0.000228
36531 -0.000228
36532 -0.000228
36533 -0.000228
36534 -0.000228
36536 -0.000227
36537 -0.000227
36538 -0.000228
36539 -0.000228
36540 -0.000228
36541 -0.000227
36542 -0.000227
36543 -0.000227
36544 -0.000227
36545 -0.000227
36546 -0.000227
36547 -0.000227
36548 -0.000227
36549 -0.000227
36550 -0.000227
36551 -0.000227
36552 -0.000227
36553 -0.000227
36554 -0.000227
36555 -0.000227
36556 -0.000227
36557 -0.000227
36558 -0.000227
36561 -0.000225
36562 -0.000226
36563 -0.000227
36564 -0.000228
36565 -0.000227
36566 -0.000227
36567 -0.000227
36568 -0.000227
36569 -0.000227
36570 -0.000227
36571 -0.000227
36572 -0.000227
36573 -0.000227
36574 -0.000227
36575 -0.000227
36577 -0.000227
36578 -0.000227
36579 -0.000227
36580 -0.000227
36581 -0.000227
36582 -0.000227
36584 -0.000225
36585 -0.000228
36586 -0.000227
36587 -0.000227
36588 -0.000227
36589 -0.000227
36591 -0.000226
36592 -0.000226
36593 -0.000227
36594 -0.000227
36595 -0.000227
36596 -0.000227
36597 -0.000227
36598 -0.000227
36599 -0.000227
36601 -0.000231
36602 -0.000227
36603 -0.000227
36604 -0.000227
36605 -0.000227
36606 -0.000227
36607 -0.000227
36608 -0.000227
36609 -0.000227
36610 -0.000227
36611 -0.000227
36612 -0.000227
36613 -0.000227
36615 -0.000226
36616 -0.000228
36618 -0.000226
36619 -0.000227
36620 -0.000227
36621 -0.000227
36622 -0.000227
36623 -0.000227
36624 -0.000227
36625 -0.000227
36626 -0.000227
36627 -0.000227
36628 -0.000227
36630 -0.000224
36631 -0.000227
36632 -0.000227
36633 -0.000227
36634 -0.000227
36635 -0.000227
36636 -0.000227
36637 -0.000227
36638 -0.000227
36639 -0.000227
36640 -0.000227
36641 -0.000227
36642 -0.000227
36643 -0.000227
36645 -0.000225
36646 -0.000228
36647 -0.000228
36648 -0.000227
36649 -0.000227
36650 -0.000227
36651 -0.000227
36652 -0.000227
36653 -0.000227
36654 -0.000227
36655 -0.000227
36656 -0.000227
36657 -0.000227
36658 -0.000227
36659 -0.000227
36660 -0.000227
36661 -0.000227
36662 -0.000227
36663 -0.000227
36664 -0.000227
36665 -0.000227
36666 -0.000227
36667 -0.000227
36668 -0.000227
36669 -0.000227
36671 -0.000223
36672 -0.000229
36674 -0.000224
36675 -0.000228
36676 -0.000227
36677 -0.000227
36678 -0.000227
36679 -0.000227
36680 -0.000227
36681 -0.000227
36682 -0.000227
36683 -0.000227
36684 -0.000227
36685 -0.000227
36686 -0.000227
36687 -0.000227
36688 -0.000227
36689 -0.000227
36690 -0.000227
36691 -0.000227
36692 -0.000227
36693 -0.000227
36694 -0.000227
36695 -0.000227
36696 -0.000227
36697 -0.000227
36698 -0.000227
36699 -0.000227
36700 -0.000227
36701 -0.000227
36702 -0.000227
36703 -0.000227
36704 -0.000227
36705 -0.000227
36706 -0.000227
36707 -0.000227
36708 -0.000227
36709 -0.000227
36711 -0.000224
36712 -0.000226
36713 -0.000227
36714 -0.000227
36715 -0.000227
36716 -0.000227
36717 -0.000227
36718 -0.000227
36719 -0.000227
36720 -0.000227
36721 -0.000227
36722 -0.000227
36723 -0.000227
36724 -0.000227
36725 -0.000227
36726 -0.000227
36727 -0.000227
36728 -0.000227
36730 -0.000226
36732 -0.000223
36733 -0.000227
36734 -0.000227
36735 -0.000227
36737 -0.000226
36738 -0.000227
36739 -0.000227
36740 -0.000227
36741 -0.000227
36742 -0.000227
36743 -0.000227
36745 -0.000227
36746 -0.000227
36747 -0.000227
36748 -0.000227
36749 -0.000227
36750 -0.000227
36751 -0.000227
36752 -0.000227
36753 -0.000227
36754 -0.000227
36755 -0.000227
36756 -0.000227
36757 -0.000227
36759 -0.000229
36760 -0.000227
36761 -0.000227
36762 -0.000227
36764 -0.000224
36765 -0.000227
36766 -0.000226
36767 -0.000227
36768 -0.000227
36769 -0.000227
36770 -0.000227
36771 -0.000227
36772 -0.000227
36773 -0.000227
36774 -0.000227
36775 -0.000227
36776 -0.000227
36777 -0.000227
36778 -0.000227
36779 -0.000227
36780 -0.000227
36781 -0.000227
36782 -0.000227
36784 -0.000229
36785 -0.000227
36786 -0.000227
36787 -0.000227
36788 -0.000227
36789 -0.000227
36790 -0.000227
36792 -0.000228
36793 -0.000227
36794 -0.000227
36795 -0.000227
36796 -0.000227
36797 -0.000227
36799 -0.000230
36800 -0.000227
36801 -0.000227
36802 -0.000227
36803 -0.000227
36804 -0.000227
36805 -0.000227
36807 -0.000227
36809 -0.000228
36810 -0.000227
36811 -0.000227
36812 -0.000227
36813 -0.000227
36814 -0.000227
36815 -0.000227
36816 -0.000227
36817 -0.000227
36818 -0.000227
36819 -0.000227
36820 -0.000227
36821 -0.000227
36822 -0.000227
36823 -0.000227
36824 -0.000227
36825 -0.000227
36826 -0.000227
36827 -0.000227
36828 -0.000227
36829 -0.000227
36830 -0.000227
36831 -0.000227
36832 -0.000227
36833 -0.000227
36834 -0.000227
36835 -0.000227
36836 -0.000227
36837 -0.000227
36838 -0.000227
36839 -0.000227
36840 -0.000227
36841 -0.000227
36842 -0.000227
36843 -0.000227
36844 -0.000227
36846 -0.000224
36847 -0.000226
36848 -0.000227
36849 -0.000227
36850 -0.000227
36851 -0.000227
36853 -0.000224
36854 -0.000225
36855 -0.000227
36857 -0.000227
36858 -0.000227
36859 -0.000227
36860 -0.000227
36861 -0.000227
36864 -0.000222
36865 -0.000228
36866 -0.000227
36867 -0.000227
36868 -0.000227
36869 -0.000227
36870 -0.000227
36871 -0.000227
36873 -0.000226
36874 -0.000226
36875 -0.000227
36876 -0.000227
36877 -0.000227
36880 -0.000223
36881 -0.000226
36882 -0.000227
36883 -0.000227
36884 -0.000226
36885 -0.000227
36886 -0.000227
36887 -0.000227
36888 -0.000227
36889 -0.000227
36890 -0.000227
36891 -0.000227
36892 -0.000227
36893 -0.000227
36894 -0.000227
36895 -0.000227
36896 -0.000227
36897 -0.000227
36898 -0.000227
36899 -0.000227
36900 -0.000227
36901 -0.000227
36902 -0.000227
36903 -0.000227
36904 -0.000227
36906 -0.000226
36907 -0.000226
36908 -0.000227
36909 -0.000226
36910 -0.000226
36911 -0.000226
36912 -0.000227
36913 -0.000226
36914 -0.000226
36915 -0.000226
36916 -0.000226
36917 -0.000226
36919 -0.000225
36921 -0.000226
36922 -0.000226
36923 -0.000226
36925 -0.000228
36926 -0.000226
36927 -0.000226
36928 -0.000226
36929 -0.000226
36930 -0.000226
36931 -0.000226
36932 -0.000226
36933 -0.000226
36934 -0.000226
36935 -0.000226
36936 -0.000226
36937 -0.000226
36938 -0.000226
36939 -0.000226
36940 -0.000226
36941 -0.000226
36942 -0.000226
36945 -0.000223
36946 -0.000227
36947 -0.000227
36948 -0.000226
36949 -0.000226
36950 -0.000226
36951 -0.000226
36952 -0.000226
36953 -0.000226
36955 -0.000225
36956 -0.000226
36957 -0.000226
36958 -0.000226
36959 -0.000226
36960 -0.000226
36962 -0.000225
36963 -0.000226
36964 -0.000226
36965 -0.000226
36966 -0.000226
36967 -0.000226
36968 -0.000226
36969 -0.000226
36970 -0.000226
36971 -0.000226
36972 -0.000226
36973 -0.000226
36974 -0.000226
36975 -0.000226
36976 -0.000226
36977 -0.000226
36978 -0.000226
36979 -0.000226
36980 -0.000226
36983 -0.000235
36984 -0.000227
36985 -0.000226
36986 -0.000226
36987 -0.000226
36988 -0.000226
36989 -0.000226
36990 -0.000226
36991 -0.000226
36992 -0.000226
36993 -0.000226
36994 -0.000226
36995 -0.000226
36996 -0.000226
36997 -0.000226
36998 -0.000226
37000 -0.000224
37001 -0.000226
37002 -0.000226
37003 -0.000226
37004 -0.000226
37005 -0.000226
37006 -0.000226
37007 -0.000226
37008 -0.000226
37009 -0.000226
37010 -0.000226
37011 -0.000226
37012 -0.000226
37013 -0.000226
37014 -0.000226
37015 -0.000226
37017 -0.000223
37018 -0.000225
37020 -0.000227
37021 -0.000226
37022 -0.000226
37023 -0.000226
37024 -0.000226
37025 -0.000226
37026 -0.000226
37028 -0.000228
37029 -0.000226
37030 -0.000226
37031 -0.000226
37032 -0.000226
37033 -0.000226
37034 -0.000226
37035 -0.000226
37036 -0.000226
37037 -0.000226
37038 -0.000226
37039 -0.000226
37040 -0.000226
37042 -0.000225
37043 -0.000226
37044 -0.000226
37045 -0.000226
37046 -0.000226
37047 -0.000226
37048 -0.000226
37049 -0.000226
37050 -0.000226
37052 -0.000227
37053 -0.000227
37054 -0.000226
37055 -0.000226
37056 -0.000226
37058 -0.000225
37059 -0.000227
37061 -0.000231
37062 -0.000226
37064 -0.000225
37065 -0.000226
37066 -0.000226
37067 -0.000226
37068 -0.000226
37069 -0.000226
37070 -0.000226
37071 -0.000226
37072 -0.000226
37073 -0.000226
37074 -0.000226
37075 -0.000226
37076 -0.000226
37077 -0.000226
37079 -0.000223
37080 -0.000226
37081 -0.000226
37082 -0.000226
37083 -0.000226
37084 -0.000226
37085 -0.000226
37086 -0.000226
37087 -0.000226
37088 -0.000226
37089 -0.000226
37090 -0.000226
37092 -0.000223
37093 -0.000225
37094 -0.000226
37095 -0.000226
37096 -0.000226
37097 -0.000226
37098 -0.000226
37099 -0.000226
37100 -0.000226
37101 -0.000226
37102 -0.000226
37103 -0.000226
37104 -0.000226
37105 -0.000226
37106 -0.000226
37107 -0.000226
37108 -0.000226
37110 -0.000223
37111 -0.000226
37112 -0.000226
37113 -0.000226
37114 -0.000226
37116 -0.000224
37117 -0.000226
37118 -0.000225
37119 -0.000226
37120 -0.000226
37121 -0.000226
37122 -0.000226
37124 -0.000223
37125 -0.000226
37126 -0.000226
37127 -0.000226
37128 -0.000226
37129 -0.000226
37130 -0.000226
37131 -0.000226
37132 -0.000226
37133 -0.000226
37134 -0.000226
37135 -0.000226
37136 -0.000226
37137 -0.000226
37140 -0.000229
37141 -0.000226
37142 -0.000226
37143 -0.000226
37144 -0.000226
37145 -0.000226
37146 -0.000226
37147 -0.000226
37149 -0.000223
37150 -0.000226
37151 -0.000226
37152 -0.000226
37153 -0.000226
37154 -0.000226
37155 -0.000226
37156 -0.000226
37158 -0.000223
37159 -0.000226
37160 -0.000225
37161 -0.000226
37162 -0.000226
37164 -0.000223
37165 -0.000225
37166 -0.000225
37167 -0.000225
37168 -0.000226
37169 -0.000226
37170 -0.000226
37171 -0.000226
37172 -0.000226
37174 -0.000227
37175 -0.000225
37176 -0.000226
37177 -0.000226
37178 -0.000226
37180 -0.000225
37181 -0.000226
37182 -0.000226
37183 -0.000226
37185 -0.000224
37186 -0.000226
37187 -0.000225
37188 -0.000226
37189 -0.000226
37190 -0.000226
37191 -0.000226
37193 -0.000225
37194 -0.000225
37195 -0.000226
37196 -0.000225
37198 -0.000226
37199 -0.000226
37200 -0.000225
37201 -0.000225
37202 -0.000225
37203 -0.000225
37204 -0.000225
37205 -0.000225
37206 -0.000225
37207 -0.000225
37208 -0.000225
37209 -0.000225
37210 -0.000225
37211 -0.000225
37212 -0.000225
37213 -0.000225
37214 -0.000225
37215 -0.000225
37216 -0.000225
37217 -0.000225
37218 -0.000225
37219 -0.000225
37221 -0.000224
37222 -0.000225
37223 -0.000226
37224 -0.000225
37225 -0.000225
37226 -0.000225
37227 -0.000225
37228 -0.000225
37229 -0.000225
37230 -0.000225
37231 -0.000225
37232 -0.000225
37233 -0.000225
37234 -0.000225
37235 -0.000225
37237 -0.000226
37238 -0.000225
37239 -0.000226
37240 -0.000226
37241 -0.000226
37242 -0.000225
37243 -0.000225
37244 -0.000225
37245 -0.000225
37246 -0.000225
37247 -0.000225
37248 -0.000225
37249 -0.000225
37250 -0.000225
37251 -0.000225
37252 -0.000225
37253 -0.000225
37254 -0.000225
37255 -0.000225
37256 -0.000225
37257 -0.000225
37258 -0.000225
37259 -0.000225
37260 -0.000225
37261 -0.000225
37262 -0.000225
37263 -0.000225
37264 -0.000225
37265 -0.000225
37266 -0.000225
37267 -0.000225
37268 -0.000225
37269 -0.000225
37270 -0.000225
37271 -0.000225
37272 -0.000225
37273 -0.000225
37274 -0.000225
37275 -0.000225
37276 -0.000225
37277 -0.000225
37278 -0.000225
37279 -0.000225
37280 -0.000225
37281 -0.000225
37282 -0.000225
37283 -0.000225
37284 -0.000225
37285 -0.000225
37287 -0.000224
37289 -0.000228
37290 -0.000225
37291 -0.000225
37292 -0.000225
37293 -0.000225
37294 -0.000225
37295 -0.000225
37296 -0.000225
37297 -0.000225
37298 -0.000225
37299 -0.000225
37300 -0.000225
37301 -0.000225
37302 -0.000225
37304 -0.000222
37306 -0.000229
37307 -0.000225
37309 -0.000222
37310 -0.000225
37311 -0.000226
37314 -0.000228
37315 -0.000225
37317 -0.000225
37318 -0.000224
37319 -0.000225
37320 -0.000225
37322 -0.000223
37323 -0.000225
37324 -0.000225
37325 -0.000225
37327 -0.000225
37328 -0.000224
37329 -0.000225
37330 -0.000225
37331 -0.000225
37332 -0.000225
37333 -0.000225
37334 -0.000225
37335 -0.000225
37336 -0.000225
37337 -0.000225
37338 -0.000225
37339 -0.000225
37340 -0.000225
37341 -0.000225
37342 -0.000225
37343 -0.000225
37344 -0.000225
37345 -0.000225
37346 -0.000225
37347 -0.000225
37348 -0.000225
37349 -0.000225
37350 -0.000225
37351 -0.000225
37352 -0.000225
37353 -0.000225
37354 -0.000225
37355 -0.000225
37356 -0.000225
37357 -0.000225
37358 -0.000225
37359 -0.000225
37360 -0.000225
37362 -0.000224
37363 -0.000226
37364 -0.000225
37365 -0.000225
37366 -0.000225
37367 -0.000225
37368 -0.000225
37371 -0.000229
37372 -0.000225
37374 -0.000226
37375 -0.000225
37376 -0.000225
37377 -0.000225
37378 -0.000225
37379 -0.000225
37380 -0.000225
37381 -0.000225
37382 -0.000225
37383 -0.000225
37385 -0.000223
37386 -0.000225
37387 -0.000225
37388 -0.000225
37389 -0.000225
37390 -0.000225
37391 -0.000225
37392 -0.000225
37393 -0.000225
37394 -0.000225
37395 -0.000225
37396 -0.000225
37397 -0.000225
37398 -0.000225
37399 -0.000225
37401 -0.000224
37402 -0.000225
37403 -0.000225
37404 -0.000225
37405 -0.000225
37406 -0.000225
37407 -0.000225
37408 -0.000225
37410 -0.000225
37411 -0.000226
37412 -0.000225
37413 -0.000225
37414 -0.000225
37415 -0.000225
37416 -0.000225
37417 -0.000225
37418 -0.000225
37419 -0.000225
37420 -0.000225
37421 -0.000225
37422 -0.000225
37423 -0.000225
37424 -0.000225
37425 -0.000225
37426 -0.000225
37427 -0.000225
37428 -0.000225
37429 -0.000225
37430 -0.000225
37431 -0.000225
37433 -0.000224
37434 -0.000226
37435 -0.000226
37437 -0.000227
37438 -0.000225
37439 -0.000225
37440 -0.000225
37441 -0.000225
37442 -0.000225
37443 -0.000225
37444 -0.000225
37445 -0.000225
37446 -0.000225
37447 -0.000225
37448 -0.000225
37449 -0.000225
37450 -0.000225
37451 -0.000225
37452 -0.000225
37453 -0.000225
37454 -0.000225
37455 -0.000225
37456 -0.000225
37457 -0.000225
37458 -0.000225
37459 -0.000225
37460 -0.000225
37461 -0.000225
37462 -0.000225
37463 -0.000225
37464 -0.000225
37465 -0.000225
37466 -0.000225
37467 -0.000225
37468 -0.000225
37469 -0.000225
37470 -0.000225
37471 -0.000225
37472 -0.000225
37473 -0.000225
37474 -0.000225
37475 -0.000225
37476 -0.000225
37477 -0.000225
37478 -0.000225
37479 -0.000225
37483 -0.000225
37484 -0.000224
37485 -0.000225
37486 -0.000225
37487 -0.000225
37488 -0.000225
37490 -0.000224
37491 -0.000225
37493 -0.000227
37494 -0.000225
37495 -0.000225
37496 -0.000225
37497 -0.000225
37498 -0.000225
37499 -0.000225
37501 -0.000225
37502 -0.000225
37503 -0.000225
37504 -0.000225
37505 -0.000225
37507 -0.000221
37508 -0.000224
37509 -0.000225
37511 -0.000224
37512 -0.000224
37513 -0.000224
37514 -0.000224
37516 -0.000224
37518 -0.000224
37519 -0.000225
37520 -0.000224
37521 -0.000224
37522 -0.000225
37523 -0.000224
37524 -0.000225
37525 -0.000225
37526 -0.000225
37527 -0.000225
37528 -0.000225
37529 -0.000225
37530 -0.000225
37531 -0.000225
37532 -0.000225
37533 -0.000225
37534 -0.000225
37535 -0.000225
37536 -0.000225
37537 -0.000225
37539 -0.000221
37540 -0.000224
37541 -0.000224
37542 -0.000224
37543 -0.000224
37544 -0.000224
37545 -0.000224
37546 -0.000225
37547 -0.000225
37548 -0.000225
37549 -0.000225
37550 -0.000224
37551 -0.000224
37553 -0.000223
37554 -0.000224
37555 -0.000224
37557 -0.000226
37558 -0.000225
37559 -0.000224
37560 -0.000224
37561 -0.000224
37562 -0.000224
37563 -0.000224
37564 -0.000224
37565 -0.000224
37566 -0.000224
37567 -0.000224
37568 -0.000224
37569 -0.000224
37570 -0.000224
37571 -0.000224
37572 -0.000224
37574 -0.000226
37575 -0.000224
37576 -0.000224
37578 -0.000227
37579 -0.000225
37580 -0.000224
37581 -0.000224
37582 -0.000224
37583 -0.000224
37584 -0.000224
37585 -0.000224
37586 -0.000224
37587 -0.000224
37588 -0.000224
37589 -0.000224
37590 -0.000224
37591 -0.000224
37592 -0.000224
37593 -0.000224
37594 -0.000224
37595 -0.000224
37596 -0.000224
37598 -0.000225
37599 -0.000225
37600 -0.000224
37601 -0.000224
37602 -0.000224
37603 -0.000224
37605 -0.000225
37606 -0.000224
37607 -0.000224
37608 -0.000224
37610 -0.000223
37611 -0.000225
37612 -0.000224
37613 -0.000224
37615 -0.000225
37616 -0.000224
37617 -0.000224
37618 -0.000224
37620 -0.000221
37621 -0.000224
37622 -0.000224
37623 -0.000224
37624 -0.000224
37625 -0.000224
37626 -0.000224
37627 -0.000224
37628 -0.000224
37629 -0.000224
37631 -0.000228
37632 -0.000225
37633 -0.000224
37635 -0.000223
37636 -0.000225
37637 -0.000224
37638 -0.000224
37639 -0.000224
37640 -0.000224
37641 -0.000224
37643 -0.000228
37644 -0.000223
37645 -0.000224
37646 -0.000224
37647 -0.000224
37648 -0.000224
37649 -0.000224
37650 -0.000224
37651 -0.000224
37652 -0.000224
37653 -0.000224
37655 -0.000226
37656 -0.000224
37658 -0.000221
37659 -0.000224
37660 -0.000224
37661 -0.000224
37662 -0.000224
37663 -0.000224
37664 -0.000224
37665 -0.000224
37666 -0.000224
37668 -0.000222
37669 -0.000223
37670 -0.000224
37671 -0.000224
37672 -0.000224
37673 -0.000224
37674 -0.000224
37675 -0.000224
37678 -0.000225
37680 -0.000221
37681 -0.000223
37682 -0.000224
37683 -0.000224
37685 -0.000226
37686 -0.000224
37687 -0.000224
37688 -0.000224
37689 -0.000224
37690 -0.000224
37691 -0.000224
37692 -0.000224
37693 -0.000224
37694 -0.000224
37695 -0.000224
37696 -0.000224
37697 -0.000224
37698 -0.000224
37699 -0.000224
37700 -0.000224
37701 -0.000224
37702 -0.000224
37703 -0.000224
37705 -0.000228
37706 -0.000223
37708 -0.000227
37709 -0.000224
37710 -0.000224
37711 -0.000224
37712 -0.000224
37713 -0.000224
37714 -0.000224
37715 -0.000224
37716 -0.000224
37717 -0.000224
37719 -0.000224
37720 -0.000224
37721 -0.000224
37722 -0.000224
37723 -0.000224
37724 -0.000224
37726 -0.000224
37728 -0.000224
37729 -0.000224
37730 -0.000224
37731 -0.000224
37732 -0.000224
37733 -0.000224
37734 -0.000224
37736 -0.000226
37737 -0.000223
37738 -0.000224
37739 -0.000224
37740 -0.000224
37741 -0.000224
37742 -0.000224
37743 -0.000224
37744 -0.000224
37745 -0.000224
37746 -0.000224
37747 -0.000224
37748 -0.000224
37750 -0.000223
37751 -0.000223
37752 -0.000224
37753 -0.000224
37754 -0.000224
37755 -0.000224
37756 -0.000224
37757 -0.000224
37758 -0.000224
37759 -0.000224
37761 -0.000221
37762 -0.000224
37763 -0.000224
37764 -0.000224
37765 -0.000224
37766 -0.000224
37767 -0.000224
37768 -0.000224
37769 -0.000224
37770 -0.000224
37771 -0.000224
37772 -0.000224
37773 -0.000224
37774 -0.000224
37775 -0.000224
37776 -0.000224
37777 -0.000224
37778 -0.000224
37779 -0.000224
37780 -0.000224
37781 -0.000224
37782 -0.000224
37783 -0.000224
37785 -0.000223
37786 -0.000223
37788 -0.000224
37789 -0.000223
37790 -0.000224
37791 -0.000224
37792 -0.000224
37793 -0.000224
37794 -0.000224
37795 -0.000224
37796 -0.000224
37797 -0.000224
37798 -0.000224
37799 -0.000224
37800 -0.000224
37802 -0.000222
37803 -0.000224
37804 -0.000224
37805 -0.000224
37806 -0.000224
37807 -0.000224
37808 -0.000224
37809 -0.000224
37810 -0.000224
37811 -0.000224
37812 -0.000224
37813 -0.000224
37814 -0.000224
37815 -0.000224
37816 -0.000224
37817 -0.000224
37819 -0.000225
37820 -0.000224
37821 -0.000224
37822 -0.000224
37823 -0.000224
37824 -0.000224
37825 -0.000224
37826 -0.000224
37827 -0.000224
37828 -0.000224
37829 -0.000224
37830 -0.000224
37831 -0.000224
37832 -0.000224
37833 -0.000224
37834 -0.000224
37835 -0.000224
37836 -0.000224
37837 -0.000224
37838 -0.000224
37839 -0.000224
37840 -0.000224
37841 -0.000224
37843 -0.000221
37844 -0.000223
37845 -0.000224
37847 -0.000224
37848 -0.000223
37849 -0.000224
37850 -0.000224
37852 -0.000224
37853 -0.000223
37854 -0.000223
37855 -0.000224
37856 -0.000223
37859 -0.000222
37862 -0.000222
37863 -0.000223
37864 -0.000224
37866 -0.000225
37867 -0.000223
37868 -0.000223
37869 -0.000223
37870 -0.000223
37871 -0.000223
37872 -0.000223
37873 -0.000223
37874 -0.000223
37875 -0.000223
37877 -0.000222
37878 -0.000222
37879 -0.000223
37880 -0.000223
37881 -0.000223
37882 -0.000223
37883 -0.000223
37884 -0.000223
37885 -0.000223
37886 -0.000223
37887 -0.000223
37888 -0.000223
37889 -0.000223
37890 -0.000223
37891 -0.000223
37892 -0.000223
37893 -0.000223
37894 -0.000223
37895 -0.000223
37896 -0.000223
37897 -0.000223
37898 -0.000223
37899 -0.000223
37900 -0.000223
37901 -0.000223
37902 -0.000223
37903 -0.000223
37904 -0.000223
37905 -0.000223
37906 -0.000223
37907 -0.000223
37908 -0.000223
37909 -0.000223
37910 -0.000223
37911 -0.000223
37912 -0.000223
37913 -0.000223
37914 -0.000223
37915 -0.000223
37916 -0.000223
37917 -0.000223
37918 -0.000223
37919 -0.000223
37920 -0.000223
37921 -0.000223
37923 -0.000223
37924 -0.000223
37925 -0.000223
37926 -0.000223
37927 -0.000223
37928 -0.000223
37929 -0.000223
37930 -0.000223
37931 -0.000223
37932 -0.000223
37933 -0.000223
37934 -0.000223
37936 -0.000222
37937 -0.000225
37938 -0.000223
37939 -0.000223
37940 -0.000223
37941 -0.000223
37942 -0.000223
37943 -0.000223
37944 -0.000223
37945 -0.000223
37946 -0.000223
37947 -0.000223
37948 -0.000223
37949 -0.000223
37950 -0.000223
37951 -0.000223
37952 -0.000223
37953 -0.000223
37955 -0.000223
37956 -0.000223
37957 -0.000223
37958 -0.000223
37959 -0.000223
37961 -0.000220
37963 -0.000224
37964 -0.000223
37965 -0.000223
37966 -0.000223
37967 -0.000223
37969 -0.000224
37970 -0.000223
37971 -0.000223
37972 -0.000223
37973 -0.000223
37974 -0.000223
37975 -0.000223
37976 -0.000223
37977 -0.000223
37978 -0.000223
37979 -0.000223
37980 -0.000223
37981 -0.000223
37983 -0.000222
37984 -0.000223
37985 -0.000223
37986 -0.000223
37987 -0.000223
37988 -0.000223
37989 -0.000223
37990 -0.000223
37991 -0.000223
37992 -0.000223
37993 -0.000223
37994 -0.000223
37995 -0.000223
37996 -0.000223
37997 -0.000223
37998 -0.000223
37999 -0.000223
38000 -0.000223
38002 -0.000225
38003 -0.000224
38004 -0.000223
38005 -0.000223
38006 -0.000223
38008 -0.000221
38009 -0.000224
38010 -0.000223
38012 -0.000223
38013 -0.000223
38015 -0.000220
38016 -0.000223
38017 -0.000223
38019 -0.000223
38020 -0.000223
38021 -0.000223
38022 -0.000223
38023 -0.000223
38025 -0.000222
38027 -0.000222
38029 -0.000226
38030 -0.000223
38031 -0.000223
38032 -0.000223
38033 -0.000223
38034 -0.000223
38035 -0.000223
38036 -0.000223
38037 -0.000223
38038 -0.000223
38039 -0.000223
38040 -0.000223
38041 -0.000223
38042 -0.000223
38043 -0.000223
38044 -0.000223
38045 -0.000223
38046 -0.000223
38047 -0.000223
38048 -0.000223
38049 -0.000223
38050 -0.000223
38051 -0.000223
38052 -0.000223
38053 -0.000223
38054 -0.000223
38055 -0.000223
38056 -0.000223
38057 -0.000223
38058 -0.000223
38059 -0.000223
38060 -0.000223
38061 -0.000223
38062 -0.000223
38063 -0.000223
38064 -0.000223
38065 -0.000223
38066 -0.000223
38067 -0.000223
38068 -0.000223
38070 -0.000218
38073 -0.000223
38074 -0.000223
38075 -0.000223
38076 -0.000223
38077 -0.000223
38078 -0.000223
38079 -0.000223
38080 -0.000223
38081 -0.000223
38082 -0.000223
38083 -0.000223
38086 -0.000222
38087 -0.000223
38088 -0.000223
38089 -0.000223
38090 -0.000223
38091 -0.000223
38092 -0.000223
38093 -0.000223
38094 -0.000223
38095 -0.000223
38096 -0.000223
38097 -0.000223
38098 -0.000223
38099 -0.000223
38101 -0.000219
38102 -0.000223
38103 -0.000222
38105 -0.000219
38106 -0.000221
38107 -0.000223
38108 -0.000223
38109 -0.000223
38110 -0.000223
38111 -0.000223
38112 -0.000223
38113 -0.000223
38114 -0.000223
38115 -0.000223
38116 -0.000223
38118 -0.000221
38119 -0.000223
38120 -0.000223
38121 -0.000222
38122 -0.000223
38123 -0.000223
38124 -0.000223
38125 -0.000223
38126 -0.000223
38127 -0.000223
38128 -0.000223
38129 -0.000223
38130 -0.000223
38131 -0.000223
38132 -0.000223
38133 -0.000223
38134 -0.000223
38135 -0.000223
38136 -0.000223
38137 -0.000223
38138 -0.000223
38139 -0.000223
38141 -0.000217
38142 -0.000222
38143 -0.000222
38144 -0.000222
38145 -0.000223
38146 -0.000223
38147 -0.000223
38148 -0.000223
38149 -0.000223
38150 -0.000223
38152 -0.000223
38153 -0.000222
38154 -0.000222
38155 -0.000223
38156 -0.000223
38157 -0.000223
38158 -0.000223
38159 -0.000223
38160 -0.000223
38161 -0.000223
38162 -0.000223
38163 -0.000223
38164 -0.000223
38165 -0.000223
38166 -0.000223
38167 -0.000223
38168 -0.000223
38170 -0.000223
38171 -0.000222
38172 -0.000223
38173 -0.000222
38174 -0.000223
38175 -0.000223
38176 -0.000223
38177 -0.000223
38178 -0.000223
38179 -0.000223
38180 -0.000223
38181 -0.000223
38182 -0.000223
38183 -0.000223
38184 -0.000223
38185 -0.000223
38186 -0.000223
38187 -0.000223
38188 -0.000223
38189 -0.000223
38190 -0.000223
38191 -0.000223
38192 -0.000223
38193 -0.000223
38194 -0.000223
38195 -0.000223
38196 -0.000223
38197 -0.000223
38199 -0.000223
38200 -0.000222
38201 -0.000223
38202 -0.000222
38203 -0.000223
38205 -0.000223
38206 -0.000223
38207 -0.000222
38208 -0.000222
38209 -0.000222
38210 -0.000222
38211 -0.000222
38212 -0.000222
38213 -0.000222
38214 -0.000222
38215 -0.000222
38216 -0.000222
38217 -0.000222
38218 -0.000222
38219 -0.000222
38220 -0.000222
38221 -0.000222
38222 -0.000222
38223 -0.000222
38224 -0.000222
38225 -0.000222
38226 -0.000222
38227 -0.000222
38228 -0.000222
38229 -0.000222
38230 -0.000222
38231 -0.000222
38232 -0.000222
38233 -0.000222
38234 -0.000222
38235 -0.000222
38236 -0.000222
38237 -0.000222
38238 -0.000222
38239 -0.000222
38240 -0.000222
38241 -0.000222
38242 -0.000222
38243 -0.000222
38244 -0.000222
38245 -0.000222
38246 -0.000222
38247 -0.000222
38248 -0.000222
38249 -0.000222
38250 -0.000222
38251 -0.000222
38252 -0.000222
38253 -0.000222
38254 -0.000222
38255 -0.000222
38256 -0.000222
38258 -0.000224
38259 -0.000222
38260 -0.000222
38261 -0.000222
38262 -0.000222
38263 -0.000222
38264 -0.000222
38265 -0.000222
38266 -0.000222
38267 -0.000222
38268 -0.000222
38269 -0.000222
38270 -0.000222
38271 -0.000222
38272 -0.000222
38273 -0.000222
38274 -0.000222
38275 -0.000222
38276 -0.000222
38277 -0.000222
38278 -0.000222
38279 -0.000222
38280 -0.000222
38281 -0.000222
38282 -0.000222
38283 -0.000222
38284 -0.000222
38285 -0.000222
38288 -0.000223
38289 -0.000222
38290 -0.000222
38291 -0.000222
38292 -0.000222
38293 -0.000222
38295 -0.000225
38296 -0.000222
38297 -0.000223
38298 -0.000222
38299 -0.000222
38300 -0.000222
38301 -0.000222
38302 -0.000222
38303 -0.000222
38304 -0.000222
38305 -0.000222
38306 -0.000222
38307 -0.000222
38308 -0.000222
38310 -0.000223
38311 -0.000222
38312 -0.000222
38313 -0.000222
38315 -0.000222
38317 -0.000222
38319 -0.000222
38320 -0.000223
38321 -0.000222
38322 -0.000222
38323 -0.000222
38324 -0.000222
38325 -0.000222
38326 -0.000222
38327 -0.000222
38329 -0.000221
38330 -0.000223
38331 -0.000222
38332 -0.000222
38333 -0.000222
38334 -0.000222
38335 -0.000222
38336 -0.000222
38337 -0.000222
38339 -0.000223
38340 -0.000223
38341 -0.000222
38343 -0.000221
38344 -0.000223
38345 -0.000222
38346 -0.000222
38347 -0.000222
38348 -0.000222
38349 -0.000222
38350 -0.000222
38351 -0.000222
38353 -0.000226
38354 -0.000223
38355 -0.000222
38356 -0.000222
38357 -0.000222
38358 -0.000222
38359 -0.000222
38360 -0.000222
38361 -0.000222
38362 -0.000222
38363 -0.000222
38364 -0.000222
38365 -0.000222
38366 -0.000222
38367 -0.000222
38368 -0.000222
38369 -0.000222
38370 -0.000222
38371 -0.000222
38372 -0.000222
38373 -0.000222
38375 -0.000223
38376 -0.000221
38377 -0.000222
38378 -0.000222
38379 -0.000222
38380 -0.000222
38381 -0.000222
38382 -0.000222
38383 -0.000222
38384 -0.000222
38385 -0.000222
38386 -0.000222
38387 -0.000222
38388 -0.000222
38389 -0.000222
38390 -0.000222
38391 -0.000222
38393 -0.000223
38394 -0.000222
38395 -0.000222
38396 -0.000222
38398 -0.000222
38399 -0.000222
38401 -0.000221
38402 -0.000222
38403 -0.000222
38404 -0.000222
38405 -0.000222
38406 -0.000222
38407 -0.000222
38408 -0.000222
38409 -0.000222
38410 -0.000222
38411 -0.000222
38412 -0.000222
38413 -0.000222
38414 -0.000222
38415 -0.000222
38416 -0.000222
38417 -0.000222
38418 -0.000222
38419 -0.000222
38421 -0.000220
38423 -0.000220
38424 -0.000223
38425 -0.000222
38426 -0.000222
38427 -0.000222
38428 -0.000222
38429 -0.000222
38430 -0.000222
38431 -0.000222
38432 -0.000222
38433 -0.000222
38434 -0.000222
38435 -0.000222
38436 -0.000222
38437 -0.000222
38438 -0.000222
38439 -0.000222
38440 -0.000222
38441 -0.000222
38442 -0.000222
38444 -0.000223
38445 -0.000222
38446 -0.000223
38447 -0.000222
38448 -0.000222
38449 -0.000222
38450 -0.000222
38452 -0.000225
38453 -0.000222
38454 -0.000222
38455 -0.000222
38456 -0.000222
38457 -0.000222
38458 -0.000222
38459 -0.000222
38460 -0.000222
38461 -0.000222
38463 -0.000223
38464 -0.000221
38465 -0.000221
38466 -0.000222
38467 -0.000222
38468 -0.000222
38469 -0.000222
38470 -0.000222
38471 -0.000222
38472 -0.000222
38473 -0.000222
38474 -0.000222
38475 -0.000222
38476 -0.000222
38477 -0.000222
38478 -0.000222
38479 -0.000222
38480 -0.000222
38481 -0.000222
38482 -0.000222
38483 -0.000222
38484 -0.000222
38485 -0.000222
38486 -0.000222
38487 -0.000222
38488 -0.000222
38490 -0.000219
38491 -0.000222
38492 -0.000222
38495 -0.000218
38496 -0.000222
38497 -0.000222
38498 -0.000222
38500 -0.000219
38501 -0.000222
38502 -0.000222
38505 -0.000217
38506 -0.000222
38507 -0.000222
38508 -0.000222
38509 -0.000222
38510 -0.000222
38511 -0.000222
38512 -0.000222
38514 -0.000221
38515 -0.000221
38517 -0.000220
38518 -0.000222
38519 -0.000221
38520 -0.000222
38521 -0.000222
38522 -0.000222
38523 -0.000222
38524 -0.000222
38525 -0.000222
38526 -0.000222
38527 -0.000222
38528 -0.000222
38529 -0.000222
38530 -0.000222
38531 -0.000222
38532 -0.000222
38533 -0.000222
38534 -0.000222
38535 -0.000222
38536 -0.000222
38538 -0.000218
38539 -0.000221
38540 -0.000222
38542 -0.000219
38543 -0.000220
38544 -0.000222
38545 -0.000222
38546 -0.000222
38547 -0.000222
38548 -0.000222
38549 -0.000222
38550 -0.000222
38551 -0.000222
38552 -0.000222
38553 -0.000222
38554 -0.000222
38555 -0.000222
38556 -0.000222
38557 -0.000222
38558 -0.000222
38559 -0.000222
38560 -0.000222
38562 -0.000222
38563 -0.000221
38564 -0.000221
38566 -0.000219
38567 -0.000222
38568 -0.000222
38569 -0.000221
38571 -0.000225
38572 -0.000221
38573 -0.000221
38574 -0.000222
38575 -0.000221
38576 -0.000221
38577 -0.000221
38578 -0.000221
38579 -0.000221
38580 -0.000221
38581 -0.000221
38582 -0.000221
38584 -0.000223
38585 -0.000221
38586 -0.000222
38587 -0.000221
38588 -0.000221
38589 -0.000221
38591 -0.000223
38592 -0.000222
38593 -0.000222
38594 -0.000221
38595 -0.000221
38596 -0.000221
38597 -0.000221
38598 -0.000221
38599 -0.000221
38600 -0.000221
38601 -0.000221
38603 -0.000222
38604 -0.000221
38605 -0.000222
38606 -0.000221
38607 -0.000221
38609 -0.000219
38610 -0.000221
38611 -0.000221
38612 -0.000221
38613 -0.000221
38614 -0.000221
38615 -0.000221
38616 -0.000221
38618 -0.000223
38619 -0.000220
38620 -0.000221
38621 -0.000221
38622 -0.000221
38623 -0.000221
38624 -0.000221
38625 -0.000221
38627 -0.000219
38628 -0.000222
38629 -0.000221
38630 -0.000221
38631 -0.000221
38632 -0.000221
38633 -0.000221
38634 -0.000221
38635 -0.000221
38636 -0.000221
38638 -0.000225
38639 -0.000221
38640 -0.000221
38641 -0.000221
38642 -0.000221
38644 -0.000223
38645 -0.000221
38646 -0.000221
38647 -0.000221
38649 -0.000223
38650 -0.000221
38651 -0.000221
38653 -0.000222
38655 -0.000219
38658 -0.000224
38659 -0.000221
38661 -0.000227
38662 -0.000221
38663 -0.000221
38664 -0.000221
38665 -0.000221
38666 -0.000221
38667 -0.000221
38668 -0.000221
38669 -0.000221
38670 -0.000221
38671 -0.000221
38672 -0.000221
38673 -0.000221
38674 -0.000221
38675 -0.000221
38676 -0.000221
38677 -0.000221
38678 -0.000221
38679 -0.000221
38680 -0.000221
38682 -0.000221
38683 -0.000221
38684 -0.000221
38685 -0.000221
38686 -0.000221
38687 -0.000221
38689 -0.000220
38690 -0.000221
38691 -0.000221
38692 -0.000221
38693 -0.000221
38694 -0.000221
38695 -0.000221
38696 -0.000221
38697 -0.000221
38699 -0.000219
38700 -0.000221
38701 -0.000221
38702 -0.000221
38703 -0.000221
38704 -0.000221
38705 -0.000221
38706 -0.000221
38708 -0.000225
38709 -0.000221
38710 -0.000221
38711 -0.000221
38712 -0.000221
38713 -0.000221
38714 -0.000221
38715 -0.000221
38716 -0.000221
38717 -0.000221
38718 -0.000221
38719 -0.000221
38720 -0.000221
38721 -0.000221
38722 -0.000221
38725 -0.000221
38726 -0.000221
38727 -0.000221
38728 -0.000221
38729 -0.000221
38730 -0.000221
38731 -0.000221
38732 -0.000221
38733 -0.000221
38734 -0.000221
38735 -0.000221
38736 -0.000221
38737 -0.000221
38738 -0.000221
38739 -0.000221
38740 -0.000221
38741 -0.000221
38742 -0.000221
38744 -0.000221
38745 -0.000221
38746 -0.000221
38747 -0.000221
38749 -0.000222
38750 -0.000221
38751 -0.000221
38752 -0.000221
38753 -0.000221
38754 -0.000221
38755 -0.000221
38756 -0.000221
38758 -0.000221
38759 -0.000220
38760 -0.000220
38761 -0.000220
38762 -0.000221
38763 -0.000221
38764 -0.000221
38765 -0.000221
38766 -0.000221
38767 -0.000221
38768 -0.000221
38769 -0.000221
38770 -0.000221
38771 -0.000221
38772 -0.000221
38773 -0.000221
38774 -0.000221
38775 -0.000221
38776 -0.000221
38777 -0.000221
38778 -0.000221
38779 -0.000221
38780 -0.000221
38781 -0.000221
38782 -0.000221
38784 -0.000223
38785 -0.000220
38786 -0.000221
38787 -0.000221
38788 -0.000221
38789 -0.000221
38790 -0.000221
38791 -0.000221
38792 -0.000221
38793 -0.000221
38794 -0.000221
38795 -0.000221
38796 -0.000221
38797 -0.000221
38799 -0.000223
38800 -0.000220
38801 -0.000221
38802 -0.000221
38803 -0.000221
38804 -0.000221
38805 -0.000221
38806 -0.000221
38807 -0.000221
38808 -0.000221
38809 -0.000221
38811 -0.000219
38812 -0.000221
38813 -0.000221
38814 -0.000221
38816 -0.000219
38817 -0.000221
38818 -0.000221
38819 -0.000221
38820 -0.000221
38822 -0.000221
38823 -0.000221
38824 -0.000221
38825 -0.000221
38826 -0.000221
38827 -0.000221
38828 -0.000221
38829 -0.000221
38830 -0.000221
38831 -0.000221
38832 -0.000221
38834 -0.000220
38835 -0.000220
38836 -0.000221
38837 -0.000221
38838 -0.000221
38839 -0.000221
38840 -0.000221
38841 -0.000221
38842 -0.000221
38843 -0.000221
38844 -0.000221
38846 -0.000220
38847 -0.000220
38848 -0.000220
38849 -0.000221
38850 -0.000221
38852 -0.000222
38853 -0.000220
38854 -0.000221
38855 -0.000221
38856 -0.000221
38857 -0.000221
38858 -0.000221
38859 -0.000221
38860 -0.000221
38861 -0.000221
38862 -0.000221
38863 -0.000221
38864 -0.000221
38865 -0.000221
38866 -0.000221
38867 -0.000221
38868 -0.000221
38869 -0.000221
38870 -0.000221
38871 -0.000221
38873 -0.000222
38874 -0.000221
38875 -0.000221
38876 -0.000221
38877 -0.000221
38878 -0.000221
38879 -0.000221
38880 -0.000221
38881 -0.000221
38882 -0.000221
38883 -0.000221
38884 -0.000221
38885 -0.000221
38886 -0.000221
38887 -0.000221
38888 -0.000221
38889 -0.000221
38890 -0.000221
38891 -0.000221
38892 -0.000221
38893 -0.000221
38896 -0.000221
38897 -0.000221
38898 -0.000220
38899 -0.000221
38900 -0.000220
38901 -0.000220
38902 -0.000220
38903 -0.000220
38904 -0.000220
38905 -0.000220
38906 -0.000220
38907 -0.000220
38908 -0.000220
38909 -0.000220
38910 -0.000220
38912 -0.000220
38913 -0.000220
38914 -0.000220
38915 -0.000220
38916 -0.000220
38918 -0.000221
38919 -0.000220
38920 -0.000221
38921 -0.000220
38922 -0.000220
38923 -0.000220
38924 -0.000220
38926 -0.000222
38927 -0.000220
38928 -0.000220
38929 -0.000220
38930 -0.000220
38932 -0.000220
38933 -0.000220
38934 -0.000220
38935 -0.000220
38936 -0.000220
38937 -0.000220
38938 -0.000220
38939 -0.000220
38940 -0.000220
38941 -0.000220
38942 -0.000220
38943 -0.000220
38945 -0.000222
38946 -0.000220
38947 -0.000220
38948 -0.000220
38949 -0.000220
38950 -0.000220
38951 -0.000220
38952 -0.000220
38953 -0.000220
38954 -0.000220
38955 -0.000220
38956 -0.000220
38957 -0.000220
38958 -0.000220
38959 -0.000220
38960 -0.000220
38961 -0.000220
38962 -0.000220
38963 -0.000220
38964 -0.000220
38965 -0.000220
38967 -0.000220
38968 -0.000220
38969 -0.000220
38970 -0.000220
38971 -0.000220
38972 -0.000220
38973 -0.000220
38974 -0.000220
38975 -0.000220
38976 -0.000220
38977 -0.000220
38978 -0.000220
38979 -0.000220
38980 -0.000220
38981 -0.000220
38982 -0.000220
38983 -0.000220
38984 -0.000220
38985 -0.000220
38986 -0.000220
38987 -0.000220
38988 -0.000220
38990 -0.000216
38991 -0.000219
38992 -0.000220
38993 -0.000220
38994 -0.000220
38995 -0.000220
38997 -0.000218
38998 -0.000220
38999 -0.000221
39000 -0.000220
39001 -0.000220
39002 -0.000220
39003 -0.000220
39004 -0.000220
39005 -0.000220
39006 -0.000220
39007 -0.000220
39008 -0.000220
39009 -0.000220
39010 -0.000220
39011 -0.000220
39013 -0.000221
39014 -0.000220
39015 -0.000220
39016 -0.000220
39017 -0.000220
39018 -0.000220
39019 -0.000220
39020 -0.000220
39021 -0.000220
39022 -0.000220
39023 -0.000220
39024 -0.000220
39025 -0.000220
39026 -0.000220
39028 -0.000217
39029 -0.000219
39030 -0.000220
39031 -0.000220
39033 -0.000218
39034 -0.000221
39035 -0.000220
39036 -0.000220
39037 -0.000220
39038 -0.000220
39039 -0.000220
39040 -0.000220
39041 -0.000220
39043 -0.000222
39044 -0.000220
39045 -0.000220
39046 -0.000220
39047 -0.000220
39048 -0.000220
39049 -0.000220
39050 -0.000220
39052 -0.000222
39053 -0.000219
39055 -0.000221
39056 -0.000220
39057 -0.000220
39058 -0.000220
39059 -0.000220
39060 -0.000220
39062 -0.000217
39063 -0.000220
39064 -0.000220
39065 -0.000220
39066 -0.000220
39067 -0.000220
39068 -0.000220
39069 -0.000220
39070 -0.000220
39071 -0.000220
39072 -0.000220
39073 -0.000220
39074 -0.000220
39075 -0.000220
39077 -0.000218
39078 -0.000221
39079 -0.000220
39080 -0.000220
39082 -0.000218
39083 -0.000220
39084 -0.000220
39085 -0.000220
39088 -0.000221
39089 -0.000220
39090 -0.000220
39091 -0.000220
39092 -0.000220
39094 -0.000221
39095 -0.000220
39096 -0.000219
39097 -0.000220
39099 -0.000218
39100 -0.000220
39102 -0.000221
39103 -0.000220
39104 -0.000220
39105 -0.000220
39106 -0.000220
39107 -0.000220
39108 -0.000220
39109 -0.000220
39110 -0.000220
39111 -0.000220
39112 -0.000220
39113 -0.000220
39114 -0.000220
39116 -0.000218
39117 -0.000219
39119 -0.000218
39120 -0.000221
39121 -0.000220
39122 -0.000220
39123 -0.000220
39125 -0.000221
39126 -0.000220
39127 -0.000220
39129 -0.000222
39130 -0.000220
39132 -0.000224
39133 -0.000220
39134 -0.000220
39135 -0.000220
39136 -0.000220
39137 -0.000220
39138 -0.000220
39139 -0.000220
39140 -0.000220
39141 -0.000220
39142 -0.000220
39143 -0.000220
39144 -0.000220
39147 -0.000219
39148 -0.000219
39150 -0.000224
39151 -0.000219
39152 -0.000220
39153 -0.000220
39154 -0.000219
39155 -0.000220
39156 -0.000220
39157 -0.000220
39158 -0.000220
39160 -0.000218
39161 -0.000219
39162 -0.000220
39163 -0.000220
39164 -0.000220
39166 -0.000220
39168 -0.000219
39169 -0.000220
39170 -0.000219
39171 -0.000219
39173 -0.000221
39174 -0.000219
39175 -0.000219
39176 -0.000220
39177 -0.000219
39179 -0.000222
39180 -0.000219
39181 -0.000220
39182 -0.000219
39183 -0.000219
39184 -0.000219
39185 -0.000219
39186 -0.000219
39187 -0.000219
39189 -0.000218
39190 -0.000220
39191 -0.000219
39192 -0.000219
39193 -0.000219
39194 -0.000219
39195 -0.000219
39197 -0.000220
39198 -0.000220
39199 -0.000219
39200 -0.000219
39201 -0.000219
39202 -0.000219
39203 -0.000219
39204 -0.000219
39205 -0.000219
39206 -0.000219
39207 -0.000219
39209 -0.000220
39210 -0.000219
39211 -0.000219
39212 -0.000219
39213 -0.000219
39214 -0.000219
39216 -0.000223
39217 -0.000219
39218 -0.000219
39220 -0.000219
39221 -0.000219
39222 -0.000219
39223 -0.000219
39224 -0.000219
39225 -0.000219
39226 -0.000219
39227 -0.000219
39228 -0.000219
39229 -0.000219
39230 -0.000219
39231 -0.000219
39232 -0.000219
39233 -0.000219
39234 -0.000219
39235 -0.000219
39237 -0.000215
39238 -0.000219
39239 -0.000219
39240 -0.000219
39241 -0.000219
39242 -0.000219
39243 -0.000219
39244 -0.000219
39245 -0.000219
39246 -0.000219
39247 -0.000219
39248 -0.000219
39249 -0.000219
39250 -0.000219
39251 -0.000219
39252 -0.000219
39253 -0.000219
39254 -0.000219
39255 -0.000219
39256 -0.000219
39257 -0.000219
39258 -0.000219
39259 -0.000219
39260 -0.000219
39261 -0.000219
39263 -0.000217
39264 -0.000219
39265 -0.000219
39266 -0.000219
39267 -0.000219
39268 -0.000219
39269 -0.000219
39271 -0.000221
39272 -0.000219
39274 -0.000216
39275 -0.000219
39276 -0.000219
39277 -0.000219
39279 -0.000216
39281 -0.000217
39283 -0.000217
39284 -0.000218
39286 -0.000217
39288 -0.000217
39289 -0.000219
39290 -0.000219
39291 -0.000219
39292 -0.000219
39293 -0.000219
39296 -0.000220
39297 -0.000219
39298 -0.000219
39299 -0.000219
39300 -0.000219
39301 -0.000219
39302 -0.000219
39303 -0.000219
39304 -0.000219
39305 -0.000219
39306 -0.000219
39307 -0.000219
39309 -0.000219
39310 -0.000219
39311 -0.000219
39312 -0.000219
39313 -0.000219
39314 -0.000219
39315 -0.000219
39316 -0.000219
39317 -0.000219
39318 -0.000219
39319 -0.000219
39320 -0.000219
39321 -0.000219
39322 -0.000219
39323 -0.000219
39324 -0.000219
39325 -0.000219
39327 -0.000215
39329 -0.000221
39330 -0.000219
39331 -0.000219
39332 -0.000219
39333 -0.000219
39335 -0.000217
39336 -0.000218
39337 -0.000219
39338 -0.000219
39340 -0.000215
39341 -0.000220
39342 -0.000219
39343 -0.000219
39344 -0.000219
39345 -0.000219
39346 -0.000219
39349 -0.000222
39350 -0.000219
39351 -0.000219
39352 -0.000219
39353 -0.000219
39354 -0.000219
39355 -0.000219
39356 -0.000219
39357 -0.000219
39358 -0.000219
39359 -0.000219
39360 -0.000219
39361 -0.000219
39362 -0.000219
39363 -0.000219
39364 -0.000219
39365 -0.000219
39366 -0.000219
39367 -0.000219
39368 -0.000219
39369 -0.000219
39370 -0.000219
39371 -0.000219
39372 -0.000219
39373 -0.000219
39374 -0.000219
39375 -0.000219
39376 -0.000219
39377 -0.000219
39378 -0.000219
39379 -0.000219
39381 -0.000217
39382 -0.000218
39383 -0.000219
39385 -0.000218
39386 -0.000218
39387 -0.000219
39388 -0.000219
39390 -0.000221
39391 -0.000219
39392 -0.000219
39393 -0.000219
39394 -0.000219
39395 -0.000219
39396 -0.000219
39397 -0.000219
39398 -0.000219
39399 -0.000219
39401 -0.000222
39402 -0.000218
39403 -0.000218
39404 -0.000219
39405 -0.000219
39406 -0.000219
39407 -0.000219
39409 -0.000222
39410 -0.000218
39411 -0.000219
39412 -0.000219
39413 -0.000219
39414 -0.000219
39415 -0.000219
39416 -0.000219
39417 -0.000219
39418 -0.000219
39419 -0.000219
39420 -0.000219
39421 -0.000219
39422 -0.000219
39423 -0.000219
39425 -0.000220
39427 -0.000217
39428 -0.000219
39429 -0.000218
39430 -0.000219
39432 -0.000215
39433 -0.000219
39434 -0.000219
39435 -0.000219
39436 -0.000219
39437 -0.000219
39438 -0.000219
39439 -0.000219
39440 -0.000219
39442 -0.000219
39443 -0.000218
39444 -0.000218
39445 -0.000219
39446 -0.000219
39447 -0.000219
39450 -0.000220
39451 -0.000219
39452 -0.000219
39453 -0.000219
39454 -0.000218
39455 -0.000218
39456 -0.000218
39458 -0.000220
39459 -0.000218
39461 -0.000224
39462 -0.000218
39463 -0.000218
39464 -0.000218
39465 -0.000218
39467 -0.000216
39468 -0.000219
39469 -0.000218
39470 -0.000218
39471 -0.000218
39472 -0.000218
39473 -0.000218
39474 -0.000218
39475 -0.000218
39476 -0.000218
39477 -0.000218
39478 -0.000218
39480 -0.000217
39481 -0.000218
39482 -0.000218
39483 -0.000218
39484 -0.000218
39485 -0.000218
39486 -0.000218
39487 -0.000218
39488 -0.000218
39489 -0.000218
39490 -0.000218
39491 -0.000218
39492 -0.000218
39493 -0.000218
39494 -0.000218
39495 -0.000218
39496 -0.000218
39497 -0.000218
39498 -0.000218
39499 -0.000218
39500 -0.000218
39501 -0.000218
39502 -0.000218
39503 -0.000218
39505 -0.000219
39506 -0.000218
39507 -0.000218
39508 -0.000218
39509 -0.000218
39510 -0.000218
39511 -0.000218
39512 -0.000218
39513 -0.000218
39514 -0.000218
39515 -0.000218
39516 -0.000218
39517 -0.000218
39518 -0.000218
39520 -0.000221
39521 -0.000218
39522 -0.000218
39523 -0.000218
39524 -0.000218
39525 -0.000218
39527 -0.000221
39528 -0.000218
39529 -0.000218
39530 -0.000218
39531 -0.000218
39532 -0.000218
39533 -0.000218
39534 -0.000218
39535 -0.000218
39536 -0.000218
39537 -0.000218
39538 -0.000218
39539 -0.000218
39540 -0.000218
39541 -0.000218
39542 -0.000218
39543 -0.000218
39544 -0.000218
39545 -0.000218
39546 -0.000218
39547 -0.000218
39548 -0.000218
39549 -0.000218
39550 -0.000218
39551 -0.000218
39552 -0.000218
39553 -0.000218
39555 -0.000217
39556 -0.000218
39557 -0.000218
39558 -0.000218
39559 -0.000218
39560 -0.000218
39561 -0.000218
39562 -0.000218
39563 -0.000218
39564 -0.000218
39565 -0.000218
39566 -0.000218
39567 -0.000218
39568 -0.000218
39569 -0.000218
39570 -0.000218
39571 -0.000218
39572 -0.000218
39573 -0.000218
39574 -0.000218
39575 -0.000218
39576 -0.000218
39577 -0.000218
39578 -0.000218
39579 -0.000218
39580 -0.000218
39581 -0.000218
39582 -0.000218
39583 -0.000218
39584 -0.000218
39585 -0.000218
39586 -0.000218
39587 -0.000218
39588 -0.000218
39589 -0.000218
39591 -0.000217
39592 -0.000218
39593 -0.000218
39594 -0.000218
39595 -0.000218
39596 -0.000218
39597 -0.000218
39598 -0.000218
39599 -0.000218
39600 -0.000218
39601 -0.000218
39602 -0.000218
39603 -0.000218
39604 -0.000218
39605 -0.000218
39607 -0.000221
39608 -0.000218
39609 -0.000218
39610 -0.000218
39611 -0.000218
39612 -0.000218
39613 -0.000218
39614 -0.000218
39615 -0.000218
39616 -0.000218
39617 -0.000218
39618 -0.000218
39619 -0.000218
39620 -0.000218
39621 -0.000218
39622 -0.000218
39623 -0.000218
39624 -0.000218
39625 -0.000218
39626 -0.000218
39628 -0.000219
39630 -0.000220
39631 -0.000219
39632 -0.000219
39633 -0.000218
39634 -0.000218
39635 -0.000218
39637 -0.000218
39638 -0.000217
39639 -0.000218
39640 -0.000218
39641 -0.000218
39642 -0.000218
39643 -0.000218
39644 -0.000218
39645 -0.000218
39646 -0.000218
39647 -0.000218
39648 -0.000218
39649 -0.000218
39650 -0.000218
39652 -0.000220
39654 -0.000220
39655 -0.000218
39656 -0.000217
39657 -0.000218
39658 -0.000218
39659 -0.000218
39660 -0.000218
39661 -0.000218
39662 -0.000218
39663 -0.000218
39664 -0.000218
39665 -0.000218
39666 -0.000218
39667 -0.000218
39668 -0.000218
39669 -0.000218
39670 -0.000218
39672 -0.000218
39673 -0.000217
39674 -0.000218
39675 -0.000218
39676 -0.000218
39677 -0.000218
39679 -0.000216
39680 -0.000218
39681 -0.000218
39682 -0.000218
39683 -0.000218
39684 -0.000218
39685 -0.000218
39686 -0.000218
39687 -0.000218
39688 -0.000218
39689 -0.000218
39690 -0.000218
39691 -0.000218
39692 -0.000218
39694 -0.000218
39695 -0.000218
39696 -0.000218
39697 -0.000218
39698 -0.000218
39699 -0.000218
39700 -0.000218
39701 -0.000218
39702 -0.000218
39704 -0.000216
39706 -0.000220
39707 -0.000218
39708 -0.000218
39709 -0.000218
39710 -0.000218
39711 -0.000218
39712 -0.000218
39713 -0.000218
39714 -0.000218
39716 -0.000218
39718 -0.000213
39719 -0.000218
39720 -0.000217
39721 -0.000218
39723 -0.000220
39724 -0.000217
39725 -0.000218
39726 -0.000218
39727 -0.000218
39728 -0.000218
39729 -0.000218
39730 -0.000218
39732 -0.000217
39733 -0.000218
39734 -0.000218
39735 -0.000218
39736 -0.000218
39738 -0.000217
39739 -0.000218
39740 -0.000218
39741 -0.000218
39742 -0.000218
39743 -0.000218
39744 -0.000218
39745 -0.000218
39746 -0.000218
39747 -0.000218
39748 -0.000218
39749 -0.000218
39751 -0.000219
39752 -0.000218
39753 -0.000218
39754 -0.000218
39756 -0.000217
39757 -0.000217
39758 -0.000217
39759 -0.000218
39760 -0.000218
39761 -0.000218
39762 -0.000218
39763 -0.000218
39764 -0.000218
39765 -0.000218
39766 -0.000218
39767 -0.000218
39768 -0.000218
39769 -0.000218
39770 -0.000218
39771 -0.000218
39772 -0.000218
39773 -0.000218
39774 -0.000218
39775 -0.000218
39776 -0.000218
39777 -0.000218
39778 -0.000218
39779 -0.000218
39781 -0.000217
39782 -0.000218
39783 -0.000217
39784 -0.000217
39785 -0.000218
39786 -0.000218
39787 -0.000218
39788 -0.000218
39789 -0.000218
39790 -0.000218
39791 -0.000218
39792 -0.000218
39793 -0.000218
39794 -0.000218
39795 -0.000218
39796 -0.000218
39797 -0.000218
39798 -0.000218
39799 -0.000218
39800 -0.000218
39801 -0.000218
39802 -0.000218
39803 -0.000218
39804 -0.000218
39805 -0.000218
39806 -0.000218
39807 -0.000218
39808 -0.000218
39809 -0.000218
39810 -0.000218
39811 -0.000218
39812 -0.000218
39813 -0.000218
39814 -0.000218
39815 -0.000218
39817 -0.000217
39818 -0.000217
39819 -0.000218
39820 -0.000218
39821 -0.000218
39822 -0.000218
39823 -0.000218
39824 -0.000218
39825 -0.000218
39826 -0.000218
39827 -0.000218
39829 -0.000217
39830 -0.000218
39831 -0.000218
39832 -0.000218
39833 -0.000218
39834 -0.000218
39835 -0.000218
39836 -0.000218
39837 -0.000218
39838 -0.000218
39839 -0.000218
39840 -0.000218
39841 -0.000218
39842 -0.000218
39844 -0.000216
39845 -0.000218
39846 -0.000217
39847 -0.000218
39848 -0.000218
39849 -0.000218
39850 -0.000218
39852 -0.000218
39853 -0.000218
39854 -0.000218
39855 -0.000218
39856 -0.000218
39857 -0.000218
39858 -0.000218
39859 -0.000218
39860 -0.000218
39861 -0.000218
39862 -0.000218
39863 -0.000218
39864 -0.000218
39865 -0.000218
39866 -0.000218
39867 -0.000218
39868 -0.000218
39869 -0.000218
39870 -0.000218
39871 -0.000218
39872 -0.000218
39873 -0.000218
39874 -0.000218
39875 -0.000218
39876 -0.000218
39877 -0.000218
39878 -0.000218
39879 -0.000218
39880 -0.000218
39881 -0.000218
39883 -0.000217
39884 -0.000217
39886 -0.000218
39887 -0.000217
39888 -0.000218
39889 -0.000218
39890 -0.000217
39892 -0.000216
39893 -0.000217
39894 -0.000218
39895 -0.000217
39896 -0.000218
39897 -0.000217
39898 -0.000217
39899 -0.000217
39900 -0.000217
39901 -0.000217
39902 -0.000217
39903 -0.000217
39904 -0.000217
39905 -0.000217
39906 -0.000217
39907 -0.000217
39908 -0.000217
39909 -0.000217
39910 -0.000217
39911 -0.000217
39912 -0.000217
39913 -0.000217
39914 -0.000217
39915 -0.000217
39917 -0.000217
39918 -0.000218
39919 -0.000218
39920 -0.000217
39922 -0.000218
39924 -0.000220
39925 -0.000218
39926 -0.000217
39927 -0.000217
39928 -0.000217
39929 -0.000217
39930 -0.000217
39931 -0.000217
39932 -0.000217
39933 -0.000217
39934 -0.000217
39935 -0.000217
39936 -0.000217
39937 -0.000217
39938 -0.000217
39939 -0.000217
39940 -0.000217
39941 -0.000217
39942 -0.000217
39943 -0.000217
39944 -0.000217
39945 -0.000217
39946 -0.000217
39947 -0.000217
39948 -0.000217
39949 -0.000217
39951 -0.000217
39952 -0.000217
39953 -0.000217
39954 -0.000217
39956 -0.000217
39957 -0.000217
39958 -0.000218
39959 -0.000217
39960 -0.000217
39961 -0.000217
39962 -0.000217
39963 -0.000217
39964 -0.000217
39965 -0.000217
39966 -0.000217
39967 -0.000217
39968 -0.000217
39969 -0.000217
39971 -0.000214
39972 -0.000217
39973 -0.000218
39974 -0.000217
39975 -0.000217
39976 -0.000217
39977 -0.000217
39979 -0.000215
39980 -0.000218
39981 -0.000217
39982 -0.000217
39984 -0.000217
39985 -0.000218
39986 -0.000218
39987 -0.000217
39988 -0.000217
39989 -0.000217
39991 -0.000222
39992 -0.000217
39993 -0.000217
39994 -0.000217
39995 -0.000217
39996 -0.000217
39997 -0.000217
39998 -0.000217
39999 -0.000217
40000 -0.000217
40001 -0.000217
40002 -0.000217
40003 -0.000217
40004 -0.000217
40005 -0.000217
40006 -0.000217
40007 -0.000217
40008 -0.000217
40009 -0.000217
40010 -0.000217
40011 -0.000217
40013 -0.000216
40015 -0.000213
40016 -0.000216
40017 -0.000217
40018 -0.000217
40019 -0.000217
40020 -0.000217
40021 -0.000217
40022 -0.000217
40023 -0.000217
40024 -0.000217
40025 -0.000217
40027 -0.000220
40028 -0.000217
40029 -0.000217
40030 -0.000217
40031 -0.000217
40032 -0.000217
40033 -0.000217
40034 -0.000217
40035 -0.000217
40036 -0.000217
40037 -0.000217
40038 -0.000217
40039 -0.000217
40040 -0.000217
40041 -0.000217
40043 -0.000213
40045 -0.000217
40046 -0.000217
40048 -0.000221
40049 -0.000218
40050 -0.000217
40051 -0.000217
40052 -0.000217
40053 -0.000217
40054 -0.000217
40055 -0.000217
40056 -0.000217
40057 -0.000217
40058 -0.000217
40059 -0.000217
40061 -0.000219
40062 -0.000216
40063 -0.000217
40064 -0.000217
40066 -0.000214
40067 -0.000217
40068 -0.000217
40070 -0.000217
40071 -0.000218
40072 -0.000217
40074 -0.000215
40075 -0.000217
40076 -0.000217
40077 -0.000217
40078 -0.000217
40080 -0.000219
40081 -0.000219
40084 -0.000222
40085 -0.000217
40086 -0.000217
40087 -0.000217
40088 -0.000217
40089 -0.000217
40090 -0.000217
40091 -0.000217
40093 -0.000214
40096 -0.000218
40097 -0.000217
40098 -0.000217
40100 -0.000218
40101 -0.000216
40102 -0.000217
40103 -0.000217
40104 -0.000217
40105 -0.000217
40106 -0.000217
40107 -0.000217
40108 -0.000217
40109 -0.000217
40110 -0.000217
40111 -0.000217
40112 -0.000217
40113 -0.000217
40114 -0.000217
40115 -0.000217
40116 -0.000217
40117 -0.000217
40118 -0.000217
40119 -0.000217
40120 -0.000217
40121 -0.000217
40122 -0.000217
40123 -0.000217
40124 -0.000217
40125 -0.000217
40126 -0.000217
40127 -0.000217
40128 -0.000217
40129 -0.000217
40130 -0.000217
40132 -0.000215
40133 -0.000217
40134 -0.000217
40135 -0.000217
40136 -0.000217
40137 -0.000217
40138 -0.000217
40139 -0.000217
40141 -0.000218
40142 -0.000217
40143 -0.000216
40144 -0.000217
40145 -0.000217
40146 -0.000217
40147 -0.000217
40148 -0.000217
40153 -0.000218
40155 -0.000216
40156 -0.000217
40158 -0.000217
40159 -0.000216
40161 -0.000219
40162 -0.000216
40163 -0.000216
40164 -0.000217
40165 -0.000216
40166 -0.000216
40167 -0.000216
40169 -0.000219
40170 -0.000216
40171 -0.000217
40172 -0.000216
40173 -0.000216
40176 -0.000220
40178 -0.000215
40179 -0.000216
40180 -0.000216
40181 -0.000216
40182 -0.000216
40183 -0.000216
40184 -0.000216
40186 -0.000221
40187 -0.000217
40188 -0.000216
40189 -0.000216
40190 -0.000216
40192 -0.000217
40193 -0.000216
40194 -0.000216
40195 -0.000216
40196 -0.000216
40197 -0.000216
40198 -0.000216
40200 -0.000217
40201 -0.000216
40202 -0.000216
40203 -0.000216
40205 -0.000214
40206 -0.000216
40207 -0.000216
40208 -0.000216
40209 -0.000216
40210 -0.000216
40211 -0.000216
40212 -0.000216
40213 -0.000216
40215 -0.000217
40216 -0.000215
40217 -0.000216
40218 -0.000216
40219 -0.000216
40220 -0.000216
40221 -0.000216
40223 -0.000212
40224 -0.000217
40225 -0.000216
40226 -0.000216
40227 -0.000216
40228 -0.000216
40229 -0.000216
40230 -0.000216
40231 -0.000216
40234 -0.000215
40235 -0.000216
40236 -0.000216
40237 -0.000216
40238 -0.000216
40239 -0.000216
40240 -0.000216
40241 -0.000216
40242 -0.000216
40243 -0.000216
40245 -0.000219
40246 -0.000216
40247 -0.000216
40248 -0.000216
40249 -0.000216
40250 -0.000216
40251 -0.000216
40252 -0.000216
40253 -0.000216
40254 -0.000216
40256 -0.000219
40257 -0.000216
40258 -0.000216
40259 -0.000216
40260 -0.000216
40261 -0.000216
40262 -0.000216
40263 -0.000216
40264 -0.000216
40265 -0.000216
40266 -0.000216
40267 -0.000216
40268 -0.000216
40270 -0.000216
40271 -0.000216
40272 -0.000216
40273 -0.000216
40274 -0.000216
40275 -0.000216
40276 -0.000216
40279 -0.000217
40280 -0.000217
40281 -0.000216
40283 -0.000214
40284 -0.000216
40286 -0.000216
40287 -0.000216
40288 -0.000216
40289 -0.000216
40290 -0.000216
40292 -0.000216
40293 -0.000215
40294 -0.000216
40295 -0.000216
40296 -0.000216
40297 -0.000216
40298 -0.000216
40300 -0.000217
40301 -0.000216
40302 -0.000216
40303 -0.000216
40304 -0.000216
40305 -0.000216
40306 -0.000216
40307 -0.000216
40308 -0.000216
40309 -0.000216
40310 -0.000216
40311 -0.000216
40312 -0.000216
40313 -0.000216
40314 -0.000216
40315 -0.000216
40316 -0.000216
40317 -0.000216
40318 -0.000216
40319 -0.000216
40320 -0.000216
40322 -0.000217
40323 -0.000216
40324 -0.000216
40325 -0.000216
40326 -0.000216
40327 -0.000216
40328 -0.000216
40329 -0.000216
40330 -0.000216
40331 -0.000216
40332 -0.000216
40333 -0.000216
40334 -0.000216
40335 -0.000216
40336 -0.000216
40337 -0.000216
40338 -0.000216
40339 -0.000216
40340 -0.000216
40342 -0.000215
40344 -0.000217
40345 -0.000217
40346 -0.000216
40347 -0.000216
40348 -0.000216
40349 -0.000216
40350 -0.000216
40351 -0.000216
40352 -0.000216
40355 -0.000217
40356 -0.000216
40357 -0.000216
40358 -0.000216
40359 -0.000216
40360 -0.000216
40361 -0.000216
40363 -0.000215
40364 -0.000216
40365 -0.000216
40366 -0.000216
40367 -0.000216
40368 -0.000216
40369 -0.000216
40370 -0.000216
40371 -0.000216
40372 -0.000216
40373 -0.000216
40374 -0.000216
40375 -0.000216
40376 -0.000216
40377 -0.000216
40378 -0.000216
40379 -0.000216
40380 -0.000216
40381 -0.000216
40382 -0.000216
40383 -0.000216
40384 -0.000216
40385 -0.000216
40386 -0.000216
40387 -0.000216
40388 -0.000216
40389 -0.000216
40390 -0.000216
40391 -0.000216
40392 -0.000216
40393 -0.000216
40394 -0.000216
40395 -0.000216
40396 -0.000216
40397 -0.000216
40398 -0.000216
40399 -0.000216
40400 -0.000216
40401 -0.000216
40402 -0.000216
40403 -0.000216
40404 -0.000216
40405 -0.000216
40406 -0.000216
40407 -0.000216
40408 -0.000216
40410 -0.000215
40411 -0.000216
40412 -0.000216
40414 -0.000214
40415 -0.000215
40416 -0.000216
40417 -0.000216
40418 -0.000216
40419 -0.000216
40420 -0.000216
40421 -0.000216
40422 -0.000216
40423 -0.000216
40424 -0.000216
40425 -0.000216
40426 -0.000216
40427 -0.000216
40428 -0.000216
40429 -0.000216
40430 -0.000216
40431 -0.000216
40432 -0.000216
40433 -0.000216
40434 -0.000216
40435 -0.000216
40436 -0.000216
40437 -0.000216
40438 -0.000216
40439 -0.000216
40440 -0.000216
40441 -0.000216
40442 -0.000216
40443 -0.000216
40444 -0.000216
40445 -0.000216
40447 -0.000214
40448 -0.000216
40450 -0.000208
40451 -0.000216
40452 -0.000216
40453 -0.000216
40454 -0.000216
40455 -0.000216
40456 -0.000216
40458 -0.000217
40459 -0.000216
40460 -0.000216
40461 -0.000216
40462 -0.000216
40463 -0.000216
40464 -0.000216
40465 -0.000216
40466 -0.000216
40467 -0.000216
40468 -0.000216
40469 -0.000216
40470 -0.000216
40471 -0.000216
40472 -0.000216
40473 -0.000216
40474 -0.000216
40475 -0.000216
40476 -0.000216
40477 -0.000216
40478 -0.000216
40479 -0.000216
40480 -0.000216
40481 -0.000216
40483 -0.000214
40484 -0.000215
40485 -0.000216
40486 -0.000216
40487 -0.000216
40488 -0.000216
40489 -0.000216
40490 -0.000216
40492 -0.000212
40493 -0.000215
40494 -0.000215
40495 -0.000215
40496 -0.000216
40497 -0.000216
40498 -0.000216
40499 -0.000216
40500 -0.000216
40501 -0.000216
40502 -0.000216
40503 -0.000216
40504 -0.000216
40505 -0.000216
40506 -0.000216
40507 -0.000216
40508 -0.000216
40509 -0.000216
40510 -0.000216
40511 -0.000216
40512 -0.000216
40513 -0.000216
40514 -0.000216
40515 -0.000216
40517 -0.000218
40518 -0.000215
40519 -0.000216
40520 -0.000215
40521 -0.000216
40522 -0.000216
40524 -0.000213
40525 -0.000216
40526 -0.000215
40527 -0.000216
40529 -0.000219
40530 -0.000216
40531 -0.000216
40532 -0.000215
40534 -0.000215
40535 -0.000215
40536 -0.000216
40537 -0.000215
40538 -0.000215
40539 -0.000215
40540 -0.000215
40542 -0.000213
40543 -0.000215
40544 -0.000216
40545 -0.000215
40546 -0.000215
40547 -0.000215
40548 -0.000215
40549 -0.000215
40550 -0.000215
40551 -0.000215
40552 -0.000215
40553 -0.000215
40555 -0.000214
40557 -0.000216
40558 -0.000215
40559 -0.000215
40560 -0.000215
40561 -0.000215
40562 -0.000215
40564 -0.000215
40565 -0.000216
40566 -0.000215
40567 -0.000215
40568 -0.000215
40569 -0.000215
40571 -0.000214
40572 -0.000215
40573 -0.000215
40574 -0.000215
40575 -0.000215
40576 -0.000215
40577 -0.000215
40578 -0.000215
40579 -0.000215
40580 -0.000215
40581 -0.000215
40582 -0.000215
40583 -0.000215
40584 -0.000215
40585 -0.000215
40586 -0.000215
40587 -0.000215
40588 -0.000215
40589 -0.000215
40590 -0.000215
40591 -0.000215
40594 -0.000214
40596 -0.000213
40597 -0.000215
40598 -0.000215
40599 -0.000215
40600 -0.000215
40601 -0.000215
40602 -0.000215
40603 -0.000215
40604 -0.000215
40605 -0.000215
40606 -0.000215
40607 -0.000215
40608 -0.000215
40609 -0.000215
40611 -0.000213
40612 -0.000215
40613 -0.000215
40614 -0.000215
40615 -0.000215
40616 -0.000215
40617 -0.000215
40618 -0.000215
40619 -0.000215
40620 -0.000215
40621 -0.000215
40622 -0.000215
40623 -0.000215
40624 -0.000215
40625 -0.000215
40626 -0.000215
40627 -0.000215
40628 -0.000215
40629 -0.000215
40631 -0.000214
40633 -0.000215
40634 -0.000216
40635 -0.000215
40636 -0.000215
40637 -0.000215
40638 -0.000215
40639 -0.000215
40640 -0.000215
40641 -0.000215
40642 -0.000215
40643 -0.000215
40645 -0.000216
40646 -0.000215
40647 -0.000215
40648 -0.000215
40649 -0.000215
40651 -0.000214
40652 -0.000216
40653 -0.000215
40654 -0.000215
40655 -0.000215
40656 -0.000215
40658 -0.000215
40659 -0.000215
40660 -0.000215
40661 -0.000215
40662 -0.000215
40663 -0.000215
40664 -0.000215
40665 -0.000215
40666 -0.000215
40667 -0.000215
40668 -0.000215
40669 -0.000215
40670 -0.000215
40671 -0.000215
40672 -0.000215
40673 -0.000215
40674 -0.000215
40675 -0.000215
40676 -0.000215
40677 -0.000215
40679 -0.000213
40680 -0.000215
40681 -0.000216
40682 -0.000215
40683 -0.000215
40684 -0.000215
40685 -0.000215
40686 -0.000215
40687 -0.000215
40689 -0.000217
40690 -0.000216
40691 -0.000215
40692 -0.000215
40693 -0.000215
40694 -0.000215
40695 -0.000215
40696 -0.000215
40697 -0.000215
40698 -0.000215
40699 -0.000215
40700 -0.000215
40701 -0.000215
40703 -0.000211
40704 -0.000215
40705 -0.000215
40706 -0.000215
40708 -0.000215
40709 -0.000214
40710 -0.000215
40711 -0.000215
40712 -0.000215
40713 -0.000215
40714 -0.000215
40717 -0.000214
40718 -0.000215
40719 -0.000215
40720 -0.000215
40721 -0.000215
40722 -0.000215
40723 -0.000215
40724 -0.000215
40725 -0.000215
40726 -0.000215
40727 -0.000215
40728 -0.000215
40729 -0.000215
40730 -0.000215
40731 -0.000215
40733 -0.000212
40734 -0.000215
40735 -0.000215
40737 -0.000215
40738 -0.000215
40739 -0.000215
40740 -0.000215
40741 -0.000215
40742 -0.000215
40743 -0.000215
40744 -0.000215
40745 -0.000215
40746 -0.000215
40747 -0.000215
40748 -0.000215
40749 -0.000215
40750 -0.000215
40751 -0.000215
40753 -0.000212
40754 -0.000217
40755 -0.000215
40756 -0.000215
40757 -0.000215
40759 -0.000217
40760 -0.000215
40761 -0.000215
40762 -0.000215
40763 -0.000215
40764 -0.000215
40766 -0.000214
40767 -0.000215
40768 -0.000215
40769 -0.000215
40770 -0.000215
40771 -0.000215
40772 -0.000215
40773 -0.000215
40774 -0.000215
40775 -0.000215
40776 -0.000215
40777 -0.000215
40778 -0.000215
40779 -0.000215
40781 -0.000212
40782 -0.000214
40783 -0.000214
40784 -0.000215
40785 -0.000215
40786 -0.000215
40787 -0.000215
40788 -0.000215
40790 -0.000218
40791 -0.000214
40792 -0.000214
40793 -0.000215
40794 -0.000215
40795 -0.000215
40796 -0.000215
40797 -0.000215
40798 -0.000215
40799 -0.000215
40800 -0.000215
40801 -0.000215
40802 -0.000215
40804 -0.000215
40805 -0.000215
40806 -0.000215
40807 -0.000215
40808 -0.000215
40809 -0.000215
40810 -0.000215
40811 -0.000215
40812 -0.000215
40813 -0.000215
40814 -0.000215
40815 -0.000215
40816 -0.000215
40817 -0.000215
40819 -0.000211
40820 -0.000215
40821 -0.000214
40822 -0.000215
40823 -0.000215
40824 -0.000215
40825 -0.000215
40827 -0.000215
40828 -0.000215
40829 -0.000215
40830 -0.000215
40831 -0.000215
40832 -0.000215
40833 -0.000215
40834 -0.000215
40835 -0.000215
40836 -0.000215
40837 -0.000215
40838 -0.000215
40839 -0.000215
40840 -0.000215
40843 -0.000214
40844 -0.000214
40845 -0.000215
40846 -0.000215
40847 -0.000215
40848 -0.000215
40849 -0.000215
40850 -0.000215
40851 -0.000215
40852 -0.000215
40853 -0.000215
40854 -0.000215
40855 -0.000215
40856 -0.000215
40857 -0.000215
40858 -0.000215
40859 -0.000215
40860 -0.000215
40861 -0.000215
40862 -0.000215
40863 -0.000215
40866 -0.000214
40868 -0.000213
40869 -0.000215
40870 -0.000214
40871 -0.000214
40873 -0.000214
40874 -0.000213
40875 -0.000214
40876 -0.000215
40878 -0.000212
40879 -0.000215
40880 -0.000214
40882 -0.000214
40883 -0.000213
40884 -0.000214
40885 -0.000214
40886 -0.000214
40887 -0.000214
40888 -0.000214
40889 -0.000214
40890 -0.000214
40891 -0.000214
40892 -0.000214
40893 -0.000214
40894 -0.000214
40895 -0.000214
40897 -0.000213
40898 -0.000214
40899 -0.000214
40900 -0.000214
40901 -0.000214
40902 -0.000214
40903 -0.000214
40904 -0.000214
40905 -0.000214
40906 -0.000214
40907 -0.000214
40908 -0.000214
40909 -0.000214
40910 -0.000214
40911 -0.000214
40912 -0.000214
40914 -0.000214
40915 -0.000215
40916 -0.000214
40917 -0.000214
40918 -0.000214
40919 -0.000214
40920 -0.000214
40921 -0.000214
40922 -0.000214
40924 -0.000213
40925 -0.000214
40926 -0.000214
40927 -0.000214
40928 -0.000214
40929 -0.000214
40930 -0.000214
40931 -0.000214
40932 -0.000214
40933 -0.000214
40934 -0.000214
40935 -0.000214
40936 -0.000214
40937 -0.000214
40938 -0.000214
40939 -0.000214
40940 -0.000214
40941 -0.000214
40942 -0.000214
40943 -0.000214
40944 -0.000214
40945 -0.000214
40946 -0.000214
40948 -0.000214
40949 -0.000214
40950 -0.000214
40951 -0.000214
40952 -0.000214
40953 -0.000214
40954 -0.000214
40956 -0.000213
40957 -0.000215
40958 -0.000214
40959 -0.000214
40960 -0.000214
40961 -0.000214
40962 -0.000214
40963 -0.000214
40964 -0.000214
40965 -0.000214
40966 -0.000214
40967 -0.000214
40968 -0.000214
40969 -0.000214
40970 -0.000214
40971 -0.000214
40972 -0.000214
40973 -0.000214
40974 -0.000214
40975 -0.000214
40976 -0.000214
40977 -0.000214
40978 -0.000214
40979 -0.000214
40980 -0.000214
40982 -0.000213
40983 -0.000214
40985 -0.000216
40986 -0.000214
40987 -0.000214
40988 -0.000214
40989 -0.000214
40990 -0.000214
40991 -0.000214
40993 -0.000212
40994 -0.000214
40995 -0.000214
40996 -0.000214
40997 -0.000214
40998 -0.000214
40999 -0.000214
41000 -0.000214
41001 -0.000214
41002 -0.000214
41003 -0.000214
41004 -0.000214
41005 -0.000214
41007 -0.000215
41008 -0.000215
41009 -0.000214
41010 -0.000214
41012 -0.000214
41013 -0.000214
41015 -0.000213
41017 -0.000214
41019 -0.000213
41020 -0.000214
41021 -0.000214
41022 -0.000214
41024 -0.000212
41025 -0.000215
41026 -0.000214
41027 -0.000214
41028 -0.000214
41029 -0.000214
41030 -0.000214
41031 -0.000214
41032 -0.000214
41033 -0.000214
41035 -0.000219
41036 -0.000214
41037 -0.000214
41038 -0.000214
41040 -0.000215
41042 -0.000215
41043 -0.000213
41045 -0.000209
41046 -0.000214
41047 -0.000214
41048 -0.000214
41049 -0.000214
41050 -0.000214
41051 -0.000214
41052 -0.000214
41053 -0.000214
41054 -0.000214
41056 -0.000214
41057 -0.000214
41058 -0.000214
41059 -0.000214
41060 -0.000214
41061 -0.000214
41062 -0.000214
41063 -0.000214
41064 -0.000214
41065 -0.000214
41066 -0.000214
41068 -0.000214
41069 -0.000214
41072 -0.000213
41073 -0.000213
41075 -0.000213
41077 -0.000217
41078 -0.000213
41079 -0.000214
41080 -0.000214
41081 -0.000214
41083 -0.000218
41084 -0.000214
41085 -0.000214
41087 -0.000214
41088 -0.000214
41089 -0.000214
41090 -0.000214
41091 -0.000214
41092 -0.000214
41093 -0.000214
41094 -0.000214
41095 -0.000214
41096 -0.000214
41097 -0.000214
41098 -0.000214
41100 -0.000213
41101 -0.000213
41102 -0.000214
41104 -0.000214
41105 -0.000214
41106 -0.000214
41108 -0.000216
41109 -0.000213
41110 -0.000214
41111 -0.000214
41112 -0.000214
41113 -0.000214
41114 -0.000214
41115 -0.000214
41116 -0.000214
41117 -0.000214
41118 -0.000214
41119 -0.000214
41120 -0.000214
41121 -0.000214
41122 -0.000214
41123 -0.000214
41124 -0.000214
41125 -0.000214
41126 -0.000214
41127 -0.000214
41129 -0.000213
41130 -0.000214
41131 -0.000213
41132 -0.000214
41133 -0.000214
41134 -0.000214
41135 -0.000214
41136 -0.000214
41137 -0.000214
41138 -0.000214
41139 -0.000214
41140 -0.000214
41141 -0.000214
41142 -0.000214
41143 -0.000214
41145 -0.000218
41146 -0.000213
41147 -0.000214
41148 -0.000213
41149 -0.000213
41150 -0.000214
41151 -0.000213
41152 -0.000214
41153 -0.000214
41154 -0.000214
41155 -0.000214
41156 -0.000214
41157 -0.000214
41158 -0.000214
41159 -0.000214
41160 -0.000214
41161 -0.000214
41162 -0.000214
41163 -0.000214
41164 -0.000214
41165 -0.000214
41166 -0.000214
41167 -0.000214
41168 -0.000214
41169 -0.000214
41170 -0.000214
41171 -0.000214
41173 -0.000219
41174 -0.000213
41175 -0.000213
41177 -0.000210
41178 -0.000214
41179 -0.000213
41180 -0.000214
41181 -0.000214
41182 -0.000213
41183 -0.000213
41184 -0.000213
41185 -0.000213
41186 -0.000213
41187 -0.000213
41188 -0.000213
41189 -0.000213
41190 -0.000213
41191 -0.000213
41193 -0.000212
41194 -0.000213
41195 -0.000213
41196 -0.000213
41197 -0.000213
41198 -0.000213
41199 -0.000213
41200 -0.000213
41201 -0.000213
41202 -0.000213
41203 -0.000213
41204 -0.000213
41205 -0.000213
41206 -0.000213
41207 -0.000213
41208 -0.000213
41209 -0.000213
41210 -0.000213
41211 -0.000213
41212 -0.000213
41213 -0.000213
41214 -0.000213
41215 -0.000213
41216 -0.000213
41217 -0.000213
41218 -0.000213
41219 -0.000213
41220 -0.000213
41221 -0.000213
41222 -0.000213
41223 -0.000213
41224 -0.000213
41225 -0.000213
41226 -0.000213
41227 -0.000213
41228 -0.000213
41229 -0.000213
41230 -0.000213
41232 -0.000212
41234 -0.000215
41235 -0.000213
41236 -0.000213
41237 -0.000213
41238 -0.000213
41239 -0.000213
41240 -0.000213
41241 -0.000213
41242 -0.000213
41243 -0.000213
41244 -0.000213
41246 -0.000217
41247 -0.000213
41248 -0.000213
41249 -0.000213
41250 -0.000213
41251 -0.000213
41252 -0.000213
41253 -0.000213
41254 -0.000213
41255 -0.000213
41256 -0.000213
41257 -0.000213
41258 -0.000213
41260 -0.000217
41262 -0.000215
41263 -0.000213
41264 -0.000214
41265 -0.000213
41266 -0.000213
41268 -0.000215
41269 -0.000214
41270 -0.000213
41271 -0.000213
41272 -0.000213
41273 -0.000213
41274 -0.000213
41275 -0.000213
41276 -0.000213
41277 -0.000213
41278 -0.000213
41280 -0.000214
41281 -0.000214
41282 -0.000213
41283 -0.000213
41284 -0.000213
41285 -0.000213
41286 -0.000213
41288 -0.000211
41289 -0.000213
41290 -0.000213
41291 -0.000213
41292 -0.000213
41294 -0.000214
41295 -0.000213
41296 -0.000213
41297 -0.000213
41298 -0.000213
41299 -0.000213
41300 -0.000213
41301 -0.000213
41302 -0.000213
41303 -0.000213
41304 -0.000213
41305 -0.000213
41306 -0.000213
41307 -0.000213
41308 -0.000213
41309 -0.000213
41310 -0.000213
41311 -0.000213
41312 -0.000213
41314 -0.000211
41315 -0.000214
41316 -0.000213
41317 -0.000213
41318 -0.000213
41319 -0.000213
41320 -0.000213
41321 -0.000213
41322 -0.000213
41323 -0.000213
41324 -0.000213
41325 -0.000213
41326 -0.000213
41327 -0.000213
41328 -0.000213
41330 -0.000213
41331 -0.000213
41332 -0.000213
41333 -0.000213
41334 -0.000213
41335 -0.000213
41336 -0.000213
41337 -0.000213
41338 -0.000213
41339 -0.000213
41340 -0.000213
41341 -0.000213
41342 -0.000213
41343 -0.000213
41344 -0.000213
41345 -0.000213
41346 -0.000213
41347 -0.000213
41348 -0.000213
41349 -0.000213
41350 -0.000213
41351 -0.000213
41352 -0.000213
41353 -0.000213
41355 -0.000212
41356 -0.000213
41357 -0.000213
41358 -0.000213
41359 -0.000213
41360 -0.000213
41361 -0.000213
41362 -0.000213
41363 -0.000213
41364 -0.000213
41365 -0.000213
41366 -0.000213
41367 -0.000213
41369 -0.000211
41370 -0.000214
41371 -0.000213
41372 -0.000213
41373 -0.000213
41374 -0.000213
41375 -0.000213
41377 -0.000212
41378 -0.000214
41381 -0.000213
41382 -0.000214
41383 -0.000213
41385 -0.000215
41386 -0.000213
41388 -0.000217
41389 -0.000213
41390 -0.000213
41391 -0.000213
41392 -0.000213
41393 -0.000213
41395 -0.000210
41396 -0.000214
41397 -0.000213
41398 -0.000213
41399 -0.000213
41401 -0.000213
41402 -0.000213
41403 -0.000213
41404 -0.000213
41406 -0.000213
41407 -0.000213
41408 -0.000213
41409 -0.000213
41410 -0.000213
41411 -0.000213
41412 -0.000213
41413 -0.000213
41414 -0.000213
41415 -0.000213
41416 -0.000213
41417 -0.000213
41419 -0.000213
41421 -0.000210
41422 -0.000214
41423 -0.000213
41424 -0.000213
41425 -0.000213
41426 -0.000213
41427 -0.000213
41428 -0.000213
41429 -0.000213
41430 -0.000213
41431 -0.000213
41432 -0.000213
41433 -0.000213
41434 -0.000213
41435 -0.000213
41436 -0.000213
41437 -0.000213
41438 -0.000213
41439 -0.000213
41440 -0.000213
41442 -0.000213
41443 -0.000213
41444 -0.000213
41446 -0.000212
41447 -0.000214
41448 -0.000213
41449 -0.000213
41450 -0.000213
41451 -0.000213
41452 -0.000213
41453 -0.000213
41454 -0.000213
41455 -0.000213
41456 -0.000213
41457 -0.000213
41458 -0.000213
41459 -0.000213
41460 -0.000213
41461 -0.000213
41462 -0.000213
41463 -0.000213
41464 -0.000213
41465 -0.000213
41466 -0.000213
41467 -0.000213
41468 -0.000213
41469 -0.000213
41471 -0.000212
41472 -0.000213
41473 -0.000213
41474 -0.000213
41475 -0.000213
41476 -0.000213
41478 -0.000210
41479 -0.000212
41480 -0.000213
41481 -0.000213
41482 -0.000213
41483 -0.000213
41484 -0.000213
41486 -0.000213
41487 -0.000212
41488 -0.000213
41489 -0.000213
41490 -0.000213
41491 -0.000213
41492 -0.000213
41493 -0.000213
41494 -0.000213
41495 -0.000213
41496 -0.000213
41497 -0.000213
41498 -0.000213
41499 -0.000213
41500 -0.000213
41502 -0.000214
41503 -0.000213
41504 -0.000213
41505 -0.000213
41506 -0.000213
41507 -0.000213
41508 -0.000213
41509 -0.000213
41510 -0.000213
41511 -0.000213
41512 -0.000213
41513 -0.000213
41514 -0.000213
41515 -0.000213
41516 -0.000213
41517 -0.000213
41518 -0.000213
41519 -0.000213
41520 -0.000213
41521 -0.000213
41522 -0.000213
41523 -0.000213
41524 -0.000213
41525 -0.000213
41526 -0.000213
41527 -0.000213
41529 -0.000212
41530 -0.000212
41531 -0.000213
41532 -0.000213
41533 -0.000213
41534 -0.000213
41535 -0.000213
41536 -0.000213
41537 -0.000213
41538 -0.000213
41539 -0.000213
41540 -0.000213
41541 -0.000213
41542 -0.000213
41544 -0.000214
41545 -0.000213
41546 -0.000212
41547 -0.000213
41548 -0.000213
41549 -0.000213
41550 -0.000213
41551 -0.000213
41552 -0.000213
41554 -0.000215
41555 -0.000211
41556 -0.000213
41558 -0.000209
41559 -0.000212
41560 -0.000213
41562 -0.000209
41563 -0.000212
41566 -0.000218
41568 -0.000216
41569 -0.000212
41570 -0.000213
41571 -0.000212
41572 -0.000212
41573 -0.000212
41574 -0.000212
41575 -0.000212
41576 -0.000212
41577 -0.000212
41578 -0.000212
41579 -0.000212
41580 -0.000212
41582 -0.000213
41583 -0.000213
41584 -0.000212
41585 -0.000212
41586 -0.000212
41587 -0.000212
41588 -0.000212
41589 -0.000212
41590 -0.000212
41592 -0.000210
41593 -0.000212
41595 -0.000214
41596 -0.000212
41597 -0.000212
41598 -0.000212
41599 -0.000212
41600 -0.000212
41601 -0.000212
41602 -0.000212
41603 -0.000212
41604 -0.000212
41605 -0.000212
41606 -0.000212
41607 -0.000212
41608 -0.000212
41609 -0.000212
41610 -0.000212
41611 -0.000212
41612 -0.000212
41614 -0.000209
41615 -0.000211
41616 -0.000212
41618 -0.000210
41620 -0.000214
41621 -0.000213
41622 -0.000212
41623 -0.000212
41625 -0.000209
41626 -0.000213
41627 -0.000212
41628 -0.000212
41630 -0.000212
41631 -0.000212
41632 -0.000212
41633 -0.000212
41634 -0.000212
41635 -0.000212
41636 -0.000212
41637 -0.000212
41638 -0.000212
41639 -0.000212
41640 -0.000212
41641 -0.000212
41642 -0.000212
41644 -0.000213
41645 -0.000212
41646 -0.000212
41647 -0.000212
41648 -0.000212
41649 -0.000212
41650 -0.000212
41651 -0.000212
41653 -0.000212
41654 -0.000213
41655 -0.000212
41656 -0.000212
41657 -0.000212
41658 -0.000212
41659 -0.000212
41660 -0.000212
41661 -0.000212
41662 -0.000212
41664 -0.000213
41665 -0.000212
41666 -0.000212
41668 -0.000216
41669 -0.000212
41671 -0.000212
41672 -0.000212
41673 -0.000212
41674 -0.000212
41675 -0.000212
41676 -0.000212
41677 -0.000212
41678 -0.000212
41679 -0.000212
41680 -0.000212
41681 -0.000212
41682 -0.000212
41684 -0.000212
41686 -0.000214
41687 -0.000212
41688 -0.000212
41689 -0.000212
41690 -0.000212
41691 -0.000212
41693 -0.000214
41694 -0.000212
41695 -0.000212
41696 -0.000212
41697 -0.000212
41698 -0.000212
41700 -0.000210
41701 -0.000211
41702 -0.000211
41703 -0.000212
41705 -0.000214
41706 -0.000211
41707 -0.000212
41708 -0.000212
41709 -0.000212
41710 -0.000212
41711 -0.000212
41714 -0.000212
41715 -0.000212
41716 -0.000212
41717 -0.000212
41718 -0.000212
41719 -0.000212
41720 -0.000212
41721 -0.000212
41722 -0.000212
41723 -0.000212
41724 -0.000212
41725 -0.000212
41726 -0.000212
41727 -0.000212
41729 -0.000211
41730 -0.000212
41731 -0.000212
41732 -0.000212
41733 -0.000212
41734 -0.000212
41735 -0.000212
41736 -0.000212
41737 -0.000212
41738 -0.000212
41739 -0.000212
41740 -0.000212
41741 -0.000212
41742 -0.000212
41743 -0.000212
41744 -0.000212
41745 -0.000212
41747 -0.000216
41749 -0.000209
41750 -0.000212
41751 -0.000211
41752 -0.000212
41753 -0.000212
41756 -0.000213
41757 -0.000212
41758 -0.000212
41760 -0.000212
41761 -0.000212
41762 -0.000212
41763 -0.000212
41764 -0.000212
41765 -0.000212
41766 -0.000212
41767 -0.000212
41769 -0.000212
41770 -0.000212
41771 -0.000212
41772 -0.000212
41773 -0.000212
41775 -0.000211
41776 -0.000212
41777 -0.000212
41778 -0.000212
41779 -0.000212
41780 -0.000212
41781 -0.000212
41782 -0.000212
41783 -0.000212
41784 -0.000212
41785 -0.000212
41786 -0.000212
41787 -0.000212
41789 -0.000208
41790 -0.000213
41791 -0.000212
41792 -0.000212
41793 -0.000212
41794 -0.000212
41795 -0.000212
41796 -0.000212
41797 -0.000212
41798 -0.000212
41799 -0.000212
41800 -0.000212
41801 -0.000212
41803 -0.000214
41804 -0.000211
41805 -0.000212
41806 -0.000212
41807 -0.000212
41808 -0.000212
41809 -0.000212
41810 -0.000212
41811 -0.000212
41812 -0.000212
41813 -0.000212
41814 -0.000212
41815 -0.000212
41816 -0.000212
41817 -0.000212
41818 -0.000212
41819 -0.000212
41820 -0.000212
41821 -0.000212
41822 -0.000212
41823 -0.000212
41825 -0.000214
41826 -0.000212
41827 -0.000212
41828 -0.000212
41829 -0.000212
41830 -0.000212
41831 -0.000212
41832 -0.000212
41833 -0.000212
41834 -0.000212
41835 -0.000212
41836 -0.000212
41837 -0.000212
41838 -0.000212
41839 -0.000212
41840 -0.000212
41841 -0.000212
41842 -0.000212
41843 -0.000212
41844 -0.000212
41845 -0.000212
41847 -0.000213
41848 -0.000212
41849 -0.000212
41850 -0.000212
41851 -0.000212
41852 -0.000212
41853 -0.000212
41854 -0.000212
41855 -0.000212
41856 -0.000212
41857 -0.000212
41858 -0.000212
41859 -0.000212
41860 -0.000212
41861 -0.000212
41862 -0.000212
41863 -0.000212
41864 -0.000212
41865 -0.000212
41866 -0.000212
41867 -0.000212
41868 -0.000212
41869 -0.000212
41870 -0.000212
41871 -0.000212
41872 -0.000212
41873 -0.000212
41875 -0.000210
41876 -0.000212
41877 -0.000212
41878 -0.000212
41879 -0.000212
41880 -0.000212
41881 -0.000212
41882 -0.000212
41883 -0.000212
41884 -0.000212
41885 -0.000212
41886 -0.000212
41887 -0.000212
41888 -0.000212
41889 -0.000212
41890 -0.000212
41891 -0.000212
41892 -0.000212
41893 -0.000212
41894 -0.000212
41895 -0.000212
41896 -0.000212
41897 -0.000212
41898 -0.000212
41899 -0.000212
41900 -0.000212
41901 -0.000212
41902 -0.000212
41903 -0.000212
41904 -0.000212
41905 -0.000212
41906 -0.000212
41907 -0.000212
41908 -0.000212
41909 -0.000212
41910 -0.000212
41911 -0.000212
41912 -0.000212
41913 -0.000212
41914 -0.000212
41915 -0.000212
41916 -0.000212
41917 -0.000212
41918 -0.000212
41919 -0.000212
41920 -0.000212
41921 -0.000212
41922 -0.000212
41923 -0.000212
41924 -0.000212
41926 -0.000209
41927 -0.000211
41928 -0.000211
41929 -0.000212
41930 -0.000212
41931 -0.000212
41932 -0.000212
41933 -0.000212
41934 -0.000212
41935 -0.000212
41936 -0.000212
41937 -0.000212
41938 -0.000212
41939 -0.000212
41940 -0.000212
41941 -0.000212
41942 -0.000212
41943 -0.000212
41944 -0.000212
41945 -0.000212
41946 -0.000212
41947 -0.000212
41948 -0.000212
41949 -0.000212
41950 -0.000212
41952 -0.000210
41953 -0.000210
41955 -0.000213
41956 -0.000212
41957 -0.000212
41958 -0.000212
41959 -0.000212
41961 -0.000207
41962 -0.000211
41963 -0.000211
41964 -0.000211
41965 -0.000212
41966 -0.000211
41967 -0.000211
41968 -0.000211
41971 -0.000209
41972 -0.000211
41973 -0.000211
41974 -0.000211
41975 -0.000211
41976 -0.000211
41977 -0.000211
41978 -0.000211
41979 -0.000211
41980 -0.000211
41981 -0.000211
41983 -0.000210
41984 -0.000211
41985 -0.000211
41987 -0.000211
41988 -0.000212
41989 -0.000211
41990 -0.000211
41991 -0.000211
41992 -0.000211
41993 -0.000211
41994 -0.000211
41995 -0.000211
41996 -0.000211
41997 -0.000211
41998 -0.000211
41999 -0.000211
42000 -0.000211
42001 -0.000211
42002 -0.000211
42003 -0.000211
42004 -0.000211
42007 -0.000209
42008 -0.000211
42009 -0.000211
42010 -0.000211
42011 -0.000211
42012 -0.000211
42013 -0.000211
42014 -0.000211
42015 -0.000211
42017 -0.000206
42018 -0.000211
42019 -0.000211
42020 -0.000211
42021 -0.000211
42022 -0.000211
42023 -0.000211
42025 -0.000209
42026 -0.000212
42027 -0.000211
42028 -0.000211
42029 -0.000211
42030 -0.000211
42031 -0.000211
42032 -0.000211
42033 -0.000211
42034 -0.000211
42035 -0.000211
42037 -0.000212
42038 -0.000211
42039 -0.000211
42041 -0.000208
42042 -0.000211
42044 -0.000208
42046 -0.000212
42047 -0.000211
42048 -0.000211
42049 -0.000211
42050 -0.000211
42051 -0.000211
42052 -0.000211
42053 -0.000211
42054 -0.000211
42055 -0.000211
42056 -0.000211
42057 -0.000211
42058 -0.000211
42059 -0.000211
42060 -0.000211
42061 -0.000211
42062 -0.000211
42063 -0.000211
42064 -0.000211
42065 -0.000211
42066 -0.000211
42067 -0.000211
42068 -0.000211
42069 -0.000211
42070 -0.000211
42071 -0.000211
42072 -0.000211
42073 -0.000211
42074 -0.000211
42075 -0.000211
42076 -0.000211
42077 -0.000211
42078 -0.000211
42079 -0.000211
42080 -0.000211
42081 -0.000211
42082 -0.000211
42083 -0.000211
42084 -0.000211
42085 -0.000211
42086 -0.000211
42087 -0.000211
42088 -0.000211
42090 -0.000213
42091 -0.000211
42092 -0.000211
42093 -0.000211
42094 -0.000211
42096 -0.000210
42097 -0.000213
42098 -0.000211
42100 -0.000209
42101 -0.000211
42102 -0.000211
42104 -0.000210
42105 -0.000212
42106 -0.000211
42107 -0.000211
42108 -0.000211
42109 -0.000211
42110 -0.000211
42112 -0.000214
42113 -0.000211
42114 -0.000211
42115 -0.000211
42116 -0.000211
42117 -0.000211
42118 -0.000211
42119 -0.000211
42120 -0.000211
42121 -0.000211
42122 -0.000211
42123 -0.000211
42124 -0.000211
42125 -0.000211
42126 -0.000211
42127 -0.000211
42128 -0.000211
42129 -0.000211
42130 -0.000211
42131 -0.000211
42132 -0.000211
42133 -0.000211
42134 -0.000211
42135 -0.000211
42137 -0.000212
42138 -0.000212
42139 -0.000211
42140 -0.000211
42141 -0.000211
42142 -0.000211
42143 -0.000211
42144 -0.000211
42145 -0.000211
42146 -0.000211
42147 -0.000211
42148 -0.000211
42149 -0.000211
42150 -0.000211
42151 -0.000211
42152 -0.000211
42153 -0.000211
42154 -0.000211
42155 -0.000211
42156 -0.000211
42157 -0.000211
42158 -0.000211
42159 -0.000211
42160 -0.000211
42161 -0.000211
42162 -0.000211
42165 -0.000209
42167 -0.000210
42168 -0.000213
42169 -0.000212
42170 -0.000211
42171 -0.000211
42172 -0.000211
42173 -0.000211
42174 -0.000211
42175 -0.000211
42177 -0.000209
42178 -0.000211
42179 -0.000211
42180 -0.000211
42181 -0.000211
42184 -0.000209
42185 -0.000211
42186 -0.000211
42187 -0.000211
42189 -0.000209
42190 -0.000211
42191 -0.000211
42192 -0.000211
42193 -0.000211
42194 -0.000211
42196 -0.000211
42197 -0.000211
42199 -0.000210
42200 -0.000211
42201 -0.000211
42202 -0.000211
42203 -0.000211
42204 -0.000211
42205 -0.000211
42206 -0.000211
42207 -0.000211
42208 -0.000211
42209 -0.000211
42210 -0.000211
42211 -0.000211
42212 -0.000211
42213 -0.000211
42214 -0.000211
42216 -0.000214
42218 -0.000211
42220 -0.000209
42221 -0.000210
42222 -0.000211
42223 -0.000211
42224 -0.000211
42225 -0.000211
42226 -0.000211
42227 -0.000211
42228 -0.000211
42229 -0.000211
42230 -0.000211
42231 -0.000211
42232 -0.000211
42233 -0.000211
42235 -0.000212
42236 -0.000211
42237 -0.000211
42238 -0.000211
42239 -0.000211
42240 -0.000211
42241 -0.000211
42242 -0.000211
42243 -0.000211
42244 -0.000211
42246 -0.000209
42247 -0.000212
42248 -0.000211
42249 -0.000211
42250 -0.000211
42251 -0.000211
42254 -0.000212
42255 -0.000210
42256 -0.000211
42257 -0.000211
42258 -0.000211
42259 -0.000211
42260 -0.000211
42261 -0.000211
42262 -0.000211
42263 -0.000211
42264 -0.000211
42265 -0.000211
42266 -0.000211
42268 -0.000210
42269 -0.000210
42270 -0.000210
42271 -0.000210
42272 -0.000210
42273 -0.000211
42275 -0.000211
42276 -0.000210
42277 -0.000210
42278 -0.000211
42279 -0.000210
42280 -0.000210
42281 -0.000210
42282 -0.000210
42283 -0.000210
42285 -0.000212
42286 -0.000211
42287 -0.000210
42288 -0.000210
42289 -0.000210
42290 -0.000210
42292 -0.000208
42293 -0.000210
42294 -0.000210
42295 -0.000210
42296 -0.000210
42297 -0.000210
42298 -0.000210
42299 -0.000210
42301 -0.000212
42302 -0.000210
42303 -0.000210
42304 -0.000210
42306 -0.000208
42307 -0.000211
42308 -0.000210
42309 -0.000210
42310 -0.000210
42311 -0.000210
42312 -0.000210
42314 -0.000212
42315 -0.000210
42316 -0.000210
42317 -0.000210
42318 -0.000210
42319 -0.000210
42320 -0.000210
42321 -0.000210
42322 -0.000210
42323 -0.000210
42324 -0.000210
42325 -0.000210
42326 -0.000210
42327 -0.000210
42328 -0.000210
42329 -0.000210
42330 -0.000210
42331 -0.000210
42332 -0.000210
42334 -0.000211
42335 -0.000210
42336 -0.000210
42337 -0.000210
42339 -0.000211
42340 -0.000210
42341 -0.000211
42342 -0.000210
42343 -0.000210
42344 -0.000210
42345 -0.000210
42346 -0.000210
42347 -0.000210
42348 -0.000210
42349 -0.000210
42350 -0.000210
42351 -0.000210
42352 -0.000210
42353 -0.000210
42354 -0.000210
42355 -0.000210
42357 -0.000213
42358 -0.000211
42359 -0.000210
42360 -0.000210
42361 -0.000210
42362 -0.000210
42363 -0.000210
42364 -0.000210
42365 -0.000210
42366 -0.000210
42367 -0.000210
42369 -0.000207
42370 -0.000214
42371 -0.000211
42373 -0.000214
42374 -0.000210
42375 -0.000210
42376 -0.000210
42377 -0.000210
42378 -0.000210
42380 -0.000206
42381 -0.000212
42382 -0.000210
42383 -0.000210
42384 -0.000210
42385 -0.000210
42387 -0.000203
42388 -0.000210
42389 -0.000210
42390 -0.000210
42391 -0.000210
42392 -0.000210
42393 -0.000210
42394 -0.000210
42395 -0.000210
42397 -0.000211
42398 -0.000210
42400 -0.000207
42402 -0.000210
42403 -0.000211
42404 -0.000210
42405 -0.000210
42406 -0.000210
42407 -0.000210
42408 -0.000210
42409 -0.000210
42410 -0.000210
42411 -0.000210
42413 -0.000211
42414 -0.000210
42415 -0.000210
42416 -0.000210
42418 -0.000213
42419 -0.000211
42420 -0.000210
42421 -0.000210
42422 -0.000210
42423 -0.000210
42424 -0.000210
42425 -0.000210
42426 -0.000210
42427 -0.000210
42428 -0.000210
42429 -0.000210
42430 -0.000210
42431 -0.000210
42432 -0.000210
42433 -0.000210
42434 -0.000210
42435 -0.000210
42436 -0.000210
42437 -0.000210
42438 -0.000210
42439 -0.000210
42440 -0.000210
42442 -0.000209
42443 -0.000210
42444 -0.000210
42445 -0.000210
42446 -0.000210
42447 -0.000210
42449 -0.000210
42450 -0.000210
42451 -0.000210
42453 -0.000210
42454 -0.000211
42455 -0.000210
42456 -0.000210
42457 -0.000210
42458 -0.000210
42459 -0.000210
42460 -0.000210
42461 -0.000210
42462 -0.000210
42463 -0.000210
42464 -0.000210
42466 -0.000208
42468 -0.000212
42470 -0.000212
42471 -0.000210
42472 -0.000210
42473 -0.000210
42475 -0.000213
42476 -0.000210
42477 -0.000210
42478 -0.000210
42479 -0.000210
42481 -0.000211
42482 -0.000210
42483 -0.000210
42484 -0.000210
42486 -0.000215
42487 -0.000210
42488 -0.000210
42489 -0.000210
42490 -0.000210
42491 -0.000210
42492 -0.000210
42493 -0.000210
42494 -0.000210
42495 -0.000210
42496 -0.000210
42497 -0.000210
42498 -0.000210
42499 -0.000210
42500 -0.000210
42502 -0.000208
42503 -0.000209
42504 -0.000210
42505 -0.000210
42506 -0.000210
42507 -0.000210
42508 -0.000210
42509 -0.000210
42510 -0.000210
42511 -0.000210
42512 -0.000210
42513 -0.000210
42514 -0.000210
42515 -0.000210
42516 -0.000210
42517 -0.000210
42518 -0.000210
42519 -0.000210
42520 -0.000210
42521 -0.000210
42522 -0.000210
42523 -0.000210
42524 -0.000210
42525 -0.000210
42526 -0.000210
42527 -0.000210
42528 -0.000210
42530 -0.000211
42531 -0.000210
42532 -0.000210
42533 -0.000210
42535 -0.000207
42536 -0.000210
42537 -0.000209
42538 -0.000210
42539 -0.000210
42540 -0.000210
42541 -0.000210
42542 -0.000210
42543 -0.000210
42544 -0.000210
42545 -0.000210
42546 -0.000210
42548 -0.000206
42549 -0.000209
42550 -0.000210
42551 -0.000210
42552 -0.000210
42553 -0.000210
42554 -0.000210
42555 -0.000210
42556 -0.000210
42557 -0.000210
42558 -0.000210
42559 -0.000210
42560 -0.000210
42561 -0.000210
42562 -0.000210
42563 -0.000210
42564 -0.000210
42565 -0.000210
42566 -0.000210
42567 -0.000210
42568 -0.000210
42569 -0.000210
42570 -0.000210
42571 -0.000210
42572 -0.000210
42573 -0.000210
42574 -0.000210
42575 -0.000210
42576 -0.000210
42577 -0.000210
42578 -0.000210
42579 -0.000210
42580 -0.000210
42581 -0.000210
42582 -0.000210
42583 -0.000210
42584 -0.000210
42585 -0.000210
42586 -0.000210
42587 -0.000210
42588 -0.000210
42589 -0.000210
42590 -0.000210
42591 -0.000210
42592 -0.000210
42593 -0.000210
42595 -0.000212
42596 -0.000209
42597 -0.000210
42599 -0.000211
42601 -0.000215
42602 -0.000210
42603 -0.000210
42604 -0.000210
42605 -0.000210
42606 -0.000210
42607 -0.000210
42608 -0.000210
42609 -0.000210
42610 -0.000210
42611 -0.000210
42613 -0.000208
42614 -0.000208
42615 -0.000209
42616 -0.000210
42617 -0.000210
42618 -0.000210
42619 -0.000210
42620 -0.000210
42621 -0.000210
42622 -0.000210
42623 -0.000210
42624 -0.000210
42625 -0.000210
42627 -0.000210
42630 -0.000209
42631 -0.000209
42632 -0.000209
42633 -0.000209
42635 -0.000210
42637 -0.000212
42638 -0.000210
42639 -0.000209
42640 -0.000210
42641 -0.000209
42642 -0.000209
42643 -0.000209
42644 -0.000209
42646 -0.000211
42647 -0.000209
42648 -0.000209
42649 -0.000209
42650 -0.000209
42651 -0.000209
42652 -0.000209
42653 -0.000209
42654 -0.000209
42655 -0.000209
42657 -0.000207
42659 -0.000209
42660 -0.000210
42662 -0.000211
42663 -0.000210
42664 -0.000209
42665 -0.000209
42666 -0.000209
42667 -0.000209
42668 -0.000209
42669 -0.000209
42670 -0.000209
42671 -0.000209
42672 -0.000209
42674 -0.000207
42675 -0.000209
42676 -0.000209
42677 -0.000209
42678 -0.000209
42679 -0.000209
42682 -0.000206
42683 -0.000209
42684 -0.000209
42685 -0.000209
42686 -0.000209
42688 -0.000211
42689 -0.000209
42690 -0.000209
42692 -0.000210
42693 -0.000209
42694 -0.000209
42695 -0.000209
42696 -0.000209
42698 -0.000210
42699 -0.000209
42700 -0.000209
42701 -0.000209
42702 -0.000209
42703 -0.000209
42704 -0.000209
42705 -0.000209
42706 -0.000209
42707 -0.000209
42708 -0.000209
42709 -0.000209
42710 -0.000209
42711 -0.000209
42712 -0.000209
42713 -0.000209
42714 -0.000209
42715 -0.000209
42716 -0.000209
42717 -0.000209
42718 -0.000209
42719 -0.000209
42720 -0.000209
42721 -0.000209
42722 -0.000209
42723 -0.000209
42724 -0.000209
42725 -0.000209
42726 -0.000209
42727 -0.000209
42728 -0.000209
42729 -0.000209
42730 -0.000209
42731 -0.000209
42732 -0.000209
42733 -0.000209
42734 -0.000209
42735 -0.000209
42736 -0.000209
42737 -0.000209
42738 -0.000209
42739 -0.000209
42740 -0.000209
42741 -0.000209
42743 -0.000209
42744 -0.000209
42745 -0.000209
42746 -0.000209
42747 -0.000209
42748 -0.000209
42749 -0.000209
42750 -0.000209
42751 -0.000209
42752 -0.000209
42753 -0.000209
42754 -0.000209
42755 -0.000209
42758 -0.000209
42759 -0.000210
42760 -0.000209
42761 -0.000209
42762 -0.000209
42764 -0.000211
42765 -0.000209
42766 -0.000209
42767 -0.000209
42768 -0.000209
42769 -0.000209
42770 -0.000209
42771 -0.000209
42772 -0.000209
42773 -0.000209
42774 -0.000209
42775 -0.000209
42776 -0.000209
42777 -0.000209
42778 -0.000209
42779 -0.000209
42781 -0.000210
42782 -0.000209
42783 -0.000209
42784 -0.000209
42785 -0.000209
42786 -0.000209
42787 -0.000209
42788 -0.000209
42789 -0.000209
42791 -0.000206
42792 -0.000209
42794 -0.000212
42795 -0.000209
42796 -0.000209
42797 -0.000209
42798 -0.000209
42799 -0.000209
42800 -0.000209
42802 -0.000208
42803 -0.000209
42804 -0.000209
42806 -0.000212
42807 -0.000209
42809 -0.000206
42811 -0.000212
42812 -0.000209
42813 -0.000209
42814 -0.000209
42815 -0.000209
42816 -0.000209
42818 -0.000210
42819 -0.000209
42820 -0.000209
42823 -0.000209
42824 -0.000209
42825 -0.000209
42826 -0.000209
42827 -0.000209
42828 -0.000209
42829 -0.000209
42830 -0.000209
42831 -0.000209
42834 -0.000208
42835 -0.000210
42836 -0.000209
42837 -0.000209
42838 -0.000209
42839 -0.000209
42840 -0.000209
42841 -0.000209
42842 -0.000209
42843 -0.000209
42845 -0.000210
42846 -0.000209
42847 -0.000209
42848 -0.000209
42849 -0.000209
42850 -0.000209
42851 -0.000209
42852 -0.000209
42853 -0.000209
42854 -0.000209
42855 -0.000209
42856 -0.000209
42857 -0.000209
42858 -0.000209
42859 -0.000209
42860 -0.000209
42861 -0.000209
42862 -0.000209
42863 -0.000209
42864 -0.000209
42865 -0.000209
42866 -0.000209
42867 -0.000209
42868 -0.000209
42869 -0.000209
42870 -0.000209
42871 -0.000209
42872 -0.000209
42873 -0.000209
42874 -0.000209
42875 -0.000209
42876 -0.000209
42877 -0.000209
42878 -0.000209
42879 -0.000209
42881 -0.000208
42882 -0.000209
42884 -0.000207
42885 -0.000209
42886 -0.000209
42887 -0.000209
42888 -0.000209
42889 -0.000209
42890 -0.000209
42892 -0.000207
42893 -0.000209
42894 -0.000209
42896 -0.000208
42897 -0.000209
42898 -0.000209
42899 -0.000209
42900 -0.000209
42901 -0.000209
42902 -0.000209
42903 -0.000209
42904 -0.000209
42905 -0.000209
42906 -0.000209
42907 -0.000209
42908 -0.000209
42909 -0.000209
42910 -0.000209
42911 -0.000209
42912 -0.000209
42913 -0.000209
42915 -0.000204
42916 -0.000209
42917 -0.000209
42918 -0.000209
42919 -0.000209
42920 -0.000209
42921 -0.000209
42922 -0.000209
42923 -0.000209
42924 -0.000209
42925 -0.000209
42926 -0.000209
42929 -0.000207
42930 -0.000209
42931 -0.000208
42933 -0.000209
42934 -0.000208
42935 -0.000209
42936 -0.000209
42937 -0.000209
42938 -0.000209
42939 -0.000209
42940 -0.000209
42941 -0.000209
42942 -0.000209
42943 -0.000209
42944 -0.000209
42945 -0.000209
42946 -0.000209
42947 -0.000209
42948 -0.000209
42949 -0.000209
42950 -0.000209
42951 -0.000209
42952 -0.000209
42953 -0.000209
42954 -0.000209
42955 -0.000209
42956 -0.000209
42957 -0.000209
42958 -0.000209
42959 -0.000209
42960 -0.000209
42961 -0.000209
42963 -0.000209
42965 -0.000206
42966 -0.000209
42967 -0.000208
42969 -0.000209
42970 -0.000208
42971 -0.000208
42972 -0.000208
42974 -0.000208
42975 -0.000209
42976 -0.000208
42977 -0.000208
42978 -0.000208
42979 -0.000208
42980 -0.000208
42981 -0.000208
42984 -0.000207
42985 -0.000209
42986 -0.000208
42987 -0.000208
42988 -0.000208
42989 -0.000208
42990 -0.000208
42991 -0.000208
42992 -0.000208
42993 -0.000208
42994 -0.000208
42995 -0.000208
42996 -0.000208
42997 -0.000208
42998 -0.000208
42999 -0.000208
43000 -0.000208
43001 -0.000208
43002 -0.000208
43003 -0.000208
43004 -0.000208
43005 -0.000208
43007 -0.000208
43008 -0.000209
43009 -0.000208
43010 -0.000208
43011 -0.000208
43014 -0.000210
43015 -0.000208
43016 -0.000208
43017 -0.000208
43019 -0.000211
43020 -0.000208
43021 -0.000208
43022 -0.000208
43023 -0.000208
43024 -0.000208
43025 -0.000208
43026 -0.000208
43027 -0.000208
43028 -0.000208
43029 -0.000208
43031 -0.000209
43032 -0.000208
43033 -0.000208
43034 -0.000208
43036 -0.000207
43037 -0.000208
43038 -0.000208
43039 -0.000208
43040 -0.000208
43041 -0.000208
43042 -0.000208
43043 -0.000208
43044 -0.000208
43045 -0.000208
43047 -0.000211
43048 -0.000208
43049 -0.000208
43050 -0.000208
43051 -0.000208
43052 -0.000208
43053 -0.000208
43054 -0.000208
43055 -0.000208
43056 -0.000208
43057 -0.000208
43058 -0.000208
43059 -0.000208
43060 -0.000208
43061 -0.000208
43062 -0.000208
43063 -0.000208
43064 -0.000208
43065 -0.000208
43066 -0.000208
43067 -0.000208
43068 -0.000208
43069 -0.000208
43070 -0.000208
43072 -0.000207
43073 -0.000209
43074 -0.000209
43075 -0.000208
43076 -0.000208
43077 -0.000208
43078 -0.000208
43079 -0.000208
43080 -0.000208
43081 -0.000208
43082 -0.000208
43084 -0.000205
43085 -0.000210
43086 -0.000208
43087 -0.000208
43088 -0.000208
43090 -0.000213
43091 -0.000208
43092 -0.000208
43093 -0.000208
43094 -0.000208
43095 -0.000208
43096 -0.000208
43097 -0.000208
43098 -0.000208
43099 -0.000208
43100 -0.000208
43101 -0.000208
43102 -0.000208
43104 -0.000209
43105 -0.000208
43106 -0.000208
43107 -0.000208
43108 -0.000208
43109 -0.000208
43110 -0.000208
43111 -0.000208
43112 -0.000208
43114 -0.000207
43115 -0.000209
43116 -0.000208
43117 -0.000208
43118 -0.000208
43119 -0.000208
43120 -0.000208
43121 -0.000208
43122 -0.000208
43124 -0.000207
43125 -0.000208
43126 -0.000208
43127 -0.000208
43128 -0.000208
43129 -0.000208
43131 -0.000205
43132 -0.000208
43133 -0.000208
43134 -0.000208
43135 -0.000208
43136 -0.000208
43137 -0.000208
43138 -0.000208
43139 -0.000208
43140 -0.000208
43142 -0.000210
43143 -0.000208
43144 -0.000208
43145 -0.000208
43146 -0.000208
43147 -0.000208
43148 -0.000208
43149 -0.000208
43150 -0.000208
43151 -0.000208
43153 -0.000207
43154 -0.000208
43155 -0.000208
43156 -0.000208
43157 -0.000208
43158 -0.000208
43159 -0.000208
43160 -0.000208
43161 -0.000208
43162 -0.000208
43163 -0.000208
43164 -0.000208
43165 -0.000208
43166 -0.000208
43167 -0.000208
43168 -0.000208
43169 -0.000208
43170 -0.000208
43171 -0.000208
43172 -0.000208
43173 -0.000208
43174 -0.000208
43175 -0.000208
43176 -0.000208
43178 -0.000208
43179 -0.000208
43180 -0.000208
43181 -0.000208
43182 -0.000208
43183 -0.000208
43184 -0.000208
43186 -0.000204
43188 -0.000207
43189 -0.000208
43191 -0.000208
43192 -0.000208
43193 -0.000208
43194 -0.000208
43195 -0.000208
43197 -0.000208
43198 -0.000208
43199 -0.000208
43200 -0.000208
43201 -0.000208
43202 -0.000208
43203 -0.000208
43204 -0.000208
43205 -0.000208
43206 -0.000208
43207 -0.000208
43208 -0.000208
43209 -0.000208
43210 -0.000208
43211 -0.000208
43212 -0.000208
43214 -0.000205
43216 -0.000208
43217 -0.000207
43218 -0.000208
43219 -0.000208
43220 -0.000208
43221 -0.000208
43222 -0.000208
43223 -0.000208
43224 -0.000208
43225 -0.000208
43227 -0.000206
43228 -0.000207
43229 -0.000208
43230 -0.000208
43231 -0.000208
43232 -0.000208
43233 -0.000208
43234 -0.000208
43235 -0.000208
43236 -0.000208
43237 -0.000208
43238 -0.000208
43239 -0.000208
43240 -0.000208
43241 -0.000208
43242 -0.000208
43244 -0.000205
43246 -0.000208
43247 -0.000207
43248 -0.000208
43249 -0.000208
43250 -0.000208
43251 -0.000208
43252 -0.000208
43253 -0.000208
43254 -0.000208
43255 -0.000208
43256 -0.000208
43257 -0.000208
43258 -0.000208
43259 -0.000208
43260 -0.000208
43261 -0.000208
43262 -0.000208
43263 -0.000208
43264 -0.000208
43265 -0.000208
43266 -0.000208
43267 -0.000208
43268 -0.000208
43269 -0.000208
43270 -0.000208
43271 -0.000208
43272 -0.000208
43273 -0.000208
43274 -0.000208
43276 -0.000208
43277 -0.000207
43278 -0.000208
43279 -0.000208
43280 -0.000208
43281 -0.000208
43282 -0.000208
43283 -0.000208
43284 -0.000208
43285 -0.000208
43286 -0.000208
43287 -0.000208
43288 -0.000208
43289 -0.000208
43290 -0.000208
43291 -0.000208
43292 -0.000208
43295 -0.000209
43296 -0.000208
43298 -0.000208
43299 -0.000208
43300 -0.000208
43301 -0.000208
43302 -0.000208
43303 -0.000208
43304 -0.000208
43305 -0.000208
43307 -0.000207
43308 -0.000207
43309 -0.000207
43310 -0.000208
43312 -0.000209
43313 -0.000207
43314 -0.000208
43315 -0.000208
43316 -0.000208
43317 -0.000208
43318 -0.000208
43319 -0.000208
43320 -0.000208
43321 -0.000208
43322 -0.000208
43323 -0.000208
43325 -0.000206
43326 -0.000207
43327 -0.000207
43328 -0.000208
43329 -0.000207
43330 -0.000208
43331 -0.000208
43332 -0.000208
43333 -0.000208
43334 -0.000208
43335 -0.000208
43336 -0.000208
43337 -0.000208
43338 -0.000208
43339 -0.000208
43340 -0.000208
43341 -0.000208
43342 -0.000208
43343 -0.000208
43344 -0.000208
43345 -0.000208
43346 -0.000208
43347 -0.000208
43348 -0.000208
43349 -0.000208
43351 -0.000205
43354 -0.000208
43355 -0.000207
43356 -0.000207
43357 -0.000208
43358 -0.000207
43359 -0.000207
43360 -0.000207
43362 -0.000208
43363 -0.000207
43364 -0.000207
43365 -0.000207
43367 -0.000205
43369 -0.000209
43370 -0.000208
43371 -0.000207
43372 -0.000207
43374 -0.000211
43376 -0.000207
43377 -0.000207
43378 -0.000207
43379 -0.000207
43380 -0.000207
43381 -0.000207
43382 -0.000207
43383 -0.000207
43384 -0.000207
43386 -0.000209
43387 -0.000208
43388 -0.000207
43389 -0.000207
43390 -0.000207
43391 -0.000207
43392 -0.000207
43393 -0.000207
43394 -0.000207
43395 -0.000207
43396 -0.000207
43397 -0.000207
43399 -0.000207
43400 -0.000208
43401 -0.000207
43402 -0.000207
43403 -0.000207
43406 -0.000206
43407 -0.000207
43408 -0.000207
43409 -0.000207
43410 -0.000207
43411 -0.000207
43412 -0.000207
43413 -0.000207
43414 -0.000207
43415 -0.000207
43416 -0.000207
43417 -0.000207
43418 -0.000207
43419 -0.000207
43420 -0.000207
43421 -0.000207
43422 -0.000207
43423 -0.000207
43424 -0.000207
43425 -0.000207
43426 -0.000207
43427 -0.000207
43428 -0.000207
43429 -0.000207
43430 -0.000207
43432 -0.000206
43433 -0.000206
43434 -0.000206
43435 -0.000207
43436 -0.000207
43437 -0.000207
43438 -0.000207
43439 -0.000207
43440 -0.000207
43441 -0.000207
43442 -0.000207
43443 -0.000207
43444 -0.000207
43446 -0.000210
43447 -0.000208
43448 -0.000207
43449 -0.000207
43450 -0.000207
43451 -0.000207
43452 -0.000207
43454 -0.000208
43455 -0.000207
43457 -0.000208
43458 -0.000207
43459 -0.000207
43460 -0.000207
43461 -0.000207
43463 -0.000209
43464 -0.000207
43465 -0.000207
43466 -0.000207
43467 -0.000207
43468 -0.000207
43469 -0.000207
43471 -0.000206
43472 -0.000208
43473 -0.000207
43474 -0.000207
43475 -0.000207
43476 -0.000207
43478 -0.000211
43479 -0.000207
43480 -0.000207
43481 -0.000207
43482 -0.000207
43483 -0.000207
43484 -0.000207
43485 -0.000207
43486 -0.000207
43487 -0.000207
43489 -0.000204
43490 -0.000207
43491 -0.000207
43492 -0.000207
43494 -0.000207
43495 -0.000207
43496 -0.000207
43497 -0.000207
43498 -0.000207
43499 -0.000207
43500 -0.000207
43501 -0.000207
43502 -0.000207
43503 -0.000207
43504 -0.000207
43505 -0.000207
43506 -0.000207
43508 -0.000211
43509 -0.000207
43510 -0.000207
43511 -0.000207
43512 -0.000207
43513 -0.000207
43514 -0.000207
43515 -0.000207
43516 -0.000207
43518 -0.000206
43519 -0.000207
43520 -0.000207
43521 -0.000207
43522 -0.000207
43523 -0.000207
43524 -0.000207
43527 -0.000208
43528 -0.000206
43529 -0.000206
43530 -0.000207
43532 -0.000205
43533 -0.000207
43534 -0.000207
43535 -0.000207
43536 -0.000207
43537 -0.000207
43538 -0.000207
43539 -0.000207
43540 -0.000207
43541 -0.000207
43542 -0.000207
43543 -0.000207
43544 -0.000207
43545 -0.000207
43546 -0.000207
43547 -0.000207
43548 -0.000207
43549 -0.000207
43550 -0.000207
43551 -0.000207
43552 -0.000207
43553 -0.000207
43554 -0.000207
43555 -0.000207
43556 -0.000207
43557 -0.000207
43558 -0.000207
43559 -0.000207
43560 -0.000207
43561 -0.000207
43562 -0.000207
43563 -0.000207
43564 -0.000207
43565 -0.000207
43566 -0.000207
43568 -0.000206
43569 -0.000207
43570 -0.000207
43571 -0.000207
43572 -0.000207
43574 -0.000204
43575 -0.000207
43576 -0.000207
43577 -0.000207
43578 -0.000207
43579 -0.000207
43580 -0.000207
43581 -0.000207
43583 -0.000204
43584 -0.000207
43585 -0.000206
43586 -0.000207
43587 -0.000207
43588 -0.000207
43589 -0.000207
43591 -0.000206
43592 -0.000207
43593 -0.000207
43594 -0.000207
43595 -0.000207
43596 -0.000207
43597 -0.000207
43598 -0.000207
43599 -0.000207
43602 -0.000207
43603 -0.000206
43604 -0.000206
43605 -0.000207
43606 -0.000207
43607 -0.000207
43608 -0.000207
43609 -0.000207
43610 -0.000207
43611 -0.000207
43612 -0.000207
43613 -0.000207
43614 -0.000207
43615 -0.000207
43616 -0.000207
43617 -0.000207
43619 -0.000207
43620 -0.000206
43621 -0.000207
43622 -0.000207
43624 -0.000207
43625 -0.000206
43626 -0.000207
43627 -0.000207
43628 -0.000207
43629 -0.000207
43630 -0.000207
43631 -0.000207
43632 -0.000207
43633 -0.000207
43635 -0.000207
43636 -0.000207
43637 -0.000207
43638 -0.000207
43639 -0.000207
43640 -0.000207
43641 -0.000207
43642 -0.000207
43645 -0.000207
43646 -0.000207
43647 -0.000206
43648 -0.000207
43649 -0.000207
43650 -0.000207
43651 -0.000207
43653 -0.000206
43654 -0.000206
43655 -0.000207
43656 -0.000207
43657 -0.000207
43658 -0.000207
43659 -0.000207
43660 -0.000207
43662 -0.000205
43663 -0.000206
43664 -0.000206
43665 -0.000206
43666 -0.000207
43667 -0.000207
43668 -0.000207
43669 -0.000207
43670 -0.000207
43671 -0.000207
43672 -0.000207
43673 -0.000207
43674 -0.000207
43675 -0.000207
43676 -0.000207
43677 -0.000207
43678 -0.000207
43679 -0.000207
43680 -0.000207
43681 -0.000207
43682 -0.000207
43683 -0.000207
43684 -0.000207
43685 -0.000207
43687 -0.000205
43688 -0.000206
43689 -0.000206
43690 -0.000206
43691 -0.000207
43692 -0.000207
43693 -0.000206
43694 -0.000207
43695 -0.000207
43696 -0.000207
43697 -0.000207
43698 -0.000207
43700 -0.000204
43701 -0.000206
43702 -0.000207
43703 -0.000207
43704 -0.000207
43705 -0.000206
43706 -0.000206
43707 -0.000206
43708 -0.000206
43709 -0.000206
43711 -0.000207
43712 -0.000207
43713 -0.000206
43714 -0.000206
43715 -0.000206
43716 -0.000206
43717 -0.000206
43718 -0.000206
43719 -0.000206
43720 -0.000206
43721 -0.000206
43723 -0.000206
43725 -0.000209
43726 -0.000206
43727 -0.000206
43728 -0.000206
43730 -0.000206
43731 -0.000207
43732 -0.000206
43733 -0.000206
43734 -0.000206
43735 -0.000206
43736 -0.000206
43738 -0.000201
43739 -0.000206
43741 -0.000210
43742 -0.000206
43743 -0.000206
43744 -0.000206
43745 -0.000206
43746 -0.000206
43748 -0.000209
43750 -0.000207
43751 -0.000206
43752 -0.000206
43753 -0.000206
43754 -0.000206
43755 -0.000206
43756 -0.000206
43757 -0.000206
43758 -0.000206
43759 -0.000206
43760 -0.000206
43761 -0.000206
43762 -0.000206
43763 -0.000206
43765 -0.000205
43766 -0.000206
43767 -0.000206
43768 -0.000206
43769 -0.000206
43770 -0.000206
43772 -0.000205
43774 -0.000204
43775 -0.000207
43777 -0.000203
43778 -0.000206
43779 -0.000206
43780 -0.000206
43781 -0.000206
43782 -0.000206
43783 -0.000206
43784 -0.000206
43785 -0.000206
43786 -0.000206
43787 -0.000206
43789 -0.000206
43790 -0.000206
43791 -0.000206
43792 -0.000206
43793 -0.000206
43794 -0.000206
43795 -0.000206
43796 -0.000206
43797 -0.000206
43798 -0.000206
43799 -0.000206
43800 -0.000206
43801 -0.000206
43802 -0.000206
43803 -0.000206
43805 -0.000208
43806 -0.000206
43807 -0.000206
43808 -0.000206
43809 -0.000206
43810 -0.000206
43811 -0.000206
43812 -0.000206
43813 -0.000206
43814 -0.000206
43815 -0.000206
43817 -0.000203
43818 -0.000206
43819 -0.000206
43820 -0.000206
43822 -0.000207
43823 -0.000206
43824 -0.000206
43825 -0.000206
43826 -0.000206
43827 -0.000206
43828 -0.000206
43829 -0.000206
43830 -0.000206
43832 -0.000204
43833 -0.000205
43834 -0.000206
43835 -0.000206
43836 -0.000206
43838 -0.000206
43839 -0.000206
43840 -0.000206
43841 -0.000206
43842 -0.000206
43843 -0.000206
43844 -0.000206
43845 -0.000206
43846 -0.000206
43847 -0.000206
43848 -0.000206
43849 -0.000206
43851 -0.000208
43852 -0.000206
43854 -0.000206
43856 -0.000205
43857 -0.000206
43858 -0.000206
43859 -0.000206
43860 -0.000206
43861 -0.000206
43863 -0.000210
43864 -0.000206
43865 -0.000206
43866 -0.000206
43867 -0.000206
43868 -0.000206
43869 -0.000206
43870 -0.000206
43871 -0.000206
43873 -0.000204
43874 -0.000207
43875 -0.000206
43876 -0.000206
43877 -0.000206
43878 -0.000206
43879 -0.000206
43880 -0.000206
43882 -0.000200
43883 -0.000206
43885 -0.000207
43886 -0.000206
43888 -0.000206
43892 -0.000205
43893 -0.000205
43894 -0.000206
43895 -0.000206
43896 -0.000206
43897 -0.000206
43898 -0.000206
43900 -0.000207
43901 -0.000206
43902 -0.000206
43903 -0.000206
43904 -0.000206
43905 -0.000206
43906 -0.000206
43908 -0.000208
43910 -0.000204
43911 -0.000206
43912 -0.000206
43913 -0.000206
43914 -0.000206
43915 -0.000206
43916 -0.000206
43917 -0.000206
43918 -0.000206
43920 -0.000206
43921 -0.000206
43922 -0.000205
43923 -0.000206
43924 -0.000206
43925 -0.000206
43926 -0.000206
43927 -0.000206
43928 -0.000206
43929 -0.000206
43930 -0.000206
43931 -0.000206
43932 -0.000206
43933 -0.000206
43934 -0.000206
43935 -0.000206
43936 -0.000206
43937 -0.000206
43938 -0.000206
43939 -0.000206
43940 -0.000206
43941 -0.000206
43942 -0.000206
43943 -0.000206
43944 -0.000206
43945 -0.000206
43946 -0.000206
43947 -0.000206
43949 -0.000206
43950 -0.000206
43951 -0.000206
43953 -0.000205
43955 -0.000206
43956 -0.000207
43957 -0.000206
43958 -0.000206
43959 -0.000206
43960 -0.000206
43962 -0.000205
43964 -0.000209
43965 -0.000205
43966 -0.000206
43967 -0.000206
43968 -0.000205
43969 -0.000205
43970 -0.000206
43971 -0.000205
43972 -0.000206
43973 -0.000206
43974 -0.000206
43976 -0.000208
43978 -0.000204
43979 -0.000207
43980 -0.000205
43981 -0.000205
43982 -0.000205
43983 -0.000205
43984 -0.000205
43985 -0.000205
43986 -0.000205
43987 -0.000205
43988 -0.000205
43989 -0.000205
43990 -0.000205
43991 -0.000205
43992 -0.000205
43993 -0.000205
43994 -0.000205
43995 -0.000205
43996 -0.000205
43997 -0.000205
43998 -0.000205
43999 -0.000205
44000 -0.000205
44001 -0.000205
44002 -0.000205
44003 -0.000205
44004 -0.000205
44005 -0.000205
44006 -0.000205
44007 -0.000205
44008 -0.000205
44009 -0.000205
44010 -0.000205
44011 -0.000205
44012 -0.000205
44013 -0.000205
44014 -0.000205
44015 -0.000205
44017 -0.000205
44018 -0.000206
44019 -0.000205
44020 -0.000205
44021 -0.000205
44022 -0.000205
44023 -0.000205
44024 -0.000205
44025 -0.000205
44026 -0.000205
44027 -0.000205
44028 -0.000205
44029 -0.000205
44030 -0.000205
44031 -0.000205
44032 -0.000205
44033 -0.000205
44034 -0.000205
44036 -0.000202
44037 -0.000206
44038 -0.000206
44039 -0.000205
44040 -0.000205
44041 -0.000205
44043 -0.000203
44044 -0.000205
44045 -0.000205
44046 -0.000205
44047 -0.000205
44048 -0.000205
44049 -0.000205
44050 -0.000205
44051 -0.000205
44052 -0.000205
44053 -0.000205
44054 -0.000205
44055 -0.000205
44056 -0.000205
44057 -0.000205
44058 -0.000205
44059 -0.000205
44060 -0.000205
44061 -0.000205
44063 -0.000208
44064 -0.000205
44065 -0.000205
44066 -0.000205
44067 -0.000205
44068 -0.000205
44069 -0.000205
44070 -0.000205
44071 -0.000205
44072 -0.000205
44073 -0.000205
44074 -0.000205
44075 -0.000205
44076 -0.000205
44077 -0.000205
44078 -0.000205
44079 -0.000205
44081 -0.000205
44082 -0.000206
44083 -0.000205
44084 -0.000205
44085 -0.000205
44086 -0.000205
44087 -0.000205
44088 -0.000205
44089 -0.000205
44090 -0.000205
44091 -0.000205
44093 -0.000205
44094 -0.000206
44095 -0.000205
44096 -0.000205
44097 -0.000205
44098 -0.000205
44099 -0.000205
44100 -0.000205
44101 -0.000205
44102 -0.000205
44103 -0.000205
44105 -0.000208
44106 -0.000205
44107 -0.000205
44108 -0.000205
44110 -0.000203
44111 -0.000206
44112 -0.000205
44113 -0.000205
44114 -0.000205
44115 -0.000205
44116 -0.000205
44117 -0.000205
44118 -0.000205
44119 -0.000205
44120 -0.000205
44121 -0.000205
44122 -0.000205
44123 -0.000205
44124 -0.000205
44125 -0.000205
44126 -0.000205
44127 -0.000205
44128 -0.000205
44129 -0.000205
44130 -0.000205
44131 -0.000205
44132 -0.000205
44133 -0.000205
44135 -0.000201
44137 -0.000205
44139 -0.000204
44140 -0.000205
44142 -0.000205
44143 -0.000205
44144 -0.000205
44145 -0.000205
44146 -0.000205
44147 -0.000205
44150 -0.000204
44151 -0.000206
44152 -0.000205
44153 -0.000205
44154 -0.000205
44155 -0.000205
44156 -0.000205
44157 -0.000205
44158 -0.000205
44159 -0.000205
44161 -0.000203
44162 -0.000206
44163 -0.000205
44164 -0.000205
44165 -0.000205
44166 -0.000205
44167 -0.000205
44168 -0.000205
44169 -0.000205
44170 -0.000205
44171 -0.000205
44172 -0.000205
44173 -0.000205
44174 -0.000205
44176 -0.000204
44177 -0.000205
44178 -0.000205
44179 -0.000205
44180 -0.000205
44181 -0.000205
44183 -0.000205
44184 -0.000206
44185 -0.000205
44186 -0.000205
44187 -0.000205
44188 -0.000205
44189 -0.000205
44190 -0.000205
44191 -0.000205
44192 -0.000205
44193 -0.000205
44194 -0.000205
44195 -0.000205
44196 -0.000205
44198 -0.000204
44199 -0.000205
44200 -0.000205
44201 -0.000205
44202 -0.000205
44203 -0.000205
44204 -0.000205
44205 -0.000205
44207 -0.000206
44208 -0.000204
44209 -0.000205
44210 -0.000205
44211 -0.000205
44212 -0.000205
44213 -0.000205
44214 -0.000205
44215 -0.000205
44216 -0.000205
44218 -0.000204
44219 -0.000205
44220 -0.000205
44221 -0.000205
44222 -0.000205
44223 -0.000205
44224 -0.000205
44225 -0.000205
44226 -0.000205
44227 -0.000205
44228 -0.000205
44229 -0.000205
44230 -0.000205
44231 -0.000205
44232 -0.000205
44233 -0.000205
44234 -0.000205
44235 -0.000205
44236 -0.000205
44237 -0.000205
44238 -0.000205
44241 -0.000207
44242 -0.000205
44243 -0.000205
44244 -0.000205
44245 -0.000205
44247 -0.000203
44248 -0.000204
44250 -0.000204
44251 -0.000205
44252 -0.000205
44253 -0.000205
44254 -0.000205
44255 -0.000205
44256 -0.000205
44257 -0.000205
44258 -0.000205
44259 -0.000205
44260 -0.000205
44262 -0.000200
44263 -0.000206
44264 -0.000205
44265 -0.000205
44266 -0.000205
44267 -0.000205
44268 -0.000205
44270 -0.000207
44271 -0.000204
44272 -0.000205
44273 -0.000205
44274 -0.000205
44275 -0.000205
44276 -0.000205
44277 -0.000205
44278 -0.000205
44279 -0.000205
44280 -0.000205
44281 -0.000205
44283 -0.000204
44285 -0.000201
44286 -0.000204
44287 -0.000205
44288 -0.000205
44289 -0.000205
44290 -0.000205
44291 -0.000205
44292 -0.000205
44293 -0.000205
44294 -0.000205
44295 -0.000205
44296 -0.000205
44297 -0.000205
44298 -0.000205
44299 -0.000205
44300 -0.000205
44301 -0.000205
44302 -0.000205
44303 -0.000205
44304 -0.000205
44305 -0.000205
44306 -0.000205
44307 -0.000205
44308 -0.000205
44309 -0.000205
44310 -0.000205
44311 -0.000205
44312 -0.000205
44313 -0.000205
44314 -0.000205
44315 -0.000205
44316 -0.000205
44317 -0.000205
44318 -0.000205
44319 -0.000205
44320 -0.000205
44321 -0.000205
44322 -0.000205
44323 -0.000205
44324 -0.000205
44325 -0.000205
44326 -0.000205
44327 -0.000205
44329 -0.000205
44330 -0.000205
44331 -0.000205
44332 -0.000205
44333 -0.000205
44334 -0.000205
44335 -0.000205
44337 -0.000202
44339 -0.000201
44340 -0.000204
44342 -0.000207
44343 -0.000204
44344 -0.000205
44345 -0.000205
44347 -0.000200
44348 -0.000203
44349 -0.000204
44350 -0.000205
44351 -0.000205
44352 -0.000205
44353 -0.000205
44354 -0.000205
44355 -0.000205
44356 -0.000205
44357 -0.000205
44358 -0.000205
44359 -0.000205
44360 -0.000205
44361 -0.000205
44362 -0.000205
44363 -0.000205
44364 -0.000205
44365 -0.000205
44366 -0.000205
44367 -0.000205
44368 -0.000205
44369 -0.000205
44370 -0.000205
44371 -0.000205
44372 -0.000205
44373 -0.000205
44374 -0.000205
44375 -0.000205
44376 -0.000205
44377 -0.000205
44378 -0.000205
44379 -0.000205
44380 -0.000205
44381 -0.000205
44382 -0.000205
44383 -0.000205
44384 -0.000205
44385 -0.000205
44386 -0.000205
44387 -0.000205
44388 -0.000205
44390 -0.000206
44391 -0.000205
44392 -0.000204
44393 -0.000205
44394 -0.000205
44395 -0.000205
44396 -0.000205
44397 -0.000205
44398 -0.000205
44399 -0.000205
44400 -0.000205
44401 -0.000205
44402 -0.000205
44403 -0.000205
44404 -0.000205
44405 -0.000205
44406 -0.000205
44407 -0.000205
44408 -0.000205
44409 -0.000205
44410 -0.000205
44411 -0.000205
44412 -0.000205
44413 -0.000205
44414 -0.000205
44415 -0.000205
44416 -0.000205
44417 -0.000205
44418 -0.000205
44419 -0.000205
44420 -0.000205
44421 -0.000205
44422 -0.000205
44423 -0.000205
44424 -0.000205
44425 -0.000205
44426 -0.000205
44427 -0.000205
44428 -0.000205
44429 -0.000205
44430 -0.000205
44431 -0.000205
44432 -0.000205
44433 -0.000205
44434 -0.000205
44435 -0.000205
44436 -0.000205
44437 -0.000205
44438 -0.000205
44439 -0.000205
44440 -0.000205
44441 -0.000205
44442 -0.000205
44444 -0.000205
44445 -0.000205
44446 -0.000205
44447 -0.000205
44448 -0.000205
44449 -0.000205
44450 -0.000205
44451 -0.000205
44452 -0.000205
44453 -0.000205
44454 -0.000205
44455 -0.000205
44456 -0.000205
44457 -0.000205
44458 -0.000205
44459 -0.000205
44460 -0.000205
44461 -0.000205
44462 -0.000205
44463 -0.000205
44464 -0.000205
44465 -0.000205
44466 -0.000205
44467 -0.000205
44468 -0.000205
44469 -0.000205
44470 -0.000205
44471 -0.000205
44472 -0.000205
44473 -0.000205
44474 -0.000205
44475 -0.000205
44477 -0.000205
44478 -0.000205
44479 -0.000205
44480 -0.000205
44481 -0.000205
44482 -0.000205
44483 -0.000205
44485 -0.000203
44486 -0.000206
44487 -0.000204
44488 -0.000205
44489 -0.000205
44490 -0.000205
44491 -0.000205
44492 -0.000205
44493 -0.000205
44494 -0.000205
44497 -0.000204
44499 -0.000205
44500 -0.000204
44501 -0.000204
44502 -0.000204
44503 -0.000204
44504 -0.000204
44505 -0.000204
44506 -0.000204
44507 -0.000204
44508 -0.000204
44509 -0.000204
44510 -0.000204
44511 -0.000204
44512 -0.000204
44513 -0.000204
44514 -0.000204
44515 -0.000204
44516 -0.000204
44517 -0.000204
44518 -0.000204
44519 -0.000204
44520 -0.000204
44521 -0.000204
44522 -0.000204
44523 -0.000204
44524 -0.000204
44526 -0.000200
44527 -0.000204
44528 -0.000204
44529 -0.000204
44530 -0.000204
44531 -0.000204
44532 -0.000204
44534 -0.000204
44535 -0.000205
44536 -0.000205
44537 -0.000204
44538 -0.000204
44539 -0.000204
44540 -0.000204
44541 -0.000204
44542 -0.000204
44543 -0.000204
44544 -0.000204
44545 -0.000204
44546 -0.000204
44547 -0.000204
44548 -0.000204
44549 -0.000204
44550 -0.000204
44552 -0.000203
44553 -0.000204
44554 -0.000204
44555 -0.000205
44556 -0.000204
44557 -0.000204
44558 -0.000204
44559 -0.000204
44560 -0.000204
44561 -0.000204
44562 -0.000204
44563 -0.000204
44564 -0.000204
44565 -0.000204
44566 -0.000204
44567 -0.000204
44568 -0.000204
44569 -0.000204
44570 -0.000204
44571 -0.000204
44573 -0.000205
44574 -0.000204
44575 -0.000204
44576 -0.000204
44577 -0.000204
44578 -0.000204
44579 -0.000204
44580 -0.000204
44581 -0.000204
44582 -0.000204
44583 -0.000204
44584 -0.000204
44585 -0.000204
44586 -0.000204
44588 -0.000204
44589 -0.000204
44590 -0.000204
44591 -0.000204
44592 -0.000204
44593 -0.000204
44594 -0.000204
44595 -0.000204
44596 -0.000204
44597 -0.000204
44598 -0.000204
44599 -0.000204
44600 -0.000204
44601 -0.000204
44602 -0.000204
44603 -0.000204
44605 -0.000206
44606 -0.000203
44607 -0.000205
44608 -0.000204
44610 -0.000203
44611 -0.000204
44612 -0.000204
44613 -0.000204
44614 -0.000204
44615 -0.000204
44616 -0.000204
44620 -0.000200
44621 -0.000204
44622 -0.000204
44623 -0.000204
44624 -0.000204
44625 -0.000204
44626 -0.000204
44627 -0.000204
44628 -0.000204
44629 -0.000204
44630 -0.000204
44631 -0.000204
44632 -0.000204
44633 -0.000204
44635 -0.000201
44636 -0.000203
44637 -0.000204
44638 -0.000204
44639 -0.000204
44640 -0.000204
44641 -0.000204
44642 -0.000204
44643 -0.000204
44644 -0.000204
44645 -0.000204
44646 -0.000204
44647 -0.000204
44648 -0.000204
44649 -0.000204
44650 -0.000204
44651 -0.000204
44653 -0.000202
44654 -0.000205
44655 -0.000204
44656 -0.000204
44657 -0.000204
44658 -0.000204
44659 -0.000204
44661 -0.000203
44662 -0.000204
44663 -0.000204
44664 -0.000204
44665 -0.000204
44666 -0.000204
44667 -0.000204
44668 -0.000204
44669 -0.000204
44670 -0.000204
44671 -0.000204
44672 -0.000204
44673 -0.000204
44674 -0.000204
44676 -0.000202
44677 -0.000204
44678 -0.000204
44679 -0.000204
44680 -0.000204
44681 -0.000204
44682 -0.000204
44683 -0.000204
44684 -0.000204
44685 -0.000204
44686 -0.000204
44687 -0.000204
44688 -0.000204
44689 -0.000204
44690 -0.000204
44691 -0.000204
44692 -0.000204
44694 -0.000202
44695 -0.000204
44696 -0.000204
44697 -0.000204
44699 -0.000202
44700 -0.000204
44701 -0.000204
44702 -0.000204
44703 -0.000204
44704 -0.000204
44705 -0.000204
44706 -0.000204
44707 -0.000204
44708 -0.000204
44709 -0.000204
44710 -0.000204
44711 -0.000204
44713 -0.000205
44714 -0.000204
44715 -0.000204
44716 -0.000204
44717 -0.000204
44718 -0.000204
44719 -0.000204
44720 -0.000204
44721 -0.000204
44722 -0.000204
44723 -0.000204
44725 -0.000206
44726 -0.000206
44727 -0.000204
44729 -0.000205
44731 -0.000205
44732 -0.000204
44733 -0.000204
44734 -0.000204
44735 -0.000204
44736 -0.000204
44737 -0.000204
44738 -0.000204
44739 -0.000204
44740 -0.000204
44741 -0.000204
44742 -0.000204
44743 -0.000204
44744 -0.000204
44745 -0.000204
44746 -0.000204
44748 -0.000201
44749 -0.000204
44750 -0.000204
44751 -0.000204
44753 -0.000209
44754 -0.000204
44755 -0.000204
44756 -0.000204
44757 -0.000204
44758 -0.000204
44759 -0.000204
44760 -0.000204
44761 -0.000204
44762 -0.000204
44763 -0.000204
44764 -0.000204
44765 -0.000204
44766 -0.000204
44767 -0.000204
44769 -0.000201
44771 -0.000202
44772 -0.000204
44773 -0.000204
44774 -0.000204
44775 -0.000204
44776 -0.000204
44777 -0.000204
44778 -0.000204
44779 -0.000204
44780 -0.000204
44781 -0.000204
44782 -0.000204
44783 -0.000204
44784 -0.000204
44786 -0.000208
44787 -0.000204
44788 -0.000204
44789 -0.000204
44790 -0.000204
44791 -0.000204
44793 -0.000203
44794 -0.000204
44795 -0.000204
44796 -0.000204
44797 -0.000204
44798 -0.000204
44799 -0.000204
44800 -0.000204
44801 -0.000204
44802 -0.000204
44803 -0.000204
44805 -0.000202
44806 -0.000203
44807 -0.000204
44808 -0.000204
44809 -0.000204
44810 -0.000204
44811 -0.000204
44813 -0.000201
44814 -0.000205
44816 -0.000202
44817 -0.000204
44819 -0.000205
44820 -0.000204
44821 -0.000204
44822 -0.000204
44823 -0.000204
44824 -0.000204
44825 -0.000204
44826 -0.000204
44828 -0.000207
44829 -0.000204
44830 -0.000203
44831 -0.000204
44832 -0.000204
44833 -0.000204
44834 -0.000204
44835 -0.000204
44836 -0.000204
44837 -0.000204
44838 -0.000204
44840 -0.000206
44841 -0.000204
44842 -0.000204
44843 -0.000204
44844 -0.000204
44845 -0.000204
44846 -0.000204
44847 -0.000204
44848 -0.000204
44849 -0.000204
44850 -0.000204
44851 -0.000204
44852 -0.000204
44853 -0.000204
44854 -0.000204
44855 -0.000204
44856 -0.000204
44857 -0.000204
44859 -0.000204
44860 -0.000204
44861 -0.000204
44862 -0.000204
44863 -0.000204
44865 -0.000204
44866 -0.000203
44867 -0.000204
44868 -0.000203
44869 -0.000204
44870 -0.000204
44871 -0.000204
44872 -0.000204
44873 -0.000204
44874 -0.000204
44875 -0.000204
44876 -0.000204
44877 -0.000204
44878 -0.000204
44879 -0.000204
44880 -0.000204
44881 -0.000204
44882 -0.000204
44883 -0.000204
44884 -0.000204
44885 -0.000204
44886 -0.000204
44887 -0.000204
44888 -0.000204
44889 -0.000204
44890 -0.000204
44891 -0.000204
44892 -0.000204
44893 -0.000204
44894 -0.000204
44895 -0.000204
44896 -0.000204
44897 -0.000204
44898 -0.000204
44899 -0.000204
44900 -0.000204
44901 -0.000204
44902 -0.000204
44903 -0.000204
44904 -0.000204
44905 -0.000204
44909 -0.000202
44910 -0.000203
44912 -0.000202
44913 -0.000204
44915 -0.000205
44916 -0.000204
44917 -0.000203
44918 -0.000203
44919 -0.000204
44920 -0.000203
44921 -0.000203
44923 -0.000202
44924 -0.000203
44925 -0.000203
44926 -0.000203
44927 -0.000203
44928 -0.000203
44929 -0.000203
44930 -0.000203
44931 -0.000203
44932 -0.000203
44933 -0.000203
44934 -0.000203
44935 -0.000203
44936 -0.000203
44937 -0.000203
44938 -0.000203
44939 -0.000203
44940 -0.000203
44941 -0.000203
44942 -0.000203
44943 -0.000203
44944 -0.000203
44945 -0.000203
44946 -0.000203
44947 -0.000203
44948 -0.000203
44950 -0.000204
44951 -0.000203
44952 -0.000204
44954 -0.000203
44955 -0.000203
44956 -0.000203
44957 -0.000203
44958 -0.000203
44959 -0.000203
44960 -0.000203
44961 -0.000203
44962 -0.000203
44963 -0.000203
44964 -0.000203
44965 -0.000203
44966 -0.000203
44967 -0.000203
44969 -0.000204
44970 -0.000204
44971 -0.000203
44972 -0.000203
44974 -0.000203
44975 -0.000203
44978 -0.000205
44979 -0.000203
44981 -0.000204
44982 -0.000203
44983 -0.000203
44984 -0.000203
44985 -0.000203
44986 -0.000203
44987 -0.000203
44988 -0.000203
44989 -0.000203
44990 -0.000203
44991 -0.000203
44993 -0.000204
44994 -0.000203
44995 -0.000203
44996 -0.000203
44997 -0.000203
44998 -0.000203
44999 -0.000203
45000 -0.000203
45001 -0.000203
45002 -0.000203
45003 -0.000203
45005 -0.000206
45006 -0.000203
45007 -0.000203
45009 -0.000203
45010 -0.000203
45011 -0.000203
45012 -0.000203
45013 -0.000203
45014 -0.000203
45016 -0.000203
45017 -0.000203
45018 -0.000203
45019 -0.000203
45020 -0.000203
45021 -0.000203
45022 -0.000203
45023 -0.000203
45024 -0.000203
45025 -0.000203
45026 -0.000203
45028 -0.000204
45029 -0.000203
45030 -0.000203
45031 -0.000203
45032 -0.000203
45033 -0.000203
45034 -0.000203
45035 -0.000203
45036 -0.000203
45037 -0.000203
45038 -0.000203
45039 -0.000203
45040 -0.000203
45041 -0.000203
45042 -0.000203
45043 -0.000203
45044 -0.000203
45045 -0.000203
45046 -0.000203
45047 -0.000203
45048 -0.000203
45049 -0.000203
45050 -0.000203
45051 -0.000203
45053 -0.000208
45054 -0.000204
45056 -0.000203
45058 -0.000203
45059 -0.000203
45060 -0.000203
45061 -0.000203
45062 -0.000203
45063 -0.000203
45064 -0.000203
45065 -0.000203
45066 -0.000203
45067 -0.000203
45068 -0.000203
45069 -0.000203
45070 -0.000203
45071 -0.000203
45073 -0.000202
45074 -0.000203
45075 -0.000203
45076 -0.000203
45077 -0.000203
45078 -0.000203
45079 -0.000203
45081 -0.000203
45082 -0.000204
45083 -0.000203
45084 -0.000203
45085 -0.000203
45086 -0.000203
45087 -0.000203
45088 -0.000203
45089 -0.000203
45090 -0.000203
45091 -0.000203
45092 -0.000203
45093 -0.000203
45094 -0.000203
45095 -0.000203
45096 -0.000203
45097 -0.000203
45098 -0.000203
45099 -0.000203
45100 -0.000203
45101 -0.000203
45102 -0.000203
45103 -0.000203
45104 -0.000203
45105 -0.000203
45106 -0.000203
45107 -0.000203
45108 -0.000203
45110 -0.000202
45111 -0.000204
45112 -0.000204
45113 -0.000203
45114 -0.000203
45115 -0.000203
45117 -0.000207
45118 -0.000203
45119 -0.000203
45120 -0.000203
45121 -0.000203
45122 -0.000203
45123 -0.000203
45124 -0.000203
45125 -0.000203
45126 -0.000203
45127 -0.000203
45129 -0.000201
45130 -0.000203
45131 -0.000203
45132 -0.000203
45134 -0.000201
45135 -0.000203
45136 -0.000203
45137 -0.000203
45138 -0.000203
45140 -0.000205
45141 -0.000203
45143 -0.000203
45144 -0.000203
45145 -0.000203
45146 -0.000203
45148 -0.000204
45149 -0.000203
45150 -0.000203
45151 -0.000203
45152 -0.000203
45153 -0.000203
45154 -0.000203
45155 -0.000203
45156 -0.000203
45157 -0.000203
45158 -0.000203
45160 -0.000204
45161 -0.000203
45162 -0.000203
45163 -0.000203
45164 -0.000203
45165 -0.000203
45166 -0.000203
45167 -0.000203
45168 -0.000203
45169 -0.000203
45170 -0.000203
45172 -0.000200
45173 -0.000203
45175 -0.000204
45177 -0.000203
45178 -0.000203
45179 -0.000203
45180 -0.000203
45181 -0.000203
45182 -0.000203
45183 -0.000203
45184 -0.000203
45185 -0.000203
45186 -0.000203
45187 -0.000203
45188 -0.000203
45190 -0.000203
45191 -0.000203
45192 -0.000203
45193 -0.000203
45194 -0.000203
45195 -0.000203
45196 -0.000203
45197 -0.000203
45198 -0.000203
45199 -0.000203
45200 -0.000203
45201 -0.000203
45202 -0.000203
45203 -0.000203
45206 -0.000211
45207 -0.000202
45208 -0.000203
45209 -0.000203
45210 -0.000203
45211 -0.000203
45212 -0.000203
45213 -0.000203
45214 -0.000203
45216 -0.000202
45217 -0.000203
45219 -0.000201
45220 -0.000202
45221 -0.000202
45222 -0.000203
45223 -0.000203
45225 -0.000196
45226 -0.000203
45227 -0.000202
45228 -0.000202
45229 -0.000203
45230 -0.000203
45231 -0.000203
45232 -0.000203
45233 -0.000203
45234 -0.000203
45235 -0.000203
45236 -0.000203
45237 -0.000203
45238 -0.000203
45240 -0.000201
45241 -0.000203
45242 -0.000203
45244 -0.000203
45245 -0.000203
45246 -0.000202
45247 -0.000203
45248 -0.000203
45250 -0.000201
45251 -0.000203
45252 -0.000202
45253 -0.000203
45254 -0.000203
45255 -0.000203
45256 -0.000203
45257 -0.000203
45258 -0.000203
45259 -0.000203
45260 -0.000203
45261 -0.000203
45262 -0.000203
45263 -0.000203
45264 -0.000203
45265 -0.000203
45267 -0.000202
45268 -0.000203
45269 -0.000203
45270 -0.000203
45271 -0.000203
45272 -0.000203
45273 -0.000203
45274 -0.000203
45275 -0.000203
45277 -0.000204
45278 -0.000202
45279 -0.000203
45280 -0.000202
45281 -0.000203
45282 -0.000202
45284 -0.000200
45285 -0.000203
45286 -0.000202
45287 -0.000202
45288 -0.000202
45289 -0.000202
45290 -0.000202
45291 -0.000202
45292 -0.000202
45293 -0.000202
45294 -0.000202
45295 -0.000202
45296 -0.000202
45297 -0.000202
45298 -0.000202
45299 -0.000202
45300 -0.000202
45301 -0.000202
45302 -0.000202
45303 -0.000202
45304 -0.000202
45305 -0.000202
45306 -0.000202
45307 -0.000202
45308 -0.000202
45309 -0.000202
45310 -0.000202
45311 -0.000202
45312 -0.000202
45313 -0.000202
45314 -0.000202
45315 -0.000202
45316 -0.000202
45317 -0.000202
45318 -0.000202
45319 -0.000202
45320 -0.000202
45321 -0.000202
45322 -0.000202
45323 -0.000202
45324 -0.000202
45325 -0.000202
45327 -0.000203
45328 -0.000202
45329 -0.000202
45330 -0.000202
45331 -0.000202
45332 -0.000202
45333 -0.000202
45334 -0.000202
45335 -0.000202
45336 -0.000202
45337 -0.000202
45338 -0.000202
45339 -0.000202
45340 -0.000202
45342 -0.000205
45343 -0.000202
45344 -0.000202
45345 -0.000202
45346 -0.000202
45348 -0.000200
45350 -0.000201
45351 -0.000201
45352 -0.000202
45353 -0.000203
45354 -0.000202
45355 -0.000202
45356 -0.000202
45357 -0.000202
45358 -0.000202
45359 -0.000202
45360 -0.000202
45361 -0.000202
45362 -0.000202
45363 -0.000202
45364 -0.000202
45365 -0.000202
45366 -0.000202
45367 -0.000202
45368 -0.000202
45369 -0.000202
45370 -0.000202
45371 -0.000202
45372 -0.000202
45373 -0.000202
45374 -0.000202
45375 -0.000202
45376 -0.000202
45377 -0.000202
45378 -0.000202
45379 -0.000202
45380 -0.000202
45381 -0.000202
45382 -0.000202
45383 -0.000202
45384 -0.000202
45385 -0.000202
45386 -0.000202
45387 -0.000202
45388 -0.000202
45389 -0.000202
45390 -0.000202
45391 -0.000202
45392 -0.000202
45393 -0.000202
45394 -0.000202
45395 -0.000202
45396 -0.000202
45397 -0.000202
45398 -0.000202
45399 -0.000202
45401 -0.000205
45402 -0.000203
45404 -0.000201
45405 -0.000203
45406 -0.000202
45407 -0.000202
45408 -0.000202
45409 -0.000202
45412 -0.000200
45415 -0.000203
45416 -0.000202
45417 -0.000202
45418 -0.000202
45419 -0.000202
45420 -0.000202
45421 -0.000202
45422 -0.000202
45423 -0.000202
45424 -0.000202
45425 -0.000202
45426 -0.000202
45427 -0.000202
45428 -0.000202
45429 -0.000202
45430 -0.000202
45432 -0.000204
45433 -0.000202
45434 -0.000202
45435 -0.000202
45436 -0.000202
45437 -0.000202
45438 -0.000202
45439 -0.000202
45441 -0.000198
45442 -0.000202
45443 -0.000202
45444 -0.000202
45445 -0.000202
45446 -0.000202
45447 -0.000202
45448 -0.000202
45449 -0.000202
45450 -0.000202
45451 -0.000202
45453 -0.000202
45454 -0.000202
45455 -0.000202
45456 -0.000202
45457 -0.000202
45458 -0.000202
45459 -0.000202
45461 -0.000204
45462 -0.000202
45463 -0.000202
45464 -0.000202
45465 -0.000202
45466 -0.000202
45467 -0.000202
45468 -0.000202
45469 -0.000202
45471 -0.000202
45473 -0.000204
45474 -0.000201
45475 -0.000202
45476 -0.000202
45477 -0.000202
45478 -0.000202
45479 -0.000202
45480 -0.000202
45481 -0.000202
45482 -0.000202
45483 -0.000202
45485 -0.000203
45486 -0.000202
45487 -0.000202
45488 -0.000202
45489 -0.000202
45490 -0.000202
45491 -0.000202
45493 -0.000201
45495 -0.000204
45496 -0.000200
45498 -0.000201
45499 -0.000202
45500 -0.000202
45501 -0.000202
45502 -0.000202
45503 -0.000202
45504 -0.000202
45505 -0.000202
45506 -0.000202
45507 -0.000202
45508 -0.000202
45510 -0.000203
45511 -0.000202
45512 -0.000202
45513 -0.000202
45514 -0.000202
45515 -0.000202
45516 -0.000202
45517 -0.000202
45518 -0.000202
45519 -0.000202
45520 -0.000202
45521 -0.000202
45522 -0.000202
45523 -0.000202
45524 -0.000202
45526 -0.000203
45527 -0.000201
45529 -0.000204
45530 -0.000202
45531 -0.000202
45532 -0.000202
45533 -0.000202
45534 -0.000202
45535 -0.000202
45536 -0.000202
45537 -0.000202
45538 -0.000202
45539 -0.000202
45540 -0.000202
45541 -0.000202
45542 -0.000202
45543 -0.000202
45544 -0.000202
45545 -0.000202
45546 -0.000202
45547 -0.000202
45548 -0.000202
45549 -0.000202
45550 -0.000202
45551 -0.000202
45552 -0.000202
45553 -0.000202
45554 -0.000202
45555 -0.000202
45556 -0.000202
45557 -0.000202
45558 -0.000202
45559 -0.000202
45560 -0.000202
45561 -0.000202
45562 -0.000202
45563 -0.000202
45564 -0.000202
45565 -0.000202
45566 -0.000202
45568 -0.000202
45569 -0.000202
45570 -0.000202
45571 -0.000202
45572 -0.000202
45573 -0.000202
45575 -0.000204
45576 -0.000202
45577 -0.000202
45578 -0.000202
45579 -0.000202
45580 -0.000202
45581 -0.000202
45582 -0.000202
45583 -0.000202
45584 -0.000202
45585 -0.000202
45586 -0.000202
45587 -0.000202
45588 -0.000202
45589 -0.000202
45590 -0.000202
45591 -0.000202
45592 -0.000202
45593 -0.000202
45594 -0.000202
45595 -0.000202
45597 -0.000199
45598 -0.000202
45600 -0.000200
45601 -0.000203
45602 -0.000202
45603 -0.000201
45604 -0.000202
45605 -0.000202
45606 -0.000202
45607 -0.000202
45608 -0.000202
45609 -0.000202
45610 -0.000202
45611 -0.000202
45612 -0.000202
45613 -0.000202
45614 -0.000202
45615 -0.000202
45616 -0.000202
45617 -0.000202
45618 -0.000202
45619 -0.000202
45620 -0.000202
45621 -0.000202
45622 -0.000202
45624 -0.000205
45625 -0.000202
45626 -0.000202
45628 -0.000199
45629 -0.000202
45630 -0.000202
45631 -0.000202
45635 -0.000199
45636 -0.000203
45637 -0.000202
45639 -0.000203
45640 -0.000202
45641 -0.000202
45642 -0.000202
45643 -0.000202
45644 -0.000202
45645 -0.000202
45646 -0.000202
45647 -0.000202
45648 -0.000202
45650 -0.000202
45651 -0.000201
45652 -0.000202
45653 -0.000202
45654 -0.000202
45656 -0.000202
45657 -0.000202
45658 -0.000202
45659 -0.000202
45660 -0.000202
45661 -0.000202
45662 -0.000202
45663 -0.000202
45665 -0.000203
45666 -0.000202
45667 -0.000202
45668 -0.000202
45669 -0.000202
45670 -0.000202
45671 -0.000202
45672 -0.000202
45673 -0.000202
45676 -0.000202
45677 -0.000202
45678 -0.000201
45679 -0.000202
45680 -0.000202
45681 -0.000202
45682 -0.000202
45683 -0.000202
45684 -0.000202
45685 -0.000202
45686 -0.000202
45687 -0.000202
45688 -0.000202
45689 -0.000202
45690 -0.000202
45691 -0.000202
45692 -0.000202
45693 -0.000202
45694 -0.000202
45695 -0.000202
45696 -0.000202
45697 -0.000202
45698 -0.000202
45699 -0.000202
45700 -0.000202
45701 -0.000202
45702 -0.000202
45703 -0.000202
45704 -0.000202
45705 -0.000202
45706 -0.000202
45707 -0.000202
45708 -0.000202
45709 -0.000202
45711 -0.000202
45712 -0.000202
45714 -0.000209
45715 -0.000201
45716 -0.000201
45717 -0.000201
45718 -0.000201
45720 -0.000201
45721 -0.000201
45722 -0.000202
45723 -0.000201
45724 -0.000201
45725 -0.000202
45728 -0.000203
45729 -0.000201
45730 -0.000201
45731 -0.000201
45732 -0.000201
45733 -0.000201
45734 -0.000201
45735 -0.000201
45736 -0.000201
45737 -0.000201
45738 -0.000201
45739 -0.000201
45742 -0.000200
45743 -0.000202
45744 -0.000202
45745 -0.000201
45746 -0.000201
45747 -0.000201
45748 -0.000201
45749 -0.000201
45750 -0.000201
45751 -0.000201
45752 -0.000201
45754 -0.000200
45755 -0.000202
45756 -0.000201
45757 -0.000201
45758 -0.000201
45759 -0.000201
45760 -0.000201
45761 -0.000201
45762 -0.000201
45763 -0.000201
45764 -0.000201
45765 -0.000201
45766 -0.000201
45767 -0.000201
45769 -0.000203
45770 -0.000202
45771 -0.000201
45773 -0.000201
45774 -0.000201
45776 -0.000202
45777 -0.000201
45779 -0.000202
45780 -0.000201
45781 -0.000201
45782 -0.000201
45783 -0.000201
45784 -0.000201
45785 -0.000201
45786 -0.000201
45788 -0.000201
45789 -0.000201
45790 -0.000201
45791 -0.000201
45792 -0.000201
45793 -0.000201
45794 -0.000201
45795 -0.000201
45796 -0.000201
45797 -0.000201
45798 -0.000201
45799 -0.000201
45800 -0.000201
45801 -0.000201
45802 -0.000201
45803 -0.000201
45804 -0.000201
45805 -0.000201
45807 -0.000202
45808 -0.000202
45809 -0.000201
45810 -0.000201
45811 -0.000201
45812 -0.000201
45813 -0.000201
45814 -0.000201
45816 -0.000199
45817 -0.000201
45818 -0.000201
45819 -0.000201
45821 -0.000199
45822 -0.000201
45823 -0.000201
45824 -0.000201
45826 -0.000202
45827 -0.000201
45829 -0.000198
45830 -0.000201
45831 -0.000201
45832 -0.000201
45833 -0.000201
45834 -0.000201
45836 -0.000205
45837 -0.000201
45838 -0.000201
45839 -0.000201
45840 -0.000201
45841 -0.000201
45842 -0.000201
45843 -0.000201
45844 -0.000201
45846 -0.000204
45848 -0.000203
45849 -0.000201
45850 -0.000201
45851 -0.000201
45852 -0.000201
45853 -0.000201
45854 -0.000201
45855 -0.000201
45856 -0.000201
45858 -0.000204
45860 -0.000198
45861 -0.000200
45862 -0.000201
45863 -0.000201
45864 -0.000201
45866 -0.000201
45867 -0.000201
45869 -0.000200
45870 -0.000202
45871 -0.000201
45872 -0.000201
45873 -0.000201
45874 -0.000201
45875 -0.000201
45876 -0.000201
45877 -0.000201
45878 -0.000201
45879 -0.000201
45880 -0.000201
45882 -0.000199
45883 -0.000201
45884 -0.000201
45885 -0.000201
45886 -0.000201
45887 -0.000201
45888 -0.000201
45890 -0.000202
45891 -0.000201
45892 -0.000201
45893 -0.000201
45894 -0.000201
45895 -0.000201
45896 -0.000201
45897 -0.000201
45898 -0.000201
45899 -0.000201
45900 -0.000201
45901 -0.000201
45902 -0.000201
45903 -0.000201
45904 -0.000201
45905 -0.000201
45906 -0.000201
45907 -0.000201
45910 -0.000198
45911 -0.000198
45912 -0.000202
45913 -0.000201
45914 -0.000201
45915 -0.000201
45916 -0.000201
45918 -0.000198
45919 -0.000202
45921 -0.000199
45922 -0.000201
45923 -0.000201
45924 -0.000201
45925 -0.000201
45926 -0.000201
45928 -0.000203
45929 -0.000200
45931 -0.000200
45932 -0.000201
45933 -0.000201
45934 -0.000201
45935 -0.000201
45936 -0.000201
45937 -0.000201
45938 -0.000201
45939 -0.000201
45940 -0.000201
45941 -0.000201
45942 -0.000201
45944 -0.000202
45945 -0.000200
45946 -0.000201
45947 -0.000201
45948 -0.000201
45949 -0.000201
45950 -0.000201
45951 -0.000201
45952 -0.000201
45953 -0.000201
45954 -0.000201
45955 -0.000201
45957 -0.000200
45958 -0.000200
45959 -0.000201
45960 -0.000201
45961 -0.000201
45962 -0.000201
45963 -0.000201
45964 -0.000201
45965 -0.000201
45966 -0.000201
45967 -0.000201
45968 -0.000201
45969 -0.000201
45970 -0.000201
45972 -0.000207
45973 -0.000201
45974 -0.000201
45975 -0.000201
45976 -0.000201
45977 -0.000201
45978 -0.000201
45981 -0.000202
45982 -0.000201
45983 -0.000201
45984 -0.000201
45985 -0.000201
45986 -0.000201
45988 -0.000200
45989 -0.000201
45990 -0.000201
45991 -0.000201
45992 -0.000201
45993 -0.000201
45994 -0.000201
45996 -0.000203
45997 -0.000201
45999 -0.000206
46000 -0.000201
46001 -0.000200
46002 -0.000201
46003 -0.000201
46004 -0.000201
46005 -0.000201
46006 -0.000201
46007 -0.000201
46008 -0.000201
46009 -0.000201
46010 -0.000201
46011 -0.000201
46012 -0.000201
46014 -0.000199
46015 -0.000201
46016 -0.000201
46018 -0.000201
46019 -0.000202
46020 -0.000200
46021 -0.000200
46022 -0.000201
46023 -0.000201
46024 -0.000201
46025 -0.000201
46026 -0.000201
46027 -0.000200
46028 -0.000201
46029 -0.000201
46030 -0.000201
46031 -0.000201
46032 -0.000201
46033 -0.000201
46034 -0.000201
46035 -0.000201
46036 -0.000201
46038 -0.000201
46039 -0.000200
46040 -0.000200
46042 -0.000200
46043 -0.000201
46044 -0.000201
46045 -0.000201
46046 -0.000200
46047 -0.000200
46048 -0.000200
46049 -0.000200
46050 -0.000200
46051 -0.000200
46052 -0.000200
46053 -0.000200
46054 -0.000200
46055 -0.000200
46056 -0.000200
46057 -0.000200
46058 -0.000200
46059 -0.000200
46060 -0.000200
46061 -0.000200
46062 -0.000200
46064 -0.000200
46065 -0.000200
46066 -0.000201
46067 -0.000200
46068 -0.000200
46069 -0.000200
46071 -0.000202
46072 -0.000201
46073 -0.000200
46075 -0.000199
46077 -0.000200
46078 -0.000200
46079 -0.000200
46080 -0.000200
46081 -0.000200
46082 -0.000200
46083 -0.000200
46084 -0.000200
46085 -0.000200
46086 -0.000200
46087 -0.000200
46088 -0.000200
46089 -0.000200
46091 -0.000198
46092 -0.000201
46093 -0.000200
46094 -0.000200
46095 -0.000200
46097 -0.000204
46098 -0.000200
46099 -0.000200
46100 -0.000200
46101 -0.000200
46102 -0.000200
46103 -0.000200
46104 -0.000200
46105 -0.000200
46106 -0.000200
46107 -0.000200
46108 -0.000200
46109 -0.000200
46110 -0.000200
46111 -0.000200
46113 -0.000200
46114 -0.000201
46115 -0.000200
46116 -0.000200
46117 -0.000200
46118 -0.000200
46119 -0.000200
46120 -0.000200
46121 -0.000200
46122 -0.000200
46123 -0.000200
46124 -0.000200
46125 -0.000200
46126 -0.000200
46127 -0.000200
46128 -0.000200
46129 -0.000200
46130 -0.000200
46131 -0.000200
46132 -0.000200
46133 -0.000200
46134 -0.000200
46135 -0.000200
46136 -0.000200
46137 -0.000200
46139 -0.000202
46140 -0.000200
46141 -0.000200
46142 -0.000200
46143 -0.000200
46144 -0.000200
46145 -0.000200
46146 -0.000200
46147 -0.000200
46148 -0.000200
46149 -0.000200
46150 -0.000200
46154 -0.000198
46155 -0.000199
46156 -0.000200
46157 -0.000200
46158 -0.000200
46159 -0.000200
46160 -0.000200
46161 -0.000200
46162 -0.000200
46163 -0.000200
46164 -0.000200
46165 -0.000200
46166 -0.000200
46167 -0.000200
46168 -0.000200
46169 -0.000200
46171 -0.000201
46172 -0.000200
46173 -0.000200
46174 -0.000200
46175 -0.000200
46176 -0.000200
46177 -0.000200
46178 -0.000200
46179 -0.000200
46180 -0.000200
46181 -0.000200
46182 -0.000200
46183 -0.000200
46184 -0.000200
46185 -0.000200
46186 -0.000200
46187 -0.000200
46188 -0.000200
46189 -0.000200
46190 -0.000200
46191 -0.000200
46192 -0.000200
46193 -0.000200
46194 -0.000200
46195 -0.000200
46196 -0.000200
46197 -0.000200
46198 -0.000200
46199 -0.000200
46200 -0.000200
46201 -0.000200
46202 -0.000200
46203 -0.000200
46204 -0.000200
46205 -0.000200
46208 -0.000201
46209 -0.000201
46210 -0.000200
46211 -0.000200
46212 -0.000200
46213 -0.000200
46215 -0.000197
46216 -0.000200
46217 -0.000200
46218 -0.000200
46219 -0.000200
46220 -0.000200
46221 -0.000200
46222 -0.000200
46223 -0.000200
46224 -0.000200
46225 -0.000200
46226 -0.000200
46227 -0.000200
46228 -0.000200
46230 -0.000200
46231 -0.000200
46232 -0.000200
46233 -0.000200
46234 -0.000200
46235 -0.000200
46236 -0.000200
46237 -0.000200
46238 -0.000200
46239 -0.000200
46240 -0.000200
46241 -0.000200
46242 -0.000200
46243 -0.000200
46244 -0.000200
46245 -0.000200
46246 -0.000200
46247 -0.000200
46248 -0.000200
46249 -0.000200
46250 -0.000200
46251 -0.000200
46252 -0.000200
46253 -0.000200
46254 -0.000200
46257 -0.000200
46258 -0.000201
46259 -0.000200
46260 -0.000200
46261 -0.000200
46262 -0.000200
46263 -0.000200
46264 -0.000200
46265 -0.000200
46266 -0.000200
46267 -0.000200
46268 -0.000200
46269 -0.000200
46270 -0.000200
46271 -0.000200
46272 -0.000200
46273 -0.000200
46274 -0.000200
46275 -0.000200
46276 -0.000200
46277 -0.000200
46278 -0.000200
46279 -0.000200
46280 -0.000200
46281 -0.000200
46283 -0.000200
46284 -0.000201
46285 -0.000200
46286 -0.000200
46287 -0.000200
46288 -0.000200
46289 -0.000200
46290 -0.000200
46291 -0.000200
46292 -0.000200
46293 -0.000200
46295 -0.000198
46296 -0.000201
46297 -0.000201
46298 -0.000200
46299 -0.000200
46300 -0.000200
46301 -0.000200
46302 -0.000200
46303 -0.000200
46304 -0.000200
46306 -0.000196
46307 -0.000200
46308 -0.000200
46309 -0.000200
46310 -0.000200
46311 -0.000200
46312 -0.000200
46313 -0.000200
46315 -0.000198
46316 -0.000199
46317 -0.000200
46318 -0.000200
46319 -0.000200
46320 -0.000200
46321 -0.000200
46322 -0.000200
46323 -0.000200
46324 -0.000200
46325 -0.000200
46326 -0.000200
46327 -0.000200
46328 -0.000200
46329 -0.000200
46330 -0.000200
46331 -0.000200
46332 -0.000200
46334 -0.000200
46335 -0.000199
46336 -0.000200
46337 -0.000200
46338 -0.000200
46339 -0.000200
46340 -0.000200
46341 -0.000200
46342 -0.000200
46344 -0.000202
46345 -0.000200
46347 -0.000201
46348 -0.000200
46349 -0.000200
46350 -0.000200
46351 -0.000200
46352 -0.000200
46353 -0.000200
46354 -0.000200
46355 -0.000200
46356 -0.000200
46357 -0.000200
46358 -0.000200
46359 -0.000200
46360 -0.000200
46362 -0.000199
46363 -0.000200
46364 -0.000200
46365 -0.000200
46366 -0.000200
46367 -0.000200
46368 -0.000200
46369 -0.000200
46370 -0.000200
46371 -0.000200
46372 -0.000200
46373 -0.000200
46374 -0.000200
46375 -0.000200
46376 -0.000200
46378 -0.000200
46380 -0.000198
46381 -0.000199
46382 -0.000200
46383 -0.000200
46384 -0.000200
46385 -0.000200
46387 -0.000201
46388 -0.000199
46389 -0.000200
46390 -0.000200
46391 -0.000200
46393 -0.000196
46394 -0.000199
46395 -0.000200
46396 -0.000200
46397 -0.000200
46398 -0.000200
46399 -0.000200
46400 -0.000200
46401 -0.000200
46402 -0.000200
46403 -0.000200
46404 -0.000200
46405 -0.000200
46406 -0.000200
46407 -0.000200
46409 -0.000197
46410 -0.000200
46411 -0.000200
46412 -0.000200
46413 -0.000200
46414 -0.000200
46415 -0.000200
46416 -0.000200
46418 -0.000203
46419 -0.000200
46420 -0.000200
46421 -0.000200
46422 -0.000200
46423 -0.000200
46424 -0.000200
46425 -0.000200
46426 -0.000200
46427 -0.000200
46428 -0.000200
46429 -0.000200
46430 -0.000200
46431 -0.000200
46432 -0.000200
46433 -0.000200
46434 -0.000200
46435 -0.000200
46436 -0.000200
46437 -0.000200
46438 -0.000200
46439 -0.000200
46441 -0.000199
46445 -0.000201
46446 -0.000199
46447 -0.000200
46449 -0.000201
46450 -0.000200
46451 -0.000200
46452 -0.000200
46453 -0.000200
46454 -0.000200
46455 -0.000200
46456 -0.000200
46457 -0.000200
46459 -0.000202
46460 -0.000199
46461 -0.000200
46462 -0.000200
46463 -0.000200
46464 -0.000200
46466 -0.000197
46467 -0.000200
46468 -0.000199
46469 -0.000200
46470 -0.000200
46471 -0.000200
46472 -0.000200
46473 -0.000200
46474 -0.000200
46475 -0.000200
46476 -0.000200
46477 -0.000200
46478 -0.000200
46479 -0.000200
46480 -0.000200
46481 -0.000200
46482 -0.000200
46484 -0.000202
46485 -0.000200
46486 -0.000199
46488 -0.000199
46489 -0.000199
46490 -0.000199
46492 -0.000200
46493 -0.000199
46494 -0.000199
46495 -0.000199
46496 -0.000199
46497 -0.000199
46498 -0.000199
46499 -0.000199
46500 -0.000199
46502 -0.000198
46503 -0.000199
46504 -0.000199
46505 -0.000199
46506 -0.000199
46507 -0.000199
46508 -0.000199
46509 -0.000199
46510 -0.000199
46511 -0.000199
46512 -0.000199
46513 -0.000199
46514 -0.000199
46515 -0.000199
46516 -0.000199
46517 -0.000199
46518 -0.000199
46519 -0.000199
46520 -0.000199
46521 -0.000199
46522 -0.000199
46523 -0.000199
46524 -0.000199
46525 -0.000199
46526 -0.000199
46527 -0.000199
46528 -0.000199
46529 -0.000199
46530 -0.000199
46531 -0.000199
46532 -0.000199
46533 -0.000199
46536 -0.000201
46537 -0.000199
46538 -0.000200
46539 -0.000199
46540 -0.000199
46541 -0.000199
46542 -0.000199
46543 -0.000199
46544 -0.000199
46545 -0.000199
46546 -0.000199
46547 -0.000199
46548 -0.000199
46549 -0.000199
46550 -0.000199
46551 -0.000199
46552 -0.000199
46553 -0.000199
46555 -0.000201
46557 -0.000199
46558 -0.000199
46559 -0.000199
46560 -0.000199
46561 -0.000199
46562 -0.000199
46563 -0.000199
46564 -0.000199
46566 -0.000201
46567 -0.000199
46568 -0.000199
46569 -0.000199
46570 -0.000199
46571 -0.000199
46572 -0.000199
46573 -0.000199
46574 -0.000199
46575 -0.000199
46576 -0.000199
46577 -0.000199
46579 -0.000201
46582 -0.000198
46583 -0.000199
46584 -0.000199
46585 -0.000199
46586 -0.000199
46587 -0.000199
46588 -0.000199
46589 -0.000199
46590 -0.000199
46591 -0.000199
46592 -0.000199
46593 -0.000199
46595 -0.000200
46596 -0.000199
46597 -0.000199
46598 -0.000199
46599 -0.000199
46600 -0.000199
46601 -0.000199
46602 -0.000199
46604 -0.000200
46605 -0.000199
46606 -0.000199
46607 -0.000199
46608 -0.000199
46609 -0.000199
46610 -0.000199
46611 -0.000199
46612 -0.000199
46613 -0.000199
46614 -0.000199
46615 -0.000199
46616 -0.000199
46617 -0.000199
46618 -0.000199
46621 -0.000201
46622 -0.000199
46623 -0.000199
46624 -0.000199
46625 -0.000199
46627 -0.000199
46628 -0.000199
46629 -0.000200
46631 -0.000200
46632 -0.000199
46634 -0.000197
46635 -0.000200
46636 -0.000199
46637 -0.000199
46638 -0.000199
46640 -0.000199
46641 -0.000199
46642 -0.000199
46643 -0.000199
46645 -0.000201
46646 -0.000199
46647 -0.000199
46648 -0.000199
46649 -0.000199
46650 -0.000199
46651 -0.000199
46652 -0.000199
46654 -0.000199
46655 -0.000197
46656 -0.000199
46657 -0.000199
46658 -0.000199
46659 -0.000199
46660 -0.000199
46662 -0.000199
46664 -0.000196
46665 -0.000199
46666 -0.000199
46667 -0.000199
46668 -0.000199
46669 -0.000199
46670 -0.000199
46671 -0.000199
46672 -0.000199
46673 -0.000199
46674 -0.000199
46675 -0.000199
46676 -0.000199
46677 -0.000199
46678 -0.000199
46681 -0.000197
46683 -0.000199
46684 -0.000199
46686 -0.000199
46687 -0.000201
46688 -0.000199
46689 -0.000199
46690 -0.000199
46691 -0.000199
46692 -0.000199
46693 -0.000199
46694 -0.000199
46695 -0.000199
46696 -0.000199
46697 -0.000199
46700 -0.000197
46702 -0.000199
46703 -0.000199
46704 -0.000199
46705 -0.000199
46706 -0.000199
46707 -0.000199
46708 -0.000199
46709 -0.000199
46710 -0.000199
46711 -0.000199
46712 -0.000199
46713 -0.000199
46714 -0.000199
46717 -0.000198
46718 -0.000199
46719 -0.000199
46720 -0.000199
46721 -0.000199
46722 -0.000199
46723 -0.000199
46724 -0.000199
46725 -0.000199
46727 -0.000201
46728 -0.000199
46729 -0.000199
46730 -0.000199
46731 -0.000199
46732 -0.000199
46733 -0.000199
46734 -0.000199
46735 -0.000199
46736 -0.000199
46737 -0.000199
46738 -0.000199
46740 -0.000198
46741 -0.000199
46742 -0.000199
46743 -0.000199
46744 -0.000199
46745 -0.000199
46746 -0.000199
46747 -0.000199
46748 -0.000199
46749 -0.000199
46750 -0.000199
46751 -0.000199
46752 -0.000199
46753 -0.000199
46754 -0.000199
46756 -0.000198
46757 -0.000199
46758 -0.000198
46759 -0.000199
46760 -0.000199
46761 -0.000199
46762 -0.000199
46763 -0.000199
46764 -0.000199
46765 -0.000199
46766 -0.000199
46767 -0.000199
46769 -0.000199
46770 -0.000198
46771 -0.000199
46772 -0.000199
46773 -0.000199
46774 -0.000199
46775 -0.000199
46776 -0.000199
46777 -0.000199
46778 -0.000199
46780 -0.000197
46781 -0.000199
46782 -0.000198
46783 -0.000198
46784 -0.000199
46785 -0.000199
46786 -0.000199
46787 -0.000199
46788 -0.000199
46789 -0.000199
46790 -0.000199
46791 -0.000199
46792 -0.000199
46793 -0.000199
46794 -0.000199
46795 -0.000199
46796 -0.000199
46797 -0.000199
46798 -0.000199
46799 -0.000199
46800 -0.000199
46801 -0.000199
46803 -0.000198
46805 -0.000198
46806 -0.000199
46808 -0.000197
46809 -0.000199
46811 -0.000198
46812 -0.000199
46813 -0.000199
46814 -0.000198
46815 -0.000199
46816 -0.000199
46817 -0.000199
46818 -0.000199
46820 -0.000199
46821 -0.000199
46822 -0.000198
46823 -0.000199
46824 -0.000198
46825 -0.000199
46826 -0.000198
46827 -0.000198
46828 -0.000198
46829 -0.000198
46830 -0.000198
46831 -0.000198
46832 -0.000198
46833 -0.000198
46834 -0.000198
46835 -0.000198
46836 -0.000198
46837 -0.000198
46838 -0.000198
46839 -0.000198
46840 -0.000198
46841 -0.000198
46842 -0.000198
46844 -0.000198
46845 -0.000198
46846 -0.000198
46847 -0.000198
46848 -0.000198
46849 -0.000198
46850 -0.000198
46851 -0.000198
46852 -0.000198
46854 -0.000199
46855 -0.000199
46856 -0.000199
46857 -0.000198
46858 -0.000198
46859 -0.000198
46860 -0.000198
46862 -0.000198
46863 -0.000199
46864 -0.000198
46865 -0.000198
46866 -0.000198
46867 -0.000198
46868 -0.000198
46869 -0.000198
46870 -0.000198
46871 -0.000198
46872 -0.000198
46873 -0.000198
46874 -0.000198
46875 -0.000198
46876 -0.000198
46877 -0.000198
46878 -0.000198
46879 -0.000198
46880 -0.000198
46881 -0.000198
46882 -0.000198
46883 -0.000198
46884 -0.000198
46885 -0.000198
46886 -0.000198
46887 -0.000198
46888 -0.000198
46889 -0.000198
46890 -0.000198
46891 -0.000198
46892 -0.000198
46893 -0.000198
46895 -0.000201
46896 -0.000198
46897 -0.000198
46898 -0.000198
46899 -0.000198
46900 -0.000198
46901 -0.000198
46902 -0.000198
46903 -0.000198
46904 -0.000198
46905 -0.000198
46906 -0.000198
46907 -0.000198
46909 -0.000200
46910 -0.000198
46912 -0.000197
46913 -0.000199
46914 -0.000198
46915 -0.000198
46917 -0.000195
46918 -0.000198
46920 -0.000197
46921 -0.000199
46922 -0.000198
46923 -0.000198
46924 -0.000198
46925 -0.000198
46926 -0.000198
46927 -0.000198
46928 -0.000198
46929 -0.000198
46931 -0.000202
46932 -0.000198
46933 -0.000198
46934 -0.000198
46935 -0.000198
46936 -0.000198
46937 -0.000198
46938 -0.000198
46939 -0.000198
46940 -0.000198
46941 -0.000198
46942 -0.000198
46943 -0.000198
46944 -0.000198
46945 -0.000198
46946 -0.000198
46947 -0.000198
46948 -0.000198
46950 -0.000200
46952 -0.000200
46953 -0.000198
46954 -0.000197
46955 -0.000198
46956 -0.000198
46957 -0.000198
46958 -0.000198
46959 -0.000198
46960 -0.000198
46961 -0.000198
46962 -0.000198
46963 -0.000198
46964 -0.000198
46966 -0.000197
46967 -0.000198
46968 -0.000199
46969 -0.000198
46971 -0.000198
46972 -0.000199
46973 -0.000198
46974 -0.000198
46975 -0.000198
46976 -0.000198
46977 -0.000198
46978 -0.000198
46979 -0.000198
46980 -0.000198
46981 -0.000198
46982 -0.000198
46984 -0.000198
46985 -0.000198
46987 -0.000196
46988 -0.000197
46989 -0.000198
46990 -0.000198
46991 -0.000198
46992 -0.000198
46993 -0.000198
46994 -0.000198
46995 -0.000198
46996 -0.000198
46997 -0.000198
46998 -0.000198
46999 -0.000198
47001 -0.000195
47002 -0.000198
47003 -0.000198
47004 -0.000198
47005 -0.000198
47006 -0.000198
47007 -0.000198
47008 -0.000198
47009 -0.000198
47010 -0.000198
47011 -0.000198
47012 -0.000198
47014 -0.000198
47015 -0.000199
47016 -0.000199
47017 -0.000198
47018 -0.000198
47020 -0.000199
47021 -0.000198
47022 -0.000198
47023 -0.000198
47024 -0.000198
47025 -0.000198
47027 -0.000196
47028 -0.000198
47029 -0.000198
47030 -0.000198
47031 -0.000198
47032 -0.000198
47034 -0.000199
47035 -0.000198
47036 -0.000198
47037 -0.000198
47038 -0.000198
47040 -0.000197
47041 -0.000198
47042 -0.000198
47043 -0.000198
47044 -0.000198
47045 -0.000198
47046 -0.000198
47047 -0.000198
47048 -0.000198
47049 -0.000198
47050 -0.000198
47051 -0.000198
47052 -0.000198
47053 -0.000198
47054 -0.000198
47055 -0.000198
47056 -0.000198
47057 -0.000198
47058 -0.000198
47059 -0.000198
47060 -0.000198
47061 -0.000198
47062 -0.000198
47063 -0.000198
47064 -0.000198
47065 -0.000198
47067 -0.000200
47069 -0.000197
47070 -0.000199
47071 -0.000198
47072 -0.000198
47073 -0.000198
47074 -0.000198
47075 -0.000198
47076 -0.000198
47077 -0.000198
47078 -0.000198
47079 -0.000198
47080 -0.000198
47081 -0.000198
47082 -0.000198
47083 -0.000198
47084 -0.000198
47085 -0.000198
47086 -0.000198
47087 -0.000198
47088 -0.000198
47089 -0.000198
47091 -0.000196
47092 -0.000198
47093 -0.000198
47094 -0.000198
47095 -0.000198
47096 -0.000198
47097 -0.000198
47098 -0.000198
47099 -0.000198
47100 -0.000198
47101 -0.000198
47102 -0.000198
47103 -0.000198
47104 -0.000198
47106 -0.000201
47107 -0.000198
47108 -0.000197
47109 -0.000198
47110 -0.000198
47111 -0.000198
47112 -0.000198
47113 -0.000198
47114 -0.000198
47115 -0.000198
47116 -0.000198
47117 -0.000198
47118 -0.000198
47119 -0.000198
47120 -0.000198
47121 -0.000198
47122 -0.000198
47123 -0.000198
47124 -0.000198
47125 -0.000198
47126 -0.000198
47127 -0.000198
47128 -0.000198
47129 -0.000198
47130 -0.000198
47131 -0.000198
47132 -0.000198
47133 -0.000198
47134 -0.000198
47135 -0.000198
47136 -0.000198
47137 -0.000198
47138 -0.000198
47139 -0.000198
47140 -0.000198
47142 -0.000197
47143 -0.000198
47144 -0.000198
47145 -0.000198
47146 -0.000198
47147 -0.000198
47148 -0.000198
47149 -0.000198
47151 -0.000196
47152 -0.000197
47153 -0.000198
47154 -0.000198
47155 -0.000198
47156 -0.000198
47157 -0.000198
47158 -0.000198
47159 -0.000198
47160 -0.000198
47162 -0.000199
47163 -0.000198
47164 -0.000198
47165 -0.000198
47166 -0.000198
47167 -0.000198
47168 -0.000198
47169 -0.000198
47170 -0.000198
47171 -0.000198
47172 -0.000198
47173 -0.000198
47174 -0.000198
47175 -0.000198
47176 -0.000198
47177 -0.000198
47180 -0.000196
47181 -0.000199
47182 -0.000198
47183 -0.000198
47184 -0.000198
47185 -0.000198
47186 -0.000198
47187 -0.000198
47188 -0.000198
47189 -0.000198
47190 -0.000198
47191 -0.000198
47193 -0.000195
47194 -0.000198
47195 -0.000198
47196 -0.000198
47197 -0.000198
47198 -0.000198
47199 -0.000198
47200 -0.000198
47201 -0.000198
47202 -0.000198
47203 -0.000198
47204 -0.000198
47205 -0.000198
47206 -0.000198
47207 -0.000198
47208 -0.000198
47209 -0.000198
47210 -0.000198
47211 -0.000198
47213 -0.000198
47214 -0.000198
47216 -0.000196
47217 -0.000198
47218 -0.000198
47219 -0.000198
47220 -0.000198
47221 -0.000198
47222 -0.000198
47223 -0.000198
47224 -0.000198
47225 -0.000198
47226 -0.000198
47227 -0.000198
47228 -0.000198
47229 -0.000198
47230 -0.000198
47231 -0.000198
47232 -0.000198
47233 -0.000198
47234 -0.000198
47235 -0.000198
47237 -0.000201
47238 -0.000198
47239 -0.000198
47240 -0.000198
47242 -0.000198
47243 -0.000197
47244 -0.000198
47245 -0.000198
47246 -0.000198
47247 -0.000198
47248 -0.000198
47249 -0.000198
47251 -0.000200
47252 -0.000198
47253 -0.000198
47254 -0.000198
47255 -0.000198
47256 -0.000198
47257 -0.000198
47258 -0.000198
47259 -0.000198
47260 -0.000198
47261 -0.000198
47262 -0.000198
47263 -0.000198
47264 -0.000198
47265 -0.000198
47266 -0.000198
47267 -0.000198
47268 -0.000198
47269 -0.000198
47270 -0.000198
47271 -0.000198
47272 -0.000198
47273 -0.000198
47274 -0.000198
47275 -0.000198
47276 -0.000198
47277 -0.000198
47278 -0.000198
47279 -0.000198
47280 -0.000198
47281 -0.000198
47282 -0.000198
47283 -0.000198
47285 -0.000197
47286 -0.000198
47287 -0.000198
47288 -0.000198
47289 -0.000198
47290 -0.000198
47291 -0.000198
47292 -0.000198
47293 -0.000198
47294 -0.000198
47295 -0.000198
47296 -0.000198
47297 -0.000198
47298 -0.000198
47299 -0.000198
47300 -0.000198
47301 -0.000198
47302 -0.000198
47303 -0.000198
47304 -0.000198
47305 -0.000198
47306 -0.000198
47307 -0.000198
47308 -0.000198
47309 -0.000198
47310 -0.000198
47311 -0.000198
47312 -0.000198
47313 -0.000198
47314 -0.000198
47315 -0.000198
47316 -0.000198
47317 -0.000198
47318 -0.000198
47319 -0.000198
47320 -0.000198
47321 -0.000198
47322 -0.000198
47323 -0.000198
47324 -0.000198
47325 -0.000198
47326 -0.000198
47327 -0.000198
47328 -0.000198
47329 -0.000198
47330 -0.000198
47331 -0.000198
47333 -0.000199
47334 -0.000198
47335 -0.000198
47336 -0.000198
47337 -0.000198
47338 -0.000198
47339 -0.000198
47340 -0.000198
47341 -0.000198
47342 -0.000198
47343 -0.000198
47344 -0.000198
47345 -0.000198
47346 -0.000198
47347 -0.000198
47348 -0.000198
47349 -0.000198
47351 -0.000195
47352 -0.000197
47353 -0.000198
47354 -0.000198
47355 -0.000198
47356 -0.000198
47357 -0.000198
47358 -0.000198
47359 -0.000198
47361 -0.000195
47362 -0.000197
47363 -0.000197
47364 -0.000197
47365 -0.000198
47366 -0.000198
47367 -0.000198
47368 -0.000198
47370 -0.000197
47371 -0.000197
47372 -0.000198
47373 -0.000197
47374 -0.000198
47375 -0.000198
47378 -0.000197
47379 -0.000197
47380 -0.000197
47381 -0.000198
47382 -0.000198
47383 -0.000197
47384 -0.000197
47385 -0.000197
47386 -0.000197
47387 -0.000197
47390 -0.000196
47391 -0.000197
47392 -0.000197
47393 -0.000197
47394 -0.000197
47396 -0.000198
47397 -0.000197
47399 -0.000197
47400 -0.000198
47402 -0.000199
47403 -0.000198
47404 -0.000197
47406 -0.000197
47407 -0.000197
47408 -0.000197
47409 -0.000197
47410 -0.000197
47411 -0.000197
47412 -0.000197
47413 -0.000197
47415 -0.000196
47416 -0.000197
47417 -0.000197
47419 -0.000197
47420 -0.000197
47421 -0.000197
47422 -0.000197
47423 -0.000197
47424 -0.000197
47425 -0.000197
47426 -0.000197
47427 -0.000197
47428 -0.000197
47429 -0.000197
47431 -0.000198
47432 -0.000197
47433 -0.000197
47434 -0.000197
47435 -0.000197
47436 -0.000197
47437 -0.000197
47438 -0.000197
47439 -0.000197
47440 -0.000197
47441 -0.000197
47442 -0.000197
47444 -0.000198
47445 -0.000197
47446 -0.000197
47448 -0.000199
47449 -0.000197
47450 -0.000197
47451 -0.000197
47452 -0.000197
47453 -0.000197
47454 -0.000197
47456 -0.000196
47457 -0.000197
47458 -0.000198
47459 -0.000197
47460 -0.000197
47461 -0.000197
47462 -0.000197
47463 -0.000197
47464 -0.000197
47465 -0.000197
47466 -0.000197
47467 -0.000197
47468 -0.000197
47469 -0.000197
47470 -0.000197
47471 -0.000197
47474 -0.000199
47475 -0.000197
47476 -0.000197
47477 -0.000197
47478 -0.000197
47479 -0.000197
47480 -0.000197
47481 -0.000197
47482 -0.000197
47483 -0.000197
47484 -0.000197
47485 -0.000197
47487 -0.000196
47488 -0.000197
47489 -0.000197
47490 -0.000197
47491 -0.000197
47492 -0.000197
47493 -0.000197
47494 -0.000197
47495 -0.000197
47496 -0.000197
47497 -0.000197
47498 -0.000197
47499 -0.000197
47500 -0.000197
47501 -0.000197
47502 -0.000197
47503 -0.000197
47504 -0.000197
47505 -0.000197
47506 -0.000197
47507 -0.000197
47508 -0.000197
47510 -0.000196
47511 -0.000198
47512 -0.000197
47513 -0.000197
47514 -0.000197
47515 -0.000197
47516 -0.000197
47517 -0.000197
47518 -0.000197
47520 -0.000196
47521 -0.000198
47522 -0.000198
47523 -0.000197
47524 -0.000197
47525 -0.000197
47526 -0.000197
47527 -0.000197
47528 -0.000197
47529 -0.000197
47530 -0.000197
47532 -0.000199
47533 -0.000197
47534 -0.000197
47535 -0.000197
47537 -0.000197
47538 -0.000198
47539 -0.000197
47540 -0.000197
47541 -0.000197
47542 -0.000197
47543 -0.000197
47544 -0.000197
47545 -0.000197
47546 -0.000197
47547 -0.000197
47548 -0.000197
47549 -0.000197
47550 -0.000197
47551 -0.000197
47552 -0.000197
47553 -0.000197
47554 -0.000197
47556 -0.000203
47557 -0.000197
47558 -0.000197
47559 -0.000197
47560 -0.000197
47561 -0.000197
47562 -0.000197
47563 -0.000197
47564 -0.000197
47565 -0.000197
47566 -0.000197
47567 -0.000197
47568 -0.000197
47569 -0.000197
47570 -0.000197
47571 -0.000197
47572 -0.000197
47573 -0.000197
47574 -0.000197
47575 -0.000197
47576 -0.000197
47577 -0.000197
47579 -0.000195
47580 -0.000197
47581 -0.000197
47582 -0.000197
47583 -0.000197
47584 -0.000197
47585 -0.000197
47586 -0.000197
47587 -0.000197
47588 -0.000197
47589 -0.000197
47590 -0.000197
47591 -0.000197
47592 -0.000197
47593 -0.000197
47594 -0.000197
47596 -0.000199
47597 -0.000196
47598 -0.000197
47599 -0.000197
47601 -0.000196
47603 -0.000194
47604 -0.000197
47605 -0.000197
47606 -0.000197
47607 -0.000197
47608 -0.000197
47609 -0.000197
47610 -0.000197
47611 -0.000197
47612 -0.000197
47613 -0.000197
47614 -0.000197
47615 -0.000197
47616 -0.000197
47618 -0.000200
47619 -0.000197
47620 -0.000197
47621 -0.000197
47622 -0.000197
47623 -0.000197
47624 -0.000197
47625 -0.000197
47628 -0.000194
47629 -0.000196
47631 -0.000199
47632 -0.000197
47633 -0.000196
47634 -0.000197
47635 -0.000197
47636 -0.000197
47637 -0.000197
47638 -0.000197
47639 -0.000197
47640 -0.000197
47641 -0.000197
47642 -0.000197
47643 -0.000197
47644 -0.000197
47645 -0.000197
47646 -0.000197
47647 -0.000197
47648 -0.000197
47649 -0.000197
47650 -0.000197
47651 -0.000197
47652 -0.000197
47653 -0.000197
47654 -0.000197
47655 -0.000197
47656 -0.000197
47657 -0.000197
47658 -0.000197
47659 -0.000197
47660 -0.000197
47661 -0.000197
47662 -0.000197
47663 -0.000197
47664 -0.000197
47665 -0.000197
47666 -0.000197
47668 -0.000198
47669 -0.000197
47670 -0.000197
47671 -0.000197
47672 -0.000197
47673 -0.000197
47674 -0.000197
47675 -0.000197
47676 -0.000197
47677 -0.000197
47678 -0.000197
47679 -0.000197
47680 -0.000197
47681 -0.000197
47682 -0.000197
47683 -0.000197
47685 -0.000199
47686 -0.000197
47688 -0.000201
47689 -0.000197
47690 -0.000197
47691 -0.000197
47692 -0.000197
47693 -0.000197
47694 -0.000197
47695 -0.000197
47696 -0.000197
47697 -0.000197
47699 -0.000197
47700 -0.000197
47701 -0.000197
47702 -0.000197
47703 -0.000197
47704 -0.000197
47705 -0.000197
47706 -0.000197
47707 -0.000197
47708 -0.000197
47709 -0.000197
47711 -0.000196
47713 -0.000199
47717 -0.000197
47718 -0.000197
47719 -0.000196
47720 -0.000197
47721 -0.000197
47722 -0.000197
47723 -0.000197
47724 -0.000197
47725 -0.000197
47726 -0.000197
47727 -0.000197
47728 -0.000197
47729 -0.000197
47730 -0.000197
47731 -0.000197
47732 -0.000197
47733 -0.000197
47734 -0.000197
47735 -0.000197
47736 -0.000197
47737 -0.000197
47738 -0.000197
47739 -0.000197
47740 -0.000197
47741 -0.000197
47742 -0.000197
47743 -0.000197
47744 -0.000197
47745 -0.000197
47746 -0.000197
47748 -0.000195
47749 -0.000197
47750 -0.000197
47751 -0.000197
47752 -0.000197
47753 -0.000197
47756 -0.000195
47757 -0.000196
47759 -0.000198
47760 -0.000197
47761 -0.000197
47762 -0.000197
47764 -0.000196
47765 -0.000197
47766 -0.000197
47767 -0.000196
47768 -0.000197
47769 -0.000197
47770 -0.000197
47771 -0.000197
47772 -0.000197
47773 -0.000197
47774 -0.000197
47775 -0.000197
47776 -0.000197
47777 -0.000197
47778 -0.000197
47780 -0.000195
47781 -0.000197
47782 -0.000196
47783 -0.000197
47784 -0.000196
47785 -0.000196
47787 -0.000197
47788 -0.000196
47789 -0.000196
47790 -0.000196
47791 -0.000196
47792 -0.000196
47793 -0.000196
47794 -0.000196
47795 -0.000196
47796 -0.000196
47797 -0.000196
47798 -0.000196
47800 -0.000194
47802 -0.000199
47803 -0.000196
47804 -0.000197
47805 -0.000197
47806 -0.000196
47809 -0.000195
47810 -0.000196
47811 -0.000196
47812 -0.000197
47813 -0.000196
47814 -0.000196
47815 -0.000196
47816 -0.000196
47817 -0.000196
47818 -0.000196
47819 -0.000196
47820 -0.000196
47821 -0.000196
47822 -0.000196
47823 -0.000196
47824 -0.000196
47825 -0.000196
47826 -0.000196
47827 -0.000196
47828 -0.000196
47830 -0.000199
47831 -0.000196
47833 -0.000196
47834 -0.000195
47835 -0.000197
47836 -0.000196
47837 -0.000196
47838 -0.000196
47839 -0.000196
47840 -0.000196
47841 -0.000196
47842 -0.000196
47844 -0.000194
47845 -0.000196
47846 -0.000196
47847 -0.000196
47848 -0.000196
47849 -0.000196
47850 -0.000196
47851 -0.000196
47852 -0.000196
47853 -0.000196
47854 -0.000196
47855 -0.000196
47856 -0.000196
47857 -0.000196
47858 -0.000196
47859 -0.000196
47860 -0.000196
47861 -0.000196
47862 -0.000196
47863 -0.000196
47864 -0.000196
47865 -0.000196
47867 -0.000195
47868 -0.000196
47870 -0.000197
47871 -0.000197
47872 -0.000196
47873 -0.000196
47875 -0.000196
47876 -0.000196
47877 -0.000196
47878 -0.000196
47879 -0.000196
47880 -0.000196
47881 -0.000196
47882 -0.000196
47883 -0.000196
47884 -0.000196
47885 -0.000196
47886 -0.000196
47887 -0.000196
47889 -0.000197
47890 -0.000196
47891 -0.000196
47892 -0.000196
47893 -0.000196
47894 -0.000196
47895 -0.000196
47896 -0.000196
47897 -0.000196
47898 -0.000196
47899 -0.000196
47900 -0.000196
47901 -0.000196
47902 -0.000196
47903 -0.000196
47904 -0.000196
47905 -0.000196
47907 -0.000198
47908 -0.000196
47909 -0.000196
47910 -0.000196
47911 -0.000196
47912 -0.000196
47913 -0.000196
47914 -0.000196
47915 -0.000196
47916 -0.000196
47917 -0.000196
47918 -0.000196
47919 -0.000196
47920 -0.000196
47921 -0.000196
47922 -0.000196
47923 -0.000196
47924 -0.000196
47925 -0.000196
47926 -0.000196
47928 -0.000198
47929 -0.000196
47930 -0.000196
47931 -0.000196
47932 -0.000196
47933 -0.000196
47934 -0.000196
47935 -0.000196
47936 -0.000196
47937 -0.000196
47938 -0.000196
47939 -0.000196
47940 -0.000196
47941 -0.000196
47942 -0.000196
47943 -0.000196
47944 -0.000196
47945 -0.000196
47946 -0.000196
47947 -0.000196
47948 -0.000196
47949 -0.000196
47950 -0.000196
47951 -0.000196
47952 -0.000196
47953 -0.000196
47954 -0.000196
47955 -0.000196
47956 -0.000196
47957 -0.000196
47958 -0.000196
47959 -0.000196
47960 -0.000196
47961 -0.000196
47962 -0.000196
47963 -0.000196
47964 -0.000196
47965 -0.000196
47966 -0.000196
47967 -0.000196
47968 -0.000196
47970 -0.000197
47971 -0.000196
47972 -0.000196
47973 -0.000196
47974 -0.000196
47975 -0.000196
47976 -0.000196
47977 -0.000196
47978 -0.000196
47979 -0.000196
47980 -0.000196
47981 -0.000196
47983 -0.000194
47984 -0.000196
47985 -0.000196
47986 -0.000196
47987 -0.000196
47988 -0.000196
47989 -0.000196
47991 -0.000195
47992 -0.000196
47993 -0.000196
47994 -0.000196
47995 -0.000196
47996 -0.000196
47997 -0.000196
47998 -0.000196
47999 -0.000196
48000 -0.000196
48001 -0.000196
48002 -0.000196
48003 -0.000196
48004 -0.000196
48005 -0.000196
48006 -0.000196
48007 -0.000196
48008 -0.000196
48009 -0.000196
48010 -0.000196
48011 -0.000196
48012 -0.000196
48013 -0.000196
48014 -0.000196
48015 -0.000196
48016 -0.000196
48017 -0.000196
48018 -0.000196
48019 -0.000196
48020 -0.000196
48022 -0.000196
48023 -0.000196
48024 -0.000196
48025 -0.000196
48026 -0.000196
48027 -0.000196
48028 -0.000196
48030 -0.000197
48031 -0.000196
48032 -0.000196
48033 -0.000196
48034 -0.000196
48035 -0.000196
48036 -0.000196
48037 -0.000196
48038 -0.000196
48039 -0.000196
48040 -0.000196
48041 -0.000196
48042 -0.000196
48043 -0.000196
48044 -0.000196
48045 -0.000196
48046 -0.000196
48047 -0.000196
48048 -0.000196
48049 -0.000196
48050 -0.000196
48052 -0.000197
48053 -0.000196
48054 -0.000196
48055 -0.000196
48056 -0.000196
48057 -0.000196
48058 -0.000196
48059 -0.000196
48060 -0.000196
48062 -0.000194
48063 -0.000196
48064 -0.000196
48065 -0.000196
48066 -0.000196
48068 -0.000196
48069 -0.000196
48070 -0.000196
48071 -0.000196
48072 -0.000196
48073 -0.000196
48074 -0.000196
48077 -0.000197
48078 -0.000196
48079 -0.000196
48081 -0.000198
48082 -0.000196
48083 -0.000196
48084 -0.000196
48085 -0.000196
48086 -0.000196
48087 -0.000196
48088 -0.000196
48089 -0.000196
48090 -0.000196
48091 -0.000196
48092 -0.000196
48093 -0.000196
48094 -0.000196
48095 -0.000196
48096 -0.000196
48097 -0.000196
48098 -0.000196
48099 -0.000196
48100 -0.000196
48101 -0.000196
48102 -0.000196
48103 -0.000196
48104 -0.000196
48105 -0.000196
48106 -0.000196
48107 -0.000196
48108 -0.000196
48109 -0.000196
48110 -0.000196
48111 -0.000196
48112 -0.000196
48113 -0.000196
48114 -0.000196
48115 -0.000196
48116 -0.000196
48118 -0.000195
48119 -0.000196
48120 -0.000196
48123 -0.000195
48124 -0.000196
48125 -0.000196
48126 -0.000196
48128 -0.000195
48129 -0.000196
48130 -0.000196
48132 -0.000194
48133 -0.000195
48136 -0.000197
48137 -0.000196
48138 -0.000196
48139 -0.000196
48140 -0.000196
48141 -0.000196
48143 -0.000197
48144 -0.000196
48145 -0.000196
48146 -0.000196
48147 -0.000196
48150 -0.000195
48151 -0.000196
48152 -0.000196
48153 -0.000196
48154 -0.000196
48155 -0.000196
48156 -0.000196
48157 -0.000196
48158 -0.000196
48159 -0.000196
48161 -0.000195
48162 -0.000195
48163 -0.000196
48164 -0.000196
48165 -0.000196
48166 -0.000196
48167 -0.000196
48169 -0.000194
48170 -0.000196
48171 -0.000196
48172 -0.000196
48173 -0.000196
48174 -0.000196
48175 -0.000196
48176 -0.000196
48177 -0.000196
48178 -0.000196
48179 -0.000196
48180 -0.000196
48181 -0.000196
48182 -0.000196
48183 -0.000196
48184 -0.000196
48185 -0.000196
48186 -0.000196
48187 -0.000196
48188 -0.000196
48189 -0.000196
48190 -0.000196
48191 -0.000196
48192 -0.000196
48193 -0.000196
48194 -0.000196
48195 -0.000196
48196 -0.000196
48197 -0.000196
48198 -0.000196
48199 -0.000196
48201 -0.000197
48202 -0.000196
48203 -0.000196
48204 -0.000196
48205 -0.000196
48206 -0.000196
48207 -0.000196
48208 -0.000196
48209 -0.000196
48210 -0.000196
48211 -0.000196
48212 -0.000196
48213 -0.000196
48214 -0.000196
48215 -0.000196
48216 -0.000196
48217 -0.000196
48218 -0.000196
48219 -0.000196
48220 -0.000196
48221 -0.000196
48222 -0.000196
48223 -0.000196
48224 -0.000196
48225 -0.000196
48226 -0.000196
48227 -0.000196
48228 -0.000196
48229 -0.000196
48230 -0.000196
48232 -0.000193
48233 -0.000195
48234 -0.000195
48235 -0.000196
48236 -0.000196
48237 -0.000196
48238 -0.000196
48239 -0.000196
48241 -0.000196
48242 -0.000196
48243 -0.000195
48244 -0.000196
48245 -0.000196
48246 -0.000196
48247 -0.000196
48248 -0.000196
48249 -0.000196
48250 -0.000196
48252 -0.000196
48253 -0.000196
48254 -0.000196
48255 -0.000195
48256 -0.000196
48257 -0.000196
48258 -0.000196
48259 -0.000196
48260 -0.000196
48261 -0.000196
48262 -0.000196
48263 -0.000196
48264 -0.000196
48265 -0.000196
48266 -0.000196
48267 -0.000196
48268 -0.000196
48269 -0.000196
48270 -0.000196
48271 -0.000196
48272 -0.000196
48273 -0.000196
48274 -0.000196
48275 -0.000196
48276 -0.000196
48277 -0.000196
48278 -0.000196
48280 -0.000194
48281 -0.000196
48282 -0.000195
48283 -0.000196
48284 -0.000196
48285 -0.000196
48286 -0.000196
48287 -0.000196
48288 -0.000196
48289 -0.000196
48290 -0.000196
48291 -0.000196
48292 -0.000196
48293 -0.000196
48295 -0.000196
48296 -0.000195
48298 -0.000196
48299 -0.000195
48300 -0.000195
48301 -0.000195
48302 -0.000195
48303 -0.000195
48304 -0.000195
48305 -0.000195
48306 -0.000195
48309 -0.000195
48310 -0.000195
48311 -0.000195
48312 -0.000195
48313 -0.000195
48314 -0.000195
48315 -0.000195
48317 -0.000192
48318 -0.000195
48319 -0.000195
48320 -0.000195
48321 -0.000195
48322 -0.000195
48323 -0.000195
48324 -0.000195
48325 -0.000195
48326 -0.000195
48327 -0.000195
48328 -0.000195
48329 -0.000195
48330 -0.000195
48331 -0.000195
48332 -0.000195
48333 -0.000195
48334 -0.000195
48335 -0.000195
48336 -0.000195
48337 -0.000195
48338 -0.000195
48339 -0.000195
48340 -0.000195
48341 -0.000195
48342 -0.000195
48343 -0.000195
48344 -0.000195
48345 -0.000195
48346 -0.000195
48347 -0.000195
48348 -0.000195
48349 -0.000195
48350 -0.000195
48351 -0.000195
48352 -0.000195
48353 -0.000195
48354 -0.000195
48355 -0.000195
48356 -0.000195
48357 -0.000195
48359 -0.000199
48360 -0.000195
48361 -0.000196
48362 -0.000195
48363 -0.000195
48364 -0.000195
48365 -0.000195
48366 -0.000195
48367 -0.000195
48368 -0.000195
48369 -0.000195
48370 -0.000195
48371 -0.000195
48372 -0.000195
48373 -0.000195
48374 -0.000195
48375 -0.000195
48376 -0.000195
48377 -0.000195
48379 -0.000197
48380 -0.000196
48381 -0.000195
48382 -0.000195
48383 -0.000195
48384 -0.000195
48385 -0.000195
48386 -0.000195
48388 -0.000194
48389 -0.000196
48390 -0.000195
48391 -0.000195
48393 -0.000197
48394 -0.000195
48395 -0.000195
48396 -0.000195
48397 -0.000195
48398 -0.000195
48399 -0.000195
48400 -0.000195
48401 -0.000195
48402 -0.000195
48403 -0.000195
48404 -0.000195
48405 -0.000195
48406 -0.000195
48407 -0.000195
48408 -0.000195
48409 -0.000195
48410 -0.000195
48411 -0.000195
48412 -0.000195
48413 -0.000195
48415 -0.000193
48416 -0.000193
48417 -0.000195
48418 -0.000195
48419 -0.000195
48420 -0.000195
48421 -0.000195
48422 -0.000195
48423 -0.000195
48424 -0.000195
48425 -0.000195
48426 -0.000195
48427 -0.000195
48428 -0.000195
48429 -0.000195
48430 -0.000195
48431 -0.000195
48432 -0.000195
48433 -0.000195
48434 -0.000195
48435 -0.000195
48436 -0.000195
48437 -0.000195
48438 -0.000195
48439 -0.000195
48440 -0.000195
48441 -0.000195
48442 -0.000195
48443 -0.000195
48444 -0.000195
48445 -0.000195
48446 -0.000195
48447 -0.000195
48448 -0.000195
48449 -0.000195
48451 -0.000196
48452 -0.000195
48454 -0.000197
48455 -0.000195
48457 -0.000195
48458 -0.000195
48459 -0.000195
48460 -0.000195
48461 -0.000195
48462 -0.000195
48463 -0.000195
48464 -0.000195
48465 -0.000195
48466 -0.000195
48467 -0.000195
48468 -0.000195
48469 -0.000195
48470 -0.000195
48471 -0.000195
48472 -0.000195
48473 -0.000195
48474 -0.000195
48475 -0.000195
48477 -0.000196
48478 -0.000195
48479 -0.000195
48480 -0.000195
48481 -0.000195
48482 -0.000195
48483 -0.000195
48484 -0.000195
48485 -0.000195
48486 -0.000195
48487 -0.000195
48488 -0.000195
48489 -0.000195
48490 -0.000195
48491 -0.000195
48492 -0.000195
48493 -0.000195
48494 -0.000195
48495 -0.000195
48496 -0.000195
48497 -0.000195
48498 -0.000195
48500 -0.000196
48501 -0.000195
48502 -0.000195
48503 -0.000195
48505 -0.000194
48507 -0.000190
48508 -0.000195
48509 -0.000195
48510 -0.000195
48512 -0.000193
48513 -0.000195
48514 -0.000195
48515 -0.000195
48516 -0.000195
48517 -0.000195
48518 -0.000195
48519 -0.000195
48520 -0.000195
48521 -0.000195
48522 -0.000195
48523 -0.000195
48524 -0.000195
48525 -0.000195
48526 -0.000195
48527 -0.000195
48528 -0.000195
48529 -0.000195
48530 -0.000195
48531 -0.000195
48532 -0.000195
48533 -0.000195
48534 -0.000195
48536 -0.000195
48537 -0.000195
48538 -0.000195
48539 -0.000195
48540 -0.000195
48541 -0.000195
48542 -0.000195
48543 -0.000195
48544 -0.000195
48545 -0.000195
48546 -0.000195
48547 -0.000195
48548 -0.000195
48549 -0.000195
48551 -0.000195
48552 -0.000195
48553 -0.000195
48554 -0.000195
48555 -0.000195
48556 -0.000195
48557 -0.000195
48558 -0.000195
48559 -0.000195
48560 -0.000195
48561 -0.000195
48562 -0.000195
48563 -0.000195
48564 -0.000195
48565 -0.000195
48566 -0.000195
48567 -0.000195
48568 -0.000195
48569 -0.000195
48571 -0.000197
48572 -0.000195
48573 -0.000195
48574 -0.000195
48575 -0.000195
48576 -0.000195
48577 -0.000195
48578 -0.000195
48579 -0.000195
48580 -0.000195
48582 -0.000193
48583 -0.000195
48584 -0.000195
48585 -0.000195
48586 -0.000195
48588 -0.000195
48589 -0.000195
48590 -0.000195
48591 -0.000195
48592 -0.000195
48593 -0.000195
48594 -0.000195
48595 -0.000195
48597 -0.000196
48599 -0.000194
48600 -0.000194
48602 -0.000193
48603 -0.000195
48604 -0.000195
48605 -0.000195
48606 -0.000195
48607 -0.000195
48608 -0.000195
48609 -0.000195
48610 -0.000195
48611 -0.000195
48612 -0.000195
48613 -0.000195
48614 -0.000195
48615 -0.000195
48616 -0.000195
48617 -0.000195
48618 -0.000195
48619 -0.000195
48621 -0.000195
48622 -0.000195
48623 -0.000195
48624 -0.000195
48625 -0.000195
48626 -0.000195
48628 -0.000195
48629 -0.000195
48630 -0.000195
48631 -0.000195
48632 -0.000195
48633 -0.000195
48634 -0.000195
48635 -0.000195
48636 -0.000195
48637 -0.000195
48638 -0.000195
48639 -0.000195
48640 -0.000195
48641 -0.000195
48642 -0.000195
48643 -0.000195
48644 -0.000195
48645 -0.000195
48646 -0.000195
48647 -0.000195
48648 -0.000195
48650 -0.000196
48651 -0.000195
48652 -0.000195
48653 -0.000195
48654 -0.000195
48655 -0.000195
48656 -0.000195
48657 -0.000195
48658 -0.000195
48659 -0.000195
48660 -0.000195
48661 -0.000195
48662 -0.000195
48663 -0.000195
48664 -0.000195
48668 -0.000194
48670 -0.000197
48671 -0.000195
48672 -0.000195
48673 -0.000195
48674 -0.000195
48675 -0.000195
48676 -0.000195
48677 -0.000195
48678 -0.000195
48679 -0.000195
48680 -0.000195
48682 -0.000195
48683 -0.000195
48684 -0.000195
48685 -0.000195
48686 -0.000195
48687 -0.000195
48688 -0.000195
48689 -0.000195
48690 -0.000195
48691 -0.000195
48692 -0.000195
48693 -0.000195
48694 -0.000195
48696 -0.000195
48697 -0.000194
48698 -0.000195
48700 -0.000196
48701 -0.000195
48702 -0.000195
48705 -0.000192
48706 -0.000194
48707 -0.000194
48708 -0.000195
48709 -0.000195
48710 -0.000195
48712 -0.000194
48713 -0.000195
48714 -0.000195
48715 -0.000195
48716 -0.000195
48717 -0.000195
48718 -0.000195
48719 -0.000195
48720 -0.000195
48721 -0.000195
48722 -0.000195
48723 -0.000195
48724 -0.000195
48725 -0.000195
48726 -0.000195
48727 -0.000195
48728 -0.000195
48731 -0.000196
48732 -0.000194
48733 -0.000195
48734 -0.000194
48735 -0.000195
48736 -0.000195
48737 -0.000195
48738 -0.000195
48739 -0.000195
48740 -0.000195
48741 -0.000195
48742 -0.000195
48743 -0.000195
48744 -0.000195
48745 -0.000195
48747 -0.000194
48748 -0.000195
48751 -0.000196
48752 -0.000194
48753 -0.000194
48754 -0.000195
48755 -0.000194
48756 -0.000195
48757 -0.000195
48758 -0.000195
48759 -0.000195
48760 -0.000195
48761 -0.000195
48762 -0.000195
48763 -0.000195
48764 -0.000195
48765 -0.000195
48766 -0.000195
48767 -0.000195
48768 -0.000195
48769 -0.000195
48770 -0.000195
48772 -0.000194
48773 -0.000195
48775 -0.000197
48776 -0.000195
48777 -0.000194
48778 -0.000194
48779 -0.000194
48780 -0.000194
48781 -0.000194
48782 -0.000194
48783 -0.000194
48784 -0.000194
48786 -0.000195
48787 -0.000194
48789 -0.000195
48790 -0.000195
48791 -0.000194
48792 -0.000194
48793 -0.000194
48794 -0.000194
48795 -0.000194
48796 -0.000194
48798 -0.000194
48799 -0.000195
48800 -0.000194
48801 -0.000194
48802 -0.000194
48803 -0.000194
48804 -0.000194
48805 -0.000194
48806 -0.000194
48807 -0.000194
48808 -0.000194
48809 -0.000194
48810 -0.000194
48811 -0.000194
48812 -0.000194
48813 -0.000194
48814 -0.000194
48815 -0.000194
48817 -0.000193
48818 -0.000194
48820 -0.000191
48821 -0.000194
48822 -0.000194
48823 -0.000194
48824 -0.000194
48825 -0.000194
48826 -0.000194
48827 -0.000194
48828 -0.000194
48829 -0.000194
48831 -0.000199
48832 -0.000194
48833 -0.000194
48834 -0.000194
48835 -0.000194
48836 -0.000194
48837 -0.000194
48838 -0.000194
48839 -0.000194
48840 -0.000194
48841 -0.000194
48843 -0.000193
48844 -0.000195
48845 -0.000194
48846 -0.000194
48847 -0.000194
48848 -0.000194
48849 -0.000194
48851 -0.000194
48853 -0.000195
48854 -0.000195
48855 -0.000194
48856 -0.000194
48857 -0.000194
48858 -0.000194
48860 -0.000194
48861 -0.000194
48863 -0.000195
48864 -0.000194
48865 -0.000194
48866 -0.000194
48867 -0.000194
48869 -0.000194
48870 -0.000194
48872 -0.000193
48873 -0.000194
48874 -0.000194
48875 -0.000194
48876 -0.000194
48877 -0.000194
48878 -0.000194
48879 -0.000194
48880 -0.000194
48881 -0.000194
48882 -0.000194
48883 -0.000194
48884 -0.000194
48885 -0.000194
48886 -0.000194
48888 -0.000194
48890 -0.000196
48891 -0.000194
48892 -0.000194
48893 -0.000194
48894 -0.000194
48895 -0.000194
48896 -0.000194
48897 -0.000194
48898 -0.000194
48899 -0.000194
48900 -0.000194
48901 -0.000194
48902 -0.000194
48903 -0.000194
48904 -0.000194
48905 -0.000194
48906 -0.000194
48907 -0.000194
48908 -0.000194
48909 -0.000194
48910 -0.000194
48911 -0.000194
48912 -0.000194
48913 -0.000194
48914 -0.000194
48915 -0.000194
48916 -0.000194
48917 -0.000194
48919 -0.000192
48920 -0.000192
48921 -0.000194
48922 -0.000194
48923 -0.000194
48924 -0.000194
48925 -0.000194
48926 -0.000194
48927 -0.000194
48928 -0.000194
48930 -0.000193
48931 -0.000194
48932 -0.000194
48933 -0.000194
48934 -0.000194
48935 -0.000194
48936 -0.000194
48937 -0.000194
48938 -0.000194
48939 -0.000194
48940 -0.000194
48941 -0.000194
48942 -0.000194
48943 -0.000194
48944 -0.000194
48945 -0.000194
48946 -0.000194
48947 -0.000194
48948 -0.000194
48949 -0.000194
48950 -0.000194
48951 -0.000194
48952 -0.000194
48953 -0.000194
48954 -0.000194
48955 -0.000194
48956 -0.000194
48957 -0.000194
48958 -0.000194
48959 -0.000194
48961 -0.000194
48962 -0.000194
48963 -0.000194
48964 -0.000194
48965 -0.000194
48966 -0.000194
48967 -0.000194
48968 -0.000194
48969 -0.000194
48970 -0.000194
48971 -0.000194
48972 -0.000194
48973 -0.000194
48974 -0.000194
48975 -0.000194
48977 -0.000192
48978 -0.000194
48980 -0.000192
48981 -0.000194
48982 -0.000194
48983 -0.000194
48984 -0.000194
48985 -0.000194
48986 -0.000194
48987 -0.000194
48988 -0.000194
48989 -0.000194
48990 -0.000194
48991 -0.000194
48992 -0.000194
48993 -0.000194
48994 -0.000194
48995 -0.000194
48996 -0.000194
48997 -0.000194
48998 -0.000194
48999 -0.000194
49000 -0.000194
49001 -0.000194
49002 -0.000194
49003 -0.000194
49004 -0.000194
49007 -0.000190
49008 -0.000194
49009 -0.000194
49010 -0.000194
49011 -0.000194
49012 -0.000194
49013 -0.000194
49014 -0.000194
49015 -0.000194
49016 -0.000194
49018 -0.000193
49019 -0.000194
49020 -0.000194
49021 -0.000194
49022 -0.000194
49023 -0.000194
49024 -0.000194
49025 -0.000194
49027 -0.000195
49028 -0.000194
49029 -0.000194
49031 -0.000192
49032 -0.000195
49033 -0.000194
49035 -0.000187
49036 -0.000193
49038 -0.000195
49039 -0.000193
49040 -0.000194
49041 -0.000194
49042 -0.000194
49043 -0.000194
49044 -0.000194
49046 -0.000192
49047 -0.000195
49048 -0.000194
49049 -0.000194
49050 -0.000194
49051 -0.000194
49052 -0.000194
49054 -0.000191
49057 -0.000196
49059 -0.000196
49060 -0.000194
49061 -0.000194
49062 -0.000194
49063 -0.000194
49065 -0.000194
49066 -0.000194
49067 -0.000194
49068 -0.000194
49069 -0.000194
49070 -0.000194
49071 -0.000194
49072 -0.000194
49074 -0.000192
49075 -0.000193
49076 -0.000194
49077 -0.000194
49079 -0.000193
49080 -0.000193
49081 -0.000194
49082 -0.000194
49083 -0.000194
49085 -0.000196
49086 -0.000194
49087 -0.000194
49088 -0.000194
49089 -0.000194
49090 -0.000194
49091 -0.000194
49092 -0.000194
49093 -0.000194
49094 -0.000194
49095 -0.000194
49096 -0.000194
49097 -0.000194
49099 -0.000196
49101 -0.000198
49102 -0.000194
49103 -0.000194
49104 -0.000194
49105 -0.000194
49106 -0.000194
49107 -0.000194
49108 -0.000194
49109 -0.000194
49110 -0.000194
49112 -0.000195
49114 -0.000194
49115 -0.000194
49116 -0.000194
49118 -0.000192
49119 -0.000194
49120 -0.000194
49121 -0.000194
49122 -0.000194
49123 -0.000194
49124 -0.000194
49125 -0.000194
49126 -0.000194
49127 -0.000194
49128 -0.000194
49129 -0.000194
49130 -0.000194
49131 -0.000194
49132 -0.000194
49133 -0.000194
49135 -0.000195
49136 -0.000194
49137 -0.000193
49138 -0.000194
49139 -0.000194
49140 -0.000194
49141 -0.000194
49142 -0.000194
49143 -0.000194
49144 -0.000194
49145 -0.000194
49147 -0.000196
49148 -0.000193
49149 -0.000194
49150 -0.000194
49151 -0.000194
49153 -0.000194
49154 -0.000194
49155 -0.000194
49156 -0.000194
49157 -0.000193
49158 -0.000193
49159 -0.000193
49160 -0.000193
49161 -0.000193
49162 -0.000193
49163 -0.000193
49164 -0.000193
49165 -0.000193
49166 -0.000193
49167 -0.000193
49168 -0.000193
49169 -0.000193
49170 -0.000193
49171 -0.000193
49172 -0.000193
49173 -0.000193
49174 -0.000193
49175 -0.000193
49177 -0.000195
49178 -0.000194
49179 -0.000193
49180 -0.000193
49181 -0.000193
49182 -0.000193
49183 -0.000193
49184 -0.000193
49185 -0.000193
49186 -0.000193
49187 -0.000193
49188 -0.000193
49189 -0.000193
49190 -0.000193
49191 -0.000193
49192 -0.000193
49193 -0.000193
49194 -0.000193
49195 -0.000193
49196 -0.000193
49197 -0.000193
49198 -0.000193
49199 -0.000193
49200 -0.000193
49201 -0.000193
49202 -0.000193
49203 -0.000193
49204 -0.000193
49205 -0.000193
49206 -0.000193
49207 -0.000193
49208 -0.000193
49209 -0.000193
49210 -0.000193
49211 -0.000193
49213 -0.000190
49214 -0.000194
49215 -0.000193
49216 -0.000193
49218 -0.000193
49219 -0.000193
49220 -0.000194
49221 -0.000193
49222 -0.000193
49223 -0.000193
49225 -0.000195
49226 -0.000193
49227 -0.000193
49228 -0.000193
49229 -0.000193
49230 -0.000193
49231 -0.000193
49232 -0.000193
49233 -0.000193
49234 -0.000193
49235 -0.000193
49236 -0.000193
49237 -0.000193
49238 -0.000193
49239 -0.000193
49240 -0.000193
49241 -0.000193
49242 -0.000193
49243 -0.000193
49244 -0.000193
49245 -0.000193
49246 -0.000193
49247 -0.000193
49248 -0.000193
49249 -0.000193
49250 -0.000193
49251 -0.000193
49252 -0.000193
49253 -0.000193
49254 -0.000193
49255 -0.000193
49256 -0.000193
49257 -0.000193
49259 -0.000190
49260 -0.000193
49261 -0.000194
49262 -0.000193
49263 -0.000193
49265 -0.000193
49266 -0.000193
49267 -0.000193
49268 -0.000193
49269 -0.000193
49270 -0.000193
49271 -0.000193
49272 -0.000193
49273 -0.000193
49274 -0.000193
49275 -0.000193
49276 -0.000193
49277 -0.000193
49278 -0.000193
49279 -0.000193
49280 -0.000193
49281 -0.000193
49282 -0.000193
49283 -0.000193
49284 -0.000193
49285 -0.000193
49286 -0.000193
49287 -0.000193
49288 -0.000193
49289 -0.000193
49290 -0.000193
49291 -0.000193
49292 -0.000193
49293 -0.000193
49294 -0.000193
49295 -0.000193
49296 -0.000193
49297 -0.000193
49298 -0.000193
49299 -0.000193
49300 -0.000193
49301 -0.000193
49302 -0.000193
49303 -0.000193
49304 -0.000193
49305 -0.000193
49306 -0.000193
49307 -0.000193
49308 -0.000193
49309 -0.000193
49310 -0.000193
49311 -0.000193
49312 -0.000193
49313 -0.000193
49314 -0.000193
49315 -0.000193
49316 -0.000193
49317 -0.000193
49318 -0.000193
49319 -0.000193
49320 -0.000193
49321 -0.000193
49322 -0.000193
49323 -0.000193
49324 -0.000193
49325 -0.000193
49326 -0.000193
49327 -0.000193
49328 -0.000193
49329 -0.000193
49330 -0.000193
49331 -0.000193
49332 -0.000193
49334 -0.000191
49335 -0.000193
49336 -0.000193
49338 -0.000194
49339 -0.000193
49340 -0.000193
49341 -0.000193
49342 -0.000193
49343 -0.000193
49344 -0.000193
49345 -0.000193
49346 -0.000193
49348 -0.000194
49349 -0.000194
49351 -0.000196
49352 -0.000194
49353 -0.000193
49354 -0.000193
49355 -0.000193
49356 -0.000193
49357 -0.000193
49358 -0.000193
49359 -0.000193
49360 -0.000193
49363 -0.000191
49364 -0.000193
49365 -0.000193
49366 -0.000193
49367 -0.000193
49368 -0.000193
49369 -0.000193
49370 -0.000193
49371 -0.000193
49372 -0.000193
49373 -0.000193
49374 -0.000193
49375 -0.000193
49376 -0.000193
49377 -0.000193
49378 -0.000193
49379 -0.000193
49382 -0.000194
49383 -0.000194
49384 -0.000193
49385 -0.000193
49387 -0.000193
49388 -0.000193
49389 -0.000193
49390 -0.000193
49391 -0.000193
49393 -0.000195
49394 -0.000193
49395 -0.000193
49396 -0.000193
49397 -0.000193
49398 -0.000193
49399 -0.000193
49400 -0.000193
49401 -0.000193
49402 -0.000193
49404 -0.000194
49405 -0.000193
49406 -0.000193
49408 -0.000191
49409 -0.000194
49410 -0.000193
49411 -0.000193
49412 -0.000193
49413 -0.000193
49414 -0.000193
49415 -0.000193
49416 -0.000193
49417 -0.000193
49418 -0.000193
49419 -0.000193
49421 -0.000191
49422 -0.000193
49423 -0.000193
49424 -0.000193
49425 -0.000193
49426 -0.000193
49427 -0.000193
49428 -0.000193
49429 -0.000193
49430 -0.000193
49431 -0.000193
49432 -0.000193
49433 -0.000193
49434 -0.000193
49436 -0.000193
49437 -0.000194
49438 -0.000193
49439 -0.000193
49440 -0.000193
49442 -0.000192
49443 -0.000193
49444 -0.000193
49445 -0.000193
49447 -0.000191
49448 -0.000192
49449 -0.000193
49450 -0.000193
49451 -0.000193
49453 -0.000192
49454 -0.000193
49455 -0.000193
49456 -0.000193
49457 -0.000193
49459 -0.000192
49460 -0.000193
49461 -0.000193
49462 -0.000193
49463 -0.000193
49464 -0.000193
49465 -0.000193
49466 -0.000193
49467 -0.000193
49468 -0.000193
49469 -0.000193
49470 -0.000193
49471 -0.000193
49472 -0.000193
49473 -0.000193
49474 -0.000193
49475 -0.000193
49476 -0.000193
49478 -0.000191
49479 -0.000194
49481 -0.000191
49482 -0.000193
49483 -0.000193
49484 -0.000193
49487 -0.000192
49488 -0.000192
49489 -0.000193
49491 -0.000192
49492 -0.000193
49493 -0.000194
49494 -0.000193
49496 -0.000194
49498 -0.000195
49499 -0.000193
49502 -0.000191
49503 -0.000193
49504 -0.000193
49506 -0.000197
49507 -0.000193
49508 -0.000193
49509 -0.000193
49511 -0.000193
49512 -0.000194
49513 -0.000192
49514 -0.000193
49515 -0.000193
49516 -0.000193
49517 -0.000193
49518 -0.000193
49519 -0.000193
49520 -0.000193
49521 -0.000193
49522 -0.000193
49523 -0.000193
49524 -0.000193
49525 -0.000193
49526 -0.000193
49527 -0.000193
49528 -0.000193
49529 -0.000193
49530 -0.000193
49531 -0.000193
49532 -0.000193
49533 -0.000193
49534 -0.000193
49535 -0.000193
49536 -0.000193
49538 -0.000194
49539 -0.000193
49540 -0.000193
49541 -0.000192
49542 -0.000193
49543 -0.000193
49544 -0.000193
49545 -0.000193
49546 -0.000193
49548 -0.000193
49549 -0.000192
49551 -0.000189
49552 -0.000192
49554 -0.000193
49555 -0.000192
49556 -0.000193
49557 -0.000193
49558 -0.000193
49561 -0.000192
49562 -0.000193
49564 -0.000193
49565 -0.000193
49566 -0.000192
49567 -0.000193
49568 -0.000193
49569 -0.000193
49570 -0.000193
49571 -0.000193
49572 -0.000193
49574 -0.000191
49575 -0.000193
49576 -0.000193
49577 -0.000193
49578 -0.000193
49579 -0.000193
49580 -0.000193
49581 -0.000193
49582 -0.000193
49583 -0.000193
49585 -0.000191
49586 -0.000192
49587 -0.000192
49588 -0.000192
49589 -0.000192
49590 -0.000192
49591 -0.000192
49594 -0.000190
49595 -0.000190
49596 -0.000192
49597 -0.000192
49598 -0.000192
49600 -0.000192
49601 -0.000193
49602 -0.000192
49603 -0.000192
49604 -0.000192
49605 -0.000192
49606 -0.000192
49607 -0.000192
49608 -0.000192
49610 -0.000195
49611 -0.000192
49612 -0.000192
49613 -0.000192
49614 -0.000192
49615 -0.000192
49616 -0.000192
49617 -0.000192
49618 -0.000192
49619 -0.000192
49620 -0.000192
49621 -0.000192
49622 -0.000192
49623 -0.000192
49624 -0.000192
49625 -0.000192
49626 -0.000192
49627 -0.000192
49628 -0.000192
49629 -0.000192
49630 -0.000192
49631 -0.000192
49632 -0.000192
49633 -0.000192
49634 -0.000192
49635 -0.000192
49636 -0.000192
49637 -0.000192
49638 -0.000192
49639 -0.000192
49640 -0.000192
49641 -0.000192
49642 -0.000192
49643 -0.000192
49644 -0.000192
49645 -0.000192
49646 -0.000192
49647 -0.000192
49648 -0.000192
49649 -0.000192
49650 -0.000192
49651 -0.000192
49652 -0.000192
49653 -0.000192
49655 -0.000191
49656 -0.000193
49657 -0.000192
49658 -0.000192
49659 -0.000192
49661 -0.000193
49662 -0.000192
49663 -0.000192
49664 -0.000192
49665 -0.000192
49666 -0.000192
49667 -0.000192
49668 -0.000192
49669 -0.000192
49670 -0.000192
49671 -0.000192
49672 -0.000192
49673 -0.000192
49674 -0.000192
49675 -0.000192
49676 -0.000192
49678 -0.000192
49680 -0.000192
49681 -0.000193
49682 -0.000192
49683 -0.000192
49684 -0.000192
49685 -0.000192
49686 -0.000192
49687 -0.000192
49689 -0.000190
49690 -0.000194
49691 -0.000193
49692 -0.000192
49693 -0.000192
49694 -0.000192
49695 -0.000192
49696 -0.000192
49697 -0.000192
49698 -0.000192
49699 -0.000192
49700 -0.000192
49701 -0.000192
49702 -0.000192
49703 -0.000192
49704 -0.000192
49705 -0.000192
49706 -0.000192
49707 -0.000192
49708 -0.000192
49709 -0.000192
49710 -0.000192
49711 -0.000192
49712 -0.000192
49714 -0.000193
49716 -0.000193
49717 -0.000193
49719 -0.000190
49720 -0.000193
49722 -0.000191
49723 -0.000192
49724 -0.000193
49725 -0.000192
49726 -0.000192
49727 -0.000192
49728 -0.000192
49729 -0.000192
49731 -0.000192
49732 -0.000191
49733 -0.000192
49734 -0.000192
49735 -0.000192
49736 -0.000192
49737 -0.000192
49738 -0.000192
49739 -0.000192
49740 -0.000192
49741 -0.000192
49742 -0.000192
49743 -0.000192
49744 -0.000192
49745 -0.000192
49746 -0.000192
49747 -0.000192
49748 -0.000192
49749 -0.000192
49750 -0.000192
49751 -0.000192
49752 -0.000192
49753 -0.000192
49754 -0.000192
49755 -0.000192
49757 -0.000191
49758 -0.000193
49759 -0.000192
49760 -0.000192
49761 -0.000192
49763 -0.000190
49764 -0.000192
49765 -0.000192
49766 -0.000192
49767 -0.000192
49768 -0.000192
49769 -0.000192
49770 -0.000192
49771 -0.000192
49772 -0.000192
49773 -0.000192
49774 -0.000192
49775 -0.000192
49776 -0.000192
49777 -0.000192
49778 -0.000192
49779 -0.000192
49780 -0.000192
49781 -0.000192
49782 -0.000192
49783 -0.000192
49784 -0.000192
49786 -0.000193
49788 -0.000192
49789 -0.000192
49790 -0.000192
49791 -0.000192
49792 -0.000192
49793 -0.000192
49794 -0.000192
49795 -0.000192
49796 -0.000192
49797 -0.000192
49799 -0.000191
49800 -0.000193
49801 -0.000192
49802 -0.000192
49803 -0.000192
49804 -0.000192
49805 -0.000192
49806 -0.000192
49807 -0.000192
49808 -0.000192
49809 -0.000192
49810 -0.000192
49811 -0.000192
49812 -0.000192
49813 -0.000192
49814 -0.000192
49815 -0.000192
49816 -0.000192
49817 -0.000192
49818 -0.000192
49819 -0.000192
49820 -0.000192
49821 -0.000192
49823 -0.000192
49824 -0.000192
49825 -0.000192
49826 -0.000192
49827 -0.000192
49828 -0.000192
49830 -0.000193
49831 -0.000192
49832 -0.000192
49833 -0.000192
49834 -0.000192
49836 -0.000192
49837 -0.000192
49838 -0.000192
49839 -0.000192
49840 -0.000192
49841 -0.000192
49842 -0.000192
49843 -0.000192
49844 -0.000192
49845 -0.000192
49847 -0.000196
49849 -0.000192
49850 -0.000191
49852 -0.000190
49854 -0.000191
49855 -0.000192
49856 -0.000192
49857 -0.000192
49858 -0.000192
49859 -0.000192
49860 -0.000192
49861 -0.000192
49862 -0.000192
49863 -0.000192
49864 -0.000192
49865 -0.000192
49866 -0.000192
49867 -0.000192
49868 -0.000192
49869 -0.000192
49870 -0.000192
49871 -0.000192
49872 -0.000192
49873 -0.000192
49874 -0.000192
49876 -0.000193
49878 -0.000191
49879 -0.000192
49880 -0.000192
49881 -0.000192
49882 -0.000192
49884 -0.000195
49885 -0.000192
49886 -0.000192
49887 -0.000192
49888 -0.000192
49889 -0.000192
49890 -0.000192
49891 -0.000192
49893 -0.000192
49894 -0.000193
49895 -0.000192
49896 -0.000192
49897 -0.000192
49899 -0.000192
49900 -0.000192
49901 -0.000192
49902 -0.000192
49903 -0.000192
49904 -0.000192
49905 -0.000192
49906 -0.000192
49907 -0.000192
49908 -0.000192
49909 -0.000192
49910 -0.000192
49911 -0.000192
49912 -0.000192
49913 -0.000192
49914 -0.000192
49915 -0.000192
49916 -0.000192
49917 -0.000192
49918 -0.000192
49919 -0.000192
49920 -0.000192
49922 -0.000191
49923 -0.000192
49924 -0.000192
49925 -0.000192
49926 -0.000192
49928 -0.000192
49929 -0.000192
49930 -0.000192
49931 -0.000192
49933 -0.000190
49934 -0.000192
49935 -0.000192
49936 -0.000192
49937 -0.000192
49938 -0.000192
49939 -0.000192
49940 -0.000192
49941 -0.000192
49942 -0.000192
49943 -0.000192
49944 -0.000192
49945 -0.000192
49946 -0.000192
49947 -0.000192
49948 -0.000192
49949 -0.000192
49950 -0.000192
49951 -0.000192
49952 -0.000192
49953 -0.000192
49955 -0.000192
49956 -0.000192
49957 -0.000192
49958 -0.000192
49959 -0.000192
49960 -0.000192
49961 -0.000192
49962 -0.000192
49963 -0.000192
49964 -0.000192
49965 -0.000192
49967 -0.000193
49968 -0.000192
49970 -0.000191
49971 -0.000192
49972 -0.000191
49973 -0.000191
49974 -0.000192
49976 -0.000193
49977 -0.000192
49980 -0.000192
49981 -0.000192
49982 -0.000192
49983 -0.000192
49984 -0.000192
49985 -0.000192
49986 -0.000192
49987 -0.000192
49988 -0.000192
49989 -0.000192
49990 -0.000192
49992 -0.000193
49993 -0.000192
49994 -0.000192
49995 -0.000192
49996 -0.000192
49997 -0.000192
49998 -0.000192
49999 -0.000192
