10 -0.000007
20 0.000029
30 0.000314
40 -0.000122
50 0.001873
60 0.001846
80 0.001894
90 0.001854
100 0.001955
110 0.001869
120 0.001787
130 0.002007
140 0.001984
150 -0.000009
160 0.001907
170 0.000151
190 0.000459
200 -0.000700
220 -0.000659
230 -0.001306
240 -0.000165
250 0.001848
260 -0.000076
270 0.000962
280 0.001805
290 -0.002015
310 0.001823
320 0.001098
330 0.001258
340 0.000421
350 -0.000385
360 0.000574
370 0.001119
380 0.001262
400 0.000081
410 0.000625
420 0.000887
430 0.000880
440 -0.000095
450 0.000921
460 0.000618
470 -0.001254
480 -0.000236
490 -0.002346
500 -0.000225
510 0.001222
520 -0.001465
530 0.000633
540 0.000108
550 -0.000414
560 -0.000191
570 0.000198
580 -0.001075
590 -0.000019
610 -0.001556
630 0.001430
640 -0.000314
660 0.000346
670 0.000693
680 0.000992
690 0.000023
700 0.000283
710 -0.002114
720 -0.000329
740 -0.000300
750 0.000027
760 0.000415
770 0.000064
780 0.001943
790 -0.000979
810 0.000803
820 -0.001120
830 0.000675
840 -0.001118
850 -0.000706
860 0.001449
870 0.000009
880 0.000638
890 0.001386
900 -0.001227
910 0.001401
920 0.001066
930 0.000096
940 0.000817
950 -0.000030
960 -0.001768
970 0.001491
980 0.000227
990 -0.000021
1000 0.001006
1010 -0.000247
1020 0.001429
1030 0.000145
1040 -0.001170
1050 -0.000394
1060 -0.001305
1070 0.001201
1080 0.001254
1090 0.000368
1100 -0.002152
1110 -0.000877
1120 0.000585
1130 0.000299
1140 0.001132
1150 -0.000312
1160 -0.000810
1170 0.000551
1180 0.000153
1190 0.002010
1200 -0.000003
1210 0.000566
1220 -0.000113
1230 -0.000143
1240 -0.000410
1250 0.001208
1260 -0.001047
1270 0.000245
1280 -0.000536
1290 0.000568
1310 0.000777
1320 0.000912
1330 0.001411
1340 -0.000399
1360 0.000351
1370 0.000028
1380 0.000764
1390 0.001489
1410 -0.000868
1420 0.001309
1430 -0.001010
1440 0.001506
1450 0.000766
1460 0.000443
1470 -0.000045
1480 -0.000030
1490 -0.000393
1500 0.000025
1510 -0.000540
1520 0.001560
1540 -0.000043
1550 -0.000173
1560 -0.001868
1570 0.000529
1590 0.000257
1600 0.000577
1610 -0.001259
1620 0.000491
1630 -0.000718
1640 0.000930
1650 0.000357
1660 0.000231
1670 0.001503
1680 0.001087
1690 0.001174
1700 -0.000256
1710 0.000929
1720 0.000802
1730 0.000617
1740 0.001538
1750 -0.000872
1760 0.000280
1780 0.000514
1790 0.000655
1800 -0.000596
1810 -0.001044
1820 -0.000773
1830 0.001114
1840 0.000604
1850 0.000879
1860 0.000321
1890 0.001925
1900 -0.002593
1910 0.000833
1920 0.000512
1930 -0.000489
1940 0.000653
1950 0.001425
1960 0.000098
1970 0.000027
1980 0.000740
1990 -0.000410
2000 0.001275
2010 0.001287
2020 0.000940
2030 -0.001266
2040 0.000804
2050 -0.000831
2060 -0.000395
2070 0.000272
2080 -0.000748
2100 0.000193
2110 0.000023
2120 -0.000760
2130 0.000599
2140 0.000380
2160 0.000001
2170 -0.001446
2190 -0.001098
2200 0.001569
2220 -0.000175
2230 0.001435
2250 0.001525
2260 0.001404
2270 0.001334
2280 0.001951
2290 0.000523
2300 0.001396
2310 0.001128
2320 -0.000747
2330 -0.000210
2340 -0.000090
2350 0.001274
2360 -0.000202
2370 0.000311
2390 -0.000093
2400 0.000183
2410 0.000983
2420 0.000336
2430 0.000145
2440 0.001534
2450 0.000062
2460 0.001569
2470 -0.000754
2480 -0.001051
2490 -0.000029
2500 0.000372
2510 0.001952
2520 -0.000074
2530 0.000174
2540 0.001396
2550 -0.000008
2580 0.000738
2590 0.000104
2600 0.000122
2610 0.000653
2620 -0.002060
2630 0.001483
2640 -0.000135
2650 0.000240
2660 -0.000718
2670 -0.000358
2690 0.001212
2710 0.000032
2720 0.000414
2730 -0.000957
2740 -0.000845
2750 0.000081
2760 0.001392
2770 0.000697
2780 0.000909
2790 -0.000799
2800 0.000692
2810 -0.000201
2820 0.000072
2830 0.001509
2840 -0.000280
2850 -0.000154
2870 -0.000246
2880 0.001955
2900 0.000030
2910 -0.000198
2920 0.000817
2930 0.000624
2940 0.000841
2950 0.001452
2960 0.001006
2970 0.000211
2980 0.000218
2990 0.001117
3000 -0.000027
3010 -0.000792
3020 0.000126
3030 0.000564
3040 0.000369
3050 -0.000337
3060 -0.000295
3070 -0.000699
3080 -0.000076
3090 -0.000042
3100 0.001347
3110 0.000395
3130 -0.002141
3140 0.000755
3150 -0.000164
3160 0.001018
3170 -0.000276
3180 0.000780
3190 -0.001617
3210 0.000377
3220 0.000889
3230 0.000300
3240 0.000856
3250 0.000593
3260 0.001436
3270 -0.000578
3290 0.000535
3300 0.000610
3310 0.000528
3320 0.000844
3330 -0.000176
3340 -0.000707
3350 -0.001091
3360 0.000502
3370 -0.000422
3380 -0.001703
3410 0.001250
3420 0.000802
3430 0.001396
3440 -0.000442
3450 0.000533
3460 0.000410
3470 0.000366
3480 -0.000080
3490 0.000451
3500 -0.001045
3510 -0.000312
3520 0.000461
3530 0.000850
3540 0.001061
3550 0.000439
3560 0.000456
3570 0.001668
3580 -0.000606
3590 -0.000148
3600 -0.000195
3610 0.000045
3620 -0.000568
3630 0.000767
3640 0.000578
3660 0.001097
3680 0.000845
3690 0.000271
3710 0.000508
3720 -0.000131
3730 0.000245
3740 0.001461
3750 -0.000301
3760 -0.000491
3770 0.000255
3780 0.000104
3790 -0.000382
3810 0.000282
3820 0.000107
3830 -0.000152
3840 0.000247
3850 -0.001007
3860 0.000816
3870 0.001095
3880 -0.000672
3890 -0.000748
3900 -0.000094
3910 0.000918
3920 0.001121
3930 0.000016
3940 -0.000520
3950 0.001166
3960 0.000159
3970 -0.000168
3990 0.000025
4000 -0.000807
4010 -0.000170
4020 -0.000663
4030 -0.000210
4040 -0.001043
4050 0.000045
4060 -0.000088
4070 -0.001150
4080 0.000445
4090 0.001035
4100 -0.000521
4110 0.000141
4120 0.000587
4130 0.001453
4140 -0.001583
4150 -0.000224
4160 0.000982
4170 -0.000115
4180 0.001294
4190 0.001128
4200 -0.000635
4210 0.000145
4220 0.000482
4230 -0.000821
4240 0.000240
4250 -0.000511
4260 -0.001446
4270 0.001230
4280 -0.002122
4290 -0.000479
4300 -0.000647
4310 -0.000004
4320 0.000585
4340 -0.000456
4360 0.000071
4370 0.000359
4380 0.000602
4390 0.000900
4400 0.000113
4420 0.000165
4430 -0.001174
4440 0.000540
4450 -0.000489
4460 -0.000631
4470 0.001432
4480 -0.000888
4490 0.000097
4500 -0.000681
4510 0.000556
4520 0.000399
4530 -0.000017
4540 -0.000416
4550 -0.000100
4560 0.000147
4570 0.000400
4580 -0.000225
4590 -0.000748
4600 0.001014
4610 0.000431
4620 -0.000867
4630 0.001555
4640 -0.001050
4650 0.000294
4660 0.000938
4670 0.001618
4680 0.000873
4690 0.001154
4710 -0.000488
4720 -0.000118
4730 0.000408
4740 0.000684
4760 0.000915
4770 0.000485
4780 0.000307
4790 -0.000435
4800 -0.000069
4810 -0.000719
4820 0.000790
4830 -0.001758
4840 -0.000925
4850 -0.000143
4860 -0.000163
4870 -0.001599
4880 0.000400
4890 -0.000569
4900 0.000674
4910 0.000991
4920 -0.000394
4930 0.000486
4940 0.000740
4960 -0.001500
4970 -0.000199
4980 0.000760
4990 -0.000214
5000 -0.000126
5010 0.000516
5020 0.000313
5030 -0.000074
5040 -0.000590
5050 -0.000422
5060 -0.000066
5070 -0.000050
5080 0.000269
5090 -0.000988
5100 -0.001371
5110 -0.000132
5120 0.000138
5130 0.000764
5140 -0.000799
5150 0.000117
5170 0.000349
5180 0.000062
5190 -0.000040
5200 -0.000199
5210 0.000024
5230 0.000687
5240 0.000082
5250 0.000041
5260 -0.000077
5270 -0.000177
5280 -0.000588
5290 0.000055
5300 0.000097
5310 0.000070
5320 -0.000252
5330 0.000261
5340 -0.000270
5350 0.001237
5360 0.000010
5370 0.000187
5380 -0.000296
5390 0.000039
5400 0.000373
5410 -0.000127
5430 0.000145
5440 -0.000039
5450 0.000305
5470 -0.000177
5480 0.000023
5490 0.000005
5500 0.000272
5510 -0.000111
5520 0.000432
5530 0.000204
5540 0.000268
5550 0.000808
5560 0.000188
5570 -0.000266
5580 0.000452
5590 -0.000102
5600 -0.000009
5610 0.000072
5620 0.000856
5630 -0.000162
5640 0.000092
5650 0.000900
5660 0.000288
5670 0.000080
5680 0.000740
5690 -0.000335
5700 -0.000125
5710 0.000099
5730 -0.000209
5740 -0.000089
5760 -0.000192
5770 0.000647
5790 0.000462
5800 -0.000317
5810 -0.000267
5820 0.000076
5830 -0.000209
5840 -0.000018
5850 -0.000061
5860 -0.000124
5870 -0.000122
5880 -0.000033
5900 0.000155
5910 0.000907
5920 0.000210
5930 -0.000036
5950 -0.000016
5960 0.000100
5970 -0.000582
5980 -0.000113
5990 -0.000115
6000 0.000641
6010 0.000064
6020 0.000127
6030 -0.000001
6040 -0.000456
6050 0.000033
6060 0.000083
6070 -0.000025
6080 -0.000643
6090 -0.000833
6100 0.000033
6110 -0.000068
6120 0.000749
6130 0.000180
6140 -0.000009
6150 -0.001218
6160 -0.000152
6170 0.000090
6180 0.001276
6190 -0.000015
6200 -0.000059
6210 0.000181
6220 0.000016
6230 -0.000205
6240 -0.000040
6250 -0.000023
6260 -0.000077
6280 -0.000103
6290 -0.000078
6300 0.000030
6310 -0.000143
6320 0.000073
6330 0.000072
6340 -0.000299
6350 0.000128
6360 0.000224
6370 0.000390
6380 0.000334
6390 -0.000131
6400 -0.000615
6410 0.000104
6420 0.000099
6430 -0.001292
6440 0.000568
6450 -0.000020
6460 0.000117
6470 0.000179
6480 0.000033
6490 0.000539
6500 0.000937
6510 0.000040
6520 -0.000091
6530 -0.000026
6540 0.000075
6560 -0.000145
6570 -0.000391
6580 -0.000088
6590 -0.000033
6600 -0.000080
6620 -0.000107
6630 0.000916
6640 -0.000118
6650 -0.000048
6660 0.000077
6670 -0.000094
6680 0.000096
6690 0.000134
6700 -0.000180
6710 0.000046
6720 -0.000020
6730 0.000111
6740 0.000160
6760 0.000011
6770 0.000056
6780 -0.000281
6790 0.000122
6800 -0.000094
6810 -0.000017
6820 0.000183
6830 0.000848
6840 -0.000068
6850 -0.000093
6860 0.000107
6870 0.000050
6880 -0.000097
6890 -0.000066
6900 -0.000034
6910 -0.000231
6920 0.000083
6930 0.000070
6940 0.000515
6950 -0.000004
6960 0.000602
6970 -0.000264
6980 0.000044
7000 -0.000069
7010 0.000033
7020 0.000028
7030 -0.000143
7050 0.000025
7060 -0.000024
7070 -0.000050
7080 0.000018
7090 0.000162
7100 0.000057
7110 -0.000048
7120 0.000484
7140 -0.000623
7150 -0.000308
7160 -0.000413
7180 -0.000337
7190 0.000091
7200 -0.000110
7210 -0.000110
7220 -0.000091
7230 0.000022
7240 0.000042
7250 0.000021
7260 0.000252
7280 0.000170
7300 0.001765
7310 0.000159
7320 0.000535
7330 -0.000051
7340 -0.000134
7350 0.000128
7360 -0.000176
7370 0.000048
7380 0.000019
7390 0.000226
7430 -0.000628
7440 0.000126
7450 -0.000029
7460 0.000536
7470 0.001226
7490 0.000206
7500 0.001231
7510 0.001288
7520 -0.000359
7530 0.000118
7540 -0.000076
7550 0.000114
7560 0.000032
7590 -0.000134
7600 -0.000014
7610 0.000205
7630 0.000035
7650 0.000067
7660 0.000052
7670 0.000000
7680 -0.000084
7690 0.000046
7700 0.000224
7720 -0.000039
7730 0.000058
7740 -0.000016
7750 0.000109
7760 0.001880
7780 -0.000101
7790 -0.000024
7810 0.000846
7820 -0.000114
7830 -0.000118
7840 0.000061
7850 0.000207
7860 -0.000092
7870 -0.000553
7880 0.000140
7890 0.000015
7900 0.000011
7910 -0.000013
7920 0.000079
7930 -0.000017
7940 0.000139
7950 0.000130
7970 0.000620
7980 0.000181
7990 -0.000110
8000 -0.000001
8010 -0.000201
8020 -0.000105
8030 -0.000130
8040 -0.000106
8050 0.000072
8060 0.000024
8070 0.000164
8080 -0.000027
8090 0.000020
8100 -0.000044
8110 0.000209
8120 -0.000098
8140 0.000087
8150 0.000003
8160 0.001209
8170 0.000122
8180 -0.000747
8190 -0.000008
8200 0.000271
8210 -0.000117
8220 -0.000454
8230 -0.000193
8240 0.000051
8250 0.000499
8270 0.000149
8280 -0.000014
8290 0.000092
8300 -0.000242
8310 -0.000009
8320 0.000127
8330 0.000398
8340 0.001095
8350 0.000312
8360 0.000158
8370 0.000038
8380 0.000237
8390 0.000102
8400 0.000028
8410 0.000217
8420 -0.000431
8430 0.001144
8440 -0.000070
8450 -0.000118
8460 0.000603
8470 -0.000156
8480 0.000159
8490 -0.000097
8500 0.000121
8510 0.000020
8520 -0.000044
8530 -0.000009
8540 0.000015
8550 0.000083
8560 0.001044
8570 0.000057
8580 -0.000080
8590 -0.000089
8600 0.000211
8610 -0.000965
8620 -0.000009
8640 -0.000003
8650 0.000205
8660 -0.000006
8670 -0.000062
8680 -0.000132
8690 0.000331
8700 -0.000023
8710 -0.000067
8720 0.000020
8730 0.000129
8740 -0.000763
8750 -0.000226
8770 0.000069
8780 -0.000036
8790 -0.000128
8800 -0.000201
8810 -0.000099
8820 0.000077
8830 0.000031
8840 -0.000146
8850 0.000151
8870 0.000108
8880 -0.000026
8890 0.000003
8900 -0.000018
8910 0.000091
8920 0.000074
8930 0.000395
8940 -0.000074
8960 0.000109
8970 -0.000078
8980 0.000247
8990 0.000127
9000 0.000145
9010 0.000091
9020 0.000819
9040 0.000016
9060 0.000099
9070 0.000156
9080 -0.000038
9090 -0.000407
9100 -0.000180
9120 0.000042
9130 0.000038
9140 0.000102
9150 0.000308
9160 0.000154
9170 -0.000121
9180 -0.000058
9190 -0.000043
9200 -0.000107
9210 -0.000027
9220 0.000062
9230 0.000007
9240 0.000067
9250 0.000485
9260 -0.000277
9270 0.000228
9280 -0.000077
9290 0.000009
9300 0.001084
9310 0.000073
9320 0.000019
9340 -0.000123
9350 0.000087
9370 0.000027
9380 0.000048
9390 0.000000
9400 0.000029
9410 0.000108
9420 0.000054
9430 0.000015
9440 -0.000103
9450 0.000033
9460 0.000022
9470 0.000055
9480 0.000062
9490 0.000279
9500 -0.000084
9510 0.000109
9520 0.000099
9530 -0.000036
9540 0.000000
9550 0.000077
9560 -0.000041
9570 0.000067
9580 -0.000099
9590 -0.000056
9600 0.000961
9610 -0.009146
9620 -0.000007
9650 0.000151
9660 0.000051
9680 -0.000481
9690 0.000088
9700 0.000128
9710 -0.000108
9720 -0.000142
9730 -0.000059
9740 -0.000020
9750 -0.000002
9760 -0.000039
9770 0.000024
9780 0.000010
9790 -0.000006
9810 0.000100
9820 0.000323
9830 -0.000197
9840 -0.000184
9850 0.000031
9860 0.000005
9870 -0.000052
9880 0.000036
9890 0.000116
9900 -0.001175
9910 0.000022
9920 -0.000021
9930 -0.000068
9940 0.000001
9950 -0.000038
9960 -0.000089
9970 0.000271
9990 0.000044
10000 0.000090
10010 -0.000031
10020 0.000017
10030 0.000073
10040 -0.000132
10050 -0.000068
10060 -0.000037
10070 0.000102
10090 -0.000045
10100 0.000044
10110 -0.000048
10120 0.000005
10130 0.000191
10140 -0.000041
10150 0.000022
10160 0.000443
10170 0.000014
10180 0.000193
10190 0.000009
10210 0.000236
10220 -0.000041
10230 0.000029
10240 0.000138
10250 0.000026
10260 0.000164
10270 0.000028
10280 0.000422
10290 -0.000137
10300 -0.000128
10310 -0.000026
10320 0.000008
10330 -0.000041
10340 -0.001177
10350 0.000851
10360 0.000034
10370 -0.000091
10380 0.000041
10390 -0.000032
10400 0.000043
10410 0.000077
10430 -0.000066
10440 0.000002
10450 0.000088
10460 -0.000037
10470 0.000020
10480 0.000190
10490 0.000034
10500 -0.000100
10510 0.000201
10520 0.000471
10530 -0.000020
10540 -0.000015
10550 0.000097
10560 0.000073
10570 0.000058
10580 0.000064
10590 -0.000024
10600 0.000042
10610 0.000157
10620 0.000136
10630 -0.000169
10640 -0.000187
10650 -0.000067
10660 -0.000020
10670 -0.000038
10680 0.000053
10690 0.000086
10710 -0.000032
10720 -0.000026
10730 -0.000091
10750 0.000098
10760 0.000063
10770 0.000000
10780 0.000081
10790 0.000172
10800 -0.000715
10810 0.000077
10820 0.000150
10840 0.000017
10850 -0.008966
10860 0.000046
10870 -0.001071
10880 -0.000247
10900 0.000086
10910 0.000618
10920 -0.000126
10930 0.000027
10940 -0.000796
10950 -0.000169
10960 -0.000031
10970 -0.000025
10980 0.000180
10990 0.000002
11000 0.000052
11010 -0.000040
11020 0.000139
11030 0.000196
11050 -0.000933
11060 -0.000081
11080 -0.000008
11090 0.000082
11100 -0.000153
11110 -0.000114
11120 -0.000185
11140 0.000020
11160 0.000195
11170 0.000068
11180 -0.000219
11210 0.000152
11220 0.000155
11230 0.000139
11240 -0.000005
11250 0.000097
11260 0.000075
11270 -0.000001
11280 -0.000195
11290 0.000036
11320 -0.000050
11330 0.000134
11340 -0.000041
11350 -0.000038
11360 0.001727
11370 0.000021
11380 0.000032
11390 0.000206
11400 -0.000021
11410 -0.000005
11420 0.001075
11430 -0.000108
11440 0.000073
11450 0.000022
11460 0.000612
11470 -0.000129
11480 0.000078
11490 -0.000083
11500 0.000076
11510 -0.000172
11520 0.000059
11530 0.000090
11540 -0.000088
11550 0.000007
11560 0.000003
11570 -0.000007
11580 0.000206
11590 0.000624
11600 -0.000112
11620 0.000193
11640 0.000102
11650 0.000075
11660 0.000004
11670 0.000176
11680 -0.000031
11690 -0.000155
11710 0.000120
11720 0.000195
11730 -0.000321
11740 -0.000034
11750 -0.000031
11760 0.000067
11770 0.000195
11780 0.000121
11790 0.000036
11800 -0.000015
11810 0.000072
11830 0.000007
11840 -0.000080
11850 -0.000821
11860 -0.000004
11870 -0.000026
11890 -0.000066
11900 0.001091
11910 0.000090
11920 0.000244
11930 -0.000093
11940 -0.000048
11950 -0.000326
11960 0.000034
11970 -0.000085
11980 0.000049
11990 -0.001550
12000 0.000100
12010 -0.000001
12020 -0.000013
12030 -0.000073
12040 0.000009
12050 -0.000024
12060 0.000023
12070 0.000008
12080 0.000048
12090 0.000032
12100 0.000400
12110 0.000363
12120 0.000006
12130 -0.000140
12140 -0.000032
12150 0.000390
12160 -0.000052
12170 0.000001
12180 -0.000138
12190 -0.000018
12200 -0.000008
12210 -0.000003
12220 -0.000076
12230 -0.000050
12240 -0.000004
12250 -0.000028
12260 0.000010
12270 -0.000232
12300 0.000125
12310 0.000030
12320 -0.000024
12330 0.000014
12350 0.000041
12360 0.001014
12370 0.000125
12380 0.000065
12390 -0.000057
12400 -0.000107
12410 -0.000051
12420 0.000017
12430 -0.000026
12440 0.000064
12450 -0.000014
12460 -0.000044
12470 -0.000001
12480 -0.000034
12490 -0.000052
12500 0.000171
12510 0.000101
12520 0.000126
12540 -0.000181
12550 -0.000006
12560 -0.000035
12570 0.000012
12580 0.000363
12590 0.000102
12600 0.000051
12610 -0.000012
12620 0.000029
12630 0.000142
12640 0.000081
12650 -0.000144
12660 -0.000046
12670 0.000149
12680 0.000025
12710 -0.000059
12720 -0.000010
12730 -0.000019
12740 0.000060
12750 -0.000010
12760 -0.000023
12770 0.000072
12780 0.000075
12790 -0.000151
12800 0.000071
12810 -0.000034
12820 0.000107
12830 -0.000458
12850 0.000004
12860 0.000117
12870 -0.000110
12880 -0.000093
12890 -0.000049
12900 0.000009
12910 -0.000049
12920 0.000289
12930 0.000168
12940 -0.000029
12950 0.000022
12960 0.000030
12970 0.000000
12980 0.000037
12990 0.000845
13000 -0.000018
13010 -0.000012
13020 -0.000029
13030 -0.000026
13040 -0.000032
13050 0.000063
13070 0.000023
13080 -0.000006
13100 0.000070
13110 -0.000024
13120 0.000017
13130 0.000044
13140 -0.000001
13150 -0.000176
13160 0.000011
13170 0.000084
13180 -0.000055
13190 -0.000011
13200 0.000030
13210 0.000089
13220 -0.000006
13230 -0.000006
13240 -0.000083
13250 -0.000007
13260 0.000008
13270 -0.000020
13280 0.000072
13290 -0.000009
13300 0.000111
13310 -0.000009
13320 0.000040
13330 -0.000012
13340 0.000007
13350 -0.000039
13360 0.000043
13370 -0.000022
13380 -0.000006
13390 0.000048
13400 -0.000013
13420 -0.000054
13430 -0.000050
13440 0.000031
13450 0.000085
13460 -0.000115
13470 -0.000046
13480 0.000044
13490 -0.000011
13500 0.000010
13510 -0.000021
13520 -0.000060
13530 0.000635
13540 0.000029
13550 -0.000134
13560 -0.000002
13570 -0.000029
13580 0.000015
13590 -0.000040
13600 -0.001067
13610 0.000069
13620 0.000124
13630 0.000005
13640 0.000043
13650 -0.000038
13660 -0.000005
13670 0.000021
13690 -0.000018
13700 0.000062
13710 0.000003
13720 0.000034
13730 -0.000049
13740 0.000039
13760 0.000010
13770 0.000112
13780 -0.000002
13790 0.000024
13800 0.000036
13810 -0.000074
13820 -0.000003
13830 0.000049
13840 0.000120
13850 -0.000015
13870 0.000018
13880 -0.000078
13900 -0.001825
13910 0.000058
13920 -0.000020
13930 -0.000007
13940 -0.000212
13950 -0.000014
13960 -0.000036
13980 0.000070
13990 -0.000107
14000 -0.000331
14010 -0.000025
14030 0.000021
14060 -0.000010
14070 -0.000010
14080 0.000003
14090 -0.000021
14100 0.000013
14110 0.000046
14120 -0.000003
14150 -0.000105
14160 -0.000133
14170 0.000034
14190 0.000047
14200 -0.000005
14210 -0.000117
14220 -0.000044
14240 -0.000212
14250 -0.000006
14260 -0.000002
14270 0.000039
14280 0.000051
14290 0.000069
14300 0.000017
14310 -0.000039
14320 -0.000078
14330 0.000095
14340 0.000054
14350 -0.000067
14360 0.000025
14370 -0.007194
14380 0.000071
14390 0.000035
14410 0.000047
14420 0.000192
14430 0.000010
14440 -0.000011
14450 0.000020
14460 -0.000023
14470 0.000164
14480 0.000039
14490 -0.000001
14500 0.000022
14510 -0.000008
14520 0.000210
14530 0.000054
14540 0.000019
14550 0.000015
14560 -0.000040
14570 0.000018
14580 -0.000019
14590 0.000001
14600 -0.000054
14610 0.000008
14620 0.000005
14630 -0.000029
14640 -0.000010
14650 0.000223
14660 0.000001
14670 0.000018
14680 0.001736
14690 0.000068
14710 -0.000016
14720 0.000015
14730 0.000037
14740 0.000012
14750 -0.006228
14760 -0.000024
14770 0.000002
14780 -0.000002
14790 -0.001407
14800 0.000118
14810 0.000033
14820 -0.000091
14830 -0.000053
14840 0.000031
14850 0.000010
14860 0.000032
14870 0.000042
14880 -0.000061
14890 -0.000049
14900 -0.000041
14910 -0.000051
14920 -0.000388
14930 -0.000023
14940 -0.000041
14950 0.000049
14960 -0.000029
14970 0.000057
14980 0.000167
14990 -0.000055
15000 0.000387
15010 0.000013
15020 0.000346
15030 0.000006
15040 -0.000262
15050 0.000072
15060 0.000056
15070 -0.001043
15080 0.000056
15090 -0.000082
15100 0.000033
15120 -0.000026
15130 0.000316
15140 0.000027
15150 0.000015
15170 0.000022
15180 -0.000014
15190 -0.000031
15200 -0.000047
15210 -0.000179
15220 -0.000620
15230 -0.000047
15240 0.000021
15250 0.000026
15260 -0.000030
15270 0.000013
15280 -0.002821
15290 -0.000042
15310 0.000052
15320 0.000007
15330 -0.000045
15340 0.000079
15350 0.000012
15360 -0.000083
15370 0.000306
15380 -0.000020
15390 0.000062
15400 -0.000031
15410 0.000031
15420 0.000261
15430 0.000053
15440 -0.000018
15450 -0.000004
15460 0.000303
15470 0.000085
15480 0.000022
15490 -0.000036
15510 0.000017
15520 0.000021
15530 -0.000052
15540 0.000054
15560 -0.000045
15570 0.000018
15580 -0.000031
15600 0.000024
15610 -0.000031
15620 0.000003
15630 0.000156
15640 0.000128
15650 0.000028
15670 -0.000043
15680 0.000015
15690 0.000003
15700 0.000340
15710 0.000084
15740 0.000008
15760 0.000004
15770 -0.000009
15780 -0.000084
15790 -0.000029
15810 0.000060
15830 -0.000396
15840 0.000027
15850 -0.000037
15860 0.000383
15870 0.000037
15880 0.000017
15890 0.000006
15900 0.000148
15910 -0.000036
15920 0.000000
15930 0.000011
15940 -0.007299
15950 -0.000093
15960 -0.000054
15970 -0.000008
15990 0.000056
16000 -0.000181
16010 0.000067
16020 0.000031
16030 0.000001
16040 0.000045
16050 -0.000003
16060 -0.000040
16070 -0.000024
16080 0.000894
16090 0.000067
16100 0.000195
16110 -0.000003
16120 -0.000017
16130 -0.000041
16140 -0.000057
16150 0.000730
16160 -0.000012
16170 -0.000007
16180 -0.000179
16190 0.000093
16200 -0.000021
16210 -0.000021
16220 -0.000023
16230 -0.000039
16240 -0.000308
16250 0.000038
16260 0.000089
16270 -0.000046
16280 -0.000036
16290 -0.000115
16300 0.000012
16320 -0.000143
16330 0.000017
16340 0.000017
16350 -0.000200
16360 -0.000020
16370 0.000032
16380 0.000007
16390 0.000005
16400 -0.000405
16410 -0.000052
16420 0.000040
16430 0.000044
16440 0.000026
16450 -0.000103
16460 -0.000127
16470 -0.000001
16480 -0.000055
16490 -0.000014
16500 0.000109
16510 -0.000012
16520 0.000009
16530 -0.001337
16540 0.000013
16550 0.000092
16560 0.000024
16570 0.000004
16580 0.000036
16590 -0.000482
16600 -0.000035
16610 -0.000083
16620 -0.000108
16630 0.000008
16640 0.000080
16650 -0.000131
16660 -0.000027
16670 -0.000063
16680 0.000022
16700 0.000046
16710 0.000004
16720 0.000054
16740 0.000019
16750 0.000002
16760 0.000610
16770 0.000009
16780 0.000001
16790 0.000606
16800 -0.000044
16810 0.000052
16820 0.000030
16830 -0.000103
16840 -0.000032
16850 0.000065
16870 0.000018
16880 0.001419
16890 0.000008
16900 -0.000085
16910 0.000031
16920 0.000047
16930 -0.000003
16940 0.000027
16950 0.000247
16960 -0.000006
16970 0.000035
16980 0.000888
16990 0.000044
17000 -0.000068
17010 -0.000002
17020 0.000013
17030 0.000025
17040 -0.000020
17050 -0.000005
17060 0.000042
17070 -0.000009
17080 0.000030
17090 0.000006
17100 -0.001418
17110 -0.000055
17120 0.000099
17130 -0.000040
17140 -0.000020
17160 0.000129
17180 0.000049
17190 -0.000070
17200 -0.000022
17210 0.000022
17220 -0.000087
17240 -0.000121
17250 -0.000097
17260 0.000021
17270 0.001795
17280 -0.000057
17290 -0.000013
17300 -0.000027
17310 0.000006
17320 0.000021
17330 -0.000026
17340 -0.000060
17350 -0.000012
17360 0.000072
17370 0.000027
17380 0.001077
17390 0.000033
17400 -0.000045
17410 0.000013
17420 0.000027
17430 0.000033
17440 -0.000027
17450 0.000010
17460 0.000041
17470 0.000040
17480 0.000035
17490 0.000007
17500 0.000007
17510 0.000006
17520 0.000001
17530 -0.000059
17540 0.000022
17550 -0.000029
17560 0.000100
17570 0.000035
17580 -0.000049
17590 -0.000038
17600 0.000006
17610 -0.000010
17620 0.000733
17630 0.000461
17640 0.000002
17650 -0.000022
17660 0.000596
17670 -0.000025
17680 0.000055
17690 0.000044
17710 -0.000096
17720 -0.000046
17730 -0.000144
17740 0.000521
17760 0.000024
17770 0.000103
17780 -0.000005
17790 0.000130
17800 -0.000016
17810 0.000009
17820 0.000038
17830 0.000032
17840 -0.000022
17850 -0.000138
17860 -0.000090
17870 -0.000020
17890 -0.000327
17900 -0.000045
17910 -0.000057
17920 0.000122
17930 0.000014
17940 0.000008
17960 -0.000141
17970 0.000020
17980 0.000014
17990 0.000037
18000 0.000002
18010 0.000050
18020 -0.000010
18030 -0.000018
18040 0.000018
18050 -0.000030
18080 0.000034
18090 -0.000019
18100 -0.000068
18110 -0.000108
18120 0.000056
18130 -0.000232
18140 -0.000015
18150 -0.000017
18160 -0.000008
18170 0.000070
18180 0.000006
18190 0.000009
18200 0.000025
18210 0.000031
18220 -0.000029
18230 0.000032
18240 0.000004
18250 -0.000023
18260 -0.000024
18270 0.001667
18280 -0.000031
18310 -0.000053
18320 -0.000106
18330 0.000034
18340 -0.006141
18350 0.000048
18360 -0.000024
18370 0.000019
18380 -0.000017
18390 -0.000056
18400 0.000092
18410 0.000022
18420 0.000033
18430 0.000026
18450 0.000036
18460 -0.000044
18470 0.000076
18480 0.000660
18500 0.000094
18510 -0.000041
18520 0.000039
18530 -0.000051
18540 0.000838
18550 -0.000010
18560 -0.000087
18580 0.000076
18590 -0.000023
18600 0.000034
18620 0.000007
18630 -0.000009
18640 0.000077
18650 0.000004
18660 -0.000004
18670 -0.000059
18680 -0.000036
18690 -0.000019
18700 -0.000001
18720 -0.000033
18730 0.000029
18740 0.000010
18750 -0.000032
18760 -0.000573
18770 0.000020
18780 0.000018
18810 0.000013
18820 -0.001228
18830 0.000021
18840 -0.000014
18850 0.000005
18860 0.000019
18870 -0.000048
18880 0.000055
18890 0.000014
18910 0.001147
18920 -0.000047
18940 0.000046
18950 -0.000052
18960 -0.000037
18970 0.000008
18980 0.000017
19000 0.000088
19020 -0.000026
19030 0.000140
19040 -0.000031
19050 0.000022
19060 0.000221
19070 0.000023
19080 0.000033
19090 0.000037
19100 0.000018
19110 -0.000035
19120 -0.000039
19130 -0.000025
19140 0.000071
19160 0.000052
19170 -0.000133
19180 -0.000065
19190 -0.000000
19200 0.000011
19210 0.000028
19220 -0.000020
19230 0.000012
19240 0.000005
19250 -0.000120
19260 -0.000008
19270 0.000042
19290 -0.000010
19300 0.000026
19310 0.000018
19320 -0.000021
19330 0.000024
19340 -0.000017
19350 0.000079
19360 -0.000033
19370 -0.000093
19380 -0.000153
19390 0.000039
19400 -0.000048
19410 -0.000034
19420 -0.000062
19430 0.000312
19440 -0.000039
19460 0.000014
19470 0.000014
19480 -0.000018
19490 0.000234
19500 0.000024
19510 -0.000048
19520 -0.000036
19530 -0.000015
19540 0.000094
19550 0.000009
19560 -0.000075
19570 0.000001
19580 -0.000018
19590 0.000010
19600 -0.000003
19610 0.000001
19620 0.000022
19630 0.000050
19640 -0.000037
19650 -0.000031
19660 -0.000027
19670 -0.000016
19680 0.000021
19690 -0.000007
19700 -0.000093
19710 0.000076
19720 -0.000004
19730 -0.000002
19740 0.000099
19750 0.000137
19760 -0.000005
19780 0.000045
19790 -0.000043
19800 -0.000371
19810 -0.000015
19820 -0.000053
19830 -0.000003
19840 0.000039
19850 0.000017
19860 0.000105
19870 -0.000037
19880 0.000033
19890 -0.000127
19900 -0.000028
19910 0.000035
19920 -0.000010
19930 0.000002
19940 -0.000031
19950 0.000020
19960 0.000021
19970 0.000103
19980 -0.000060
19990 -0.000023
20000 0.000011
20010 0.000043
20020 -0.000071
20030 -0.000005
20040 -0.000002
20050 0.000002
20060 -0.000012
20070 0.000042
20080 0.000039
20090 0.000018
20100 0.000030
20110 -0.000007
20120 -0.000009
20130 0.000011
20140 -0.000088
20150 -0.000002
20160 0.000007
20170 -0.000087
20180 -0.000078
20190 -0.000041
20200 -0.003892
20210 -0.000079
20220 -0.000002
20230 0.000035
20240 -0.000034
20250 0.000072
20260 -0.000019
20280 -0.000003
20290 -0.000277
20300 0.000025
20310 -0.000073
20320 0.000052
20330 -0.000048
20340 -0.000033
20350 0.000051
20360 0.000008
20370 0.000092
20380 -0.000166
20390 0.000003
20400 0.000033
20410 -0.000623
20420 0.000073
20430 -0.000038
20440 0.000013
20450 0.000028
20460 0.000093
20470 0.000012
20480 0.000081
20490 -0.000097
20500 -0.000027
20510 -0.000009
20520 0.000050
20530 0.000084
20540 -0.000033
20570 0.000057
20580 0.000007
20600 0.000046
20610 0.000093
20630 -0.000019
20640 -0.000033
20650 0.000001
20660 -0.000089
20670 -0.000004
20690 -0.000016
20700 -0.000144
20710 0.000986
20720 -0.000060
20730 -0.000037
20740 0.000020
20750 -0.000001
20760 0.000001
20770 0.000087
20790 0.000021
20800 0.000019
20810 -0.000009
20820 0.000302
20830 -0.000014
20840 -0.000021
20850 0.000036
20860 0.000556
20870 -0.000051
20880 -0.000011
20890 0.000007
20900 -0.000312
20910 -0.000013
20920 -0.000024
20930 -0.000017
20940 0.000010
20950 -0.000031
20960 0.000007
20970 -0.000031
20980 -0.000011
20990 -0.000004
21000 -0.000022
21010 -0.000100
21020 0.000717
21030 -0.000003
21040 -0.000051
21050 -0.000216
21060 -0.000008
21070 0.000070
21080 0.000003
21100 -0.000010
21110 0.000031
21130 -0.000011
21140 -0.000018
21150 0.000029
21160 0.000038
21170 0.000035
21180 -0.000012
21190 0.000000
21210 -0.000058
21230 0.000064
21240 -0.000095
21250 0.000022
21260 -0.000040
21280 -0.000075
21290 -0.000015
21300 0.000025
21320 0.000014
21330 -0.000011
21340 0.000000
21350 -0.000008
21360 -0.000093
21370 0.000006
21390 -0.000023
21400 -0.000010
21420 0.000002
21430 -0.000045
21450 0.000386
21460 -0.000030
21470 0.000058
21480 0.000033
21490 0.000127
21500 0.000031
21510 -0.000350
21520 0.000055
21530 -0.000015
21540 0.000010
21550 -0.000005
21560 -0.000042
21570 -0.000015
21580 0.000016
21590 -0.000140
21600 -0.000031
21610 0.000961
21620 -0.000013
21630 0.000047
21640 -0.000005
21650 -0.000003
21660 -0.000019
21670 -0.000080
21680 0.000053
21690 -0.000034
21700 0.000055
21710 -0.000020
21720 -0.000008
21730 -0.000006
21740 -0.000028
21750 -0.000050
21760 -0.000008
21770 -0.004258
21780 0.000055
21790 -0.000011
21800 -0.000020
21810 0.000018
21820 0.000028
21830 0.000848
21840 0.000000
21850 -0.000026
21860 0.000003
21870 0.000380
21880 -0.000060
21890 0.000013
21900 0.000068
21920 0.000000
21930 0.000093
21940 0.000021
21950 0.000051
21960 0.000018
21970 0.000021
21980 -0.000033
21990 0.000120
22020 -0.000012
22040 -0.000018
22050 -0.000000
22060 0.000014
22070 -0.000031
22080 -0.000055
22090 -0.000063
22100 0.000035
22110 0.000088
22130 -0.000073
22140 -0.000033
22150 -0.000036
22160 0.001024
22170 0.000004
22180 -0.000004
22190 -0.000690
22200 0.000013
22210 -0.000033
22220 0.000074
22230 -0.000036
22240 0.000022
22250 -0.000017
22260 0.000001
22270 -0.000059
22280 0.000367
22290 0.000039
22300 0.000019
22310 -0.000039
22320 -0.000059
22330 0.000003
22340 -0.000015
22370 -0.000027
22390 -0.000052
22400 -0.000059
22410 -0.000008
22420 -0.000004
22430 -0.000055
22440 -0.000013
22460 -0.000018
22470 0.000022
22480 -0.000028
22490 -0.000053
22500 0.001510
22510 -0.003900
22520 0.000032
22530 0.000004
22540 -0.000008
22570 -0.000062
22580 -0.000037
22590 0.000031
22600 -0.000018
22610 -0.000010
22620 -0.000025
22630 0.000054
22640 -0.000032
22650 -0.004250
22660 0.000035
22670 0.000041
22680 0.000014
22690 -0.000007
22700 -0.000145
22710 0.000042
22720 0.000002
22730 0.000055
22740 0.000005
22750 0.000106
22770 0.000079
22780 0.000040
22790 0.000001
22800 -0.000006
22810 0.000013
22820 -0.000038
22830 -0.000033
22840 0.000037
22850 -0.000025
22870 -0.000016
22880 -0.000011
22890 0.000092
22900 -0.000034
22910 -0.000239
22920 -0.000035
22930 -0.000005
22940 -0.000075
22950 0.000011
22960 0.000017
22980 0.000016
23000 0.000025
23010 0.000030
23020 0.000019
23030 0.000086
23040 -0.000061
23050 0.000030
23060 0.000016
23080 0.000020
23090 0.000071
23100 0.000047
23110 0.000022
23120 -0.000003
23130 0.000036
23140 -0.000002
23170 -0.000050
23180 0.000001
23200 0.000006
23210 -0.000035
23220 -0.000071
23230 -0.000033
23240 0.000028
23250 0.000025
23270 -0.000008
23280 -0.000184
23290 -0.000021
23300 -0.000027
23310 -0.000047
23320 0.000050
23330 -0.000007
23340 -0.000031
23350 0.000302
23360 -0.000086
23370 -0.000075
23380 -0.000054
23390 -0.000043
23400 0.000018
23410 -0.000047
23420 0.000013
23430 -0.000046
23440 0.001002
23450 0.000107
23460 0.000027
23470 0.000007
23480 0.000015
23490 0.000009
23500 0.000006
23510 0.000287
23520 -0.000007
23530 0.000021
23540 -0.000010
23550 0.000610
23570 -0.000028
23580 0.000085
23600 0.000033
23610 0.000068
23620 -0.000012
23630 -0.000038
23640 -0.000013
23660 -0.000168
23670 0.000020
23680 -0.000035
23690 -0.000003
23700 0.000053
23710 0.000007
23720 -0.000014
23730 0.000061
23740 -0.000061
23750 -0.000039
23760 0.000029
23770 0.000010
23780 -0.000015
23790 0.000056
23800 -0.000028
23810 0.000031
23830 0.000007
23840 0.000033
23850 0.000087
23860 0.000029
23870 0.000029
23880 -0.000053
23890 0.000065
23900 -0.000019
23910 0.000020
23920 0.000047
23930 0.000011
23940 -0.000012
23970 0.000042
23980 -0.000003
23990 -0.000046
24000 -0.000051
24010 -0.000061
24020 0.000052
24030 0.000032
24050 -0.000027
24060 -0.000040
24070 -0.000030
24090 0.000036
24100 -0.000008
24110 0.000074
24120 -0.000030
24130 -0.000045
24140 0.000031
24150 -0.000026
24170 0.000045
24180 -0.000065
24190 0.000013
24200 -0.001003
24210 0.000020
24220 -0.000009
24230 -0.000045
24240 -0.000110
24250 -0.000003
24260 0.000017
24270 -0.000017
24280 0.000039
24290 0.000004
24300 0.000003
24310 -0.000210
24320 -0.000004
24330 0.000028
24340 0.000119
24350 0.000016
24360 -0.000038
24370 -0.000014
24380 0.000052
24390 -0.000030
24400 0.000008
24410 -0.000028
24420 0.000017
24430 -0.000163
24440 -0.000008
24450 -0.000062
24460 0.000012
24470 0.000043
24480 0.000015
24500 0.000004
24510 -0.000012
24520 -0.000172
24530 0.000264
24540 0.000015
24550 0.000001
24560 0.000001
24570 0.000019
24580 -0.000026
24600 -0.000029
24610 0.000020
24620 0.000148
24630 0.000019
24640 -0.000032
24650 0.000001
24670 0.000014
24680 -0.000122
24690 0.000029
24700 -0.000011
24710 -0.000004
24720 -0.000011
24730 -0.000003
24740 0.000034
24760 -0.000045
24770 0.000029
24780 0.000232
24790 0.000045
24800 0.000041
24810 0.000003
24820 -0.000053
24830 -0.000060
24840 -0.000108
24850 0.000012
24860 0.000014
24870 -0.000020
24880 0.000285
24890 0.000003
24900 0.000054
24910 -0.000026
24920 0.000082
24940 0.000010
24950 -0.000057
24960 0.000004
24970 0.000025
24980 0.000146
24990 0.000186
25000 0.000052
25010 -0.000052
25020 -0.000003
25030 0.000017
25040 -0.000026
25050 0.000008
25060 -0.000063
25070 0.000024
25080 -0.000057
25100 0.000079
25110 0.000008
25120 0.000054
25130 -0.000013
25140 -0.000021
25150 -0.000034
25160 0.000037
25170 0.000032
25180 -0.000061
25190 -0.000036
25200 -0.000010
25210 0.000038
25220 -0.000004
25230 -0.000056
25240 -0.001492
25250 -0.000536
25260 0.000007
25270 -0.000015
25280 -0.000191
25290 0.000012
25300 -0.000046
25310 -0.000022
25320 0.000031
25340 0.000294
25350 -0.000018
25370 0.000017
25410 -0.000042
25420 0.000003
25430 -0.000007
25440 0.000368
25450 0.000213
25460 0.000075
25470 0.000116
25480 0.000039
25490 -0.000003
25500 0.000019
25510 0.000033
25530 0.000010
25550 0.000030
25560 0.000002
25570 0.000064
25580 0.000042
25590 0.000015
25600 -0.000017
25610 0.000011
25620 -0.000015
25630 0.000036
25640 0.000027
25650 0.000067
25660 0.000078
25670 -0.000010
25680 -0.000010
25690 0.000010
25700 -0.000258
25710 0.000044
25720 0.000008
25730 0.001123
25740 -0.000013
25750 0.000007
25760 -0.000191
25770 0.000008
25780 0.000063
25790 -0.004287
25800 -0.000009
25810 -0.000019
25820 0.000037
25840 0.000078
25850 0.000028
25860 -0.000053
25870 0.000055
25880 0.000023
25890 -0.000043
25900 0.000240
25910 0.000054
25920 -0.000088
25930 -0.000036
25940 -0.000391
25950 0.000004
25960 -0.000146
25970 -0.000002
25980 0.000091
25990 -0.000029
26000 -0.000037
26010 -0.000064
26020 0.000050
26030 0.000005
26040 0.000048
26050 0.000019
26060 -0.000018
26070 0.000013
26080 0.000055
26090 0.000015
26100 -0.000004
26110 -0.000314
26120 0.000050
26140 -0.000002
26150 -0.000029
26160 -0.000011
26170 -0.000039
26180 0.000022
26190 0.000079
26200 0.000011
26210 0.000051
26220 -0.000012
26230 0.000023
26240 0.000017
26250 0.000004
26260 0.000035
26270 0.000090
26280 -0.000035
26290 0.000098
26300 -0.000109
26310 -0.000002
26320 0.000018
26330 0.000015
26340 -0.000007
26350 0.000036
26360 -0.000030
26370 -0.000005
26380 -0.000003
26390 -0.000040
26400 -0.000062
26410 -0.000011
26420 -0.000016
26430 0.000042
26440 -0.000063
26450 -0.000025
26460 -0.000075
26470 -0.000003
26480 -0.002079
26490 -0.000044
26500 0.000009
26510 -0.000085
26530 0.000073
26540 -0.000593
26550 -0.002414
26560 0.000018
26570 -0.005431
26580 0.000066
26590 0.000049
26610 0.000044
26620 0.000055
26640 0.000030
26650 -0.000030
26660 -0.000019
26670 0.000022
26680 0.000006
26690 -0.000020
26700 0.000003
26720 0.000006
26730 0.000007
26740 -0.000288
26750 0.000006
26760 -0.000016
26770 0.000110
26780 0.000235
26790 0.000025
26800 0.000010
26810 -0.000005
26820 -0.000061
26830 0.000230
26840 0.000010
26850 -0.000013
26860 0.000012
26870 -0.000257
26880 0.000005
26890 -0.000003
26900 -0.000718
26910 -0.000016
26920 0.000036
26930 -0.000033
26940 -0.000001
26950 0.000029
26960 0.000006
26970 0.000050
26980 0.000012
27000 -0.000002
27010 0.000904
27020 -0.000050
27030 0.000044
27040 -0.000044
27050 0.000037
27060 0.000558
27070 0.000254
27080 -0.000051
27090 0.000018
27100 -0.004665
27110 0.000036
27120 -0.000025
27130 0.000016
27140 0.000020
27150 -0.000054
27160 0.000027
27170 0.000005
27180 -0.000012
27190 0.000004
27200 0.000000
27210 -0.000012
27220 0.000030
27230 0.000009
27240 0.000614
27250 -0.000018
27260 0.000055
27280 -0.000014
27290 -0.000003
27300 -0.000033
27310 0.000030
27330 -0.000115
27340 -0.000311
27350 -0.000037
27360 0.000818
27380 -0.000000
27400 -0.004152
27420 0.000004
27430 -0.000028
27440 0.000006
27450 0.000013
27470 -0.000031
27480 -0.004002
27500 0.000046
27510 -0.000021
27520 -0.000015
27530 0.000029
27540 -0.000052
27550 0.000043
27560 0.000036
27570 -0.000035
27580 0.000169
27590 -0.000018
27600 -0.000022
27620 -0.000002
27630 0.000026
27640 -0.000029
27650 0.000037
27660 0.000027
27670 0.000026
27680 -0.000026
27690 -0.000030
27700 -0.000058
27710 -0.000019
27720 0.000991
27730 0.000014
27740 -0.000024
27750 0.000017
27760 0.000062
27770 0.000009
27780 0.000012
27790 0.000018
27800 0.000068
27810 0.000016
27830 0.000014
27840 -0.000043
27850 0.000013
27860 -0.000006
27870 0.000011
27880 -0.000041
27890 -0.000015
27910 -0.000029
27920 -0.000399
27930 -0.000039
27940 0.000029
27950 0.000029
27960 0.000010
27970 -0.000022
27980 0.000849
27990 -0.000067
28000 0.000101
28010 -0.000038
28030 -0.000012
28040 -0.000012
28060 -0.000026
28070 0.000000
28080 -0.000024
28090 0.000034
28110 -0.000020
28120 -0.000012
28130 0.000013
28140 0.000021
28150 0.000017
28160 -0.000013
28170 0.000000
28180 -0.000072
28190 0.000023
28200 0.000023
28210 0.001741
28220 -0.000003
28230 0.000001
28240 0.000013
28250 0.000012
28260 -0.000005
28270 -0.000012
28280 0.000048
28290 -0.000005
28300 -0.000034
28310 0.000001
28320 -0.000019
28330 0.000015
28340 0.000048
28350 0.000013
28360 -0.000225
28370 0.000069
28380 -0.000002
28390 0.000102
28400 0.000050
28410 -0.000027
28420 0.000113
28430 -0.000053
28440 -0.000009
28450 0.000001
28460 -0.000000
28480 -0.000025
28490 -0.000002
28500 -0.000000
28510 0.000024
28530 0.000025
28540 0.000012
28550 0.000003
28560 0.000021
28570 0.000002
28580 -0.000664
28590 -0.000029
28600 -0.001064
28610 -0.000040
28620 -0.000001
28630 -0.000072
28640 -0.000002
28650 -0.000051
28660 -0.000009
28670 0.000041
28680 0.000016
28690 -0.000009
28700 0.000037
28710 -0.000110
28720 0.000028
28730 -0.000037
28740 0.000121
28750 0.000002
28760 0.000038
28770 0.000023
28780 0.000014
28790 0.000004
28810 0.000000
28820 0.001211
28830 -0.000046
28840 -0.000056
28850 0.000062
28860 -0.000041
28890 -0.000020
28900 0.000045
28910 -0.000023
28920 -0.000034
28930 -0.000074
28940 -0.000010
28950 0.000031
28960 -0.000021
28970 -0.000112
28980 -0.000001
28990 0.000057
29010 0.000048
29020 0.000074
29030 0.000006
29040 -0.000018
29050 -0.000011
29060 0.000061
29070 -0.000180
29080 0.000074
29090 -0.000027
29100 0.000050
29110 0.000034
29120 0.000018
29130 -0.000004
29140 0.000038
29150 -0.001921
29160 -0.000016
29170 0.000046
29180 0.000103
29190 -0.000051
29200 -0.000039
29210 -0.000024
29220 -0.000033
29230 0.000310
29240 0.000043
29250 0.000016
29260 0.000085
29270 0.001697
29280 0.000001
29310 0.000008
29320 -0.000010
29330 -0.000044
29340 0.000023
29350 -0.000030
29360 0.000007
29380 -0.000073
29390 -0.000043
29410 0.000054
29420 0.000052
29430 0.000032
29440 0.000019
29450 0.000000
29470 0.000051
29480 0.000016
29500 -0.002799
29510 0.000001
29520 0.000006
29530 0.000090
29540 0.000020
29560 0.000007
29570 0.000015
29580 -0.000060
29590 -0.003087
29600 -0.000029
29610 -0.000004
29620 -0.000039
29630 0.000025
29640 0.000103
29650 -0.000030
29660 -0.000006
29670 -0.000409
29680 -0.000002
29690 0.000005
29700 0.000009
29710 -0.000044
29720 0.000009
29730 -0.000010
29740 0.000020
29750 0.000016
29760 -0.000047
29780 0.000006
29790 0.000107
29800 0.000022
29810 -0.004230
29820 -0.000023
29830 -0.000072
29840 0.000031
29850 0.000048
29860 -0.000003
29870 -0.000029
29880 0.000022
29890 0.000020
29900 -0.000112
29910 -0.000019
29920 0.000014
29930 -0.000028
29940 -0.000013
29950 0.000009
29960 0.000010
29970 0.000105
29980 -0.000011
29990 0.000005
30000 -0.000027
30010 -0.000021
30020 0.000016
30030 -0.000019
30040 0.000080
30050 0.000029
30060 0.000004
30070 0.000003
30080 0.000113
30090 -0.000000
30100 -0.000022
30110 -0.000026
30120 0.000027
30130 -0.000010
30140 0.000006
30150 0.000007
30160 -0.000069
30170 0.000017
30180 -0.000379
30190 0.000010
30210 0.000023
30220 0.000014
30230 -0.000014
30240 0.000022
30250 0.000005
30260 -0.000011
30270 0.000015
30280 0.000008
30290 -0.000044
30300 -0.000014
30310 -0.000008
30320 -0.000037
30330 0.000014
30340 -0.000005
30350 0.000006
30360 0.000001
30370 0.000014
30380 -0.000033
30390 0.000013
30400 -0.000010
30410 -0.000016
30420 -0.000071
30430 -0.000017
30450 -0.000035
30460 -0.000087
30470 -0.000013
30480 0.000010
30500 0.000030
30510 0.000032
30520 0.000050
30530 -0.000011
30540 -0.000021
30550 0.000001
30560 0.000087
30570 -0.000005
30580 -0.000036
30590 0.000021
30600 0.000065
30610 0.000011
30620 -0.000018
30630 0.000028
30640 -0.000024
30660 -0.000008
30670 0.000018
30680 0.000037
30690 -0.000097
30700 0.000006
30710 0.000007
30720 0.000163
30740 0.000027
30750 0.000033
30760 0.000026
30770 -0.000472
30780 0.000010
30790 0.000036
30800 -0.000037
30810 -0.000005
30820 -0.000019
30830 0.000012
30840 0.000009
30850 -0.000017
30860 -0.000001
30870 -0.000007
30880 0.000015
30890 0.000026
30900 0.000005
30910 0.000013
30920 -0.000026
30930 0.000016
30940 0.000025
30960 -0.003579
30970 0.000027
30980 -0.000009
30990 -0.000027
31000 0.000984
31010 -0.000192
31020 -0.003701
31030 0.000029
31040 0.000051
31050 0.000045
31060 -0.000013
31070 -0.000042
31090 -0.000026
31100 -0.000012
31110 0.000014
31120 0.000007
31130 0.000004
31140 -0.000004
31150 -0.000054
31160 -0.000021
31180 0.000025
31190 0.000002
31200 0.000016
31210 0.000007
31220 -0.000026
31230 -0.000046
31240 0.000018
31250 -0.000322
31260 0.000028
31270 0.000042
31280 0.000003
31290 0.000020
31300 -0.000148
31310 0.000035
31320 0.000046
31330 0.000085
31340 0.000004
31350 -0.000021
31360 0.000001
31370 0.000041
31390 0.000005
31400 -0.000060
31410 0.000003
31420 0.000029
31430 -0.000018
31440 -0.000029
31450 -0.000008
31460 0.000010
31470 -0.000018
31480 -0.000152
31490 0.000014
31500 0.000018
31510 0.000021
31530 0.000049
31540 0.000021
31550 0.000015
31560 0.000004
31570 -0.003408
31580 0.000085
31590 -0.000038
31610 -0.000004
31620 -0.000059
31630 -0.000005
31650 0.000009
31660 0.000080
31670 0.000006
31680 -0.003852
31690 0.000016
31700 0.000079
31710 -0.000014
31720 0.000032
31730 -0.000048
31740 -0.000017
31750 -0.000004
31760 0.000103
31780 0.001092
31790 0.000079
31800 0.000058
31810 0.000241
31820 0.000023
31830 0.000007
31840 -0.000307
31850 0.000042
31860 0.000011
31870 -0.000041
31880 0.000027
31900 -0.000011
31910 0.000005
31920 -0.000033
31930 -0.000021
31940 -0.000049
31950 -0.003787
31970 0.000015
31980 0.000058
31990 0.000244
32000 -0.000005
32010 0.000009
32020 0.000013
32030 0.000004
32040 -0.000003
32050 0.000011
32060 -0.000018
32070 0.000010
32080 0.000061
32090 0.000021
32100 0.000013
32110 0.000024
32120 -0.000009
32140 0.000005
32150 -0.000121
32170 -0.000008
32190 0.000293
32200 -0.000028
32210 0.000026
32220 0.000039
32230 0.000002
32240 -0.000042
32250 -0.000006
32260 0.000047
32270 0.000038
32280 -0.000003
32290 0.000107
32300 -0.000025
32310 0.000023
32320 0.000022
32330 -0.000001
32340 0.000009
32350 0.000025
32360 -0.000142
32370 -0.000007
32380 -0.000056
32390 0.000061
32400 -0.000019
32410 -0.000016
32420 0.000282
32430 0.000014
32440 -0.000037
32450 0.000001
32460 0.000017
32470 -0.000023
32480 0.000111
32500 -0.000010
32510 -0.000035
32520 0.000014
32530 0.000006
32540 0.000006
32550 -0.000004
32570 0.000009
32580 0.000006
32590 -0.000022
32600 0.000002
32610 0.000013
32620 -0.000003
32630 -0.000001
32640 -0.000011
32650 -0.000061
32660 -0.000006
32670 -0.000669
32680 0.000229
32690 0.000028
32700 -0.000029
32710 0.000005
32720 0.000054
32730 -0.000008
32740 0.000020
32750 -0.000007
32760 0.000374
32770 0.000040
32780 -0.004493
32790 0.000037
32800 0.000033
32810 0.000062
32820 0.000023
32830 -0.000004
32840 -0.000019
32850 -0.000019
32860 -0.000013
32870 0.000001
32880 -0.000037
32890 0.000024
32900 0.000006
32910 0.000014
32920 -0.000041
32930 -0.003893
32940 -0.000023
32950 -0.000245
32960 0.000023
32970 0.000017
32980 -0.000000
32990 0.000458
33010 0.000042
33020 0.000033
33030 0.000028
33050 0.000009
33080 0.000005
33090 0.000062
33100 0.000057
33110 -0.000042
33120 -0.000029
33130 -0.000028
33140 -0.000022
33150 0.000142
33160 0.000005
33170 0.000016
33180 -0.000001
33190 -0.000028
33200 0.000026
33210 0.000018
33220 0.000115
33230 0.000008
33240 0.000343
33250 0.000004
33260 -0.000077
33270 -0.000020
33290 -0.000012
33300 -0.000281
33310 0.000002
33320 -0.000002
33330 0.000158
33340 0.000028
33360 -0.000039
33370 0.000017
33400 -0.000028
33410 -0.000004
33420 -0.000006
33440 -0.000020
33450 -0.000018
33470 0.000123
33490 -0.000016
33500 0.000022
33510 -0.000005
33520 -0.000022
33530 0.000006
33540 0.000367
33550 -0.000014
33560 -0.000029
33570 0.000004
33580 -0.000026
33590 -0.000009
33600 0.000010
33610 0.000015
33620 0.000054
33630 -0.000001
33650 0.000085
33660 0.000009
33670 0.000009
33680 -0.000015
33690 -0.000546
33700 -0.000099
33710 -0.000241
33720 -0.000008
33730 -0.000030
33740 -0.000014
33750 0.000025
33760 0.000007
33770 -0.003998
33780 -0.000037
33790 -0.000068
33800 0.000017
33810 -0.000023
33820 -0.000016
33830 0.000011
33840 -0.000034
33850 0.000004
33860 0.000009
33870 -0.000039
33880 0.000053
33890 -0.000018
33900 0.000003
33910 0.000068
33920 -0.000009
33930 -0.000035
33940 -0.000023
33950 0.000018
33960 -0.000017
33970 -0.000041
33980 -0.000011
33990 0.000031
34010 -0.000087
34020 -0.000050
34040 -0.000011
34050 0.000031
34060 -0.000245
34070 0.000032
34080 -0.000007
34090 0.000010
34100 -0.003956
34110 -0.000029
34120 0.000001
34130 0.000036
34140 -0.000040
34160 -0.000018
34170 -0.000018
34180 0.000032
34190 -0.000004
34200 -0.000037
34210 0.000052
34220 0.000013
34230 -0.000362
34240 -0.000041
34250 -0.003600
34260 0.000012
34270 -0.000027
34290 -0.000038
34300 0.000045
34310 -0.000019
34320 -0.000033
34340 -0.000018
34360 -0.000014
34370 0.000011
34380 0.000018
34390 -0.000044
34400 -0.000005
34410 -0.000010
34420 0.000027
34440 -0.000093
34450 0.000007
34460 -0.000050
34470 -0.000017
34480 -0.000044
34490 -0.000005
34500 0.000193
34510 0.000002
34520 0.000035
34530 0.000110
34540 0.000026
34550 -0.000026
34560 0.000008
34570 -0.000063
34580 0.000026
34590 0.000066
34600 0.000008
34610 0.001793
34620 0.000055
34640 0.000015
34650 0.000005
34660 -0.000020
34670 -0.000264
34690 -0.000013
34700 0.000004
34710 -0.000008
34720 0.000002
34730 0.000008
34740 0.000128
34750 -0.000097
34770 0.000016
34780 0.000498
34800 -0.000009
34820 -0.000048
34830 0.000005
34840 -0.000008
34850 -0.000014
34860 0.001902
34870 -0.000017
34880 0.000020
34890 0.000015
34900 0.000249
34910 -0.000070
34920 0.000004
34930 -0.000038
34940 0.000010
34950 0.000019
34960 -0.000052
34970 0.000044
34980 0.000015
34990 0.000008
35020 -0.000063
35030 -0.003340
35040 0.000927
35050 0.000064
35060 0.000010
35080 0.000019
35100 -0.000001
35110 -0.000079
35120 0.000006
35130 -0.000022
35140 0.000015
35150 -0.000008
35160 0.000025
35170 -0.000015
35190 0.000000
35200 0.000012
35210 -0.000047
35230 -0.000009
35240 -0.000184
35250 0.000162
35260 -0.000592
35270 -0.000022
35280 0.000014
35290 -0.000009
35300 -0.000018
35330 0.000057
35340 0.000040
35350 0.000030
35360 -0.000062
35380 0.000108
35390 -0.000010
35400 -0.000118
35410 0.000003
35420 0.000026
35430 0.000055
35440 0.000008
35450 -0.000060
35460 -0.003588
35470 0.000001
35480 -0.000080
35490 -0.000017
35510 -0.000004
35520 0.000016
35530 -0.003491
35540 -0.003894
35550 -0.000011
35560 -0.000006
35570 -0.000006
35580 -0.000003
35590 0.000028
35600 -0.000014
35610 -0.000032
35620 0.000036
35630 0.000070
35650 -0.000016
35660 0.000022
35670 0.000034
35690 0.000023
35710 0.000731
35720 -0.000020
35730 0.000036
35740 0.000012
35750 0.000015
35760 -0.000031
35770 0.001130
35780 -0.000019
35790 0.000020
35800 0.000213
35820 -0.000007
35830 -0.000007
35840 -0.003641
35850 -0.000086
35860 -0.000016
35870 -0.000007
35880 0.000008
35890 0.000011
35900 0.000004
35910 0.000043
35920 -0.000010
35930 0.000022
35940 0.000008
35950 0.000016
35970 0.000029
35980 -0.000040
35990 0.000009
36000 -0.000036
36010 0.000333
36020 -0.000042
36030 0.000024
36040 0.000012
36070 -0.000055
36080 0.000034
36090 0.000022
36100 0.001384
36110 -0.000012
36120 -0.000023
36130 -0.000002
36140 0.000010
36150 0.000016
36160 0.000022
36170 0.000006
36180 0.000016
36190 0.000401
36200 0.000779
36210 -0.000045
36220 -0.000045
36230 -0.000020
36240 -0.000006
36250 0.000364
36260 -0.000023
36270 0.000016
36280 -0.000022
36290 -0.003512
36300 -0.000248
36310 -0.000033
36320 0.000025
36330 -0.000005
36340 -0.000017
36350 -0.000005
36360 0.000009
36370 0.000017
36380 -0.000001
36390 0.000014
36400 -0.000049
36410 0.000020
36420 -0.000029
36430 0.000017
36440 -0.000069
36450 0.000006
36460 0.000023
36470 -0.000010
36480 0.000038
36490 -0.001264
36500 0.000033
36510 -0.000041
36520 0.000016
36530 0.000007
36540 0.000033
36550 -0.000038
36560 0.000034
36570 -0.000025
36580 -0.000015
36590 -0.000011
36600 0.000053
36610 0.000015
36620 -0.000046
36630 0.000015
36640 -0.000016
36650 -0.000054
36660 -0.000057
36670 -0.000216
36690 -0.000051
36700 0.000005
36710 0.000062
36720 0.000004
36730 -0.000010
36740 -0.000021
36760 0.000004
36770 0.000006
36780 0.000021
36790 -0.000000
36800 0.000003
36810 0.000001
36830 0.000024
36850 0.000016
36860 -0.000025
36880 -0.000021
36890 0.000017
36900 0.000000
36910 -0.000020
36920 -0.000013
36930 -0.000009
36940 0.000010
36950 0.000022
36960 0.000007
36970 -0.000021
36980 0.000002
36990 -0.000049
37000 0.000038
37010 0.000011
37020 -0.000041
37030 -0.000017
37040 -0.000010
37050 -0.000003
37060 0.000014
37070 0.000011
37080 0.000895
37090 0.000018
37100 -0.000007
37110 -0.000049
37120 -0.000046
37130 0.000025
37140 0.000002
37150 0.000013
37160 -0.000011
37170 0.000018
37180 0.000008
37200 -0.000047
37210 0.000333
37220 0.000053
37230 -0.000032
37240 0.000006
37250 0.000002
37260 0.000005
37270 0.000088
37280 -0.000004
37290 -0.000038
37300 -0.000005
37310 -0.000005
37320 0.000065
37330 -0.000036
37340 0.000027
37350 0.000007
37370 -0.000012
37380 -0.000016
37390 -0.000019
37400 -0.000028
37410 0.000030
37420 0.000001
37430 0.000028
37440 0.000012
37450 -0.000158
37460 0.000027
37470 -0.000028
37480 -0.000135
37500 -0.000021
37510 0.000054
37520 0.000030
37530 -0.000009
37540 0.000007
37550 -0.000013
37560 -0.000006
37570 -0.000034
37580 0.000338
37590 -0.000037
37600 -0.000095
37610 0.000031
37620 -0.002831
37630 -0.000000
37640 -0.000018
37650 0.000006
37670 -0.000051
37680 -0.000011
37690 -0.000026
37700 -0.000078
37710 0.000030
37720 0.000043
37730 0.000000
37750 -0.000378
37760 0.000011
37790 -0.000012
37800 -0.000419
37810 -0.000025
37820 -0.000042
37830 -0.000055
37840 0.000073
37850 -0.000095
37860 0.000026
37870 0.000030
37880 0.000016
37900 0.000107
37910 -0.000003
37930 -0.000032
37940 -0.000015
37950 -0.000009
37960 0.000014
37970 -0.000004
37980 0.000106
37990 0.000049
38000 0.000015
38020 0.000037
38030 0.000023
38040 -0.000029
38050 -0.003619
38060 -0.000031
38070 0.000005
38080 0.000019
38090 -0.000060
38100 -0.000014
38110 -0.000016
38120 0.000011
38130 0.000017
38140 -0.000029
38150 0.000006
38160 -0.000008
38180 -0.000009
38190 -0.002959
38200 -0.000029
38210 0.000009
38220 -0.000013
38230 0.000136
38240 0.000010
38250 -0.000009
38260 0.000004
38270 0.000042
38280 -0.000011
38290 -0.000015
38300 -0.000047
38310 0.000002
38320 0.000011
38340 -0.000043
38350 0.000031
38360 0.000004
38370 0.000080
38380 0.000005
38390 -0.000019
38400 0.000067
38410 0.000992
38430 -0.000035
38440 -0.000006
38450 -0.000048
38460 0.000211
38470 0.000015
38480 0.000022
38490 -0.000045
38500 -0.000087
38510 -0.000140
38520 -0.000037
38530 -0.000031
38550 -0.000006
38560 0.000023
38570 -0.000011
38580 -0.000013
38590 0.000033
38600 0.000194
38610 -0.000003
38620 -0.000006
38640 -0.003598
38650 0.000027
38660 0.000007
38670 0.000002
38680 0.000153
38690 -0.000021
38700 -0.000037
38710 0.000008
38720 -0.000012
38730 -0.000009
38740 0.000032
38750 0.000016
38760 -0.000002
38770 -0.000003
38780 -0.000016
38790 -0.000040
38800 0.000013
38810 -0.003884
38820 0.000002
38830 -0.000009
38840 0.000024
38850 -0.000028
38860 -0.000002
38870 -0.000001
38880 -0.000055
38890 -0.000029
38900 -0.000069
38910 0.000028
38920 0.000013
38930 0.000011
38940 0.000020
38960 0.000017
38980 -0.000021
38990 -0.000012
39010 0.000007
39030 -0.000003
39040 0.000028
39050 -0.000003
39060 0.000006
39070 0.000003
39080 0.000023
39090 0.000132
39100 -0.002201
39110 0.000014
39130 0.000008
39140 0.000084
39150 0.000006
39160 -0.000005
39170 0.000026
39180 -0.000013
39190 0.000028
39200 0.000033
39210 -0.000018
39220 0.000007
39230 0.000034
39240 0.000103
39250 -0.000033
39260 -0.000045
39270 0.000021
39280 -0.000025
39290 -0.000010
39300 -0.000001
39310 0.000055
39320 0.000045
39330 -0.000008
39340 -0.000028
39350 -0.000007
39360 0.000008
39370 -0.000120
39380 -0.000104
39390 -0.000033
39400 -0.000033
39410 0.000012
39420 0.000001
39430 -0.000011
39440 0.000026
39450 0.000074
39460 -0.000004
39480 0.000024
39490 0.000023
39500 0.000043
39510 -0.000003
39520 0.000000
39530 0.000016
39540 -0.000028
39550 0.000037
39560 0.000008
39570 -0.000019
39590 -0.000018
39600 -0.000022
39620 0.000763
39630 -0.000036
39640 -0.000019
39650 0.000004
39660 -0.000467
39670 0.000005
39680 0.000030
39690 0.000036
39710 -0.000012
39720 0.000330
39730 0.000023
39740 -0.000024
39760 0.000008
39770 0.000016
39780 0.000069
39790 0.000016
39810 -0.000017
39820 -0.000011
39830 0.000014
39840 0.000006
39850 -0.000026
39860 -0.000003
39870 0.000025
39880 0.000022
39890 -0.000007
39910 -0.003347
39920 0.000049
39930 -0.000013
39940 -0.000000
39950 0.000013
39960 -0.000020
39970 0.000026
39980 0.000025
39990 0.000022
40000 0.000187
40010 0.000004
40020 -0.000026
40030 -0.000217
40040 -0.000080
40050 0.000019
40060 -0.000047
40070 0.000029
40080 -0.000001
40090 0.000019
40100 0.000041
40110 0.000029
40120 -0.000049
40140 -0.000026
40150 0.000037
40160 0.000027
40180 -0.000545
40190 0.000006
40200 0.000004
40210 -0.000002
40220 0.000025
40230 0.000007
40240 -0.000260
40250 -0.000030
40260 0.000010
40270 0.000019
40280 0.000013
40290 -0.000027
40300 -0.000004
40310 0.000013
40320 0.000010
40330 0.000017
40340 0.000028
40350 -0.000003
40360 0.000002
40370 -0.000614
40380 -0.000129
40390 -0.000100
40400 -0.000044
40410 -0.000026
40420 0.000003
40440 0.000600
40450 -0.000006
40460 0.000010
40470 -0.000017
40480 0.000004
40490 -0.000005
40500 0.000003
40510 -0.000030
40520 0.000033
40530 -0.000012
40550 0.000016
40560 0.000053
40570 -0.000024
40580 -0.000092
40590 0.000018
40600 0.000020
40610 0.000027
40620 -0.000004
40630 -0.000005
40640 0.000013
40650 -0.000002
40660 -0.000007
40670 0.000027
40680 -0.001418
40690 0.000038
40700 0.000015
40710 -0.000014
40720 -0.000000
40730 0.000008
40740 -0.000027
40750 -0.000013
40770 -0.000007
40780 -0.000002
40800 0.000005
40810 0.000021
40820 0.000009
40830 0.000038
40840 0.000033
40850 -0.000051
40860 -0.000056
40870 0.000033
40880 0.000031
40890 0.000019
40900 -0.000043
40910 0.000010
40920 0.000013
40930 -0.000044
40940 0.000391
40950 -0.000010
40960 0.000056
40970 -0.000026
40990 0.000018
41000 -0.000004
41010 0.000017
41020 -0.000002
41030 0.000049
41040 -0.000056
41060 -0.000004
41070 0.000035
41080 -0.000007
41090 -0.000030
41100 0.000020
41110 0.000013
41120 -0.000007
41130 0.000029
41140 -0.000010
41150 -0.000011
41160 -0.000004
41170 -0.000058
41180 0.000025
41190 -0.000023
41200 -0.000038
41210 0.000022
41220 0.000017
41240 0.000009
41250 -0.003349
41260 0.000016
41270 -0.000052
41280 -0.000059
41290 -0.000020
41300 -0.000010
41310 -0.000059
41320 -0.000055
41330 0.000001
41340 -0.000089
41350 -0.000005
41360 -0.000027
41370 0.000013
41380 -0.000002
41390 -0.000008
41400 0.000070
41410 0.000004
41430 -0.000065
41440 0.000005
41450 -0.000020
41460 -0.000026
41470 0.000059
41480 -0.000060
41500 0.000185
41510 0.000023
41520 -0.000052
41530 0.000013
41540 0.000015
41550 -0.000020
41560 -0.000020
41570 -0.000029
41580 0.000019
41590 0.000011
41600 -0.000011
41610 0.000126
41620 -0.000111
41630 -0.000034
41640 -0.000028
41650 0.000019
41660 -0.000003
41670 -0.000007
41680 0.000079
41690 -0.000052
41700 -0.000252
41710 -0.003583
41720 -0.000017
41740 0.000024
41750 0.000028
41760 0.000009
41770 0.000021
41780 -0.000006
41790 0.000005
41810 -0.000038
41820 0.000052
41830 0.000003
41840 -0.000014
41870 -0.000007
41880 -0.000008
41890 -0.000005
41900 -0.000017
41910 0.000107
41920 0.000017
41930 0.000041
41940 0.000022
41950 0.000006
41960 0.000024
41970 -0.000007
41980 0.000108
42000 -0.000123
42010 -0.000036
42020 -0.000002
42030 -0.000142
42040 -0.000069
42050 -0.000166
42060 0.000014
42080 0.000002
42090 -0.000048
42100 -0.000023
42110 0.000024
42120 -0.000035
42150 0.000012
42160 -0.000014
42170 -0.000021
42180 -0.000004
42190 0.000013
42220 -0.000006
42230 -0.000020
42240 -0.000018
42250 -0.000003
42260 0.000007
42270 0.000050
42280 -0.000035
42290 -0.000009
42300 0.000001
42310 -0.000033
42320 -0.000059
42330 0.000008
42340 0.000002
42350 0.000129
42360 0.000010
42370 -0.000013
42380 -0.001111
42390 0.000020
42400 -0.000010
42410 -0.000006
42420 0.000020
42430 0.000011
42440 -0.000019
42450 -0.000001
42460 -0.000013
42480 0.000017
42500 0.000017
42510 0.000028
42520 -0.000018
42530 0.000020
42540 0.000030
42550 -0.000022
42560 0.000040
42570 0.000020
42580 -0.000018
42590 0.000116
42600 -0.000018
42610 0.000012
42620 -0.000044
42630 -0.000494
42640 -0.000012
42650 0.000011
42660 0.000019
42670 -0.000076
42680 0.000042
42690 -0.003286
42700 0.000007
42710 0.000028
42720 -0.000015
42730 -0.000050
42740 -0.000008
42750 0.000014
42760 -0.000054
42770 0.000004
42780 -0.000010
42790 -0.000004
42800 -0.000025
42810 0.000006
42820 -0.000017
42830 -0.000044
42840 0.000067
42860 0.000006
42870 0.000034
42880 0.000047
42890 -0.000005
42900 -0.000017
42910 0.000033
42920 -0.000090
42930 -0.000008
42940 -0.000015
42950 -0.000008
42960 0.000001
42970 0.000276
42980 0.000016
42990 -0.000039
43000 0.000020
43010 0.000025
43020 0.000020
43030 0.000100
43040 -0.000017
43060 0.000058
43070 0.000009
43090 -0.000045
43100 0.000721
43110 -0.002888
43120 -0.000006
43130 -0.000016
43140 0.000193
43150 0.000077
43160 -0.000016
43170 -0.000001
43180 0.000050
43190 0.000082
43200 -0.000014
43210 0.000043
43220 -0.000027
43230 -0.000014
43240 -0.000021
43250 -0.000003
43260 0.000035
43270 -0.000028
43280 0.000002
43290 -0.000003
43300 -0.000022
43330 -0.000018
43350 0.000008
43360 0.000005
43370 0.000014
43380 0.000062
43390 -0.000001
43400 0.000024
43410 0.000055
43420 -0.000008
43430 -0.000001
43440 0.000021
43450 -0.000007
43460 0.000034
43480 0.000003
43490 0.000013
43500 -0.000043
43510 0.000069
43520 -0.000007
43530 -0.000014
43540 0.000042
43550 -0.000568
43560 -0.000008
43570 -0.000007
43580 -0.000027
43590 0.000286
43600 -0.000032
43610 0.000008
43620 0.000022
43630 -0.000032
43640 -0.000016
43650 -0.000009
43660 -0.000037
43670 0.000019
43680 0.000025
43690 0.000002
43710 0.000042
43720 -0.000013
43730 0.000024
43740 0.000009
43760 -0.000033
43770 0.000056
43780 -0.000004
43790 0.000037
43800 -0.000047
43810 0.000035
43820 -0.000051
43830 0.000003
43840 0.000009
43850 0.000008
43860 0.000026
43870 0.000004
43880 -0.000004
43900 0.000006
43910 -0.000022
43920 -0.000012
43930 0.000028
43940 0.000505
43950 -0.000018
43960 0.000020
43970 -0.000018
43980 0.000020
43990 -0.000027
44000 -0.000010
44010 0.000026
44020 -0.000052
44030 0.000060
44040 -0.000019
44060 -0.000009
44070 -0.000011
44080 -0.000168
44090 0.000004
44100 0.000025
44110 0.000000
44120 -0.000009
44130 -0.000021
44140 -0.000025
44150 0.000039
44160 0.000027
44170 -0.000007
44180 0.000005
44190 0.000026
44200 0.000049
44210 -0.000027
44230 -0.000018
44240 -0.000014
44250 0.000172
44260 -0.000027
44270 0.000034
44290 0.000012
44300 0.000011
44310 0.000049
44320 0.000021
44330 -0.000023
44340 0.000004
44350 -0.000073
44360 -0.000005
44370 0.000005
44380 0.000010
44390 -0.000016
44400 0.000048
44410 0.000023
44420 0.000524
44440 -0.000027
44450 -0.000017
44460 -0.000406
44470 0.000008
44480 0.000004
44490 -0.000030
44500 -0.001183
44510 0.000026
44520 0.000071
44560 -0.000023
44570 -0.000020
44580 -0.000036
44590 0.000012
44600 0.000001
44610 0.000034
44620 0.000040
44630 0.000014
44640 -0.000007
44650 -0.000051
44660 0.000006
44670 -0.000023
44690 -0.000006
44700 0.000006
44710 -0.000007
44720 -0.000024
44750 -0.000016
44760 -0.000009
44770 -0.000429
44780 0.000008
44790 0.000001
44800 0.000013
44810 -0.000015
44820 -0.000020
44830 0.000262
44840 -0.000035
44850 -0.000004
44860 -0.000142
44870 -0.000005
44890 0.000191
44900 -0.000017
44910 0.000002
44920 0.000030
44930 -0.000032
44940 -0.000052
44950 -0.000020
44960 0.000002
44970 0.000011
44980 -0.000003
44990 -0.000232
45000 0.000015
45010 -0.000023
45020 -0.003871
45030 -0.000011
45040 0.000596
45050 0.000004
45060 0.000813
45070 -0.000085
45090 0.000007
45100 0.000002
45110 -0.000004
45120 0.000014
45130 -0.000003
45140 0.000035
45160 0.000027
45170 0.000003
45180 -0.000033
45190 -0.000026
45200 -0.000016
45210 -0.000004
45230 0.000006
45240 0.000011
45270 -0.000025
45280 0.000016
45290 0.000032
45300 0.000005
45310 0.000029
45320 -0.000051
45330 0.000016
45340 0.000002
45350 -0.000021
45360 0.000022
45370 0.000000
45380 0.000051
45390 -0.000008
45400 -0.000013
45410 -0.000023
45420 0.000011
45430 -0.000044
45440 0.000052
45450 0.000030
45460 -0.000022
45470 0.000029
45480 -0.000011
45490 0.000021
45500 0.000020
45510 0.000027
45520 -0.000161
45530 0.000006
45540 -0.000004
45550 -0.000160
45560 -0.000040
45580 -0.000034
45590 -0.000003
45600 0.000015
45610 0.000018
45620 -0.000005
45630 0.000015
45640 0.000007
45650 0.000298
45660 0.000001
45680 -0.000006
45690 -0.003416
45700 0.000001
45710 -0.000004
45720 0.000011
45730 0.000031
45740 -0.000093
45750 -0.000021
45760 0.000016
45770 -0.000015
45780 0.000022
45790 -0.000010
45800 0.000013
45810 -0.000006
45820 0.000005
45830 -0.000001
45840 0.000013
45850 -0.000025
45870 0.000013
45880 -0.000008
45890 0.000018
45900 -0.000004
45910 -0.000032
45920 0.000025
45930 -0.003432
45940 0.000011
45950 -0.000013
45960 0.000007
45980 -0.000006
45990 0.000035
46000 -0.000007
46010 0.000014
46020 0.000061
46030 -0.000018
46040 -0.000019
46050 -0.000013
46060 -0.000113
46070 0.000035
46080 -0.000017
46090 0.000010
46100 0.000015
46110 0.000015
46120 -0.000002
46130 -0.000014
46140 -0.000028
46150 0.000000
46160 0.000026
46170 -0.000007
46190 0.000030
46200 0.000008
46210 0.000022
46220 0.000024
46230 -0.000004
46240 -0.000005
46260 0.000012
46270 -0.000005
46280 -0.000004
46290 -0.000011
46300 -0.000002
46310 -0.000026
46320 -0.003352
46330 -0.000024
46340 -0.003313
46350 0.000007
46360 -0.000014
46370 -0.000008
46380 0.000006
46390 0.000003
46420 -0.000001
46430 0.000018
46440 0.000018
46450 -0.000023
46460 -0.000023
46470 0.000013
46480 -0.000002
46490 -0.000016
46500 0.000006
46520 0.000012
46530 -0.000006
46540 0.000099
46560 0.000026
46570 -0.000025
46580 0.000008
46590 0.000200
46600 0.000005
46610 0.000000
46620 0.000015
46630 0.000007
46660 -0.000019
46670 0.000009
46680 0.000003
46690 0.000000
46700 0.000032
46720 0.000008
46730 0.000251
46740 0.000036
46750 -0.000000
46760 -0.000110
46770 -0.000001
46780 -0.000004
46800 0.000004
46810 0.000022
46830 -0.000055
46840 0.000023
46860 -0.000006
46870 -0.000017
46880 0.000034
46890 -0.000060
46900 0.000015
46910 0.000055
46920 0.000023
46930 0.000037
46940 0.000030
46950 -0.000009
46960 0.000017
46970 0.000015
46980 0.000010
46990 0.000014
47000 0.000005
47010 0.000023
47020 -0.000343
47030 0.000006
47040 0.000017
47060 -0.000041
47070 -0.000002
47080 -0.000038
47090 0.000003
47100 0.000010
47120 -0.000000
47130 -0.000011
47140 0.000012
47150 -0.000042
47160 0.000020
47170 -0.000020
47190 -0.000002
47200 -0.000000
47230 0.000018
47250 0.000023
47260 -0.000026
47270 0.000004
47280 0.000022
47290 0.000004
47310 0.000014
47320 -0.000003
47330 0.000038
47340 0.000018
47350 -0.000008
47360 -0.000008
47370 0.000201
47380 -0.000002
47390 0.000011
47400 0.000025
47410 -0.000757
47430 0.000005
47440 0.000010
47450 0.000010
47460 -0.000000
47470 -0.000009
47480 0.000002
47490 -0.000035
47500 0.000034
47510 -0.000173
47520 0.000015
47530 0.000015
47540 -0.000002
47550 0.000026
47560 0.000011
47570 -0.003549
47580 0.000038
47590 -0.003122
47600 -0.000020
47610 0.000022
47620 0.000000
47630 0.000011
47640 0.000002
47650 0.000049
47670 0.000003
47680 0.000025
47690 0.000007
47700 0.000021
47710 -0.000017
47720 -0.003485
47730 0.000109
47740 -0.000020
47750 -0.000005
47760 -0.000018
47780 -0.000007
47790 -0.000016
47800 -0.002752
47810 -0.000012
47820 0.000013
47830 0.000028
47840 0.000026
47850 -0.000465
47860 0.000003
47870 -0.002679
47880 -0.000011
47890 -0.000071
47900 -0.000001
47910 -0.000004
47920 0.000001
47930 0.000068
47950 0.000037
47960 -0.000084
47970 -0.000006
47980 0.000002
47990 -0.000031
48000 0.000020
48020 0.000040
48030 0.000024
48040 -0.000041
48050 0.000036
48060 -0.000069
48070 -0.000020
48080 0.000018
48100 -0.000003
48110 -0.000003
48120 -0.000015
48130 0.000539
48140 -0.000022
48150 -0.000004
48160 0.000037
48170 -0.000013
48180 0.000020
48200 -0.000030
48210 0.000001
48220 0.000039
48230 0.000022
48240 -0.000019
48250 -0.000008
48260 -0.002728
48270 -0.000001
48280 0.000019
48290 -0.001428
48300 -0.000028
48310 -0.000003
48320 -0.000072
48330 0.000025
48350 -0.000019
48360 0.000003
48370 0.001159
48380 -0.000024
48390 -0.000023
48400 -0.000015
48410 -0.000059
48420 0.000017
48430 -0.000013
48440 -0.000026
48450 0.000018
48460 -0.000042
48470 -0.000010
48480 -0.000012
48490 -0.000010
48500 -0.000026
48510 0.000032
48520 -0.000006
48530 0.000021
48540 -0.000021
48550 0.000002
48560 -0.000014
48570 -0.000012
48580 -0.000042
48590 -0.000025
48600 0.000002
48610 -0.000021
48620 -0.000014
48630 0.000013
48650 -0.000018
48660 -0.000032
48670 0.000015
48680 -0.000011
48690 0.000016
48700 0.000011
48710 0.000020
48720 -0.000016
48730 0.000010
48740 -0.000014
48750 0.000001
48760 0.000066
48770 -0.000033
48780 0.000021
48790 0.000028
48800 -0.000020
48810 0.000005
48820 -0.000002
48830 0.000011
48840 -0.000005
48860 0.000301
48870 -0.000011
48880 -0.000017
48890 0.000012
48900 -0.000005
48910 -0.000029
48920 0.000008
48930 0.000013
48940 -0.000001
48950 -0.000106
48960 0.000260
48970 -0.000024
48980 0.000004
48990 0.000018
49000 -0.000337
49010 0.000024
49020 -0.000001
49030 -0.000018
49040 -0.000017
49050 -0.000011
49060 0.000010
49070 -0.000001
49090 0.000010
49100 0.000003
49110 0.000001
49120 0.000012
49130 0.000011
49140 -0.000006
49150 0.000043
49160 0.000024
49170 -0.000003
49190 -0.000191
49200 -0.000030
49210 -0.000032
49220 -0.000023
49230 0.000015
49240 0.000038
49250 -0.000046
49260 0.000022
49270 -0.000021
49280 0.000003
49290 0.000003
49310 -0.000017
49320 0.000009
49330 -0.000004
49340 0.000001
49350 -0.000000
49370 -0.000041
49390 0.000006
49400 0.000035
49410 0.000010
49420 -0.000002
49430 -0.000020
49440 -0.000001
49450 -0.000024
49460 0.000008
49470 0.000049
49480 -0.000063
49490 -0.000005
49500 -0.003232
49510 0.000012
49520 0.000018
49530 0.000001
49540 0.000024
49550 -0.000022
49560 -0.000035
49570 0.000023
49590 0.000005
49600 0.000036
49610 0.000022
49620 0.000001
49630 0.000000
49640 0.000007
49650 -0.000031
49660 0.000008
49670 -0.000035
49680 -0.000068
49690 0.000174
49700 0.000023
49710 0.000016
49720 -0.000023
49730 -0.000001
49740 0.000012
49750 0.000022
49760 -0.000024
49770 -0.003000
49780 -0.000011
49810 -0.000029
49820 0.000003
49840 0.000035
49850 -0.000019
49860 0.000011
49870 -0.000009
49880 -0.000028
49890 0.000022
49900 -0.000001
49910 -0.000003
49920 -0.000017
49940 -0.000007
49950 -0.000039
49960 0.000021
49970 -0.000049
49980 0.000022
49990 0.000019
50000 -0.000018
50010 0.000004
50020 -0.000010
50030 0.000031
50040 -0.000022
50050 -0.000004
50060 -0.000203
50070 0.000016
50080 0.000007
50090 0.000011
50100 0.000002
50110 -0.002285
50120 -0.000021
50130 -0.000053
50140 -0.000013
50150 0.000001
50160 -0.000003
50170 0.000002
50180 0.000024
50190 0.000036
50200 -0.000013
50210 0.000004
50220 -0.000048
50230 -0.000022
50260 -0.000025
50270 0.000005
50280 -0.000004
50290 0.000040
50300 -0.000013
50310 0.000006
50320 -0.000030
50330 -0.000634
50340 0.000015
50350 0.000025
50360 -0.000085
50370 0.000029
50390 -0.000030
50400 -0.000013
50410 0.000006
50420 -0.000010
50430 -0.000028
50440 0.000013
50450 0.000025
50460 0.000025
50470 0.000025
50480 0.000036
50490 -0.000040
50500 0.000004
50510 -0.000004
50520 0.000023
50530 0.000020
50540 -0.000013
50550 0.000020
50560 0.000006
50570 0.000014
50580 0.000006
50590 0.000021
50600 0.000006
50610 0.000003
50620 0.000015
50630 -0.000003
50640 0.000008
50650 0.000016
50660 0.000010
50670 0.000044
50690 -0.000003
50700 -0.000023
50720 0.000029
50730 0.000002
50740 -0.000017
50750 0.000029
50760 0.000021
50770 0.000009
50780 -0.000006
50790 -0.000025
50800 0.000008
50810 0.000013
50820 0.000024
50830 0.000012
50840 0.000003
50860 0.000002
50870 0.000008
50880 -0.000052
50890 -0.000040
50900 -0.000001
50910 0.000011
50920 0.000027
50930 0.000022
50940 0.000001
50950 0.000009
50970 -0.000057
50980 -0.000014
50990 -0.000078
51000 0.000031
51010 0.000334
51030 -0.001126
51040 0.000003
51050 0.000029
51060 0.000009
51070 -0.000008
51080 -0.000035
51090 -0.000003
51100 0.000007
51110 -0.000016
51120 -0.000035
51130 0.000123
51140 0.000023
51150 -0.000013
51160 0.000354
51170 -0.000014
51190 -0.000000
51200 0.000043
51210 0.000007
51220 0.000005
51230 0.000012
51240 -0.000049
51250 0.000013
51270 0.000028
51280 0.000009
51290 0.000326
51300 0.000008
51310 0.000042
51320 -0.000030
51330 -0.000012
51340 0.000014
51350 -0.000032
51360 -0.000021
51370 -0.000025
51380 -0.000007
51390 0.000030
51400 0.000002
51410 0.000021
51420 -0.000001
51430 0.000016
51440 0.000000
51450 0.000017
51460 0.000015
51470 0.000011
51480 -0.003487
51490 0.000001
51500 0.000008
51510 0.000020
51520 -0.001414
51530 -0.000006
51540 -0.000007
51550 0.000361
51560 -0.000047
51570 -0.000005
51580 -0.000059
51590 0.000003
51600 -0.000004
51610 0.000035
51620 0.000005
51630 0.000002
51640 0.000183
51650 -0.000004
51660 -0.000001
51670 0.000035
51680 -0.000056
51690 -0.000002
51700 -0.000016
51710 -0.000008
51720 -0.000026
51740 0.000006
51750 0.000008
51760 -0.000014
51770 0.000041
51790 -0.000033
51800 0.000027
51810 0.000021
51820 0.000031
51830 -0.000003
51840 -0.000024
51850 -0.000064
51860 0.000011
51870 -0.000015
51880 0.000044
51890 0.000003
51900 -0.000005
51920 -0.000010
51930 -0.000014
51940 0.000029
51950 0.000047
51960 0.000015
51970 -0.000042
51980 -0.000055
51990 -0.000003
52010 0.000011
52020 0.000012
52030 0.000007
52040 -0.000022
52050 -0.000007
52070 -0.000004
52080 0.000094
52090 -0.000025
52100 -0.000013
52110 0.000008
52120 -0.000001
52130 -0.000860
52140 0.000006
52160 0.000011
52170 0.000000
52180 -0.000236
52190 0.000004
52200 -0.000040
52210 0.000010
52220 -0.000016
52230 -0.000019
52240 -0.000012
52250 -0.000015
52270 0.000003
52280 -0.000084
52290 0.000049
52300 0.000028
52310 0.000013
52320 0.000019
52330 -0.000060
52340 0.000000
52350 0.000035
52360 0.000011
52370 0.000031
52380 -0.000043
52390 -0.000006
52400 -0.000027
52410 -0.000048
52420 0.000007
52430 0.000013
52440 -0.000013
52450 -0.000027
52460 0.000016
52470 0.000019
52480 0.000030
52490 -0.000001
52500 0.000019
52510 -0.000017
52520 -0.000011
52540 0.000024
52560 0.000001
52570 -0.000014
52580 -0.000018
52590 -0.000021
52600 0.000014
52610 0.000006
52620 -0.000007
52630 0.000016
52640 -0.000035
52660 0.000016
52670 0.000005
52680 -0.000012
52690 0.000007
52700 -0.003842
52710 -0.000038
52720 -0.000033
52730 0.000004
52740 0.000024
52750 -0.000013
52760 -0.000006
52770 -0.000023
52790 -0.000021
52800 -0.000063
52810 -0.000002
52820 0.000047
52830 0.000008
52840 0.000044
52850 -0.000012
52860 0.000009
52880 -0.000028
52890 0.001727
52900 -0.000002
52910 0.000007
52920 0.000015
52930 -0.003577
52940 -0.000010
52950 -0.000005
52960 -0.000034
52970 -0.000035
52980 -0.000025
52990 0.000033
53000 0.000031
53030 -0.000008
53040 0.000030
53050 0.000250
53060 0.000006
53070 0.000011
53080 -0.000021
53090 -0.000012
53100 0.000020
53110 -0.000013
53120 0.000014
53130 0.000043
53140 0.000014
53150 0.000698
53160 -0.000014
53170 0.000037
53180 -0.000012
53190 -0.000057
53200 0.001689
53210 -0.000002
53220 -0.000008
53250 -0.000020
53270 -0.000471
53280 0.000026
53290 0.000019
53300 -0.000005
53310 -0.000009
53320 0.000023
53330 -0.000019
53340 0.000070
53350 0.000008
53360 0.000023
53370 0.000012
53390 -0.000006
53400 -0.000002
53410 -0.000056
53420 0.000033
53430 0.000007
53440 0.000004
53450 -0.000050
53460 0.000020
53470 0.000007
53480 0.000021
53490 0.000108
53500 0.000051
53510 -0.000008
53520 0.000048
53530 -0.000003
53540 -0.000010
53550 0.000001
53560 -0.000032
53570 -0.000014
53580 0.000004
53590 -0.000004
53600 -0.000014
53610 -0.003112
53620 -0.000001
53630 0.000028
53640 -0.000021
53650 0.000003
53660 0.000029
53670 0.000018
53680 -0.000013
53690 0.000001
53700 0.000003
53710 -0.000017
53720 0.000005
53730 0.000015
53740 -0.000003
53750 0.000010
53760 -0.000013
53770 0.000021
53780 -0.000037
53790 -0.000001
53800 -0.000047
53810 0.000022
53820 -0.000021
53830 -0.000008
53840 0.000009
53850 0.000007
53890 0.000002
53900 0.000025
53910 -0.000070
53920 0.000028
53930 -0.000057
53940 -0.000004
53960 0.000002
53970 -0.000015
53980 0.000022
53990 0.000024
54000 -0.003107
54010 0.000035
54020 -0.000012
54040 -0.000015
54050 0.000008
54070 0.000016
54090 -0.000012
54100 0.000008
54110 0.000015
54120 0.000009
54140 0.000009
54150 0.000035
54160 0.000008
54170 -0.000005
54180 0.000113
54190 -0.000015
54200 0.000014
54210 0.000017
54220 0.000032
54230 0.000000
54240 -0.000001
54250 -0.000001
54260 -0.000054
54270 -0.000012
54280 0.000026
54290 -0.000001
54300 -0.000004
54320 -0.000018
54330 -0.000018
54350 0.001200
54370 -0.000027
54380 -0.000012
54390 0.000042
54400 0.000001
54410 0.000019
54420 -0.000018
54440 0.000176
54450 0.000020
54460 -0.000007
54470 0.000009
54480 0.000013
54490 -0.000017
54500 -0.000026
54510 0.000031
54520 -0.000011
54530 -0.000008
54540 0.000007
54550 0.000029
54560 0.000019
54570 0.000055
54580 -0.000022
54590 -0.000038
54600 -0.000018
54610 -0.000021
54620 0.000049
54630 -0.000001
54640 0.000005
54650 -0.000017
54660 -0.000015
54670 0.000009
54680 -0.000007
54700 0.000006
54710 0.000025
54720 0.000059
54730 -0.002948
54740 -0.000017
54750 0.000009
54760 -0.000033
54770 0.000024
54780 -0.000025
54790 0.000005
54800 -0.000036
54820 0.000017
54830 -0.000014
54840 0.000009
54850 0.000014
54860 -0.000030
54870 0.000025
54880 -0.000009
54890 -0.000000
54900 -0.000007
54910 -0.000046
54920 -0.000001
54930 0.000017
54940 -0.000000
54950 0.000022
54960 0.000015
54970 -0.003030
54980 0.000031
54990 -0.000032
55000 -0.000029
55010 0.000093
55020 -0.000008
55030 0.000019
55040 -0.000004
55050 0.000000
55060 -0.000023
55070 -0.000016
55080 -0.000003
55090 -0.000015
55100 0.000051
55120 0.000024
55130 -0.000000
55140 0.000014
55150 0.000000
55160 0.000004
55170 0.000272
55180 -0.000026
55190 -0.000038
55200 0.000027
55210 0.000006
55220 -0.000036
55230 0.000014
55240 -0.000002
55250 0.000018
55260 -0.000008
55270 0.000011
55280 -0.000003
55290 0.000025
55300 -0.000016
55310 -0.000013
55320 -0.000028
55340 -0.003489
55350 0.000004
55360 -0.000013
55370 0.000020
55380 -0.000029
55390 0.000018
55400 0.001730
55410 -0.000015
55420 0.000002
55430 -0.000027
55440 -0.002611
55450 0.000003
55460 -0.000002
55470 -0.000003
55480 -0.000081
55490 -0.003083
55500 0.000015
55510 -0.000024
55520 -0.000012
55530 0.000039
55540 -0.000002
55550 0.000042
55560 0.000016
55570 -0.000028
55580 0.000036
55600 0.000020
55610 -0.000004
55620 0.000032
55630 0.000009
55650 0.000087
55660 -0.003169
55670 -0.000013
55680 0.000020
55690 0.000008
55700 0.000024
55710 0.000014
55720 0.000016
55730 -0.000009
55740 -0.000004
55750 -0.000023
55760 -0.000194
55770 -0.000025
55780 -0.000006
55790 0.000029
55800 0.000008
55810 -0.000003
55820 0.000000
55830 -0.000058
55840 0.000005
55850 0.000003
55860 0.000015
55870 -0.000005
55880 -0.000194
55890 0.000005
55900 -0.000006
55910 0.000019
55920 0.000008
55930 0.000006
55940 -0.000009
55950 -0.000010
55960 -0.003214
55970 -0.000020
55980 0.000028
55990 -0.000007
56000 0.000009
56010 0.000137
56040 0.000000
56050 0.000006
56060 0.000022
56070 0.000014
56080 0.000008
56090 0.000013
56100 0.000054
56110 0.000001
56120 0.000021
56130 0.000006
56140 0.000034
56150 0.000020
56160 0.000003
56170 0.000003
56180 -0.000005
56190 0.000007
56210 -0.000026
56220 -0.000003
56230 -0.000028
56240 0.000011
56250 -0.000008
56260 0.000020
56270 0.000023
56280 0.000013
56290 -0.000006
56300 0.000022
56310 -0.000012
56320 0.000754
56330 0.000040
56340 -0.000006
56350 -0.000017
56360 0.000005
56370 -0.000006
56380 -0.000033
56390 -0.000032
56400 0.000079
56410 -0.000026
56420 0.000006
56430 0.000001
56440 0.000009
56450 -0.000007
56460 -0.000005
56470 0.000036
56480 -0.000033
56490 0.000010
56500 0.000005
56510 -0.000005
56520 0.000013
56530 0.000025
56540 -0.000006
56550 0.000007
56560 0.000003
56570 0.000019
56580 -0.000016
56590 0.000025
56600 0.000008
56610 -0.000014
56620 -0.000011
56630 -0.000020
56640 -0.000007
56660 -0.000004
56670 -0.000050
56680 0.000111
56690 0.000013
56700 0.000031
56710 0.000004
56720 0.000072
56730 -0.000009
56740 -0.000014
56750 -0.000047
56760 0.000030
56770 0.000027
56780 0.000024
56790 -0.000002
56800 -0.000011
56810 -0.000084
56820 0.000006
56830 -0.000009
56840 0.000010
56850 0.000026
56860 -0.000001
56870 0.000011
56880 0.000014
56890 0.000001
56900 0.000000
56910 -0.000003
56920 0.000004
56930 0.000007
56940 0.000062
56950 -0.000010
56960 -0.000314
56970 -0.000035
56990 -0.000029
57000 0.000015
57010 -0.000001
57020 -0.000005
57030 0.000020
57040 -0.000004
57050 -0.000306
57060 0.000006
57070 0.000013
57080 0.000016
57090 0.000007
57100 0.000006
57110 -0.000032
57120 -0.000029
57130 0.000009
57140 0.000021
57160 -0.000129
57170 0.000039
57180 -0.000005
57190 0.000027
57200 0.000022
57210 -0.000016
57220 -0.000016
57250 -0.002752
57260 0.000018
57270 0.000036
57280 0.000024
57290 -0.002575
57300 0.000008
57310 0.000012
57320 -0.000035
57330 0.000041
57340 -0.000014
57350 -0.000022
57360 0.000020
57370 0.000002
57380 -0.000001
57390 -0.000010
57400 -0.000002
57410 -0.000018
57420 0.000003
57440 0.000033
57450 0.000000
57460 -0.000004
57470 0.000006
57480 -0.000015
57490 0.000010
57510 -0.000003
57520 -0.000006
57530 0.000020
57540 0.000024
57550 -0.000110
57560 0.000013
57570 0.000008
57580 0.000021
57590 -0.000035
57600 0.000106
57620 0.000019
57630 -0.000009
57650 -0.000012
57660 -0.000013
57670 -0.000004
57680 -0.000023
57690 0.000004
57700 -0.000007
57710 0.000036
57720 0.000061
57730 -0.000020
57740 -0.000007
57750 0.000005
57770 0.000012
57780 -0.000863
57790 0.000012
57800 -0.000009
57810 -0.000003
57820 -0.000000
57830 0.000013
57840 -0.000003
57850 0.000083
57860 -0.000037
57870 -0.000001
57890 -0.000019
57900 -0.000012
57910 -0.000032
57920 -0.000050
57930 -0.000020
57940 -0.000014
57950 0.000028
57960 -0.000029
57970 -0.000001
57980 -0.000037
57990 -0.000004
58000 0.000030
58010 -0.000006
58020 0.000011
58030 -0.000008
58040 -0.000009
58050 0.000008
58070 0.000023
58080 -0.000002
58090 0.000015
58100 -0.000068
58110 -0.000006
58120 -0.000044
58130 -0.000027
58140 0.000025
58150 0.000001
58160 -0.000026
58170 0.000010
58180 -0.000017
58190 0.000006
58200 -0.000027
58210 0.000019
58220 0.000024
58230 -0.000008
58240 -0.000021
58250 -0.000051
58260 0.000017
58270 0.000008
58280 -0.000041
58290 0.000044
58300 0.000023
58310 -0.000013
58320 0.000004
58330 -0.000015
58340 0.000045
58350 -0.000006
58360 0.000001
58370 0.000070
58400 -0.000007
58410 -0.000011
58420 -0.000042
58430 0.000051
58440 0.000004
58470 0.000012
58480 0.000017
58490 -0.000011
58500 0.000008
58510 -0.000001
58520 -0.000016
58530 0.000012
58540 -0.000004
58550 0.000004
58560 -0.000021
58570 -0.000023
58580 -0.000057
58590 0.000067
58600 -0.000140
58610 0.000056
58620 -0.000013
58640 0.000018
58650 -0.000075
58660 0.000018
58670 -0.000054
58680 0.000032
58700 0.000015
58710 0.000028
58720 0.000016
58730 -0.000017
58740 0.000001
58760 0.000033
58770 0.000031
58780 -0.000010
58790 0.000000
58800 0.000013
58810 0.000042
58820 0.000035
58830 -0.000018
58840 -0.000025
58850 0.001139
58860 -0.000021
58870 -0.000137
58880 -0.000015
58890 -0.000047
58900 -0.000015
58910 0.000030
58920 -0.000029
58930 0.000006
58950 0.000002
58960 0.000016
58970 0.000011
58980 -0.000032
58990 0.000005
59000 0.000017
59020 0.000012
59030 0.000011
59040 -0.000053
59050 -0.000006
59070 -0.000015
59080 -0.000028
59090 0.000000
59100 0.000004
59110 -0.000007
59120 0.000047
59140 -0.000013
59150 -0.002779
59170 -0.000007
59180 -0.000028
59200 -0.000011
59210 -0.000003
59220 -0.003100
59230 0.000013
59250 0.000001
59260 0.000036
59270 -0.000007
59280 0.000003
59290 -0.000003
59300 -0.000004
59310 -0.000003
59320 0.000007
59340 0.000101
59350 -0.000015
59360 0.000008
59380 -0.002763
59390 0.000031
59400 -0.000008
59410 0.000040
59430 -0.000007
59440 0.000007
59450 0.000003
59460 0.000030
59470 0.000014
59480 -0.000001
59500 -0.000116
59510 -0.000037
59520 0.000001
59530 0.000006
59540 -0.000014
59550 0.000008
59560 -0.000013
59570 -0.000006
59580 0.000005
59590 -0.000029
59600 0.000004
59610 0.000002
59620 -0.000040
59630 0.000003
59640 -0.000012
59650 -0.000000
59660 0.000016
59670 -0.000009
59680 -0.000007
59690 -0.000013
59700 -0.000011
59710 0.000024
59720 -0.000011
59730 0.000019
59740 -0.000000
59750 0.000001
59760 0.000010
59770 0.000021
59780 -0.002823
59790 0.000025
59800 0.000003
59810 -0.000004
59820 -0.000019
59830 0.000009
59840 -0.000029
59850 0.000040
59880 -0.000008
59910 0.000004
59920 0.000027
59930 0.000004
59940 -0.000018
59950 0.000017
59960 -0.000056
59970 -0.000001
59980 0.000060
59990 0.000008
60000 0.000005
60010 -0.000004
60020 -0.000003
60030 -0.000028
60040 0.000006
60050 0.000026
60060 0.000049
60070 0.000001
60080 0.000033
60090 0.000138
60100 0.000000
60110 -0.000008
60120 0.000015
60130 0.000017
60140 -0.000004
60150 0.000015
60160 0.000226
60170 -0.000014
60180 -0.000018
60190 0.000009
60200 -0.000785
60210 -0.000017
60220 0.000004
60230 -0.000052
60240 -0.000014
60250 0.000008
60260 -0.000016
60270 -0.000001
60280 -0.000011
60290 -0.000013
60300 0.000007
60320 -0.000062
60330 0.000016
60340 -0.000040
60360 0.000014
60370 -0.000005
60380 0.000003
60390 0.000011
60400 -0.000014
60410 0.000013
60420 0.000017
60430 0.000029
60440 -0.000008
60460 -0.003185
60490 0.000021
60500 -0.000021
60510 0.000000
60520 0.000012
60530 0.000025
60540 0.000024
60550 -0.000011
60560 -0.000023
60570 -0.000011
60580 0.000014
60590 -0.000027
60600 -0.000001
60610 -0.000001
60620 0.000016
60630 -0.000009
60650 -0.000012
60660 0.000233
60670 -0.000023
60680 0.000010
60690 -0.000027
60710 0.000038
60720 0.000003
60730 -0.000040
60740 -0.000012
60760 0.000006
60770 0.000002
60780 0.000003
60790 -0.000002
60800 -0.000008
60810 -0.000004
60820 -0.000009
60830 0.000014
60840 0.000037
60850 -0.000010
60860 0.000049
60870 0.000072
60880 -0.000038
60890 0.000004
60900 -0.000002
60910 0.000010
60920 -0.000002
60930 0.000012
60950 0.000034
60960 -0.000026
60970 -0.000015
60980 0.000021
60990 0.000016
61000 -0.000008
61010 -0.000005
61020 0.000001
61030 -0.000056
61040 -0.000028
61050 -0.000040
61060 -0.000027
61070 0.000048
61080 0.000004
61090 -0.000006
61100 -0.002986
61110 -0.000017
61120 -0.000015
61130 -0.000007
61140 -0.000016
61150 -0.000006
61160 0.000017
61170 -0.000001
61180 -0.000018
61190 -0.000007
61200 0.000003
61210 -0.000009
61220 -0.000028
61230 0.000012
61240 -0.000026
61250 0.000004
61260 0.000034
61270 0.000001
61290 0.000061
61300 0.000018
61310 -0.000005
61320 -0.000005
61330 -0.002790
61340 0.000002
61350 -0.000011
61360 0.000007
61370 -0.000017
61380 -0.000110
61400 -0.000000
61420 0.000020
61430 0.000014
61440 -0.000002
61450 -0.000174
61460 0.000002
61470 0.000009
61480 0.000907
61490 -0.000004
61500 -0.000029
61520 0.000003
61530 -0.000028
61540 0.000006
61550 0.000039
61560 0.000028
61570 0.000001
61580 0.000009
61590 -0.000003
61600 -0.002849
61610 0.000000
61620 0.000012
61630 0.000028
61640 -0.000016
61650 -0.000013
61660 -0.000020
61670 -0.000015
61680 -0.000029
61690 -0.000053
61700 -0.000006
61710 -0.000026
61720 0.000043
61730 -0.000003
61740 0.000006
61750 -0.000012
61760 -0.000003
61770 -0.002375
61780 -0.000005
61790 -0.000006
61800 0.000013
61810 0.000006
61820 0.000009
61830 0.000003
61840 -0.000004
61850 -0.000019
61860 -0.000000
61870 0.000014
61890 -0.000019
61900 -0.000002
61910 0.000026
61920 -0.000002
61930 0.000021
61940 0.000036
61950 0.000001
61960 0.000002
61970 0.000024
61980 -0.000054
61990 0.000002
62000 -0.000026
62010 -0.000026
62020 0.000014
62030 -0.000023
62040 -0.000012
62050 -0.000022
62060 0.000022
62070 0.000015
62080 -0.000016
62090 -0.000049
62100 0.000001
62110 -0.000057
62120 0.000001
62130 0.000003
62140 0.000024
62150 -0.000302
62160 0.000022
62170 0.000006
62180 -0.000040
62190 0.000027
62200 0.000016
62210 0.000011
62220 0.000025
62230 0.000008
62240 0.000012
62250 0.000029
62260 -0.000021
62270 -0.000016
62280 -0.000011
62290 -0.000025
62300 -0.000003
62310 -0.000009
62320 -0.000015
62330 -0.000015
62340 -0.000011
62350 -0.000018
62360 0.000017
62370 0.000014
62380 0.000006
62390 0.000002
62400 -0.000000
62410 0.000005
62420 -0.000016
62430 -0.002823
62440 -0.000008
62450 0.000033
62460 -0.000040
62470 -0.000056
62480 -0.000001
62490 0.000010
62500 0.000008
62510 0.000011
62520 0.000006
62530 -0.000037
62550 0.000005
62560 0.000045
62570 -0.000013
62580 -0.002811
62590 0.000021
62600 0.000030
62610 0.000026
62620 -0.000043
62630 0.000009
62640 -0.002550
62650 0.000016
62660 0.000020
62670 -0.000020
62690 0.000012
62700 -0.000006
62710 -0.000007
62720 0.000013
62730 0.000008
62740 -0.000016
62770 -0.000005
62780 0.000012
62790 -0.000016
62810 -0.000072
62820 -0.000027
62830 -0.000007
62840 -0.000047
62860 0.000004
62870 -0.000003
62880 -0.000014
62890 -0.000023
62900 -0.000029
62910 0.000002
62920 0.000019
62930 -0.000008
62940 -0.000010
62950 -0.000022
62970 -0.000005
62980 -0.000016
62990 -0.000047
63000 -0.000041
63010 -0.000024
63020 0.000001
63030 0.000020
63050 0.000080
63060 -0.000000
63070 0.000021
63080 0.000011
63090 0.000103
63100 0.000045
63120 -0.000067
63130 -0.000029
63140 -0.000011
63150 -0.000029
63170 0.000035
63180 0.000025
63190 -0.000018
63200 -0.000026
63210 0.000003
63220 -0.000004
63230 0.000062
63240 0.000554
63250 0.000016
63260 -0.000006
63270 -0.000081
63280 0.000017
63290 0.000012
63310 0.000004
63320 0.000006
63330 -0.000011
63340 -0.000023
63350 -0.000006
63360 -0.000002
63380 0.000020
63400 0.000006
63410 -0.000011
63420 0.000005
63430 0.000018
63440 0.000008
63450 0.000014
63460 0.000034
63470 0.000009
63480 -0.000001
63490 0.000006
63500 -0.000044
63510 0.000025
63520 -0.002632
63530 0.000044
63550 -0.000001
63560 -0.000062
63570 -0.000017
63580 0.000019
63590 -0.000006
63600 -0.000012
63610 -0.000006
63620 0.000003
63630 0.000020
63640 0.000001
63650 -0.000009
63660 0.000075
63670 0.000016
63680 -0.000725
63690 -0.000010
63700 0.000016
63710 0.000002
63730 0.000022
63740 -0.000017
63760 -0.000020
63770 -0.000001
63780 -0.002643
63790 0.000004
63800 -0.000022
63810 -0.000015
63820 0.000037
63830 -0.000025
63840 0.000037
63850 -0.001523
63860 -0.000002
63870 -0.000027
63880 -0.000019
63890 0.000008
63900 -0.000061
63910 0.000024
63920 0.000011
63930 -0.000011
63940 -0.000007
63950 -0.000011
63970 -0.000009
63980 0.000006
63990 0.000044
64000 0.000252
64020 0.000001
64030 -0.000018
64040 -0.000017
64050 0.000036
64060 -0.000017
64080 0.000003
64090 0.000333
64100 0.000012
64110 0.000021
64120 -0.000000
64130 0.000018
64140 0.000000
64150 0.000009
64160 -0.000008
64170 0.000045
64180 -0.000039
64190 -0.000018
64200 -0.000020
64210 0.000032
64220 -0.000001
64230 -0.000020
64240 -0.000010
64250 -0.002788
64260 0.000006
64270 -0.000017
64280 -0.000049
64290 -0.000018
64300 -0.000042
64330 0.000021
64350 0.000014
64360 0.000022
64370 0.000005
64380 -0.000019
64390 -0.000014
64410 -0.000785
64420 0.000016
64430 -0.000010
64440 -0.000001
64450 -0.000029
64460 -0.000028
64470 -0.000024
64480 0.000009
64490 -0.000025
64500 0.000010
64510 0.000000
64520 0.000030
64530 -0.000038
64540 0.000003
64550 -0.000023
64560 0.000027
64570 0.000013
64580 -0.000019
64590 0.000016
64600 0.000009
64610 0.000027
64620 0.000009
64630 0.000023
64640 0.000081
64660 0.000027
64670 0.000023
64680 -0.002913
64690 -0.000001
64700 0.000017
64720 -0.002883
64730 0.000041
64740 0.000012
64750 0.000002
64760 -0.000001
64770 0.000082
64780 0.000025
64790 0.000024
64810 0.000017
64820 -0.000006
64830 -0.000008
64840 0.000008
64850 0.000003
64860 0.000010
64870 -0.000025
64880 -0.000004
64900 0.000002
64910 -0.000010
64920 0.000006
64930 -0.000007
64940 0.000125
64950 0.000013
64960 -0.000016
64970 -0.000012
64980 0.000015
64990 0.000007
65000 -0.000017
65010 -0.000025
65020 0.000008
65030 -0.000011
65040 0.000023
65050 0.000012
65060 -0.000031
65070 0.000010
65080 0.000016
65090 0.000010
65100 -0.000001
65120 0.000026
65140 0.000006
65150 -0.000012
65170 0.000008
65180 0.000008
65190 0.000035
65200 0.000002
65210 0.000009
65220 -0.000040
65230 0.000018
65240 -0.000013
65250 -0.000036
65260 -0.000005
65270 -0.000013
65290 -0.000018
65300 0.000025
65310 -0.000013
65320 -0.000012
65330 -0.000004
65340 -0.000032
65350 0.000005
65360 0.000408
65370 0.000022
65380 -0.000009
65390 -0.000004
65400 -0.000006
65410 0.000002
65420 0.000003
65440 0.000002
65450 0.000015
65460 -0.000008
65470 0.000016
65480 -0.000049
65500 0.000013
65510 -0.000011
65520 -0.000089
65530 0.000020
65540 -0.002618
65550 0.000034
65560 -0.000023
65570 -0.000029
65580 -0.000040
65590 0.000001
65600 -0.000011
65610 -0.000007
65620 0.000036
65640 -0.000015
65650 0.000025
65660 -0.000045
65670 -0.000011
65680 -0.000038
65690 -0.000018
65700 0.000020
65710 0.000013
65720 0.000014
65740 0.000032
65750 0.000006
65760 0.000007
65770 -0.000000
65780 0.000006
65800 0.000007
65810 0.000001
65820 0.000005
65830 0.000011
65840 0.000009
65850 -0.000022
65860 -0.000001
65870 0.000001
65880 -0.000005
65890 0.000003
65900 0.000015
65910 -0.000020
65920 0.000010
65930 0.000041
65940 -0.000020
65950 0.000013
65960 0.000007
65970 -0.000817
65980 0.000019
65990 -0.000043
66000 0.000011
66010 -0.000022
66020 0.000002
66030 -0.000006
66040 0.000012
66050 -0.000027
66060 0.000018
66070 -0.000023
66080 0.000026
66090 -0.000030
66100 -0.000044
66110 0.000027
66120 -0.000085
66130 0.000012
66140 -0.000005
66150 0.000015
66160 -0.000012
66170 0.000000
66180 0.000020
66190 0.000006
66200 0.000013
66210 0.000887
66220 -0.000015
66230 -0.000001
66240 0.000036
66250 -0.000019
66260 -0.000004
66270 0.000014
66290 -0.000011
66300 -0.000064
66310 0.000040
66320 0.000017
66330 -0.000002
66340 0.000001
66350 -0.000388
66370 -0.000002
66380 -0.000074
66390 -0.000012
66400 0.000009
66410 -0.003597
66420 -0.000027
66430 0.000029
66440 0.000003
66450 0.000005
66460 -0.000013
66470 -0.000010
66490 0.000008
66500 -0.000015
66510 0.000002
66520 0.000029
66530 -0.000017
66540 0.000042
66550 0.000019
66560 -0.000002
66570 -0.000009
66580 -0.000027
66590 -0.000010
66600 0.000019
66610 0.000015
66620 0.000027
66630 0.000014
66640 0.000025
66650 -0.000027
66660 -0.000025
66670 -0.000003
66680 0.000000
66690 0.000018
66700 0.000020
66710 0.001286
66720 0.000024
66730 0.000046
66750 0.000004
66760 0.000015
66780 0.000001
66790 -0.000036
66800 -0.002473
66810 0.000006
66820 -0.000012
66830 0.000007
66840 -0.000010
66850 -0.000002
66860 0.000008
66870 0.000061
66880 0.000009
66890 0.000045
66900 0.000010
66910 -0.000061
66920 -0.000011
66930 0.000002
66940 0.000004
66950 -0.000002
66960 0.000003
66970 -0.000029
66980 -0.000008
66990 -0.000005
67000 0.000025
67010 -0.000004
67020 -0.000055
67030 -0.000007
67040 -0.000015
67050 -0.000001
67060 -0.000002
67070 -0.000017
67080 0.000025
67090 0.000003
67100 0.000057
67110 -0.000035
67120 0.000010
67130 0.000006
67140 0.000001
67150 0.000018
67160 -0.000003
67170 0.000009
67180 0.000015
67190 -0.000008
67200 0.000265
67210 0.000039
67220 0.000005
67230 -0.000010
67240 -0.000005
67250 0.000011
67260 -0.000065
67270 -0.000027
67280 -0.000003
67290 0.000001
67300 0.000032
67310 0.000005
67320 -0.000004
67330 -0.000007
67340 0.000028
67350 0.000021
67360 -0.000003
67370 0.000003
67380 -0.000023
67390 0.000007
67400 0.000025
67410 0.000001
67420 -0.000007
67430 0.000004
67440 -0.000016
67450 0.000000
67460 -0.000045
67470 -0.000006
67490 -0.000017
67500 -0.000023
67510 0.000010
67520 0.000002
67530 0.000016
67540 0.000009
67550 0.000011
67560 0.000012
67570 0.000034
67580 0.000001
67590 0.000018
67600 0.000000
67610 -0.000053
67620 0.000007
67640 0.000005
67650 0.000033
67660 -0.000006
67670 -0.000000
67680 -0.000032
67690 -0.000005
67700 0.000015
67710 0.000009
67720 -0.000003
67730 -0.000007
67740 0.000013
67750 -0.000010
67760 0.000021
67770 0.000008
67790 0.000001
67800 0.000084
67810 0.000007
67820 0.000022
67840 -0.000001
67850 0.000017
67860 0.000520
67870 -0.000013
67880 -0.000002
67890 -0.000013
67900 0.000009
67910 -0.000034
67920 -0.000025
67930 0.000039
67940 0.000002
67950 0.000011
67960 0.000021
67970 0.000084
67980 0.000035
67990 0.000008
68000 0.000020
68010 -0.000003
68020 -0.000013
68030 -0.000023
68040 -0.000011
68050 0.000033
68060 0.000014
68070 0.000035
68080 -0.000007
68090 -0.000016
68110 -0.000009
68120 0.000013
68130 -0.000000
68140 0.000003
68150 0.000003
68160 0.000009
68170 -0.002443
68180 -0.000023
68190 0.000000
68200 -0.000006
68210 0.000017
68220 -0.000023
68230 -0.000010
68240 -0.000006
68250 0.000016
68260 -0.000004
68270 0.000014
68280 0.000013
68290 0.000046
68300 0.000046
68310 -0.002486
68320 -0.000019
68330 -0.002615
68340 0.000016
68350 0.000067
68360 0.000017
68370 0.000045
68380 -0.000029
68400 0.000013
68410 0.000005
68420 -0.000020
68430 -0.000019
68440 -0.000030
68450 0.000056
68460 0.000051
68470 0.000012
68480 -0.000014
68490 -0.000010
68500 0.000005
68510 0.000016
68520 0.000008
68530 0.000004
68540 0.000029
68550 -0.000023
68560 -0.000016
68570 0.000030
68580 -0.000018
68590 0.000008
68600 -0.000022
68610 0.000010
68620 0.000011
68630 -0.000004
68640 -0.000009
68650 0.000028
68660 0.000053
68670 -0.000019
68680 0.000003
68690 0.000004
68700 0.000014
68710 0.000001
68720 0.000010
68730 0.000021
68740 -0.000006
68750 0.000018
68760 -0.000009
68770 0.000006
68780 0.000022
68790 0.000022
68800 0.000009
68810 0.000012
68820 -0.000247
68830 0.000008
68840 0.000006
68850 0.000047
68860 0.000839
68870 0.000001
68880 -0.000001
68890 -0.000026
68900 0.000006
68920 0.000041
68930 -0.000017
68940 0.000001
68950 0.000004
68970 -0.000020
68980 0.000017
68990 -0.000006
69000 0.000020
69010 0.000019
69020 -0.000016
69030 0.000001
69040 -0.000001
69050 -0.002652
69060 0.000077
69070 0.000018
69080 -0.000000
69090 0.000031
69100 -0.002729
69110 0.000021
69120 0.000007
69130 -0.000007
69140 0.000014
69150 0.000003
69160 -0.000003
69170 -0.000008
69180 0.000018
69190 -0.000003
69200 0.000028
69210 0.000029
69220 -0.000019
69230 -0.000028
69240 -0.000015
69250 -0.000007
69270 0.000009
69280 -0.000003
69300 -0.000013
69310 0.000009
69330 -0.000005
69340 0.000003
69350 0.000012
69360 0.000125
69370 0.000070
69380 -0.000005
69390 -0.000016
69400 -0.000023
69420 -0.000039
69430 0.000024
69440 -0.000026
69450 -0.000001
69460 0.000010
69470 -0.000003
69480 -0.000000
69490 -0.000015
69500 0.000005
69510 0.000001
69520 0.000019
69530 0.000002
69540 0.000026
69550 0.000003
69560 -0.000012
69570 0.000014
69580 -0.000042
69590 -0.002263
69600 -0.000015
69610 0.000002
69620 -0.000001
69630 -0.000009
69640 0.000013
69650 0.000014
69660 0.000020
69670 0.000003
69680 0.000021
69690 0.000002
69700 -0.000012
69710 -0.000020
69720 -0.000015
69730 -0.000015
69740 -0.000002
69750 0.000005
69760 0.000005
69770 -0.000008
69780 0.000001
69790 0.000024
69800 -0.000026
69810 -0.000008
69820 -0.000012
69830 0.000020
69840 -0.000049
69850 0.000049
69870 -0.000001
69880 -0.000016
69890 -0.000015
69900 -0.000025
69910 -0.000013
69920 0.000011
69930 0.000010
69940 -0.000029
69950 0.000006
69960 -0.000017
69970 0.000008
69980 0.000002
69990 -0.000146
70000 -0.000006
70020 -0.000002
70030 0.000019
70040 0.000045
70050 0.000003
70060 0.000021
70070 0.000004
70080 0.000007
70090 -0.000026
70100 -0.000025
70110 0.000012
70130 -0.000002
70150 0.000004
70160 0.000018
70170 -0.000005
70180 0.000022
70190 -0.000067
70200 0.000004
70210 -0.000172
70220 0.000018
70230 -0.000010
70240 -0.000022
70250 -0.000081
70260 0.000013
70270 -0.000027
70280 -0.000034
70290 0.000012
70300 0.000003
70310 -0.000027
70320 0.000019
70330 0.000044
70340 0.000016
70350 -0.000025
70360 -0.000027
70370 -0.000015
70380 -0.000004
70390 -0.000003
70400 -0.000005
70410 0.000003
70420 -0.000020
70440 -0.000003
70450 -0.000001
70460 0.000016
70470 -0.000030
70480 0.000032
70490 0.000011
70500 0.000847
70510 -0.000020
70520 0.000001
70530 -0.000004
70540 0.000005
70550 -0.000030
70560 0.000030
70580 -0.000011
70590 -0.000022
70600 -0.000004
70610 0.000083
70620 0.000002
70630 -0.000014
70640 -0.000029
70650 -0.000022
70660 0.000011
70670 -0.002609
70680 -0.000030
70690 -0.000027
70700 -0.000006
70720 -0.000020
70730 0.000006
70740 0.000021
70750 -0.000022
70770 0.000040
70780 0.000029
70790 -0.000002
70800 0.000013
70810 0.000007
70820 -0.000030
70830 -0.000001
70850 0.000017
70860 -0.000015
70870 0.000012
70880 -0.000019
70890 0.000021
70900 0.000017
70910 0.000028
70920 -0.000001
70930 -0.000031
70940 -0.000007
70960 0.000018
70970 0.000014
70980 -0.002751
70990 0.000002
71000 0.000003
71010 -0.000001
71020 -0.000006
71030 -0.000034
71040 -0.002804
71050 0.000009
71060 0.000011
71070 -0.000043
71080 -0.000022
71090 -0.000008
71100 -0.000010
71110 0.000019
71120 0.000007
71130 -0.000018
71140 -0.000031
71150 -0.000016
71160 -0.000039
71170 -0.000016
71180 0.000025
71190 -0.000044
71200 0.000014
71210 0.000022
71220 -0.000033
71230 -0.000004
71240 -0.000077
71250 -0.000001
71260 -0.000026
71270 0.000004
71280 0.000008
71290 0.000011
71300 0.000008
71310 -0.000004
71320 -0.000018
71330 0.000002
71340 -0.000013
71350 -0.000004
71360 0.000001
71370 0.000008
71380 0.000003
71390 -0.000009
71400 -0.000027
71410 0.000013
71420 0.000074
71430 -0.000006
71440 0.000089
71450 -0.000236
71460 0.000002
71470 0.000014
71490 -0.000011
71500 -0.000017
71510 0.000004
71520 -0.000018
71530 -0.000022
71540 -0.000016
71550 -0.000017
71560 -0.000011
71570 0.000009
71580 0.000033
71590 0.000094
71600 0.000009
71610 -0.000019
71620 -0.001115
71630 0.000003
71640 0.000003
71650 -0.000030
71670 -0.000054
71680 0.000056
71700 0.000019
71710 0.000074
71720 -0.002704
71730 0.000010
71740 -0.000005
71750 -0.000036
71760 0.000005
71770 -0.000229
71790 -0.000036
71800 0.000005
71810 0.000019
71820 -0.000060
71830 -0.000032
71840 -0.000006
71850 -0.000004
71860 -0.000030
71870 0.000037
71880 0.000015
71890 0.000002
71900 0.000011
71910 0.000002
71930 0.000007
71940 -0.000016
71950 0.000003
71960 0.000009
71970 -0.000004
71980 -0.000010
71990 0.000017
72000 0.000003
72010 -0.000003
72020 -0.000014
72030 0.000027
72040 0.000036
72050 -0.000061
72060 -0.000013
72070 -0.000083
72080 0.000003
72090 -0.000017
72100 -0.000025
72110 -0.000025
72120 -0.000009
72130 0.000012
72140 0.000012
72150 -0.000004
72160 -0.000011
72170 -0.000014
72180 0.000385
72190 0.000024
72200 0.000031
72210 -0.000015
72220 0.000008
72230 0.000031
72240 0.000008
72250 0.000014
72260 -0.000001
72270 -0.000001
72290 -0.002547
72310 0.000008
72320 -0.000011
72340 -0.000024
72350 0.000001
72360 0.000012
72370 -0.000049
72380 0.000024
72390 0.000011
72400 0.000015
72410 0.000035
72420 0.000016
72430 -0.000013
72440 -0.000009
72450 0.000017
72460 0.000004
72470 -0.000018
72480 -0.000016
72510 -0.000001
72530 -0.000050
72540 -0.000013
72550 -0.000013
72560 -0.000009
72570 -0.000033
72580 0.000011
72590 -0.001373
72600 -0.000002
72610 0.000024
72620 0.000199
72640 -0.000010
72650 0.000001
72660 -0.000015
72670 0.000003
72680 0.000007
72690 0.000015
72700 -0.000025
72710 -0.000022
72720 0.001021
72730 -0.000003
72750 -0.000007
72760 0.000014
72770 0.000048
72780 0.000001
72790 -0.002532
72800 0.000008
72810 0.000001
72820 0.000006
72830 -0.000001
72840 0.000458
72850 -0.000034
72860 -0.000059
72870 0.000021
72880 0.000019
72890 -0.000002
72900 0.000004
72910 -0.000003
72920 -0.000001
72930 0.000369
72940 0.000001
72960 -0.000006
72970 0.000005
72990 -0.000014
73000 0.000020
73010 -0.000004
73020 0.000025
73030 0.000002
73040 0.000023
73050 0.000006
73070 -0.000048
73080 0.000020
73090 0.000002
73100 -0.000004
73110 0.000027
73120 -0.000000
73130 0.000031
73140 0.000052
73150 0.000016
73160 0.000011
73170 -0.000000
73180 0.000018
73190 -0.000021
73200 -0.000011
73210 -0.000002
73220 0.000025
73230 -0.000023
73240 -0.000043
73250 0.000008
73260 -0.000013
73270 0.000014
73280 0.000012
73290 -0.000058
73300 0.001094
73310 0.000022
73320 0.000026
73330 0.000004
73340 -0.000008
73350 -0.000003
73360 -0.000014
73370 0.000027
73380 0.000022
73390 0.000002
73400 -0.000033
73410 0.000006
73420 -0.000018
73430 -0.000009
73440 -0.000031
73450 -0.000007
73460 -0.000013
73470 -0.000685
73480 -0.000005
73490 0.000029
73500 -0.000029
73510 0.000012
73520 0.000009
73530 0.000017
73540 0.000020
73550 -0.000047
73560 -0.002789
73570 0.000035
73580 -0.000005
73590 0.000003
73600 0.000001
73610 -0.002953
73620 0.000037
73630 -0.000013
73640 0.000007
73650 0.000011
73660 0.000014
73680 0.000005
73690 -0.000002
73700 -0.000010
73730 -0.000017
73740 0.000013
73760 0.000008
73770 -0.000005
73780 -0.000020
73790 0.000012
73810 0.000779
73820 -0.000002
73830 0.000006
73840 0.000014
73850 0.000010
73860 0.000016
73870 0.000010
73880 0.000010
73890 0.000007
73900 0.000013
73920 -0.000007
73940 -0.000001
73950 0.000023
73960 -0.000015
73970 -0.000009
73980 -0.000055
73990 -0.000011
74000 -0.000077
74010 0.000010
74030 0.000040
74040 -0.000046
74050 0.000010
74060 0.000005
74070 0.000010
74080 -0.000023
74090 -0.000000
74100 0.000019
74110 -0.000028
74120 0.000019
74130 -0.000002
74140 0.000015
74150 -0.000003
74160 0.000001
74170 0.001079
74180 0.000006
74190 -0.000000
74200 0.000050
74210 -0.000004
74220 0.000005
74230 0.000149
74240 0.000020
74250 0.000007
74260 0.000030
74270 -0.002549
74280 0.000013
74290 -0.000033
74300 0.000022
74310 -0.000017
74320 -0.000007
74330 0.000009
74340 -0.000013
74350 0.000011
74360 -0.000013
74370 0.000002
74380 -0.000006
74390 0.000006
74400 0.000009
74410 -0.000008
74420 -0.000002
74430 0.000022
74440 -0.000022
74450 0.000027
74460 0.000013
74470 0.000017
74480 0.000011
74490 -0.000023
74500 0.000019
74510 0.000036
74520 -0.000049
74530 -0.000033
74540 -0.000008
74550 -0.000007
74560 0.000000
74570 -0.000024
74580 -0.000023
74590 0.000023
74600 -0.000004
74610 -0.002335
74620 -0.000010
74630 0.000001
74640 -0.000043
74650 0.000016
74660 -0.000019
74670 -0.000034
74680 0.000005
74690 -0.000015
74700 0.000018
74710 0.000020
74720 0.000030
74730 0.000008
74740 -0.000026
74750 -0.000006
74760 -0.000021
74770 0.000017
74780 -0.000023
74790 0.000026
74800 0.000000
74810 -0.000013
74820 -0.000009
74830 -0.000029
74840 0.000030
74850 -0.000022
74860 0.000003
74880 0.000012
74890 0.000024
74900 -0.000011
74910 0.000023
74920 0.000021
74930 0.000025
74940 -0.000012
74960 -0.000001
74970 -0.000008
74980 -0.000010
74990 0.000064
75000 0.000043
75010 0.000007
75020 0.000014
75030 0.000035
75040 -0.000018
75050 -0.000012
75060 0.000008
75070 0.000004
75080 -0.000008
75090 0.000015
75100 -0.000021
75110 -0.000008
75120 0.000082
75130 0.000014
75140 0.000001
75150 0.000150
75160 0.000011
75170 -0.000006
75180 0.000008
75190 -0.000007
75200 -0.000133
75210 0.000011
75220 -0.000019
75240 -0.000035
75250 0.000022
75260 -0.000007
75270 -0.000004
75280 -0.000026
75290 0.000013
75300 -0.000326
75310 0.000037
75320 0.000018
75330 0.000005
75340 0.000045
75350 -0.000048
75360 -0.000010
75370 0.000009
75380 0.000011
75400 -0.000008
75410 -0.000016
75420 0.000001
75430 0.000038
75440 0.000012
75450 -0.002420
75460 -0.000002
75470 -0.000003
75480 0.000036
75490 0.000174
75500 -0.000005
75510 -0.000026
75530 0.000010
75540 0.000006
75550 -0.000002
75560 0.000026
75570 0.000016
75580 -0.000002
75590 0.000005
75600 -0.000024
75610 -0.000015
75620 -0.000005
75640 -0.000003
75650 0.000020
75660 -0.000024
75680 -0.000067
75690 0.000003
75700 0.000008
75710 0.000002
75720 0.000001
75730 0.000014
75740 0.000007
75750 0.000008
75760 -0.000008
75780 -0.000022
75790 -0.000007
75800 0.000012
75810 -0.000008
75820 -0.000007
75830 -0.000046
75850 -0.000003
75860 -0.000025
75870 0.000015
75880 -0.000006
75890 -0.000021
75900 0.000010
75910 0.000028
75920 0.000005
75930 0.000006
75940 -0.000027
75950 -0.002341
75960 0.000030
75970 -0.000017
75980 -0.000001
75990 0.000011
76000 0.000012
76010 -0.000018
76020 0.000013
76030 -0.000004
76050 -0.000017
76060 0.000004
76080 -0.000032
76090 0.000009
76100 -0.002555
76110 0.000007
76120 -0.002305
76130 -0.000017
76140 0.000023
76150 -0.000011
76170 -0.000025
76180 0.000004
76190 0.000075
76200 0.000040
76210 0.000015
76220 -0.000037
76230 -0.000003
76240 -0.000032
76250 -0.000005
76260 0.000035
76270 0.000017
76280 -0.000234
76290 -0.000039
76300 0.000002
76320 -0.000011
76330 -0.000008
76340 -0.000004
76350 -0.000023
76360 -0.002608
76370 0.000017
76380 -0.000004
76390 -0.000004
76400 -0.000016
76410 -0.000012
76420 0.000024
76430 -0.000024
76440 -0.000006
76450 -0.002496
76460 0.000016
76470 -0.000007
76480 0.000021
76490 -0.000058
76500 -0.000009
76510 0.000018
76520 -0.000301
76530 0.000029
76540 0.000014
76550 -0.000026
76560 -0.000049
76580 -0.000015
76590 -0.000042
76600 -0.000031
76610 -0.000013
76620 -0.000006
76630 0.000022
76640 -0.000004
76650 -0.000009
76660 -0.000030
76670 0.000024
76680 -0.000017
76690 -0.000009
76700 -0.000007
76720 -0.000013
76730 0.000015
76740 -0.000038
76750 0.000010
76760 0.000019
76770 0.000012
76780 0.000001
76790 -0.000040
76800 0.000010
76810 0.000004
76820 0.000028
76830 0.000005
76840 0.000001
76850 -0.000006
76860 0.000020
76870 -0.000001
76880 0.000008
76890 -0.000105
76900 -0.000037
76910 0.000029
76920 -0.000008
76930 -0.000005
76940 0.000016
76950 -0.000002
76960 -0.000016
76970 0.000003
76980 0.000007
76990 -0.002423
77000 0.000001
77010 -0.002446
77030 0.000005
77040 -0.000003
77050 0.000022
77060 -0.000029
77070 -0.000020
77080 -0.000003
77090 -0.000013
77110 -0.000037
77120 -0.000021
77130 -0.000053
77140 -0.000023
77150 -0.000013
77160 0.000019
77170 0.000005
77180 -0.000001
77200 0.000021
77210 0.000009
77220 -0.000016
77230 0.000054
77240 -0.000003
77250 -0.000002
77260 -0.000019
77270 -0.000001
77280 -0.002616
77290 0.000020
77310 -0.000007
77320 0.000024
77330 0.000019
77340 -0.000009
77360 0.000017
77370 0.000014
77380 -0.000005
77390 0.000008
77400 0.000007
77410 -0.000039
77420 -0.000012
77430 0.000031
77440 -0.000018
77450 -0.000001
77470 0.000009
77480 0.000020
77490 0.000017
77500 0.000032
77510 0.000028
77520 0.000026
77530 -0.002631
77540 0.000008
77550 -0.000010
77560 0.000005
77570 -0.000000
77580 -0.000019
77590 0.000003
77600 -0.000043
77610 -0.000021
77620 0.000020
77630 -0.000011
77640 0.000015
77650 0.000371
77660 -0.000033
77670 -0.000014
77680 0.000048
77690 0.000015
77700 -0.000010
77710 -0.000052
77720 0.000005
77730 0.000039
77740 0.000071
77750 0.000029
77760 0.000011
77780 0.000002
77790 0.000006
77800 -0.000006
77810 -0.000059
77830 0.000001
77840 0.000003
77850 0.000004
77860 -0.000049
77870 0.000000
77880 -0.000010
77890 -0.000005
77900 -0.000013
77910 0.000008
77920 -0.000000
77930 0.000016
77940 -0.000018
77950 -0.000024
77960 0.000056
77970 -0.000046
77980 0.000028
77990 -0.000019
78000 -0.000009
78010 0.000010
78020 -0.000017
78030 0.000033
78040 -0.000012
78050 -0.000013
78060 0.000011
78070 -0.000019
78080 -0.000002
78090 0.000001
78100 0.000005
78110 -0.000029
78130 -0.000014
78140 -0.000017
78150 -0.000003
78160 0.000001
78170 0.000002
78180 0.000006
78190 0.000030
78200 -0.000002
78210 0.000016
78220 -0.000021
78230 0.000014
78240 0.000021
78250 0.000001
78260 0.000107
78270 0.000013
78280 -0.000043
78290 -0.000171
78300 -0.000056
78310 -0.000003
78320 -0.000009
78330 -0.000003
78340 0.000051
78350 0.000007
78360 0.000022
78370 -0.000061
78380 -0.000014
78390 0.000012
78400 -0.000018
78410 -0.000080
78420 0.000008
78430 -0.000027
78440 0.000032
78450 0.000008
78460 0.000001
78470 -0.000011
78480 -0.000000
78490 0.000002
78500 -0.000045
78510 -0.000001
78520 0.000015
78530 -0.000023
78550 0.000002
78560 0.000002
78570 0.000027
78580 -0.000014
78590 0.000011
78600 -0.000033
78610 0.000005
78620 0.000041
78630 0.000005
78640 0.000001
78650 -0.000001
78660 -0.000033
78670 0.000002
78680 0.000014
78700 0.000021
78720 -0.000003
78730 0.000011
78740 -0.000007
78750 -0.000005
78760 0.000029
78770 0.000011
78780 0.000001
78790 0.000015
78800 0.000009
78810 0.000002
78820 0.000002
78830 -0.000001
78840 -0.000004
78850 0.000009
78860 -0.000007
78870 -0.000023
78880 -0.000012
78890 0.000016
78900 0.000694
78910 -0.000004
78920 0.000021
78930 -0.000024
78940 -0.000038
78950 0.000018
78960 0.000006
78970 -0.000003
78980 -0.000003
78990 0.000026
79000 -0.000005
79010 0.000003
79020 0.000033
79030 -0.000054
79050 -0.000419
79060 -0.000021
79070 -0.000002
79080 -0.000000
79090 0.000049
79110 0.000027
79120 0.000028
79130 0.000654
79140 0.000002
79150 0.000037
79160 0.000004
79180 0.000023
79190 0.000001
79200 -0.000055
79210 0.000003
79220 -0.000011
79230 0.000006
79240 -0.000006
79250 0.000000
79260 0.000004
79270 0.000004
79280 0.000014
79290 0.000011
79300 0.000001
79310 0.000029
79320 -0.000007
79330 0.000001
79340 -0.000005
79350 0.000068
79360 0.000009
79370 -0.000003
79380 -0.000009
79390 -0.001424
79400 0.000017
79420 0.000008
79430 0.000016
79440 0.000010
79450 0.000009
79460 -0.000000
79470 0.000006
79480 -0.002484
79490 0.000010
79500 0.000011
79510 -0.000619
79520 -0.000020
79530 0.000017
79540 -0.000018
79560 -0.000027
79570 -0.000016
79590 -0.000037
79600 0.000342
79610 0.000007
79620 -0.000028
79630 0.000014
79640 -0.000015
79650 0.000013
79660 -0.000025
79670 -0.000030
79680 -0.000011
79690 0.000009
79700 -0.000056
79720 -0.000017
79730 -0.000006
79740 0.000018
79750 -0.000024
79760 -0.000011
79770 0.000000
79780 -0.000001
79800 -0.000013
79810 0.000004
79820 0.000006
79840 -0.000001
79850 0.000006
79860 -0.000021
79870 0.000017
79880 0.000020
79890 0.000004
79900 0.000017
79910 0.000009
79920 -0.000014
79930 -0.000010
79940 -0.000030
79950 -0.002475
79960 -0.000005
79970 -0.000000
79980 -0.000016
80000 0.000005
80010 -0.000000
80020 0.000003
80030 0.000008
80040 -0.002075
80050 0.000007
80060 0.000020
80080 0.000010
80090 -0.000006
80100 -0.000060
80110 -0.000007
80120 -0.000008
80130 -0.000003
80140 0.000004
80150 -0.000003
80160 0.000003
80190 -0.000003
80200 -0.000028
80210 0.000003
80220 -0.000015
80230 0.000007
80240 -0.000021
80250 -0.000005
80260 -0.000004
80270 0.000005
80280 -0.000002
80290 0.000010
80300 0.000036
80310 0.000026
80320 -0.000013
80330 -0.000022
80340 0.000003
80350 -0.000003
80360 0.000015
80370 0.000003
80380 -0.000001
80390 -0.000003
80400 0.000027
80420 -0.002361
80430 0.000023
80440 -0.002338
80450 -0.002396
80460 0.000020
80470 0.000001
80480 -0.000021
80490 -0.000016
80500 -0.000029
80520 0.000007
80530 0.000010
80540 0.000018
80560 0.000016
80570 0.000022
80580 0.000001
80590 0.000017
80600 0.000197
80610 -0.000006
80620 -0.000024
80630 -0.002380
80640 0.000019
80650 -0.002428
80660 -0.000015
80670 0.000015
80680 0.000072
80690 0.000016
80700 -0.000008
80710 -0.000019
80720 0.000012
80730 0.000004
80740 -0.000018
80750 -0.000004
80760 0.000010
80780 0.000007
80790 -0.000001
80800 0.000006
80810 -0.000019
80820 0.000000
80830 0.000050
80840 -0.000001
80850 0.000002
80860 0.000020
80870 0.000005
80880 -0.000001
80900 0.000010
80910 -0.000049
80920 -0.000002
80930 0.000006
80940 -0.000004
80950 0.000029
80960 -0.000003
80970 -0.000006
80980 0.000007
80990 0.000021
81000 -0.000015
81010 -0.000003
81020 -0.002320
81030 -0.000012
81040 -0.000011
81050 -0.000035
81060 -0.002284
81070 0.000014
81080 -0.000062
81090 0.000040
81100 0.000027
81110 0.000000
81120 -0.000008
81130 -0.000034
81140 0.000018
81150 -0.000011
81160 0.000009
81170 -0.000011
81180 0.000001
81190 0.000012
81200 0.000001
81220 0.000085
81230 0.000007
81240 -0.000007
81250 0.000028
81260 0.000015
81270 0.000024
81280 0.000019
81290 0.000013
81300 0.000016
81310 -0.000005
81320 -0.000016
81330 0.000005
81340 -0.000087
81350 -0.000076
81360 -0.002305
81370 0.000048
81380 0.000018
81390 0.000023
81400 0.000014
81410 0.000023
81420 0.000038
81430 -0.000016
81440 0.000014
81450 0.000013
81460 -0.000007
81470 0.000007
81480 0.000016
81490 -0.000037
81500 0.000025
81510 0.000016
81520 0.000008
81530 0.000176
81540 0.000019
81550 0.000006
81560 -0.000067
81570 -0.000025
81580 0.000003
81590 -0.000018
81600 -0.000023
81610 -0.002492
81620 0.000010
81640 0.000008
81650 0.000014
81660 -0.000004
81670 0.000012
81680 0.000086
81690 -0.000001
81700 0.000009
81710 0.000012
81720 -0.000032
81730 0.000014
81740 0.000034
81750 0.000020
81760 -0.000025
81770 -0.000021
81780 0.000108
81790 0.000012
81800 0.000021
81810 0.000003
81820 0.000007
81830 0.000001
81840 -0.000015
81860 0.000000
81870 0.000012
81890 0.000006
81900 0.000021
81910 -0.000001
81920 -0.000026
81930 -0.000004
81940 -0.000077
81950 -0.000007
81960 -0.000001
81970 -0.000013
81980 -0.000006
81990 0.000006
82000 0.000004
82010 -0.000029
82020 -0.000009
82030 -0.000012
82040 0.000011
82060 0.000037
82080 -0.000003
82090 -0.000007
82100 0.000017
82110 0.000026
82120 -0.000003
82130 -0.000001
82140 -0.000008
82150 -0.000014
82160 -0.000006
82170 0.000012
82180 -0.000008
82190 0.000003
82200 -0.002580
82210 0.000025
82220 0.000009
82230 -0.000016
82240 -0.000002
82250 0.000020
82260 -0.000050
82270 0.000028
82280 0.000016
82290 0.000017
82300 0.000020
82310 -0.000058
82320 -0.000001
82330 -0.002610
82340 0.000040
82350 -0.000036
82360 -0.000014
82380 0.000021
82400 0.000002
82410 0.000013
82420 -0.000020
82430 0.000012
82440 0.000012
82450 -0.000001
82460 -0.000044
82470 0.000033
82480 -0.000041
82490 -0.000025
82500 -0.000008
82510 -0.000044
82520 -0.000005
82530 0.000006
82540 0.000033
82550 -0.000012
82560 0.000024
82570 -0.000013
82580 -0.000010
82590 -0.000015
82610 0.000026
82620 -0.000030
82630 -0.000001
82640 -0.000006
82650 -0.000007
82660 0.000002
82680 0.000009
82700 -0.002386
82710 -0.000031
82720 0.000004
82730 0.000007
82740 0.000022
82750 -0.000020
82760 -0.000013
82770 -0.000009
82780 0.000055
82790 0.000021
82800 -0.000001
82810 -0.000010
82820 -0.002457
82830 -0.000013
82840 0.000000
82850 0.000013
82860 0.000003
82870 0.000015
82890 -0.000022
82900 -0.000012
82910 0.000634
82920 -0.000027
82930 -0.000026
82940 0.000001
82950 0.000016
82960 -0.000016
82970 0.000000
82980 0.000011
82990 -0.000014
83000 0.000011
83010 -0.000002
83020 -0.000047
83030 0.000001
83040 -0.000028
83050 0.000006
83060 -0.000004
83070 -0.000006
83080 0.000005
83090 0.000007
83100 -0.000020
83120 -0.000017
83130 -0.000011
83140 0.000002
83150 0.000728
83160 -0.000014
83170 0.000017
83180 -0.000026
83200 0.000002
83210 0.000013
83220 0.000048
83230 0.000013
83240 -0.001036
83260 0.000003
83270 0.000046
83280 0.000005
83290 -0.000010
83300 0.000012
83310 0.000005
83320 -0.000009
83330 0.000021
83340 -0.000005
83350 0.000017
83360 -0.000009
83370 0.000023
83380 -0.000023
83390 0.000012
83400 -0.002254
83410 -0.000021
83420 -0.000011
83430 -0.000010
83440 -0.000013
83450 0.000019
83460 0.000001
83470 0.000021
83480 -0.000021
83490 -0.000016
83500 -0.000001
83510 0.000000
83520 0.000079
83540 -0.000013
83550 0.000015
83560 0.000007
83570 -0.001288
83580 -0.000006
83590 0.000000
83600 0.000008
83630 -0.000021
83650 -0.000015
83660 0.000019
83670 -0.000007
83680 -0.000006
83690 -0.002351
83700 -0.000012
83710 0.000040
83720 -0.000001
83730 -0.000018
83740 0.000026
83750 -0.000017
83760 0.000019
83770 -0.000036
83780 -0.000024
83790 -0.000008
83800 -0.000016
83810 0.000023
83820 -0.000145
83830 -0.000005
83840 0.000003
83860 0.000002
83870 -0.000004
83880 -0.000068
83890 -0.002418
83900 -0.000009
83910 0.000015
83920 0.000008
83930 0.000021
83940 0.000022
83950 -0.000010
83960 -0.000005
83970 -0.000013
83980 0.000011
83990 0.000014
84000 -0.002466
84010 -0.000014
84020 0.000019
84030 0.000017
84040 0.000013
84050 0.000015
84070 -0.000016
84080 0.000005
84090 0.000003
84100 -0.000023
84110 -0.000011
84120 0.000008
84130 -0.000008
84140 0.000231
84150 0.000016
84160 -0.000008
84170 -0.000009
84180 0.000032
84200 0.000027
84210 0.000016
84220 -0.000000
84230 0.000012
84240 -0.000006
84250 0.000032
84260 0.000013
84280 0.000011
84290 0.000015
84300 -0.000011
84310 0.000004
84320 0.000010
84330 -0.000003
84340 0.000018
84350 0.000209
84360 0.000450
84370 0.000004
84380 -0.002619
84390 -0.000014
84400 -0.000797
84410 -0.000005
84420 -0.000000
84430 -0.000019
84440 -0.000014
84450 0.000003
84460 0.000008
84470 0.000030
84480 -0.000050
84490 0.000014
84500 -0.000007
84510 0.000009
84520 0.000003
84530 -0.002454
84540 0.000039
84550 0.000022
84560 -0.000053
84570 0.000000
84580 0.000130
84590 -0.000008
84610 -0.000011
84620 0.000007
84630 -0.000015
84640 -0.000006
84650 -0.000002
84660 -0.000012
84680 -0.000025
84690 -0.000001
84700 0.000006
84710 0.000002
84730 -0.000014
84740 -0.000013
84750 -0.000028
84770 -0.000006
84790 -0.000010
84810 0.000035
84820 -0.000046
84830 -0.000001
84840 -0.000007
84850 0.000018
84870 0.000021
84880 -0.000030
84890 -0.000019
84900 0.000015
84910 0.000030
84920 0.000012
84930 -0.000000
84940 -0.000014
84950 0.000007
84960 -0.000002
84970 0.000014
84980 -0.000006
84990 -0.000003
85000 0.000018
85010 0.000030
85020 -0.000024
85030 0.000575
85050 0.000010
85060 0.000008
85070 0.000013
85080 -0.000029
85090 -0.000012
85100 0.000045
85120 0.000007
85130 0.000001
85140 0.000001
85150 0.000026
85160 0.000021
85170 0.000004
85180 -0.000113
85190 0.000000
85200 0.000003
85210 -0.000093
85220 0.000011
85240 0.000006
85250 -0.000026
85260 -0.000025
85270 0.000001
85280 -0.000000
85290 -0.000035
85300 0.000041
85310 -0.000027
85320 0.000019
85330 0.000027
85340 0.000019
85350 -0.000006
85360 -0.000003
85370 0.000015
85380 -0.000016
85390 -0.000010
85400 -0.002227
85410 -0.000009
85420 -0.000034
85430 0.000047
85440 -0.000020
85450 0.000001
85460 0.000019
85470 -0.000011
85480 0.000001
85500 0.000002
85510 0.000018
85520 -0.000007
85530 0.000034
85540 0.000019
85550 0.000016
85560 -0.000006
85570 0.000038
85580 -0.000004
85590 0.000033
85600 0.000218
85610 0.000038
85620 -0.000067
85630 -0.000005
85640 -0.000041
85650 0.000014
85660 0.000017
85670 -0.000005
85680 -0.000009
85690 -0.000019
85700 -0.000038
85710 -0.000008
85720 0.000032
85730 0.000018
85740 -0.000006
85750 -0.000012
85760 -0.000031
85770 -0.000010
85780 -0.000010
85800 -0.000036
85810 -0.000029
85830 0.000000
85840 0.000020
85850 0.000011
85860 -0.000018
85870 -0.000005
85880 -0.000004
85890 0.000040
85900 0.000012
85910 0.000025
85920 -0.000017
85930 -0.000005
85940 -0.000036
85950 -0.000011
85960 -0.000019
85970 0.000019
85980 -0.000018
85990 0.000002
86000 0.000030
86010 -0.000023
86020 0.000026
86030 0.000007
86040 0.000218
86050 0.000008
86060 -0.000003
86070 -0.000017
86080 -0.000006
86090 -0.002142
86100 0.000005
86120 0.000020
86140 0.000012
86150 0.000004
86160 -0.000016
86170 -0.000069
86180 0.000017
86190 -0.000111
86200 0.000002
86210 0.000002
86220 0.000004
86230 -0.000012
86240 0.000015
86250 0.000006
86260 0.000005
86270 0.000005
86280 0.000021
86290 0.000015
86300 -0.000005
86310 0.000023
86320 -0.000004
86330 -0.000011
86340 -0.000027
86370 -0.000013
86380 0.000009
86390 0.000010
86400 0.000003
86410 0.000015
86430 0.000010
86440 -0.000018
86450 0.000012
86460 -0.000011
86470 0.000013
86480 -0.000141
86490 0.000017
86500 -0.000012
86510 0.000013
86520 -0.000006
86530 -0.000007
86540 -0.000006
86550 -0.000013
86560 -0.000002
86570 0.000015
86580 0.000001
86590 0.000342
86600 -0.000003
86610 -0.000003
86620 -0.000032
86630 -0.000016
86640 -0.000446
86650 0.000023
86660 0.000030
86690 -0.000010
86700 -0.000004
86710 -0.000037
86720 0.000019
86730 0.000027
86740 0.000009
86750 0.000031
86760 -0.000006
86770 -0.000033
86780 -0.000000
86790 -0.000020
86800 0.000019
86810 -0.000019
86820 0.000004
86830 -0.000035
86840 -0.000012
86850 0.000095
86860 -0.000005
86870 -0.000022
86880 0.000017
86890 -0.000056
86900 0.000002
86910 0.000009
86930 0.000020
86940 0.000016
86950 0.000030
86960 0.000004
86970 -0.000001
86980 -0.000017
86990 0.000017
87000 -0.000033
87010 -0.000013
87020 0.000017
87030 -0.000006
87040 0.000009
87050 0.000002
87060 -0.000006
87070 0.000024
87080 0.000003
87090 0.000007
87100 0.000000
87110 0.000045
87120 -0.000013
87130 -0.000006
87140 0.000011
87160 -0.000026
87170 0.000023
87180 0.000024
87190 0.000008
87200 0.000011
87210 0.000002
87220 0.000046
87230 -0.000011
87240 -0.000001
87250 -0.000028
87260 0.000006
87270 0.000015
87280 0.000008
87290 -0.002062
87300 -0.000024
87310 -0.000055
87320 -0.000050
87330 -0.002264
87340 0.000007
87350 -0.000020
87360 0.000007
87370 -0.000041
87380 0.000016
87390 -0.000017
87400 -0.002366
87410 0.000000
87420 0.000001
87430 0.000020
87450 -0.000011
87460 0.000012
87470 -0.000043
87480 -0.000002
87490 0.000013
87500 -0.000004
87510 0.000010
87520 0.000012
87530 0.000008
87540 -0.000005
87550 0.000001
87560 0.000012
87570 -0.000010
87580 -0.000010
87590 -0.002273
87600 0.000007
87610 -0.000026
87620 -0.000019
87630 -0.000002
87640 0.000010
87650 -0.000004
87660 0.000035
87670 0.000018
87690 -0.000005
87700 0.000038
87710 0.000009
87720 -0.002079
87730 0.000004
87750 0.000021
87760 -0.000013
87770 -0.000014
87790 -0.000037
87800 0.000016
87810 0.000026
87820 -0.000055
87830 0.000003
87840 0.000004
87850 -0.000063
87860 0.000019
87870 -0.000051
87880 -0.000009
87890 -0.000092
87900 -0.000018
87910 0.000007
87920 0.001831
87930 -0.000027
87940 -0.000001
87970 -0.000008
87980 -0.000003
87990 0.000010
88000 0.000004
88010 0.000006
88020 -0.000014
88030 0.000041
88040 -0.000004
88050 -0.000019
88060 -0.000011
88070 0.000001
88080 0.000017
88090 -0.000003
88100 -0.000016
88110 -0.000016
88120 0.000008
88130 0.000029
88140 -0.000006
88150 0.000022
88160 -0.000001
88170 -0.000004
88180 -0.000001
88190 -0.000036
88200 -0.000028
88210 -0.000015
88220 0.000009
88230 -0.002365
88240 -0.000006
88250 0.000009
88260 -0.000022
88270 -0.000038
88280 -0.000023
88290 -0.000018
88300 0.000037
88310 -0.000029
88330 -0.000002
88340 0.000012
88350 0.000027
88360 0.000003
88370 0.000006
88380 -0.000002
88390 0.000012
88400 -0.000020
88410 -0.000012
88420 0.000015
88430 0.000053
88440 -0.000016
88450 0.000007
88460 0.000001
88470 0.000015
88490 0.000060
88510 0.000011
88530 0.000032
88540 0.000009
88550 -0.000015
88560 0.000004
88570 0.000042
88580 0.000007
88590 -0.000010
88600 0.000004
88610 -0.000004
88620 0.000006
88630 -0.000005
88640 -0.000026
88650 0.000022
88660 0.000006
88670 0.000003
88680 -0.000003
88690 -0.000007
88700 -0.000007
88720 -0.000026
88730 -0.000014
88740 -0.000014
88750 0.000004
88760 -0.000077
88770 0.000012
88780 0.000012
88790 0.000018
88800 0.000017
88810 0.000004
88820 -0.000022
88830 0.000005
88840 0.000015
88860 0.000001
88880 -0.002231
88890 0.000007
88920 -0.000004
88930 -0.000004
88940 0.000014
88950 0.000026
88970 -0.000001
88990 -0.000018
89010 -0.000016
89020 -0.000012
89030 0.000011
89040 -0.000010
89050 0.000010
89060 0.000000
89070 -0.000043
89080 0.000001
89090 -0.000017
89100 0.000008
89110 -0.000022
89120 0.000010
89140 -0.000012
89150 -0.000002
89160 0.000122
89180 -0.000008
89190 -0.000021
89200 -0.000015
89210 -0.000020
89220 0.000011
89230 -0.000004
89240 -0.000008
89250 -0.000003
89260 0.000025
89270 -0.000011
89280 0.000013
89290 -0.000010
89300 0.000010
89310 0.000013
89320 0.000027
89330 -0.002279
89340 0.000008
89350 0.000025
89370 -0.000012
89380 0.000001
89390 -0.000009
89400 -0.000003
89410 0.000020
89420 -0.002269
89430 0.000082
89440 0.000014
89450 0.000003
89460 -0.002243
89470 -0.000029
89480 -0.000009
89490 -0.000007
89510 0.000040
89520 -0.002306
89530 -0.000022
89540 -0.000001
89550 0.000001
89560 0.000002
89570 0.000024
89580 -0.000024
89590 -0.000019
89600 0.000023
89610 0.000015
89620 0.000021
89630 -0.002219
89640 0.000021
89660 -0.000024
89670 0.000031
89680 0.000010
89690 0.000013
89700 0.000009
89710 0.000003
89720 0.000013
89730 -0.000035
89740 0.000034
89750 -0.000014
89760 -0.000001
89770 -0.002239
89780 0.000000
89790 -0.000020
89800 -0.000006
89810 0.000000
89820 -0.000002
89830 -0.000014
89840 0.000005
89850 0.000000
89860 -0.000019
89870 -0.000044
89880 0.000014
89890 -0.000012
89900 0.000041
89910 -0.000004
89920 -0.002152
89930 0.000030
89940 -0.000019
89950 0.000008
89960 -0.000006
89970 0.000010
89980 0.000000
89990 -0.000008
90000 -0.000018
90010 0.000007
90020 -0.000008
90030 -0.000004
90040 -0.000004
90050 0.000009
90060 -0.000033
90070 0.000020
90080 -0.000006
90090 0.000019
90100 -0.000013
90110 -0.000008
90120 0.000016
90130 0.000007
90140 -0.000007
90150 0.000011
90160 -0.000006
90170 -0.000013
90180 -0.000025
90190 0.000008
90210 -0.000023
90220 -0.000006
90230 0.000012
90250 -0.000008
90260 0.000022
90270 0.000009
90280 -0.000006
90290 0.000020
90300 0.000013
90310 -0.002369
90320 -0.000004
90330 -0.000014
90340 -0.000033
90360 0.000035
90370 0.000022
90380 -0.000015
90400 -0.000008
90410 0.000005
90420 0.000022
90430 -0.000049
90440 -0.000026
90450 0.000012
90460 -0.000002
90470 -0.000005
90480 0.000007
90490 0.000905
90500 -0.000004
90510 -0.000009
90520 0.000002
90530 -0.000021
90540 -0.002219
90560 -0.000016
90570 -0.000002
90580 0.000036
90590 -0.000029
90600 0.000009
90610 -0.002213
90620 0.000023
90630 -0.000018
90640 -0.000008
90650 0.000011
90660 0.000000
90670 -0.000033
90680 -0.000001
90690 -0.000007
90700 -0.000039
90710 0.000270
90720 0.000009
90730 -0.000032
90740 0.000003
90750 -0.000016
90760 0.000009
90770 0.000005
90780 -0.000003
90790 0.000022
90800 0.000001
90810 -0.000074
90820 -0.000017
90840 -0.000007
90850 -0.002428
90860 -0.000014
90880 -0.000010
90890 -0.000016
90900 0.000043
90910 0.000013
90920 -0.000007
90930 0.000008
90940 -0.000015
90950 -0.002522
90960 -0.000051
90970 0.000012
90980 0.000017
90990 -0.000002
91000 0.000007
91030 -0.000014
91040 -0.000033
91050 -0.000016
91060 0.000027
91070 -0.000014
91080 -0.000000
91090 -0.002239
91100 0.000022
91110 0.000012
91120 0.000010
91130 -0.000016
91140 -0.000345
91150 -0.000021
91170 0.000010
91180 0.000019
91190 -0.000022
91200 -0.000004
91210 -0.000007
91220 -0.000025
91230 0.000021
91240 0.000025
91250 0.000011
91260 -0.000001
91270 -0.000012
91280 -0.000003
91300 0.000008
91310 -0.000022
91320 0.000039
91330 -0.000022
91340 -0.000004
91350 -0.000019
91360 -0.000007
91370 -0.002154
91380 0.000004
91390 0.000002
91400 0.000000
91410 0.000005
91420 -0.000007
91430 -0.000008
91440 -0.000087
91450 -0.000016
91460 -0.000005
91470 -0.000001
91490 0.000009
91500 -0.000024
91520 0.000167
91530 -0.000026
91540 0.000028
91550 -0.000052
91560 0.000019
91570 -0.000002
91580 0.000000
91590 -0.000003
91600 0.000006
91610 -0.002607
91620 -0.000015
91630 0.000021
91640 -0.000005
91650 0.000005
91660 0.000002
91670 0.000005
91680 0.000020
91690 -0.000007
91700 0.000021
91710 0.000009
91720 0.000072
91730 -0.000008
91740 0.000002
91750 0.000008
91760 0.000016
91770 -0.000007
91800 0.000026
91810 0.000022
91820 -0.000019
91830 -0.000038
91840 -0.000002
91850 -0.000095
91860 0.000007
91870 -0.000015
91880 0.000029
91900 0.000018
91910 -0.000006
91920 0.000003
91930 -0.000006
91940 0.000008
91950 -0.000020
91960 0.000029
91970 0.000007
91980 0.000000
91990 -0.000044
92000 -0.000021
92010 -0.000004
92020 -0.000010
92030 0.000004
92040 -0.000047
92050 0.000012
92060 0.000004
92070 0.000024
92080 -0.002139
92090 0.000009
92100 -0.000010
92110 0.000032
92120 0.000004
92130 -0.002200
92140 0.000011
92160 -0.000017
92170 0.000002
92180 -0.002182
92190 0.000004
92200 0.000004
92210 -0.000012
92220 0.000005
92230 -0.002223
92240 0.000012
92250 0.000023
92260 0.000006
92270 0.000013
92280 0.000001
92290 -0.000000
92300 -0.000002
92310 0.000000
92320 0.000005
92330 0.000039
92340 -0.002242
92350 -0.000013
92360 -0.000008
92370 -0.002209
92380 0.000002
92390 -0.000019
92400 -0.000012
92410 0.000004
92420 0.000004
92430 0.000020
92440 0.000038
92450 0.000001
92460 0.000007
92470 -0.000020
92480 -0.000035
92490 -0.000011
92500 -0.000024
92510 0.000006
92520 0.000129
92530 0.000001
92540 0.000001
92570 -0.000043
92580 0.000080
92590 0.000013
92600 0.000053
92610 -0.000073
92620 -0.000007
92630 0.000001
92640 0.000024
92650 0.000010
92660 -0.000011
92670 -0.000067
92680 0.000078
92690 0.000015
92700 0.000000
92710 -0.000005
92720 -0.000011
92730 0.000000
92740 0.000012
92750 -0.000663
92760 -0.000004
92770 0.000004
92780 -0.000006
92790 -0.000052
92800 -0.000076
92810 0.000013
92820 0.000008
92830 0.000307
92840 -0.000012
92850 -0.000026
92860 -0.000041
92870 -0.000005
92880 0.000000
92890 -0.000006
92900 0.000001
92910 0.000009
92920 -0.000005
92930 0.000009
92940 -0.000008
92950 -0.000084
92960 0.000017
92970 0.000017
92980 0.000005
92990 0.000004
93000 -0.000000
93010 0.000015
93020 0.000015
93030 -0.000017
93040 0.000003
93050 0.000032
93060 0.000012
93070 0.000014
93090 -0.000044
93100 0.000019
93110 -0.000015
93130 -0.000025
93140 -0.000003
93150 0.000021
93160 -0.002216
93170 0.000017
93180 0.000007
93190 -0.000011
93200 0.000023
93210 0.000011
93220 -0.000004
93230 0.000019
93240 -0.000001
93260 -0.000746
93270 -0.002032
93280 0.000028
93290 -0.000006
93300 0.000002
93310 0.000010
93320 -0.000007
93330 -0.000004
93340 0.000001
93350 -0.000001
93360 0.000005
93370 -0.000001
93380 0.000002
93390 -0.000025
93410 0.000019
93420 0.000005
93430 0.000201
93440 -0.000000
93450 0.000005
93460 -0.000014
93470 -0.000015
93480 -0.000001
93490 -0.000012
93500 -0.000096
93510 0.000007
93520 -0.000021
93530 0.000005
93540 -0.000028
93550 -0.000046
93560 0.000005
93570 0.000017
93580 -0.000028
93590 0.000005
93600 0.000000
93610 0.000016
93620 -0.000015
93630 -0.000002
93640 -0.000019
93650 -0.000015
93660 -0.000009
93670 -0.000013
93680 -0.000041
93690 0.000028
93700 0.000019
93710 -0.000056
93720 0.000018
93730 -0.000024
93740 -0.000012
93750 -0.000014
93760 0.000012
93770 0.000004
93780 -0.000005
93790 0.000001
93800 0.000010
93810 -0.000013
93820 0.000012
93840 -0.000009
93850 0.000004
93860 -0.000012
93880 -0.000014
93890 -0.000037
93900 -0.000009
93910 -0.000022
93920 0.000010
93930 0.000004
93940 0.000015
93950 -0.000006
93960 0.000013
93970 -0.000008
93980 -0.000012
93990 -0.000014
94000 0.000010
94010 0.000181
94020 -0.000002
94040 0.000004
94050 0.000005
94060 -0.000007
94070 -0.000012
94080 0.000036
94090 -0.000003
94100 0.000009
94110 0.000016
94120 0.000031
94130 0.000015
94140 0.000009
94150 0.000006
94160 -0.000004
94170 0.000029
94180 0.000074
94190 0.000017
94200 -0.000006
94210 0.000004
94220 -0.000003
94230 0.000001
94240 0.000113
94250 0.000004
94260 -0.000018
94270 0.000007
94280 0.000006
94300 -0.000014
94310 -0.000019
94320 -0.000008
94330 0.000005
94350 -0.002128
94360 -0.000001
94370 -0.002224
94380 0.000015
94390 0.000018
94400 -0.000045
94410 0.000025
94420 -0.000006
94440 0.000010
94450 -0.000009
94460 0.000009
94470 -0.000004
94480 0.000019
94490 0.000009
94500 -0.000011
94510 -0.000015
94520 -0.000002
94530 0.000020
94550 0.000020
94560 0.000007
94570 0.000006
94590 0.000027
94600 0.000003
94620 0.000017
94640 -0.000009
94660 -0.000008
94680 0.000004
94690 -0.000010
94700 0.000021
94710 -0.000059
94720 0.000044
94730 0.000003
94740 -0.000107
94750 -0.002086
94760 -0.000008
94770 0.000009
94780 0.000010
94790 0.000004
94800 0.000006
94810 -0.000040
94820 -0.000007
94830 0.000035
94840 0.000013
94850 0.000006
94860 0.000006
94870 -0.000152
94880 -0.002176
94890 0.000010
94900 -0.000005
94910 -0.000016
94920 -0.000002
94930 0.000070
94940 -0.000028
94950 0.000011
94960 0.000018
94970 0.000012
94980 0.000001
94990 0.000016
95000 0.000012
95010 -0.000027
95020 0.000176
95030 0.000014
95040 0.000016
95050 0.000160
95060 0.000008
95070 -0.000007
95080 0.000002
95090 0.000018
95100 -0.000141
95110 -0.000002
95120 0.000001
95130 -0.000009
95140 0.000004
95150 -0.000030
95160 -0.000013
95170 -0.000008
95180 0.000006
95190 -0.000012
95200 0.000007
95210 -0.000048
95220 -0.000006
95230 -0.000006
95240 0.000008
95250 0.000004
95260 -0.000034
95280 0.000015
95290 0.000013
95300 0.000012
95310 -0.000002
95320 0.000003
95330 -0.000013
95340 -0.000011
95360 0.000002
95370 0.000013
95380 0.000005
95390 -0.000006
95400 -0.000018
95410 0.000006
95420 0.000013
95430 -0.000009
95440 -0.000034
95450 -0.000053
95460 -0.002193
95470 -0.000011
95480 -0.000004
95490 -0.000002
95500 0.000028
95510 0.000023
95520 0.000003
95530 -0.000010
95540 0.000010
95550 -0.000011
95570 0.000021
95580 0.000008
95590 -0.000006
95600 -0.000010
95610 0.000022
95620 0.000018
95630 0.000015
95640 -0.000005
95650 0.000006
95660 0.000011
95670 0.000018
95680 0.000016
95690 0.000012
95720 0.000019
95730 -0.000020
95740 0.000027
95750 -0.000023
95760 -0.000017
95770 -0.000016
95780 -0.000016
95790 0.000012
95800 -0.000010
95810 0.000003
95820 -0.000001
95830 0.000005
95840 -0.000013
95850 -0.000014
95860 0.000016
95870 -0.002081
95880 0.000037
95890 -0.000002
95900 0.000006
95910 0.000025
95920 0.000001
95930 0.000009
95940 -0.000011
95950 0.000019
95960 -0.000018
95970 0.000019
95980 0.000011
96000 -0.000019
96010 0.000012
96030 -0.000018
96040 -0.000028
96050 -0.000004
96060 -0.000005
96070 0.000017
96080 -0.000005
96090 -0.000001
96100 0.000008
96110 0.000019
96120 -0.000022
96130 0.000016
96140 -0.002189
96150 -0.002052
96160 -0.000015
96170 0.000022
96180 0.000009
96190 0.000005
96200 -0.000009
96210 0.000003
96220 0.000012
96230 0.000032
96240 -0.000011
96250 0.000004
96260 0.000031
96270 0.000001
96280 0.000012
96290 -0.000060
96310 -0.000030
96320 0.000002
96330 -0.000011
96340 0.000015
96350 0.000011
96360 0.000011
96380 -0.000008
96390 0.000012
96410 -0.000001
96420 0.000012
96430 0.000048
96440 0.000022
96450 0.000000
96460 -0.000003
96470 0.000007
96480 -0.000002
96490 -0.002916
96500 0.000020
96510 0.000005
96520 0.000002
96530 0.000001
96540 0.000015
96550 -0.002199
96560 -0.000018
96570 0.000032
96580 -0.002292
96590 -0.000001
96600 0.000001
96610 0.000006
96620 -0.000006
96630 -0.000001
96640 0.000007
96650 0.000003
96660 -0.000371
96670 -0.002462
96680 0.000007
96690 -0.000000
96700 -0.002228
96710 -0.000001
96720 0.000005
96730 0.000010
96740 -0.000047
96750 -0.000005
96760 -0.000007
96770 -0.000003
96780 -0.000023
96790 -0.000001
96800 -0.000003
96810 0.000014
96820 0.000009
96830 0.000005
96840 0.000007
96850 0.000000
96860 0.000033
96880 0.000012
96890 -0.000003
96900 0.000005
96910 0.000004
96920 0.000007
96940 -0.000019
96950 0.000055
96960 -0.000006
96970 0.000001
96980 -0.000007
96990 -0.000055
97000 0.000009
97010 -0.000013
97020 0.000007
97030 0.000000
97040 -0.000013
97050 0.000008
97060 0.000012
97070 -0.000038
97080 0.000026
97090 0.000008
97100 -0.000017
97110 -0.000034
97120 -0.000009
97130 0.000013
97150 0.000010
97160 0.000001
97170 0.000015
97180 -0.000000
97190 -0.000013
97200 -0.000016
97210 0.000011
97220 0.000000
97230 -0.000002
97240 -0.000003
97250 0.000005
97260 0.000012
97270 0.000014
97280 0.000008
97290 -0.000119
97300 0.000009
97310 -0.000049
97320 0.000024
97330 -0.000016
97340 -0.002057
97350 0.000006
97360 -0.000025
97370 0.000005
97380 0.000007
97390 -0.002109
97400 0.000015
97410 0.000019
97420 0.000022
97430 0.000019
97440 0.000005
97450 -0.000024
97460 -0.000009
97470 0.000024
97480 0.000034
97490 0.000012
97500 0.000031
97510 -0.000035
97520 -0.000000
97530 -0.000008
97540 -0.000009
97550 0.000016
97560 -0.000013
97570 -0.000001
97580 -0.000005
97590 -0.000002
97610 -0.000017
97620 0.000006
97630 -0.000002
97640 -0.000017
97650 -0.000012
97660 0.000006
97670 0.000001
97680 0.000015
97690 -0.000009
97700 -0.000049
97710 0.000040
97720 -0.000026
97730 0.000003
97750 -0.000014
97760 -0.000017
97770 0.000014
97780 0.000003
97790 0.000009
97800 -0.000051
97810 -0.000020
97820 0.000008
97830 -0.000004
97840 0.000012
97850 -0.000021
97860 -0.000014
97870 0.000011
97880 -0.000000
97890 -0.000005
97910 0.000010
97920 0.000002
97930 0.000010
97940 -0.000019
97950 -0.000006
97960 0.000022
97970 -0.000030
97980 0.000016
97990 0.000012
98000 -0.000010
98010 0.000007
98020 0.000008
98030 0.000009
98040 0.000008
98050 0.000018
98060 -0.000014
98070 -0.000021
98080 0.000016
98090 -0.000010
98100 -0.000039
98110 0.000002
98120 -0.000017
98130 -0.000005
98140 0.000020
98150 -0.000008
98160 0.000001
98170 0.000001
98190 -0.000018
98200 -0.000002
98210 -0.000010
98220 -0.000015
98240 -0.000033
98260 -0.000004
98270 0.000004
98290 -0.000049
98300 -0.000020
98310 0.000036
98320 0.000019
98330 0.000002
98340 -0.000010
98350 -0.000002
98360 -0.000002
98370 0.000010
98380 -0.000016
98390 -0.000002
98400 0.000009
98410 -0.000015
98420 0.000016
98430 -0.000039
98440 0.000022
98450 0.000007
98460 -0.000029
98470 -0.000004
98480 -0.000000
98490 0.000034
98510 0.000036
98520 -0.000005
98530 -0.000001
98550 -0.000008
98570 -0.000040
98580 0.000033
98590 -0.000012
98600 0.000007
98610 -0.000007
98620 0.000005
98630 -0.000012
98640 0.000004
98650 -0.000013
98660 0.000044
98680 -0.000013
98690 0.000103
98700 -0.000010
98710 -0.000018
98720 -0.000005
98730 0.000005
98740 -0.000001
98750 0.000006
98760 -0.002116
98770 -0.000034
98790 0.000001
98800 0.000005
98810 0.000015
98820 0.000007
98830 -0.000030
98840 0.000003
98850 -0.000001
98860 -0.002101
98870 -0.000011
98880 -0.000007
98890 -0.000003
98900 0.000005
98910 0.000012
98920 -0.000009
98930 -0.000026
98940 0.000001
98950 0.000008
98960 -0.002110
98970 -0.000014
98980 -0.000012
98990 0.000033
99000 0.000014
99010 -0.000006
99020 0.000012
99030 -0.000010
99040 -0.000025
99050 0.000016
99060 -0.000005
99070 -0.000003
99080 0.000021
99110 0.000019
99120 0.000040
99140 -0.000021
99150 -0.000052
99160 0.000013
99170 -0.000015
99180 0.000008
99190 -0.000003
99200 -0.000011
99210 0.000004
99220 -0.002071
99230 0.000018
99240 0.000015
99250 -0.000000
99260 -0.000021
99270 0.000004
99280 0.000001
99290 0.000012
99300 -0.000014
99310 0.000003
99320 0.000004
99340 0.000011
99350 -0.000024
99360 -0.002067
99370 0.000015
99380 -0.000006
99390 0.000009
99400 -0.000009
99410 0.000008
99420 -0.000014
99430 0.000011
99440 0.000004
99450 -0.000014
99460 0.000406
99470 0.000007
99480 0.000007
99490 -0.000003
99500 0.000003
99510 -0.000002
99520 0.000005
99530 0.000026
99540 0.000021
99550 -0.000012
99560 0.000000
99570 -0.000026
99580 -0.000019
99590 0.000022
99600 0.000005
99610 0.000012
99620 0.000007
99630 -0.000012
99640 0.000001
99650 -0.000009
99660 0.000009
99670 0.000002
99680 0.000005
99690 -0.000000
99700 -0.002197
99710 -0.000007
99720 0.000000
99730 -0.000025
99740 0.000020
99750 -0.000022
99760 0.000001
99770 -0.000009
99780 -0.000015
99790 0.000127
99800 0.000022
99820 0.000095
99830 -0.000005
99840 0.000115
99850 -0.000022
99870 0.000006
99880 -0.000006
99890 -0.000003
99900 0.000017
99910 -0.000003
99920 0.000004
99930 -0.001969
99940 -0.000000
99950 -0.001931
99960 -0.000034
99970 0.000001
99980 0.000028
99990 -0.000044
100010 -0.000006
100020 0.000017
100030 0.000009
100040 -0.000277
100050 -0.000006
100060 -0.000001
100070 0.000011
100080 -0.000005
100090 -0.000021
100100 -0.000010
100110 0.000056
100120 -0.000019
100130 -0.000025
100140 -0.000229
100150 -0.002035
100160 -0.000007
100170 0.000004
100180 0.000011
100190 0.000016
100200 0.000008
100210 -0.001962
100220 -0.000034
100230 0.000010
100240 -0.000001
100250 0.000006
100260 -0.000022
100270 -0.000003
100280 -0.000021
100290 0.000001
100300 0.000018
100310 -0.000009
100320 0.000014
100330 0.000018
100350 -0.000027
100370 -0.000011
100380 0.000007
100390 -0.000029
100400 0.000010
100410 0.000005
100420 -0.000028
100430 -0.000003
100450 0.000006
100460 0.000003
100470 0.000005
100480 0.000011
100490 -0.000005
100500 -0.000006
100510 0.000011
100520 -0.000004
100530 0.000008
100540 0.000016
100550 0.000005
100560 -0.000042
100570 0.000001
100580 0.000003
100590 0.000008
100600 0.000020
100610 0.000005
100620 -0.000006
100630 0.000001
100640 0.000006
100650 0.000017
100660 0.000001
100670 0.000006
100680 0.000011
100690 0.000002
100700 0.000007
100710 0.000008
100720 0.000008
100730 0.000015
100740 -0.000007
100750 0.000005
100760 -0.000018
100770 -0.000026
100780 0.000006
100790 0.000002
100800 -0.000005
100820 0.000026
100830 -0.000001
100840 0.000003
100850 -0.000016
100860 -0.002015
100870 -0.000010
100880 0.000014
100890 0.000039
100900 -0.002107
100910 -0.000009
100920 0.000004
100930 0.000000
100940 0.000049
100950 0.000009
100960 -0.000011
100970 0.000023
100980 -0.000022
100990 0.000011
101000 0.000006
101010 0.000017
101020 0.000017
101030 -0.000007
101040 0.000006
101050 0.000004
101060 0.000002
101070 -0.000050
101080 0.000006
101090 0.000014
101100 -0.000004
101110 0.000046
101130 0.000013
101140 -0.000012
101150 0.000014
101160 -0.000004
101170 -0.002039
101180 -0.000011
101190 0.000009
101200 -0.000001
101210 0.000016
101220 -0.000002
101230 -0.000008
101240 0.000011
101250 -0.000012
101260 0.000017
101270 -0.000008
101290 0.000004
101300 -0.000006
101310 0.000004
101320 0.000054
101330 0.000007
101340 0.000013
101350 -0.000035
101360 0.000007
101370 -0.000010
101380 0.000005
101390 0.000007
101400 -0.000008
101410 0.000006
101420 -0.000006
101430 -0.000054
101440 0.000007
101450 0.000313
101460 -0.000000
101470 -0.000007
101480 -0.000003
101500 0.000020
101510 0.000030
101520 -0.000045
101530 0.000003
101540 -0.000002
101550 0.000001
101560 -0.000013
101570 -0.002100
101580 0.000010
101590 0.000007
101600 0.000002
101610 -0.000003
101620 -0.000029
101630 0.000011
101640 -0.000010
101660 0.000010
101680 -0.000008
101690 -0.000002
101700 0.000015
101710 -0.000003
101720 0.000001
101730 0.000007
101740 -0.000010
101750 0.000006
101760 -0.000005
101770 0.000004
101780 0.000005
101790 0.000017
101800 -0.000038
101810 0.000011
101820 -0.000009
101830 0.000025
101840 0.000019
101850 0.000012
101860 -0.000021
101870 -0.000018
101880 -0.000023
101890 0.000004
101900 0.000006
101910 -0.000089
101920 0.000010
101930 0.000851
101940 0.000006
101950 -0.000025
101960 0.000061
101970 -0.000004
101980 0.000002
101990 0.000006
102000 0.000007
102010 -0.000005
102020 -0.000001
102030 0.000001
102040 0.000007
102050 -0.000005
102060 0.000001
102070 0.000004
102080 -0.000370
102090 -0.000005
102100 -0.000009
102110 0.000244
102120 0.000011
102130 -0.000023
102140 -0.000024
102150 -0.000009
102160 -0.000034
102170 0.000006
102180 -0.000021
102200 -0.000042
102210 0.000021
102220 -0.000042
102240 -0.000034
102250 -0.000026
102260 -0.000027
102270 -0.000012
102280 -0.000034
102290 -0.000014
102300 -0.000012
102310 0.000011
102320 -0.000013
102330 -0.000003
102350 0.000003
102370 -0.000023
102380 0.000003
102390 0.000015
102400 0.000013
102410 0.000074
102420 -0.000014
102430 -0.002000
102440 0.000021
102450 -0.000026
102460 0.000005
102470 0.000009
102480 -0.000298
102490 0.000008
102500 0.000004
102510 -0.000002
102520 -0.000013
102530 -0.000016
102540 -0.000015
102550 -0.000021
102560 -0.000016
102570 -0.000055
102580 0.000027
102590 -0.000007
102600 0.000015
102610 -0.000006
102620 -0.002031
102630 -0.000007
102640 -0.000022
102650 0.000034
102660 -0.000050
102670 0.000010
102680 -0.000008
102690 -0.000016
102700 0.000017
102710 -0.000001
102720 0.000011
102730 0.000011
102740 0.000016
102750 0.000004
102770 0.000019
102780 0.000004
102790 0.000005
102800 0.000001
102810 -0.000004
102820 -0.000036
102830 0.000014
102840 -0.000013
102860 -0.000002
102870 0.000013
102880 -0.000007
102890 -0.000020
102900 -0.000001
102910 -0.000022
102920 0.000021
102930 0.000010
102940 0.000007
102950 -0.002012
102960 -0.000015
102970 0.000020
102980 -0.000012
102990 -0.000009
103000 -0.000009
103010 0.000001
103020 0.000014
103030 0.000031
103040 0.000016
103050 0.000002
103060 -0.000000
103070 -0.000002
103080 -0.000007
103090 -0.001949
103100 0.000005
103110 -0.000004
103120 -0.000016
103130 0.000022
103140 -0.000002
103150 -0.000009
103160 -0.000023
103170 -0.000017
103180 -0.000001
103190 0.000006
103200 -0.000020
103210 -0.002045
103220 -0.000010
103230 -0.002056
103240 0.000001
103250 0.000007
103260 -0.000022
103270 0.000244
103280 0.000002
103290 0.000000
103300 -0.000021
103310 0.000005
103320 0.000010
103330 0.000001
103340 -0.002034
103350 -0.000117
103360 0.000009
103370 0.000003
103380 -0.000020
103390 -0.000024
103400 0.000007
103410 -0.000010
103420 -0.000015
103430 -0.000002
103440 0.000011
103450 0.000003
103460 -0.000008
103470 0.000005
103480 -0.000033
103490 0.000019
103500 -0.000023
103510 -0.000006
103520 0.000009
103530 0.000004
103540 -0.000012
103550 0.000018
103570 -0.000001
103580 0.000023
103590 0.000009
103610 0.000032
103620 -0.000012
103630 -0.000028
103640 -0.000010
103650 -0.000007
103660 -0.000013
103670 0.000018
103680 0.000004
103690 0.000011
103710 0.000065
103720 0.000013
103730 -0.000075
103740 0.000073
103750 0.000002
103760 -0.000010
103770 0.001799
103780 0.000000
103790 0.000006
103800 0.000009
103810 0.000008
103820 -0.000002
103830 -0.000041
103840 -0.000043
103850 -0.000016
103860 0.000005
103870 0.000005
103880 0.000002
103890 0.000007
103900 -0.000037
103910 0.000009
103920 0.000016
103930 -0.000008
103940 0.000003
103950 -0.000004
103960 -0.000029
103970 0.000004
103980 0.000006
103990 0.000011
104000 -0.002005
104010 -0.000003
104020 -0.000003
104040 -0.000033
104050 -0.000004
104060 -0.000003
104070 0.000017
104080 -0.000001
104090 0.000015
104100 -0.000012
104110 -0.000037
104120 -0.000005
104130 -0.000000
104140 0.000013
104150 -0.000004
104160 0.000011
104170 -0.000006
104180 -0.000003
104190 0.000006
104200 0.000023
104210 -0.000026
104220 -0.000002
104230 -0.000022
104240 0.000004
104250 0.000007
104270 0.000123
104280 0.000008
104290 -0.000026
104300 0.000022
104310 -0.000014
104320 -0.000005
104330 0.000001
104340 0.000008
104360 -0.002047
104370 0.000018
104380 0.000006
104390 -0.001975
104400 0.000009
104410 0.000010
104420 0.000009
104430 0.000010
104440 0.000014
104450 0.000008
104460 -0.000025
104480 -0.002043
104490 -0.000003
104500 0.000015
104510 -0.000002
104520 0.000019
104530 0.000000
104540 0.000021
104550 0.000014
104570 -0.000027
104580 -0.000019
104590 -0.001947
104600 -0.000004
104610 -0.000005
104620 -0.002053
104640 -0.000011
104650 0.000024
104660 0.000006
104670 0.000005
104680 0.000007
104690 0.000020
104700 0.000006
104710 0.000013
104730 -0.000024
104740 0.000011
104750 0.000005
104760 0.000000
104770 0.000039
104780 0.000002
104790 -0.000005
104810 -0.000014
104820 -0.000017
104830 0.000011
104840 -0.000001
104850 -0.000010
104860 0.000010
104870 -0.000000
104890 -0.000001
104900 0.000013
104910 0.000001
104920 -0.000002
104930 -0.000016
104940 0.000018
104950 -0.000018
104960 0.000006
104970 0.000037
104980 -0.001930
104990 0.000030
105000 -0.000168
105010 -0.000009
105020 -0.000035
105030 -0.000011
105040 -0.000014
105050 0.000061
105060 -0.000061
105070 0.000029
105080 0.000011
105090 -0.000024
105100 0.000011
105110 0.000001
105120 0.000023
105130 0.000003
105150 0.000005
105160 -0.000062
105170 0.000010
105180 0.000005
105190 0.000009
105200 0.000011
105210 0.000025
105220 -0.000007
105230 -0.000005
105240 -0.000043
105250 -0.000025
105260 0.000166
105270 -0.000012
105280 0.000013
105290 0.000012
105300 0.000009
105310 -0.000003
105320 -0.000019
105330 0.001493
105340 0.000012
105350 -0.000003
105360 0.000011
105370 -0.000007
105380 -0.000014
105390 0.000004
105400 0.000002
105410 -0.000011
105420 0.000021
105430 0.000005
105440 0.000023
105450 -0.000002
105460 -0.002026
105470 0.000000
105480 -0.000032
105490 -0.000004
105500 0.000008
105520 0.000007
105530 0.000024
105540 -0.000003
105550 0.000000
105560 -0.000005
105580 -0.000002
105590 0.000015
105610 0.000005
105630 0.000013
105640 -0.000005
105650 0.000008
105670 -0.000001
105680 -0.000003
105690 -0.000002
105700 0.000012
105710 -0.001994
105720 0.000030
105730 -0.000015
105740 0.000028
105750 -0.000017
105760 0.000003
105770 0.000004
105780 -0.000000
105790 -0.000012
105800 0.000017
105810 0.000003
105820 -0.000030
105830 0.000012
105850 -0.000000
105860 0.000026
105870 -0.000022
105900 -0.000003
105910 -0.002009
105920 -0.000013
105930 0.000006
105940 -0.000003
105950 -0.000009
105960 -0.000010
105970 -0.000008
105980 0.000014
105990 0.000005
106000 -0.000005
106010 -0.000011
106020 -0.000007
106060 0.000018
106070 0.000024
106080 0.000006
106090 0.000007
106100 -0.000042
106110 0.000004
106120 -0.000118
106130 0.000008
106140 -0.002131
106150 -0.000007
106160 -0.000002
106170 -0.000001
106180 -0.000007
106190 0.000007
106200 0.000060
106210 -0.000050
106220 0.000016
106230 -0.000017
106240 -0.002138
106250 -0.000013
106260 0.000008
106270 -0.000001
106280 -0.000028
106290 -0.000048
106300 -0.000003
106310 0.000001
106330 0.000001
106340 -0.000025
106350 -0.000001
106360 -0.000004
106370 0.000046
106380 0.000011
106390 -0.000016
106400 -0.000013
106410 0.000016
106420 -0.000001
106430 0.000007
106440 -0.000004
106450 -0.000004
106460 -0.000002
106480 -0.000014
106490 -0.000092
106500 -0.002052
106510 -0.000006
106520 0.000018
106530 0.000017
106540 0.000020
106550 0.000008
106560 -0.002199
106570 0.000010
106580 -0.002138
106590 -0.000006
106600 0.000028
106610 -0.000001
106620 -0.000017
106630 0.000006
106640 0.000001
106650 0.000004
106660 -0.001962
106690 -0.000127
106700 -0.000005
106720 -0.000037
106730 0.000003
106750 -0.000006
106760 -0.000011
106770 -0.001002
106780 -0.000008
106790 -0.000035
106800 -0.000031
106810 0.000002
106820 -0.000003
106830 0.000004
106840 0.000012
106870 0.000016
106880 -0.000007
106890 -0.000046
106900 0.000000
106910 -0.000016
106920 -0.000004
106930 0.000121
106940 -0.000029
106950 0.000008
106960 0.000004
106970 -0.000003
106980 -0.000004
107000 -0.000012
107010 0.000016
107020 0.000006
107030 -0.000018
107040 -0.000018
107050 0.000004
107060 -0.002023
107080 0.000028
107090 -0.000000
107100 0.000007
107110 -0.000019
107120 0.000008
107130 -0.000000
107140 -0.000000
107150 0.000004
107160 0.000020
107170 -0.000017
107180 0.000011
107190 0.000014
107200 -0.000035
107210 -0.000011
107220 -0.000002
107230 0.000011
107240 -0.000035
107250 0.000004
107260 -0.000007
107270 -0.000004
107280 -0.000019
107290 -0.000022
107300 0.000025
107310 0.000016
107320 0.000018
107330 -0.001990
107340 -0.000013
107350 0.000321
107360 -0.000039
107380 0.000006
107400 0.000006
107410 -0.000004
107420 -0.000035
107430 -0.000028
107440 -0.000002
107450 0.000000
107460 0.000033
107470 0.000012
107480 0.000014
107490 -0.000056
107500 -0.000013
107510 -0.000003
107530 -0.000001
107540 0.000001
107550 0.000011
107570 -0.000003
107580 -0.000008
107590 0.000009
107600 0.000015
107610 -0.000009
107620 0.000004
107630 -0.000009
107640 -0.000007
107650 0.000029
107660 -0.000015
107670 -0.000015
107680 0.000004
107700 0.000010
107710 -0.000010
107720 0.000010
107750 -0.002029
107760 -0.000002
107770 -0.000015
107780 0.000015
107790 -0.000026
107800 0.000008
107810 -0.000021
107820 0.000001
107830 -0.000036
107840 0.000017
107860 -0.000016
107870 0.000022
107880 -0.000007
107890 -0.000018
107900 -0.000011
107910 0.000019
107930 -0.000009
107940 0.000011
107950 -0.000011
107960 -0.000025
107970 -0.000017
107980 0.000014
107990 0.000006
108000 -0.000038
108010 -0.000017
108020 0.000014
108030 0.000012
108040 -0.000028
108050 -0.000043
108060 0.000018
108080 0.000005
108100 -0.000206
108110 0.000006
108120 -0.000004
108130 0.000007
108140 0.000015
108150 -0.000013
108160 -0.000012
108170 -0.000022
108180 0.000037
108190 0.000018
108200 -0.001806
108210 0.000036
108220 0.000007
108230 -0.000056
108240 -0.000028
108250 -0.000002
108260 0.000024
108270 0.000001
108280 0.000018
108290 0.000024
108300 0.000002
108310 -0.000007
108320 -0.000024
108330 -0.000022
108340 0.000020
108350 0.000010
108360 0.000035
108370 0.000002
108380 -0.000024
108390 0.000036
108400 0.000008
108420 0.000002
108430 0.000039
108440 0.000005
108460 0.000274
108470 0.000008
108480 -0.001731
108490 0.000011
108500 0.000009
108510 -0.000025
108520 0.000004
108530 0.000009
108540 0.000018
108550 -0.000010
108560 -0.000012
108570 0.000002
108580 0.000030
108590 -0.000010
108600 0.000007
108610 -0.000010
108620 0.000011
108630 -0.000001
108640 0.000011
108650 0.000005
108660 -0.000006
108670 -0.000004
108680 0.000006
108700 -0.000017
108710 0.000003
108720 -0.000018
108730 0.000015
108740 -0.000003
108750 -0.000002
108760 -0.000001
108770 0.000015
108790 0.000015
108800 -0.000014
108810 -0.000021
108820 -0.000096
108830 -0.000007
108840 0.000015
108850 0.000276
108860 0.000006
108870 -0.000003
108880 0.000013
108890 -0.000024
108920 -0.000004
108930 -0.000034
108940 0.000010
108950 0.000009
108960 0.000002
108970 -0.000077
108980 -0.000003
108990 0.000014
109000 0.000018
109010 0.000011
109020 -0.002064
109030 0.000000
109050 -0.000010
109060 0.000003
109070 -0.000016
109080 0.000002
109090 -0.000016
109100 -0.000020
109110 0.000004
109120 0.000012
109130 -0.000059
109140 0.000011
109160 -0.000008
109170 -0.000040
109180 0.000007
109190 0.000039
109200 -0.000007
109210 -0.000001
109220 0.000002
109230 0.000006
109240 -0.001860
109250 -0.000017
109260 -0.000008
109270 0.000005
109280 -0.000000
109290 0.000011
109300 0.000011
109320 -0.000001
109330 0.000010
109340 0.000014
109350 0.000025
109360 0.000019
109370 -0.000009
109380 -0.000018
109390 -0.000009
109400 -0.000015
109410 0.000036
109420 -0.000021
109430 0.000005
109440 -0.000008
109450 0.000011
109460 0.000006
109470 0.000010
109500 -0.000020
109510 0.000001
109530 -0.000018
109540 0.000084
109560 0.000058
109570 -0.000006
109580 -0.000003
109590 -0.000014
109600 -0.000001
109610 -0.000014
109620 -0.001924
109630 0.000003
109640 0.000016
109650 0.000007
109660 0.000002
109670 0.000002
109680 -0.000007
109690 -0.000018
109700 0.000011
109710 -0.000014
109720 0.000013
109730 0.000006
109740 -0.000004
109750 -0.000022
109760 -0.000002
109770 -0.001906
109780 0.000006
109790 -0.000023
109800 0.000020
109810 -0.000003
109820 0.000022
109830 -0.000014
109840 0.000011
109850 0.000010
109860 -0.000000
109870 0.000010
109880 0.000007
109890 -0.001751
109900 0.000005
109910 0.000027
109920 -0.000005
109930 -0.000009
109960 0.000002
109970 -0.000008
109980 -0.000004
109990 0.000008
110000 -0.000003
110010 0.000001
110020 0.000006
110030 -0.000024
110040 0.000000
110050 0.000014
110060 -0.000012
110070 0.000008
110090 0.000007
110100 0.000011
110110 -0.000008
110120 -0.000018
110130 0.000006
110140 -0.000006
110160 0.000311
110170 -0.000004
110180 0.000007
110190 -0.000000
110200 -0.000000
110210 -0.000014
110220 -0.001906
110230 0.000015
110240 0.000005
110250 0.000011
110260 -0.000211
110270 0.000039
110280 -0.000029
110290 -0.000005
110300 0.000002
110310 -0.000027
110320 -0.000018
110330 0.000004
110340 -0.001921
110350 0.000009
110360 0.000014
110370 0.000113
110380 0.000015
110390 0.000051
110400 -0.000012
110410 0.000018
110420 -0.000120
110430 0.000006
110440 0.000018
110450 -0.001645
110460 0.000021
110470 -0.001949
110480 -0.000012
110490 0.000005
110500 0.000013
110520 -0.000012
110530 0.000011
110540 0.000004
110550 -0.000009
110560 -0.000000
110570 0.000002
110580 -0.000049
110590 -0.000039
110600 0.000011
110610 -0.000023
110620 -0.000002
110630 0.000032
110640 0.000016
110650 0.000012
110660 0.000002
110670 0.000035
110680 -0.000003
110690 -0.000056
110700 -0.000002
110710 -0.000023
110720 0.000001
110730 -0.000027
110740 -0.000014
110750 -0.000029
110760 -0.000012
110770 -0.000004
110790 0.000002
110810 0.000003
110820 0.000017
110830 0.000010
110840 -0.000000
110850 0.000011
110860 -0.000081
110870 0.000026
110890 -0.000157
110900 -0.000034
110910 0.000063
110930 -0.000000
110940 -0.000002
110950 -0.000020
110960 -0.001923
110970 -0.000009
110980 -0.000002
110990 -0.000009
111000 0.000013
111010 0.000010
111020 -0.000009
111030 -0.000028
111040 -0.000017
111060 0.000001
111070 -0.000026
111080 0.000014
111090 0.000006
111110 -0.000005
111120 -0.000022
111130 0.000018
111140 0.000005
111150 0.000001
111160 -0.000004
111170 0.000074
111180 -0.000012
111190 0.000000
111200 -0.000007
111210 -0.000008
111220 -0.000342
111230 -0.000045
111240 -0.000002
111250 0.000018
111260 -0.000004
111270 -0.000006
111280 -0.000006
111290 0.000006
111300 0.000008
111320 -0.000014
111330 -0.000003
111340 -0.000001
111350 -0.000019
111360 -0.000007
111370 0.000127
111380 -0.000006
111390 0.000009
111400 -0.000016
111410 0.000008
111420 -0.000011
111430 0.000016
111440 0.000016
111450 -0.000002
111460 0.000018
111470 -0.000017
111480 0.000013
111490 0.000030
111500 0.000012
111510 0.000005
111520 0.000014
111530 -0.000024
111540 -0.000008
111550 -0.000028
111560 -0.000021
111570 -0.000004
111580 0.000002
111590 0.000054
111600 0.000029
111610 0.000016
111620 -0.000012
111630 0.000014
111640 0.000020
111650 0.000001
111660 -0.000020
111670 -0.000001
111680 0.000005
111690 0.000009
111700 0.000009
111710 0.000009
111720 0.000010
111740 -0.000004
111750 -0.000006
111760 -0.000023
111770 0.000015
111780 0.000007
111790 0.000002
111800 -0.000003
111810 -0.000019
111830 -0.000034
111840 -0.000029
111850 0.000007
111860 0.000003
111870 0.000729
111880 0.000007
111890 -0.000005
111910 0.000006
111920 -0.000005
111930 0.000000
111940 -0.000017
111950 -0.000011
111960 0.000003
111970 -0.000028
111980 0.000009
111990 -0.000025
112000 -0.000008
112010 0.000004
112020 -0.000012
112030 0.000038
112040 -0.000047
112050 0.000006
112060 0.000004
112070 0.000012
112080 0.000001
112090 -0.000007
112100 -0.000002
112110 0.000002
112120 0.000008
112130 0.000007
112140 0.000051
112150 0.000001
112160 -0.001893
112170 0.000035
112180 0.000003
112190 0.000005
112200 0.000009
112210 -0.000021
112220 0.000001
112240 0.000023
112250 -0.000010
112260 -0.000034
112270 0.000010
112280 -0.000019
112290 0.000004
112300 0.000007
112310 -0.000034
112320 0.000023
112330 0.000002
112340 0.000020
112350 -0.000000
112360 0.000027
112370 0.000004
112380 -0.000006
112390 0.000008
112410 0.000010
112420 -0.000020
112430 -0.000099
112440 0.000030
112450 0.000005
112460 0.000004
112470 0.000020
112480 -0.000012
112490 -0.000002
112500 -0.000025
112510 -0.000025
112520 -0.000150
112530 0.000010
112540 0.000009
112550 -0.000014
112560 0.000005
112570 0.000053
112590 0.000013
112600 -0.000028
112610 -0.000013
112620 -0.000004
112630 0.000012
112640 -0.000005
112650 0.000014
112670 -0.000033
112680 0.000014
112690 -0.000010
112700 0.000003
112710 -0.000013
112720 0.000011
112730 -0.000009
112740 0.000001
112750 -0.000008
112760 0.000004
112770 0.000001
112780 -0.000010
112790 0.000007
112800 0.000007
112810 0.000015
112830 0.000007
112840 0.000010
112850 -0.000007
112860 0.000007
112870 -0.000015
112880 -0.000015
112890 0.000012
112900 0.000026
112910 0.000009
112920 0.000002
112940 -0.000016
112950 0.000013
112960 0.000002
112970 0.000001
112980 -0.000011
112990 0.000004
113000 0.000004
113010 -0.000018
113020 -0.000004
113030 0.000011
113040 -0.000028
113050 -0.000001
113060 -0.000015
113070 -0.000028
113080 -0.000017
113090 -0.000003
113100 0.000015
113110 -0.000020
113120 -0.000005
113130 -0.000012
113140 0.000021
113150 -0.000181
113160 -0.000004
113170 -0.000021
113180 -0.000023
113190 -0.000038
113200 -0.000008
113210 -0.001942
113220 -0.000015
113230 0.000011
113240 -0.000001
113250 0.000030
113260 0.000010
113270 -0.000013
113280 0.000027
113290 -0.000005
113300 -0.000001
113310 -0.000048
113320 0.000026
113340 -0.000021
113350 -0.000036
113360 0.000014
113370 0.000016
113380 -0.000006
113400 -0.001979
113420 0.000008
113430 0.000224
113450 0.000003
113460 -0.000022
113470 -0.002074
113480 0.000020
113490 -0.002018
113500 -0.000020
113510 0.000003
113520 -0.000009
113530 -0.000010
113540 0.000354
113550 0.000004
113560 -0.000008
113570 -0.000005
113580 0.000010
113590 0.000027
113600 -0.000007
113610 0.000005
113620 -0.000034
113630 -0.000005
113640 0.000003
113650 0.000012
113660 0.000039
113670 0.000025
113680 -0.000024
113690 0.000010
113700 -0.000002
113710 0.000009
113720 -0.000002
113730 -0.000017
113740 -0.000007
113750 -0.000004
113760 0.000009
113770 0.000007
113780 0.000007
113810 0.000000
113830 -0.000009
113840 -0.000035
113850 0.000001
113860 -0.000012
113870 -0.000004
113880 -0.000000
113890 0.000014
113900 -0.000077
113910 0.000004
113920 -0.000004
113930 0.000061
113940 -0.000001
113950 0.000015
113960 0.000010
113970 0.000007
113980 0.000021
113990 0.000015
114000 0.000029
114020 -0.000006
114030 -0.000015
114040 -0.001985
114050 0.000010
114060 0.000008
114070 0.000009
114100 0.000014
114110 0.000010
114120 -0.001891
114140 0.000016
114150 0.000018
114160 -0.000011
114170 0.000012
114180 0.000005
114190 -0.000009
114200 0.000005
114210 -0.000002
114220 -0.000028
114230 0.000012
114240 -0.001793
114250 -0.000008
114260 0.000021
114270 -0.000002
114280 0.000003
114290 0.000012
114300 -0.000001
114310 -0.001845
114320 0.000002
114330 0.000019
114340 0.000005
114350 0.000008
114360 -0.000007
114370 0.000010
114380 -0.000091
114390 -0.000038
114400 0.000007
114410 0.000019
114420 -0.000009
114430 0.000001
114440 0.000021
114450 -0.000013
114460 0.000004
114470 0.000012
114490 0.000005
114500 0.000004
114510 0.000008
114520 0.000010
114530 0.000016
114540 0.000003
114550 0.000011
114560 0.000005
114570 0.000007
114580 -0.000010
114590 -0.000014
114600 0.000009
114610 0.000013
114620 -0.000002
114630 -0.000022
114640 0.000006
114650 -0.000011
114660 -0.000001
114670 -0.000025
114680 -0.001774
114690 0.000003
114700 -0.000030
114710 -0.000018
114720 -0.000018
114730 -0.000005
114740 -0.001806
114750 -0.000001
114760 -0.000025
114770 -0.000009
114780 -0.000003
114790 0.000008
114800 0.000002
114810 0.000003
114820 0.000029
114830 -0.000014
114840 0.000008
114850 -0.000020
114860 0.000009
114870 0.000004
114880 0.000015
114890 0.000009
114910 -0.000018
114920 0.000017
114940 -0.000017
114950 0.000005
114960 -0.000009
114970 -0.000000
114980 -0.000018
114990 0.000029
115000 0.000006
115010 -0.000002
115020 0.000007
115030 0.001756
115040 -0.001838
115070 -0.000011
115080 -0.000016
115110 -0.000011
115120 0.000003
115130 0.000011
115140 0.000010
115150 -0.000013
115160 0.000008
115170 0.000003
115180 0.000017
115190 0.000010
115200 -0.000004
115210 0.000014
115220 -0.000001
115230 0.000009
115240 -0.000011
115250 0.000011
115260 0.000015
115270 -0.000068
115280 -0.000001
115290 -0.001846
115300 0.000020
115320 0.000002
115330 -0.000001
115340 0.000031
115350 -0.001841
115360 -0.001871
115370 0.000015
115380 -0.000002
115390 -0.000039
115400 -0.000034
115410 -0.000011
115430 0.000012
115440 -0.000025
115450 0.000107
115460 0.000015
115470 0.000009
115480 0.000006
115490 -0.000001
115500 0.000020
115510 0.000023
115520 -0.000013
115530 0.000024
115540 -0.000029
115550 0.000001
115560 0.000006
115570 -0.000035
115580 -0.000045
115590 -0.000007
115600 -0.000001
115610 -0.000006
115620 0.000016
115630 -0.000000
115640 -0.000005
115650 -0.000001
115670 0.000011
115680 0.000014
115690 0.000011
115700 0.000012
115710 -0.000023
115720 0.000004
115730 0.000027
115740 0.000049
115750 -0.000015
115760 0.000044
115770 -0.000008
115780 -0.000012
115790 0.000001
115800 -0.002061
115810 -0.000022
115820 0.000018
115830 -0.000043
115840 -0.000022
115850 0.000004
115860 -0.000001
115870 -0.001962
115890 0.000011
115900 -0.002926
115910 -0.000007
115920 -0.000006
115930 -0.000016
115940 0.000005
115950 0.000022
115960 -0.000007
115970 0.000017
115980 0.000028
115990 -0.000028
116000 0.000004
116010 0.000004
116020 -0.000021
116030 -0.000013
116040 -0.000001
116050 0.000010
116060 0.000032
116070 0.000015
116080 0.000004
116090 0.000015
116110 -0.000015
116120 -0.000020
116150 0.000015
116160 -0.000001
116180 -0.000003
116190 -0.000008
116200 0.000001
116220 0.000005
116230 -0.000007
116240 0.000052
116250 0.000049
116260 0.000000
116270 0.000008
116280 -0.000005
116290 0.000007
116300 -0.000014
116310 0.000001
116320 0.000005
116330 -0.000007
116340 0.000005
116350 -0.000031
116360 -0.000041
116370 -0.000021
116380 0.000015
116390 0.000004
116400 0.000005
116410 0.000002
116420 0.000020
116440 -0.000028
116450 0.000000
116460 0.000008
116470 -0.000008
116480 0.000002
116500 -0.000043
116510 -0.000014
116520 -0.000018
116530 -0.000007
116540 -0.000269
116550 0.000001
116560 0.000008
116570 -0.000004
116580 0.000004
116590 -0.000011
116600 -0.000018
116610 0.000009
116620 -0.000012
116640 0.000004
116650 -0.000008
116660 0.000013
116670 -0.000012
116680 0.000012
116690 0.000012
116710 0.000029
116730 0.000013
116740 0.000001
116750 -0.000017
116760 -0.000038
116770 -0.000007
116780 -0.000036
116790 0.000009
116800 -0.000017
116810 -0.000090
116830 0.000014
116840 0.000015
116860 -0.000000
116870 -0.000020
116880 -0.000027
116890 -0.000015
116900 0.000001
116910 0.000000
116930 -0.000019
116940 -0.000005
116950 0.000001
116960 0.000001
116970 0.000002
116980 0.000001
116990 -0.000019
117000 -0.001898
117010 0.000012
117030 -0.000012
117040 -0.000016
117050 0.000011
117060 0.000010
117070 -0.000007
117080 -0.000002
117090 -0.000000
117100 0.000007
117110 0.000002
117120 0.000002
117130 -0.000027
117160 -0.000004
117170 0.000009
117180 -0.000009
117190 -0.000000
117200 0.000008
117210 0.000024
117220 -0.000002
117230 0.000013
117240 -0.000010
117250 0.000001
117260 -0.000015
117270 -0.000001
117280 -0.000011
117290 0.000002
117300 -0.000004
117310 0.000006
117320 0.000002
117330 -0.002089
117340 0.000001
117350 -0.000013
117360 -0.000006
117370 0.000007
117380 -0.000007
117390 -0.000023
117400 -0.000036
117410 -0.000001
117420 0.000005
117430 0.000031
117440 0.000002
117450 -0.000030
117460 -0.000027
117470 0.000008
117480 0.000025
117490 -0.000085
117500 -0.000016
117510 0.000026
117520 0.000009
117530 0.000004
117550 0.000032
117570 0.000028
117580 -0.000007
117590 0.000007
117600 -0.000023
117610 -0.000002
117620 -0.000051
117630 -0.000004
117640 0.000015
117650 0.000010
117660 -0.000001
117670 0.000005
117680 0.000310
117690 -0.001810
117700 0.000005
117710 0.000011
117720 0.000021
117730 0.000010
117740 -0.000003
117750 0.000010
117760 -0.001835
117770 0.000016
117780 0.000016
117790 0.000031
117800 0.000004
117810 0.000002
117820 0.000006
117830 -0.000007
117840 0.000011
117850 -0.000008
117860 -0.000030
117870 0.000051
117880 0.000002
117890 0.000005
117900 -0.000011
117910 0.000007
117920 0.000000
117930 -0.000009
117940 -0.000047
117950 -0.000001
117960 0.000014
117970 0.000034
117980 -0.000014
117990 -0.000008
118000 -0.000011
118010 -0.000003
118020 -0.000008
118030 0.000009
118040 0.000017
118050 -0.001840
118060 -0.000043
118070 -0.000010
118080 0.000007
118090 -0.000000
118100 0.000008
118110 -0.000029
118120 -0.000019
118130 0.000011
118140 -0.000016
118150 -0.000041
118160 -0.000003
118180 0.000013
118200 0.000023
118210 -0.000005
118220 0.000009
118230 -0.000151
118240 0.000008
118250 -0.000002
118260 -0.000008
118270 -0.000010
118280 -0.000003
118290 0.000012
118300 0.000018
118310 -0.001789
118320 0.000008
118330 0.000006
118340 -0.000017
118350 -0.000023
118360 -0.000021
118370 0.000008
118380 -0.000022
118390 -0.000014
118410 0.000031
118420 -0.000000
118430 -0.000031
118440 -0.000008
118450 -0.000031
118460 0.000002
118470 -0.000031
118480 -0.000040
118490 0.000015
118510 0.000024
118520 -0.000010
118540 -0.000017
118550 -0.000012
118560 0.000000
118570 0.000019
118580 0.000008
118590 -0.000006
118600 0.000025
118610 0.000004
118620 -0.000004
118630 0.000003
118640 0.000036
118650 -0.000003
118660 -0.000004
118670 -0.000023
118680 -0.001809
118690 0.000007
118700 0.000004
118710 0.000015
118720 0.000014
118730 0.000021
118740 -0.001831
118750 0.000256
118760 -0.000030
118770 -0.000016
118780 -0.000025
118790 -0.000006
118800 0.000016
118810 0.000008
118820 0.000005
118830 0.000026
118840 -0.000001
118850 0.000021
118860 -0.000009
118880 -0.000001
118890 -0.000063
118900 -0.000018
118910 -0.000009
118920 -0.000003
118930 -0.000001
118940 -0.000001
118950 0.000012
118960 0.000010
118980 -0.000032
118990 -0.000033
119000 -0.000012
119010 0.000003
119020 0.000004
119030 0.000009
119040 -0.000002
119050 0.000005
119060 0.000005
119070 0.000026
119080 0.000002
119090 -0.000001
119100 -0.000030
119110 -0.000007
119120 -0.000026
119140 0.000003
119150 0.000007
119160 0.000001
119170 -0.000007
119180 -0.000028
119190 -0.000012
119200 -0.000013
119210 0.000026
119220 -0.000003
119230 0.000002
119240 0.000003
119250 -0.000021
119270 -0.000007
119280 0.000006
119290 -0.001829
119310 -0.000003
119320 0.000003
119330 0.000007
119340 -0.000019
119350 0.000238
119360 -0.000003
119370 0.000046
119380 -0.000025
119390 -0.000030
119400 0.000005
119410 -0.000002
119420 0.000012
119430 -0.000013
119440 -0.000000
119450 -0.000009
119460 -0.000001
119470 -0.000013
119480 -0.000006
119490 0.000012
119500 -0.000018
119510 -0.000001
119520 0.000013
119530 -0.000023
119540 0.000008
119550 0.000001
119560 0.000007
119570 -0.000000
119580 -0.000001
119590 0.000013
119600 0.000002
119610 0.000015
119620 0.000008
119630 -0.000008
119640 0.000013
119650 0.000012
119660 0.000003
119670 -0.000031
119680 -0.000000
119690 0.000016
119700 -0.000002
119720 -0.000011
119730 0.000008
119740 -0.000016
119750 0.000004
119760 -0.000019
119770 -0.000019
119780 -0.000007
119790 0.000006
119800 0.000032
119810 0.000013
119820 -0.000003
119830 0.000008
119840 0.000017
119850 -0.000019
119860 -0.000016
119880 0.000018
119890 -0.000032
119900 0.000013
119910 -0.000000
119920 -0.000010
119930 -0.000044
119940 0.000007
119950 0.000014
119970 0.000040
119980 0.000014
119990 -0.000026
120000 0.000004
120010 0.000009
120020 -0.000001
120030 -0.000024
120040 0.000015
120050 -0.000023
120060 0.000018
120070 -0.000015
120080 0.000004
120090 0.000013
120100 -0.000009
120110 0.000012
120120 -0.000083
120130 0.000022
120140 0.000022
120150 0.000004
120160 0.000007
120170 -0.000002
120180 -0.000012
120190 0.000022
120200 -0.000003
120210 -0.000011
120220 -0.000019
120230 0.000013
120240 -0.000006
120250 0.000004
120260 -0.000014
120270 -0.000026
120280 0.000068
120290 0.000251
120300 0.000011
120310 -0.000006
120320 0.000007
120330 -0.001922
120340 -0.001916
120350 0.000106
120360 0.000002
120370 0.000009
120380 0.000005
120390 0.000010
120400 0.000005
120410 -0.000016
120420 -0.001835
120430 -0.001839
120440 0.000010
120450 0.000008
120460 0.000009
120470 -0.000013
120480 0.000036
120490 -0.000014
120500 -0.000221
120510 -0.000024
120520 -0.000011
120530 0.000010
120540 0.000011
120550 0.000005
120560 -0.000041
120570 -0.000041
120580 -0.000006
120590 -0.000013
120600 -0.001895
120610 0.000003
120620 0.000022
120630 -0.000000
120640 0.000003
120650 0.000019
120660 -0.000016
120670 -0.000001
120680 0.000008
120690 0.000009
120700 0.000042
120710 -0.000024
120720 0.000017
120730 -0.000006
120740 0.000015
120750 -0.000016
120760 0.000006
120770 0.000044
120790 0.000004
120800 -0.000008
120810 -0.000009
120830 0.000008
120840 0.000022
120850 0.000001
120860 0.000009
120870 -0.000018
120890 -0.000010
120900 0.000020
120910 -0.000001
120920 -0.000011
120930 -0.000004
120940 -0.000002
120950 -0.000004
120960 0.000008
120970 0.000008
120980 -0.000032
120990 -0.000008
121000 -0.000017
121010 0.000010
121020 0.000002
121030 0.000012
121040 -0.001806
121050 0.000012
121060 0.000019
121070 -0.000016
121080 -0.000001
121090 -0.000019
121100 0.000003
121110 0.000019
121120 -0.000001
121130 0.000004
121140 0.000028
121150 -0.000010
121160 0.000015
121170 -0.000016
121180 0.000036
121190 -0.000011
121200 0.000012
121210 0.000024
121220 0.000012
121230 -0.001714
121240 -0.000001
121250 -0.000022
121260 0.000003
121270 0.000014
121280 -0.000011
121290 -0.001745
121300 -0.000002
121310 0.000006
121320 0.000002
121330 0.000010
121340 0.000003
121350 0.000001
121370 -0.000002
121380 -0.000001
121390 0.000020
121400 -0.000004
121410 0.000013
121420 -0.000011
121430 -0.000013
121440 0.000002
121450 0.000019
121460 -0.000012
121470 0.000025
121480 -0.000000
121490 0.000000
121500 -0.000018
121510 0.000011
121520 -0.000006
121530 0.000006
121540 0.000027
121550 -0.000001
121560 -0.000020
121570 0.000135
121580 0.000003
121590 -0.001862
121600 -0.000010
121610 0.000010
121620 -0.000006
121630 -0.000007
121640 0.000016
121650 0.000013
121660 0.000008
121670 -0.000035
121680 0.000002
121690 0.000034
121700 -0.000010
121720 -0.000002
121730 0.000013
121740 0.000031
121750 -0.000003
121760 0.000004
121770 -0.000012
121780 0.000010
121790 -0.001835
121800 0.000010
121810 0.000006
121820 -0.000014
121840 -0.000035
121850 -0.001767
121860 -0.000017
121880 0.001011
121890 -0.000015
121900 0.000008
121910 -0.000032
121920 0.000023
121930 -0.000024
121940 0.000005
121950 0.000020
121960 0.000187
121970 -0.000016
121980 0.000099
121990 -0.000002
122000 0.000031
122010 0.000004
122020 -0.001764
122030 0.000004
122040 0.000090
122050 0.000019
122060 -0.000026
122070 0.000020
122080 0.000019
122090 0.000026
122100 -0.000012
122110 0.000009
122120 -0.001821
122140 0.000004
122150 0.000069
122160 -0.000002
122170 0.000011
122180 0.000003
122190 0.000010
122200 -0.000002
122210 -0.000013
122220 0.000014
122230 -0.000009
122240 -0.000015
122250 -0.000010
122260 -0.000004
122270 -0.000001
122280 0.000003
122290 0.000006
122300 0.000000
122310 -0.000006
122320 0.000014
122330 0.000003
122350 -0.000011
122360 -0.002217
122370 0.000010
122380 -0.000032
122390 -0.000004
122400 -0.000004
122410 0.000047
122420 -0.000046
122430 0.000009
122440 -0.000025
122450 -0.000003
122460 -0.000006
122470 -0.000009
122480 -0.000009
122490 0.000002
122500 -0.000006
122510 0.000025
122520 0.000010
122530 -0.000005
122540 -0.000001
122550 -0.000009
122560 -0.000000
122570 0.000013
122580 -0.000027
122590 0.000025
122600 0.000009
122610 -0.000018
122620 0.000012
122630 0.000003
122640 0.000007
122650 -0.001885
122660 0.000013
122670 0.000029
122680 -0.001892
122690 -0.000009
122700 0.000026
122710 0.000028
122720 -0.000000
122730 -0.000021
122740 -0.000008
122750 -0.000003
122760 -0.000023
122770 -0.000042
122780 -0.000016
122790 0.000014
122800 -0.000006
122810 0.000008
122820 -0.000001
122830 0.000001
122840 -0.000001
122850 -0.001818
122860 0.000001
122870 0.000000
122880 0.000011
122890 0.000004
122900 -0.000038
122910 0.000006
122920 0.000017
122930 0.000011
122950 -0.000022
122960 -0.000004
122970 -0.000006
122990 -0.000019
123000 0.000001
123010 -0.000013
123020 -0.000010
123030 -0.000002
123040 0.000016
123050 0.000014
123060 -0.000007
123080 0.000002
123090 0.000004
123100 0.000007
123110 -0.000003
123120 0.000001
123130 -0.001812
123140 0.000016
123150 -0.000225
123160 0.000009
123170 0.000005
123180 0.000091
123190 0.000017
123200 -0.000034
123210 -0.000012
123220 0.000016
123230 -0.000019
123240 0.000032
123250 -0.000005
123260 0.000003
123270 0.000013
123280 0.000006
123290 0.000004
123310 0.000004
123320 -0.000004
123330 -0.000005
123340 0.000006
123350 -0.000006
123360 0.000003
123370 -0.000010
123380 0.000008
123390 0.000003
123400 0.000011
123410 0.000010
123420 0.000025
123430 0.000011
123440 0.000016
123450 -0.000012
123460 -0.000007
123470 0.000016
123480 -0.000038
123490 -0.000002
123500 0.000020
123510 -0.002081
123520 -0.000277
123530 0.000016
123540 0.000005
123550 0.000058
123560 -0.000006
123570 0.000010
123580 0.000012
123590 -0.000039
123600 -0.000019
123620 0.000014
123630 0.000032
123640 -0.001872
123650 0.000022
123660 -0.000013
123670 0.000013
123680 -0.001957
123690 -0.000009
123700 -0.000005
123710 -0.000027
123720 0.000032
123730 -0.000008
123740 0.000010
123750 -0.000035
123760 0.000017
123770 0.000004
123780 0.000011
123790 -0.000009
123800 -0.000009
123810 0.000013
123820 -0.000000
123830 0.000018
123840 0.000006
123850 -0.000007
123860 -0.000757
123870 0.000003
123880 -0.000009
123890 -0.000006
123900 -0.000009
123910 -0.000005
123920 -0.000005
123930 0.000013
123940 -0.001813
123950 -0.000002
123960 0.000004
123970 0.000012
123980 -0.000294
123990 0.000003
124000 0.000021
124010 -0.000001
124020 0.000020
124030 0.000002
124040 -0.000015
124050 0.000003
124060 0.000005
124070 0.000006
124080 0.000024
124090 0.000007
124100 -0.001785
124110 0.000007
124120 -0.000024
124130 0.000005
124140 -0.000021
124150 0.000001
124160 -0.000011
124170 -0.001815
124180 0.000030
124190 0.000005
124210 -0.000027
124220 -0.000016
124230 0.000113
124240 0.000018
124250 0.000011
124260 -0.000013
124270 -0.001875
124280 -0.000009
124290 0.000011
124300 -0.000005
124320 -0.000020
124330 0.000019
124340 0.000021
124350 -0.000004
124360 0.000049
124370 0.000014
124380 0.000007
124390 0.000007
124400 -0.000112
124410 -0.000001
124420 -0.000013
124430 0.000002
124440 0.000001
124450 -0.000010
124460 0.000022
124470 0.000015
124480 -0.000003
124490 -0.000002
124500 0.000074
124510 0.000000
124520 -0.000017
124530 0.000008
124540 0.000002
124550 0.000002
124560 0.000027
124570 -0.000016
124580 -0.000012
124590 -0.000025
124600 -0.000020
124610 -0.000010
124620 0.000012
124630 0.000335
124640 0.000009
124650 -0.001797
124660 -0.000053
124680 0.000004
124690 0.000029
124700 -0.000013
124710 0.000018
124720 0.000002
124730 0.000010
124750 0.000001
124760 -0.000012
124770 -0.000004
124780 -0.000092
124790 0.000014
124800 0.000005
124810 -0.000015
124820 0.000013
124830 0.000004
124840 0.000023
124850 0.000001
124860 0.000017
124870 0.000008
124880 0.000009
124900 0.000021
124910 -0.000004
124920 -0.000024
124930 -0.000001
124940 0.000010
124950 0.000003
124960 0.000004
124970 0.000015
124990 -0.000015
125000 0.000011
125010 0.000019
125020 0.000006
125030 -0.000004
125050 -0.000002
125060 -0.000007
125070 -0.000023
125080 -0.000002
125100 0.000002
125110 0.000008
125120 0.000003
125140 0.000005
125150 0.000014
125160 0.000019
125170 -0.000011
125180 0.000022
125200 -0.000023
125210 -0.000017
125220 -0.001903
125230 0.000016
125240 0.000017
125250 -0.000006
125260 -0.000005
125270 0.000002
125280 0.000015
125290 -0.000021
125300 -0.000022
125310 -0.000013
125320 0.000005
125330 0.000009
125340 0.000052
125350 0.000003
125360 -0.000023
125370 0.000013
125380 0.000012
125390 0.000005
125400 0.000019
125410 -0.001844
125420 0.000010
125430 -0.000002
125440 -0.000003
125450 0.000004
125460 0.000001
125470 0.000000
125480 -0.000012
125490 0.000003
125500 -0.000027
125510 -0.000018
125520 -0.000001
125530 0.000011
125540 0.000051
125550 0.000024
125560 0.000002
125570 0.000001
125580 0.000011
125590 0.000015
125600 -0.000009
125610 0.000026
125620 0.000003
125630 -0.000022
125640 0.000011
125650 0.000015
125660 -0.000027
125670 0.000004
125680 -0.000007
125690 -0.000006
125700 -0.000030
125720 -0.001808
125730 0.000012
125750 0.000002
125760 0.000034
125770 0.000016
125780 -0.000010
125790 -0.000001
125800 0.000001
125820 0.000014
125830 -0.000017
125840 0.000003
125850 -0.000017
125860 0.000014
125870 0.000014
125880 0.000018
125890 -0.000261
125900 -0.000007
125910 0.000010
125920 0.000027
125930 0.000001
125940 0.000336
125950 0.000001
125960 -0.000010
125970 -0.000003
125980 -0.001719
125990 -0.000037
126000 0.000026
126010 0.000040
126020 -0.000013
126030 -0.000023
126040 -0.000010
126050 -0.000013
126060 -0.000007
126070 -0.000001
126080 0.000012
126090 0.000001
126110 -0.000011
126120 0.000021
126130 -0.000004
126140 0.000000
126150 -0.000003
126160 -0.001476
126170 -0.000011
126180 -0.000008
126190 -0.000015
126200 -0.000014
126210 -0.000028
126220 0.000016
126230 0.000002
126240 -0.000104
126250 0.000042
126260 0.000013
126270 -0.000037
126290 0.000024
126300 0.000007
126310 -0.000025
126320 0.000007
126330 -0.000007
126340 -0.000015
126360 0.000010
126370 0.000672
126380 0.000012
126390 0.000015
126400 0.000018
126410 -0.000011
126420 -0.000011
126430 -0.000030
126440 -0.000029
126450 0.000017
126460 0.000004
126470 0.000007
126480 -0.000001
126490 -0.000016
126500 0.000015
126510 -0.000020
126520 0.000015
126530 -0.001885
126540 0.000087
126550 -0.000000
126560 -0.000019
126570 -0.000014
126580 -0.000037
126590 -0.000011
126600 -0.001929
126610 -0.000004
126620 0.000018
126630 0.000015
126640 -0.000020
126650 0.000020
126660 0.000004
126670 -0.000004
126680 0.000003
126690 -0.000038
126700 0.000008
126710 -0.000022
126720 0.001848
126730 -0.000019
126740 -0.001817
126750 0.000122
126780 0.000009
126790 -0.000032
126800 0.000011
126810 -0.000001
126820 -0.000005
126830 -0.000007
126840 0.000009
126850 -0.000001
126860 0.000000
126870 0.000008
126880 0.000007
126890 -0.000004
126900 0.000017
126920 0.000013
126930 0.000007
126940 0.000015
126950 -0.000014
126960 -0.002049
126970 0.000015
126980 0.000001
126990 -0.000017
127000 0.000026
127010 0.000009
127020 -0.000021
127030 0.000003
127050 -0.000025
127060 0.000000
127070 0.000012
127080 0.000007
127090 0.000008
127100 0.000014
127110 0.000014
127120 0.000011
127130 0.000023
127140 0.000015
127150 0.000010
127160 -0.000030
127170 -0.000023
127180 0.000017
127190 0.000011
127210 -0.000025
127220 -0.000006
127230 -0.000014
127240 0.000013
127250 -0.000009
127260 -0.000020
127270 0.000011
127280 0.000068
127290 -0.000058
127310 0.000024
127320 -0.000006
127330 -0.000010
127350 -0.000013
127360 -0.000002
127370 -0.000002
127380 0.000003
127390 -0.000022
127410 0.000009
127420 0.000004
127430 0.000006
127440 0.000000
127450 -0.000004
127460 -0.001890
127470 -0.000017
127480 -0.000029
127500 -0.000024
127510 -0.000033
127520 -0.000005
127530 0.000011
127540 -0.000021
127550 0.000016
127560 -0.000006
127570 -0.000036
127580 0.000018
127590 -0.000015
127600 -0.000004
127610 -0.001896
127620 0.000018
127630 -0.000003
127640 -0.000002
127650 -0.000010
127660 -0.000013
127670 0.000011
127680 -0.000005
127690 -0.001861
127700 -0.000013
127710 0.000016
127720 -0.000017
127730 -0.000020
127740 0.000012
127750 0.000011
127760 -0.000017
127770 0.000003
127790 0.000005
127800 -0.001855
127810 -0.000013
127820 -0.000013
127840 -0.000018
127850 -0.000018
127860 0.000014
127870 0.000017
127880 0.000009
127890 -0.000026
127900 0.000020
127910 0.000008
127920 0.000000
127930 -0.000005
127940 0.000011
127950 0.000004
127960 -0.000036
127970 0.000010
127980 0.000027
127990 0.000011
128010 -0.000006
128020 0.000002
128030 0.000008
128040 0.000005
128050 0.000003
128060 0.000012
128070 -0.000036
128080 0.000024
128090 0.000008
128110 -0.000001
128120 -0.000011
128130 0.000007
128140 -0.000008
128150 0.000005
128160 -0.000000
128170 0.000015
128180 -0.000006
128190 0.000012
128200 0.000014
128210 -0.000009
128220 -0.000001
128230 0.000019
128240 -0.000016
128250 -0.000021
128260 -0.000002
128270 0.000004
128280 -0.000012
128290 0.000019
128300 0.000023
128320 -0.000011
128330 -0.000023
128340 0.000064
128350 0.000012
128360 0.000021
128370 -0.000014
128380 0.000002
128390 -0.000010
128400 0.000002
128410 0.000020
128420 0.000010
128430 -0.000021
128440 0.000002
128450 -0.000001
128460 -0.000002
128470 -0.000024
128480 -0.000020
128490 -0.000002
128500 0.000011
128510 0.000003
128520 0.000015
128530 0.000013
128540 -0.000007
128550 -0.001829
128560 -0.000014
128570 0.000100
128580 -0.000035
128590 0.000004
128610 0.000014
128620 0.000011
128630 -0.000006
128640 -0.002055
128650 0.000013
128660 0.000000
128670 0.000005
128680 -0.000001
128690 -0.000014
128700 0.000003
128710 0.000013
128720 -0.000013
128730 -0.000003
128740 0.000001
128760 0.000016
128780 -0.000001
128790 0.000006
128800 -0.000001
128810 0.000023
128820 -0.000001
128830 0.000013
128840 0.000019
128850 -0.000017
128860 -0.000003
128870 0.000000
128880 0.000003
128890 -0.000028
128900 0.000012
128910 -0.000011
128920 0.000010
128930 0.000001
128940 0.000005
128950 -0.000001
128960 0.000005
128970 -0.001909
128980 0.000005
128990 0.000005
129000 0.000007
129010 -0.000017
129020 0.000017
129030 0.000007
129040 -0.000006
129050 0.000015
129060 0.000009
129070 -0.001655
129080 -0.000008
129090 0.000016
129100 -0.000004
129110 0.000007
129130 -0.000007
129140 0.000001
129150 -0.000010
129160 -0.000003
129170 -0.000002
129180 0.000033
129190 -0.000004
129200 -0.000010
129210 0.000001
129220 -0.000001
129230 -0.000012
129240 0.000048
129250 -0.000007
129260 -0.000002
129270 -0.000123
129290 -0.001727
129300 0.000001
129310 0.000005
129320 0.000008
129330 0.000001
129340 -0.000007
129360 -0.001847
129370 0.000002
129380 0.000007
129390 0.000005
129400 -0.000022
129410 0.000011
129420 0.000009
129430 0.000014
129440 -0.000013
129460 -0.000025
129470 0.000004
129480 0.000033
129490 0.000010
129500 0.000005
129510 -0.000002
129520 0.000008
129530 -0.000006
129540 0.000010
129550 0.000017
129570 0.000024
129580 0.000124
129590 0.000018
129600 -0.000004
129610 0.000010
129620 -0.000000
129630 -0.000007
129640 0.000017
129650 0.000003
129660 0.000018
129670 0.000023
129680 0.000003
129690 0.000015
129700 -0.000000
129710 -0.000003
129720 0.000026
129730 0.000007
129740 0.000012
129750 0.000011
129760 0.000021
129770 0.000003
129780 0.000004
129790 -0.000027
129800 -0.000011
129810 0.000016
129820 0.000000
129830 0.000015
129840 -0.000001
129850 -0.000005
129860 -0.000004
129870 0.000009
129880 -0.000014
129890 0.000007
129900 -0.000017
129910 -0.000023
129920 0.000009
129930 0.000026
129940 -0.000006
129950 0.000005
129960 0.000005
129970 -0.000014
129980 0.000006
130000 0.000004
130010 0.000017
130020 0.000021
130030 -0.000002
130040 -0.000003
130050 -0.000011
130060 0.000004
130070 0.000001
130080 -0.000001
130090 -0.001789
130100 -0.000026
130110 -0.000002
130120 0.000002
130130 0.000017
130140 -0.000016
130150 -0.000011
130160 0.000006
130170 0.000005
130180 0.000006
130190 0.000010
130200 0.000024
130210 -0.000001
130220 0.000003
130230 -0.000010
130240 -0.000018
130250 0.000010
130260 -0.000017
130270 -0.000003
130280 -0.000007
130290 -0.000006
130300 0.000019
130310 -0.000016
130320 0.000013
130330 0.000043
130340 0.000005
130350 0.000048
130360 -0.000021
130370 -0.000004
130380 -0.000025
130390 0.000013
130400 0.000018
130410 0.000821
130420 -0.000033
130430 -0.000048
130440 -0.000020
130450 0.000005
130460 0.000004
130480 -0.000015
130490 -0.000013
130500 -0.000008
130510 0.000103
130520 0.000022
130530 -0.000000
130540 0.000004
130550 0.000010
130560 0.000004
130570 -0.000008
130580 -0.000014
130590 -0.001597
130600 0.000009
130610 0.000018
130620 0.000012
130630 0.000006
130640 0.000020
130650 -0.000012
130660 0.000465
130670 -0.000002
130680 0.000013
130690 0.000003
130700 -0.001725
130710 0.000007
130720 0.000010
130730 -0.000041
130740 -0.000020
130750 0.000136
130760 0.000007
130770 -0.000001
130780 0.000006
130790 0.000022
130800 -0.000011
130810 -0.000020
130820 -0.001901
130830 0.000017
130840 -0.000016
130850 -0.000022
130860 -0.000010
130870 0.000013
130880 -0.000026
130890 0.000015
130900 -0.000011
130910 -0.000001
130920 -0.000012
130930 -0.000019
130940 0.000004
130950 0.000024
130960 -0.000002
130970 0.000013
130980 -0.000019
130990 -0.001749
131000 0.000014
131010 0.000005
131020 -0.000006
131030 0.000026
131040 0.000025
131060 0.000020
131090 0.000030
131100 -0.000011
131110 0.000005
131130 0.000014
131140 -0.001808
131160 -0.000006
131170 -0.000002
131180 -0.000005
131190 0.000015
131200 0.000006
131210 0.000010
131220 0.000006
131230 -0.001791
131240 0.000009
131250 0.000019
131260 0.000016
131270 0.000052
131280 0.000001
131290 -0.000017
131300 0.000009
131310 -0.000010
131320 0.000000
131330 0.000013
131340 0.000025
131350 -0.000026
131360 -0.000010
131370 -0.000053
131380 -0.000038
131390 -0.001756
131400 -0.001771
131410 0.000014
131420 -0.000002
131430 -0.000008
131440 0.000009
131450 0.000033
131460 0.000002
131470 -0.000025
131480 -0.000012
131490 -0.000012
131500 -0.000008
131510 -0.000003
131520 -0.000006
131530 0.000001
131550 -0.000010
131560 0.000001
131570 -0.000007
131590 -0.000019
131610 0.000020
131620 -0.001110
131630 0.000015
131640 0.000008
131650 0.000013
131660 -0.000032
131670 -0.000022
131680 -0.000010
131690 -0.000001
131700 0.000002
131710 0.000000
131720 0.000011
131730 -0.000026
131740 -0.000004
131750 0.000022
131760 0.000000
131770 -0.001027
131780 -0.000024
131790 -0.000010
131800 0.000010
131810 0.000006
131820 0.000006
131830 0.000090
131840 -0.000005
131850 0.000005
131860 -0.000009
131870 -0.000033
131880 0.000008
131890 -0.000000
131900 0.000029
131910 0.000015
131920 0.000003
131940 0.000011
131950 0.000007
131960 0.000001
131970 0.000010
131980 -0.000006
131990 0.000008
132000 -0.001963
132010 0.000024
132020 -0.000012
132030 0.000007
132040 -0.000002
132050 0.000017
132060 0.000004
132070 0.000003
132080 -0.000008
132090 -0.000005
132100 0.000020
132110 0.000000
132120 -0.000103
132130 0.000015
132140 0.000008
132150 -0.002023
132160 0.000007
132170 -0.000027
132180 -0.000001
132190 0.000007
132200 0.000016
132210 -0.000039
132220 -0.000004
132230 -0.000020
132240 -0.000012
132250 -0.000004
132260 0.000014
132270 0.000007
132280 0.000004
132290 -0.000026
132300 -0.000006
132310 0.000005
132320 -0.000010
132330 0.000012
132340 0.000029
132350 -0.000011
132360 0.000005
132370 0.000001
132380 0.000002
132400 0.000001
132410 0.000007
132420 0.000026
132430 -0.000013
132440 -0.000016
132450 -0.000009
132460 -0.000008
132470 -0.000002
132480 0.000015
132490 -0.001849
132500 -0.000010
132510 -0.000005
132520 0.000002
132530 -0.000001
132540 0.000005
132550 0.000005
132560 0.000008
132570 -0.000034
132580 0.000006
132590 0.000010
132600 0.000024
132610 0.000016
132630 -0.000006
132640 0.000009
132650 -0.000015
132660 0.000004
132670 -0.000010
132680 -0.000021
132690 0.000002
132700 -0.000010
132710 -0.000042
132720 -0.000083
132730 -0.000002
132740 -0.000001
132750 0.000000
132760 -0.000025
132770 -0.000013
132780 0.000016
132790 -0.000019
132800 -0.000020
132810 0.000012
132820 -0.000012
132830 0.000003
132840 0.000026
132850 0.000016
132860 -0.000015
132870 -0.000000
132880 -0.000019
132890 -0.000011
132900 0.000015
132910 -0.000000
132930 0.000006
132940 0.000017
132950 0.000015
132960 -0.000003
132970 0.000020
132980 0.000063
132990 0.000009
133010 -0.000001
133020 0.000014
133030 0.000009
133040 -0.000009
133050 0.000014
133060 -0.000008
133070 0.000014
133080 0.000001
133090 0.000001
133100 -0.000014
133110 0.000186
133130 -0.000017
133140 0.000012
133150 -0.001847
133160 -0.000014
133170 0.000001
133180 -0.001745
133190 -0.001825
133200 -0.000006
133210 0.000012
133220 -0.000013
133230 -0.000003
133240 -0.000014
133250 -0.000012
133260 -0.000019
133270 0.000015
133280 -0.000006
133290 0.000060
133300 -0.000014
133310 -0.000017
133320 0.000010
133330 -0.000046
133340 -0.000006
133350 0.000010
133360 0.000020
133370 -0.000003
133380 -0.000021
133390 -0.000006
133400 -0.000008
133410 0.000013
133420 0.000015
133430 -0.000019
133440 -0.000016
133460 -0.000004
133470 -0.000005
133480 0.000001
133490 0.000027
133500 0.000001
133510 -0.000006
133520 -0.000008
133540 -0.000034
133550 0.000033
133560 -0.000005
133570 0.000003
133580 -0.000028
133590 -0.000012
133600 -0.001849
133610 -0.000226
133620 0.000003
133630 0.000004
133650 0.000009
133660 -0.000010
133670 0.000013
133680 0.000004
133690 0.000047
133700 -0.000001
133710 -0.001792
133720 0.000017
133730 -0.000014
133740 -0.000001
133750 -0.000031
133760 -0.001774
133770 -0.000012
133780 -0.000009
133790 -0.000019
133800 0.000013
133810 0.000010
133820 -0.000021
133830 -0.000007
133840 0.000008
133850 0.000154
133860 0.000015
133870 0.000014
133880 -0.000003
133890 -0.000045
133900 -0.000013
133910 -0.000010
133920 -0.000006
133930 -0.004617
133940 -0.000013
133970 0.000031
133980 0.000003
133990 -0.000060
134000 -0.000011
134010 -0.000046
134020 0.000015
134030 0.000041
134040 0.000029
134050 -0.000032
134060 -0.000023
134070 0.000006
134080 0.000009
134090 0.000040
134100 -0.000007
134110 0.000010
134120 -0.000001
134140 -0.000017
134150 0.000011
134160 0.000012
134170 -0.000004
134180 0.000007
134190 0.000007
134200 0.000002
134210 0.000019
134220 -0.000009
134230 0.000003
134240 -0.000020
134250 -0.000008
134260 0.000005
134270 -0.000007
134280 -0.001733
134290 -0.000002
134300 0.000001
134310 -0.000021
134320 0.000021
134330 -0.001795
134340 0.000009
134350 0.000009
134360 0.000005
134370 0.000015
134380 0.000031
134390 0.000009
134400 0.000020
134410 -0.000002
134420 0.000013
134430 -0.000002
134440 -0.000044
134450 0.000028
134470 -0.000030
134480 -0.000008
134490 0.000002
134500 0.000001
134520 -0.000003
134530 0.000006
134540 0.000015
134550 -0.000019
134560 -0.000034
134570 -0.000024
134580 0.000014
134590 -0.000009
134600 0.000026
134610 -0.000005
134620 -0.001775
134630 0.000005
134640 -0.000009
134650 -0.000002
134660 0.000017
134670 -0.000021
134680 -0.000001
134690 0.000007
134700 0.000010
134710 0.000007
134720 -0.000012
134730 0.000001
134740 0.000011
134750 -0.000001
134760 -0.000003
134780 -0.000002
134790 0.000006
134800 -0.000003
134810 -0.000015
134820 -0.000004
134830 0.000003
134850 0.000007
134860 0.000019
134870 0.000013
134880 -0.001742
134890 0.000005
134900 0.000003
134910 -0.000017
134920 -0.000037
134930 0.000024
134940 -0.000037
134950 0.000000
134960 -0.000010
134970 0.000018
134980 -0.000003
134990 0.000003
135000 -0.000018
135010 -0.001727
135020 0.000011
135030 -0.000009
135040 0.000017
135050 0.000013
135060 -0.000005
135070 0.000027
135080 -0.000014
135090 0.000008
135110 -0.000001
135120 -0.000001
135130 0.000001
135140 -0.000009
135160 0.000013
135170 0.000015
135180 0.000005
135200 0.000001
135210 0.000014
135220 0.000000
135230 -0.000013
135240 0.000001
135250 -0.000033
135260 0.000003
135290 0.000001
135300 0.000005
135310 -0.000026
135320 -0.000002
135330 0.000002
135340 0.000142
135350 0.000024
135360 0.000022
135370 -0.000028
135380 0.000015
135390 0.000015
135400 0.000014
135410 0.000010
135420 0.000003
135430 0.000002
135440 0.000009
135450 -0.000005
135460 -0.000018
135470 -0.000028
135480 -0.000014
135490 0.000287
135500 -0.000029
135510 0.000010
135520 -0.000002
135530 0.000015
135540 0.000008
135550 0.000024
135560 0.000020
135570 -0.000002
135580 -0.000022
135590 -0.000239
135600 0.000004
135620 -0.000008
135630 -0.000007
135640 -0.000007
135650 -0.000017
135660 0.000014
135670 -0.000002
135680 -0.000018
135690 0.000009
135700 -0.000002
135710 -0.000039
135720 -0.000030
135730 0.000067
135740 0.000003
135750 0.000008
135760 0.000015
135770 0.000001
135780 0.000014
135790 -0.000013
135800 -0.000015
135810 0.000009
135820 0.000014
135830 -0.002030
135840 -0.000009
135850 0.000001
135860 0.000002
135870 -0.000004
135880 -0.000026
135890 -0.000012
135900 0.000013
135910 0.000024
135920 0.000002
135930 -0.000012
135940 0.000005
135950 0.000005
135960 0.000003
135970 -0.000022
135980 -0.000030
135990 0.000014
136000 0.000006
136010 0.000004
136020 -0.000016
136030 0.000011
136040 0.000002
136050 0.000009
136060 -0.000002
136070 0.000010
136090 -0.000005
136100 0.000013
136110 0.000014
136120 0.000020
136130 0.000009
136140 0.000010
136150 -0.000002
136160 0.000004
136170 0.000007
136180 -0.000001
136190 -0.000010
136200 0.000026
136210 -0.000163
136220 -0.000002
136240 -0.000008
136250 -0.001718
136260 -0.000021
136270 -0.000088
136280 -0.001778
136290 -0.000011
136300 0.000053
136310 -0.000011
136320 0.000003
136330 -0.001719
136340 0.000010
136350 -0.000003
136360 0.000004
136370 -0.000018
136380 0.000440
136390 -0.000004
136400 -0.000023
136410 0.000008
136420 0.000016
136430 -0.001657
136440 -0.000023
136450 0.000006
136460 -0.000081
136470 -0.000040
136480 0.000095
136490 -0.000001
136500 -0.000020
136510 0.000017
136520 -0.000007
136530 0.000001
136540 -0.000051
136550 0.000006
136560 0.000005
136570 0.000011
136580 0.000016
136590 0.000009
136600 0.000017
136610 0.000012
136620 -0.000005
136630 0.000004
136640 -0.000016
136650 0.000012
136660 0.000007
136670 -0.000045
136680 -0.000008
136690 0.000007
136700 0.000006
136710 -0.000063
136720 -0.000001
136730 0.000006
136740 0.000042
136750 0.000004
136760 0.000002
136770 -0.000003
136780 -0.000008
136790 0.000009
136800 0.000003
136810 -0.000003
136820 -0.000009
136830 0.000001
136840 -0.000009
136850 0.000008
136860 0.000019
136870 0.000020
136900 0.000041
136910 -0.000017
136920 -0.000003
136930 -0.000001
136940 -0.000031
136950 0.000002
136960 0.000001
136970 -0.000031
136980 -0.000007
136990 0.000011
137000 0.000022
137010 0.000035
137020 0.000001
137030 -0.000016
137040 0.000021
137050 -0.000018
137060 -0.000025
137070 -0.000012
137080 -0.000013
137090 0.000004
137100 -0.000004
137110 0.000011
137120 0.000008
137130 0.000006
137140 0.000013
137150 -0.000007
137160 0.000025
137170 -0.000070
137180 -0.000007
137190 -0.000012
137200 -0.001769
137210 0.000017
137220 -0.000003
137230 -0.000000
137240 -0.000001
137250 0.000011
137260 0.000005
137270 -0.000022
137280 -0.001698
137290 0.000009
137300 -0.000025
137310 -0.000007
137320 -0.001647
137330 0.000010
137350 0.000002
137360 -0.000013
137370 -0.000003
137380 0.000000
137390 0.000006
137400 0.000009
137410 0.000019
137420 0.000002
137440 0.000000
137450 0.000027
137460 -0.000123
137470 -0.000009
137480 0.000008
137490 0.000003
137510 0.000009
137520 -0.000013
137530 0.000003
137540 -0.000004
137550 0.000009
137560 0.000016
137570 0.000025
137580 -0.000213
137590 -0.000007
137600 -0.000022
137610 -0.000017
137620 0.000002
137630 0.000016
137640 0.000013
137650 0.000016
137660 0.000000
137670 0.000008
137680 -0.000011
137690 0.000073
137700 0.000004
137710 -0.000002
137720 -0.000035
137730 0.000013
137740 0.000017
137750 0.000022
137760 0.000005
137770 0.000002
137780 0.000006
137790 0.000022
137800 0.000011
137810 0.000000
137820 0.000013
137830 0.000016
137840 0.000017
137850 -0.000003
137860 0.000000
137870 -0.000004
137880 0.000034
137890 -0.000045
137900 0.000002
137910 0.000096
137920 0.000002
137940 -0.000002
137950 0.000011
137960 -0.001762
137970 -0.000019
137980 -0.000013
137990 -0.001689
138000 0.000003
138010 0.000004
138020 0.000002
138030 -0.000022
138040 0.000018
138050 -0.000015
138060 0.000015
138070 -0.000008
138080 -0.000023
138090 0.000004
138110 0.000006
138120 -0.001900
138130 0.000002
138140 0.000016
138150 0.000020
138160 0.000007
138170 -0.000021
138180 0.000026
138190 -0.000014
138200 -0.000002
138210 -0.000001
138220 -0.000034
138230 -0.000004
138240 0.000004
138260 0.000007
138270 -0.000015
138280 0.000025
138290 -0.001806
138300 0.000004
138310 -0.000021
138320 0.000012
138330 0.000002
138340 0.000000
138350 0.000010
138360 0.000011
138380 -0.000003
138390 0.000009
138400 0.000010
138410 0.000022
138420 -0.000006
138430 0.000009
138440 -0.000005
138450 0.000002
138460 -0.000033
138470 0.000001
138480 0.000000
138490 -0.000005
138500 0.000041
138510 -0.000005
138520 -0.000006
138530 0.000020
138540 -0.000004
138550 0.000007
138560 -0.000008
138570 -0.001681
138580 -0.000015
138590 0.000003
138600 0.000009
138620 0.000022
138630 -0.000008
138640 0.000016
138650 0.000010
138660 0.000008
138670 -0.000000
138680 0.000002
138690 0.000007
138710 0.000016
138720 -0.000032
138730 -0.001606
138740 -0.000023
138750 -0.000011
138760 0.000003
138770 -0.000007
138780 -0.000027
138790 0.000009
138800 -0.000004
138810 0.000008
138820 0.000022
138830 -0.000019
138840 0.000023
138850 -0.000011
138860 0.000018
138870 0.000006
138890 -0.000005
138900 -0.000006
138910 -0.000002
138920 -0.000009
138930 0.000016
138940 -0.000008
138950 -0.000011
138960 0.000027
138970 0.000015
138980 0.000013
139000 0.000010
139010 0.000003
139020 0.000003
139030 -0.000002
139040 -0.001795
139050 -0.000004
139060 0.000003
139070 0.000308
139080 0.000003
139090 -0.000016
139100 0.000013
139110 -0.000025
139120 -0.000003
139130 -0.000014
139140 0.000004
139150 0.000016
139160 -0.001511
139170 -0.000006
139180 -0.000000
139190 -0.000006
139200 -0.000009
139210 -0.000007
139220 -0.000008
139230 0.000019
139240 -0.000014
139250 0.000006
139260 0.000007
139270 0.000168
139280 -0.000038
139290 0.000008
139300 -0.000008
139310 -0.001897
139320 -0.000012
139330 -0.000025
139340 -0.000029
139350 0.000008
139360 0.000002
139370 -0.000001
139380 0.000000
139390 0.000034
139400 -0.000030
139410 -0.000034
139420 -0.000008
139430 -0.000016
139440 0.000015
139450 -0.000003
139460 0.000048
139470 0.000005
139480 0.000019
139490 -0.000008
139500 0.000001
139510 -0.000011
139520 0.000026
139530 -0.000002
139540 -0.000004
139550 -0.000009
139560 0.000017
139570 0.000023
139580 -0.000001
139590 0.000001
139600 0.000001
139610 0.000026
139620 0.000002
139630 -0.000004
139640 -0.000018
139650 0.000017
139660 -0.000009
139670 -0.000005
139680 -0.000025
139690 -0.000010
139700 -0.000006
139710 -0.000004
139720 0.000014
139730 0.000007
139740 0.000016
139750 -0.000003
139760 -0.000011
139770 -0.000012
139780 -0.000015
139790 -0.000021
139800 0.000003
139810 0.000023
139830 0.000000
139840 0.000004
139850 0.000020
139860 -0.000015
139870 0.000009
139880 0.000013
139890 0.000012
139900 -0.000024
139910 0.000013
139920 -0.000011
139930 -0.001822
139940 0.000002
139950 -0.000011
139960 0.000015
139980 0.000001
139990 0.000007
140000 0.000000
140010 0.000018
140020 -0.000009
140030 0.000004
140040 -0.000017
140050 0.000011
140060 0.000005
140070 -0.001772
140080 0.000024
140090 -0.000003
140100 0.000002
140110 0.000008
140120 -0.000027
140130 0.000006
140140 0.000002
140150 -0.000007
140160 -0.000002
140170 0.000011
140180 0.000002
140190 -0.000028
140210 0.000012
140220 0.000025
140240 -0.000007
140250 -0.000009
140260 0.000014
140270 -0.000018
140280 0.000013
140300 -0.000003
140310 0.000006
140320 -0.001727
140330 -0.001734
140340 -0.000026
140350 0.000023
140360 -0.000019
140380 -0.000002
140390 0.000016
140400 0.000005
140410 -0.000004
140420 0.000015
140430 0.000011
140440 0.000016
140450 0.000012
140460 0.000021
140470 0.000030
140480 -0.000007
140490 0.000198
140500 0.000016
140510 0.000018
140520 -0.000435
140530 -0.000001
140540 -0.000013
140550 -0.000020
140560 -0.000001
140570 0.000008
140580 0.000004
140590 0.000015
140600 0.000013
140610 0.000001
140630 0.000004
140640 0.000014
140650 -0.000013
140660 0.000001
140670 -0.000027
140680 0.000006
140690 0.000008
140700 -0.000017
140710 0.000012
140720 0.000005
140740 -0.001672
140750 0.000039
140760 0.000005
140770 0.000014
140780 -0.000024
140790 -0.000000
140800 0.000366
140810 0.000009
140820 0.000014
140830 -0.000024
140840 0.000008
140850 0.000002
140860 0.000005
140870 -0.001560
140880 -0.000002
140890 -0.000015
140900 0.000008
140910 0.000004
140920 0.000017
140930 0.000007
140940 0.000003
140950 -0.000046
140960 -0.000388
140970 0.000007
140980 0.000014
140990 -0.001672
141000 -0.000008
141010 0.000004
141020 -0.000019
141030 0.000022
141040 -0.000011
141050 -0.000018
141060 0.000016
141070 -0.000022
141080 0.000002
141090 0.000008
141100 -0.000014
141110 0.000059
141120 -0.000003
141130 0.000011
141140 0.000021
141150 0.000000
141160 0.000162
141170 0.000016
141180 -0.000009
141190 -0.000021
141200 0.000009
141210 -0.000022
141220 0.000001
141230 -0.000032
141240 0.000007
141250 0.000002
141260 0.000021
141270 -0.000035
141280 -0.000034
141290 0.000009
141300 0.000012
141320 0.000012
141330 -0.000024
141340 -0.000029
141350 0.000010
141360 0.000012
141370 0.000009
141390 0.000008
141400 0.000007
141410 -0.000024
141430 -0.000013
141440 0.000007
141450 0.000020
141460 0.000002
141480 -0.000007
141490 -0.000005
141500 0.000018
141510 -0.000005
141520 0.000004
141530 0.000008
141540 0.000712
141550 0.000002
141560 0.000017
141570 -0.001662
141580 -0.000000
141590 -0.000012
141600 -0.000011
141610 -0.000010
141620 0.000014
141630 0.000011
141640 0.000004
141650 -0.000007
141660 0.000003
141670 0.000026
141680 0.000012
141690 0.000013
141700 -0.000002
141710 -0.000012
141720 0.000044
141730 -0.000003
141740 0.000006
141750 -0.000017
141760 -0.000004
141770 0.000006
141780 -0.000007
141790 0.000024
141800 0.000001
141810 -0.001729
141820 0.000007
141830 0.000013
141850 0.000015
141860 -0.000002
141870 -0.000003
141880 0.000006
141890 0.000016
141900 -0.000005
141910 0.000004
141920 0.000011
141930 -0.000004
141940 -0.000003
141950 -0.000003
141960 -0.000015
141980 -0.000040
141990 0.000028
142000 0.000006
142010 0.000002
142020 0.000011
142030 -0.001722
142040 -0.000002
142050 0.000006
142060 0.000000
142070 0.000007
142090 0.000004
142100 -0.000018
142110 -0.000022
142120 -0.000011
142130 0.000003
142140 -0.000012
142150 -0.000018
142160 -0.000007
142170 -0.000002
142180 0.000016
142190 -0.000018
142210 -0.000019
142220 -0.000007
142230 -0.000002
142240 0.000019
142260 0.000003
142270 -0.000050
142280 -0.000355
142290 0.000001
142300 0.000005
142310 0.000007
142320 -0.001710
142330 0.000029
142340 -0.000007
142350 0.000024
142360 -0.000004
142370 0.000010
142380 0.000007
142390 0.000005
142400 -0.000013
142410 -0.000029
142420 0.000006
142430 -0.001805
142450 0.000015
142460 -0.001854
142470 -0.000015
142480 -0.000000
142490 0.000025
142500 0.000006
142510 -0.000010
142520 -0.000000
142530 0.000009
142540 -0.000046
142560 -0.000020
142570 -0.000003
142580 0.000001
142590 -0.000005
142600 -0.000026
142610 0.000006
142620 0.000015
142630 -0.000006
142640 -0.000024
142650 -0.000010
142670 -0.000003
142680 0.000001
142690 0.000000
142700 0.000056
142710 0.000023
142720 -0.000007
142730 0.000019
142750 -0.000008
142760 0.000010
142770 -0.000019
142780 -0.001671
142790 -0.000001
142800 -0.000011
142810 -0.000116
142820 0.000010
142830 0.000008
142840 0.000006
142850 -0.000168
142860 -0.000004
142870 0.000006
142880 0.000018
142890 -0.000040
142900 -0.000010
142910 0.000012
142920 -0.000001
142940 -0.000003
142950 -0.000011
142960 -0.000000
142970 0.000008
142980 -0.000027
142990 0.000015
143000 -0.000048
143010 0.000005
143020 -0.000002
143030 -0.001682
143040 -0.000011
143060 -0.000003
143070 -0.000008
143080 0.000011
143090 0.000021
143100 0.000003
143110 0.000010
143120 -0.000015
143140 -0.001688
143150 -0.000015
143160 0.000019
143170 -0.000017
143180 -0.000002
143190 0.000028
143200 -0.000009
143210 -0.000009
143220 -0.000018
143230 0.000003
143240 0.000042
143250 0.000029
143260 -0.000005
143270 -0.000005
143280 0.000988
143300 0.000002
143310 -0.000001
143320 -0.000002
143330 -0.000010
143340 0.000011
143350 0.000005
143360 0.000115
143370 -0.000004
143380 0.000002
143390 0.000003
143400 0.000005
143410 -0.001709
143420 0.000017
143430 0.000012
143440 0.000010
143460 -0.000024
143470 -0.000015
143480 -0.000015
143490 -0.000018
143500 -0.000018
143510 -0.000001
143520 0.000004
143540 -0.000076
143550 -0.001714
143560 0.000013
143570 0.000009
143580 0.000008
143590 -0.000013
143600 0.001865
143610 0.000011
143620 -0.000040
143640 0.000005
143650 -0.000012
143660 0.000004
143670 -0.000003
143680 -0.000026
143690 0.000009
143700 0.000643
143710 -0.000026
143720 0.000018
143730 0.000019
143740 0.000009
143750 -0.000006
143760 -0.000035
143770 -0.000000
143780 -0.000206
143790 -0.000014
143800 -0.000016
143810 0.000002
143820 0.000012
143830 0.000006
143840 0.000007
143850 -0.000008
143860 -0.000050
143870 0.000006
143880 -0.000026
143890 0.000023
143900 0.000011
143910 -0.000000
143920 0.000010
143930 0.000015
143940 0.000009
143950 -0.000052
143960 0.000027
143970 0.000025
143980 -0.000015
144010 -0.000017
144020 0.000006
144030 0.000005
144040 -0.000029
144060 -0.000002
144070 -0.000035
144080 0.000014
144100 0.000005
144110 0.000017
144120 -0.000150
144130 0.000010
144140 -0.000018
144150 -0.000014
144160 -0.000010
144170 0.000008
144180 0.000020
144190 -0.000005
144200 -0.000008
144210 0.000012
144220 0.000006
144230 0.000005
144240 0.000006
144250 0.000004
144260 -0.001739
144270 -0.000025
144280 0.000011
144290 0.000017
144300 -0.000004
144310 -0.000006
144320 -0.000018
144330 -0.000022
144340 -0.000004
144350 0.000007
144360 -0.000012
144370 -0.000017
144380 -0.000019
144390 -0.000001
144400 0.000016
144410 0.000024
144420 -0.001612
144430 -0.000006
144440 0.000009
144450 0.000017
144460 -0.000003
144470 -0.000014
144480 -0.001756
144490 -0.000002
144510 -0.000001
144520 -0.000010
144530 -0.000099
144540 -0.000002
144550 -0.000004
144560 0.000011
144580 -0.000014
144590 -0.000009
144600 0.000009
144610 -0.000019
144620 0.000015
144630 0.000002
144640 0.000006
144650 -0.000014
144660 -0.000010
144670 -0.000014
144680 -0.000015
144690 -0.000022
144700 -0.000006
144710 0.000026
144720 -0.000008
144730 0.000005
144740 -0.000005
144750 -0.000002
144760 -0.000008
144770 0.000005
144780 0.000004
144790 0.000020
144800 -0.000009
144810 -0.000002
144820 -0.000008
144830 -0.000000
144840 -0.000014
144850 -0.000003
144860 0.000010
144870 0.000006
144880 0.000002
144890 0.000042
144900 -0.000007
144910 0.000014
144920 0.000012
144930 0.000008
144940 0.000000
144950 0.000001
144960 0.000000
144970 -0.001730
144980 -0.000011
144990 0.000027
145000 0.000005
145010 -0.000005
145020 -0.000015
145030 0.000001
145040 0.000020
145050 0.000011
145060 0.000006
145070 0.000005
145080 0.000016
145090 0.000002
145100 -0.000011
145110 0.000012
145130 -0.000006
145140 -0.000004
145150 -0.000011
145160 -0.001748
145170 -0.000003
145180 -0.000002
145190 0.000017
145200 0.000008
145210 0.000020
145220 -0.000006
145230 -0.000001
145240 -0.001733
145250 -0.000012
145260 0.000006
145270 -0.000008
145280 -0.000013
145290 0.000029
145310 -0.000003
145320 0.000003
145330 -0.001668
145340 -0.000008
145350 0.000034
145360 -0.000006
145370 -0.001689
145380 0.000017
145390 0.000006
145400 0.000009
145410 0.000002
145420 0.000008
145430 0.000026
145440 0.000318
145450 -0.000005
145460 0.000059
145470 0.000021
145480 -0.000001
145490 -0.000022
145500 -0.000003
145510 0.000002
145520 0.000137
145530 0.000005
145540 -0.001710
145550 0.000008
145560 0.000008
145580 0.000002
145590 0.000002
145600 -0.001682
145610 -0.000001
145630 0.000023
145640 0.000035
145650 -0.000019
145660 -0.001011
145670 0.000015
145680 0.000004
145690 0.000008
145700 -0.001872
145720 0.000001
145730 0.000001
145740 0.000215
145750 0.000003
145760 0.000020
145770 0.000001
145780 -0.000003
145800 -0.000017
145810 0.000015
145820 -0.000009
145830 0.000010
145840 -0.000013
145860 0.000051
145870 -0.000009
145890 -0.000006
145910 0.000021
145920 -0.000002
145930 0.000003
145940 -0.000000
145950 -0.000001
145960 -0.000007
145970 0.000040
145980 -0.000009
145990 -0.000003
146000 0.000023
146010 0.000008
146020 -0.000009
146030 0.000005
146040 -0.001710
146050 0.000007
146060 -0.000005
146070 -0.000008
146080 -0.000001
146090 0.000008
146100 0.000005
146110 -0.000006
146120 -0.000001
146130 0.000012
146140 0.000006
146150 -0.000005
146160 0.000010
146170 0.000008
146180 -0.000009
146190 -0.000011
146200 -0.000006
146210 0.000004
146220 -0.000528
146230 -0.000004
146240 -0.000015
146260 -0.000007
146270 0.000004
146280 -0.000015
146290 0.000018
146300 0.000071
146310 0.000012
146320 -0.000004
146330 0.000008
146340 0.000013
146350 0.000003
146360 -0.000002
146370 0.000013
146380 0.000014
146390 -0.000006
146400 -0.000027
146410 -0.000011
146420 0.000014
146430 -0.000018
146440 -0.000011
146450 -0.000019
146460 -0.000025
146470 -0.001689
146480 -0.000012
146490 0.000013
146500 0.000020
146510 0.000012
146520 0.000142
146530 0.001821
146550 0.000011
146560 0.000006
146570 -0.000010
146580 -0.000015
146590 -0.000022
146600 0.000010
146610 -0.000025
146620 -0.001737
146630 0.000016
146640 -0.001740
146650 -0.000003
146660 0.000007
146670 -0.000015
146680 0.000000
146690 -0.000007
146700 -0.001686
146710 0.000005
146720 0.000012
146730 -0.000004
146740 0.000048
146750 0.000066
146760 -0.000019
146770 0.000011
146780 0.000028
146790 -0.000014
146800 -0.000006
146810 -0.000004
146820 -0.001653
146830 -0.000008
146850 -0.000022
146860 0.000001
146870 -0.000005
146880 0.000013
146890 0.000006
146900 -0.000002
146910 -0.000017
146920 0.000008
146930 -0.000009
146940 -0.000019
146950 0.000007
146960 0.000011
146970 -0.000006
146980 -0.000036
146990 -0.000012
147010 -0.000014
147020 -0.000013
147030 0.000009
147040 0.000002
147050 -0.001686
147060 -0.000005
147070 0.000525
147080 -0.000031
147090 -0.000026
147100 0.000004
147110 -0.000016
147120 0.000171
147130 0.000023
147140 0.000008
147150 -0.000013
147160 0.000019
147170 -0.000001
147180 -0.000023
147190 -0.000004
147200 0.000005
147220 -0.000020
147230 -0.000020
147240 -0.000007
147250 0.000010
147260 0.000017
147270 0.000006
147280 -0.000005
147290 -0.000019
147310 0.000015
147320 -0.001688
147330 -0.000007
147340 -0.000012
147350 0.000010
147360 0.000015
147370 0.000010
147380 0.000004
147390 0.000012
147410 -0.000018
147420 -0.000032
147430 -0.000004
147440 0.000005
147450 -0.000004
147460 -0.000016
147470 -0.000003
147480 -0.000006
147490 -0.000026
147510 0.000011
147520 0.000003
147530 0.000003
147550 -0.000038
147560 -0.000005
147570 0.000014
147580 -0.000014
147590 0.000005
147600 0.000005
147610 -0.000020
147620 -0.000012
147630 0.000027
147640 0.000000
147660 0.000013
147670 -0.000028
147680 -0.000017
147690 -0.000007
147700 0.000009
147720 0.000017
147730 0.000005
147740 -0.000009
147750 -0.000005
147760 0.000012
147770 -0.000004
147780 -0.000037
147790 0.000002
147800 -0.000000
147810 0.000008
147820 -0.000008
147830 0.000004
147840 -0.000019
147850 -0.000026
147860 -0.000002
147870 0.000008
147880 0.000001
147890 0.000010
147900 0.000008
147910 0.000082
147930 0.000011
147940 -0.000019
147950 -0.000019
147960 0.000001
147970 -0.000005
147980 -0.000013
147990 -0.000039
148000 -0.000001
148010 -0.000017
148020 0.000014
148030 0.000007
148040 -0.001587
148050 0.000019
148060 0.000002
148070 -0.000001
148080 0.000005
148090 -0.000019
148100 -0.001544
148110 0.000006
148120 0.000001
148130 -0.001632
148140 0.000001
148150 -0.000003
148160 -0.000001
148170 0.000014
148190 -0.001684
148200 -0.000000
148220 0.000001
148230 0.000005
148240 -0.000006
148250 -0.000003
148260 0.000001
148280 0.000012
148290 -0.000066
148300 -0.000009
148310 -0.001698
148320 -0.000003
148330 0.000003
148340 -0.000037
148350 0.000000
148360 0.000016
148370 0.000009
148380 -0.000007
148390 0.000044
148400 0.000013
148410 0.000007
148420 0.000028
148430 -0.000029
148440 -0.000011
148450 -0.000002
148460 0.000000
148470 0.000019
148490 0.000017
148500 -0.000003
148510 0.000018
148520 -0.000022
148530 0.000014
148540 -0.000010
148550 0.000020
148560 -0.000009
148570 0.000002
148580 -0.000007
148590 -0.000001
148600 0.000019
148610 0.000057
148620 -0.000006
148630 0.000011
148640 0.000027
148650 -0.000001
148660 -0.000011
148670 0.000031
148680 -0.001620
148690 0.000021
148700 -0.001500
148710 0.000010
148720 0.000017
148730 0.000008
148740 0.000006
148750 -0.000034
148760 0.000001
148770 0.000002
148780 -0.000002
148790 0.000009
148800 0.000023
148810 0.000011
148820 0.000013
148830 -0.000017
148840 0.000003
148860 -0.000016
148870 0.000015
148880 -0.000003
148890 0.000009
148900 0.000008
148910 -0.000007
148920 0.000003
148930 -0.000016
148940 0.000002
148950 -0.000039
148960 0.000007
148970 0.000017
148980 -0.000021
148990 -0.000021
149000 0.000012
149010 -0.000048
149020 0.000015
149030 -0.000000
149040 0.000015
149050 -0.000040
149060 0.000005
149080 -0.000009
149090 -0.000003
149100 -0.000012
149110 -0.000001
149120 -0.000016
149130 0.000001
149140 -0.000010
149150 0.000006
149160 -0.000003
149170 0.000051
149180 0.000020
149190 -0.000012
149200 -0.000021
149210 0.000003
149220 0.000023
149230 -0.000002
149250 -0.000010
149260 0.000010
149270 0.000015
149280 0.000013
149290 -0.001657
149300 0.000007
149310 -0.001708
149320 -0.000008
149330 0.000003
149340 -0.000033
149350 -0.000010
149360 -0.000025
149370 0.000019
149380 -0.000022
149390 -0.000002
149400 0.000002
149410 0.000013
149420 0.000036
149430 -0.000017
149440 -0.000015
149450 -0.000022
149460 -0.000023
149470 -0.000007
149480 -0.000015
149490 -0.000013
149500 0.000006
149510 0.000009
149530 -0.000029
149540 0.000008
149550 0.000016
149560 0.000003
149570 0.000011
149580 -0.000004
149590 0.000019
149600 -0.000001
149610 0.000013
149620 0.000011
149630 0.000010
149640 -0.000046
149650 -0.000015
149660 0.000011
149670 0.000005
149680 0.000008
149690 0.000020
149700 0.000019
149710 -0.000035
149720 -0.000006
149730 0.000004
149740 -0.000008
149750 -0.000096
149760 -0.000038
149770 -0.001654
149780 -0.000024
149790 0.000022
149800 0.000002
149810 -0.000015
149820 -0.000004
149830 -0.000007
149840 0.000001
149850 -0.000000
149860 0.000001
149870 -0.000010
149880 -0.000009
149890 -0.000041
149900 -0.000000
149910 0.000018
149920 -0.000011
149930 -0.000118
149940 0.000010
149950 -0.000000
149960 0.000014
149970 -0.000008
149980 -0.000033
149990 -0.000010
150000 -0.000021
150010 0.000101
150020 -0.000007
150030 0.000034
150040 -0.000016
150050 -0.000006
150060 0.000016
150070 -0.000010
150080 0.000010
150090 -0.000010
150100 -0.000011
150110 -0.000003
150120 -0.000012
150130 0.000010
150140 0.000017
150150 0.000022
150160 -0.000005
150170 0.000013
150180 0.000019
150190 -0.000007
150200 0.000008
150210 0.000006
150220 0.000011
150230 -0.000036
150240 0.000063
150250 0.000013
150260 -0.000014
150270 -0.001936
150280 -0.000014
150290 0.000001
150300 -0.000010
150310 -0.000024
150320 0.000005
150330 0.000003
150340 0.000009
150350 0.000001
150360 -0.001645
150370 0.000015
150380 -0.000002
150390 0.000004
150400 -0.000020
150410 -0.000006
150420 0.000005
150430 0.000006
150440 -0.000011
150450 0.000013
150460 -0.001641
150470 0.000038
150490 -0.001655
150500 -0.000005
150510 0.000012
150520 0.000010
150530 0.000178
150540 0.000016
150550 0.000009
150560 -0.000032
150580 0.000014
150590 -0.000009
150600 0.000002
150610 0.000043
150630 0.000005
150640 -0.001686
150650 0.000012
150660 0.000016
150670 0.000005
150680 0.000002
150690 0.000010
150700 -0.000005
150710 -0.000026
150720 -0.000265
150730 0.000013
150740 -0.000031
150750 0.000001
150760 0.000022
150770 0.000008
150780 -0.000000
150790 0.000040
150800 -0.000015
150810 0.000004
150820 -0.000010
150830 0.000013
150840 0.000023
150850 0.000008
150860 0.000012
150870 -0.000006
150880 0.000009
150890 -0.000008
150900 -0.000045
150910 0.000009
150920 0.000007
150930 0.000013
150940 0.000005
150950 0.000005
150960 -0.001604
150970 0.000001
150980 0.000029
150990 0.000004
151000 -0.000001
151010 0.000008
151020 0.000006
151030 -0.000010
151040 0.000001
151050 0.000007
151060 0.000012
151070 -0.000001
151080 -0.000010
151090 -0.001755
151100 0.000006
151110 -0.000007
151120 -0.000007
151130 -0.001446
151140 0.000010
151150 -0.000014
151170 0.000004
151180 -0.000003
151190 -0.000010
151200 0.000023
151210 0.000005
151220 0.000006
151230 -0.000001
151240 0.000012
151250 -0.000002
151260 0.000006
151270 0.000022
151280 -0.000002
151290 0.000008
151300 -0.000004
151310 -0.000005
151320 0.000006
151330 -0.000017
151340 0.000006
151350 -0.000027
151360 -0.000001
151370 0.000011
151380 0.000007
151390 0.000019
151410 -0.000039
151420 0.000009
151430 -0.000025
151440 -0.000020
151450 0.000012
151460 0.000020
151470 -0.000006
151480 -0.000019
151490 -0.000006
151500 0.000017
151510 0.000011
151520 0.000010
151530 0.000009
151540 0.000005
151550 0.000005
151560 -0.000003
151570 0.000005
151580 0.000004
151590 0.000002
151600 -0.000012
151610 0.000008
151620 -0.000027
151630 0.000006
151640 0.000004
151650 -0.000031
151660 0.000020
151670 0.000008
151680 -0.000006
151690 0.000013
151700 0.000004
151710 -0.000011
151720 0.000008
151730 0.000009
151740 -0.000023
151750 0.000014
151760 -0.000015
151770 -0.001768
151780 -0.000012
151790 0.000011
151800 0.000001
151810 -0.000027
151820 -0.000002
151830 0.000014
151840 0.000008
151850 0.000218
151860 0.000046
151870 0.000000
151880 0.000002
151890 0.000014
151900 -0.000024
151910 0.000017
151920 -0.000032
151930 -0.000027
151940 0.000161
151950 0.000014
151960 -0.000014
151970 -0.000011
151980 0.000007
151990 -0.000001
152000 0.000020
152010 -0.000006
152020 0.000009
152030 -0.000037
152040 0.000008
152060 0.000006
152070 0.000011
152080 -0.000052
152090 0.000021
152100 0.000011
152110 0.000001
152120 0.000007
152130 -0.000005
152140 0.000009
152150 -0.001673
152160 -0.000004
152170 -0.000016
152190 0.000006
152200 0.000000
152210 0.000012
152220 0.000004
152230 -0.001653
152240 0.000015
152250 -0.000009
152260 -0.001694
152270 0.000002
152280 0.000000
152290 -0.000018
152300 -0.000029
152310 -0.000018
152320 0.000111
152330 -0.000002
152340 0.000016
152350 0.000008
152360 -0.000002
152370 -0.001828
152380 -0.000012
152390 0.000005
152400 0.000010
152410 -0.000017
152420 0.000004
152430 -0.000014
152440 -0.000009
152460 -0.000011
152470 -0.000034
152480 -0.000162
152500 0.000007
152510 -0.000038
152520 -0.000015
152530 0.000013
152540 -0.001148
152550 -0.000014
152560 0.000018
152570 0.000002
152580 0.000014
152590 0.000002
152610 0.000007
152620 0.000001
152640 0.000010
152650 0.000003
152660 0.000001
152670 -0.000013
152680 0.000020
152690 0.000018
152710 -0.000007
152720 -0.000004
152730 -0.000002
152740 -0.000007
152750 0.000011
152760 -0.000827
152770 -0.001585
152780 0.000008
152790 -0.000006
152800 0.000013
152810 -0.000013
152830 0.000010
152840 0.000004
152850 -0.000011
152860 -0.000013
152870 -0.000015
152880 0.000066
152890 -0.000011
152900 -0.000001
152920 0.000019
152930 -0.000003
152950 0.000004
152960 -0.000001
152970 -0.000011
152980 0.000007
152990 0.000024
153000 -0.000043
153010 0.000005
153020 -0.001712
153030 0.000006
153040 -0.000020
153050 -0.000008
153060 0.000015
153070 -0.000004
153080 -0.000030
153090 0.000004
153100 -0.000007
153120 0.000005
153130 -0.000011
153140 0.000013
153150 -0.000022
153160 -0.000011
153170 -0.000007
153180 0.000005
153190 0.000029
153200 0.000006
153210 0.000027
153220 -0.000014
153230 0.000015
153240 0.000060
153250 -0.000011
153260 -0.000041
153270 -0.000005
153280 -0.000003
153290 -0.000028
153300 0.000014
153310 0.000029
153320 0.000012
153330 -0.000002
153350 0.000002
153360 -0.000023
153370 0.000009
153380 -0.000001
153390 0.000014
153400 -0.000044
153410 -0.001668
153420 -0.001698
153430 0.000011
153450 0.000025
153460 0.000004
153470 -0.000015
153480 -0.000005
153490 -0.000002
153500 -0.000024
153510 -0.000013
153520 -0.000005
153530 0.000007
153540 0.000002
153550 -0.000034
153560 0.000009
153570 -0.000018
153580 -0.000014
153590 0.000002
153600 0.000009
153610 0.000013
153620 0.000353
153630 -0.000021
153640 -0.000023
153650 -0.000009
153660 -0.000001
153670 0.000018
153680 0.000011
153690 -0.000018
153700 0.000001
153710 0.000004
153720 0.000001
153730 -0.000002
153740 0.000021
153750 0.000009
153760 -0.000012
153770 0.000011
153780 -0.000010
153790 -0.000018
153800 -0.001717
153810 0.000014
153820 0.000012
153830 0.000015
153840 0.000011
153850 0.000012
153860 -0.001622
153870 -0.000010
153880 0.000015
153890 0.000003
153900 -0.000007
153910 -0.000029
153920 -0.000006
153930 -0.000022
153940 -0.000015
153950 -0.000007
153960 0.000011
153970 0.000007
153980 -0.000018
153990 0.000013
154000 0.000012
154010 -0.000001
154020 -0.000063
154040 0.000001
154050 -0.000124
154060 -0.000005
154070 0.000009
154080 -0.000002
154090 -0.000012
154100 -0.000021
154110 -0.001627
154120 -0.000015
154130 0.000006
154140 -0.000017
154150 0.000020
154160 -0.000005
154180 -0.000002
154190 -0.000011
154200 0.000006
154210 -0.000030
154220 -0.000001
154230 0.000161
154240 -0.000012
154250 -0.000006
154260 -0.000002
154270 0.000021
154280 -0.000032
154290 0.000010
154300 0.000016
154310 0.000000
154320 0.000012
154330 -0.000002
154340 -0.000035
154350 -0.000007
154360 0.000017
154370 -0.000097
154380 -0.000006
154390 -0.000003
154400 0.000007
154410 -0.000010
154420 -0.000013
154440 -0.001683
154450 -0.000019
154460 -0.001802
154470 0.000013
154480 -0.000024
154490 -0.001561
154500 -0.000018
154510 0.000020
154520 0.000020
154530 -0.000281
154540 0.000009
154550 -0.000003
154560 -0.001554
154570 0.000016
154590 -0.000025
154600 0.000007
154610 0.000018
154620 -0.000020
154630 -0.000015
154640 -0.000004
154650 0.000013
154660 -0.000012
154670 0.000026
154680 0.000011
154690 -0.000002
154700 0.000002
154710 0.000004
154720 0.000010
154730 0.000011
154740 0.000020
154750 -0.000005
154760 -0.000063
154770 0.000018
154780 -0.000006
154790 -0.000011
154800 -0.000010
154810 0.000001
154820 -0.000001
154830 0.000016
154840 -0.000005
154850 0.000014
154860 -0.000002
154870 -0.000005
154880 -0.000001
154890 -0.000001
154900 0.000002
154910 0.000019
154920 0.000000
154930 -0.001695
154940 -0.000013
154950 0.000014
154960 -0.000002
154970 0.000003
154980 -0.000020
154990 -0.000002
155000 -0.000003
155010 0.000016
155020 -0.001573
155040 0.000004
155050 -0.000009
155060 0.000020
155070 -0.000012
155080 -0.000001
155090 -0.000005
155100 -0.000023
155110 0.000007
155130 -0.000030
155140 0.000009
155150 -0.000015
155160 0.000015
155170 -0.000046
155180 0.000001
155190 0.000001
155200 0.000017
155220 0.000002
155230 0.000299
155240 -0.000002
155250 0.000016
155260 0.000066
155270 0.000007
155280 0.000010
155290 -0.000207
155300 -0.000023
155310 -0.000013
155320 0.000010
155330 -0.000032
155340 0.000016
155350 0.000017
155360 0.000023
155370 0.000009
155380 -0.000010
155390 0.000013
155400 -0.000005
155410 0.000000
155420 -0.000009
155430 0.000016
155440 -0.000017
155450 -0.000016
155460 -0.000005
155470 0.000006
155480 0.000012
155490 -0.000008
155500 0.000014
155510 0.000020
155520 0.000009
155530 0.000007
155540 -0.000003
155550 -0.000021
155560 0.000008
155570 0.000002
155580 0.000005
155590 -0.000158
155600 0.000006
155610 0.000022
155620 0.000004
155630 0.000002
155640 0.000019
155650 -0.000008
155660 -0.000023
155670 -0.000017
155680 -0.000009
155690 0.000000
155700 0.000014
155710 -0.000014
155720 0.000013
155730 -0.000014
155740 0.000002
155750 -0.000010
155760 0.000009
155770 -0.000022
155780 0.000008
155790 -0.000005
155800 -0.000008
155810 -0.000021
155820 -0.000025
155830 -0.001612
155840 -0.001632
155850 -0.000295
155860 -0.000018
155870 0.000003
155880 -0.000010
155890 0.000008
155900 0.000002
155910 0.000003
155920 0.000005
155930 0.000002
155940 -0.001610
155950 -0.000001
155960 -0.000008
155970 -0.000017
155980 -0.000001
155990 0.000002
156000 -0.000005
156010 0.000007
156020 -0.000014
156030 0.000933
156040 -0.000006
156050 -0.000003
156060 -0.000016
156070 -0.000019
156080 0.000017
156090 0.000025
156100 -0.000016
156110 -0.000005
156120 -0.000245
156140 0.000017
156150 -0.000007
156160 -0.001592
156170 -0.000017
156180 -0.000016
156190 0.000001
156200 0.000016
156210 0.000019
156220 0.000003
156230 0.000004
156240 -0.000008
156250 0.000009
156260 0.000006
156270 0.000003
156280 -0.000019
156290 0.000020
156300 0.000017
156310 0.000003
156320 -0.000027
156330 -0.000018
156340 0.000008
156350 0.000016
156360 -0.000044
156370 0.000009
156380 0.000004
156390 0.000004
156400 0.000011
156410 0.000008
156420 0.000011
156430 0.000005
156440 -0.000008
156450 0.000005
156460 0.000019
156470 -0.000023
156480 -0.000013
156500 0.000016
156510 -0.000007
156520 -0.000029
156530 0.000015
156540 0.000028
156550 0.000002
156560 0.000010
156570 0.000012
156580 -0.000001
156590 -0.000005
156600 -0.000006
156610 0.000002
156620 -0.000015
156640 -0.000008
156650 -0.000024
156660 -0.000009
156670 0.000022
156680 -0.000005
156690 -0.000032
156700 -0.000032
156710 0.000010
156720 -0.000015
156730 0.000025
156740 0.000001
156750 -0.000003
156760 -0.000017
156770 -0.000004
156780 -0.000006
156790 -0.000021
156800 -0.000007
156810 -0.000010
156820 -0.000019
156830 0.000006
156840 0.000004
156850 0.000004
156860 0.000001
156870 -0.000049
156880 0.000009
156890 0.000021
156900 0.000002
156910 -0.001950
156920 -0.001926
156930 0.000009
156940 0.000004
156950 0.000004
156960 0.000011
156970 -0.001600
156980 0.000004
157000 -0.000000
157010 0.000016
157020 -0.001633
157030 0.000010
157040 0.000008
157050 -0.000009
157060 -0.000003
157070 0.000025
157080 -0.000053
157090 0.000000
157100 -0.000012
157110 0.000006
157120 0.000016
157130 0.000006
157140 0.000036
157150 0.000006
157160 0.000018
157170 -0.000027
157180 0.000028
157190 0.000005
157200 -0.000001
157220 0.000001
157230 0.000013
157240 0.000010
157250 0.000011
157270 0.000006
157280 0.000005
157300 -0.000007
157310 0.000007
157320 -0.000056
157330 0.000013
157340 -0.000005
157350 0.000000
157360 -0.000010
157370 0.000018
157380 -0.000044
157390 -0.000048
157400 -0.000030
157410 0.000017
157420 -0.000028
157450 0.000023
157460 -0.000005
157470 -0.000007
157480 0.000007
157490 -0.000010
157500 0.000001
157510 -0.000013
157520 0.000004
157530 0.000721
157540 -0.000009
157550 0.000005
157560 0.000009
157570 -0.000017
157580 -0.000012
157590 -0.000005
157600 0.000006
157610 -0.000014
157630 0.000006
157640 0.000004
157650 0.000008
157660 -0.000003
157670 0.000021
157680 -0.000013
157690 0.000016
157700 0.000005
157710 -0.001598
157720 0.000011
157730 0.000022
157740 -0.000001
157750 0.000009
157760 0.000010
157770 0.000014
157780 0.000016
157790 -0.000170
157800 -0.000004
157810 0.000019
157820 0.000019
157830 -0.000054
157840 0.000020
157850 -0.000009
157860 0.000005
157870 -0.000006
157880 -0.000005
157890 -0.000037
157900 -0.000012
157910 -0.000015
157920 -0.000002
157930 -0.000016
157940 0.000022
157950 0.000003
157960 -0.000016
157970 0.000002
157980 -0.000024
157990 0.000011
158000 0.000013
158010 -0.000010
158020 0.000016
158030 -0.001605
158040 0.000001
158050 0.000005
158060 0.000014
158070 0.000001
158080 0.000002
158090 0.000004
158100 0.000002
158110 0.000002
158120 -0.000003
158130 0.000002
158140 -0.001611
158150 0.000005
158160 0.000014
158170 0.000019
158180 0.000005
158190 0.000004
158200 -0.000005
158220 -0.000005
158230 0.000009
158240 -0.000007
158250 -0.000023
158260 -0.000006
158280 0.000017
158290 0.000017
158300 -0.000012
158310 -0.000002
158320 0.000006
158330 0.000012
158340 -0.000020
158350 -0.001732
158360 0.000012
158380 -0.000018
158390 -0.000002
158400 0.000004
158410 0.000008
158420 -0.000014
158430 0.000001
158440 -0.000016
158450 0.000002
158460 0.000017
158470 -0.000020
158480 0.000007
158490 -0.001106
158510 0.000009
158520 0.000004
158530 -0.001517
158540 0.000001
158550 -0.000015
158560 0.000006
158570 0.000001
158580 -0.000007
158590 0.000003
158600 -0.000006
158610 0.000005
158620 -0.000000
158630 0.000025
158640 0.000005
158650 -0.000006
158660 0.000051
158670 0.000028
158680 -0.000016
158690 -0.000012
158700 -0.000012
158710 0.000011
158720 -0.000006
158730 -0.000011
158740 -0.000008
158750 0.000001
158760 0.000010
158770 0.000025
158780 0.000032
158790 -0.000016
158800 -0.000007
158810 -0.000026
158820 0.000003
158830 -0.000007
158840 -0.000001
158850 0.000001
158860 -0.000028
158870 0.000002
158880 -0.000009
158890 0.000009
158900 0.000019
158910 0.000005
158920 -0.000001
158930 -0.000021
158940 0.000003
158950 0.000004
158960 0.000010
158970 -0.000001
158980 -0.000148
158990 0.000016
159000 -0.000045
159010 0.000017
159020 -0.001601
159030 -0.000000
159040 0.000010
159050 -0.000009
159060 -0.000020
159070 0.000009
159080 0.000007
159090 0.000005
159100 0.000012
159110 -0.000012
159120 0.000014
159130 -0.000034
159140 -0.000015
159150 -0.000017
159160 0.000008
159170 0.000008
159180 0.000004
159190 0.000016
159200 0.000009
159210 -0.000002
159220 0.000014
159240 -0.000000
159250 0.000009
159260 -0.002668
159270 -0.000020
159280 -0.000007
159290 0.000011
159300 -0.000030
159310 -0.000014
159320 -0.000014
159330 0.000026
159340 -0.000009
159350 0.000005
159360 0.000007
159370 -0.001658
159380 0.000021
159390 0.000017
159400 -0.000006
159410 0.000006
159430 -0.000023
159440 -0.000004
159450 0.000015
159460 0.000006
159470 0.000009
159480 0.000008
159490 -0.000007
159500 0.000010
159510 0.000021
159520 -0.000033
159530 0.000048
159540 -0.000020
159550 -0.000009
159560 -0.000007
159570 0.000020
159580 0.000005
159590 0.000008
159600 0.000016
159610 -0.001556
159630 -0.000003
159640 0.000004
159650 -0.000005
159660 -0.000005
159680 -0.000012
159690 0.000001
159710 0.000001
159720 0.000002
159730 -0.001560
159740 -0.001591
159750 0.000002
159760 0.000004
159770 -0.000030
159780 0.000010
159790 0.000012
159800 0.000011
159810 0.000115
159820 0.000013
159830 0.000003
159840 0.000007
159850 0.000006
159860 -0.000001
159870 0.000006
159880 -0.000008
159890 0.000008
159900 0.000009
159920 0.000072
159930 -0.000011
159940 0.000013
159950 -0.000001
159960 0.000018
159970 -0.000022
159980 0.000006
159990 0.000009
160000 0.000009
160020 -0.000014
160030 0.000014
160040 0.000002
160050 0.000021
160060 -0.000006
160070 0.000014
160080 0.000011
160090 -0.000005
160100 -0.000008
160110 -0.000015
160120 0.000007
160130 0.000013
160140 0.000003
160150 -0.000002
160160 -0.000028
160170 0.000011
160180 0.000008
160200 0.000012
160210 -0.001606
160220 0.000002
160230 -0.000036
160240 0.000004
160250 0.000005
160260 0.000004
160270 0.000009
160280 0.000037
160290 -0.000002
160300 0.000001
160310 0.000007
160320 0.000004
160330 0.000007
160340 -0.001611
160350 0.000010
160360 -0.000024
160370 0.000006
160380 -0.000016
160390 0.000002
160400 -0.000002
160410 0.000006
160420 -0.000013
160430 0.000019
160440 -0.001593
160450 0.000011
160460 0.000017
160470 0.000010
160480 0.000006
160490 -0.000016
160500 -0.000020
160510 -0.000012
160520 0.000023
160530 -0.000034
160540 -0.000021
160550 -0.000003
160560 -0.000009
160570 -0.000007
160580 -0.000016
160590 -0.000019
160600 -0.001618
160610 0.000008
160620 -0.000002
160630 0.000002
160640 0.000006
160650 -0.000013
160660 0.000005
160670 -0.000005
160680 -0.000014
160690 -0.000001
160700 0.000111
160710 -0.000000
160720 -0.000007
160730 0.000018
160740 0.000017
160750 -0.000024
160760 -0.001586
160770 0.000018
160780 0.000018
160790 0.000002
160810 -0.001649
160820 0.000001
160830 0.000015
160840 -0.001549
160850 -0.000000
160860 -0.000015
160870 0.000018
160880 0.000005
160890 0.000007
160900 -0.000014
160910 0.000008
160930 0.000004
160940 -0.000000
160950 -0.000021
160960 -0.000012
160980 -0.000013
160990 0.000004
161000 0.000007
161010 -0.000008
161020 0.000012
161030 -0.001721
161040 0.000029
161050 0.000003
161060 0.000018
161070 -0.000017
161080 -0.000020
161090 -0.000021
161100 0.000008
161110 0.000014
161120 0.000014
161130 0.000007
161140 -0.001647
161150 0.000590
161160 -0.000029
161170 0.000013
161180 0.000021
161190 0.000001
161200 -0.000361
161210 0.000009
161220 -0.000028
161230 -0.001570
161240 0.000003
161250 -0.000009
161260 0.000012
161270 -0.001579
161280 0.000388
161290 0.001170
161300 0.000011
161310 0.000012
161320 -0.000010
161340 0.000003
161350 -0.000031
161360 0.000004
161370 -0.000035
161380 0.001444
161390 -0.000012
161400 0.000010
161410 0.000009
161420 -0.000022
161430 0.000013
161440 0.000014
161450 0.000001
161460 -0.000013
161470 -0.000016
161480 0.000011
161490 0.000019
161500 0.000010
161510 0.000014
161520 -0.000006
161530 0.000019
161540 0.000007
161550 0.000018
161570 0.000002
161580 0.000009
161590 -0.000040
161600 -0.000008
161610 -0.000008
161620 -0.000028
161630 0.000025
161640 -0.000076
161660 -0.000030
161670 -0.000017
161680 -0.000007
161690 0.000005
161700 -0.000023
161710 -0.000028
161720 0.000026
161730 0.000004
161740 0.000014
161750 -0.000022
161760 -0.000031
161770 0.000018
161780 -0.000014
161800 -0.000020
161810 0.000023
161820 -0.000024
161830 0.000050
161840 0.000019
161850 -0.000008
161860 0.000007
161870 -0.000034
161880 0.000177
161890 0.000015
161900 0.000015
161910 -0.001556
161920 0.000009
161930 0.000009
161940 0.000007
161950 0.000047
161970 0.000010
161980 0.000007
161990 -0.000008
162000 0.000000
162030 -0.000004
162040 0.000014
162050 -0.000001
162060 -0.000011
162070 -0.000007
162080 0.000008
162090 0.000004
162100 -0.001544
162110 -0.000009
162120 0.000003
162130 -0.000015
162140 -0.000038
162150 0.000039
162160 -0.000001
162170 -0.000005
162180 -0.000003
162190 0.000011
162200 -0.000016
162210 -0.000005
162220 0.000007
162230 0.000064
162240 -0.000007
162250 0.000019
162260 0.000030
162270 -0.000002
162280 0.000007
162290 0.000003
162300 0.000010
162310 0.000009
162320 -0.000036
162330 0.000017
162340 -0.000008
162350 -0.001552
162360 -0.000261
162370 0.000019
162380 0.000004
162390 0.000001
162400 0.000012
162410 -0.000018
162420 0.000017
162430 0.000007
162450 -0.000003
162460 -0.000008
162470 0.000003
162490 0.000019
162500 -0.000021
162510 0.000007
162520 0.000007
162530 -0.000017
162540 0.000017
162550 -0.000035
162560 -0.000011
162570 -0.000009
162580 -0.000011
162600 -0.000005
162610 -0.000009
162620 -0.000018
162630 0.000020
162640 -0.000004
162650 0.000013
162660 0.000016
162670 -0.000014
162680 0.000005
162690 -0.000010
162700 -0.000011
162710 0.000009
162720 -0.000006
162730 -0.000023
162740 0.000009
162750 -0.000004
162760 -0.001576
162770 -0.000005
162780 0.000018
162790 -0.000029
162800 -0.000008
162810 -0.000031
162820 0.000004
162830 0.000035
162840 0.000011
162850 -0.000001
162860 -0.000000
162870 -0.000004
162890 0.000006
162900 -0.000007
162910 0.000026
162920 0.000004
162930 0.000009
162940 -0.000014
162950 -0.000027
162960 -0.000020
162970 0.000008
162980 -0.000018
162990 0.000001
163000 -0.000008
163010 0.000012
163020 -0.000020
163030 0.000003
163040 0.000000
163050 -0.000028
163060 0.000005
163070 -0.000008
163080 0.000019
163090 -0.000012
163100 -0.000016
163110 -0.000009
163120 -0.000025
163130 -0.000052
163140 -0.000036
163150 -0.000001
163160 0.000008
163170 0.000002
163190 0.000011
163200 -0.000018
163210 0.000008
163220 0.000010
163230 0.000113
163240 -0.000007
163250 0.000011
163260 -0.000005
163270 -0.000003
163280 0.000017
163290 -0.000008
163300 0.000009
163310 0.000004
163320 -0.000004
163330 0.000016
163340 0.000006
163350 -0.000010
163360 -0.000021
163370 -0.000019
163380 0.000013
163390 0.000006
163400 -0.001594
163410 0.000004
163430 -0.001684
163440 0.000009
163450 0.000006
163470 -0.001601
163480 -0.000003
163490 0.000007
163500 -0.001519
163510 0.000009
163520 0.000001
163530 0.000003
163540 -0.000005
163550 0.000008
163560 0.000012
163580 -0.000012
163590 0.000039
163600 -0.000011
163610 -0.001514
163620 -0.000013
163630 0.000006
163640 0.000023
163650 -0.000023
163660 0.000015
163670 -0.000016
163680 -0.000020
163690 -0.000008
163700 0.000012
163710 -0.000028
163720 0.000011
163730 0.000009
163740 -0.000008
163750 0.000002
163760 0.000003
163770 0.000005
163780 0.000017
163790 -0.000008
163800 0.000023
163810 -0.000004
163820 0.000009
163830 0.000009
163840 -0.001631
163850 -0.000037
163860 0.000003
163870 -0.000050
163880 0.000009
163890 0.000024
163900 -0.000000
163910 0.000003
163920 0.000004
163930 -0.000010
163940 -0.000005
163950 -0.000011
163960 -0.000012
163970 -0.000019
163980 -0.000005
163990 0.000015
164010 -0.000005
164020 0.000008
164030 0.000020
164040 0.000011
164050 0.000006
164060 0.000012
164070 0.000009
164090 -0.000028
164100 0.000008
164110 -0.000000
164120 -0.000010
164130 0.000015
164140 0.000002
164150 -0.000012
164160 0.000013
164170 -0.000001
164180 0.000010
164190 -0.000007
164200 -0.000001
164210 0.000002
164220 0.000000
164230 0.000049
164240 0.000004
164250 -0.000005
164260 -0.000013
164270 -0.000024
164280 -0.000012
164290 -0.000002
164300 -0.001610
164310 0.000003
164320 -0.000001
164330 0.000000
164340 0.000015
164350 -0.000029
164360 0.000013
164370 -0.000047
164380 -0.000015
164390 0.000004
164400 -0.000013
164410 0.000008
164420 0.000009
164430 -0.000023
164440 0.000004
164450 0.000010
164460 0.000010
164470 -0.000001
164480 -0.000029
164490 -0.001489
164500 -0.000034
164510 0.000048
164520 -0.000016
164530 0.000002
164540 -0.000007
164550 0.000007
164560 -0.000015
164570 0.000000
164580 -0.001590
164590 -0.000012
164600 0.000010
164610 0.000010
164620 -0.001575
164630 -0.000009
164640 -0.000009
164650 -0.000001
164660 -0.000016
164670 -0.000026
164680 -0.000025
164690 0.000013
164700 -0.000016
164710 0.000006
164720 0.000010
164730 0.000013
164740 -0.001236
164750 -0.000009
164760 0.000000
164770 -0.000013
164780 -0.000001
164790 -0.000016
164800 0.000008
164810 -0.000016
164820 0.000006
164830 0.000008
164840 -0.000012
164850 0.000001
164860 0.000330
164870 0.000008
164880 0.000003
164890 -0.001554
164900 0.000003
164910 -0.000020
164920 -0.000016
164930 0.000009
164950 0.000016
164960 -0.000010
164970 -0.000235
164980 -0.000009
164990 -0.000016
165000 -0.000009
165010 0.000004
165020 -0.000001
165030 0.000005
165040 0.000011
165060 -0.000014
165070 -0.000014
165080 -0.000004
165090 -0.000036
165100 0.000310
165110 0.000412
165120 -0.000008
165130 0.000003
165140 0.000017
165150 -0.000010
165160 -0.000039
165170 -0.000006
165180 -0.000008
165190 0.000012
165200 -0.000004
165210 0.000016
165220 0.000016
165230 -0.000005
165240 0.000002
165250 0.000022
165260 0.000015
165270 -0.000017
165280 -0.000019
165290 -0.000011
165300 0.000013
165310 -0.001495
165330 0.000005
165340 0.000000
165350 0.000008
165360 -0.000027
165380 0.000007
165390 0.000006
165400 -0.000003
165420 -0.000017
165430 0.000002
165440 0.000009
165450 -0.001653
165460 0.000009
165470 0.000005
165480 0.000012
165490 -0.000008
165500 -0.000007
165510 0.000001
165520 0.000009
165530 -0.000003
165540 0.000005
165550 -0.000008
165560 -0.000004
165570 -0.001496
165580 0.000002
165590 0.000015
165600 0.000014
165610 -0.000004
165620 -0.000008
165630 -0.000002
165640 0.000019
165650 0.000005
165660 0.000004
165670 -0.000018
165680 -0.000004
165690 -0.001398
165700 -0.000015
165710 -0.000010
165720 0.000013
165740 -0.000001
165750 -0.000024
165760 -0.000006
165770 0.000006
165780 -0.000002
165790 0.000199
165800 0.000051
165810 -0.001546
165820 0.000009
165830 0.000004
165840 0.000005
165850 0.000008
165860 0.000003
165870 -0.000016
165880 -0.001646
165890 -0.000008
165900 0.000002
165910 -0.000014
165930 0.000013
165940 0.000005
165950 0.000005
165960 0.000018
165970 -0.000003
165980 0.000020
165990 -0.000017
166000 0.000006
166010 0.000014
166020 -0.000004
166030 -0.000016
166040 0.000020
166050 0.000009
166060 -0.000011
166070 -0.000170
166080 -0.000036
166090 0.000038
166100 -0.000033
166110 -0.000030
166120 -0.000016
166130 -0.000001
166140 0.000004
166150 0.000000
166160 0.000012
166170 -0.000005
166180 0.000021
166190 -0.000007
166200 0.000020
166210 -0.000018
166220 0.000005
166230 0.000021
166240 -0.000001
166250 -0.000021
166260 -0.000010
166270 0.000013
166280 -0.000022
166290 0.000019
166300 -0.000019
166310 0.000019
166320 0.000009
166330 0.000004
166340 -0.000002
166350 -0.002319
166360 -0.000017
166370 -0.000002
166380 0.000010
166390 0.000000
166400 -0.000027
166420 -0.000033
166440 -0.000026
166450 0.000033
166460 0.000020
166470 0.000016
166480 0.000006
166490 -0.000016
166500 0.000014
166510 0.000177
166520 0.000013
166530 -0.000011
166540 0.000021
166550 -0.000017
166570 0.000017
166580 0.000000
166590 0.000034
166600 0.000657
166610 -0.000034
166620 0.000009
166630 0.000009
166640 0.000009
166650 0.000023
166660 0.000008
166670 -0.000020
166680 0.000007
166690 0.000001
166710 -0.000001
166720 0.000027
166730 -0.000053
166740 0.000020
166750 0.000015
166760 0.000011
166770 0.000004
166780 0.000003
166790 0.000014
166800 0.000028
166810 -0.000008
166820 0.000012
166830 0.000005
166840 0.000017
166850 0.000006
166870 -0.000010
166880 -0.001760
166890 -0.000047
166900 -0.000136
166910 0.000007
166920 -0.000015
166930 0.000001
166940 0.000008
166950 0.000007
166960 -0.000001
166980 0.000005
166990 0.000002
167000 -0.000013
167010 -0.000016
167020 0.000015
167030 0.000010
167040 0.000021
167060 0.000000
167070 0.000002
167080 0.000012
167090 0.000015
167100 -0.000001
167110 -0.000040
167120 -0.001758
167140 0.000016
167150 -0.000000
167160 0.000014
167170 -0.000001
167180 -0.000001
167190 -0.000021
167200 -0.000009
167210 -0.000017
167220 0.000007
167230 -0.000018
167250 0.000001
167260 0.000019
167270 0.000003
167280 -0.001533
167290 -0.000001
167300 0.000023
167310 0.000006
167320 -0.000005
167330 0.000001
167340 -0.000019
167350 0.000007
167360 -0.000018
167370 0.000004
167380 -0.000011
167390 0.000013
167400 -0.000025
167410 -0.000003
167420 0.000000
167430 0.000004
167440 -0.000009
167470 0.000021
167480 -0.001677
167490 0.000011
167500 -0.000007
167510 -0.000000
167520 -0.000030
167540 0.000002
167550 0.000008
167560 0.000014
167570 0.000010
167580 0.000012
167590 0.000148
167600 0.000008
167610 -0.000004
167620 -0.000014
167630 0.000016
167640 0.000012
167650 -0.000017
167660 0.000004
167670 0.000016
167680 0.000009
167690 0.000008
167700 0.000015
167710 0.000016
167720 -0.000035
167730 -0.000019
167740 -0.000015
167750 -0.000038
167760 0.000011
167780 -0.000036
167790 0.000006
167800 -0.000013
167810 0.000025
167820 0.000007
167830 0.000012
167840 -0.000021
167850 -0.000036
167860 0.000003
167870 0.000013
167880 -0.000034
167890 0.000011
167900 0.000004
167910 0.000003
167920 -0.000012
167930 -0.000038
167940 0.000016
167950 0.000016
167970 0.000007
167980 0.000010
167990 -0.000012
168000 0.000000
168010 -0.000012
168020 -0.000009
168030 -0.001431
168040 0.000007
168050 0.000014
168060 0.000004
168070 -0.000003
168080 0.000020
168090 0.000013
168100 0.000012
168110 -0.000012
168120 0.000007
168130 0.000014
168140 -0.000008
168150 0.000001
168160 0.000040
168170 -0.000000
168180 0.000015
168190 -0.000151
168200 -0.000014
168210 -0.000016
168220 -0.000026
168230 0.000005
168240 -0.001398
168250 0.000010
168260 0.000018
168270 -0.000017
168280 -0.000023
168290 -0.000005
168310 -0.000036
168320 0.000019
168330 -0.001483
168340 -0.000028
168350 -0.000037
168360 0.000000
168370 0.000002
168380 0.000003
168390 0.000010
168400 0.000007
168410 -0.000009
168420 0.000010
168430 0.000000
168440 0.000013
168450 -0.000014
168460 0.000020
168470 -0.000010
168480 -0.000004
168490 -0.000036
168500 0.000015
168510 0.000016
168520 -0.000011
168530 0.000011
168540 -0.000027
168550 0.000003
168560 0.000003
168570 0.000013
168580 0.000015
168590 0.000012
168600 -0.000020
168630 0.000010
168640 -0.000002
168650 0.000000
168660 0.000004
168670 -0.000008
168690 0.000017
168700 -0.000000
168710 -0.000001
168730 0.000018
168740 0.000021
168750 0.000003
168760 0.000008
168770 0.000023
168780 0.000002
168790 -0.000020
168800 -0.000014
168810 0.000002
168820 -0.000018
168830 -0.000036
168840 -0.000001
168850 -0.000003
168860 0.000003
168870 0.000019
168880 -0.000044
168890 -0.001598
168900 -0.000012
168910 -0.000019
168920 -0.000006
168930 -0.000004
168940 0.000745
168950 -0.000003
168960 0.000005
168970 0.000011
168980 -0.000053
168990 0.000005
169000 0.000029
169010 0.000004
169020 -0.000016
169030 0.000011
169040 0.000005
169050 -0.000015
169060 -0.000018
169070 0.000013
169080 0.000008
169090 -0.000012
169100 -0.000034
169110 0.000005
169120 0.000012
169130 -0.000018
169150 -0.000027
169160 -0.000004
169170 -0.000006
169180 0.000025
169190 0.000010
169200 0.000003
169210 0.000008
169220 0.000009
169230 0.000013
169240 0.000025
169250 0.000008
169260 0.000016
169270 -0.000003
169280 -0.000036
169290 0.000007
169300 -0.000010
169310 -0.000010
169330 0.000005
169340 -0.000014
169350 0.000007
169360 0.000002
169370 -0.000033
169380 0.000005
169390 0.000090
169400 0.000007
169420 -0.000020
169430 0.000010
169440 0.000150
169450 -0.000005
169470 -0.000010
169490 0.000002
169500 -0.000015
169510 0.000014
169520 0.000013
169530 -0.000035
169540 -0.000005
169550 -0.000009
169560 -0.000003
169570 0.000010
169580 0.000016
169590 0.000019
169600 0.000001
169610 0.000013
169620 -0.000014
169630 -0.000026
169640 0.000012
169650 -0.000013
169660 0.000000
169680 0.000009
169690 0.000012
169700 0.000011
169710 0.000001
169720 0.000047
169730 -0.000004
169740 0.000009
169750 0.000008
169780 -0.000033
169790 0.000025
169800 -0.000011
169810 -0.000012
169820 -0.000016
169830 -0.000008
169850 0.000009
169860 -0.000020
169870 0.000001
169880 -0.001649
169890 -0.000007
169900 0.000009
169910 0.000350
169920 0.000016
169930 0.000016
169940 0.000000
169950 0.000010
169960 -0.000029
169970 -0.000023
169980 0.000024
169990 -0.000017
170000 0.000003
170010 -0.000010
170020 0.000004
170030 -0.000009
170040 -0.000003
170050 0.000035
170060 -0.000014
170070 -0.000001
170080 -0.000013
170090 0.000004
170100 -0.000009
170110 0.000001
170120 -0.000028
170130 0.000026
170140 -0.000015
170150 0.000324
170160 0.000029
170170 0.000007
170180 0.000015
170190 0.000009
170200 -0.000003
170210 0.000008
170220 0.000010
170240 0.000014
170250 0.000012
170270 0.000008
170280 0.000004
170300 -0.000005
170310 -0.000084
170330 0.000016
170340 0.000013
170350 -0.001290
170360 -0.000013
170370 0.000002
170380 0.000002
170390 0.000022
170400 -0.000016
170410 -0.000017
170420 0.000004
170430 -0.000009
170440 -0.000011
170450 0.000003
170460 -0.000006
170470 -0.000010
170480 0.000027
170490 0.000005
170500 0.000005
170510 0.000000
170520 -0.000016
170530 -0.001544
170540 -0.000001
170550 0.000004
170560 -0.000030
170570 -0.000013
170580 -0.001554
170590 0.000016
170600 -0.001530
170610 0.000021
170620 -0.000023
170630 -0.001539
170640 -0.000000
170650 0.000013
170660 0.000008
170670 -0.000004
170680 -0.000030
170690 -0.000004
170700 0.000023
170710 0.000007
170720 -0.000005
170730 0.000007
170740 -0.000008
170750 0.000000
170760 0.000007
170770 0.000013
170790 0.000013
170800 -0.000011
170810 0.000003
170820 0.000016
170830 -0.000022
170840 -0.000005
170850 0.000004
170860 -0.000008
170870 0.000001
170880 0.000017
170890 -0.000011
170900 0.000009
170910 -0.001596
170920 -0.000004
170930 -0.000017
170940 0.000014
170950 -0.000009
170960 0.000004
170970 0.000006
170980 0.000012
170990 -0.000011
171000 0.000013
171010 -0.000006
171020 -0.000031
171030 -0.001460
171040 -0.000292
171050 0.000008
171060 0.000097
171070 0.000018
171080 0.000016
171090 0.000002
171100 0.000006
171110 0.000022
171120 0.000005
171130 0.000011
171140 0.000010
171150 -0.000001
171160 -0.000008
171170 0.000016
171180 0.000003
171190 -0.000010
171200 0.000014
171210 0.000010
171220 0.000011
171230 0.000005
171240 -0.000052
171250 0.000001
171260 0.000008
171270 0.000005
171280 -0.000018
171290 -0.000014
171300 0.000014
171310 0.000018
171320 0.000010
171330 -0.000001
171340 0.000002
171350 -0.000005
171360 -0.000028
171370 -0.000037
171380 0.000010
171390 -0.000013
171400 0.000015
171410 0.000001
171420 -0.000033
171430 0.000014
171440 0.000009
171450 -0.000033
171470 -0.000185
171480 -0.000006
171490 0.000017
171500 0.000026
171510 0.000019
171520 0.000011
171530 0.000011
171540 -0.000030
171550 -0.000008
171560 0.000012
171570 -0.001540
171580 -0.000027
171590 -0.000013
171600 -0.000025
171610 0.000011
171620 -0.000002
171630 0.000016
171640 0.000019
171650 -0.000003
171660 0.000008
171670 0.000007
171680 0.000012
171690 -0.000002
171700 0.000004
171710 -0.000004
171720 0.000005
171730 0.000009
171750 0.000021
171760 0.000016
171770 -0.000046
171780 0.000003
171790 -0.000010
171800 0.000015
171810 0.000017
171820 0.000002
171830 -0.000011
171840 -0.000011
171850 -0.000025
171860 0.000003
171870 0.000001
171880 -0.000009
171890 0.000009
171900 0.000014
171910 0.000008
171920 -0.000040
171930 -0.000006
171940 0.000003
171950 -0.001535
171960 0.000006
171970 -0.000003
171980 0.000001
171990 0.000006
172000 0.000001
172010 -0.000004
172020 -0.000013
172030 0.000026
172040 0.000031
172050 0.000005
172060 0.000005
172070 0.000008
172080 -0.000026
172100 0.000021
172110 0.000003
172120 -0.000021
172130 0.000005
172140 -0.000013
172150 0.000001
172160 -0.000004
172170 0.000019
172180 -0.000013
172190 0.000020
172200 0.000001
172210 0.000023
172220 0.000011
172230 0.000014
172240 0.000010
172250 0.000005
172270 0.000018
172280 -0.000011
172290 0.000017
172300 0.000018
172310 0.000009
172320 0.000016
172330 0.000016
172340 0.000009
172350 0.000001
172360 0.000012
172370 -0.001712
172380 0.000195
172390 0.000008
172400 -0.000018
172410 -0.000020
172420 0.000015
172430 0.000013
172440 -0.000009
172450 -0.000007
172470 -0.000016
172480 -0.000001
172490 0.000018
172500 0.000000
172510 0.000002
172520 0.000016
172530 0.000012
172540 -0.000002
172550 0.000004
172560 0.000007
172570 -0.000002
172580 -0.000033
172590 -0.000030
172600 0.000018
172610 -0.000001
172620 -0.000026
172640 -0.000020
172650 0.000021
172660 0.000784
172670 -0.000014
172680 0.000031
172690 -0.000014
172700 -0.000036
172710 -0.000016
172720 0.000011
172730 0.000019
172740 0.001904
172750 0.000005
172760 0.000101
172770 0.000018
172780 0.000004
172790 0.000011
172800 -0.000004
172810 -0.000001
172820 0.000021
172830 -0.000010
172840 -0.000007
172850 0.000014
172860 0.000006
172870 0.000016
172890 -0.000004
172900 -0.000012
172910 0.000020
172930 -0.000013
172940 0.000010
172950 0.000009
172970 0.000008
172980 0.000011
172990 0.000010
173000 -0.000020
173010 -0.000010
173020 0.000013
173030 -0.000012
173040 -0.000022
173050 -0.000016
173060 -0.000029
173070 0.000012
173080 0.000019
173090 -0.000008
173100 -0.001544
173110 0.000006
173120 0.000022
173130 -0.000010
173140 -0.000006
173150 0.000015
173160 0.000023
173170 -0.000036
173180 0.000038
173190 -0.001559
173210 0.000003
173220 -0.000015
173230 0.000003
173240 0.000027
173250 -0.000009
173260 -0.000011
173270 0.000007
173280 0.000004
173290 -0.000018
173300 0.000004
173310 -0.000006
173320 -0.000004
173330 0.000002
173340 -0.000017
173350 -0.000021
173360 0.000114
173370 -0.000001
173380 -0.000001
173390 0.000016
173400 0.000032
173410 -0.000051
173420 -0.000023
173430 0.000015
173460 0.000001
173470 -0.000017
173480 -0.000013
173490 0.000001
173500 0.000015
173510 0.000014
173520 0.000032
173530 -0.000010
173540 0.000005
173560 -0.000011
173570 0.000011
173580 -0.000010
173590 -0.000001
173600 0.000003
173610 -0.000003
173620 0.000008
173630 0.000010
173640 0.000014
173650 0.000015
173670 0.000009
173680 0.000009
173690 -0.000001
173700 0.000004
173710 0.000005
173720 -0.000030
173730 0.000008
173740 0.000011
173750 -0.001516
173760 0.000009
173770 0.000005
173780 -0.000011
173790 -0.000005
173800 -0.000034
173810 0.000015
173820 0.000029
173830 -0.000017
173840 -0.000040
173850 -0.000010
173860 0.000010
173870 -0.000031
173880 -0.000236
173890 -0.000000
173900 0.000004
173910 0.000009
173920 0.000040
173930 -0.000029
173940 0.000026
173950 0.000011
173960 -0.000020
173970 -0.000007
173980 0.000014
173990 -0.000047
174000 -0.000000
174010 0.000008
174020 0.000012
174030 0.000013
174040 0.000217
174050 0.000015
174060 -0.000005
174070 0.000009
174080 0.000005
174090 -0.000023
174100 -0.000010
174110 -0.000018
174120 0.000028
174130 0.000007
174140 0.000003
174150 0.000008
174160 -0.000003
174170 -0.000002
174180 -0.000102
174190 0.000010
174200 0.000015
174210 -0.000000
174220 0.000001
174230 -0.000020
174240 0.000012
174250 -0.000015
174260 0.000004
174270 -0.000015
174280 -0.000004
174290 0.000016
174300 -0.000003
174310 -0.000027
174320 -0.000041
174330 0.000011
174350 -0.000001
174360 0.000014
174370 0.000014
174390 0.000008
174400 -0.000010
174410 0.000005
174420 -0.001375
174430 -0.004250
174440 -0.001808
174450 0.000009
174460 -0.000044
174470 -0.000023
174490 -0.000013
174500 -0.000024
174510 0.000008
174520 0.000011
174530 -0.000009
174540 -0.000005
174550 -0.000019
174560 -0.000030
174570 -0.000017
174580 0.000019
174590 -0.000169
174600 0.000021
174610 0.000005
174620 -0.001560
174630 0.000008
174640 0.000008
174650 0.000009
174660 0.000009
174670 -0.000021
174680 0.000006
174690 0.000017
174710 0.000009
174720 0.000007
174730 0.000021
174740 0.000009
174750 0.000001
174760 -0.000015
174770 -0.000037
174780 0.000006
174790 0.000006
174800 -0.000018
174810 0.000017
174820 0.000012
174830 -0.000017
174840 -0.000017
174850 -0.000007
174860 0.000009
174870 -0.000008
174880 -0.001654
174890 -0.000000
174900 -0.000007
174910 -0.000017
174920 0.000018
174930 -0.000002
174940 0.000004
174950 0.000013
174960 -0.000032
174970 -0.000010
174980 0.000260
174990 -0.000005
175000 -0.000016
175010 0.000002
175020 0.000007
175030 -0.000021
175040 0.000002
175050 -0.000025
175060 -0.001689
175070 0.000005
175090 -0.000025
175100 -0.000048
175110 0.000003
175120 -0.000015
175130 0.000007
175140 0.000015
175150 0.000038
175160 0.000013
175170 -0.000005
175180 -0.001209
175190 0.000005
175200 -0.000018
175210 -0.000014
175220 -0.001534
175230 0.000006
175240 -0.000001
175250 0.000005
175260 -0.000012
175270 0.000015
175280 -0.000027
175290 -0.000007
175300 -0.000007
175310 0.000005
175320 -0.001423
175330 -0.000002
175350 0.000019
175370 0.000007
175380 -0.000136
175390 -0.000007
175400 -0.000010
175410 -0.000026
175420 -0.000009
175430 0.000012
175440 -0.000267
175470 0.000026
175480 -0.000001
175490 0.000024
175500 0.000006
175510 0.000016
175520 0.000011
175530 -0.000000
175540 0.000019
175550 -0.000007
175560 -0.000004
175570 0.000013
175580 0.000012
175590 0.000002
175600 0.000010
175610 0.000007
175620 -0.000023
175640 0.000013
175650 0.000012
175660 -0.000005
175670 0.000010
175680 -0.000012
175690 -0.000018
175700 0.000012
175710 0.000010
175720 -0.000013
175730 0.000012
175740 0.000018
175750 0.000003
175760 0.000014
175770 -0.001546
175780 0.000005
175790 -0.000004
175800 -0.000010
175820 -0.000045
175830 0.000060
175840 -0.000029
175850 -0.000002
175870 -0.000021
175880 -0.000025
175890 -0.001434
175900 -0.000021
175910 -0.000023
175920 0.000005
175940 -0.000000
175950 0.000010
175960 0.000014
175970 0.000003
175980 0.000015
175990 -0.000008
176000 0.000005
176010 0.000339
176030 0.000021
176040 0.000005
176050 -0.000007
176060 -0.000011
176070 0.000021
176080 0.000001
176090 -0.000009
176100 0.000012
176110 0.000008
176120 -0.000019
176130 0.000008
176140 0.000001
176150 -0.000004
176160 -0.000015
176170 0.000015
176190 -0.000004
176200 0.000007
176210 0.000104
176220 0.000019
176230 0.000009
176240 -0.000010
176250 0.000011
176260 -0.001154
176270 0.000007
176290 0.000012
176300 0.000009
176310 0.000005
176320 0.000006
176330 0.000007
176350 0.000016
176360 0.000024
176370 -0.000015
176380 0.000004
176390 0.000008
176410 0.000001
176420 -0.000142
176430 -0.000004
176440 -0.000027
176450 0.000005
176460 0.000010
176470 0.000003
176480 0.000007
176490 0.000001
176500 0.000000
176510 0.000012
176520 0.000013
176530 0.000004
176540 0.000006
176550 0.000010
176560 0.000017
176570 -0.000096
176590 0.000006
176600 0.000020
176610 0.000001
176620 0.000014
176630 -0.000009
176640 0.000009
176650 0.000011
176660 0.000011
176670 -0.000013
176680 -0.000004
176690 0.000015
176700 -0.000037
176710 0.000070
176720 -0.000019
176730 -0.000002
176740 -0.000017
176750 0.000002
176760 -0.000015
176770 0.000009
176780 0.000016
176790 0.000028
176800 -0.000011
176810 0.000137
176820 0.000022
176830 0.000009
176840 0.000005
176850 0.000011
176870 -0.000009
176880 0.000010
176890 -0.000044
176900 -0.001354
176910 0.000016
176920 0.000013
176930 0.000007
176940 -0.000019
176960 -0.000001
176970 0.000015
176980 -0.000002
176990 -0.000140
177000 0.000008
177010 0.000002
177020 0.000008
177030 0.000002
177040 -0.000020
177050 0.000011
177060 0.000011
177070 -0.000042
177080 0.000013
177090 -0.000030
177100 0.000004
177110 0.000034
177120 0.000001
177130 0.000011
177140 0.000002
177150 0.000019
177160 -0.000011
177170 -0.000037
177180 -0.000022
177190 -0.000015
177210 -0.000021
177220 -0.000006
177230 0.000007
177240 0.000012
177250 -0.000024
177260 0.000011
177270 0.000003
177290 0.000012
177300 0.000016
177310 0.000008
177330 0.000000
177340 0.000021
177350 0.000006
177360 0.000009
177370 0.000013
177380 -0.001382
177390 -0.000021
177400 -0.000011
177410 -0.000036
177420 0.000014
177430 -0.000001
177440 -0.000001
177450 0.000002
177460 -0.000028
177470 -0.000008
177480 0.000009
177490 0.000010
177500 -0.000002
177510 -0.000017
177520 -0.001519
177530 0.000011
177540 0.000006
177550 -0.000010
177560 -0.000000
177570 0.000014
177580 0.000011
177590 0.000006
177600 -0.000003
177610 0.000004
177620 -0.000002
177640 -0.000001
177650 -0.000009
177670 -0.000041
177680 0.000041
177690 0.000001
177700 0.000007
177710 0.000005
177720 0.000006
177730 0.000007
177740 -0.000019
177750 0.000017
177760 -0.000001
177770 0.000016
177780 0.000000
177790 0.000008
177800 0.000007
177810 0.000015
177820 -0.000006
177830 0.000000
177840 0.000009
177850 -0.000001
177860 -0.000008
177880 0.000014
177890 -0.001372
177900 -0.000023
177910 0.000012
177920 -0.001444
177930 -0.000007
177940 0.000731
177950 -0.000013
177960 0.000221
177970 0.000018
177980 -0.000011
177990 0.000014
178000 -0.000027
178020 0.000004
178030 -0.000011
178040 0.000014
178050 0.000013
178060 0.000029
178070 0.000013
178080 -0.000029
178090 0.000005
178100 -0.000034
178110 -0.000021
178120 -0.000017
178130 0.000004
178150 0.000007
178160 0.000012
178170 0.000004
178180 -0.000009
178190 -0.000018
178200 0.000008
178210 0.000010
178220 -0.000014
178230 -0.000017
178240 0.000017
178250 0.000003
178260 0.000014
178270 -0.001527
178280 -0.000002
178290 -0.001473
178300 0.000012
178310 -0.000016
178320 -0.000022
178330 0.000010
178340 -0.000363
178350 -0.000003
178360 0.000006
178370 0.000013
178380 0.000011
178390 0.000010
178400 0.000002
178410 0.000005
178420 -0.000007
178430 -0.000013
178440 -0.000040
178450 -0.000019
178460 0.000001
178470 0.000018
178480 -0.001484
178500 0.000002
178510 0.000005
178520 -0.001541
178530 -0.000019
178540 0.000017
178550 0.000010
178560 0.000012
178570 -0.000014
178580 0.000004
178590 0.000004
178600 -0.000006
178610 -0.000009
178620 -0.000064
178630 0.000015
178640 0.000012
178650 -0.000002
178660 0.000103
178670 -0.000002
178680 -0.000002
178690 0.000006
178700 -0.000006
178710 -0.000005
178720 -0.000054
178730 -0.000005
178740 -0.001458
178750 -0.001542
178760 -0.000009
178770 -0.001586
178780 -0.000035
178790 0.000007
178800 -0.000007
178810 -0.000027
178820 -0.000007
178830 0.000011
178860 -0.001515
178870 0.000017
178880 -0.000009
178890 -0.001517
178900 -0.000029
178910 0.000106
178920 -0.000027
178930 0.000006
178940 -0.000014
178950 0.000078
178970 -0.000048
178980 -0.000003
178990 -0.000003
179000 -0.000000
179010 0.000036
179020 -0.000033
179030 0.000018
179040 0.000007
179050 0.000005
179060 -0.000028
179070 0.000023
179090 0.000009
179120 0.000008
179130 0.000003
179140 -0.001482
179150 0.000014
179160 -0.000011
179170 -0.000011
179180 0.000009
179190 -0.000018
179200 0.000006
179210 0.000014
179220 -0.000007
179230 0.000007
179240 -0.000022
179250 -0.000024
179260 0.000020
179270 0.000012
179280 -0.000013
179290 -0.000039
179300 -0.000016
179310 -0.000018
179320 0.000010
179330 0.000010
179340 0.000017
179350 0.000008
179360 0.000010
179370 0.000013
179380 0.000010
179390 0.000006
179400 0.000024
179420 -0.000004
179430 -0.000006
179440 -0.000012
179450 -0.000000
179460 -0.001388
179470 -0.000004
179480 -0.000018
179490 -0.001571
179500 0.000003
179510 0.000024
179520 0.000009
179530 0.000011
179540 0.000006
179550 0.000001
179560 0.000011
179570 -0.000004
179580 0.000020
179590 0.000003
179600 0.000015
179610 0.000006
179620 0.000012
179630 -0.000013
179640 0.000198
179650 0.000002
179660 0.000007
179670 0.000011
179680 -0.001175
179690 -0.000009
179710 0.000007
179720 -0.000025
179730 -0.000018
179740 0.000026
179750 -0.000004
179760 0.000002
179770 0.000000
179780 -0.000012
179790 -0.000020
179800 0.000052
179810 -0.000021
179820 0.000013
179830 -0.000003
179840 -0.001494
179850 0.000011
179860 -0.000011
179870 -0.000001
179880 0.000013
179890 -0.000023
179910 0.000017
179920 0.000002
179930 -0.000018
179950 -0.000004
179960 -0.001588
179970 0.000011
179980 -0.000017
179990 -0.000002
180000 0.000015
180010 0.000013
180020 0.000011
180030 -0.000008
180040 0.000017
180050 -0.001514
180060 0.000002
180080 -0.000017
180090 0.000041
180100 0.000003
180110 0.000017
180120 0.000012
180130 0.000000
180140 0.000004
180150 -0.001426
180160 0.000012
180170 0.000013
180190 0.000008
180200 -0.001451
180210 0.000010
180220 -0.001463
180230 0.000014
180240 -0.000001
180250 -0.000005
180260 0.000026
180270 -0.000011
180280 -0.000003
180290 0.000009
180300 0.000007
180320 0.000019
180330 0.000013
180340 0.000009
180350 0.000002
180360 -0.000001
180370 0.000009
180390 -0.000002
180410 0.000015
180420 -0.000003
180430 0.000019
180440 0.000013
180450 0.000001
180460 -0.000013
180470 -0.000071
180480 0.000089
180490 0.000008
180500 -0.000012
180510 -0.000019
180520 -0.000001
180530 -0.000021
180540 0.000015
180550 -0.000054
180560 0.000007
180570 0.000004
180580 0.000015
180590 -0.000014
180600 -0.000009
180610 0.000003
180620 0.000008
180630 0.000002
180640 0.000003
180650 0.000011
180660 -0.001430
180670 0.000011
180680 -0.000002
180690 0.000013
180700 0.000004
180710 -0.000014
180720 0.000013
180730 -0.000008
180740 -0.000025
180750 0.000010
180760 0.000015
180770 0.000012
180780 -0.000017
180790 0.000008
180800 0.000018
180810 0.000002
180820 0.000005
180830 -0.000001
180840 -0.000007
180850 0.000007
180870 -0.000001
180880 0.000016
180890 -0.000041
180910 -0.000001
180930 0.000019
180940 0.000012
180950 0.000005
180960 -0.000020
180970 0.001241
180980 0.000248
180990 0.000174
181000 0.000002
181010 -0.000005
181020 0.000005
181030 0.000007
181040 -0.000002
181050 0.000001
181060 -0.001520
181070 -0.001513
181080 -0.000002
181090 -0.000008
181110 0.000053
181120 0.000016
181130 0.000012
181140 -0.000003
181150 -0.000009
181160 0.000003
181170 0.000009
181180 0.000007
181190 0.000014
181200 -0.000022
181210 -0.000001
181220 -0.000009
181230 0.000009
181240 -0.000029
181250 -0.000008
181260 0.000021
181270 0.000019
181280 -0.000056
181290 0.000017
181300 -0.000000
181310 -0.000013
181320 -0.000016
181330 -0.000021
181340 -0.000016
181350 0.000012
181360 -0.001558
181370 0.000006
181380 0.000017
181390 0.000020
181400 -0.000022
181410 0.000019
181420 -0.000026
181430 -0.000023
181440 0.000010
181450 0.000010
181460 0.000014
181470 0.000017
181480 0.000003
181490 0.000015
181500 0.000016
181510 0.000000
181520 0.000013
181530 -0.000089
181540 0.000005
181550 -0.000005
181560 -0.000021
181570 -0.000003
181580 0.000013
181590 -0.000004
181600 0.000011
181620 -0.000028
181630 0.000006
181640 0.000697
181650 -0.000002
181660 0.000013
181670 -0.000014
181680 0.000005
181690 -0.000014
181700 -0.000021
181710 -0.001446
181720 0.000011
181730 0.000018
181740 0.000024
181750 0.000009
181760 0.000015
181770 -0.001449
181780 0.000012
181790 0.000033
181800 -0.000047
181810 0.000030
181820 0.000027
181830 0.000028
181840 -0.000016
181850 -0.000010
181860 -0.000003
181870 0.000031
181880 -0.001441
181890 0.000006
181900 0.000009
181910 -0.000036
181920 -0.000025
181930 0.000021
181940 0.000010
181950 -0.000001
181960 0.000026
181970 -0.000014
181980 0.000005
181990 0.000021
182000 0.000010
182010 0.000014
182020 0.000010
182030 -0.000016
182040 -0.000087
182050 -0.000020
182060 0.000008
182070 0.000082
182080 -0.000003
182090 0.000007
182100 0.000010
182110 0.000013
182120 -0.000011
182130 0.000012
182140 0.000015
182150 -0.000001
182160 -0.000016
182170 -0.000024
182180 -0.000018
182190 0.000013
182200 -0.000011
182210 0.000028
182220 0.000004
182230 0.000008
182240 -0.001554
182250 0.000012
182260 -0.000002
182270 0.000010
182280 0.000005
182290 -0.000020
182300 0.000016
182310 -0.001468
182320 0.000007
182330 -0.000015
182340 -0.000000
182350 -0.001463
182360 -0.000010
182370 -0.000007
182380 0.000000
182390 -0.000003
182400 0.000014
182410 -0.001465
182420 -0.000005
182440 0.000029
182450 0.000004
182460 0.000008
182470 0.000006
182490 0.000001
182500 0.000013
182510 0.000008
182520 -0.000020
182530 -0.000027
182540 0.000015
182560 0.000016
182570 0.000008
182580 0.000007
182590 0.000008
182600 -0.000008
182610 -0.000129
182620 -0.000017
182630 0.000907
182640 0.000011
182650 -0.000013
182660 -0.000021
182670 0.000008
182680 0.000014
182690 0.000015
182700 -0.000014
182710 0.000021
182720 -0.000008
182730 0.000020
182750 0.000017
182760 0.000017
182770 0.000005
182780 0.000003
182790 -0.000009
182800 0.000007
182810 -0.001450
182820 0.000002
182830 -0.000017
182850 -0.001570
182860 -0.001440
182870 -0.000004
182880 -0.000005
182890 -0.000072
182900 0.000019
182910 0.000007
182920 -0.000007
182930 0.000001
182940 0.000007
182950 0.000018
182960 0.000019
182970 -0.000006
182980 0.000008
182990 0.000002
183000 -0.000001
183010 0.000014
183020 -0.000004
183030 0.000011
183040 0.000003
183050 0.000034
183060 -0.000017
183070 -0.000026
183080 -0.000052
183090 -0.000029
183100 0.000002
183120 0.000011
183130 -0.000119
183140 0.000007
183150 -0.000014
183160 0.000007
183170 0.000009
183180 -0.000015
183190 0.000012
183200 0.000001
183210 -0.000026
183220 0.000013
183230 -0.000015
183240 0.000009
183250 -0.000004
183260 -0.000012
183270 -0.000011
183280 0.000008
183290 0.000005
183300 0.000011
183310 -0.000005
183320 0.000007
183330 -0.000015
183340 -0.001220
183350 0.000021
183360 -0.000027
183370 0.000030
183380 -0.000013
183390 0.000004
183400 -0.000007
183410 -0.000056
183430 -0.000003
183440 0.000004
183450 -0.000077
183460 0.000006
183470 0.000090
183480 0.000009
183500 -0.000013
183510 0.000003
183520 0.000000
183530 -0.000007
183540 -0.000015
183550 -0.000003
183570 0.000009
183580 -0.000010
183590 -0.000015
183600 0.000009
183610 0.000005
183620 0.000018
183630 0.000013
183640 -0.000028
183670 0.000005
183680 -0.000002
183690 -0.000012
183700 0.000008
183710 0.000008
183720 -0.000019
183730 -0.000008
183740 0.000013
183750 -0.000077
183760 -0.000020
183770 -0.000012
183780 0.000006
183790 0.000008
183800 0.000001
183820 -0.000004
183830 0.000003
183840 -0.000001
183850 0.000016
183860 0.000004
183870 -0.000004
183880 0.000014
183890 -0.001235
183900 -0.000028
183910 -0.000020
183920 -0.000000
183930 0.000009
183940 -0.000005
183950 0.000005
183960 -0.001343
183970 0.000012
183980 0.000009
183990 0.000007
184000 0.000010
184010 -0.000042
184020 -0.000018
184030 0.000009
184050 0.000009
184060 0.000001
184070 0.000009
184080 -0.000026
184090 -0.000029
184100 0.000023
184110 -0.000012
184120 0.000012
184130 0.000011
184140 0.000003
184150 -0.000005
184160 0.000006
184170 -0.000067
184180 -0.000028
184190 -0.000029
184210 -0.000011
184220 0.000012
184230 0.000008
184240 -0.000023
184250 0.000010
184260 0.000005
184270 -0.000019
184280 0.000017
184290 -0.000008
184300 0.000016
184310 -0.001385
184320 -0.000002
184330 0.000011
184340 -0.001421
184350 -0.000023
184360 0.000008
184370 -0.000023
184380 0.000004
184390 0.000008
184400 0.000019
184410 -0.001396
184420 0.000012
184430 -0.000029
184440 0.000005
184450 0.000018
184460 -0.000011
184470 0.000007
184480 -0.000029
184490 0.000015
184500 0.000018
184510 0.000009
184530 0.000014
184540 -0.000041
184550 -0.000028
184560 -0.000003
184570 0.000008
184580 -0.001471
184590 0.000024
184600 0.000004
184610 0.000005
184620 0.000018
184630 -0.001416
184640 0.000021
184650 0.000007
184660 -0.000002
184670 -0.000040
184680 0.000015
184690 -0.000020
184700 -0.000032
184710 0.000011
184720 0.000017
184730 0.000024
184750 0.000005
184760 0.000050
184770 0.000034
184780 0.000005
184790 -0.000027
184800 0.000008
184810 0.000007
184820 0.000008
184830 0.000014
184840 -0.000015
184850 0.000012
184860 -0.000004
184870 0.000012
184880 -0.001485
184890 0.000012
184900 0.000012
184910 0.000001
184920 -0.000017
184930 0.000008
184940 0.000005
184950 0.000007
184960 0.000008
184970 -0.000012
184980 0.000009
185010 -0.000008
185020 -0.000016
185030 0.000004
185040 0.000004
185050 0.000009
185060 0.000014
185070 0.000009
185080 0.000010
185090 -0.000002
185110 -0.001509
185120 0.000008
185130 -0.000013
185140 -0.000007
185150 0.000005
185160 0.000013
185170 0.000011
185180 0.000023
185190 0.000005
185200 0.000001
185210 0.000009
185220 -0.001547
185230 -0.000025
185240 -0.000020
185250 -0.000009
185260 0.000007
185270 0.000007
185280 0.000009
185290 0.000010
185310 -0.000002
185320 -0.000000
185330 -0.000015
185340 -0.000009
185360 0.000013
185370 -0.000021
185380 0.000001
185390 -0.000011
185400 0.000015
185410 0.000011
185420 -0.000032
185430 -0.000014
185440 -0.001410
185450 -0.000055
185460 -0.001509
185470 -0.000010
185480 0.000016
185490 -0.000013
185500 -0.000006
185510 -0.000010
185520 0.000018
185530 0.000019
185540 0.000420
185550 0.000010
185560 0.000003
185570 0.000005
185580 0.000041
185590 -0.000013
185610 0.000004
185620 0.000004
185630 0.000013
185640 -0.000039
185650 0.000012
185660 0.000019
185670 -0.000025
185680 -0.001238
185690 -0.000200
185700 -0.000004
185710 -0.000028
185720 0.000006
185730 -0.000018
185740 0.000008
185750 -0.000011
185760 -0.000016
185770 -0.000006
185780 -0.000010
185790 0.000016
185800 0.000007
185810 0.000011
185820 -0.000022
185830 0.000013
185840 0.000016
185850 0.000016
185860 -0.000023
185870 0.000002
185880 0.000286
185890 0.000003
185900 -0.000020
185920 0.000015
185930 0.000014
185940 -0.001479
185950 0.000018
185960 -0.000016
185970 0.000012
185980 0.000002
185990 0.000017
186000 0.000016
186010 -0.000012
186020 0.000003
186030 -0.000016
186040 0.000020
186050 -0.000005
186060 -0.000006
186070 -0.000011
186080 0.000005
186100 -0.000010
186110 0.000018
186120 0.000003
186130 -0.000011
186140 -0.001684
186150 -0.000041
186160 0.000013
186170 0.001722
186180 0.000009
186190 -0.000020
186200 -0.000016
186210 0.000015
186220 -0.000015
186230 -0.001408
186240 -0.000036
186250 -0.001479
186260 0.000006
186270 0.000007
186280 -0.000017
186290 0.000000
186300 -0.000006
186310 0.000018
186320 -0.000017
186340 0.000001
186350 -0.000090
186360 -0.000016
186370 -0.000004
186380 0.000010
186390 0.000009
186400 -0.000008
186410 0.000000
186420 -0.000026
186430 0.000011
186440 0.000018
186450 -0.000006
186460 -0.000016
186470 0.000006
186480 -0.000031
186490 0.000004
186500 -0.000001
186510 -0.000015
186520 0.000022
186530 -0.000014
186540 0.000011
186560 0.000013
186570 -0.000003
186580 0.000014
186590 0.000011
186600 0.000007
186610 -0.000010
186620 0.000022
186630 0.000002
186640 -0.000001
186650 0.000010
186660 -0.001392
186670 0.000002
186690 -0.001446
186700 -0.000008
186710 0.000005
186720 0.000005
186730 0.000013
186740 0.000012
186750 -0.000006
186760 -0.000014
186770 -0.000025
186780 -0.000011
186790 -0.000001
186800 -0.001501
186810 -0.000009
186820 -0.000011
186830 0.000009
186840 -0.000008
186850 0.000012
186860 -0.000011
186870 0.000015
186880 0.000011
186890 0.000005
186900 0.000007
186910 -0.000108
186920 0.000006
186940 0.000010
186950 0.000015
186960 -0.000010
186970 0.000006
186980 -0.001449
186990 0.000023
187000 -0.001461
187010 0.000009
187020 0.000003
187030 0.000015
187040 0.000001
187050 0.000016
187060 0.000009
187070 -0.000013
187080 0.000017
187090 0.000006
187100 0.000027
187110 0.000011
187120 -0.000007
187130 0.000009
187140 0.000009
187150 -0.000014
187160 0.000015
187170 -0.000004
187180 0.000006
187190 -0.000017
187200 0.000006
187210 -0.000015
187230 -0.001733
187240 -0.000008
187250 -0.000021
187260 0.000020
187270 0.000037
187280 0.000004
187290 0.000023
187300 0.000011
187310 0.000002
187320 -0.000008
187330 0.000008
187340 0.000005
187350 -0.000091
187360 -0.000020
187370 -0.000021
187380 -0.000021
187390 -0.000001
187400 -0.000003
187410 0.000012
187420 -0.000021
187430 0.000007
187440 -0.000007
187450 0.000026
187460 0.000012
187470 -0.000010
187480 0.000007
187490 0.000039
187500 -0.000002
187510 0.000008
187520 0.000015
187530 -0.000016
187540 0.000019
187550 0.000018
187560 -0.000040
187570 0.000004
187580 0.000005
187590 0.000004
187600 -0.000003
187610 0.000009
187620 0.000007
187630 0.000018
187650 0.000005
187660 0.000012
187670 0.000001
187680 0.000013
187690 0.000005
187710 0.000016
187720 -0.000027
187730 -0.000015
187740 0.000013
187750 0.000007
187760 0.000015
187770 0.000012
187780 0.000010
187790 0.000011
187800 0.000027
187810 0.000015
187820 0.000000
187830 -0.000030
187840 0.000028
187850 0.000001
187860 0.000006
187870 -0.000001
187890 0.000001
187900 -0.000033
187910 -0.000008
187920 0.000008
187930 0.000006
187940 0.000001
187950 -0.000060
187970 -0.001410
187980 -0.000017
187990 0.000005
188000 0.000015
188010 -0.000047
188020 0.000004
188030 -0.000024
188040 0.000008
188050 0.000008
188060 -0.000010
188070 -0.000017
188080 -0.001567
188090 0.000009
188100 -0.000015
188110 0.000016
188120 -0.000018
188140 0.000014
188150 -0.000001
188160 0.000008
188170 0.000006
188180 -0.000007
188190 0.000004
188200 0.000023
188210 0.000002
188220 0.000042
188230 0.000014
188240 -0.000036
188250 -0.000108
188260 0.000017
188270 0.000011
188280 -0.001515
188290 0.000288
188300 0.000017
188310 0.000025
188320 0.000010
188330 0.000004
188340 0.000003
188350 0.000012
188360 0.000001
188370 0.000019
188380 0.000018
188390 0.000008
188400 -0.000200
188410 -0.001491
188420 -0.000024
188440 0.000007
188450 -0.000053
188460 0.000017
188470 0.000110
188480 0.000001
188490 0.000013
188500 0.000024
188510 0.000009
188520 -0.000029
188530 -0.000011
188540 0.000011
188550 0.000013
188560 0.000007
188570 -0.000005
188580 0.000000
188590 0.000015
188600 -0.000006
188610 -0.000014
188620 0.000010
188630 -0.000039
188640 -0.000019
188650 0.000010
188670 0.000006
188690 0.000002
188700 0.000018
188720 0.000004
188730 0.000010
188740 -0.000053
188750 0.000022
188760 -0.000016
188770 -0.000007
188780 -0.000003
188790 -0.000033
188800 -0.000011
188810 -0.000076
188820 0.000008
188830 0.000013
188840 0.000017
188850 0.000010
188860 -0.000007
188870 0.000014
188880 0.000023
188890 0.000005
188900 -0.001319
188910 0.000009
188920 0.000009
188930 -0.000010
188940 -0.000008
188950 0.000009
188960 0.000016
188970 0.000002
188980 0.000010
188990 0.000004
189000 0.000003
189010 -0.000103
189020 0.000006
189030 -0.000013
189040 0.000012
189050 -0.000013
189060 0.000016
189070 -0.000007
189080 0.000002
189090 0.000030
189100 0.000011
189110 0.000002
189120 0.000013
189130 -0.001460
189140 0.000039
189150 0.000015
189160 -0.000001
189170 0.000007
189180 0.000023
189190 -0.000023
189200 0.000020
189210 -0.000017
189220 -0.000009
189230 0.000017
189240 -0.000006
189250 -0.000021
189260 0.000018
189270 0.000010
189280 -0.000016
189290 0.000010
189310 -0.000003
189330 0.000004
189340 0.000005
189350 -0.001442
189360 0.000002
189370 0.000015
189380 -0.000034
189390 0.000007
189400 -0.000005
189410 0.000012
189420 -0.000022
189430 -0.000010
189440 -0.000012
189450 0.000010
189460 0.000013
189470 0.000018
189480 0.000016
189490 0.000006
189500 0.000011
189520 -0.000068
189530 0.000046
189540 -0.000011
189550 -0.000092
189560 0.000009
189570 0.000019
189580 -0.000001
189590 0.000003
189600 -0.000026
189610 -0.000045
189630 -0.000011
189640 0.000009
189650 0.000006
189660 0.000007
189670 -0.000023
189680 -0.000024
189690 0.000013
189700 0.000012
189710 -0.000020
189720 0.000007
189730 0.000019
189740 0.000011
189750 0.000010
189760 0.000014
189770 0.000011
189780 0.000007
189790 0.000001
189800 0.000005
189810 0.000006
189820 0.000006
189830 -0.000029
189840 0.000024
189850 0.000021
189860 -0.000018
189870 -0.000017
189880 0.000021
189890 -0.000025
189900 0.000015
189910 0.000008
189920 0.000018
189930 -0.000024
189940 -0.000003
189950 -0.001553
189960 -0.000024
189970 -0.000001
189980 -0.000003
189990 0.000012
190000 -0.001534
190010 -0.000054
190020 0.000010
190030 0.000009
190050 0.000005
190060 -0.000050
190070 -0.001288
190080 -0.000020
190090 0.000008
190100 0.000002
190110 -0.000001
190120 -0.000023
190130 0.000012
190150 -0.000009
190160 -0.000004
190170 -0.000017
190180 0.000011
190200 0.000014
190210 -0.000002
190220 0.000013
190230 -0.000038
190240 0.000008
190250 -0.000027
190260 0.000008
190270 -0.000022
190290 0.000000
190300 -0.000004
190310 0.000017
190320 0.000017
190330 -0.000017
190340 0.000018
190350 -0.000003
190360 0.000019
190370 0.000002
190380 -0.000033
190390 0.000009
190400 -0.000002
190410 -0.000084
190420 -0.000017
190430 -0.000015
190440 -0.001352
190450 -0.000014
190460 -0.000008
190470 -0.000015
190480 0.000007
190490 0.000010
190510 0.000009
190530 -0.000021
190540 -0.000007
190550 -0.000027
190560 -0.000005
190570 0.000020
190580 0.000012
190600 0.000008
190610 0.000004
190620 0.000009
190630 -0.000039
190640 -0.001696
190650 0.000000
190660 0.000005
190670 0.000015
190680 0.000009
190690 0.000011
190700 0.000013
190710 -0.000020
190720 -0.000004
190730 0.000007
190740 -0.000003
190750 0.000007
190760 0.000008
190770 -0.000026
190780 0.000002
190790 0.000008
190800 0.000002
190810 0.000017
190820 0.000001
190830 0.000017
190840 0.000000
190850 -0.000020
190860 0.000006
190870 -0.000029
190880 0.000009
190890 0.000021
190900 0.000012
190910 0.000012
190920 -0.000008
190940 -0.000010
190950 -0.001551
190960 0.000009
190970 -0.000016
190980 0.000013
190990 0.000018
191000 0.000004
191020 0.000016
191030 -0.000009
191040 0.000005
191050 -0.000016
191060 -0.001764
191070 -0.000020
191080 -0.000000
191090 -0.000004
191100 0.000008
191110 -0.000025
191130 -0.000004
191140 0.000013
191150 0.000009
191170 0.000007
191180 0.000014
191190 0.000005
191200 -0.000044
191210 0.000000
191220 0.000005
191230 0.000007
191240 0.000011
191250 0.000151
191260 0.000003
191270 -0.000011
191280 0.000012
191290 0.000131
191300 0.000013
191310 0.000023
191320 0.000018
191330 -0.001502
191340 -0.000013
191350 0.000012
191360 0.000015
191370 0.000017
191380 0.000004
191390 0.000008
191400 0.000003
191410 0.000010
191420 0.000018
191440 -0.000434
191450 -0.000036
191460 -0.001357
191470 -0.000005
191480 -0.001483
191490 0.000023
191500 0.000010
191510 0.000006
191520 -0.000013
191530 -0.000012
191540 0.000018
191550 0.000019
191560 0.000017
191570 -0.000020
191580 0.000015
191590 -0.000030
191600 -0.001502
191610 0.000003
191620 -0.001491
191630 -0.000082
191640 -0.000021
191650 0.000002
191660 0.000008
191670 0.000018
191680 -0.000021
191690 -0.000036
191700 0.000002
191710 0.000205
191720 0.000060
191730 -0.001319
191740 -0.000008
191750 0.000016
191760 0.000002
191770 0.000010
191780 -0.001486
191790 0.000005
191800 0.000012
191810 -0.000010
191820 0.000007
191830 -0.001352
191840 0.000015
191850 0.000015
191860 -0.000007
191870 -0.000006
191880 -0.000014
191890 -0.000003
191900 0.000004
191910 0.000008
191920 -0.000004
191930 0.000005
191940 0.000015
191950 -0.000009
191960 0.000010
191970 -0.000006
191980 0.000011
191990 0.000004
192000 0.000003
192010 0.000009
192020 -0.000017
192030 -0.000049
192040 0.000015
192050 0.000012
192060 0.000014
192070 -0.000047
192080 -0.001414
192090 -0.000003
192100 0.000009
192110 -0.000008
192120 -0.000022
192130 -0.000013
192140 -0.000014
192150 0.000004
192160 0.000015
192170 0.000012
192180 -0.000001
192190 0.000002
192200 -0.000008
192210 -0.000004
192230 0.000005
192240 0.000002
192250 -0.000020
192260 -0.000037
192270 0.000002
192280 0.000013
192290 -0.000003
192310 0.000014
192320 -0.000080
192330 -0.000015
192340 0.000037
192350 -0.000007
192360 0.000010
192370 0.000004
192380 0.000005
192390 -0.000008
192400 0.000007
192410 0.000009
192420 -0.000030
192430 0.000007
192440 0.000004
192450 -0.000005
192460 -0.000004
192470 -0.000017
192480 -0.001467
192490 0.000003
192500 0.000014
192510 0.000166
192520 -0.000003
192530 0.000017
192540 -0.000002
192550 0.000014
192560 0.000013
192570 0.000007
192580 -0.000009
192590 0.000038
192600 -0.000014
192610 0.000134
192620 0.000019
192630 0.000004
192640 -0.000022
192650 0.000010
192660 -0.000019
192670 0.000017
192680 0.000011
192690 -0.000005
192700 -0.000010
192710 -0.000050
192720 0.000245
192730 -0.000033
192740 -0.000110
192750 0.000003
192760 -0.000005
192770 -0.000003
192780 0.000008
192790 0.000012
192800 0.000010
192810 -0.000014
192820 0.000015
192830 0.000029
192840 -0.001540
192850 -0.000014
192860 0.000007
192870 -0.000020
192880 0.000005
192890 0.000002
192900 0.000017
192910 -0.000021
192920 0.000014
192930 -0.001620
192940 -0.000004
192950 0.000017
192960 0.000005
192970 0.000010
192980 -0.000013
192990 0.000020
193000 0.000008
193010 0.000011
193020 0.000012
193030 0.000004
193040 0.000010
193050 -0.001454
193060 -0.000022
193070 -0.000004
193080 -0.000047
193090 -0.000002
193100 -0.000017
193110 0.000002
193120 0.000932
193130 0.000017
193140 0.000002
193150 -0.000009
193160 0.000017
193170 0.000002
193180 0.000007
193190 -0.000014
193200 0.000002
193210 0.000038
193220 0.000006
193230 -0.001427
193240 0.000018
193250 -0.000001
193260 -0.000000
193270 0.000012
193280 -0.000004
193290 -0.001396
193300 -0.000019
193310 0.000014
193320 0.000003
193330 -0.000278
193340 -0.001335
193350 0.000001
193360 0.000017
193370 0.000006
193380 0.000007
193390 0.000005
193400 -0.000024
193410 -0.000005
193420 0.000001
193430 0.000045
193440 0.000004
193460 0.000007
193470 0.000012
193480 0.000004
193490 -0.000008
193500 0.000042
193510 0.000012
193520 0.000011
193530 0.000010
193540 0.000004
193550 -0.000026
193560 0.000006
193580 -0.000022
193590 -0.001368
193600 -0.001385
193610 -0.000010
193620 0.000003
193630 -0.000008
193640 0.000008
193650 0.000012
193660 -0.000022
193670 0.000015
193680 -0.000009
193690 0.000009
193700 0.000005
193710 -0.000011
193720 -0.000030
193730 0.000010
193740 0.000001
193750 0.000001
193770 0.000002
193780 0.000006
193790 -0.000016
193800 -0.000038
193810 -0.000015
193820 0.000009
193830 0.000255
193840 0.000014
193850 -0.000014
193860 -0.001359
193870 0.000020
193880 0.000002
193890 -0.000011
193900 -0.001375
193910 -0.000004
193920 0.000010
193950 0.000008
193960 -0.000031
193970 0.000004
193980 -0.001463
193990 -0.000005
194000 -0.000012
194010 -0.000009
194020 0.000014
194030 0.000017
194040 0.000014
194060 -0.000000
194070 -0.000005
194080 0.000017
194090 0.000005
194100 0.000128
194110 0.000029
194120 -0.000012
194130 0.000024
194140 -0.000006
194150 -0.000051
194160 -0.000012
194170 0.000005
194180 0.000013
194190 -0.001382
194200 -0.000024
194210 0.000015
194220 0.000020
194230 0.000003
194240 -0.000003
194250 -0.000014
194260 0.000005
194270 -0.001399
194280 0.000008
194290 0.000015
194300 0.000001
194310 -0.000016
194320 -0.000015
194330 0.000008
194340 0.000011
194350 0.000011
194360 -0.000020
194370 0.000030
194380 0.000002
194390 -0.000018
194400 0.000001
194410 0.000106
194420 0.000008
194430 -0.000017
194440 0.000015
194450 0.000003
194460 0.000006
194470 0.000011
194480 0.000009
194500 0.000016
194510 0.000005
194520 0.000017
194530 -0.000025
194540 0.000002
194550 0.000002
194570 0.000005
194580 -0.000011
194590 -0.000001
194600 -0.000007
194610 0.000001
194620 0.000009
194630 -0.000016
194640 -0.000021
194650 0.000015
194660 -0.000029
194680 -0.000013
194690 -0.000017
194700 -0.000005
194710 -0.000015
194720 0.000016
194730 0.000007
194740 0.000013
194750 0.000004
194760 0.000011
194770 -0.000020
194780 -0.000007
194790 -0.000030
194810 -0.000001
194820 0.000010
194830 0.000003
194840 0.000014
194850 -0.000004
194860 0.000007
194870 0.000005
194880 -0.000026
194890 -0.000019
194900 0.000027
194910 0.000021
194920 0.000012
194930 -0.000023
194940 0.000019
194960 -0.000025
194970 0.000010
194980 0.000026
194990 0.000011
195000 0.000013
195010 0.000001
195020 0.000010
195030 -0.000027
195040 -0.000008
195060 -0.000019
195070 -0.000014
195080 0.000012
195090 -0.000013
195100 0.000010
195110 -0.000006
195120 0.000017
195130 0.000011
195140 0.000016
195150 0.000000
195160 0.000018
195170 -0.000010
195180 -0.000035
195190 0.000007
195200 0.000007
195220 0.000003
195230 0.000010
195250 0.000009
195260 -0.000013
195270 -0.000048
195280 0.000014
195290 0.000009
195300 0.000004
195320 0.000020
195330 0.000051
195340 -0.000003
195350 -0.000004
195360 0.000010
195370 -0.000010
195380 0.000021
195390 0.000011
195400 -0.001297
195410 0.000012
195420 0.000009
195430 0.000011
195440 0.000004
195450 -0.000009
195460 -0.000007
195470 0.000011
195490 0.000008
195500 -0.001332
195510 0.000007
195520 -0.000039
195530 0.000000
195540 0.000013
195550 0.000015
195560 -0.000003
195570 0.000018
195580 0.000004
195590 0.000008
195600 -0.000003
195610 0.000014
195620 -0.000017
195630 0.000003
195640 0.000015
195650 0.000026
195660 0.000018
195670 -0.000003
195680 0.000001
195690 -0.001474
195700 0.000017
195710 0.000015
195720 0.000211
195730 0.000004
195740 0.000013
195750 -0.000010
195760 0.000006
195770 -0.001561
195780 0.000011
195790 -0.000015
195800 -0.000012
195810 -0.001539
195820 -0.000014
195830 0.000014
195840 -0.000002
195850 -0.000054
195860 0.000007
195870 0.000017
195880 -0.000023
195890 0.000004
195900 0.000016
195910 -0.000020
195920 0.000007
195930 0.000010
195940 -0.000062
195950 0.000011
195960 -0.000003
195970 -0.000001
195980 0.000009
195990 0.000015
196000 0.000014
196010 0.000004
196020 0.000005
196030 0.000016
196040 0.000009
196050 0.000002
196060 0.000001
196070 0.000009
196080 0.000008
196090 -0.000001
196100 -0.000014
196110 0.000022
196120 0.000005
196130 -0.000015
196140 0.000015
196150 0.000020
196160 0.000019
196180 -0.000017
196190 0.000009
196200 -0.000006
196210 0.000002
196220 0.000014
196230 0.000004
196240 0.000010
196260 -0.001525
196280 0.000013
196290 -0.000025
196300 0.000011
196310 -0.000002
196320 -0.000020
196330 -0.000030
196340 0.000018
196350 -0.000028
196360 -0.000015
196370 0.000022
196380 -0.000011
196390 0.000010
196400 0.000023
196410 -0.001383
196420 0.000009
196430 0.000013
196440 -0.001437
196450 0.000006
196470 -0.000018
196480 0.000007
196490 0.000009
196500 0.000008
196510 -0.000003
196520 0.000007
196530 0.000016
196540 0.000007
196550 -0.001601
196560 0.000009
196570 0.000116
196580 -0.001946
196590 0.000012
196600 0.000014
196610 0.000005
196620 0.000013
196630 -0.000073
196640 0.000014
196650 0.000020
196660 0.000020
196670 0.000010
196680 0.000023
196690 0.000009
196700 0.000760
196710 -0.000026
196720 0.000015
196730 0.000007
196740 0.000003
196750 0.000027
196760 0.000008
196770 -0.000018
196790 0.000007
196800 0.000012
196810 0.000007
196820 -0.000001
196830 0.000015
196840 -0.000001
196850 0.000004
196860 -0.001603
196870 -0.000009
196880 0.000005
196890 0.000008
196910 0.000010
196920 -0.000019
196930 0.000007
196940 0.000011
196950 0.000010
196960 0.000002
196970 0.000005
196980 0.000010
196990 0.000009
197000 -0.000019
197010 0.000002
197020 -0.000021
197030 -0.001375
197040 0.000019
197050 0.000005
197060 0.000006
197070 -0.000021
197080 0.000003
197090 0.000012
197100 0.000010
197110 0.000001
197120 0.000013
197130 0.000007
197140 0.000009
197150 0.000004
197160 0.000021
197170 0.000011
197180 -0.001478
197190 0.000012
197200 0.000003
197210 0.000002
197230 0.000002
197240 -0.000016
197250 -0.001545
197260 0.000009
197270 0.000015
197280 0.000018
197290 -0.000018
197300 0.000020
197310 0.000010
197320 -0.000017
197330 -0.000028
197340 -0.000254
197350 -0.000049
197360 0.000031
197370 0.000028
197380 0.000015
197390 -0.000066
197400 0.000013
197410 0.000003
197420 -0.000006
197430 0.000004
197440 0.000003
197450 -0.000003
197460 0.000013
197480 0.000019
197490 -0.000011
197500 -0.000021
197510 0.000008
197520 0.000009
197530 0.000011
197540 -0.000042
197550 -0.000009
197560 0.000008
197570 -0.000025
197580 0.000001
197590 -0.000017
197600 -0.000018
197610 0.000011
197620 -0.000011
197630 0.000017
197640 -0.000027
197650 -0.000003
197660 0.000000
197670 0.000006
197680 0.000013
197690 0.000009
197700 -0.001330
197710 0.000017
197720 -0.000027
197730 -0.000004
197740 0.000014
197750 0.000018
197760 0.000015
197770 -0.000013
197780 -0.000016
197790 -0.000033
197800 0.000004
197810 -0.001473
197820 0.000009
197830 -0.000014
197840 0.000008
197850 -0.001262
197860 0.000106
197870 0.000012
197880 -0.000014
197890 0.000016
197900 -0.000006
197910 -0.000001
197920 -0.000008
197930 0.000018
197940 0.000010
197950 -0.000017
197960 -0.000011
197970 0.000014
197980 -0.001259
197990 -0.000000
198000 -0.000020
198010 0.000019
198020 -0.000014
198030 -0.000022
198050 -0.000020
198060 -0.000009
198070 0.000010
198080 0.000012
198090 0.000008
198100 -0.000038
198110 0.000048
198120 0.000013
198130 -0.000015
198140 0.000012
198150 0.000015
198160 0.000014
198170 -0.000025
198180 0.000001
198190 0.000010
198200 0.000016
198210 -0.000016
198220 0.000016
198230 0.000018
198240 -0.000014
198250 -0.001419
198270 0.000007
198280 -0.000028
198290 0.000011
198300 0.000007
198310 -0.000020
198320 0.000035
198330 -0.000018
198340 0.000008
198350 0.000015
198360 0.000020
198370 0.000018
198380 0.000017
198390 0.000008
198400 0.000011
198410 0.000001
198420 0.000017
198430 0.000002
198440 0.000031
198450 -0.000018
198460 0.000009
198470 -0.001460
198480 -0.000054
198490 0.000013
198500 0.000009
198520 0.000005
198530 0.000019
198540 -0.000031
198550 -0.000005
198560 -0.001313
198570 0.000053
198580 0.000081
198590 0.000008
198600 -0.000000
198610 -0.000057
198620 -0.000014
198640 0.000007
198650 0.000016
198660 0.000010
198670 0.000004
198680 -0.000004
198690 0.000002
198700 0.000057
198710 0.000002
198720 0.000000
198730 -0.000016
198740 0.000005
198750 0.000012
198760 -0.000008
198770 -0.000977
198780 0.000007
198790 0.000010
198800 -0.000008
198810 -0.000007
198820 0.000016
198830 0.000016
198840 0.000005
198850 0.000033
198860 -0.000016
198870 0.000009
198880 0.000005
198890 -0.000007
198900 -0.000006
198910 0.000007
198920 0.000005
198930 0.000018
198940 -0.000010
198950 0.000017
198960 0.000007
198970 -0.000025
198980 0.000019
198990 -0.000017
199020 0.000003
199030 0.000012
199040 0.000010
199050 0.000008
199060 -0.000008
199070 -0.001509
199090 -0.000003
199100 0.000020
199110 -0.000025
199120 0.000006
199130 -0.001416
199140 0.000010
199150 -0.000010
199170 -0.001428
199180 0.000002
199190 -0.000015
199200 0.000004
199210 0.000012
199220 -0.000001
199230 0.000011
199240 -0.001375
199250 -0.001353
199260 -0.000012
199270 -0.000022
199280 0.000032
199290 0.000009
199300 -0.001366
199310 0.000010
199320 0.000009
199330 -0.000040
199340 -0.000001
199350 0.000014
199360 0.000004
199370 0.000035
199380 -0.000048
199390 0.000069
199400 0.000020
199410 0.000014
199420 -0.000009
199430 0.000032
199440 -0.000013
199460 0.000034
199470 -0.000009
199480 0.000026
199490 0.000001
199500 -0.000024
199510 0.000001
199520 0.000007
199530 -0.000012
199540 -0.001361
199550 -0.001388
199560 -0.000004
199570 0.000000
199580 0.000074
199590 0.000011
199600 -0.000022
199610 0.000016
199620 0.000006
199630 -0.000006
199640 0.000013
199660 0.000012
199670 -0.000021
199680 0.000004
199690 -0.000003
199700 -0.000016
199710 0.000006
199720 0.000018
199730 0.000010
199740 -0.000022
199750 -0.000001
199760 0.000006
199770 -0.000000
199780 0.000044
199790 0.002029
199800 0.000004
199810 -0.000004
199820 -0.000016
199830 -0.000001
199840 0.000007
199850 -0.000091
199860 0.000011
199870 0.000001
199880 -0.000004
199890 0.000010
199900 -0.000022
199910 -0.000026
199920 -0.001484
199930 -0.000012
199940 -0.000015
199950 -0.001428
199960 -0.000001
199970 0.000004
199980 0.000008
199990 -0.000006
200000 0.000014
200010 0.000013
200020 -0.000009
200030 0.000036
200040 0.000017
200050 -0.000003
200060 -0.000053
200070 -0.001350
200080 0.000007
200100 -0.000011
200110 -0.000012
200120 0.000017
200130 -0.001328
200140 -0.000031
200170 -0.000022
200180 0.000017
200190 0.000012
200200 -0.000021
200210 0.000016
200220 0.000020
200230 0.000006
200240 -0.000325
200250 0.000005
200260 -0.000024
200270 -0.000030
200280 -0.001521
200290 0.000006
200300 -0.000022
200310 -0.000050
200320 -0.000001
200330 0.000012
200340 -0.000009
200350 -0.000009
200360 0.000000
200370 -0.000062
200380 -0.000005
200390 -0.000027
200400 0.000009
200410 -0.000001
200420 -0.000017
200430 0.000012
200440 0.000011
200450 0.001696
200460 0.000011
200470 0.000003
200480 -0.000008
200490 0.000015
200500 0.000025
200510 -0.000008
200520 0.000008
200530 -0.001342
200540 0.000024
200550 -0.001355
200560 -0.000019
200570 0.000014
200580 -0.000022
200590 0.000016
200600 -0.000051
200610 -0.000029
200620 0.000016
200630 -0.000051
200640 0.000005
200650 0.000023
200660 0.000012
200670 -0.001413
200680 0.000011
200710 0.000009
200720 0.000030
200730 0.000020
200740 -0.001383
200750 0.000014
200760 -0.000051
200770 0.000012
200780 0.000007
200790 -0.000028
200800 -0.000020
200810 0.000012
200820 0.000009
200830 0.000009
200840 -0.000024
200850 0.000257
200860 0.000014
200870 -0.001501
200880 0.000007
200890 -0.000003
200900 -0.000006
200910 0.000019
200920 0.000020
200930 0.000003
200940 -0.001494
200950 0.000017
200960 -0.000030
200970 0.000008
200980 -0.000026
200990 0.000005
201000 0.000019
201010 0.000014
201020 -0.000019
201030 -0.000019
201040 0.000009
201050 -0.000006
201060 0.000009
201070 -0.001190
201080 -0.000057
201100 -0.000017
201110 0.000008
201120 -0.001536
201130 0.000024
201140 0.000001
201150 -0.000009
201160 0.000009
201170 -0.000007
201180 0.000017
201190 0.000005
201200 0.000038
201210 0.000017
201220 -0.000030
201230 0.000004
201240 -0.000018
201250 -0.001175
201260 -0.001557
201270 -0.001338
201280 0.000086
201300 0.000018
201310 0.000002
201320 0.000008
201340 -0.000013
201350 0.000011
201360 0.000010
201370 0.000003
201380 0.000003
201390 0.000006
201410 0.000023
201420 -0.000016
201430 -0.000011
201450 -0.000020
201460 0.000012
201470 -0.000021
201480 0.000004
201490 -0.000022
201500 0.000024
201510 0.000007
201520 0.000027
201530 0.000007
201540 -0.000016
201550 0.000008
201560 0.000011
201570 0.000003
201590 0.000015
201600 0.000291
201610 0.000015
201620 -0.000010
201630 -0.000005
201640 0.000000
201650 0.000001
201660 -0.000021
201670 -0.000069
201680 -0.000016
201690 -0.000024
201700 0.000009
201710 -0.000009
201720 0.000016
201730 0.000010
201740 -0.000017
201750 -0.001413
201760 0.000011
201770 0.000005
201780 0.000001
201790 0.000008
201800 -0.000026
201810 0.000011
201820 0.000019
201840 0.000156
201850 0.000001
201860 0.000017
201880 0.000002
201890 -0.000019
201900 0.000009
201910 0.000026
201920 0.000010
201930 -0.000013
201940 -0.000006
201950 0.000016
201960 0.000004
201970 -0.000074
201980 -0.000024
202000 0.000019
202010 0.000015
202020 0.000006
202030 0.000018
202040 0.000001
202050 0.000010
202060 0.000041
202070 -0.000013
202080 -0.000014
202090 -0.000002
202110 0.000007
202130 0.000007
202140 -0.000030
202150 0.000007
202160 0.000007
202170 -0.001399
202180 0.000020
202190 0.000021
202200 0.000000
202210 0.000009
202220 0.000009
202230 -0.000033
202250 0.000017
202260 -0.000000
202270 -0.001349
202290 0.000013
202300 0.000018
202310 0.000008
202320 -0.000001
202330 0.000009
202340 0.000007
202350 0.000014
202360 0.000023
202370 -0.001225
202380 -0.000025
202390 -0.001340
202400 0.000015
202410 0.000017
202420 -0.000085
202430 0.000005
202440 0.000013
202450 0.000011
202470 -0.000023
202480 0.000005
202490 -0.000026
202500 -0.000010
202510 -0.000016
202530 -0.000004
202540 0.000006
202550 -0.000013
202560 0.000004
202570 0.000015
202580 -0.000001
202590 0.000021
202610 -0.000005
202620 -0.001284
202630 -0.000022
202650 -0.000024
202670 -0.000034
202690 -0.000019
202700 0.000021
202710 -0.001391
202720 0.000008
202740 0.000020
202750 -0.000010
202760 -0.000024
202780 0.000006
202790 -0.000040
202800 -0.000006
202810 -0.000003
202820 -0.000008
202830 0.000013
202840 -0.000012
202850 -0.000032
202860 -0.000011
202870 0.000002
202880 -0.000006
202890 0.000012
202900 0.000155
202910 0.000011
202920 -0.001384
202930 0.000008
202940 -0.000063
202950 0.000011
202960 0.000001
202970 0.000028
202980 0.000006
202990 -0.000008
203000 0.000003
203010 0.000016
203020 -0.000007
203050 -0.001386
203070 -0.000005
203080 0.000013
203090 -0.000002
203100 0.000022
203110 0.000003
203120 0.000013
203130 0.000012
203140 0.000009
203150 0.000035
203170 0.000011
203180 -0.000021
203200 -0.000029
203210 0.000020
203220 0.000009
203230 -0.000000
203240 0.000856
203250 -0.000013
203260 -0.000007
203270 0.000019
203280 0.000000
203290 -0.000008
203300 0.000021
203310 -0.000008
203320 -0.000001
203330 0.000012
203340 0.000021
203350 -0.000009
203360 0.000004
203370 0.000032
203380 0.000004
203390 -0.000033
203400 0.000016
203410 0.000005
203420 0.000015
203430 0.000005
203450 -0.000005
203460 0.000017
203470 0.000009
203480 -0.001326
203490 0.000013
203500 0.000213
203510 -0.000003
203520 -0.000019
203530 0.000003
203540 0.000011
203550 -0.000017
203560 -0.000016
203570 0.000002
203580 0.000031
203590 0.000002
203600 -0.001213
203610 -0.000119
203620 -0.000006
203630 -0.000018
203650 0.000005
203660 -0.000021
203670 0.000001
203690 -0.000004
203700 0.000015
203710 -0.000010
203720 0.000009
203730 -0.000014
203740 0.000008
203760 -0.000021
203770 0.000019
203780 0.000000
203790 -0.000022
203800 -0.000022
203820 0.000015
203830 0.000014
203840 0.000011
203850 0.000006
203860 0.000007
203870 0.000020
203880 0.000012
203890 0.000004
203900 -0.000002
203910 0.000002
203920 -0.000052
203930 0.000010
203940 -0.001452
203960 -0.000020
203970 0.000010
203980 0.000008
203990 -0.000024
204010 -0.000024
204020 -0.000014
204040 -0.000027
204050 -0.000006
204060 -0.000028
204070 -0.000011
204080 -0.000021
204090 0.000004
204100 0.000013
204110 -0.000018
204120 0.000015
204130 0.000002
204140 0.000005
204150 0.000003
204160 0.000009
204170 0.000011
204180 -0.001394
204190 0.000012
204200 -0.000004
204210 -0.000007
204220 0.000003
204240 0.000002
204250 0.000006
204260 -0.000012
204270 -0.000002
204280 0.000013
204290 -0.000027
204300 -0.000008
204310 0.000014
204320 0.000019
204330 -0.000017
204340 0.000012
204350 -0.000053
204360 0.000004
204370 0.000012
204390 0.000011
204400 0.000014
204410 0.000012
204420 0.000013
204430 -0.000081
204440 0.000013
204450 -0.000006
204460 0.000015
204490 0.000023
204500 -0.000014
204510 -0.000003
204520 -0.000005
204530 0.000006
204540 -0.000032
204570 -0.001163
204580 0.000009
204590 0.000005
204600 0.000006
204610 -0.000045
204620 -0.000007
204630 0.000009
204640 -0.000002
204650 -0.000022
204660 -0.001379
204670 0.000001
204680 -0.000014
204690 -0.000008
204700 -0.000030
204720 0.000017
204730 -0.000024
204740 0.000017
204760 0.000011
204770 -0.002095
204780 -0.000021
204790 -0.000025
204810 0.000025
204820 -0.000015
204830 -0.000019
204850 0.000018
204860 -0.000033
204870 0.000002
204880 0.000023
204890 -0.000025
204900 0.000005
204910 0.000002
204920 0.000017
204930 0.000011
204940 -0.000072
204960 0.000017
204970 0.000009
204980 0.000009
204990 0.000009
205000 0.000013
205010 0.000013
205020 0.000018
205030 0.000010
205040 0.000003
205050 0.000001
205060 0.000007
205070 -0.000013
205090 0.000024
205120 -0.000013
205130 0.000010
205140 0.000011
205150 -0.000015
205160 0.000009
205170 -0.000019
205180 0.000005
205190 -0.000009
205200 0.000014
205210 0.000011
205220 0.000009
205240 -0.000028
205250 -0.000002
205260 -0.000022
205270 -0.001343
205280 0.000001
205290 0.000014
205300 -0.000027
205310 -0.000036
205320 -0.000043
205330 0.000008
205340 -0.000024
205350 0.000014
205370 -0.000003
205380 0.000013
205390 -0.000026
205400 0.000008
205410 -0.001390
205420 -0.000009
205430 0.000005
205440 0.000001
205450 0.000016
205460 0.000086
205470 -0.000017
205480 -0.000008
205490 0.000014
205500 -0.000002
205510 0.000008
205520 0.000016
205530 0.000021
205540 0.000018
205550 -0.000010
205560 0.000007
205570 -0.001385
205580 -0.000065
205590 0.000009
205600 0.000000
205610 -0.000009
205620 -0.001433
205630 -0.000020
205640 -0.000019
205650 -0.000025
205660 -0.000018
205670 0.000007
205680 -0.001397
205690 0.000013
205700 0.000002
205710 0.000010
205730 0.000013
205750 0.000016
205760 -0.000001
205770 -0.000030
205780 -0.000037
205790 -0.000006
205800 0.000013
205810 -0.000003
205820 0.000002
205830 -0.000019
205840 -0.000003
205850 -0.000020
205860 0.000021
205870 0.000001
205880 0.000015
205890 -0.000022
205910 0.000012
205920 0.000017
205930 0.000006
205950 0.000003
205960 0.000003
205970 -0.000020
205980 -0.001272
205990 0.000006
206000 -0.000022
206010 -0.000018
206020 0.000707
206030 0.000019
206040 0.000016
206050 0.000009
206060 -0.001385
206070 -0.000003
206080 -0.000010
206090 0.000014
206100 -0.000067
206110 0.000024
206120 -0.000062
206130 -0.000001
206140 0.000007
206150 0.000022
206160 0.000001
206170 -0.000022
206180 0.000010
206190 0.000011
206200 -0.000008
206210 -0.000008
206220 0.000015
206230 0.000003
206240 -0.000011
206250 0.000015
206260 0.000013
206270 0.000021
206280 -0.000030
206290 0.000106
206300 0.000005
206310 -0.000019
206320 -0.000007
206330 -0.000020
206340 -0.000016
206350 -0.001329
206360 -0.001371
206370 -0.001370
206380 0.000008
206390 0.000009
206400 0.000010
206410 0.000004
206420 -0.000021
206430 0.000004
206440 0.000002
206450 -0.000008
206460 0.000006
206470 0.000003
206480 0.000045
206490 0.000004
206500 -0.001350
206510 -0.000022
206520 -0.000072
206530 0.000018
206540 0.000003
206550 0.000005
206560 0.000013
206570 0.000012
206580 -0.000000
206590 -0.000248
206600 0.000044
206610 0.000003
206620 -0.000024
206630 -0.000023
206640 -0.000000
206650 -0.000018
206660 0.000006
206670 0.000010
206680 0.000002
206690 0.000013
206700 0.000011
206710 -0.000051
206720 -0.001409
206730 -0.000022
206740 0.000003
206750 0.000005
206760 0.000013
206770 0.000002
206780 -0.001474
206790 0.000015
206800 0.000009
206810 -0.000008
206820 0.000005
206830 0.000011
206840 -0.000017
206850 -0.000007
206860 -0.000018
206870 -0.000002
206880 -0.000043
206890 -0.000019
206900 0.000009
206910 0.000013
206920 -0.000024
206930 -0.000015
206940 -0.000001
206950 0.000003
206960 0.000003
206970 -0.000007
206990 -0.000001
207000 0.000009
207010 0.000004
207020 -0.000001
207030 0.000013
207040 0.000045
207050 0.000006
207060 0.000009
207070 -0.001346
207080 -0.000017
207090 0.000011
207100 0.000007
207110 -0.000002
207120 0.000006
207130 0.000012
207140 0.000016
207150 -0.000006
207160 0.000066
207170 0.000006
207180 0.000012
207190 0.000009
207200 0.000018
207210 0.000015
207230 0.000013
207240 0.000013
207250 0.000011
207260 0.000014
207270 0.000014
207280 -0.000004
207290 0.000004
207300 -0.000000
207310 -0.000082
207320 0.000004
207330 0.000022
207340 0.000015
207350 0.000004
207360 -0.000003
207370 0.000014
207380 0.000019
207390 0.000004
207400 0.000003
207410 -0.000018
207420 0.000013
207430 0.000013
207440 0.000011
207450 -0.001356
207470 0.000017
207480 0.000014
207490 0.000009
207500 0.000003
207510 0.000003
207520 0.000010
207530 -0.000011
207540 0.000009
207550 -0.001455
207560 -0.000005
207570 -0.000004
207580 -0.001441
207590 0.000012
207610 -0.000032
207620 0.000014
207630 -0.000014
207640 0.000001
207650 0.000020
207670 0.000012
207680 0.000050
207690 -0.000025
207700 0.000012
207710 0.000012
207720 -0.000034
207730 -0.001406
207740 -0.000022
207750 -0.000001
207760 -0.000044
207770 0.000001
207780 0.000006
207790 -0.000013
207800 -0.000018
207810 0.000003
207820 0.000011
207830 -0.000006
207840 -0.000006
207850 0.000003
207860 -0.001337
207870 0.000007
207880 0.000013
207890 0.000015
207900 -0.001368
207920 -0.000006
207930 -0.000059
207940 0.000004
207950 0.000019
207960 0.000012
207970 0.000002
207980 0.000012
207990 0.000020
208000 -0.000119
208010 -0.000022
208020 0.000017
208030 -0.000001
208040 0.001803
208050 0.000008
208060 -0.000006
208070 0.000008
208080 0.000007
208100 0.000015
208110 0.000012
208120 0.000009
208130 0.000000
208140 0.000002
208150 0.000002
208160 -0.000027
208170 0.000031
208180 -0.000020
208190 0.000012
208200 0.000000
208210 0.000012
208220 -0.001393
208230 0.000008
208240 -0.000002
208250 -0.000023
208270 0.000023
208280 -0.000034
208290 0.000018
208300 -0.000004
208310 -0.000042
208330 -0.001458
208340 -0.000007
208350 0.000010
208370 -0.000012
208380 -0.000012
208390 0.000012
208400 0.000007
208410 -0.000048
208420 0.000015
208430 0.000007
208440 0.000002
208450 0.000017
208460 0.000022
208480 -0.000010
208500 0.000012
208510 -0.000026
208520 0.000017
208530 -0.000001
208550 0.000014
208560 -0.000016
208570 0.000021
208580 -0.000058
208590 0.000024
208610 -0.000019
208620 -0.000044
208630 0.000025
208640 0.000011
208650 0.000009
208660 -0.000026
208670 -0.000010
208680 0.000002
208690 -0.001396
208700 0.000013
208720 -0.000066
208740 -0.000027
208750 0.000007
208760 0.000008
208770 -0.000019
208780 0.000022
208790 0.000005
208800 0.000007
208810 -0.001299
208820 -0.001383
208830 0.000012
208840 -0.000001
208850 -0.000028
208860 0.000012
208870 0.000000
208880 -0.000044
208890 -0.000020
208900 0.000010
208910 -0.001361
208920 0.000018
208930 -0.000007
208940 -0.001327
208960 0.000033
208970 0.000005
208980 0.000003
208990 0.000002
209000 0.000013
209010 0.000107
209020 0.000008
209030 0.000015
209040 0.000004
209050 -0.000003
209060 -0.000014
209070 0.000017
209080 0.000004
209090 0.000008
209110 0.000003
209120 -0.001339
209130 -0.000014
209140 0.000004
209150 0.000019
209160 -0.000022
209170 0.000028
209190 -0.001322
209200 0.000014
209210 0.000007
209220 0.000005
209230 -0.000013
209240 0.000005
209250 0.000003
209260 0.000002
209270 -0.000002
209280 0.000021
209300 0.000002
209310 -0.000012
209320 -0.000003
209330 -0.000039
209340 0.000008
209350 0.000168
209360 0.000019
209370 0.000013
209380 0.000010
209390 -0.000020
209400 -0.001510
209410 0.000004
209420 -0.001417
209430 -0.000021
209440 -0.000022
209450 -0.000028
209460 0.000029
209470 -0.000020
209480 -0.000008
209490 0.000027
209500 0.000019
209510 0.000002
209530 0.000011
209550 0.000012
209560 0.000010
209570 -0.000003
209580 0.000012
209590 0.000024
209600 -0.001472
209620 0.000019
209630 0.000012
209650 -0.000024
209660 0.000012
209670 -0.000001
209690 0.000003
209710 0.000013
209720 -0.000012
209730 -0.000002
209740 0.000013
209750 -0.000033
209760 -0.000016
209770 0.000020
209780 0.000006
209790 0.000007
209800 0.000006
209810 -0.001244
209820 0.000016
209830 -0.000008
209840 0.000018
209850 -0.000019
209860 -0.000011
209870 0.000021
209880 -0.000030
209890 0.000004
209900 0.000001
209920 -0.001593
209930 0.000004
209940 0.000007
209950 -0.000008
209960 -0.000015
209970 0.000012
209980 -0.000001
209990 0.000010
210000 -0.000011
210010 0.000011
210030 -0.000004
210040 0.000013
210050 0.000028
210060 0.000006
210070 0.000020
210080 -0.000009
210090 -0.000002
210100 0.000017
210110 -0.001367
210120 -0.001367
210130 0.000011
210140 -0.000009
210150 -0.001381
210160 -0.000019
210170 -0.000013
210180 -0.000012
210190 -0.000005
210200 -0.000018
210210 -0.000019
210220 -0.000002
210230 -0.000071
210250 -0.000027
210260 -0.000002
210270 0.000014
210280 -0.001466
210290 0.000016
210300 -0.001436
210310 0.000016
210320 -0.000015
210330 0.000006
210340 0.000013
210350 -0.000028
210360 -0.000028
210370 -0.000026
210380 0.000002
210390 0.000010
210400 0.000005
210410 0.000013
210420 -0.000005
210430 0.000001
210440 0.000002
210450 0.000004
210460 0.000017
210470 -0.000016
210490 -0.000052
210500 0.000011
210510 0.000008
210520 -0.000002
210530 0.000015
210540 -0.000026
210550 -0.000024
210560 -0.000001
210570 0.000016
210580 -0.001390
210590 -0.000041
210600 -0.001352
210610 -0.000008
210620 -0.000038
210630 -0.000005
210640 0.000001
210650 -0.000005
210670 -0.000025
210680 -0.000030
210700 -0.000035
210710 -0.001698
210740 0.000008
210750 0.000020
210760 -0.000002
210770 0.000010
210780 -0.000006
210790 0.000011
210800 -0.000015
210810 -0.000001
210820 0.000004
210830 -0.000015
210840 -0.000018
210850 0.000005
210860 -0.000021
210870 -0.001546
210880 -0.000026
210890 0.000009
210900 0.000013
210910 0.000024
210920 -0.000023
210940 -0.000062
210950 0.000014
210960 0.000009
210970 0.000005
210980 -0.000028
210990 -0.000017
211000 -0.000029
211010 0.000010
211020 -0.000041
211030 0.000024
211040 0.000003
211050 0.000014
211060 0.000015
211070 0.000020
211080 -0.000012
211090 0.000009
211100 0.000003
211110 -0.000007
211120 -0.000056
211130 0.000016
211140 0.000013
211150 0.000043
211160 0.000010
211170 -0.000024
211180 -0.000028
211190 0.000010
211200 0.000007
211210 0.000075
211220 -0.001191
211230 -0.000004
211240 0.000194
211250 -0.000014
211260 -0.000027
211270 -0.000017
211280 0.000009
211290 0.000016
211300 0.000013
211310 0.000008
211320 0.000010
211330 0.000006
211340 0.000009
211350 0.000012
211360 0.000002
211370 -0.001627
211380 -0.000002
211390 -0.001207
211400 -0.000014
211410 -0.000001
211420 0.000009
211430 0.000015
211440 0.000009
211450 -0.000032
211460 -0.001369
211470 -0.000001
211480 0.000012
211490 0.000011
211500 -0.000044
211510 -0.000032
211520 0.000007
211530 0.000015
211540 -0.000030
211550 0.000018
211560 0.000010
211570 0.000025
211580 -0.000008
211590 -0.000002
211600 -0.000022
211610 0.000028
211620 -0.000006
211640 0.000018
211650 0.000005
211660 -0.000019
211670 0.000003
211690 -0.000032
211700 0.000015
211710 -0.000008
211720 -0.001235
211730 -0.001278
211740 -0.000045
211760 -0.000017
211770 0.000012
211780 0.000010
211790 0.000006
211800 -0.000023
211810 0.000013
211820 -0.000015
211840 0.000004
211860 0.000012
211870 -0.000007
211880 0.000011
211890 -0.000028
211900 -0.000005
211910 0.000008
211920 0.000014
211930 0.000007
211940 -0.000014
211950 0.000015
211960 0.000012
211970 0.000016
211980 0.000008
211990 0.000011
212000 0.000012
212020 -0.000017
212030 -0.000008
212040 -0.000027
212050 0.000005
212060 0.000004
212070 0.000004
212080 -0.000010
212090 0.000012
212100 0.000028
212110 0.000012
212120 -0.000033
212140 -0.000023
212150 -0.000009
212160 -0.000005
212170 -0.001462
212180 -0.001384
212190 0.000014
212200 0.000030
212210 0.000016
212220 0.000014
212230 -0.000038
212240 -0.000002
212250 -0.000003
212260 0.000014
212270 -0.000011
212280 0.000447
212290 0.000018
212300 -0.001404
212310 -0.000027
212320 0.000008
212330 0.000002
212340 -0.000019
212350 -0.001411
212360 0.000014
212380 -0.000040
212400 0.000009
212410 -0.000021
212420 0.000010
212440 0.000006
212450 0.000006
212460 0.000005
212470 -0.000013
212480 0.000016
212490 0.000020
212500 -0.000040
212510 -0.000010
212520 0.000009
212530 0.000012
212540 -0.000009
212550 0.000013
212560 0.000054
212570 0.000014
212580 0.000017
212590 0.000059
212600 0.000005
212610 -0.000023
212620 -0.000025
212630 0.000007
212640 -0.000025
212650 0.000023
212660 -0.000015
212670 0.000015
212680 0.000018
212690 -0.000003
212700 -0.000003
212710 0.000009
212720 -0.000023
212730 -0.000025
212740 -0.000009
212750 0.000002
212770 0.000002
212780 0.000005
212790 -0.000004
212800 -0.000000
212810 -0.000062
212820 0.000014
212830 0.000017
212840 -0.000004
212850 0.000022
212860 0.000014
212870 -0.000001
212880 0.000006
212890 -0.000017
212900 0.000009
212910 -0.000239
212920 -0.000015
212930 0.000019
212940 0.000024
212950 0.000010
212960 -0.000057
212970 -0.000009
212980 0.000006
213000 -0.000006
213010 0.000005
213020 0.000003
213030 -0.000059
213040 0.000019
213050 0.000009
213060 0.000008
213070 0.000013
213090 0.000015
213100 0.000011
213110 -0.000024
213120 0.000008
213130 0.000018
213140 -0.000044
213150 0.000000
213160 -0.000019
213180 0.000006
213190 -0.000028
213200 -0.001290
213210 0.000004
213220 0.000721
213230 -0.000017
213240 0.000001
213250 0.000021
213260 -0.000017
213270 0.000011
213280 -0.000003
213290 0.000014
213300 -0.000005
213310 -0.001176
213320 0.000003
213330 -0.000009
213340 -0.000026
213350 0.000013
213360 -0.000023
213370 -0.000138
213380 0.000003
213390 -0.000013
213400 0.000001
213410 -0.000022
213420 0.000009
213430 -0.000014
213440 0.000017
213450 -0.000001
213460 0.000011
213470 0.000011
213480 -0.001390
213490 -0.000013
213500 -0.000017
213510 -0.000014
213520 -0.000004
213530 0.000016
213540 0.000018
213550 0.000011
213560 -0.001399
213570 0.000014
213580 0.000004
213590 0.000018
213600 0.000014
213610 -0.001279
213640 -0.001358
213650 0.000021
213660 0.000009
213670 0.000014
213680 0.000005
213690 0.000011
213700 0.000011
213710 0.000009
213720 -0.000008
213730 0.000015
213740 -0.000009
213750 0.000007
213760 0.000006
213770 -0.000027
213780 0.000011
213790 0.000014
213800 -0.000030
213810 0.000014
213820 0.000150
213830 -0.000242
213840 0.000009
213850 0.000018
213860 0.000004
213870 -0.000018
213880 0.000014
213890 -0.001621
213900 0.000018
213910 0.000003
213920 -0.000013
213930 0.000010
213940 -0.000057
213950 -0.000067
213960 0.000008
213970 0.000007
213980 -0.000045
213990 0.000044
214000 -0.000004
214010 -0.000001
214020 -0.000381
214030 -0.000004
214040 -0.000028
214050 -0.000011
214070 0.000007
214080 0.000003
214090 0.000016
214100 -0.000016
214110 -0.000014
214120 -0.000003
214140 -0.000038
214150 0.000001
214160 0.000003
214170 0.000005
214180 0.000011
214190 0.000011
214200 0.000013
214210 0.000010
214220 0.000004
214230 0.000015
214240 -0.000018
214250 -0.000001
214260 -0.000019
214270 0.000018
214280 0.000000
214290 -0.001246
214300 -0.001371
214310 0.000007
214320 0.000016
214330 0.000010
214340 0.000007
214360 -0.001364
214380 0.000021
214390 0.000011
214400 0.000011
214410 0.000054
214420 -0.000016
214430 -0.000017
214440 0.000009
214450 0.000001
214460 -0.000028
214470 0.000059
214480 0.000015
214490 0.000008
214500 0.000052
214510 0.000005
214520 0.000009
214530 0.000002
214540 -0.000015
214550 0.000021
214560 0.000010
214570 -0.000022
214580 -0.001406
214590 0.000024
214600 -0.000024
214610 -0.001356
214620 0.000026
214630 -0.000028
214640 0.000008
214660 -0.001374
214680 -0.001383
214690 0.000010
214700 0.000014
214710 0.000020
214720 0.000004
214730 0.000020
214740 -0.000021
214750 0.000010
214760 -0.000030
214770 -0.000296
214780 -0.000049
214790 0.000013
214800 -0.000024
214810 -0.000012
214820 0.000026
214830 -0.000044
214840 -0.000005
214850 0.000009
214860 0.000927
214870 0.000002
214880 0.000014
214890 0.000008
214910 0.000025
214920 0.000013
214930 0.000008
214940 0.000012
214950 0.000010
214960 -0.000017
214970 0.000012
214980 0.000004
214990 0.000008
215000 0.000012
215010 -0.000016
215020 -0.000024
215030 0.000019
215040 -0.000013
215050 -0.000001
215060 -0.000019
215070 0.000004
215080 -0.000020
215090 -0.000020
215100 0.000007
215110 0.000006
215120 -0.000032
215130 0.000006
215140 0.000009
215150 -0.000031
215160 0.000007
215170 -0.000019
215180 -0.000003
215190 0.000003
215200 0.000010
215210 0.000004
215220 0.000012
215230 0.000009
215240 -0.000001
215270 -0.000351
215280 -0.000018
215290 0.000013
215300 -0.000002
215320 -0.000005
215330 -0.000001
215340 0.000016
215350 -0.000031
215360 0.000009
215370 0.000013
215380 0.000012
215390 -0.000006
215400 -0.000016
215410 0.000016
215420 -0.000027
215430 -0.000025
215440 -0.000008
215450 -0.000008
215460 -0.000010
215470 -0.000029
215480 -0.000007
215490 0.000006
215500 0.000001
215520 -0.000078
215530 0.000009
215540 0.000008
215550 0.000013
215560 0.000011
215580 0.000013
215590 0.000013
215600 0.000016
215610 0.000010
215620 -0.001383
215630 -0.000061
215640 -0.000021
215650 -0.000033
215660 0.000018
215670 -0.000023
215680 -0.000023
215690 0.000004
215700 -0.000024
215710 -0.000017
215720 -0.000027
215730 0.000000
215740 0.000012
215750 0.000014
215760 0.000011
215770 0.000057
215780 -0.000004
215790 -0.000025
215800 0.000012
215810 0.000011
215820 -0.000054
215830 0.000004
215840 0.000002
215860 0.000005
215870 -0.000030
215880 -0.000024
215900 0.000012
215910 0.000300
215920 0.000020
215930 -0.000021
215940 -0.000015
215950 -0.001353
215960 0.000019
215970 -0.000002
215980 0.000009
215990 0.000008
216000 -0.000057
216010 -0.000020
216020 0.000007
216030 0.000006
216040 0.000014
216050 0.000007
216060 0.000010
216070 0.000007
216080 0.000006
216090 0.000004
216100 -0.000021
216110 0.000020
216120 0.000018
216130 0.000009
216140 -0.000013
216150 0.000007
216160 -0.001254
216170 0.000006
216190 0.000013
216200 -0.000017
216210 0.000003
216230 0.000014
216240 -0.000025
216250 -0.001299
216260 -0.000059
216270 0.000005
216280 -0.000014
216290 0.000172
216300 0.000017
216310 0.000030
216320 -0.001352
216330 -0.000003
216340 0.000009
216350 -0.000001
216360 -0.000010
216370 0.000017
216380 -0.000018
216390 -0.000017
216400 0.000008
216420 -0.001391
216430 -0.000006
216440 -0.001361
216450 0.000015
216460 0.000014
216470 0.000014
216480 -0.001387
216490 -0.000018
216500 0.000010
216510 0.000006
216520 -0.000072
216530 0.000003
216540 -0.000014
216550 -0.001339
216560 0.000030
216570 0.000007
216580 -0.000020
216590 -0.000036
216600 -0.000011
216610 0.000012
216620 0.000015
216630 -0.000037
216640 -0.000003
216650 -0.000040
216660 -0.000006
216670 -0.000011
216680 0.000006
216690 -0.000026
216700 -0.000013
216710 -0.000025
216720 0.000177
216730 0.000003
216740 -0.000019
216750 0.000013
216760 -0.000019
216770 -0.000008
216790 -0.000030
216800 0.000014
216810 0.000019
216820 0.000009
216830 0.000012
216840 0.000052
216850 0.000015
216860 0.000021
216870 -0.000019
216880 0.000010
216890 0.000007
216900 -0.000010
216910 0.000017
216920 0.000002
216940 -0.000011
216950 -0.000051
216960 -0.001412
216970 -0.000087
216980 -0.000030
216990 0.000010
217010 -0.000060
217020 0.000001
217030 0.000013
217040 0.000015
217060 0.000020
217070 0.000006
217080 -0.000026
217090 0.000005
217100 -0.000005
217110 0.000001
217120 0.000049
217130 -0.001428
217140 -0.000020
217150 -0.001435
217160 0.000005
217180 0.000026
217190 0.000018
217200 -0.000023
217210 0.000033
217220 -0.000008
217230 0.000005
217240 -0.000008
217250 -0.000018
217260 0.000008
217270 0.000001
217280 -0.000033
217290 0.000037
217300 -0.000020
217310 0.000090
217320 0.000003
217330 -0.000013
217340 -0.000042
217350 0.000005
217360 -0.000013
217370 0.000008
217380 0.000013
217390 0.000001
217400 0.000008
217410 0.000008
217420 -0.000018
217430 -0.000026
217440 0.000021
217480 0.000002
217490 -0.000046
217500 -0.000029
217510 -0.000019
217520 0.000016
217530 0.000005
217540 -0.000024
217550 -0.000002
217560 0.000014
217570 0.000017
217580 0.000011
217590 0.000019
217600 -0.000005
217610 0.000006
217620 -0.000025
217630 -0.000013
217650 0.000016
217670 -0.000025
217680 0.000010
217690 -0.001441
217700 -0.000033
217710 -0.000024
217730 0.000003
217740 0.000003
217750 -0.000001
217760 0.000013
217770 0.000006
217780 0.000015
217800 -0.001310
217810 0.000001
217820 -0.001411
217840 -0.000002
217850 -0.000014
217860 -0.000066
217870 0.000011
217880 -0.000011
217890 0.000005
217900 -0.000029
217930 -0.000003
217940 0.000014
217950 -0.000044
217960 0.000012
217990 0.000004
218000 0.000002
218010 0.000008
218020 0.000002
218030 0.000023
218040 0.000002
218050 0.000008
218060 0.000012
218070 0.000014
218080 -0.000002
218090 -0.000027
218100 0.000008
218110 0.000008
218120 0.000005
218130 -0.000022
218140 0.000013
218150 -0.000002
218160 -0.000007
218170 0.000010
218190 -0.000007
218200 -0.001310
218210 -0.000019
218220 -0.000018
218230 -0.000013
218240 0.000005
218250 -0.000024
218260 -0.001340
218270 0.000004
218280 -0.000008
218290 0.000015
218300 0.000002
218310 0.000002
218320 0.000012
218330 0.000010
218340 -0.001369
218350 0.000004
218360 -0.001325
218370 0.000005
218380 0.000012
218390 0.000009
218400 0.000011
218410 0.000017
218420 -0.000004
218430 0.000004
218440 0.000010
218450 0.000011
218470 0.000037
218480 -0.000002
218490 -0.000029
218500 -0.001154
218510 -0.000023
218520 0.000014
218530 0.000016
218540 -0.001325
218550 0.000010
218560 0.000006
218570 0.000013
218580 0.000015
218590 0.000005
218600 -0.000028
218610 -0.000049
218620 0.001056
218630 -0.001486
218640 0.000042
218650 -0.000066
218660 -0.000023
218670 0.000018
218680 0.000012
218690 0.000018
218700 -0.000008
218710 0.000002
218720 0.000002
218730 -0.000025
218740 0.000015
218750 0.000009
218760 0.000015
218770 -0.000002
218780 0.000003
218790 -0.001452
218800 -0.000025
218810 0.000016
218820 -0.000004
218830 -0.000040
218840 0.000015
218850 0.000014
218860 -0.000025
218870 0.000013
218880 0.000016
218890 -0.000019
218900 0.000017
218910 -0.000026
218930 -0.000006
218940 0.000009
218950 0.000017
218960 0.000006
218970 0.000002
218980 -0.000006
218990 -0.000021
219010 0.000006
219020 0.000019
219030 -0.000042
219040 0.000006
219050 -0.001328
219060 0.000001
219070 0.000001
219080 0.000013
219090 -0.000024
219100 -0.000023
219110 0.000006
219120 0.000012
219130 0.000003
219140 0.000011
219150 0.000001
219160 -0.001388
219170 -0.000003
219180 0.000004
219190 0.000014
219200 0.000008
219210 -0.000057
219220 -0.000038
219230 0.000013
219240 -0.000015
219250 0.000004
219260 -0.000016
219270 0.000003
219280 -0.000030
219290 0.000014
219300 0.000018
219310 -0.000024
219320 0.000015
219330 -0.000005
219340 -0.000022
219350 -0.000108
219360 -0.000011
219370 0.000003
219380 -0.000012
219390 -0.000000
219400 0.000027
219410 -0.001334
219420 0.000031
219430 -0.000139
219440 0.000016
219460 -0.000017
219470 0.000010
219480 0.000015
219490 -0.000005
219500 -0.000017
219510 0.000008
219540 -0.000007
219550 0.000023
219560 0.000015
219570 -0.000003
219580 -0.000017
219590 -0.000017
219600 0.000016
219610 0.000021
219620 -0.000014
219630 0.000009
219640 0.000017
219650 -0.000016
219660 0.000005
219670 0.000006
219680 0.000016
219690 0.000013
219700 -0.000027
219710 -0.000001
219720 -0.001139
219730 -0.000017
219740 0.000014
219750 -0.000026
219760 -0.000037
219770 -0.000011
219780 0.000011
219790 0.000051
219800 -0.000003
219810 -0.000064
219820 -0.000005
219830 0.000012
219840 -0.000006
219850 0.000010
219860 0.000016
219870 -0.001382
219880 0.000019
219890 0.000012
219900 -0.000010
219910 0.000006
219920 0.000012
219930 0.000005
219940 0.000004
219960 -0.000043
219970 0.000003
219980 -0.000031
219990 0.000012
220000 0.000011
220010 0.000022
220020 0.000009
220030 0.000005
220040 0.000015
220050 0.000013
220060 -0.000007
220070 0.000006
220080 0.000011
220090 -0.000006
220100 -0.000002
220110 0.000020
220120 -0.000028
220130 -0.001466
220140 0.000003
220150 -0.000008
220160 -0.000002
220170 0.000012
220180 0.000007
220190 0.000010
220200 0.000016
220210 0.000013
220220 -0.000016
220230 0.000009
220240 -0.001266
220250 -0.000018
220280 0.000009
220290 0.000011
220300 0.000013
220310 -0.001454
220320 0.000028
220330 -0.000019
220340 0.000004
220350 -0.000032
220360 -0.000026
220370 -0.000059
220380 -0.000023
220390 0.000007
220410 0.000017
220420 -0.000002
220430 0.000011
220440 -0.001435
220450 0.000005
220460 0.000005
220470 0.000012
220480 0.000012
220490 -0.000002
220500 0.000002
220510 -0.001532
220520 0.000015
220530 0.000016
220540 0.000006
220550 0.000024
220560 -0.000162
220570 -0.000008
220580 0.000002
220590 -0.000012
220600 -0.001344
220620 -0.000015
220630 -0.000011
220640 -0.000018
220650 -0.000061
220660 0.000013
220670 -0.001281
220680 -0.000050
220690 0.000015
220700 -0.000013
220710 0.000008
220720 -0.000024
220730 -0.000006
220740 0.000018
220750 -0.000017
220760 0.000014
220770 0.001098
220780 -0.000008
220790 -0.000024
220800 -0.000002
220810 0.000015
220820 0.000018
220830 0.000004
220840 0.000011
220850 -0.000005
220860 0.000005
220870 -0.000023
220880 0.000007
220890 0.000015
220900 -0.000011
220910 0.000011
220920 -0.000033
220930 0.000021
220940 0.000017
220950 0.000015
220960 0.000012
220970 -0.000010
220980 -0.000001
220990 0.000010
221000 0.000008
221010 0.000009
221020 -0.000088
221030 0.000013
221040 -0.000005
221050 0.000001
221060 0.000011
221080 -0.000032
221100 -0.001460
221110 -0.000024
221120 -0.000001
221130 0.000006
221140 0.000011
221150 0.000015
221160 0.000008
221170 -0.001328
221180 0.000010
221190 0.000012
221200 -0.000003
221210 0.000009
221220 -0.000036
221230 0.000011
221240 0.000014
221250 0.000014
221260 0.000011
221270 0.000013
221280 -0.000031
221290 0.000010
221300 0.000011
221310 0.000012
221320 0.000014
221330 0.000005
221340 -0.001530
221350 -0.000001
221360 0.000018
221370 0.000003
221380 0.000022
221390 0.000004
221400 0.000016
221410 0.000003
221420 0.000010
221430 0.000005
221440 0.000002
221450 0.000003
221460 0.000000
221470 -0.000001
221480 0.000014
221490 0.000011
221500 -0.000019
221520 0.000014
221530 -0.000001
221540 0.000013
221550 -0.000032
221560 0.000007
221580 -0.000019
221590 -0.001347
221610 0.000023
221620 0.000001
221630 0.000014
221640 0.000003
221650 -0.000014
221660 0.000018
221670 -0.001354
221680 0.000010
221690 0.000005
221700 -0.000019
221710 -0.000064
221720 -0.000016
221730 0.000006
221750 -0.000009
221760 -0.000022
221770 0.000003
221780 -0.000007
221790 0.000002
221800 -0.000010
221810 0.000011
221820 -0.000020
221830 0.000006
221840 0.000005
221850 -0.000027
221860 0.000014
221870 0.000017
221880 0.000024
221890 -0.001729
221900 0.000013
221910 0.000006
221920 -0.000023
221930 0.000018
221940 -0.000009
221950 0.000005
221960 -0.001476
221970 0.000011
221980 0.000012
221990 0.000011
222000 -0.000162
222010 -0.000007
222020 0.000015
222030 0.000015
222040 0.000010
222050 -0.000011
222060 0.000012
222070 -0.000041
222080 -0.000002
222100 -0.000104
222110 -0.000027
222120 0.000006
222130 0.000011
222140 0.000006
222150 0.000010
222160 0.000324
222170 0.000583
222180 -0.000052
222190 -0.000047
222200 -0.001399
222210 -0.000001
222220 0.000016
222230 0.000006
222240 -0.000020
222250 -0.000062
222270 -0.000028
222280 0.000015
222290 0.000057
222300 0.000005
222310 0.000012
222320 0.000002
222330 0.000006
222340 -0.000032
222350 0.000008
222360 0.000011
222370 0.000012
222380 -0.000016
222390 -0.000011
222400 -0.000017
222410 0.000016
222420 0.000002
222430 0.000004
222440 0.000007
222450 -0.000024
222460 -0.001378
222470 0.000015
222480 0.000024
222510 0.000014
222520 0.000009
222530 -0.000015
222540 0.000005
222550 0.000006
222560 0.000010
222570 -0.000002
222580 0.000015
222590 0.000003
222600 -0.000003
222610 0.000014
222620 0.000005
222630 -0.000015
222640 -0.000031
222650 0.000008
222660 -0.001275
222670 0.000013
222680 0.000009
222700 0.000014
222710 0.000012
222720 0.000008
222730 0.000011
222740 0.000002
222750 -0.001296
222760 0.000005
222770 0.000023
222780 0.000010
222790 0.000014
222800 0.000008
222810 0.000017
222830 -0.000040
222840 -0.000053
222850 -0.000030
222860 0.000014
222870 0.000014
222880 -0.001388
222890 0.000026
222900 0.000018
222920 0.000018
222930 -0.000014
222940 0.000011
222960 0.000019
222970 0.000014
222980 0.000002
222990 0.000004
223000 -0.000002
223010 0.000008
223020 0.000005
223030 0.000018
223040 -0.000007
223050 0.000015
223060 0.000006
223070 -0.000033
223080 0.000009
223090 -0.000025
223100 0.000021
223110 0.000027
223120 0.000004
223130 0.000179
223140 -0.000020
223160 0.000009
223170 0.000018
223180 0.000005
223200 0.000004
223210 -0.000001
223220 -0.000002
223230 0.000006
223240 -0.000005
223250 -0.000023
223260 0.000007
223270 -0.000048
223280 0.000010
223290 0.000009
223300 -0.000023
223310 -0.000009
223320 -0.000007
223330 0.000011
223340 0.000027
223350 -0.001447
223360 0.000013
223370 0.000010
223380 -0.000060
223390 0.000012
223400 0.000007
223410 0.000024
223420 -0.000002
223430 0.000018
223440 0.000001
223450 -0.001448
223460 -0.000055
223470 -0.000018
223480 0.000007
223490 0.000010
223500 0.000006
223510 0.000003
223520 -0.000047
223530 0.000011
223540 0.000375
223550 0.000007
223560 0.000011
223570 0.000008
223580 0.000006
223590 -0.000023
223600 0.000008
223610 -0.000002
223620 -0.000003
223630 0.000270
223640 -0.000046
223650 0.000014
223660 -0.000021
223670 -0.001443
223680 -0.000029
223690 -0.000010
223700 0.000006
223710 0.000008
223720 -0.000007
223740 -0.000478
223750 0.000014
223760 0.000640
223770 0.000397
223780 -0.000030
223790 0.000041
223800 -0.000007
223810 -0.000018
223820 -0.000028
223830 -0.000012
223840 0.000008
223850 -0.000188
223860 -0.000037
223870 0.000008
223880 0.000009
223890 -0.000023
223900 -0.000023
223910 0.000003
223920 -0.000010
223930 0.000004
223940 -0.000009
223960 0.000006
223970 -0.000012
223980 0.000016
223990 -0.000080
224000 -0.000038
224020 0.000012
224030 -0.001557
224050 0.000081
224060 0.000003
224070 -0.000010
224080 -0.000007
224090 -0.000004
224100 0.000010
224110 -0.000015
224120 -0.000013
224130 0.000004
224140 -0.000026
224150 -0.000004
224160 -0.000007
224170 -0.000012
224180 0.000021
224190 -0.000071
224200 -0.000064
224210 0.000014
224220 0.000016
224230 0.000052
224240 0.000018
224250 -0.000051
224260 -0.000026
224270 -0.001426
224280 -0.000025
224300 0.000019
224310 -0.000004
224320 0.000008
224330 0.000017
224340 -0.000063
224350 0.000006
224360 -0.000015
224370 -0.000002
224380 -0.000012
224390 0.000004
224400 -0.001382
224410 0.000009
224420 -0.000003
224430 -0.000014
224440 -0.000029
224450 0.000026
224460 0.000013
224470 0.000006
224480 0.000005
224490 0.000011
224500 0.000007
224510 0.000014
224520 0.000011
224530 -0.000002
224540 -0.000005
224550 -0.001375
224570 0.000163
224580 0.000015
224590 -0.000004
224600 0.000015
224610 -0.000004
224620 0.000003
224630 -0.000052
224640 0.000017
224650 -0.000003
224660 0.000006
224670 -0.000015
224690 0.000006
224700 0.000112
224710 0.000002
224720 0.000012
224730 -0.000001
224740 -0.000017
224750 0.000014
224760 0.000024
224770 -0.000024
224780 -0.000024
224790 -0.000016
224800 0.000022
224820 0.000013
224830 0.000014
224840 0.000015
224850 -0.000023
224860 -0.000003
224870 -0.000032
224880 -0.000021
224890 0.000009
224900 0.000017
224910 -0.000021
224930 0.000005
224940 -0.000004
224950 -0.000001
224960 0.000012
224970 0.000006
224980 0.000014
224990 0.000009
225000 0.000016
225010 -0.000025
225020 -0.000030
225030 0.000016
225040 0.000012
225050 0.000021
225060 -0.000010
225070 -0.000011
225080 -0.000026
225090 0.000016
225100 0.000008
225110 0.000004
225120 0.000011
225130 0.000011
225140 0.000009
225150 0.000011
225160 0.000005
225170 0.000004
225180 0.000018
225190 0.000006
225200 -0.000043
225210 0.000003
225220 0.000006
225230 -0.000000
225240 0.000016
225250 0.000011
225260 0.000011
225270 0.000016
225280 0.000015
225290 -0.000034
225300 -0.000029
225310 -0.000013
225320 0.000009
225330 0.000006
225340 0.000011
225350 -0.000017
225360 -0.000004
225370 -0.000007
225380 -0.000035
225390 -0.000003
225400 0.000019
225410 -0.000023
225420 -0.000032
225430 -0.000095
225440 -0.001324
225450 -0.000010
225460 0.000009
225470 0.000016
225480 0.000000
225490 0.000028
225500 0.000021
225510 0.000011
225520 -0.000006
225530 0.000005
225540 -0.000000
225550 0.000003
225560 0.000012
225570 0.000006
225580 0.000006
225590 0.000006
225600 0.000008
225610 -0.000025
225620 0.000009
225630 0.000012
225640 -0.000027
225650 0.000024
225660 0.000024
225670 0.000007
225680 0.000237
225690 -0.000029
225700 0.000017
225710 0.000017
225720 -0.000067
225730 0.000009
225740 0.000663
225750 0.000012
225760 -0.000018
225770 0.000013
225780 0.000010
225790 0.000014
225800 0.000012
225810 0.000013
225820 0.000011
225830 -0.000018
225840 0.000010
225850 0.000023
225860 -0.001310
225870 -0.000027
225880 0.000019
225890 0.000019
225900 -0.000004
225910 0.000006
225920 0.000011
225930 -0.000010
225940 -0.000021
225950 0.000012
225960 0.000021
225990 0.000011
226000 0.000017
226010 0.000416
226020 0.000072
226030 0.000013
226040 -0.000021
226050 0.000016
226060 -0.000025
226070 -0.000036
226080 0.000014
226090 -0.000019
226100 -0.000001
226110 0.000006
226120 -0.000022
226130 0.000007
226140 -0.000024
226150 -0.000029
226160 -0.000024
226170 -0.000028
226180 0.000003
226190 0.000010
226200 -0.000002
226210 0.000013
226220 0.000022
226230 0.000089
226240 -0.000028
226250 -0.000031
226260 -0.000010
226270 0.000004
226280 -0.000000
226290 -0.000006
226300 0.000008
226310 0.000005
226320 -0.000034
226330 0.000013
226340 -0.000005
226350 0.000254
226360 -0.000031
226380 0.000011
226390 0.000005
226410 0.000008
226420 0.000011
226430 0.000001
226440 0.000014
226450 -0.000032
226460 0.000005
226470 0.000018
226480 0.000021
226490 0.000028
226500 0.000012
226510 0.000012
226520 -0.000006
226530 -0.000060
226540 0.000006
226550 -0.001083
226560 -0.000003
226570 0.000021
226580 -0.001490
226590 0.000023
226600 0.000014
226610 0.000007
226620 0.000011
226630 0.000007
226640 -0.000016
226650 0.000016
226660 0.000012
226670 -0.000004
226680 0.000004
226690 0.000008
226700 0.000012
226710 0.000004
226720 0.000012
226730 0.000004
226740 0.000004
226750 0.000016
226760 0.000022
226770 -0.000015
226780 0.000014
226790 -0.000012
226800 0.000007
226810 0.000011
226820 -0.000004
226840 -0.000004
226850 -0.000025
226860 0.000005
226870 -0.000033
226880 0.000013
226890 -0.000011
226910 0.000016
226920 0.000015
226930 -0.000031
226940 -0.000004
226950 -0.000008
226960 0.000009
226970 0.000004
226980 0.000001
226990 0.000001
227000 0.000012
227010 0.000013
227020 0.000014
227030 0.000012
227040 -0.000024
227050 0.000012
227060 0.000011
227070 0.000006
227080 -0.000016
227090 -0.000001
227100 -0.000011
227110 -0.000004
227120 -0.000015
227130 -0.000032
227140 0.000021
227150 0.000008
227160 0.000006
227180 -0.000020
227190 0.000003
227200 0.000023
227210 0.000010
227220 0.000020
227230 0.000014
227240 0.000019
227250 -0.000031
227260 -0.000023
227270 0.000015
227280 -0.001394
227290 -0.000002
227300 0.000019
227310 0.000037
227320 0.000007
227330 0.000001
227340 0.000005
227360 0.000009
227370 0.001047
227380 0.000010
227390 -0.000009
227400 -0.000034
227410 -0.000018
227420 0.000011
227430 -0.000006
227440 0.000014
227450 0.000002
227460 0.000013
227470 0.000002
227480 0.000011
227490 -0.000022
227500 -0.000009
227510 0.000005
227520 0.000018
227530 -0.000012
227540 0.000016
227550 -0.000005
227560 0.000017
227570 0.000009
227580 -0.000019
227590 0.000013
227600 0.000018
227610 0.000011
227620 0.000003
227630 -0.001075
227640 0.000012
227650 -0.000022
227660 0.000022
227670 0.000015
227680 -0.000021
227690 -0.000021
227700 0.000005
227710 0.000009
227720 -0.000054
227730 0.000004
227740 -0.000082
227750 0.000014
227760 0.000024
227770 -0.000005
227780 -0.000008
227790 -0.001355
227800 -0.000012
227810 0.000010
227820 0.000014
227830 -0.000000
227840 -0.000023
227850 0.000009
227860 0.000004
227870 0.000016
227880 -0.000060
227890 0.000007
227900 -0.001387
227910 -0.000006
227920 0.000015
227930 0.000019
227940 0.000021
227950 -0.000102
227960 0.000012
227970 0.000012
227990 0.000013
228000 -0.000008
228010 0.000007
228020 0.000012
228030 -0.000035
228040 -0.000058
228050 -0.000024
228060 0.000006
228070 -0.000001
228080 0.000012
228090 -0.000000
228100 0.000015
228110 -0.000025
228120 0.000020
228130 0.000012
228140 -0.000008
228150 0.000018
228160 0.000021
228170 0.000014
228180 0.000009
228190 0.000007
228200 -0.000004
228210 -0.000016
228220 -0.000004
228250 0.000001
228260 -0.001357
228270 -0.000007
228280 0.000001
228290 0.000003
228300 -0.000061
228310 -0.000022
228320 0.000008
228330 -0.000017
228340 -0.000024
228350 -0.000003
228360 -0.000015
228370 0.000017
228380 -0.000049
228390 0.000001
228400 0.000006
228410 -0.000028
228420 0.000006
228430 0.000007
228440 -0.000055
228460 -0.000005
228470 0.000010
228480 -0.000024
228490 -0.001485
228500 -0.000025
228520 0.000005
228530 0.000007
228540 0.000143
228550 0.000009
228560 0.000016
228570 -0.000043
228580 0.000009
228590 0.000006
228600 -0.000069
228610 -0.000005
228620 0.000008
228630 0.000012
228640 0.000020
228650 -0.000001
228660 -0.000017
228670 0.000019
228680 -0.000023
228690 0.000008
228710 0.000006
228720 0.000008
228730 -0.001425
228740 -0.000019
228750 0.000006
228760 0.000009
228770 0.000010
228780 -0.000005
228790 -0.000025
228800 -0.000015
228810 0.000013
228820 -0.000030
228830 -0.000005
228840 -0.000005
228850 0.000008
228860 0.000021
228880 0.000019
228890 0.000000
228900 -0.000018
228910 0.000023
228920 -0.000023
228930 0.000012
228940 0.000010
228950 -0.000007
228970 0.000005
228980 0.000016
228990 -0.000029
229000 -0.000003
229010 0.000010
229020 0.000013
229030 -0.000003
229050 -0.001254
229070 0.000017
229080 -0.000022
229090 0.000004
229100 -0.000022
229110 -0.000009
229120 0.000005
229130 0.000004
229140 0.000012
229150 -0.000002
229160 -0.000004
229170 0.000008
229180 -0.000002
229190 -0.000036
229200 -0.000000
229210 -0.000015
229220 0.000002
229230 0.000016
229240 0.000006
229250 0.000003
229260 0.000021
229270 0.000003
229280 0.000005
229290 -0.000003
229300 0.000007
229310 0.000003
229320 0.000003
229330 -0.000031
229340 -0.000139
229350 -0.000004
229360 0.000000
229370 0.000010
229380 0.000011
229390 0.000012
229400 0.000016
229410 0.000012
229420 -0.000012
229430 -0.000026
229440 0.000008
229450 0.000010
229460 0.000010
229470 0.000018
229480 -0.000011
229490 0.000010
229500 0.000006
229510 0.000028
229520 0.000011
229530 0.000008
229540 -0.000013
229550 -0.001296
229560 0.000012
229570 0.000017
229580 -0.000003
229590 -0.001199
229600 0.000016
229610 0.000011
229620 0.000014
229630 0.000006
229640 -0.000043
229650 0.000012
229660 -0.000026
229670 -0.000030
229680 0.000016
229690 -0.000014
229700 -0.000024
229710 -0.000027
229720 -0.000033
229730 0.000015
229740 0.000001
229750 0.000005
229760 0.000005
229770 0.000008
229780 0.000014
229790 0.000022
229800 -0.000025
229810 0.000014
229820 0.000012
229830 0.000012
229840 -0.000027
229850 0.000003
229860 0.000007
229870 0.000023
229880 -0.000003
229890 0.000017
229900 0.000004
229910 -0.000008
229920 0.000028
229930 0.000013
229940 -0.000017
229950 -0.000011
229960 0.000005
229970 -0.000002
229990 0.000008
230000 0.000008
230010 0.000015
230020 0.000004
230030 0.000018
230040 -0.000008
230050 0.000013
230070 -0.000003
230080 -0.000002
230090 -0.000028
230100 -0.000026
230110 -0.000016
230120 -0.001358
230130 -0.000028
230140 -0.000024
230150 -0.000007
230160 0.000017
230170 -0.000003
230180 0.000017
230190 0.000006
230200 0.000017
230210 0.000014
230230 -0.000005
230240 -0.000001
230250 -0.000027
230260 -0.000006
230270 -0.000021
230280 0.000006
230290 -0.001366
230300 0.000003
230310 0.000010
230320 0.000010
230330 0.000013
230340 0.000007
230350 0.000014
230360 -0.000000
230370 0.000008
230380 -0.000015
230390 0.000006
230400 -0.000009
230410 -0.000038
230420 -0.001363
230430 0.000011
230440 -0.001318
230450 0.000014
230460 0.000016
230470 -0.000023
230480 0.000006
230490 0.000005
230500 0.000014
230510 0.000009
230520 -0.001532
230530 -0.001424
230540 -0.000005
230550 0.000000
230560 0.000017
230570 -0.000000
230580 0.000008
230590 -0.000003
230600 0.000003
230610 0.000122
230620 -0.000023
230630 -0.000006
230640 0.000002
230660 0.000005
230670 -0.000013
230680 0.000035
230690 -0.000012
230700 0.000013
230710 -0.000619
230720 0.000017
230730 0.000006
230740 0.000001
230750 0.000013
230770 -0.000027
230790 -0.000006
230800 0.000017
230810 -0.000010
230820 -0.000025
230830 -0.000028
230840 0.000021
230850 0.000015
230860 -0.000042
230870 0.000020
230880 0.000023
230890 -0.000022
230900 0.000010
230910 -0.001268
230920 0.000010
230930 0.000010
230940 -0.000021
230950 -0.000030
230960 0.000018
230970 0.000006
230980 -0.000027
230990 0.000011
231000 -0.000003
231010 0.000011
231020 0.000019
231030 0.000010
231040 0.000012
231050 -0.001385
231080 0.000013
231090 0.000192
231110 0.000043
231120 -0.000017
231130 0.000010
231150 0.000015
231160 -0.000003
231170 0.000010
231180 -0.000021
231190 0.000010
231200 -0.000001
231210 -0.000024
231220 0.000007
231230 0.000019
231240 0.000002
231250 0.000009
231260 0.000017
231270 0.000023
231290 0.000008
231310 -0.000024
231320 -0.000024
231330 0.000002
231340 0.000132
231350 -0.000106
231360 0.000007
231380 0.000013
231390 0.000013
231400 -0.000000
231410 0.000011
231420 -0.000053
231430 0.000007
231440 -0.000031
231450 0.000003
231460 0.000016
231470 0.000013
231480 0.000012
231490 0.000012
231500 0.000009
231510 -0.000014
231520 -0.000053
231530 0.000008
231540 0.000012
231550 -0.000024
231560 -0.000019
231570 0.000018
231580 -0.001443
231590 0.000024
231600 0.000011
231610 0.000011
231620 -0.000026
231630 -0.000013
231640 -0.000023
231650 0.000006
231660 0.000003
231670 -0.000003
231680 0.000018
231690 0.000008
231700 -0.001294
231720 0.000003
231740 -0.000019
231750 0.000023
231760 -0.000027
231770 -0.001271
231780 0.000016
231790 0.000824
231800 0.000010
231820 0.000020
231830 0.000014
231840 -0.001381
231850 0.000000
231860 0.000011
231870 0.000014
231890 -0.000011
231900 0.000014
231910 -0.000020
231920 0.000006
231930 0.000013
231940 0.000008
231950 0.000008
231960 0.000025
231970 -0.000002
231980 -0.000036
231990 0.000016
232000 0.000011
232010 0.000012
232020 -0.000039
232030 -0.000027
232040 -0.001427
232050 0.000016
232060 0.000018
232070 -0.000012
232080 0.000008
232090 -0.000034
232100 0.001129
232110 0.000014
232120 -0.000010
232140 0.000002
232150 0.000011
232160 0.000014
232170 0.000003
232180 0.000006
232190 0.000017
232200 0.000011
232210 -0.000044
232220 -0.000002
232230 0.000005
232240 -0.000018
232250 0.000002
232260 0.000008
232270 0.000014
232280 0.000010
232290 0.000011
232300 0.000003
232310 -0.000001
232320 0.000021
232330 -0.000007
232340 0.000026
232350 0.000009
232370 0.000807
232380 -0.000025
232390 0.000007
232400 0.000022
232410 -0.000048
232420 -0.000028
232430 -0.000028
232440 0.000007
232450 0.000010
232460 0.000011
232470 0.000022
232480 0.000016
232500 0.000013
232510 0.000009
232520 -0.001370
232530 -0.000025
232550 0.000017
232560 -0.000002
232570 -0.000001
232580 -0.000008
232590 0.000004
232600 0.000008
232610 -0.000018
232620 0.000013
232630 0.000018
232640 0.000012
232650 -0.001766
232670 -0.000023
232680 0.000017
232690 0.000003
232700 0.000007
232710 0.000019
232720 -0.000009
232730 0.000004
232740 -0.000034
232750 -0.000009
232760 0.000018
232770 -0.001217
232780 -0.000004
232790 0.000019
232800 -0.001379
232810 0.000009
232820 0.000017
232830 0.000015
232840 0.000015
232850 -0.000023
232860 0.000003
232870 -0.000019
232880 0.000019
232890 -0.000016
232900 -0.000024
232910 -0.000005
232920 0.000004
232930 -0.000000
232940 0.000015
232950 -0.001341
232960 -0.001345
232970 -0.000010
232980 0.000194
232990 0.000004
233000 -0.000018
233010 -0.000033
233020 0.000012
233030 0.000012
233040 -0.001333
233060 0.000915
233070 0.000007
233080 0.000006
233090 0.000004
233100 -0.000060
233110 0.000013
233120 -0.000003
233140 0.000010
233150 0.000021
233160 0.000015
233170 -0.001342
233180 0.000014
233190 -0.001295
233200 0.000008
233210 0.000016
233220 -0.000024
233230 0.000133
233240 0.000005
233250 0.000008
233260 0.000014
233270 0.000013
233280 0.000004
233290 0.000004
233300 0.000007
233310 0.000007
233320 0.000011
233330 -0.000039
233340 -0.000025
233350 0.000032
233360 -0.000007
233370 -0.000006
233380 0.000015
233390 0.000045
233400 -0.000005
233410 0.000006
233420 -0.001314
233430 -0.000003
233440 0.000004
233450 0.000016
233460 0.000008
233470 0.000009
233480 0.000002
233490 0.000007
233500 0.000010
233510 0.000008
233520 0.000005
233530 0.000006
233560 0.000016
233570 -0.000005
233590 -0.000024
233600 -0.001340
233610 -0.000002
233620 -0.000003
233630 -0.000028
233640 0.000003
233650 0.000011
233660 -0.000019
233680 0.000009
233690 -0.000008
233700 0.000011
233710 -0.000032
233720 0.000014
233730 -0.000025
233740 0.000053
233750 -0.000016
233760 0.000013
233770 -0.000015
233780 -0.000030
233790 -0.000025
233810 -0.000036
233820 0.000010
233830 0.000006
233840 -0.000004
233850 0.000006
233860 0.000029
233870 -0.000001
233880 0.000013
233890 -0.000019
233900 0.000013
233910 -0.000630
233920 0.000006
233930 0.000012
233940 -0.000011
233950 0.000007
233960 0.000019
233970 -0.001419
233980 -0.000022
233990 -0.000006
234000 0.000065
234010 -0.001306
234020 0.000022
234030 -0.000017
234040 -0.000005
234050 -0.000005
234060 0.000010
234070 0.000015
234080 -0.000022
234090 0.000018
234100 0.000005
234110 0.000014
234120 0.000023
234130 0.000018
234140 0.000019
234150 0.000005
234160 0.000010
234170 0.000004
234180 0.000029
234190 -0.000001
234200 0.000015
234210 -0.001255
234220 0.000012
234230 0.000009
234240 0.000020
234250 0.000010
234260 0.000019
234270 0.000017
234280 0.000008
234290 -0.001364
234300 -0.001325
234310 -0.000029
234320 -0.000054
234330 0.000006
234340 0.000010
234350 -0.000017
234360 -0.001214
234370 -0.001541
234380 0.000008
234390 0.000012
234400 0.000007
234410 0.000021
234420 -0.000005
234440 -0.000029
234450 -0.000017
234460 0.000006
234470 0.000015
234480 0.000005
234490 0.000012
234500 0.000019
234520 -0.001419
234530 0.000015
234540 -0.000006
234550 0.000013
234560 -0.000004
234570 0.000011
234580 0.000693
234590 -0.000010
234600 -0.000028
234610 -0.000016
234620 -0.000024
234630 0.000009
234640 -0.000027
234650 0.000011
234660 -0.000022
234670 0.000009
234690 0.000009
234700 -0.000001
234710 -0.000014
234720 -0.001367
234730 0.000003
234740 -0.001281
234750 0.000010
234760 0.000008
234770 0.000009
234780 -0.000021
234790 0.000003
234800 -0.001300
234810 0.000006
234820 0.000001
234830 0.000005
234840 0.000001
234850 0.000010
234860 0.000012
234870 -0.000087
234880 0.000016
234890 -0.000025
234900 -0.001512
234910 -0.000029
234920 -0.000037
234930 -0.000004
234940 -0.001687
234950 0.000010
234960 0.000013
234970 -0.000008
234980 -0.000015
234990 -0.000026
235000 0.000011
235010 0.000009
235020 -0.000003
235030 -0.000029
235040 -0.000033
235050 -0.000024
235060 -0.000014
235070 0.000010
235090 0.000008
235100 0.000013
235110 0.000005
235120 -0.000001
235130 -0.000039
235140 0.000015
235150 0.000014
235160 0.000015
235170 -0.000002
235180 0.000002
235190 -0.000011
235200 0.000018
235210 0.000066
235220 -0.001486
235230 0.000013
235240 -0.000005
235250 -0.001343
235260 0.000014
235270 -0.000023
235280 0.000001
235290 0.000005
235310 0.000240
235320 0.000009
235330 -0.000024
235340 -0.000002
235350 -0.000005
235360 -0.000045
235370 -0.000005
235380 -0.000065
235390 0.000005
235400 0.000010
235410 0.000010
235420 -0.000169
235430 -0.000021
235440 -0.001631
235450 0.000010
235460 0.000001
235470 0.000010
235480 0.000009
235490 -0.001394
235500 0.000012
235510 0.000004
235520 0.000020
235530 -0.000062
235540 -0.000024
235550 0.000016
235560 0.000008
235570 -0.000019
235580 -0.000003
235590 -0.000021
235600 0.000008
235610 -0.001322
235620 -0.000011
235630 -0.000022
235640 0.000006
235650 0.000021
235660 0.000022
235670 0.000013
235680 -0.000040
235690 0.000025
235700 0.000009
235710 0.000011
235720 0.000015
235730 0.000013
235740 -0.000052
235750 -0.000008
235760 0.000011
235770 0.000009
235780 0.000013
235790 0.000013
235800 0.000012
235810 -0.000013
235820 0.000013
235830 0.000005
235840 0.000000
235850 -0.001304
235860 0.000008
235870 0.000019
235880 0.000002
235890 0.000018
235900 -0.000015
235910 -0.000044
235920 0.000012
235930 0.000010
235940 0.000008
235950 -0.000027
235960 -0.000003
235970 0.000008
235980 -0.001312
235990 0.000011
236000 -0.000028
236010 0.000008
236020 0.000003
236030 0.000000
236040 -0.000005
236050 0.000000
236060 0.000008
236070 -0.000018
236080 0.000004
236090 -0.000016
236100 -0.000013
236110 -0.001357
236120 0.000010
236130 0.000010
236140 -0.000012
236150 -0.000008
236160 0.000013
236170 0.000007
236180 0.000021
236190 0.000007
236200 0.000002
236210 0.000008
236220 0.000005
236230 -0.001371
236240 0.000013
236250 0.000016
236260 -0.000025
236270 0.000013
236280 0.000016
236290 0.000013
236300 0.000009
236310 0.000000
236320 -0.000028
236330 -0.000007
236340 0.000006
236350 0.000009
236370 0.000012
236380 0.000018
236390 0.000009
236400 0.000018
236410 -0.000032
236420 -0.000035
236430 0.000010
236440 0.000010
236450 -0.000008
236460 0.000001
236470 0.000054
236480 0.000008
236490 0.000022
236500 -0.000004
236510 -0.000027
236520 -0.000025
236530 -0.000027
236540 -0.000016
236550 -0.000042
236560 -0.000044
236570 0.000014
236580 0.000009
236590 -0.001243
236600 -0.000004
236610 -0.000023
236620 -0.000027
236640 0.000007
236650 -0.001284
236660 -0.000064
236670 0.000017
236680 0.000003
236690 -0.000056
236700 0.000009
236710 0.000020
236720 0.000016
236730 -0.000002
236740 0.000016
236750 0.000190
236760 -0.000025
236770 0.000014
236780 0.000015
236790 0.000015
236800 -0.001205
236810 -0.000009
236830 -0.000028
236840 0.000011
236850 0.000732
236860 -0.001344
236870 -0.000029
236880 0.000006
236890 0.000026
236900 0.000030
236910 0.000008
236930 -0.001325
236940 -0.001294
236950 -0.001283
236960 0.000014
236970 0.000023
236980 -0.000018
236990 0.000008
237000 0.000006
237010 -0.000017
237020 0.000001
237030 -0.000008
237040 0.000013
237050 0.000017
237060 0.000010
237070 0.000020
237090 0.000014
237100 0.000006
237110 -0.000083
237120 -0.000027
237130 0.000003
237140 -0.000001
237150 0.000016
237160 -0.000008
237170 0.000020
237180 -0.000004
237190 0.000015
237200 0.000002
237210 0.000020
237220 0.000014
237230 -0.000052
237240 -0.000016
237250 -0.001290
237260 0.000009
237270 0.000004
237280 -0.000032
237290 0.000015
237300 0.000008
237310 -0.000026
237320 0.000003
237330 0.000010
237340 -0.000034
237360 0.000013
237370 -0.000007
237380 -0.000021
237390 0.000010
237400 0.000022
237410 0.000013
237420 -0.001353
237430 0.000012
237440 -0.001263
237460 -0.000042
237470 -0.000019
237480 0.000001
237490 -0.000005
237500 0.000014
237510 0.000013
237520 0.000011
237530 -0.000049
237540 0.000010
237550 0.000017
237560 -0.000017
237570 0.000017
237580 -0.000023
237590 0.000019
237600 -0.000004
237610 0.000018
237620 0.000006
237630 0.000011
237640 0.000011
237650 0.000020
237660 0.000014
237670 -0.000009
237680 0.000005
237690 0.000012
237700 0.000014
237710 0.000011
237720 0.000010
237730 -0.000029
237740 0.000013
237750 0.000004
237760 -0.000028
237770 0.000007
237780 -0.000173
237790 0.000016
237800 -0.000004
237810 -0.000005
237820 -0.000100
237830 0.000005
237850 0.000013
237860 0.000014
237870 -0.000019
237890 0.000001
237900 -0.000008
237910 0.000014
237920 0.000004
237930 0.000006
237940 0.000020
237950 -0.000023
237960 0.000010
237970 0.000015
237980 -0.000002
237990 0.000001
238000 0.000012
238010 0.000006
238020 0.000013
238030 -0.000016
238040 0.000007
238050 0.000023
238060 0.000011
238070 0.000042
238080 0.000026
238090 -0.001347
238100 0.000018
238110 0.000012
238120 0.000002
238130 0.000006
238140 0.000021
238150 -0.000025
238160 -0.000005
238170 -0.000011
238180 0.000021
238190 0.000023
238200 0.000005
238210 0.000007
238220 0.000014
238230 -0.000002
238240 0.000015
238250 0.000006
238260 0.000040
238270 -0.000031
238290 0.000018
238300 -0.000022
238310 0.000758
238320 0.000010
238330 -0.000034
238340 -0.000014
238350 -0.000002
238360 -0.000021
238370 -0.000020
238380 -0.000012
238390 0.000005
238400 0.000013
238410 -0.000035
238420 0.000005
238440 0.000000
238450 0.000031
238460 0.000018
238470 -0.000020
238480 -0.000049
238490 0.000004
238500 0.000018
238520 -0.001494
238530 -0.000026
238540 0.000014
238550 -0.000008
238560 0.000016
238570 0.000016
238580 -0.000020
238590 0.000015
238600 0.000009
238610 0.000010
238620 -0.000014
238640 -0.000006
238650 0.000008
238660 0.000006
238670 -0.000013
238680 0.000015
238700 0.000014
238710 0.000014
238720 0.000011
238730 0.000011
238740 0.000033
238750 -0.000006
238760 0.000004
238770 0.000013
238780 0.000012
238790 0.000021
238800 -0.000000
238810 -0.001434
238820 -0.000021
238840 0.000005
238850 -0.000004
238860 0.000005
238870 -0.000004
238880 -0.000026
238890 0.000014
238900 0.000014
238910 0.000009
238920 0.000013
238930 -0.000010
238940 0.000012
238950 -0.000030
238960 -0.000106
238970 0.000009
238980 0.000010
238990 0.000018
239000 -0.000022
239010 -0.000021
239020 -0.000021
239030 -0.000024
239050 0.000010
239060 0.000006
239070 0.000015
239080 0.000015
239090 0.000009
239100 -0.000239
239110 -0.000019
239120 0.000012
239130 -0.000177
239140 0.000008
239150 -0.000074
239160 0.000009
239170 -0.000003
239180 0.000008
239200 0.000017
239210 0.000009
239220 0.000014
239230 0.000013
239250 0.000008
239260 0.000011
239270 0.000013
239280 -0.000019
239290 0.000013
239300 -0.000027
239310 0.000004
239320 0.000013
239330 0.000008
239340 0.000011
239350 -0.001250
239360 -0.000017
239370 0.000010
239390 0.000015
239400 -0.000025
239410 0.000014
239420 -0.000059
239430 0.000003
239440 0.000018
239450 0.000021
239460 -0.000023
239470 -0.000021
239480 -0.000003
239490 -0.000004
239500 0.000009
239510 -0.001241
239520 0.000013
239530 0.000015
239540 -0.000019
239560 -0.000012
239570 0.000015
239580 -0.000007
239590 -0.000006
239610 0.000007
239620 -0.001306
239630 0.000015
239640 0.000010
239650 -0.000027
239660 0.000009
239680 -0.000027
239690 -0.000002
239700 -0.000007
239710 -0.000799
239720 0.000017
239730 0.000012
239740 0.000004
239750 0.000017
239760 0.000007
239770 0.000022
239780 -0.000035
239790 -0.000064
239800 0.000021
239810 -0.000005
239820 0.000016
239830 0.000037
239840 0.000008
239850 0.000002
239860 0.000002
239870 -0.000023
239880 0.000002
239890 0.000011
239900 -0.000015
239910 0.000013
239920 0.000014
239930 0.000002
239940 -0.000070
239950 0.000002
239960 0.000005
239970 -0.000024
239990 -0.000005
240000 -0.000003
240010 0.000008
240020 0.000015
240030 -0.000024
240040 -0.000025
240050 0.000020
240060 -0.000003
240070 -0.000020
240080 0.000005
240090 0.000008
240100 -0.000000
240110 0.000005
240120 -0.000019
240130 -0.001271
240140 -0.000002
240150 -0.000016
240160 0.000004
240170 0.000011
240180 -0.000048
240190 0.000025
240200 -0.000002
240210 0.000003
240220 0.000010
240230 -0.000032
240240 0.000023
240250 -0.000027
240260 0.000007
240270 0.000005
240280 0.000015
240290 0.000010
240300 0.000008
240310 -0.000044
240320 0.000007
240330 -0.001354
240340 0.000015
240350 0.000015
240360 0.000012
240370 -0.001249
240380 0.000013
240390 0.000004
240400 -0.001283
240410 0.000011
240420 0.000007
240430 -0.000012
240440 -0.000013
240450 -0.000012
240460 0.000004
240470 0.000001
240480 -0.000009
240490 0.000017
240500 0.000014
240510 0.000010
240520 0.000002
240530 -0.000024
240540 -0.000054
240550 0.000017
240560 -0.000013
240570 -0.000017
240580 0.000013
240590 0.000011
240610 0.000000
240620 -0.000016
240630 -0.000023
240640 -0.000055
240650 0.000021
240660 -0.000384
240670 -0.000044
240680 0.000012
240700 0.000020
240710 0.000001
240720 -0.000000
240730 0.000020
240740 0.000002
240750 -0.000006
240760 0.000007
240770 0.000020
240780 0.000012
240790 0.000006
240800 -0.000020
240810 0.000021
240820 0.000014
240830 0.000008
240840 -0.001188
240850 -0.000001
240860 -0.001248
240870 0.000002
240880 0.000001
240890 0.000016
240900 0.000012
240910 -0.000026
240920 0.000004
240930 0.000006
240940 -0.000021
240950 0.000012
240960 0.000010
240970 0.000002
240990 0.000013
241000 -0.000002
241010 0.000019
241020 0.000006
241030 -0.000013
241040 -0.001258
241050 0.000006
241060 -0.000018
241070 0.000003
241080 0.000003
241090 0.000018
241100 -0.000046
241110 0.000010
241120 -0.000071
241140 -0.000006
241150 0.000013
241160 -0.000017
241170 0.000018
241180 0.000016
241190 -0.000007
241200 -0.000006
241210 0.000027
241220 0.000002
241230 -0.000002
241240 -0.000023
241250 -0.000030
241260 0.000007
241270 -0.001208
241280 0.000003
241290 0.000019
241300 -0.000013
241310 0.000009
241320 0.000014
241330 -0.000011
241340 0.000024
241350 0.000015
241360 -0.000019
241370 0.000015
241380 0.000025
241390 -0.001324
241400 -0.000020
241410 -0.000062
241420 -0.000003
241430 0.000007
241440 -0.000044
241450 0.000005
241460 0.000002
241470 -0.000021
241490 -0.000003
241510 0.000006
241520 0.000010
241540 0.000013
241550 -0.000073
241560 0.000009
241570 -0.000022
241580 0.000019
241590 -0.001282
241600 0.000004
241610 0.000012
241620 -0.001372
241630 0.000005
241640 0.000022
241650 0.000019
241660 0.000012
241670 0.000012
241680 0.000018
241690 -0.001269
241700 0.000016
241710 0.000013
241720 0.000024
241730 0.000015
241740 -0.000034
241760 -0.000004
241770 -0.000033
241780 0.000009
241800 0.000010
241810 0.000001
241820 0.000012
241830 0.000016
241850 0.000007
241860 0.000011
241870 -0.000005
241880 -0.000029
241890 0.000010
241900 0.000011
241910 -0.000022
241920 0.000011
241930 0.000009
241940 0.000013
241950 0.000008
241960 -0.000022
241970 0.000027
241980 0.000011
241990 0.000003
242000 0.000023
242010 0.000001
242020 -0.000098
242030 0.000000
242040 -0.000031
242050 -0.000017
242060 0.000009
242070 -0.000026
242080 0.000012
242090 -0.000010
242100 -0.000026
242110 0.000011
242120 -0.001252
242130 0.000008
242140 0.000011
242150 0.000227
242160 0.000010
242170 0.000012
242180 0.000022
242190 -0.000013
242200 0.000010
242210 -0.001327
242220 -0.000018
242230 0.000011
242240 0.000008
242250 0.000018
242260 0.000053
242270 0.000019
242280 -0.000017
242290 0.000013
242300 0.000013
242310 0.000008
242320 -0.000031
242330 0.000012
242340 0.000010
242350 0.000015
242360 0.000005
242370 0.000012
242380 -0.000059
242390 -0.000014
242400 0.000011
242410 0.000008
242420 0.000012
242430 -0.001308
242440 -0.000031
242450 -0.000007
242460 0.000017
242470 0.000008
242480 0.000005
242490 0.000015
242500 0.000004
242510 -0.000030
242520 0.000005
242530 0.000008
242540 0.000001
242550 0.000009
242560 -0.000010
242570 0.000016
242580 0.000009
242590 0.000039
242600 0.000005
242610 0.000000
242620 0.000001
242630 0.000012
242640 -0.000110
242650 -0.000024
242660 -0.000059
242670 -0.000074
242680 0.000002
242690 0.000001
242700 0.000006
242710 0.000026
242720 -0.000027
242730 0.000011
242740 0.000000
242750 0.000015
242760 0.000015
242780 0.000015
242790 -0.000022
242800 0.000058
242810 0.000052
242820 0.000014
242830 -0.000059
242840 0.000019
242850 0.000001
242860 -0.000034
242870 -0.000029
242880 -0.000028
242900 -0.000036
242910 -0.000013
242920 -0.001288
242930 -0.000002
242940 -0.000044
242950 -0.000009
242960 0.000010
242970 0.000007
242980 0.000015
242990 0.000000
243010 0.000059
243020 -0.000021
243030 0.000150
243040 0.000006
243050 -0.000028
243060 0.000023
243070 -0.000029
243080 0.000011
243090 0.000012
243100 -0.001200
243110 -0.000002
243120 -0.000028
243130 -0.000006
243140 0.000012
243150 0.000008
243160 -0.000013
243170 -0.000002
243180 -0.001400
243190 0.000009
243200 0.000005
243210 -0.000025
243220 0.000014
243230 0.000011
243240 0.000869
243250 -0.000012
243260 -0.000015
243270 -0.001242
243280 0.000238
243290 0.000012
243300 0.000008
243310 -0.001264
243320 -0.000026
243330 -0.000024
243340 -0.000032
243350 0.000014
243360 -0.000030
243370 0.000005
243380 0.000015
243390 0.000011
243400 -0.000019
243410 -0.000022
243420 -0.000040
243430 0.000011
243450 -0.001328
243460 -0.000003
243470 -0.000007
243480 0.000011
243490 0.000012
243500 -0.000496
243510 0.000003
243520 0.000018
243530 0.000004
243540 0.000986
243550 0.000013
243560 0.000010
243570 0.000855
243580 0.000027
243590 -0.000030
243600 0.000010
243610 -0.000071
243620 0.000009
243630 0.000000
243640 0.000011
243650 0.000003
243660 0.000024
243670 -0.000040
243680 0.000019
243690 0.000015
243700 0.000018
243710 -0.000002
243720 0.000030
243730 0.000006
243740 0.000014
243750 0.000021
243760 0.000004
243770 -0.000133
243780 0.000010
243790 0.000000
243800 0.000005
243810 0.000008
243820 0.000015
243840 -0.000004
243850 -0.000006
243870 -0.000019
243880 -0.000024
243890 0.000014
243900 -0.000073
243910 0.000007
243920 0.000029
243930 -0.000015
243950 0.000012
243960 -0.000025
243970 -0.000020
243980 0.000014
243990 0.000008
244000 0.000011
244010 -0.000069
244020 -0.000034
244030 0.000022
244040 -0.000027
244050 0.000004
244060 0.000011
244070 0.000002
244080 -0.000030
244090 -0.000025
244100 0.000009
244110 -0.000008
244120 0.000014
244130 -0.000004
244140 0.000008
244150 0.000022
244160 -0.000028
244170 0.000014
244180 -0.000024
244190 0.000005
244200 0.000021
244210 -0.000032
244220 0.000014
244230 -0.000015
244240 0.000009
244250 -0.000008
244260 0.000016
244280 -0.000001
244290 0.000001
244300 -0.001649
244310 0.000004
244320 0.000003
244330 0.000013
244340 0.000004
244350 0.000003
244360 0.000002
244370 0.000006
244380 0.000027
244390 -0.001406
244400 0.000005
244420 -0.001513
244430 -0.000004
244440 -0.000036
244450 -0.000009
244460 0.000018
244470 0.000012
244480 0.000006
244490 0.000015
244500 0.000007
244510 0.000008
244520 -0.000018
244530 -0.000016
244540 0.000008
244550 -0.000028
244560 -0.000003
244570 -0.000033
244580 0.000010
244590 0.000006
244600 -0.000029
244610 -0.000005
244620 -0.000003
244630 -0.000005
244640 0.000022
244650 -0.000009
244660 -0.001383
244670 0.000014
244680 0.000023
244690 -0.001256
244700 -0.000003
244710 0.000017
244720 0.000015
244730 0.000013
244740 0.000013
244750 -0.000032
244770 0.000013
244780 0.000015
244790 -0.000562
244800 0.000010
244810 0.000009
244820 0.000010
244830 -0.000000
244840 -0.000010
244850 -0.000024
244860 0.000008
244870 -0.000898
244880 0.000011
244890 0.000022
244900 -0.000023
244910 0.000005
244920 -0.001328
244930 -0.000006
244940 0.000014
244950 -0.000021
244960 0.000026
244970 0.000011
244980 0.000008
244990 0.000014
245010 0.000015
245020 0.000008
245030 -0.000025
245040 0.000005
245050 0.000011
245060 0.000007
245070 0.000003
245100 0.000010
245110 -0.000006
245120 -0.000020
245140 -0.000012
245150 0.000004
245160 0.000016
245170 -0.000021
245180 0.000015
245190 -0.000017
245200 0.000012
245220 0.000002
245230 0.000017
245240 -0.000007
245250 0.000010
245260 -0.000034
245270 0.000002
245280 0.000002
245290 -0.000026
245300 0.000012
245310 0.000004
245320 0.000014
245330 0.000008
245340 -0.000025
245350 0.000014
245360 0.000007
245370 -0.000023
245380 -0.000002
245390 0.000019
245400 0.000018
245410 -0.000023
245420 -0.000004
245430 0.000009
245440 -0.000047
245450 0.000010
245460 -0.000024
245470 -0.000025
245480 -0.000036
245490 -0.000011
245500 0.000013
245510 -0.000032
245520 0.000013
245530 0.000012
245540 0.000010
245550 -0.000022
245560 -0.001321
245570 -0.000012
245580 0.000008
245590 0.000016
245600 0.000012
245610 0.000018
245620 -0.000025
245630 0.000017
245650 0.000012
245660 0.000017
245670 0.000004
245680 0.000005
245690 -0.000012
245700 -0.000001
245710 -0.000035
245720 0.000011
245740 -0.001355
245750 -0.000029
245760 -0.000020
245770 0.000010
245780 -0.000000
245800 0.000013
245810 -0.000025
245820 0.000011
245830 0.000004
245840 -0.000014
245850 0.000023
245860 0.000013
245870 -0.000030
245880 -0.000004
245890 -0.000010
245900 0.000019
245910 -0.000022
245920 0.000013
245930 0.000002
245940 0.000004
245950 0.000004
245960 -0.000025
245970 -0.000029
245980 -0.000006
245990 -0.000028
246000 -0.000028
246010 0.000017
246020 0.000004
246030 0.000011
246040 0.000003
246050 -0.000031
246070 -0.000017
246080 -0.000026
246090 -0.000015
246100 -0.000010
246110 0.000006
246120 -0.000003
246130 -0.000077
246140 0.000005
246150 0.000022
246160 -0.000007
246170 -0.000002
246180 -0.000003
246190 -0.001306
246200 -0.000018
246210 0.000015
246220 0.000007
246240 0.000002
246250 0.000011
246270 -0.000054
246280 -0.000011
246290 0.000002
246300 -0.000043
246310 0.000011
246320 -0.000004
246330 0.000015
246340 -0.000011
246350 0.000014
246360 -0.000279
246370 0.000019
246380 0.000017
246390 0.000019
246400 0.000003
246410 -0.001263
246420 0.000020
246430 0.000013
246440 0.000022
246450 -0.000004
246460 -0.000023
246470 0.000008
246490 0.000007
246500 -0.000022
246510 0.000012
246520 0.000009
246540 0.000021
246550 0.000007
246560 0.000011
246570 0.000016
246580 0.000012
246590 -0.000000
246600 -0.000015
246610 0.000015
246620 -0.001339
246630 0.000025
246640 0.000012
246650 0.000012
246660 -0.001202
246670 0.000004
246680 0.000013
246690 0.000014
246700 -0.000038
246710 -0.000033
246720 0.000017
246730 -0.000006
246740 0.000004
246750 -0.000020
246760 0.000016
246770 0.000010
246780 0.000008
246790 0.000012
246800 -0.001312
246810 -0.000002
246820 0.000021
246830 0.000007
246840 0.000010
246850 0.000109
246860 0.000006
246870 -0.000019
246880 0.000005
246900 0.000929
246920 0.000015
246930 0.000011
246940 -0.000017
246950 0.000025
246960 0.000027
246970 0.000006
246980 0.000012
246990 -0.000075
247000 0.000010
247010 0.000016
247020 0.000007
247030 0.000015
247040 0.000008
247050 0.000042
247060 0.000012
247070 0.000003
247080 0.000005
247090 0.000013
247100 -0.000006
247110 -0.000025
247120 0.000011
247130 0.000004
247140 0.000011
247150 0.000007
247160 0.000012
247170 0.000014
247180 0.000011
247200 0.000010
247210 -0.000005
247220 0.000010
247230 0.000011
247240 0.000011
247250 -0.000031
247260 0.000002
247270 -0.000001
247280 -0.000035
247290 -0.000004
247300 -0.000015
247310 -0.000024
247320 0.000019
247330 -0.000027
247340 0.000001
247350 0.000004
247360 -0.000074
247370 0.000002
247380 0.000017
247390 0.001980
247400 -0.000022
247410 0.000018
247420 0.000007
247430 0.000012
247440 -0.000026
247450 0.000010
247460 0.000011
247470 0.000001
247480 0.000006
247500 -0.000116
247510 -0.000038
247520 0.000014
247530 0.000010
247540 0.000014
247550 -0.001435
247560 0.000013
247570 0.000013
247580 -0.000003
247590 0.000009
247600 0.000024
247610 -0.000032
247620 0.000012
247630 -0.000028
247640 0.000033
247650 0.000026
247660 0.000007
247670 0.000005
247680 0.000026
247690 0.000011
247700 -0.000009
247710 -0.000024
247720 -0.000016
247730 -0.000010
247740 -0.000001
247750 -0.000468
247760 0.000012
247770 0.000007
247780 0.000013
247790 0.000009
247800 0.000092
247810 0.000023
247820 -0.000004
247830 0.000010
247840 -0.000009
247850 0.000013
247860 0.000022
247870 -0.000004
247880 0.000013
247890 0.000013
247900 -0.000001
247910 0.000007
247920 0.000006
247930 -0.001281
247940 0.000020
247950 0.000081
247960 0.000023
247970 -0.000022
247980 -0.000057
247990 -0.000025
248000 -0.000012
248020 0.000003
248030 -0.000032
248050 -0.000030
248060 0.000006
248070 -0.000032
248090 0.000021
248100 -0.001269
248110 0.000014
248120 0.000010
248130 -0.000016
248140 -0.000013
248160 0.000005
248170 0.000010
248180 -0.001283
248190 -0.000018
248200 0.000009
248210 0.000009
248220 0.000014
248230 -0.001396
248240 0.000018
248250 -0.000001
248260 0.000006
248270 -0.000011
248280 -0.000000
248290 -0.000002
248300 -0.000039
248310 0.000016
248320 -0.000017
248330 0.000014
248340 -0.001481
248350 -0.000026
248360 -0.000016
248370 -0.000099
248380 0.000016
248390 0.000036
248400 -0.000100
248410 0.000015
248420 0.000007
248430 -0.000016
248440 -0.000000
248450 -0.000035
248460 -0.000035
248470 -0.000010
248480 -0.000002
248490 0.000012
248500 0.000008
248510 0.000013
248520 0.000010
248540 -0.000001
248550 0.000003
248560 -0.000003
248570 0.000001
248580 0.000004
248590 0.000011
248600 -0.001024
248610 -0.000035
248620 0.000014
248630 0.000014
248640 0.000004
248650 0.000018
248660 0.000005
248670 0.000012
248680 -0.000012
248690 0.000628
248700 -0.000029
248710 -0.001126
248730 0.000018
248740 0.000001
248750 0.000013
248760 0.000009
248770 0.000005
248780 0.000003
248790 0.000018
248800 0.000048
248810 -0.001128
248820 0.000015
248830 0.000012
248840 -0.000022
248850 0.000006
248860 -0.000024
248870 -0.000013
248880 -0.001203
248890 -0.001225
248900 -0.000025
248910 -0.000020
248920 -0.001207
248930 0.000008
248940 -0.000032
248950 0.000006
248960 0.000015
248970 0.000014
248980 0.000010
248990 -0.000025
249000 0.000018
249020 0.000011
249030 0.000019
249040 0.000011
249050 0.000011
249060 0.000012
249070 0.000014
249080 0.000013
249090 -0.001263
249100 0.000020
249110 0.000008
249120 -0.000000
249130 0.000043
249140 0.000004
249150 0.000018
249160 0.000010
249180 -0.001087
249190 -0.000008
249200 -0.000025
249210 -0.000023
249220 0.000020
249230 -0.000025
249240 -0.000017
249250 -0.000078
249260 0.000002
249270 -0.001293
249280 -0.000024
249290 0.000015
249300 -0.000002
249310 0.000020
249330 -0.000012
249340 -0.001296
249350 0.000016
249360 -0.001140
249370 0.000019
249380 0.000012
249390 -0.000028
249400 0.000017
249410 0.000013
249420 0.000009
249430 0.000015
249440 0.000016
249450 -0.000024
249460 0.000008
249470 -0.001347
249480 0.000013
249490 0.000011
249500 0.000026
249510 0.000004
249520 0.000015
249530 -0.000025
249540 0.000005
249550 0.000008
249560 -0.000005
249570 0.000011
249580 -0.001248
249590 -0.000010
249600 0.000007
249610 0.000018
249620 -0.000002
249640 0.000003
249650 0.000010
249660 -0.000017
249670 -0.000027
249680 0.000016
249690 0.000017
249700 -0.000003
249710 0.000001
249720 0.000017
249730 0.000010
249740 -0.000026
249750 0.000018
249760 0.000012
249770 -0.000024
249780 -0.000052
249790 0.000010
249800 0.000015
249810 0.000024
249820 0.000019
249840 -0.000019
249850 -0.000015
249860 0.000025
249870 -0.000002
249880 0.000008
249890 0.000020
249900 0.000013
249910 0.000003
249920 -0.000030
249930 -0.000029
249940 0.000015
249950 0.000020
249960 0.000016
249970 0.000010
249980 -0.000022
249990 -0.000003
250000 -0.000002
250010 0.000017
250020 0.000010
250030 0.000012
250040 -0.000005
250050 -0.000016
250060 -0.000031
250070 0.000003
250080 0.000010
250090 -0.000076
250110 0.000002
250120 -0.000008
250130 0.000007
250140 0.000002
250150 -0.000024
250160 0.000006
250170 -0.000026
250180 -0.000004
250190 0.000005
250200 -0.000040
250210 0.000489
250220 -0.000013
250230 0.000009
250240 -0.000009
250250 0.000011
250260 0.000009
250270 0.000007
250280 -0.001143
250290 -0.000017
250300 0.000003
250310 -0.000024
250320 -0.000005
250330 -0.001279
250340 -0.000029
250350 -0.001174
250360 -0.000003
250370 0.000007
250380 0.000010
250390 0.000015
250400 -0.000017
250410 0.000000
250430 0.000015
250450 0.000005
250460 0.000012
250470 0.000007
250480 -0.000008
250490 0.000011
250510 0.000024
250520 -0.000005
250540 0.000012
250550 -0.000008
250560 -0.000023
250570 -0.000100
250580 0.000011
250590 -0.000027
250600 -0.001306
250610 -0.000032
250620 0.000005
250630 0.000002
250640 0.000017
250660 -0.000025
250670 -0.000030
250680 -0.000047
250690 0.000049
250700 0.000014
250710 -0.000004
250720 -0.000016
250730 0.000015
250740 0.000008
250750 -0.000031
250760 0.000012
250770 0.000003
250780 -0.000007
250790 -0.000012
250800 0.000007
250810 0.000004
250820 -0.000033
250830 0.000009
250840 0.000003
250860 -0.000003
250870 -0.001318
250880 -0.000006
250890 0.000009
250900 -0.000023
250910 0.000007
250920 -0.000001
250930 -0.000016
250940 -0.000032
250950 0.000011
250960 0.000001
250970 -0.001246
250980 -0.000017
250990 0.000005
251000 -0.000019
251020 0.000011
251030 0.000009
251040 0.000009
251050 0.000015
251060 0.000008
251070 0.000014
251080 -0.000033
251090 -0.000087
251100 0.000006
251110 0.000724
251120 -0.000010
251140 -0.000001
251150 0.000020
251160 0.000014
251170 -0.000025
251180 0.000014
251190 0.000006
251200 -0.000042
251210 0.000004
251220 0.000004
251230 0.000006
251240 0.000003
251250 0.000018
251260 0.000005
251270 0.000013
251280 -0.000023
251290 -0.001247
251300 -0.000071
251310 0.000016
251320 0.000007
251330 -0.000001
251340 0.000013
251350 0.000001
251360 0.000008
251380 0.000010
251390 -0.000020
251400 -0.000021
251410 0.000009
251420 -0.000015
251430 -0.000008
251440 0.000021
251450 0.000018
251460 0.000013
251470 -0.000036
251480 0.000005
251490 0.000021
251500 0.000019
251510 0.000026
251520 -0.000015
251530 0.000002
251540 -0.001198
251550 0.000022
251560 0.000011
251570 0.000007
251580 0.000007
251590 0.000009
251600 0.000014
251610 -0.000022
251620 -0.000027
251630 -0.000032
251640 -0.000071
251650 0.000011
251660 -0.000013
251670 0.000009
251690 0.000011
251700 -0.001300
251710 0.000013
251720 -0.000028
251730 0.000013
251740 0.000009
251750 -0.000001
251760 -0.001394
251770 0.000013
251780 -0.000038
251790 0.000006
251800 -0.000029
251810 -0.000002
251820 -0.000009
251830 0.000028
251840 -0.000011
251850 0.000016
251860 0.000053
251870 -0.001060
251880 0.000008
251890 0.000005
251900 -0.000030
251910 0.000015
251920 0.000021
251930 0.000010
251940 0.000010
251950 0.000168
251960 0.000009
251970 0.000007
251980 0.000019
251990 -0.000098
252000 -0.000009
252010 -0.000003
252020 -0.000019
252030 0.000006
252040 0.000012
252050 0.000007
252060 0.000011
252070 0.000006
252080 -0.000017
252090 0.000007
252100 -0.000002
252110 -0.000024
252120 -0.000007
252130 0.000005
252140 0.000004
252150 0.000017
252160 0.000007
252170 -0.001210
252180 0.000013
252190 0.000008
252200 0.000006
252210 -0.000005
252220 0.000010
252230 0.000013
252240 0.000062
252250 0.000008
252260 0.000007
252270 -0.001285
252280 -0.000125
252290 -0.000008
252300 0.000007
252310 0.000003
252320 -0.001150
252330 -0.000014
252340 0.000008
252350 0.000008
252360 -0.001345
252370 -0.000028
252380 -0.000001
252390 0.000013
252400 -0.000087
252410 0.000008
252420 0.000028
252430 0.000003
252440 0.000000
252450 0.000013
252460 0.000012
252470 0.000019
252480 0.000017
252490 0.000001
252500 0.000015
252510 0.000012
252520 0.000009
252530 0.000006
252540 0.000012
252550 -0.000008
252560 0.000008
252570 -0.000035
252580 0.000012
252590 0.000011
252600 -0.000022
252610 -0.000023
252620 0.000014
252630 0.000015
252640 0.000017
252650 -0.000005
252660 0.000012
252670 0.000028
252680 0.000014
252690 0.000015
252700 0.000013
252710 0.000003
252720 0.000012
252730 0.000018
252750 0.000001
252760 0.000012
252770 0.000016
252780 -0.000022
252790 0.000001
252800 0.000018
252820 -0.000022
252830 0.000000
252840 -0.000031
252850 -0.001250
252860 0.000006
252870 -0.000020
252880 -0.000022
252900 0.000014
252910 0.000008
252920 0.000006
252930 0.000007
252940 0.000002
252950 -0.000042
252960 0.000008
252970 0.000004
252980 0.000014
252990 0.000025
253000 0.000010
253010 0.000007
253020 -0.001429
253030 0.000015
253040 0.000011
253050 0.000000
253060 0.000017
253070 0.000009
253080 0.000009
253090 -0.000016
253100 0.000017
253110 0.000016
253120 -0.001381
253130 0.000016
253140 0.000007
253150 0.000007
253160 -0.000027
253170 0.000012
253180 0.000026
253190 -0.000006
253200 -0.000021
253210 0.000013
253220 0.000008
253230 0.000014
253240 0.000012
253250 -0.000001
253260 -0.000019
253270 0.000012
253280 -0.000019
253290 -0.000022
253300 0.000007
253310 0.000006
253320 0.000011
253330 0.000007
253340 -0.000079
253350 0.000015
253360 0.000017
253370 0.000018
253380 0.000006
253390 -0.000018
253400 -0.000030
253410 0.000013
253420 -0.000022
253430 -0.000020
253440 -0.000023
253450 -0.000026
253460 0.000006
253470 0.000003
253480 -0.000000
253490 0.000037
253500 0.000014
253510 0.000015
253520 0.000014
253530 0.000012
253540 0.000002
253550 -0.000003
253560 0.000008
253570 -0.001370
253580 0.000005
253590 0.000008
253600 0.000010
253610 -0.000028
253620 0.000015
253630 0.000155
253640 0.000007
253650 0.000015
253660 0.000011
253670 0.000006
253680 0.000005
253690 -0.000025
253700 0.000012
253710 0.000015
253720 -0.000015
253730 0.000010
253740 -0.000006
253750 0.000003
253760 -0.000024
253770 0.000010
253780 0.000017
253790 0.000001
253800 0.000012
253820 -0.000026
253830 -0.000037
253850 -0.000031
253860 0.000458
253870 0.000011
253880 0.000004
253890 0.000017
253900 -0.000034
253910 0.000011
253920 -0.000029
253930 -0.000017
253950 0.000015
253960 -0.000028
253970 -0.000006
253980 -0.000030
253990 -0.000027
254010 -0.000000
254020 -0.000527
254030 0.000022
254040 -0.000027
254050 0.000014
254060 -0.000016
254070 -0.001135
254080 0.000002
254090 -0.000006
254100 0.000006
254110 0.000017
254120 0.000003
254130 -0.001269
254140 -0.000024
254150 0.000010
254160 -0.000027
254170 0.000016
254180 -0.000089
254190 0.000015
254200 0.000012
254210 -0.000037
254220 0.000009
254230 0.000016
254240 0.000011
254250 -0.000007
254270 0.000012
254280 0.000010
254290 0.000015
254300 0.000015
254320 -0.000035
254330 0.000015
254340 0.000011
254350 0.000013
254360 0.000013
254370 0.000014
254380 -0.000104
254390 0.000013
254400 0.000007
254410 -0.001253
254430 0.000022
254440 0.000004
254450 0.000431
254460 0.000010
254470 -0.000030
254480 0.000003
254490 -0.000058
254500 -0.000013
254510 -0.000008
254520 -0.001255
254530 -0.000012
254540 0.000012
254550 -0.000035
254560 -0.000010
254570 0.000011
254580 0.000019
254590 -0.000023
254600 -0.000018
254610 0.000007
254620 -0.000019
254630 0.000012
254640 -0.000017
254650 0.000019
254660 0.000013
254670 0.000014
254680 0.000007
254690 0.000002
254700 -0.000033
254710 0.000007
254720 -0.000008
254730 0.000010
254740 0.000012
254750 0.000014
254770 -0.000042
254780 0.000015
254790 -0.000013
254800 -0.000157
254810 0.000016
254820 -0.000038
254830 0.000020
254840 -0.000009
254850 0.000014
254860 0.000014
254870 0.000008
254880 0.000012
254890 0.000010
254900 0.000163
254910 0.000020
254920 0.000018
254930 0.000015
254940 -0.000020
254950 0.000016
254960 0.000006
254970 0.000009
254980 -0.000029
254990 -0.001263
255000 -0.000001
255010 0.000010
255020 -0.000002
255030 0.000013
255040 0.000021
255050 0.000012
255060 0.000011
255070 -0.000011
255080 0.000008
255090 -0.000015
255100 -0.000008
255110 0.000018
255120 0.000011
255130 -0.000037
255140 0.000006
255150 0.000017
255160 0.000015
255170 0.000016
255180 -0.000030
255190 0.000006
255200 -0.000018
255210 -0.000012
255220 0.000002
255230 0.000013
255240 0.000006
255250 0.000008
255270 0.000013
255280 0.000024
255290 -0.000020
255300 -0.001277
255310 0.000011
255320 -0.001348
255330 -0.001225
255340 0.000013
255350 0.000019
255360 -0.000016
255370 0.000001
255380 -0.001152
255390 -0.001257
255400 0.000019
255410 -0.000032
255420 0.000015
255430 0.000005
255440 0.000006
255450 -0.000001
255460 -0.000004
255470 -0.000007
255480 0.000015
255490 0.000018
255500 -0.000018
255510 0.000011
255520 -0.001356
255530 -0.001356
255550 -0.000009
255560 0.000045
255570 0.000005
255580 0.000015
255590 0.000025
255600 -0.000020
255610 0.000005
255620 0.000022
255630 0.000015
255660 0.000017
255670 0.000022
255680 -0.000000
255690 -0.000018
255710 0.000013
255720 0.000002
255730 -0.001303
255740 0.000010
255750 -0.000031
255760 0.000003
255770 -0.000049
255780 -0.000030
255790 -0.000035
255800 -0.000008
255810 0.000008
255820 0.000020
255830 0.000009
255840 -0.000027
255850 -0.000002
255860 -0.000065
255880 0.000010
255890 0.000004
255900 -0.000024
255910 -0.000041
255920 -0.000018
255930 0.000013
255940 0.000003
255950 -0.000025
255960 0.000016
255970 -0.000007
255980 -0.000014
255990 -0.000000
256000 0.000005
256010 0.000016
256020 0.000017
256030 -0.001246
256050 0.000017
256060 0.000010
256070 -0.000004
256080 -0.000001
256090 -0.000027
256100 -0.000011
256110 0.000008
256120 0.000005
256130 -0.000006
256140 0.000004
256150 -0.000037
256160 -0.000056
256170 0.000006
256180 0.000004
256190 0.000006
256200 -0.000064
256210 -0.000051
256220 0.000020
256230 0.000014
256240 0.000004
256250 0.000002
256260 0.000009
256270 -0.001311
256280 -0.001301
256290 -0.000003
256300 0.000015
256310 -0.000009
256320 0.000010
256330 -0.000173
256340 -0.000013
256350 0.000021
256360 -0.000016
256370 0.000020
256380 -0.000026
256390 -0.001356
256400 0.000014
256410 0.000006
256420 0.000028
256430 -0.000032
256440 0.000008
256450 -0.000095
256460 0.000005
256470 0.000022
256480 0.000015
256490 0.000009
256500 0.000018
256510 0.000014
256520 -0.000012
256530 0.000000
256540 0.000009
256550 0.000011
256560 -0.000005
256570 0.000041
256580 -0.000009
256590 0.000024
256600 0.000017
256610 0.000010
256620 0.000009
256630 -0.000028
256640 0.000016
256650 0.000008
256660 0.000006
256670 0.000014
256680 -0.000006
256690 -0.000016
256700 -0.000034
256710 -0.000031
256730 -0.001261
256740 0.000014
256750 0.000002
256760 0.000013
256770 0.000015
256780 -0.000057
256790 0.000010
256800 0.000181
256810 -0.000001
256820 -0.000215
256830 0.000010
256850 0.000048
256860 0.000008
256870 -0.001284
256880 -0.000010
256890 -0.000008
256900 0.000009
256910 0.000022
256920 0.000005
256940 -0.000003
256950 -0.000025
256960 0.000019
256970 -0.000006
256980 0.000014
256990 -0.000007
257000 0.000013
257010 0.000010
257020 0.000016
257030 0.000002
257040 0.000008
257050 0.000021
257060 0.000015
257080 -0.001251
257090 0.000011
257100 0.000015
257110 -0.000004
257120 0.000008
257130 -0.000009
257140 -0.000006
257150 0.000025
257160 0.000014
257170 -0.000002
257180 -0.001172
257190 0.000028
257200 0.000013
257210 -0.000002
257220 0.000011
257230 -0.000030
257240 0.000006
257250 0.000005
257260 -0.000054
257270 0.000001
257280 -0.000008
257290 0.000010
257300 -0.001293
257310 0.000032
257320 0.000020
257330 0.000016
257340 -0.000034
257350 0.000016
257360 -0.000028
257370 0.000010
257380 0.000037
257390 0.000013
257400 -0.000006
257410 0.000008
257420 0.000009
257430 0.000001
257440 0.000008
257450 0.000007
257460 0.000009
257470 0.000022
257480 0.000023
257490 0.000004
257500 0.000050
257510 0.000017
257520 0.000003
257530 -0.000024
257540 -0.000017
257550 0.000006
257560 -0.000652
257570 0.000001
257580 0.000014
257590 -0.000080
257600 0.000020
257610 -0.000039
257620 0.000014
257630 0.000003
257650 -0.000036
257660 -0.000037
257670 0.000017
257680 0.000018
257690 0.000013
257700 -0.000009
257710 -0.000002
257720 0.000015
257730 -0.000032
257740 0.000004
257750 -0.000033
257760 0.000009
257770 0.000012
257780 -0.000006
257790 0.000154
257800 0.000019
257810 0.000008
257820 -0.000064
257830 -0.001198
257840 -0.001227
257850 0.000046
257860 -0.000079
257870 -0.000002
257880 -0.000025
257890 -0.000033
257900 0.000009
257910 0.000014
257920 0.000018
257930 -0.000004
257940 0.000025
257950 0.000016
257960 0.000005
257970 -0.000026
257980 0.000012
257990 -0.000011
258000 -0.000014
258010 -0.000001
258020 -0.001346
258030 -0.000024
258040 -0.000002
258050 0.000006
258060 0.000010
258070 0.000004
258080 -0.000038
258090 -0.000034
258100 -0.000002
258110 0.000011
258120 0.000023
258130 -0.000067
258140 -0.000017
258150 0.000002
258160 -0.000006
258170 -0.000028
258180 0.000011
258200 0.000020
258210 -0.000028
258220 0.000014
258230 0.000015
258240 -0.000024
258250 -0.000037
258260 -0.000031
258270 -0.000024
258280 0.000018
258290 -0.000018
258300 0.000025
258310 -0.000003
258320 -0.000025
258330 0.000013
258340 0.000013
258350 -0.000014
258360 -0.001463
258370 -0.000032
258380 0.000023
258390 0.000023
258400 -0.000042
258420 -0.000009
258430 0.000027
258440 0.000010
258450 -0.000027
258460 0.000015
258470 0.000009
258480 -0.000018
258490 0.000002
258500 -0.000004
258510 0.000011
258520 0.000006
258540 0.000014
258550 -0.000053
258560 0.000007
258570 -0.001163
258580 -0.000027
258590 -0.000009
258600 -0.000017
258610 0.000039
258620 0.000017
258630 0.000002
258640 0.000012
258650 0.000005
258660 -0.000030
258670 0.000000
258680 -0.000026
258690 -0.000070
258700 -0.000033
258710 0.000012
258720 -0.000030
258730 0.000010
258740 0.000014
258750 0.000018
258760 0.000012
258770 -0.000003
258780 0.000019
258800 0.000005
258810 -0.000059
258820 0.000009
258830 -0.000035
258840 0.000009
258850 0.000010
258860 -0.000004
258870 -0.001328
258880 0.000006
258890 0.000015
258900 0.000015
258910 0.000029
258920 0.000018
258930 -0.000008
258940 -0.000042
258950 0.000008
258960 0.000016
258970 0.000015
258980 0.000013
258990 -0.000015
259000 -0.001470
259010 -0.000080
259020 0.000015
259030 -0.000029
259040 0.000006
259050 0.000030
259060 -0.000028
259070 -0.000000
259080 0.000004
259090 0.000014
259100 -0.000051
259110 -0.000006
259120 0.000014
259130 0.000486
259140 0.000006
259150 0.000017
259160 -0.000034
259170 -0.000021
259180 0.000017
259190 0.000017
259200 -0.000037
259210 0.000006
259220 -0.000001
259230 -0.000007
259240 0.000020
259250 0.000012
259260 0.000016
259270 -0.000007
259280 0.000004
259290 -0.000019
259300 0.000013
259310 -0.000025
259320 0.000004
259330 -0.000022
259340 0.000004
259360 0.000012
259370 0.000008
259380 -0.000002
259390 -0.000043
259400 0.000001
259410 -0.000025
259420 -0.000005
259440 0.000012
259450 0.000018
259470 0.000034
259480 0.000022
259490 0.000015
259500 0.000001
259510 -0.000018
259520 0.000012
259530 0.000025
259540 -0.000004
259550 0.000015
259560 0.000010
259570 -0.000005
259580 -0.000070
259590 -0.000039
259600 0.000016
259610 0.000015
259620 0.000002
259630 -0.001228
259640 0.000011
259650 -0.000077
259660 -0.000016
259670 0.000018
259680 -0.000026
259690 -0.000071
259700 0.000014
259710 -0.001300
259720 0.000013
259730 0.000020
259750 0.000010
259760 -0.001286
259770 -0.001227
259780 0.000012
259790 -0.000033
259800 -0.000008
259810 -0.000028
259820 -0.000071
259830 0.000030
259840 -0.000011
259850 0.000036
259860 0.000015
259870 -0.000004
259880 -0.000005
259890 -0.000010
259900 -0.000020
259910 0.000013
259920 0.000010
259930 -0.000072
259940 0.000014
259950 0.000016
259970 -0.000022
259980 -0.000002
259990 0.000014
260000 0.000017
260010 0.000009
260020 0.000012
260030 -0.000045
260040 -0.000011
260050 0.000011
260060 0.000008
260070 -0.000004
260080 0.000009
260090 0.000013
260100 0.000023
260110 0.000004
260120 0.000015
260130 0.000018
260140 -0.000023
260150 0.000007
260170 0.000015
260180 -0.000026
260190 0.000004
260200 0.000014
260210 -0.000001
260230 -0.000004
260240 0.000017
260250 0.000019
260260 -0.000035
260270 -0.000002
260280 -0.000013
260310 -0.000003
260320 -0.000008
260330 0.000000
260340 -0.000001
260350 -0.000029
260370 -0.000042
260380 -0.000009
260390 -0.000031
260400 0.000001
260410 -0.000022
260420 -0.000882
260430 0.001801
260440 0.000014
260450 0.000017
260460 -0.000033
260470 0.000003
260490 0.000018
260500 0.000015
260520 -0.000015
260530 -0.000020
260540 0.000009
260550 -0.000009
260560 0.000018
260570 0.000007
260580 0.000009
260590 0.000022
260600 -0.000038
260620 -0.000033
260630 0.000012
260640 -0.000025
260650 0.000000
260660 0.000004
260670 0.000009
260680 0.000009
260690 0.000011
260700 0.000009
260710 -0.000036
260730 0.000005
260740 0.000013
260750 0.000071
260760 0.000022
260770 0.000001
260780 0.000013
260790 -0.000013
260800 -0.000067
260810 -0.001202
260820 -0.000030
260830 0.000019
260840 0.000006
260850 0.000017
260870 -0.000017
260880 0.000011
260890 0.000011
260900 0.000021
260910 -0.001194
260920 0.000009
260930 0.000007
260940 -0.000018
260950 -0.001136
260960 0.000023
260970 0.000004
260980 0.000010
260990 0.000012
261000 0.000024
261010 0.000009
261020 -0.000021
261030 0.000010
261040 0.000006
261050 -0.000008
261060 -0.000022
261070 0.000014
261080 -0.000002
261090 0.000012
261100 -0.001363
261110 0.000005
261120 0.000003
261130 -0.001251
261140 0.000010
261150 0.000014
261160 -0.001179
261180 0.000013
261190 0.000007
261200 -0.000007
261210 0.000000
261220 0.000018
261230 0.000007
261240 0.000005
261250 -0.001218
261270 0.000019
261280 0.000001
261290 0.000008
261300 -0.000015
261310 0.000019
261320 -0.000020
261330 -0.001227
261340 0.000002
261350 0.000013
261360 0.000010
261370 -0.000004
261380 -0.000002
261390 0.000010
261400 0.000009
261410 -0.001354
261420 0.000016
261430 -0.000020
261440 -0.000026
261450 -0.000014
261460 0.000005
261470 0.000014
261480 -0.000027
261490 -0.000014
261500 0.000013
261510 0.000020
261530 0.000014
261540 -0.001217
261550 -0.000142
261560 -0.000039
261570 -0.000020
261580 -0.000003
261590 0.000001
261600 -0.000092
261610 -0.000056
261620 0.000008
261630 -0.000032
261640 0.000021
261650 0.000012
261660 -0.000005
261670 0.000014
261680 -0.000003
261690 0.000009
261700 -0.000009
261710 -0.000027
261720 -0.000033
261730 0.000017
261740 0.000005
261750 -0.000010
261770 -0.000001
261780 -0.001171
261790 -0.001291
261800 -0.000032
261810 0.000008
261820 0.000000
261830 -0.001284
261840 -0.001287
261850 -0.001101
261860 0.000014
261870 -0.000030
261880 0.000002
261890 -0.000048
261900 0.000010
261910 0.000005
261920 -0.000003
261930 -0.000006
261940 0.000021
261950 0.000009
261960 0.000010
261970 -0.000006
261980 0.000014
261990 0.000012
262000 -0.000063
262010 0.000010
262020 -0.000006
262030 0.000011
262040 0.000017
262050 -0.000001
262060 0.000114
262070 -0.000037
262080 0.000009
262090 0.000001
262100 -0.000028
262110 0.000008
262120 0.000007
262130 0.000017
262140 0.000010
262150 0.000012
262160 0.000014
262170 -0.000212
262180 -0.000007
262190 0.000051
262200 -0.000016
262210 -0.000079
262220 0.000014
262230 -0.000007
262240 -0.001393
262250 0.000007
262260 0.000014
262270 0.000012
262280 -0.001238
262290 -0.000033
262300 0.000010
262310 -0.000018
262320 0.000015
262330 0.000025
262340 0.000007
262350 -0.000000
262360 0.000014
262370 0.000011
262380 -0.000002
262390 0.000012
262400 0.000013
262410 0.000019
262420 0.000014
262430 -0.000035
262440 0.000008
262450 0.000010
262460 0.000012
262470 0.000013
262480 0.000013
262490 0.000006
262510 -0.001248
262520 0.000010
262530 -0.000022
262540 0.000003
262550 0.000012
262560 -0.000039
262570 -0.000026
262580 0.000017
262590 0.000019
262600 0.000011
262610 0.000015
262620 -0.000038
262630 0.000023
262640 0.000014
262650 -0.000001
262660 -0.000027
262670 -0.000006
262680 0.000014
262690 -0.001293
262700 0.000013
262710 0.000001
262720 -0.000026
262730 0.000009
262740 -0.000023
262750 0.000005
262760 0.000012
262790 0.000015
262800 0.000015
262810 -0.001220
262820 0.000017
262830 0.000005
262840 -0.001221
262850 -0.000022
262860 -0.001212
262870 0.000011
262880 0.000007
262890 -0.000028
262900 -0.000000
262910 0.000005
262920 0.000015
262930 -0.000035
262950 0.000002
262960 0.000009
262970 0.000018
262980 -0.000018
262990 -0.000007
263000 0.000006
263010 -0.000005
263020 0.000015
263030 -0.000033
263040 0.000005
263050 0.000013
263060 0.000003
263070 -0.000033
263080 0.000012
263090 0.000012
263100 0.000019
263120 0.000014
263130 0.000017
263140 0.000009
263150 0.000014
263160 -0.000045
263170 0.000012
263180 0.000005
263190 -0.000085
263200 0.000015
263210 0.000004
263220 -0.000020
263230 -0.001179
263240 0.000129
263250 -0.000040
263260 0.000008
263270 -0.000002
263280 0.000006
263300 0.000010
263310 0.000002
263320 -0.000042
263330 -0.000035
263340 0.000009
263350 0.000008
263360 0.000006
263370 -0.000021
263380 0.000006
263390 0.000014
263400 0.000017
263410 0.000009
263420 -0.000033
263430 -0.000036
263440 -0.000018
263450 0.000013
263460 0.000015
263470 -0.000020
263480 0.000014
263490 0.000029
263500 0.000013
263510 0.000016
263520 0.000008
263530 0.000004
263540 0.000024
263550 0.000010
263560 0.000003
263570 0.000016
263580 0.000029
263590 0.000039
263600 0.000014
263620 -0.000012
263630 0.000006
263640 0.000024
263650 -0.000006
263660 0.000006
263670 -0.000017
263680 0.000011
263690 0.000005
263700 -0.000001
263710 0.000002
263720 -0.000008
263730 -0.000025
263740 -0.000007
263750 0.000016
263760 -0.000028
263770 0.000004
263780 0.000019
263790 0.000010
263800 0.000013
263810 0.000014
263820 -0.001152
263830 -0.000004
263840 0.000012
263850 0.000007
263860 -0.000020
263870 -0.000012
263880 0.000019
263890 0.000013
263900 -0.000003
263910 -0.001253
263920 -0.000026
263930 0.000016
263940 -0.000070
263950 0.000014
263960 -0.000028
263970 0.000003
263980 -0.001151
263990 0.000014
264000 0.000018
264020 0.000001
264030 0.000001
264040 -0.000003
264050 0.000014
264060 -0.000029
264070 0.000006
264090 0.000011
264100 0.000004
264110 -0.000084
264120 0.000007
264130 -0.001216
264140 -0.001140
264150 -0.000041
264160 0.000013
264170 0.000016
264180 0.000011
264190 0.000007
264200 -0.000009
264210 0.000021
264220 0.000013
264230 0.000006
264240 0.000016
264250 0.000015
264260 0.000014
264270 0.000010
264280 -0.000025
264290 0.000008
264300 0.000019
264310 0.000016
264320 -0.000033
264330 -0.001207
264340 -0.000007
264350 0.000002
264360 -0.000010
264370 0.000014
264380 0.000007
264390 0.000007
264400 -0.001305
264410 0.000004
264420 0.000008
264430 -0.000025
264440 -0.000066
264450 0.000013
264460 -0.000013
264470 -0.000003
264480 0.000008
264490 0.000009
264500 0.000012
264510 0.000005
264520 0.000035
264530 -0.000019
264540 0.000034
264550 0.000011
264560 0.000015
264570 0.000012
264580 0.000011
264590 -0.000031
264600 0.000003
264620 0.000018
264630 -0.000026
264640 0.000011
264650 -0.000017
264660 -0.001220
264670 0.000014
264680 0.000013
264690 -0.000037
264700 -0.001096
264710 0.000010
264720 -0.000025
264730 0.000012
264740 0.000010
264750 0.000009
264770 -0.001186
264780 0.000578
264790 0.000006
264800 -0.000030
264820 0.000009
264830 0.000014
264840 -0.000029
264850 0.000018
264860 -0.000033
264870 0.000010
264890 0.000002
264900 0.000016
264910 -0.000001
264920 0.000016
264930 0.000012
264940 -0.000001
264950 0.000011
264960 0.000003
264970 0.000023
264980 0.000016
264990 0.000015
265000 -0.000003
265020 0.000002
265030 0.000002
265040 0.000013
265050 0.000016
265060 0.000011
265070 -0.000001
265080 0.000025
265090 -0.000003
265100 0.000014
265110 0.000004
265120 -0.000002
265130 -0.000028
265140 -0.001192
265160 0.000017
265170 0.000016
265180 0.000012
265190 0.000020
265200 0.000023
265210 0.000009
265220 0.000008
265230 -0.000033
265240 0.000012
265250 0.000009
265260 0.000011
265270 -0.000033
265280 0.000016
265290 0.000016
265310 0.000005
265320 0.000034
265330 0.000084
265340 -0.000875
265350 0.000007
265360 -0.000030
265370 0.000017
265380 -0.000028
265390 0.000017
265400 0.000017
265410 0.000009
265420 0.000009
265430 0.000013
265440 -0.001402
265450 0.000012
265460 0.000010
265470 0.000017
265480 0.000013
265490 -0.000044
265500 0.000006
265510 -0.000001
265520 0.000012
265530 0.000018
265540 -0.001116
265550 0.000000
265560 0.000001
265570 -0.000035
265580 0.000010
265590 -0.000007
265600 -0.001233
265610 -0.000063
265620 0.000010
265630 0.000009
265650 0.000000
265660 -0.001314
265670 0.000016
265680 0.000010
265690 0.000005
265710 0.000011
265720 0.000013
265730 0.000011
265740 0.000016
265750 0.000011
265760 0.000005
265770 0.000041
265780 -0.001233
265790 0.000005
265800 -0.000034
265810 0.000018
265820 0.000016
265830 0.000012
265840 0.000495
265850 -0.000011
265860 0.000013
265870 -0.000011
265880 -0.000043
265890 0.000015
265900 -0.001293
265910 -0.000001
265920 -0.000004
265930 0.000017
265940 0.000012
265950 0.000015
265960 0.000018
265970 0.000017
265980 0.000002
265990 0.000019
266000 -0.000001
266010 -0.000087
266020 0.000015
266030 0.000014
266040 -0.000005
266050 -0.000033
266060 -0.000002
266070 -0.000033
266080 0.000015
266090 -0.000008
266100 0.000014
266110 -0.000034
266120 -0.000002
266130 0.000021
266140 0.000002
266150 0.000013
266160 -0.000203
266170 0.000006
266180 -0.000024
266190 0.000008
266200 -0.000008
266210 0.000009
266220 -0.000027
266230 0.000017
266240 -0.000037
266250 0.000008
266260 -0.000004
266270 -0.000037
266280 0.000008
266290 0.000000
266300 -0.000056
266310 0.000015
266320 -0.000030
266340 0.000003
266350 0.000001
266360 0.000017
266370 0.000014
266380 0.000016
266390 0.000004
266400 0.000014
266410 0.000019
266420 0.000015
266430 0.000006
266440 -0.000034
266450 -0.000002
266460 0.000009
266470 0.000005
266480 0.000008
266490 0.000010
266500 0.000009
266510 0.000006
266520 0.000011
266530 -0.000025
266540 0.000015
266550 0.000000
266560 0.000005
266570 -0.000035
266580 -0.000026
266590 0.000018
266600 -0.001280
266610 -0.000015
266620 -0.000017
266630 -0.000001
266640 -0.000020
266650 0.000021
266660 -0.000024
266670 0.000014
266680 0.000010
266690 -0.000000
266700 0.000012
266710 -0.001288
266730 0.000028
266740 0.000021
266750 -0.000019
266760 -0.001251
266770 -0.000031
266780 0.000029
266790 -0.000037
266800 -0.000030
266810 -0.000039
266820 0.000003
266830 0.000019
266840 0.000804
266850 0.000011
266860 0.000011
266870 0.000002
266880 0.000004
266890 0.000016
266900 0.000004
266910 0.000001
266920 0.000005
266930 0.000011
266940 -0.000005
266960 0.000075
266970 -0.000025
266980 -0.000034
266990 0.000010
267000 0.000009
267010 0.000011
267020 0.000090
267030 0.000011
267040 -0.000033
267050 0.000009
267060 0.000003
267070 0.000021
267080 0.000014
267090 0.000019
267100 0.000014
267110 -0.000005
267120 -0.000006
267130 0.000009
267140 0.000016
267150 -0.000024
267160 0.000011
267170 -0.000013
267180 -0.000025
267190 0.000014
267200 -0.000029
267210 0.000008
267220 0.000010
267230 0.000022
267240 -0.000005
267250 0.000011
267260 -0.000021
267270 0.000011
267280 0.000004
267290 -0.000021
267300 -0.000006
267310 0.000014
267320 0.000016
267340 0.000012
267350 0.000012
267360 -0.000012
267370 0.000011
267380 0.000011
267390 0.000020
267400 -0.000001
267410 -0.000001
267420 -0.000041
267440 0.000015
267450 0.000017
267460 -0.000018
267470 0.000014
267490 0.000018
267510 -0.000011
267520 0.000016
267530 -0.001239
267540 0.000002
267550 0.000014
267560 0.000003
267570 0.000007
267580 0.000019
267590 0.000009
267600 0.000006
267610 -0.000023
267620 0.000006
267630 -0.000011
267640 0.000012
267650 -0.000035
267660 -0.000077
267670 0.000012
267680 0.000015
267690 0.000014
267700 0.000014
267710 0.000005
267720 0.000025
267730 0.000453
267740 0.000016
267750 0.000011
267760 -0.000038
267770 -0.000034
267780 0.000024
267790 -0.000002
267800 0.000009
267810 0.000002
267820 0.000013
267830 0.000014
267840 0.000006
267850 -0.000028
267860 0.000015
267870 -0.000009
267880 -0.000001
267900 0.000015
267910 0.000015
267920 0.000002
267930 0.000019
267940 0.000005
267950 0.000008
267960 0.000279
267980 -0.000023
267990 -0.000020
268000 0.000012
268010 0.000016
268020 0.000008
268040 -0.000009
268050 0.000007
268060 0.000007
268070 -0.000024
268080 0.000013
268090 0.000017
268100 -0.000023
268110 0.000013
268120 0.000010
268130 0.000115
268140 0.000170
268150 0.000018
268160 0.000017
268170 0.000010
268180 -0.000058
268190 -0.000023
268200 0.000011
268210 0.000018
268220 0.000012
268230 0.000015
268240 0.000014
268250 -0.001107
268260 0.000012
268270 0.000009
268280 -0.000009
268290 0.000017
268300 0.000002
268310 0.000006
268320 0.000012
268330 -0.001287
268340 -0.000026
268360 -0.000008
268370 -0.001384
268380 0.000011
268390 -0.000096
268400 -0.001340
268410 0.000009
268420 0.000011
268430 -0.000026
268440 0.000021
268450 0.000011
268460 -0.000122
268470 0.000016
268480 -0.000009
268490 0.000016
268500 0.000027
268510 -0.000022
268520 0.000018
268530 0.000008
268540 -0.000033
268550 -0.001250
268560 -0.000031
268570 0.000004
268580 -0.000010
268590 -0.000044
268600 -0.001154
268610 0.000003
268620 0.000001
268630 0.000002
268640 0.000015
268650 0.000009
268660 0.000013
268670 0.000021
268680 0.000020
268690 0.000004
268700 -0.001112
268710 -0.000001
268720 0.000003
268730 0.000018
268740 0.000011
268750 -0.000039
268760 0.000020
268770 0.000159
268780 0.000009
268790 -0.000021
268800 -0.001239
268810 0.000013
268830 -0.000044
268840 0.000008
268850 0.000011
268860 -0.000023
268870 0.000018
268880 0.000014
268890 -0.000029
268900 0.000006
268910 0.000010
268920 -0.000026
268930 0.000024
268940 -0.000029
268950 0.000020
268960 0.000009
268970 0.000012
268980 0.000007
268990 0.000008
269000 -0.001931
269010 0.000011
269020 0.000004
269030 0.000014
269040 -0.000013
269050 0.000027
269060 0.000014
269070 0.000003
269080 0.000020
269090 0.000011
269100 0.000007
269120 -0.000021
269130 0.000017
269140 0.000000
269150 -0.000007
269160 -0.000016
269170 -0.000038
269180 0.000004
269190 0.000012
269200 -0.000007
269210 0.000016
269230 0.000013
269240 -0.000033
269250 0.000009
269260 0.000006
269270 -0.000033
269280 0.000012
269290 -0.000040
269300 0.000021
269310 -0.000005
269320 -0.000003
269330 -0.001135
269340 0.000020
269350 -0.000009
269360 0.000013
269370 0.000015
269380 -0.000033
269390 0.000022
269400 0.000006
269410 -0.000031
269420 -0.000006
269430 -0.000026
269440 -0.000006
269450 0.000014
269460 -0.001328
269480 0.000009
269490 -0.000005
269500 -0.000020
269510 -0.000023
269530 -0.000027
269540 0.000006
269550 0.000008
269560 0.000015
269570 0.000006
269580 0.000052
269590 -0.000055
269600 0.000004
269610 0.000012
269620 -0.001123
269630 -0.000022
269640 -0.000023
269650 -0.000031
269660 0.000011
269670 0.000014
269680 0.000016
269690 0.000012
269700 0.000014
269710 0.000001
269720 -0.000011
269730 0.000027
269740 0.000012
269750 -0.001240
269760 -0.000023
269770 -0.000003
269780 -0.000010
269790 0.000008
269800 -0.000025
269810 -0.000029
269820 0.000014
269830 -0.000026
269840 0.000008
269850 0.000010
269860 0.000020
269870 -0.000003
269880 -0.001069
269890 -0.000012
269900 0.000014
269910 -0.000076
269920 -0.000026
269930 0.000007
269940 0.000016
269950 -0.000002
269960 0.000001
269970 0.000013
269980 0.000013
269990 0.000055
270000 0.000013
270010 0.000039
270020 0.000012
270030 0.000001
270040 0.000005
270050 0.000005
270060 0.000016
270070 0.000021
270080 -0.001180
270090 0.000010
270100 0.000008
270110 0.000024
270120 0.000014
270130 -0.000049
270140 0.000008
270150 0.000009
270160 0.000019
270170 0.000020
270180 0.000012
270190 -0.000025
270200 -0.000008
270210 -0.000016
270220 -0.000000
270230 -0.000028
270240 -0.000009
270250 -0.000024
270260 -0.000035
270270 0.000007
270290 0.000009
270320 0.000000
270330 -0.000009
270340 0.000015
270350 0.000009
270360 0.000013
270370 -0.000022
270380 0.000009
270390 0.000014
270400 0.000013
270410 0.000016
270420 0.000006
270430 0.000008
270440 0.000019
270450 0.000149
270460 -0.000002
270470 -0.000001
270480 0.000018
270490 0.000013
270500 0.000010
270510 0.000017
270520 0.000017
270530 0.000015
270540 0.000011
270550 -0.000025
270560 -0.000035
270570 0.000009
270580 0.000000
270590 0.000013
270600 -0.000030
270620 0.000015
270630 0.000010
270640 -0.001204
270650 0.000015
270660 -0.000012
270670 -0.000072
270680 0.000016
270690 -0.000002
270700 0.000017
270710 0.000015
270720 -0.000036
270730 0.000002
270740 0.000009
270750 -0.000027
270760 0.000011
270770 -0.000008
270780 0.000002
270800 -0.000014
270810 -0.000009
270820 -0.000000
270830 0.000005
270840 -0.000001
270850 0.000012
270860 -0.000008
270880 0.000010
270890 0.000016
270900 -0.001225
270910 0.000018
270920 -0.000034
270930 0.000010
270940 -0.000074
270950 0.000011
270960 0.000010
270970 0.000010
270980 0.000008
270990 -0.000018
271010 -0.000033
271020 -0.000238
271030 0.000010
271040 -0.000001
271050 -0.001278
271060 -0.000023
271070 -0.000004
271080 0.000012
271090 -0.000041
271100 0.000010
271110 0.000007
271120 0.000022
271130 0.000011
271140 -0.000030
271150 0.000015
271160 0.000004
271170 -0.001180
271180 -0.000008
271190 0.000008
271200 0.000013
271210 0.000009
271220 -0.000034
271230 -0.001224
271240 -0.000042
271250 -0.000011
271260 0.000005
271270 -0.000006
271280 -0.001185
271300 -0.000084
271310 0.000020
271320 0.000001
271330 -0.000003
271340 0.000018
271350 0.000017
271370 -0.000030
271380 -0.001236
271390 0.000010
271400 0.000015
271410 0.000004
271420 -0.000018
271430 -0.001186
271440 0.000011
271450 -0.001205
271460 0.000012
271470 0.000012
271480 0.000007
271490 0.000015
271500 -0.000008
271510 -0.000011
271520 0.000018
271540 0.000016
271550 0.000020
271560 -0.001213
271570 0.000009
271580 0.000006
271600 0.000006
271610 -0.000032
271620 -0.000014
271640 0.000008
271650 -0.000008
271660 -0.000041
271670 -0.000003
271680 -0.001211
271690 -0.000027
271700 -0.001154
271710 0.000012
271720 0.000008
271730 0.000014
271740 -0.000002
271750 -0.000044
271760 -0.000007
271770 -0.000038
271780 -0.000031
271790 0.000001
271800 -0.000005
271810 -0.000084
271820 0.000010
271830 -0.000024
271840 0.000011
271850 0.000016
271860 0.000013
271870 0.000005
271880 -0.000001
271890 0.000009
271900 0.000012
271910 -0.001187
271920 0.000025
271930 -0.000035
271940 -0.000002
271950 -0.000033
271960 0.000000
271990 0.000010
272000 -0.000016
272010 0.000003
272030 0.000004
272040 0.000014
272050 0.000013
272060 -0.001293
272070 0.000002
272080 0.000013
272090 0.000011
272100 -0.000033
272110 -0.000005
272120 0.000014
272130 0.000001
272140 0.000013
272150 0.000008
272160 0.000006
272170 -0.000019
272180 0.000014
272190 -0.000027
272200 0.000012
272210 -0.001272
272220 0.000011
272230 -0.000021
272240 0.000009
272250 0.000010
272260 0.000020
272270 0.000009
272280 0.000013
272290 -0.000038
272300 0.000006
272310 0.000019
272330 0.000009
272340 -0.000036
272350 0.000015
272370 0.000002
272380 -0.000019
272390 0.000012
272400 -0.000036
272410 0.000003
272420 -0.001283
272430 -0.000021
272440 0.000011
272450 0.000007
272460 -0.000001
272470 0.000005
272480 0.000009
272490 0.000006
272500 -0.000008
272510 0.000011
272520 0.000025
272530 -0.000025
272540 -0.000041
272550 0.000011
272560 0.000009
272570 0.000021
272580 0.000011
272590 0.000019
272600 0.000020
272610 0.000017
272620 0.000008
272630 0.000012
272640 0.000011
272650 -0.000014
272660 0.000007
272670 -0.000007
272680 0.000007
272690 0.000005
272700 -0.000003
272710 -0.000016
272720 -0.000002
272730 0.000012
272750 0.000001
272760 0.000009
272780 -0.000017
272790 -0.000043
272800 -0.000026
272810 -0.000027
272820 -0.001286
272830 -0.000019
272840 0.000004
272870 0.000018
272880 0.000009
272890 -0.001276
272900 -0.000020
272910 0.000013
272920 0.000012
272930 -0.000045
272940 0.000015
272950 0.000019
272960 0.000014
272970 0.000018
272980 0.000004
272990 0.000007
273000 0.000009
273010 0.000027
273020 -0.001204
273030 0.000015
273040 -0.000030
273050 -0.000045
273060 -0.000031
273070 -0.000038
273080 -0.000027
273090 0.000006
273100 0.000005
273110 -0.001169
273120 0.000003
273130 0.000020
273140 0.000011
273150 -0.000004
273160 -0.000026
273170 -0.000014
273180 0.000017
273190 -0.000012
273210 0.000012
273220 0.000014
273230 0.000012
273240 -0.000032
273250 0.000026
273260 -0.000035
273270 -0.000006
273280 0.000003
273300 -0.000008
273310 0.000010
273320 -0.001241
273330 -0.000011
273340 0.000022
273350 0.000010
273360 0.000021
273370 0.000007
273380 0.000004
273390 0.000009
273400 0.000004
273410 0.000014
273420 0.000004
273430 0.000017
273440 0.000007
273450 -0.000025
273460 0.000005
273470 0.000014
273480 -0.000001
273490 0.000020
273500 0.000010
273510 0.000014
273520 0.000011
273530 0.000005
273540 0.000016
273550 -0.000030
273560 0.000007
273570 0.000010
273580 0.000012
273590 0.000276
273610 0.000013
273620 0.000014
273630 -0.000029
273640 0.000011
273650 0.000006
273660 0.000013
273670 0.000012
273680 0.000011
273690 0.000016
273700 -0.000001
273710 0.000001
273720 -0.000017
273730 0.000007
273740 0.000013
273750 0.000018
273760 -0.000044
273770 -0.000027
273780 -0.000003
273790 -0.000030
273800 -0.000016
273810 -0.000003
273830 0.000019
273840 0.000005
273850 0.000019
273860 0.000011
273870 0.000015
273880 0.000004
273890 0.000016
273900 0.000016
273910 0.000004
273920 0.000018
273930 -0.000016
273940 0.000011
273950 -0.001272
273960 -0.000026
273970 -0.000015
273980 -0.000007
273990 0.000014
274000 0.000002
274010 0.000005
274020 -0.001227
274030 0.000014
274040 0.000017
274050 -0.000017
274070 -0.000201
274080 -0.000011
274090 -0.000002
274100 0.000018
274110 -0.001132
274120 0.000011
274130 0.000016
274140 0.000024
274150 -0.001363
274160 0.000011
274170 0.000011
274180 -0.000035
274190 -0.000007
274200 0.000006
274210 0.000008
274220 0.000010
274230 0.000011
274240 -0.000020
274250 0.000012
274260 -0.000034
274270 -0.000030
274280 0.000004
274290 0.000013
274300 0.000012
274310 0.000032
274320 0.000014
274330 0.000013
274340 -0.000023
274350 -0.000018
274360 0.000015
274370 0.000011
274380 0.000014
274390 0.000006
274410 -0.000003
274420 -0.001108
274430 0.000017
274440 0.000013
274450 -0.000026
274460 0.000013
274480 -0.000030
274490 -0.000010
274500 0.000011
274510 0.000015
274520 -0.000004
274530 0.000064
274550 0.000012
274560 0.000018
274570 0.000025
274580 0.000011
274590 -0.000031
274600 0.000005
274610 -0.001321
274620 -0.000019
274630 -0.000010
274640 0.000020
274650 -0.001242
274660 0.000017
274670 0.000011
274680 0.000012
274690 -0.001274
274700 0.000161
274710 0.000014
274720 0.000014
274730 -0.000020
274740 0.000010
274750 0.000020
274760 -0.000025
274770 0.000012
274780 -0.001384
274790 -0.000018
274800 -0.000080
274810 0.000010
274820 -0.000006
274830 0.000016
274840 0.000017
274850 0.000023
274870 0.000018
274880 -0.000016
274890 0.000007
274900 0.000015
274910 -0.001126
274920 -0.000014
274940 0.000026
274950 0.000008
274960 -0.000005
274970 0.000016
274980 -0.000007
274990 0.000014
275000 0.000019
275010 0.000011
275020 0.000013
275030 -0.000010
275040 0.000009
275050 0.000013
275060 -0.000025
275070 0.000002
275080 -0.001326
275090 -0.000008
275100 -0.000012
275110 0.000019
275120 0.000005
275130 -0.000000
275140 -0.000030
275150 -0.000029
275160 0.000018
275170 0.000005
275190 0.000020
275210 0.000010
275220 0.000015
275230 0.000012
275240 -0.000023
275250 -0.000002
275260 -0.000029
275270 -0.001561
275280 0.000010
275290 0.000008
275300 -0.001258
275310 0.000012
275320 0.000011
275330 -0.000032
275340 -0.000004
275350 0.000010
275360 -0.000016
275370 0.000020
275380 0.000000
275390 -0.001259
275400 0.000015
275410 -0.000018
275420 -0.000012
275430 0.000009
275440 -0.000001
275450 0.000017
275460 0.000015
275470 0.000012
275480 0.000016
275490 -0.000037
275500 0.000005
275510 0.000004
275520 0.000009
275530 -0.000001
275540 0.000023
275550 -0.000006
275560 0.000018
275570 0.000017
275580 0.000012
275590 0.000017
275600 -0.000070
275610 0.000012
275620 -0.000011
275630 -0.000022
275640 0.000007
275650 0.000017
275660 -0.000041
275670 0.000013
275680 0.000000
275690 0.000018
275700 0.000020
275710 -0.000029
275720 0.000006
275730 0.000014
275740 0.000016
275750 0.000001
275760 0.000000
275770 -0.000062
275780 -0.000005
275790 -0.000030
275800 0.000005
275810 0.000011
275820 0.000010
275830 0.000000
275850 -0.000032
275860 0.000009
275870 0.000018
275880 0.000020
275890 -0.000002
275900 0.000011
275910 -0.000043
275920 0.000011
275930 -0.000002
275940 0.000010
275950 0.000007
275960 -0.000000
275970 0.000018
275980 -0.000007
275990 0.000015
276000 0.000013
276010 -0.000030
276020 0.000014
276030 0.000017
276040 0.000007
276050 0.000014
276060 0.000014
276070 0.000013
276080 0.000005
276090 0.000007
276100 0.000005
276110 -0.000015
276120 -0.000066
276130 -0.001255
276140 -0.000009
276150 -0.000013
276160 0.000018
276170 0.000014
276180 0.000006
276190 0.000016
276200 0.000003
276210 -0.001211
276220 -0.000019
276230 0.000011
276240 0.000028
276250 0.000009
276260 -0.001186
276270 -0.000025
276280 -0.000010
276290 0.000008
276300 0.000007
276310 0.000017
276320 -0.000032
276340 -0.000024
276350 0.000001
276360 -0.001255
276370 -0.000012
276380 0.000011
276390 -0.000024
276400 0.000039
276410 -0.001226
276420 -0.000035
276430 -0.000031
276440 -0.000017
276450 -0.000031
276460 -0.000027
276470 -0.000015
276490 0.000020
276500 0.000004
276510 0.000019
276520 0.000011
276530 0.000017
276540 0.000007
276550 0.000011
276560 0.000010
276580 0.000001
276590 0.000025
276600 -0.000023
276610 0.000007
276620 -0.000014
276640 0.000031
276650 0.000016
276670 0.000014
276680 0.000016
276690 0.000019
276700 0.000018
276710 0.000013
276720 -0.000003
276730 0.000049
276740 0.000004
276750 0.000011
276760 -0.001155
276780 -0.001201
276790 0.000014
276800 -0.001168
276810 0.000006
276820 -0.000014
276830 0.000015
276840 0.000011
276850 0.000009
276860 0.000005
276870 0.000016
276880 0.000014
276890 -0.000022
276900 0.000009
276910 0.000003
276920 0.000014
276930 0.000012
276940 0.000020
276950 0.000022
276970 0.000009
276980 -0.000086
276990 0.000012
277000 0.000016
277010 0.000015
277020 -0.000033
277030 -0.000036
277040 0.000009
277050 0.000011
277060 0.000162
277070 -0.001267
277080 -0.000033
277090 0.000008
277100 0.000005
277110 0.000001
277120 0.000015
277130 -0.000004
277140 -0.000004
277150 -0.001212
277160 -0.001193
277170 0.000016
277180 -0.000000
277190 0.000004
277200 0.000010
277210 -0.000040
277220 0.000016
277230 -0.000006
277240 0.000017
277250 -0.000034
277260 0.000019
277270 0.000011
277280 0.000008
277290 0.000207
277300 -0.000013
277310 -0.000030
277320 -0.000048
277330 -0.000007
277340 0.000003
277350 0.000019
277360 0.000010
277370 0.000011
277380 -0.000033
277390 0.000012
277400 0.000021
277410 0.000014
277420 -0.001201
277430 0.000010
277440 0.000008
277450 0.000010
277460 0.000006
277480 0.000010
277490 -0.000065
277500 0.000027
277510 0.000005
277520 -0.001241
277530 -0.000016
277540 -0.000012
277550 0.000018
277560 -0.000026
277570 0.000012
277580 -0.000014
277590 0.000012
277600 -0.000033
277610 0.000006
277620 0.000004
277630 0.000008
277640 0.000019
277650 0.000008
277670 -0.001299
277690 0.000011
277700 -0.000017
277710 0.000011
277720 0.000010
277730 0.000006
277740 0.000014
277760 0.000010
277770 0.000015
277780 0.000004
277790 0.000016
277800 0.000010
277810 -0.000013
277820 -0.000001
277830 0.000010
277840 -0.000006
277850 -0.000017
277860 -0.000046
277870 0.000013
277880 0.000008
277890 0.000018
277900 0.000023
277910 0.000002
277920 0.000020
277930 0.000012
277940 0.000006
277950 0.000024
277960 0.000028
277970 0.000013
277980 -0.000001
277990 -0.000000
278000 0.000015
278010 0.000016
278020 0.000003
278030 0.000012
278040 0.000006
278050 0.000006
278060 0.000015
278080 0.000015
278090 -0.000010
278100 0.000098
278110 0.000019
278130 0.000018
278140 0.000004
278150 0.000007
278160 0.000013
278170 0.000012
278180 0.000013
278190 0.000008
278200 0.000009
278210 0.000003
278220 -0.000004
278230 0.000018
278240 0.000010
278250 -0.000035
278260 0.000004
278270 0.000005
278280 -0.000011
278290 -0.000002
278300 0.000018
278310 0.000008
278320 0.000012
278330 0.000013
278340 -0.000063
278350 -0.000018
278360 -0.000030
278370 0.000005
278380 0.000011
278390 -0.000006
278400 0.000017
278420 -0.000007
278430 0.000012
278440 -0.000036
278450 0.000010
278460 -0.001044
278470 0.000007
278480 -0.000058
278490 -0.000032
278500 0.000004
278510 0.000015
278520 0.000015
278530 -0.000019
278540 -0.000002
278550 -0.000038
278560 0.000024
278570 0.000025
278580 -0.000009
278590 -0.000014
278600 0.000009
278610 0.000007
278620 -0.000011
278630 0.000015
278640 0.000106
278660 -0.000112
278670 0.000005
278680 -0.000031
278690 0.000011
278700 -0.000004
278710 0.000867
278720 0.000019
278730 0.000014
278740 0.000022
278760 -0.002008
278770 -0.000008
278780 0.000021
278790 -0.000022
278800 0.000018
278810 0.000007
278820 0.000012
278830 -0.000013
278840 -0.000002
278850 -0.000027
278860 0.000014
278870 -0.000005
278880 0.000018
278890 0.000015
278900 -0.000003
278920 0.000014
278930 -0.000012
278940 -0.000017
278950 0.000010
278960 0.000017
278970 -0.000040
278980 0.000015
278990 0.000021
279000 0.000027
279010 -0.000017
279020 0.000005
279030 0.000008
279040 0.000005
279050 -0.000039
279060 -0.000017
279070 0.000014
279080 0.000010
279090 0.000006
279100 0.000013
279110 -0.000019
279120 -0.000014
279130 0.000011
279140 -0.000004
279150 0.000000
279160 -0.000003
279170 0.000009
279180 0.000002
279190 0.000004
279200 -0.000005
279220 -0.000026
279230 -0.001983
279240 0.000009
279250 0.000002
279260 -0.000017
279270 -0.000068
279280 -0.001455
279290 0.000014
279300 0.000016
279310 -0.000003
279320 -0.000005
279330 0.000020
279340 -0.000006
279350 -0.000016
279360 0.000023
279370 -0.000807
279390 0.000017
279400 0.000012
279410 0.000014
279420 0.000009
279430 0.000015
279450 0.000009
279460 0.000021
279480 -0.000017
279490 0.000010
279500 0.000000
279510 0.000003
279520 0.000018
279530 0.000025
279540 -0.000006
279550 -0.000017
279560 -0.000000
279570 0.000032
279580 -0.000005
279590 -0.000029
279600 0.000002
279620 -0.000363
279630 0.000006
279640 0.000006
279650 0.000015
279660 0.000014
279670 0.000004
279680 0.000017
279690 -0.000035
279700 0.000018
279710 0.000010
279720 0.000013
279730 0.000013
279740 0.000008
279750 -0.000013
279760 0.000010
279770 -0.000014
279780 0.000029
279790 -0.000052
279800 -0.000018
279810 0.000010
279820 -0.000002
279830 0.000014
279850 -0.000042
279860 0.000009
279870 0.000009
279880 -0.000070
279890 0.000008
279900 0.000012
279910 0.000019
279920 0.000007
279930 0.000011
279940 -0.001163
279950 -0.000020
279960 0.000015
279970 0.000050
279980 -0.000026
280000 0.000003
280010 0.000009
280020 -0.000000
280030 0.000011
280050 0.000011
280060 0.000004
280070 -0.000025
280080 -0.000010
280090 0.000010
280100 0.000010
280110 -0.000027
280120 0.000006
280130 0.000012
280140 -0.000024
280150 -0.000008
280160 0.000018
280170 -0.000008
280180 0.000007
280190 -0.001166
280200 0.000009
280210 -0.000046
280220 0.000014
280230 0.000008
280240 -0.001166
280250 0.000007
280260 -0.000030
280270 0.000006
280280 0.000009
280290 0.000008
280300 -0.001127
280310 -0.000023
280320 0.000014
280330 0.000015
280340 0.000005
280350 0.000001
280360 0.000005
280370 0.000014
280380 0.000006
280390 -0.000032
280400 0.000016
280410 0.000009
280420 -0.000036
280430 -0.000011
280440 -0.001001
280450 0.000014
280460 -0.000032
280480 0.000016
280490 0.000021
280500 -0.000011
280510 0.000015
280530 0.000011
280540 0.000013
280550 0.000009
280560 0.000016
280570 -0.000015
280590 -0.000083
280600 0.000007
280610 -0.000022
280620 0.000066
280630 -0.001324
280650 0.000003
280660 -0.000003
280670 0.000016
280680 0.000018
280690 0.000011
280710 -0.000026
280720 0.000013
280730 0.000022
280740 -0.000015
280750 -0.001273
280760 0.000016
280770 -0.000003
280780 -0.000025
280790 0.000012
280800 0.000010
280810 -0.001108
280820 0.000014
280830 0.000016
280840 0.000004
280850 0.000006
280860 0.000021
280870 0.000012
280880 0.000017
280890 -0.000004
280900 -0.000023
280910 0.000016
280920 0.000006
280930 -0.000002
280940 -0.000066
280960 -0.000024
280970 0.000006
280980 -0.000003
280990 0.000011
281000 0.000008
281010 0.000319
281020 -0.000030
281030 -0.000013
281040 0.000004
281050 -0.000058
281060 -0.000030
281070 0.000008
281080 0.000018
281090 0.000008
281100 -0.000009
281110 0.000002
281120 0.000008
281130 -0.000030
281140 0.000017
281150 -0.000003
281160 0.000019
281170 0.000014
281180 0.000004
281190 0.000013
281200 0.000011
281210 -0.000055
281220 -0.000004
281230 0.000013
281240 0.000006
281250 -0.000002
281260 -0.000008
281270 -0.000025
281280 0.000009
281290 -0.000026
281300 -0.001416
281310 0.000006
281320 0.000023
281330 0.000012
281340 0.000003
281350 0.000012
281360 0.000010
281370 -0.001224
281380 0.000012
281390 0.000014
281400 0.000018
281410 0.000017
281420 0.000011
281430 -0.000000
281440 -0.000032
281450 0.000011
281460 -0.000102
281470 -0.000004
281480 0.000011
281490 0.000009
281500 -0.000026
281510 0.000014
281520 0.000017
281530 -0.000034
281540 0.000002
281550 -0.000001
281560 0.000062
281570 -0.000036
281580 0.000001
281590 -0.000123
281600 -0.000006
281610 0.000002
281620 -0.000009
281630 -0.000046
281640 0.000006
281660 -0.001188
281670 0.000015
281680 0.000013
281690 0.000004
281700 -0.000032
281710 -0.000025
281720 -0.000015
281730 -0.000004
281740 0.000003
281750 -0.000026
281760 -0.000009
281770 0.000017
281780 0.000009
281790 0.000015
281800 0.000014
281810 0.000016
281820 0.000024
281830 0.000013
281850 -0.001252
281860 -0.000018
281870 -0.000034
281880 0.000010
281890 0.000072
281900 0.000014
281910 -0.000032
281920 -0.000045
281930 -0.000029
281940 -0.000001
281950 0.000086
281960 -0.000031
281970 -0.000029
281980 0.000010
281990 -0.000011
282000 -0.001219
282010 -0.001167
282020 0.000022
282030 -0.000068
282040 0.000016
282050 0.000011
282060 0.000009
282070 -0.000010
282080 -0.000028
282090 -0.000000
282100 -0.001151
282110 0.000023
282120 0.000006
282130 -0.001190
282140 0.000020
282160 -0.000006
282170 0.000016
282180 0.000016
282190 -0.000033
282200 -0.000945
282210 -0.000012
282220 -0.001306
282230 0.000004
282240 0.000011
282250 0.000015
282260 0.000014
282270 0.000009
282280 0.000016
282290 0.000010
282300 -0.000013
282310 0.000016
282320 -0.001323
282330 -0.000012
282340 0.000016
282350 0.000004
282360 -0.001243
282370 -0.000132
282380 0.000018
282390 -0.000036
282400 -0.000001
282410 0.000011
282420 -0.000035
282430 -0.000026
282440 -0.000006
282450 -0.000029
282460 0.000001
282470 0.000010
282480 0.000015
282490 0.000146
282500 -0.000001
282510 -0.000036
282520 -0.001229
282530 0.000015
282540 0.000009
282550 0.000012
282560 -0.001186
282570 -0.000015
282580 0.000006
282590 0.000010
282600 0.000007
282620 0.000009
282630 0.000010
282640 0.000011
282650 0.000013
282660 -0.001106
282670 0.000003
282680 -0.000058
282690 -0.000030
282700 0.000002
282710 -0.000001
282720 -0.001177
282730 -0.001170
282740 0.000014
282750 0.000013
282760 0.000010
282770 0.000004
282780 0.000004
282790 0.000026
282800 0.000012
282810 -0.000001
282820 0.000013
282830 0.000010
282840 0.000007
282850 0.000001
282860 0.000014
282870 0.000008
282880 0.000009
282890 0.000018
282900 0.000013
282910 0.000006
282920 -0.001099
282930 0.000013
282940 -0.000016
282950 0.000044
282960 0.000018
282970 0.000017
282980 0.000009
282990 0.000007
283000 -0.000036
283010 0.000005
283020 -0.001282
283030 0.000005
283040 0.000011
283050 0.000003
283060 0.000016
283070 0.000197
283080 0.000009
283100 0.000010
283110 0.000010
283120 0.000014
283130 0.000024
283140 -0.000021
283150 -0.000033
283160 -0.001232
283170 0.000004
283180 -0.000032
283200 0.000010
283210 -0.000001
283220 0.000008
283230 -0.000029
283240 0.000003
283250 0.000022
283260 -0.000033
283270 0.000011
283280 0.000014
283290 0.000003
283300 0.000005
283310 0.000011
283320 0.000007
283330 0.000008
283340 0.000011
283350 -0.000113
283360 -0.000009
283370 -0.001036
283380 0.000029
283390 -0.001292
283400 0.000007
283410 0.000004
283420 -0.001202
283430 0.000011
283440 0.000005
283450 -0.001205
283460 -0.000017
283470 0.000011
283480 0.000010
283500 -0.000036
283510 0.000017
283520 -0.000025
283530 -0.000030
283540 0.000008
283550 0.000013
283560 0.000021
283570 -0.000008
283580 -0.000024
283600 -0.001170
283610 0.000009
283620 -0.000013
283630 -0.000036
283640 -0.000004
283650 0.000020
283660 -0.000034
283670 0.000023
283680 0.000003
283690 0.000021
283700 -0.000004
283710 -0.001186
283720 -0.000085
283730 -0.000019
283740 -0.000003
283750 0.000015
283760 0.000018
283770 -0.000039
283780 0.000013
283790 -0.000009
283800 -0.000014
283810 -0.000059
283820 -0.001219
283830 0.000016
283840 -0.000425
283850 0.000013
283860 -0.001437
283870 -0.000009
283880 0.000017
283890 -0.000027
283900 0.000009
283910 -0.001380
283920 -0.000024
283930 0.000008
283940 0.000003
283950 0.000012
283960 -0.000014
283970 0.000014
283980 0.000008
283990 0.000014
284010 0.000007
284020 0.000013
284030 0.000017
284040 0.000018
284050 0.000022
284060 0.000014
284070 -0.000030
284080 0.000006
284090 -0.000024
284100 0.000008
284110 0.000015
284120 0.000019
284130 0.000007
284140 0.000012
284150 0.000007
284160 -0.000010
284170 -0.000020
284180 0.000028
284190 0.000017
284200 0.000009
284210 -0.000019
284220 -0.000004
284230 0.000139
284240 -0.000037
284250 -0.001189
284260 -0.000029
284270 -0.000005
284280 0.000014
284290 0.000013
284300 0.000006
284310 0.000012
284320 -0.000002
284330 0.000017
284340 0.000014
284350 0.000013
284360 0.000016
284370 0.000021
284380 -0.000002
284390 -0.000018
284400 0.000003
284410 0.000016
284420 0.000001
284430 0.000016
284440 0.000011
284450 0.000008
284460 0.000006
284470 0.000003
284480 -0.001234
284490 -0.000011
284500 0.000014
284510 0.000001
284520 0.000011
284530 0.000001
284540 -0.000017
284550 -0.001177
284560 -0.000076
284570 0.000011
284580 -0.000000
284590 0.000007
284600 0.000016
284610 0.000015
284620 0.000006
284630 0.000007
284640 -0.000025
284650 0.000011
284660 0.000020
284670 -0.000010
284680 0.000016
284690 0.000014
284700 0.000102
284720 0.000098
284740 0.000019
284750 -0.000009
284760 -0.000002
284770 -0.000013
284780 -0.000031
284800 0.000009
284810 0.000015
284820 -0.000001
284830 -0.001237
284840 0.000013
284860 -0.001203
284870 0.000009
284890 0.000021
284900 0.000023
284910 0.000011
284930 -0.000019
284940 0.000005
284950 0.000011
284960 0.000025
284970 0.000011
284980 0.000005
284990 -0.000044
285000 0.000003
285010 0.000021
285020 0.000011
285030 -0.000041
285040 -0.000036
285050 -0.001117
285060 0.000007
285070 0.000006
285080 -0.000029
285090 -0.000032
285100 0.000016
285110 -0.001284
285120 0.000063
285130 -0.000123
285140 -0.000219
285150 0.000012
285160 0.000019
285170 0.000040
285180 -0.001408
285190 0.000010
285200 -0.000016
285210 -0.001394
285220 -0.001376
285230 0.000012
285240 -0.000974
285250 0.000013
285260 0.000002
285270 -0.000001
285280 -0.000027
285290 -0.000029
285300 0.000006
285310 0.000014
285320 0.000014
285330 0.000008
285340 0.000003
285350 -0.000037
285360 0.000002
285370 -0.000028
285380 0.000012
285390 0.000002
285400 0.000019
285410 0.000007
285420 0.000011
285430 0.000008
285440 0.000015
285450 -0.001191
285460 0.000002
285470 -0.000000
285480 0.000019
285490 0.000012
285500 -0.000015
285510 -0.000020
285520 0.000009
285530 0.000010
285540 0.000060
285550 0.000007
285560 -0.000001
285570 0.000011
285580 -0.001234
285590 -0.000024
285600 -0.000041
285610 0.000020
285620 0.000333
285630 0.000005
285640 -0.000003
285650 -0.000055
285660 0.000007
285670 -0.001174
285680 0.000010
285700 -0.000025
285710 0.000021
285720 -0.000040
285730 -0.000032
285740 0.000018
285750 -0.000076
285760 0.001779
285770 0.000010
285780 -0.000022
285790 0.000015
285800 0.000023
285810 0.000047
285820 0.000009
285830 0.000009
285840 0.000003
285850 0.000007
285860 -0.000062
285870 -0.000018
285880 0.000008
285890 -0.001309
285900 -0.000001
285910 0.000013
285930 0.000002
285940 0.000021
285950 0.000019
285960 0.000011
285970 -0.000039
285980 0.000001
285990 0.000011
286000 0.000014
286010 0.000007
286020 -0.000021
286030 0.000009
286040 0.000012
286060 -0.001222
286070 0.000021
286080 0.000016
286090 0.000013
286110 -0.001246
286120 -0.000028
286130 0.000016
286140 0.000009
286150 0.000013
286160 0.000002
286170 0.000010
286180 0.000010
286190 -0.000013
286200 0.000012
286210 0.000018
286220 -0.000835
286230 0.000013
286240 -0.000025
286250 -0.000033
286260 0.000013
286270 0.000005
286280 0.000013
286290 0.000012
286300 -0.000023
286310 -0.000922
286320 0.000016
286330 0.000010
286340 0.000018
286350 0.000014
286360 -0.000033
286370 0.000015
286380 0.000011
286390 -0.000000
286400 0.000007
286410 -0.000001
286420 0.000015
286430 -0.000038
286440 0.000010
286450 -0.000005
286460 0.000009
286470 -0.000079
286480 -0.000018
286490 -0.000002
286510 -0.000015
286520 -0.000043
286530 0.000008
286540 0.000010
286550 0.000018
286560 0.000005
286570 0.000013
286580 -0.001284
286590 -0.000037
286600 -0.000034
286610 -0.000042
286620 -0.000020
286630 0.000011
286640 0.000013
286660 0.000010
286670 -0.000061
286680 0.000004
286690 0.000015
286700 0.000007
286710 0.000007
286720 0.000017
286730 0.000017
286740 -0.000021
286750 -0.000036
286760 -0.000003
286770 0.000016
286780 0.000016
286790 0.000009
286800 0.000014
286810 0.000010
286820 -0.000053
286830 -0.000074
286840 -0.001185
286850 0.000011
286860 0.000019
286870 0.000014
286880 0.000013
286890 0.000001
286910 0.000011
286920 0.000009
286930 0.000016
286940 0.000061
286950 0.000011
286960 -0.000000
286970 -0.000022
286980 0.000008
286990 0.000015
287000 -0.000014
287010 -0.000017
287020 0.000014
287030 0.000020
287040 0.000017
287050 0.000006
287060 -0.000031
287070 0.000607
287080 0.000013
287090 0.000012
287100 0.000013
287110 -0.001253
287120 0.000014
287130 0.000015
287140 0.000010
287150 0.000011
287160 0.000015
287170 0.000014
287180 0.000013
287190 0.000008
287200 0.000010
287210 0.000002
287220 0.000018
287230 0.000002
287240 0.000011
287250 -0.001165
287260 0.000018
287270 -0.000031
287280 0.000016
287290 -0.001278
287300 0.000018
287310 -0.001263
287320 0.000004
287330 0.000011
287340 0.000011
287350 0.000009
287360 0.000008
287370 0.000015
287380 0.000016
287390 -0.000011
287400 0.000006
287410 0.000012
287420 0.000016
287430 0.000008
287440 0.000014
287450 0.000013
287460 0.000005
287470 0.000005
287480 -0.000044
287490 -0.000021
287500 0.000012
287510 0.000007
287520 0.000009
287530 -0.000028
287540 -0.000028
287550 0.000015
287560 -0.000000
287570 0.000018
287580 -0.000028
287590 0.000005
287600 0.000015
287610 0.000010
287620 -0.000030
287630 -0.000001
287640 -0.000009
287650 0.000010
287660 0.000021
287670 0.000011
287680 0.000014
287690 0.000007
287700 0.000003
287710 0.000015
287720 0.000005
287730 0.000005
287740 0.000017
287750 0.000005
287760 -0.001178
287770 0.000015
287780 0.000019
287790 -0.000017
287800 0.000010
287810 -0.000082
287820 -0.000027
287830 0.000014
287840 0.000006
287850 0.000020
287860 0.000014
287870 -0.000026
287880 0.000032
287890 -0.000008
287900 0.000006
287910 0.000001
287920 -0.000004
287930 0.000013
287940 0.000005
287950 0.000014
287960 -0.000003
287970 -0.000080
287980 0.000076
287990 0.000010
288000 0.000010
288010 0.000007
288020 0.000013
288030 0.000008
288040 0.000015
288050 0.000003
288060 -0.000041
288070 0.000015
288080 0.000006
288090 0.000013
288100 0.000010
288110 0.000011
288120 0.000011
288130 0.000009
288140 0.000019
288160 -0.000030
288170 0.000012
288180 0.000006
288190 0.000009
288200 0.000009
288210 0.000006
288220 0.000022
288230 -0.000040
288240 0.000008
288250 0.000003
288260 0.000024
288270 -0.000003
288280 0.000017
288290 -0.000015
288310 0.000012
288320 0.000016
288330 0.000009
288340 0.000010
288350 0.000013
288360 0.000000
288380 -0.001577
288390 -0.000540
288400 0.000006
288410 -0.000010
288420 -0.001299
288430 0.000020
288440 0.000008
288450 -0.000033
288460 0.000012
288470 0.000004
288490 0.000001
288500 -0.000027
288510 -0.000048
288520 0.000015
288530 0.000008
288540 -0.001233
288550 0.000011
288560 0.000016
288570 -0.000523
288580 -0.000132
288590 0.000010
288600 -0.000011
288610 -0.001334
288620 0.000014
288630 0.000011
288640 -0.000003
288650 0.000015
288660 0.000015
288670 0.000010
288680 -0.000023
288690 0.000007
288700 0.000005
288710 0.000014
288720 0.000008
288730 -0.001309
288740 -0.000009
288750 -0.000046
288760 0.000012
288780 0.000011
288790 0.000016
288800 0.000018
288810 -0.000004
288820 0.000009
288830 0.000017
288840 -0.000019
288850 0.000006
288860 0.000011
288870 0.000013
288880 -0.000044
288890 0.000049
288900 0.000032
288910 0.000020
288920 -0.000023
288930 0.000017
288940 -0.000007
288950 0.000016
288960 -0.000007
288970 -0.000003
288990 0.000010
289000 0.000065
289010 -0.000002
289020 -0.000037
289030 -0.000005
289040 -0.000026
289050 -0.000034
289060 0.000002
289070 -0.000033
289090 -0.000039
289100 0.000009
289110 0.000006
289120 -0.000024
289130 -0.000010
289140 0.000011
289150 -0.000095
289160 0.000022
289170 -0.000005
289180 -0.000009
289190 0.000013
289200 0.000010
289210 0.000014
289220 0.000013
289230 0.000020
289240 0.000021
289250 0.000010
289260 0.000007
289270 0.000010
289280 0.000001
289290 0.000004
289300 -0.000970
289310 0.000008
289320 -0.000035
289330 0.000009
289340 0.000007
289350 -0.000047
289360 -0.001345
289370 0.000015
289380 -0.000034
289390 0.000008
289400 0.000026
289410 0.000006
289420 0.000023
289430 -0.001218
289440 0.000010
289450 0.000008
289460 -0.000048
289470 0.000014
289480 0.000007
289490 0.000018
289510 0.000007
289520 0.000002
289530 -0.000005
289540 0.000010
289550 -0.000020
289560 0.000008
289570 -0.000015
289590 0.000009
289610 0.000011
289630 -0.000018
289640 -0.000020
289650 -0.000536
289660 0.000017
289670 -0.000029
289680 0.000010
289690 0.000010
289700 0.000001
289710 -0.001234
289720 0.000009
289730 -0.000936
289740 0.000032
289750 -0.000036
289760 0.000016
289770 -0.000013
289790 0.000020
289800 0.000009
289810 0.000013
289820 -0.000019
289830 -0.000033
289840 0.000014
289850 0.000018
289860 0.000018
289870 0.000017
289880 0.000011
289890 0.000019
289900 0.000019
289910 0.000012
289920 0.000012
289930 -0.000007
289940 0.000025
289950 0.000019
289960 0.000016
289970 -0.000005
289980 -0.000012
289990 0.000011
290000 0.000015
290010 0.000016
290020 0.000002
290030 -0.001278
290040 -0.000039
290050 -0.000020
290060 -0.000001
290070 -0.000061
290080 0.000005
290090 -0.000009
290100 -0.000006
290110 0.000002
290120 -0.000037
290130 0.000014
290140 0.000010
290150 0.000021
290160 0.000014
290170 -0.000010
290180 -0.000023
290190 0.000009
290200 0.000013
290210 -0.000005
290220 0.000027
290230 0.000004
290240 -0.000024
290250 0.000012
290260 -0.000006
290270 0.000014
290280 -0.001106
290290 -0.000022
290300 0.000019
290310 0.000015
290320 0.000008
290330 -0.000031
290340 0.000013
290350 -0.001352
290370 -0.001310
290390 -0.000006
290400 -0.000031
290410 0.000015
290420 -0.000019
290430 0.000010
290450 -0.000030
290460 0.000009
290470 -0.000009
290480 0.000008
290490 0.000011
290500 0.000020
290510 0.000015
290520 0.000018
290530 0.000017
290540 0.000002
290550 0.000012
290560 0.000014
290570 0.000013
290580 0.000000
290590 0.000011
290600 0.000014
290610 0.000048
290620 0.000008
290630 0.000017
290640 0.000016
290650 0.000012
290670 -0.000025
290680 -0.000034
290690 0.000015
290700 -0.001205
290710 0.000012
290720 0.000012
290730 -0.001230
290740 0.000018
290750 0.000014
290760 0.000017
290770 -0.000033
290780 -0.000023
290790 0.000006
290800 -0.000028
290810 0.000009
290820 -0.000051
290830 0.000008
290840 0.000011
290850 0.000013
290860 0.000012
290870 0.000013
290880 0.000014
290890 0.000008
290900 -0.000035
290910 0.000006
290920 0.000015
290930 0.000012
290940 0.000009
290950 0.000004
290960 -0.000042
290970 0.000016
290980 0.000016
290990 0.000020
291000 -0.001214
291010 0.000017
291020 -0.000030
291030 -0.000053
291040 -0.001291
291050 0.000014
291060 -0.000030
291070 0.000012
291080 0.000009
291090 0.000006
291110 -0.000020
291120 0.000007
291130 -0.000010
291140 0.000014
291150 0.000006
291160 0.000013
291170 0.000010
291180 0.000013
291190 0.000013
291210 -0.000046
291220 0.000012
291230 -0.000031
291240 0.000007
291250 0.000012
291260 -0.000037
291280 0.000014
291290 -0.001163
291310 -0.001178
291320 0.000014
291330 0.000006
291340 -0.000003
291350 0.000001
291370 0.000010
291380 0.000013
291390 -0.000001
291400 0.000010
291410 0.000005
291420 0.000011
291430 0.000016
291440 0.000002
291450 0.000014
291460 -0.000015
291470 -0.000095
291480 0.000021
291490 0.000015
291500 0.000013
291510 -0.000008
291520 -0.000024
291530 -0.000004
291540 0.000017
291550 0.000010
291560 -0.001135
291570 0.000013
291590 0.000014
291600 0.000010
291610 0.000008
291620 -0.000038
291630 0.000008
291650 0.000020
291660 0.000006
291670 -0.000029
291680 0.000022
291690 -0.001118
291700 -0.001340
291710 -0.000031
291730 0.000017
291740 0.000012
291750 0.000012
291760 -0.000031
291770 -0.000008
291780 0.000013
291790 0.000007
291800 0.000012
291820 -0.000014
291830 0.000011
291840 0.000015
291850 0.000018
291860 -0.000002
291870 0.000016
291880 -0.000077
291890 0.000797
291900 -0.000036
291910 0.000010
291920 0.000011
291930 0.000011
291940 0.000015
291950 -0.000045
291960 -0.000021
291970 0.000010
291980 0.000011
292000 0.000001
292010 0.000012
292020 0.000014
292030 0.000000
292040 -0.000023
292050 0.000001
292060 -0.000019
292070 0.000014
292080 0.000007
292090 0.000011
292120 -0.000002
292130 0.000009
292140 0.000083
292150 0.000020
292160 0.000000
292170 -0.000012
292180 0.000003
292190 -0.000321
292200 0.000010
292210 0.000012
292220 -0.000022
292230 -0.000006
292250 -0.001235
292260 0.000014
292270 0.000003
292280 -0.000005
292290 0.000008
292300 -0.000019
292310 0.000009
292320 0.000011
292330 0.000013
292340 0.000016
292350 0.000014
292360 0.000002
292370 0.000008
292380 0.000007
292390 0.000022
292400 0.000000
292410 -0.000011
292420 -0.001217
292430 0.000011
292440 0.000005
292450 -0.000030
292460 0.000008
292470 -0.000022
292480 0.000020
292490 0.000016
292500 -0.000007
292520 0.000024
292530 -0.000086
292540 0.000014
292550 -0.000034
292560 -0.000020
292570 -0.001521
292580 -0.000035
292590 0.000013
292600 0.000010
292610 -0.000034
292620 0.000004
292630 0.000002
292640 0.000017
292650 -0.000042
292660 0.000011
292670 -0.000014
292680 -0.000003
292690 0.000113
292700 0.000016
292710 0.000009
292720 0.000011
292730 0.000003
292740 0.000008
292750 0.000011
292760 -0.000008
292770 0.000004
292780 0.000006
292790 0.000006
292800 0.000008
292810 0.000012
292820 0.000025
292830 0.000014
292840 -0.000002
292850 0.000008
292860 0.000020
292870 0.000002
292880 0.000005
292890 0.000015
292900 0.000011
292910 0.000006
292920 0.000000
292930 0.000005
292940 -0.000003
292950 0.000020
292960 0.000006
292970 0.000024
292990 0.000017
293000 -0.000027
293010 0.000011
293020 -0.000012
293030 0.000016
293040 -0.000033
293050 0.000021
293060 0.000004
293080 -0.000024
293100 0.000020
293110 0.000014
293120 -0.000022
293130 0.000019
293140 0.000019
293150 0.000002
293160 0.000011
293170 -0.000003
293180 0.000009
293190 0.000021
293210 0.000012
293220 -0.000041
293230 0.000019
293240 0.000020
293250 0.000024
293260 0.000089
293270 -0.000013
293280 0.000015
293290 -0.000030
293300 0.000016
293310 0.000014
293320 0.000021
293340 0.000009
293350 0.000013
293360 0.000017
293370 0.000009
293380 0.000010
293390 -0.001350
293400 0.000009
293410 0.000009
293420 0.000008
293430 0.000005
293440 -0.000015
293450 -0.000002
293460 0.000020
293470 0.000013
293480 0.000004
293490 0.000006
293500 0.000012
293510 0.000009
293520 -0.000012
293530 0.000009
293540 0.000010
293550 0.000008
293570 0.000022
293580 0.000001
293590 0.000009
293600 -0.001180
293610 -0.000057
293620 -0.000029
293630 -0.001203
293640 0.000005
293650 0.000012
293660 0.000005
293670 0.000013
293680 -0.000009
293690 -0.001200
293700 -0.000033
293710 0.000015
293720 0.000021
293730 0.000020
293740 0.000008
293750 -0.001132
293760 -0.000017
293770 0.000004
293780 0.000016
293790 -0.000021
293800 0.000009
293810 -0.000036
293820 0.000011
293830 0.000015
293840 -0.000005
293850 0.000008
293860 0.000014
293870 -0.000003
293880 0.000016
293890 0.000002
293900 -0.001098
293910 0.000009
293920 0.000004
293930 0.000007
293940 0.000005
293950 -0.000036
293960 -0.000002
293970 0.000008
293980 0.000011
293990 0.000005
294000 0.000002
294010 0.000016
294020 -0.000045
294030 -0.000012
294040 0.000011
294050 0.000011
294060 -0.000031
294070 -0.000074
294080 -0.000019
294090 -0.000004
294100 0.000008
294110 0.000005
294120 -0.000101
294130 -0.000004
294150 -0.001246
294160 0.000016
294170 0.000012
294180 0.000022
294190 0.000017
294200 0.000007
294210 0.000015
294220 -0.000025
294230 0.000020
294240 0.000014
294250 -0.000019
294260 0.000014
294270 0.000015
294280 0.000017
294290 -0.000030
294300 -0.000006
294310 0.000023
294320 0.000014
294340 0.000013
294350 0.000015
294360 0.000010
294370 0.000004
294380 0.000017
294390 -0.001373
294400 0.000015
294410 0.000013
294420 0.000006
294430 -0.000034
294440 0.000015
294460 -0.000001
294470 -0.001359
294480 0.000028
294490 0.000019
294500 -0.000009
294510 -0.000025
294520 -0.001329
294530 -0.001245
294540 -0.000024
294560 0.000015
294570 -0.000040
294580 0.000017
294590 0.000003
294600 -0.000032
294610 0.000004
294620 -0.000011
294630 0.000002
294640 0.000009
294650 -0.000014
294660 -0.001217
294670 0.000014
294680 0.000011
294690 -0.000042
294710 0.000005
294720 0.000020
294730 0.000009
294740 0.000015
294750 0.000005
294760 -0.000018
294770 0.000013
294780 0.000017
294790 -0.000012
294810 0.000016
294820 0.000004
294830 0.000016
294840 -0.000006
294850 0.000009
294870 -0.000089
294880 -0.000005
294890 -0.000037
294900 0.000013
294910 0.000007
294920 0.000008
294930 0.000020
294940 -0.000002
294950 -0.000030
294960 0.000015
294970 -0.001205
294980 0.000006
294990 0.000011
295000 0.000012
295020 0.000019
295030 0.000006
295040 0.000007
295060 0.000001
295070 0.000001
295080 0.000013
295090 0.000016
295100 0.000007
295110 0.000005
295120 0.000012
295130 0.000020
295140 -0.000004
295150 0.000011
295160 -0.001197
295170 -0.000020
295180 -0.000024
295190 -0.000030
295210 0.000014
295220 0.000012
295230 -0.000025
295240 -0.000012
295250 -0.000022
295260 -0.000002
295270 0.000011
295280 -0.000000
295290 0.000020
295300 0.000011
295310 0.000012
295320 0.000009
295330 0.000007
295340 0.000016
295350 0.000029
295360 0.000017
295370 -0.000040
295380 -0.000036
295390 0.000019
295400 -0.000011
295410 0.000009
295420 -0.001196
295430 -0.000015
295440 0.000013
295450 -0.000028
295460 0.000015
295470 -0.000010
295480 0.000018
295490 -0.000000
295500 0.000022
295510 -0.000025
295520 0.000019
295530 0.000008
295540 0.000008
295550 -0.000005
295560 -0.000034
295570 0.000018
295580 -0.000003
295600 0.000012
295610 -0.000010
295620 0.000018
295630 -0.000029
295640 -0.001221
295660 -0.000024
295670 0.000009
295680 0.000024
295690 -0.000005
295700 -0.000027
295710 -0.001240
295720 0.000015
295730 -0.000236
295740 0.000013
295750 -0.000029
295760 0.000002
295770 0.000019
295780 0.000015
295790 0.000014
295800 0.000013
295810 0.000020
295820 0.000016
295830 -0.000025
295840 -0.001362
295850 0.000001
295860 0.000006
295870 0.000010
295880 0.000017
295890 0.000006
295900 -0.000077
295910 0.000015
295920 0.000005
295930 0.000015
295940 -0.000026
295950 0.000019
295960 0.000005
295970 0.000018
295980 0.000021
295990 -0.000034
296000 0.000018
296010 0.000013
296020 -0.000006
296030 0.000014
296050 -0.000075
296060 -0.000003
296070 0.000021
296080 -0.000002
296090 0.000005
296100 0.000015
296110 -0.000035
296120 0.000014
296130 -0.000033
296140 0.000014
296150 0.000013
296160 -0.000032
296170 -0.000007
296180 0.000010
296190 -0.000013
296200 0.000002
296210 -0.000006
296220 -0.000083
296230 0.000011
296240 -0.000037
296250 -0.000037
296260 0.000012
296270 0.000017
296280 0.000009
296290 -0.000043
296300 -0.000157
296310 -0.000078
296320 0.000011
296330 0.000016
296340 0.000005
296350 0.000028
296360 0.000013
296370 -0.000094
296380 0.000136
296390 0.000008
296400 0.000020
296410 -0.001246
296420 0.000017
296430 0.000009
296440 -0.001144
296460 -0.000037
296470 0.000011
296480 -0.001160
296490 0.000011
296500 -0.001168
296510 0.000014
296520 0.000000
296530 0.000013
296540 0.000003
296550 0.000019
296560 0.000002
296570 0.000016
296580 -0.001213
296590 -0.000037
296600 -0.000001
296610 0.000009
296620 -0.000003
296630 -0.000006
296640 0.000015
296650 -0.000012
296660 -0.000025
296670 0.000012
296680 -0.000011
296690 0.000014
296700 0.000026
296710 0.000003
296720 0.000014
296730 -0.001084
296750 0.000005
296760 0.000014
296770 -0.000004
296780 -0.000033
296790 0.000012
296800 0.000009
296810 0.000022
296820 0.000012
296830 -0.000036
296840 0.000011
296850 0.000008
296870 -0.000028
296880 0.000010
296890 0.000010
296900 0.000018
296920 0.000019
296930 0.000002
296940 0.000007
296950 -0.000002
296960 -0.000006
296970 -0.000024
296980 0.000010
296990 0.000005
297000 0.000013
297010 0.000000
297020 -0.001183
297030 0.000002
297040 0.000004
297050 0.000014
297060 0.000010
297070 0.000017
297080 0.000007
297090 -0.000015
297100 -0.000005
297110 0.000016
297130 0.000016
297140 -0.000061
297150 0.000017
297160 -0.000028
297170 -0.000499
297190 -0.000011
297200 -0.000028
297210 0.000001
297220 0.000012
297230 -0.001323
297240 -0.000031
297250 -0.000035
297260 0.000011
297270 0.000005
297280 0.000273
297290 0.000016
297300 0.000006
297310 -0.000034
297320 -0.000021
297330 0.000015
297340 0.000012
297350 0.000002
297360 -0.000003
297380 -0.000035
297390 0.000006
297400 -0.000032
297410 -0.000001
297420 0.000000
297430 0.000017
297440 -0.000009
297450 -0.000076
297460 -0.000173
297470 0.000007
297480 -0.001482
297490 -0.000036
297500 0.000008
297510 0.000000
297520 0.000012
297530 0.000010
297540 -0.001285
297550 -0.000034
297560 -0.000025
297570 -0.000093
297580 0.000016
297590 0.000014
297600 -0.001356
297620 -0.000024
297630 0.000011
297640 -0.000033
297650 0.000013
297660 0.000023
297670 -0.000008
297680 0.000023
297690 -0.000003
297700 -0.000019
297710 -0.000048
297720 0.000005
297730 -0.000017
297740 0.000019
297750 0.000025
297760 -0.000021
297770 0.000271
297780 -0.000002
297790 0.000002
297800 0.000002
297810 0.000015
297820 0.000007
297840 0.000009
297850 -0.000039
297860 0.000004
297870 -0.001157
297880 -0.000035
297890 0.000026
297900 0.000012
297910 -0.000020
297920 0.000807
297930 0.000013
297940 0.000000
297950 0.000007
297960 0.000003
297970 -0.000039
297980 -0.000001
298000 0.000020
298010 -0.000006
298020 -0.000037
298030 -0.000004
298040 0.000012
298050 0.000008
298060 0.000013
298070 0.000018
298080 0.000023
298090 0.000002
298100 0.000019
298110 0.000006
298120 0.000035
298130 -0.000028
298140 0.000010
298150 0.000023
298160 0.000016
298170 -0.000001
298180 0.000006
298200 0.000010
298210 0.000018
298220 0.000003
298230 0.000008
298240 0.000011
298250 -0.000031
298260 -0.000001
298270 0.000014
298280 0.000015
298290 -0.000001
298300 0.000005
298310 -0.001247
298320 -0.000035
298330 -0.000036
298340 -0.000027
298350 0.000001
298360 0.000001
298370 0.000017
298380 -0.000044
298390 -0.000018
298400 0.000021
298410 -0.000040
298420 -0.000033
298430 -0.000003
298440 0.000009
298450 -0.000003
298470 0.000006
298480 0.000016
298490 -0.000039
298500 -0.000197
298510 0.000012
298520 -0.000027
298530 -0.000049
298540 0.000007
298550 0.000010
298560 0.000010
298580 -0.000060
298590 0.000017
298600 0.000013
298610 0.000020
298620 0.000005
298630 0.000012
298640 0.000011
298650 -0.000021
298660 0.000014
298670 0.000008
298680 0.000019
298690 -0.000058
298700 -0.000007
298720 0.000016
298730 0.000018
298740 0.000021
298750 -0.000035
298760 0.000003
298770 -0.000032
298780 -0.000089
298790 -0.000022
298800 -0.000004
298810 0.000017
298820 -0.000019
298830 -0.000008
298840 -0.000039
298850 -0.000094
298860 -0.001933
298880 0.000015
298890 -0.000023
298900 0.000008
298910 0.000022
298930 0.000014
298940 -0.000032
298950 0.000017
298960 -0.000003
298970 0.000002
298980 0.000013
298990 -0.000003
299000 0.000023
299010 -0.000035
299020 0.000004
299030 -0.000001
299040 0.000013
299050 0.000002
299060 -0.000022
299070 -0.000034
299080 0.000018
299090 -0.000026
299100 -0.000017
299110 -0.000103
299120 0.000015
299130 -0.001297
299140 0.000004
299160 -0.000002
299170 0.000017
299180 0.000001
299190 0.000009
299200 0.000020
299210 -0.000000
299220 -0.000026
299230 0.000004
299240 -0.000013
299250 0.000012
299260 0.000006
299270 0.000018
299280 -0.000068
299290 0.000012
299300 -0.000042
299310 -0.000013
299320 0.000001
299330 0.000797
299340 0.000013
299350 0.000015
299360 0.000004
299370 0.000004
299380 -0.000037
299390 -0.000507
299400 -0.000027
299410 0.000011
299420 0.000018
299440 0.000001
299450 0.000005
299460 -0.000035
299470 0.000011
299480 -0.000029
299490 0.000006
299500 -0.000068
299510 -0.000073
299520 0.000018
299530 0.000185
299540 0.000019
299550 0.000013
299560 -0.000002
299570 0.000006
299580 -0.000007
299590 0.000005
299600 0.000035
299610 -0.000080
299620 0.000010
299640 -0.000033
299650 0.000014
299660 -0.000038
299670 -0.000036
299680 -0.000039
299690 0.000022
299700 -0.000039
299710 -0.000016
299720 -0.000009
299730 0.000006
299740 0.000001
299750 -0.000019
299760 0.000016
299770 -0.001249
299780 0.000613
299790 -0.000027
299800 -0.000002
299810 -0.000109
299820 0.000021
299830 -0.000020
299840 0.000013
299850 0.000014
299860 -0.001293
299870 0.000019
299880 -0.000048
299890 -0.000504
299900 0.000018
299910 -0.000039
299920 0.000005
299930 0.000004
299940 -0.001611
299950 -0.000017
299960 0.000002
299970 0.000004
299980 0.000007
299990 0.000016
300000 -0.000007
300010 0.000011
300020 -0.000025
300030 0.000012
300040 -0.000003
300050 0.000013
300060 -0.000026
300070 -0.000003
300080 0.000017
300090 0.000011
300100 0.000087
300110 0.000016
300120 -0.001447
300130 0.000009
300140 -0.000000
300150 0.000006
300160 0.000017
300170 0.000011
300190 0.000014
300200 0.000004
300210 -0.001158
300220 0.000012
300230 0.000001
300240 -0.000006
300250 -0.000023
300260 -0.000006
300270 0.000009
300280 0.000014
300290 0.000003
300300 0.000006
300310 0.000024
300320 0.000012
300340 0.000008
300350 -0.000001
300360 -0.000022
300370 0.000017
300380 0.000016
300390 0.000028
300400 0.000001
300410 0.000015
300420 -0.000021
300430 -0.000069
300440 -0.000013
300450 -0.000026
300460 0.000006
300470 -0.000011
300480 0.000019
300490 0.000013
300500 0.000006
300510 0.000004
300520 0.000019
300530 -0.000037
300540 0.000009
300550 0.000009
300560 -0.000086
300570 -0.000003
300580 0.000015
300590 0.000019
300600 0.000022
300610 0.000010
300620 0.000018
300630 0.000006
300640 0.000012
300650 0.000019
300660 0.000024
300670 0.000005
300680 -0.000028
300690 -0.000062
300700 0.000015
300710 0.000005
300720 -0.000026
300730 -0.000018
300740 0.000016
300750 0.000012
300760 0.000024
300770 0.000013
300780 0.000006
300790 -0.000077
300800 0.000007
300810 -0.000026
300820 -0.000001
300830 -0.000003
300840 -0.000008
300850 -0.000033
300860 -0.000020
300870 0.000000
300880 -0.000040
300900 -0.000027
300910 -0.000028
300920 0.000015
300930 -0.001127
300940 -0.001271
300950 -0.000004
300970 0.000018
300990 0.000007
301000 0.000011
301010 0.000010
301020 0.000015
301030 0.000024
301040 -0.001391
301050 -0.000081
301060 0.000013
301070 -0.000001
301080 0.000009
301090 0.000013
301100 0.000004
301110 0.000016
301120 -0.000006
301130 0.000001
301140 0.000010
301150 -0.000012
301160 -0.000078
301170 0.000005
301180 -0.000002
301190 -0.000031
301200 -0.000070
301210 0.000012
301220 0.000013
301230 -0.000023
301240 -0.000041
301250 0.000016
301260 0.000008
301280 0.000008
301290 0.000015
301300 0.000001
301310 0.000012
301320 -0.000012
301330 -0.000750
301340 0.000010
301350 0.000042
301360 0.000005
301370 0.000017
301380 0.000005
301390 -0.001279
301400 -0.000014
301410 0.000016
301420 0.000019
301430 0.000006
301440 -0.000898
301450 -0.001415
301460 0.000004
301470 0.000010
301480 -0.000031
301490 -0.000012
301500 0.000020
301510 -0.001145
301520 -0.000027
301530 0.000012
301540 0.000014
301550 -0.000031
301570 -0.000013
301580 -0.000021
301590 0.000020
301600 -0.001050
301610 0.000005
301620 -0.001426
301630 -0.000031
301640 0.000006
301650 0.000005
301660 -0.000010
301670 -0.000001
301680 0.000013
301690 -0.000021
301700 0.000009
301710 0.000025
301720 0.000015
301730 0.000006
301740 0.000012
301750 0.000019
301770 -0.001259
301780 -0.000046
301790 0.000014
301800 -0.001368
301810 0.000012
301820 0.000012
301830 0.000010
301840 0.000018
301850 0.000013
301860 0.000029
301870 0.000018
301880 0.000014
301890 0.000010
301900 0.000010
301910 0.000064
301920 -0.000009
301930 0.000009
301940 -0.000045
301950 -0.000032
301960 0.000012
301970 -0.000009
301990 0.000009
302000 0.000015
302010 0.000040
302020 0.000011
302030 0.000006
302040 0.000017
302050 0.000018
302060 -0.000008
302070 0.000009
302080 0.000014
302090 0.000006
302100 -0.000006
302120 0.000006
302130 -0.000030
302140 0.000011
302150 0.000012
302160 -0.000006
302170 -0.000002
302180 0.000019
302190 -0.000029
302210 0.000025
302220 0.000013
302230 0.000021
302250 0.000012
302260 -0.000052
302270 0.000019
302280 -0.000007
302290 0.000013
302310 0.000004
302320 -0.000031
302330 -0.001125
302340 0.000011
302350 0.000007
302360 0.000019
302370 -0.000043
302380 -0.000057
302390 0.000010
302410 0.000017
302420 -0.001406
302430 0.000004
302440 0.000012
302450 0.000013
302460 0.000016
302470 0.000013
302480 0.000023
302490 -0.000001
302500 0.000010
302510 -0.000005
302520 -0.000050
302530 0.000011
302540 0.000002
302550 0.000012
302560 0.000013
302570 -0.000025
302590 0.000004
302600 0.000013
302610 0.000005
302620 -0.000620
302630 0.000009
302640 0.000003
302650 0.000018
302660 -0.000038
302670 -0.000027
302680 0.000006
302690 -0.000025
302700 -0.000029
302710 -0.000025
302720 0.000007
302730 0.000009
302740 0.000017
302750 -0.000035
302760 0.000014
302770 0.000008
302780 0.000006
302790 0.000014
302800 0.000010
302810 0.000011
302820 0.000016
302830 -0.000006
302840 -0.001264
302850 0.000014
302860 0.000016
302870 -0.000016
302880 0.000012
302890 -0.000008
302900 -0.000027
302910 0.000013
302920 0.000025
302930 -0.000051
302940 0.000006
302950 0.000028
302960 -0.000032
302970 0.000010
302980 0.000012
302990 0.000004
303000 0.000018
303010 0.000019
303020 0.000008
303030 0.000011
303040 -0.000020
303050 0.000012
303060 0.000016
303070 0.000019
303080 0.000013
303090 0.000010
303100 0.000005
303110 0.000012
303120 0.000017
303130 0.000007
303140 -0.000030
303150 0.000010
303160 0.000011
303170 0.000014
303180 0.000013
303190 0.000012
303200 0.000021
303210 0.000004
303220 -0.000082
303230 -0.000039
303240 0.000016
303250 -0.000110
303260 -0.000018
303270 -0.000015
303280 0.000004
303290 -0.000046
303300 0.000016
303310 0.000017
303320 0.000022
303330 0.000004
303340 0.000011
303350 -0.000154
303360 -0.001329
303370 0.000002
303380 0.000018
303390 -0.000035
303400 0.000026
303410 -0.000020
303420 0.000002
303430 0.000015
303440 0.000017
303450 0.000009
303470 -0.000005
303480 0.000014
303490 0.000020
303500 0.000008
303510 -0.001221
303520 -0.000001
303530 0.000013
303540 -0.000031
303550 0.000017
303560 -0.000010
303570 0.000014
303580 0.000008
303590 0.000014
303600 0.000011
303610 0.000014
303620 -0.000038
303630 0.000013
303640 0.000017
303650 0.000016
303660 0.000011
303680 -0.000001
303690 0.000023
303700 -0.000082
303710 -0.000019
303720 0.000007
303730 0.000024
303740 0.000025
303750 0.000017
303760 0.000012
303770 0.000010
303780 0.000020
303790 0.000003
303800 0.000014
303810 -0.000032
303820 -0.001191
303830 -0.000036
303840 -0.001240
303850 0.000010
303860 -0.000016
303870 -0.000011
303880 -0.000031
303890 -0.000015
303900 0.000008
303910 0.000017
303920 -0.000036
303930 0.000009
303940 -0.000031
303950 0.000002
303960 0.000014
303970 -0.000032
303980 -0.000027
303990 0.000018
304000 -0.000045
304010 0.000012
304020 0.000006
304030 0.000010
304040 0.000013
304050 0.000012
304060 0.000005
304070 -0.000030
304080 -0.000084
304090 -0.000057
304100 0.000015
304110 0.000008
304120 0.000017
304130 0.000015
304140 -0.000044
304150 0.000021
304160 0.000014
304170 -0.000044
304180 0.000017
304190 -0.000029
304200 -0.000042
304210 0.000017
304220 0.000010
304230 0.000019
304240 0.000016
304250 0.000038
304260 0.000017
304270 0.000002
304280 0.000008
304290 0.000017
304300 0.000013
304310 -0.000001
304320 0.000007
304330 0.000010
304340 0.000008
304350 0.000016
304360 0.000021
304370 0.000009
304380 0.000019
304390 0.000016
304400 -0.000004
304410 0.000011
304420 -0.000003
304430 0.000015
304440 -0.000032
304450 -0.000014
304460 -0.001237
304470 -0.001208
304480 -0.000018
304500 0.000027
304510 0.000031
304520 0.000149
304530 0.000019
304540 0.000005
304550 0.000002
304560 0.000013
304570 0.000018
304590 0.000009
304600 0.000012
304610 0.000007
304620 0.000014
304630 -0.000035
304640 0.000009
304650 -0.000025
304660 0.000007
304670 0.000015
304680 0.000023
304690 -0.000010
304700 -0.000036
304710 0.000004
304720 -0.000003
304730 -0.000044
304740 0.000011
304750 -0.000031
304760 -0.000023
304770 0.000023
304780 0.000024
304790 0.000020
304800 -0.000030
304810 0.000004
304820 0.000003
304830 -0.000039
304840 0.000009
304850 0.000010
304860 -0.001024
304870 0.000008
304880 0.000014
304890 -0.000009
304900 0.000011
304910 0.000012
304920 0.000001
304930 0.000005
304940 -0.000042
304950 0.000005
304960 0.000009
304970 -0.000005
304980 0.000003
304990 0.000008
305000 -0.000017
305010 0.000007
305020 0.000003
305030 -0.000006
305040 -0.000008
305050 -0.000003
305060 0.000001
305070 0.000014
305080 0.000009
305090 -0.000057
305100 0.000003
305110 0.000017
305120 -0.000004
305130 -0.000011
305140 0.000012
305150 0.000009
305160 0.000001
305180 -0.000001
305200 0.000005
305210 0.000012
305220 0.000002
305230 0.000003
305240 0.000014
305250 0.000047
305260 0.000009
305270 0.000017
305280 0.000014
305290 -0.000030
305300 -0.000001
305310 -0.000006
305320 0.000018
305340 0.000010
305350 0.000004
305360 0.000004
305370 -0.000014
305380 -0.000012
305390 0.000007
305400 0.000013
305410 0.000013
305420 -0.000006
305430 0.000005
305440 0.000009
305450 0.000010
305460 0.000013
305470 0.000021
305490 0.000012
305500 -0.000021
305520 0.000014
305530 0.000261
305540 0.000009
305550 0.000003
305560 0.000013
305570 -0.000029
305580 0.000016
305590 0.000000
305600 0.000067
305610 0.000001
305620 0.000019
305630 0.000015
305640 -0.001166
305650 0.000014
305660 -0.000002
305670 0.000007
305680 -0.000026
305690 0.000015
305710 -0.000010
305720 0.000015
305730 0.000014
305740 0.000004
305750 0.000011
305760 0.000052
305770 -0.000031
305780 0.000013
305790 -0.000032
305800 0.000008
305810 -0.000040
305820 0.000015
305830 0.000006
305840 0.000015
305850 0.000013
305860 -0.001113
305870 0.000011
305880 0.000016
305890 0.000005
305900 0.000010
305910 -0.000002
305920 -0.000034
305930 0.000001
305940 0.000003
305950 0.000007
305960 0.000008
305970 -0.000016
305980 0.000001
305990 0.000020
306000 0.000012
306010 -0.000023
306020 0.000000
306040 0.000006
306050 0.000014
306060 0.000012
306070 0.000014
306080 0.000017
306090 0.000014
306100 0.000002
306110 0.000020
306120 0.000015
306130 0.000009
306140 0.000011
306150 -0.000026
306160 0.000011
306170 0.000008
306180 -0.000004
306190 0.000012
306200 0.000015
306210 0.000015
306220 0.000009
306230 0.000005
306240 -0.000037
306250 0.000006
306260 0.000007
306270 -0.000029
306280 0.000019
306290 0.000010
306300 0.000019
306310 -0.000172
306320 0.000011
306340 -0.001381
306350 0.000007
306360 -0.001095
306370 -0.000036
306380 0.000010
306390 0.000003
306400 0.000015
306410 0.000007
306420 -0.000004
306430 -0.000026
306440 0.000009
306450 -0.001133
306460 0.000008
306470 -0.000016
306480 0.000020
306490 -0.000012
306500 0.000018
306510 -0.001509
306520 -0.000030
306530 -0.000037
306540 0.000017
306550 0.000009
306560 -0.001214
306570 0.000016
306580 0.000015
306590 -0.000033
306600 -0.000001
306610 0.000019
306620 0.000012
306630 -0.001231
306640 0.000015
306650 0.000011
306660 0.000014
306670 -0.000006
306680 0.000020
306690 0.000008
306700 0.000011
306710 0.000010
306720 -0.000019
306730 0.000009
306740 -0.002639
306750 0.000013
306760 0.000015
306770 0.000021
306780 -0.000082
306790 0.000012
306800 0.000006
306810 0.000023
306820 0.000010
306830 0.000018
306840 0.000010
306850 0.000005
306860 0.000021
306870 -0.000012
306880 0.000007
306890 -0.000003
306900 -0.000046
306910 0.000017
306920 -0.000001
306930 0.000009
306950 0.000012
306960 0.000014
306970 -0.000017
306980 -0.000004
306990 0.000030
307000 0.000015
307010 0.000015
307020 -0.000003
307030 -0.001200
307040 0.000003
307050 -0.000018
307060 -0.000011
307070 0.000008
307080 -0.001191
307090 0.000027
307100 -0.000027
307110 0.000017
307120 -0.000032
307130 -0.000042
307140 0.000016
307160 0.000030
307170 0.000014
307180 -0.000005
307190 0.000001
307200 0.000015
307210 0.000010
307220 0.000022
307230 0.000013
307240 -0.000545
307250 0.000013
307260 0.000016
307270 -0.000031
307280 0.000006
307290 0.000016
307300 -0.000021
307310 0.000012
307320 -0.000029
307330 -0.001200
307340 -0.000016
307350 0.000010
307360 0.000014
307370 0.000007
307380 -0.000032
307390 -0.000035
307400 0.000008
307410 0.000025
307420 -0.000033
307430 0.000011
307440 0.000007
307450 0.000013
307460 -0.000037
307470 -0.000040
307480 -0.000081
307500 -0.000037
307520 -0.000008
307530 -0.000037
307540 -0.000019
307550 0.000002
307560 -0.001233
307570 -0.000002
307580 -0.001277
307590 0.000016
307600 0.000019
307610 -0.000011
307630 0.000011
307640 0.000003
307650 -0.000050
307660 0.000008
307670 -0.000145
307680 0.000006
307690 -0.000030
307700 -0.000015
307710 0.000019
307720 -0.000013
307730 0.000007
307740 -0.001454
307750 0.000016
307760 0.000011
307770 0.000018
307780 0.000003
307790 -0.000077
307820 0.000013
307830 -0.000981
307840 -0.000041
307850 0.000013
307860 -0.001310
307870 -0.000045
307880 0.000012
307890 0.000014
307910 -0.000017
307930 -0.000019
307940 0.000008
307950 0.000027
307960 0.000016
307970 0.000012
307980 -0.000003
307990 0.000007
308000 0.000013
308010 -0.000019
308020 0.000004
308030 0.000009
308040 0.000015
308050 0.000014
308060 0.000015
308070 0.000015
308080 0.000008
308090 -0.000063
308100 -0.000004
308110 0.000006
308120 0.000016
308130 -0.000011
308140 0.000017
308150 -0.000012
308160 0.000003
308170 0.000004
308180 0.000011
308190 0.000011
308200 0.000010
308220 0.000003
308230 0.000017
308240 -0.000043
308250 0.000001
308260 0.000011
308270 0.000016
308280 -0.000014
308290 0.000013
308300 0.000018
308310 0.000021
308320 0.000012
308330 -0.000002
308340 0.000017
308350 -0.001189
308360 -0.000020
308370 0.000004
308380 0.000020
308390 -0.000023
308400 0.000010
308410 -0.000038
308430 0.000000
308440 0.000008
308450 0.000014
308460 0.000006
308470 0.000008
308480 0.000021
308490 -0.000008
308500 0.000038
308510 0.000010
308520 -0.000053
308530 0.000012
308540 0.000015
308550 0.000017
308560 0.000003
308570 0.000012
308580 0.000017
308590 0.000012
308600 -0.000015
308610 0.000009
308620 0.000021
308630 -0.000017
308640 0.000005
308650 0.000015
308660 0.000013
308670 0.000012
308680 0.000019
308690 0.000003
308700 0.000012
308710 -0.000003
308720 0.000012
308730 0.000017
308740 -0.000020
308750 0.000409
308770 -0.001180
308780 0.000011
308790 -0.000010
308800 -0.000043
308810 0.000011
308820 -0.000008
308830 -0.000025
308840 0.000019
308850 0.000012
308860 0.000015
308870 0.000016
308880 0.000015
308890 0.000016
308910 -0.000026
308920 0.000009
308930 0.000013
308940 0.000009
308950 0.000078
308960 -0.000030
308970 0.000006
308980 -0.000006
308990 -0.000001
309000 0.000010
309010 0.000013
309020 0.000002
309030 0.000014
309040 0.000007
309050 -0.000002
309060 -0.000038
309070 0.000014
309080 0.000065
309090 0.000007
309100 -0.001199
309110 0.000018
309120 -0.000011
309130 -0.000033
309140 -0.001110
309150 0.000017
309160 -0.000042
309170 -0.000003
309180 0.000014
309190 0.000006
309200 0.000023
309210 0.000005
309220 -0.000087
309230 0.000019
309240 -0.001183
309250 0.000012
309260 -0.000036
309270 -0.000029
309280 0.000014
309290 0.000027
309300 0.000025
309310 0.000015
309320 -0.000008
309330 -0.001193
309340 0.000008
309350 0.000009
309370 0.000022
309380 0.000014
309390 -0.000034
309400 -0.001165
309420 -0.000011
309430 -0.001140
309440 0.000011
309450 0.000016
309460 0.000022
309470 -0.000027
309480 0.000013
309490 0.000013
309500 0.000007
309510 0.000006
309520 -0.001154
309530 0.000011
309540 0.000016
309550 0.000015
309560 0.000011
309570 0.000014
309580 0.000015
309590 0.000013
309600 0.000005
309610 0.000006
309620 0.000011
309630 0.000015
309640 -0.000030
309650 0.000003
309660 0.000015
309670 0.000002
309680 0.000005
309690 -0.000127
309700 -0.001181
309710 0.000007
309720 -0.000008
309730 0.000003
309740 0.000003
309750 -0.000022
309760 0.000013
309770 0.000026
309780 0.000003
309790 0.000011
309800 -0.000011
309810 -0.000017
309820 0.000016
309830 0.000021
309840 -0.000009
309850 -0.000026
309860 -0.001240
309870 0.000002
309880 -0.000016
309890 0.000010
309910 -0.000031
309920 0.000007
309930 0.000016
309940 0.000010
309950 0.000000
309960 -0.000034
309970 -0.000033
309980 0.000017
309990 -0.000014
310000 -0.001188
310010 0.000001
310020 0.000011
310030 -0.000031
310040 0.000012
310050 -0.000039
310060 -0.000028
310070 0.000025
310080 0.000007
310090 0.000014
310100 0.000016
310110 0.000010
310120 -0.001164
310130 0.000016
310140 -0.000007
310150 0.000008
310160 -0.000122
310170 0.000021
310180 0.000009
310190 0.000014
310200 0.000075
310210 0.000021
310220 0.000008
310230 0.000016
310240 -0.001227
310260 0.000012
310270 0.000017
310280 -0.000012
310290 -0.000039
310300 0.000019
310310 0.000012
310320 0.000004
310330 -0.000005
310340 -0.000047
310350 0.000006
310360 0.000016
310370 0.000024
310380 0.000007
310390 -0.000027
310400 0.000015
310410 -0.001133
310420 0.000007
310430 0.000020
310440 -0.001217
310450 0.000010
310460 0.000011
310480 0.000006
310490 0.000023
310500 0.000065
310510 0.000004
310520 -0.001091
310530 0.000015
310540 -0.000007
310550 -0.000033
310560 0.000016
310570 -0.000016
310580 -0.000032
310590 0.000007
310600 0.000014
310610 0.000026
310620 -0.000035
310630 -0.000033
310640 0.000014
310650 0.000023
310660 0.000010
310670 0.000013
310680 0.000012
310700 0.000013
310710 0.000012
310720 0.000027
310730 -0.000003
310750 -0.000033
310760 -0.000034
310770 0.000001
310780 -0.000089
310790 0.000009
310800 0.000015
310810 -0.000030
310820 0.000003
310830 0.000015
310840 -0.000005
310850 -0.000008
310860 -0.000037
310870 0.000014
310880 0.000007
310890 -0.000057
310900 0.000011
310910 0.000010
310920 -0.000005
310930 0.000009
310940 0.000006
310950 0.000019
310960 0.000023
310970 0.000020
310980 -0.000086
310990 0.000023
311000 -0.000044
311010 -0.000030
311020 0.000007
311030 -0.000035
311040 0.000015
311050 0.000015
311060 0.000030
311070 0.000011
311090 -0.000011
311100 0.000013
311110 -0.000025
311120 0.000016
311130 0.000005
311140 -0.000003
311150 0.000010
311160 -0.000001
311170 -0.000038
311180 0.000011
311190 -0.000059
311200 0.000020
311210 0.000003
311220 -0.000015
311240 -0.000006
311250 -0.000028
311260 0.000007
311270 0.000008
311280 0.000011
311300 -0.000044
311310 -0.000058
311320 0.000025
311350 -0.001130
311360 -0.000002
311370 -0.001200
311380 -0.000029
311390 0.000669
311400 0.000000
311410 -0.000028
311420 -0.000016
311430 -0.000035
311440 -0.000051
311450 -0.001064
311460 -0.000051
311480 -0.000031
311490 -0.000039
311500 0.000014
311510 0.000003
311520 -0.000067
311530 0.000014
311540 -0.000034
311550 0.000017
311560 0.000009
311570 -0.000016
311580 0.000012
311590 0.000017
311600 0.000012
311610 0.000011
311620 0.000011
311630 -0.000032
311640 -0.000002
311650 -0.000030
311660 0.000005
311670 0.000018
311680 0.000017
311690 -0.001195
311700 0.000011
311710 0.000018
311720 0.000015
311730 0.000017
311740 -0.000033
311750 0.000000
311760 0.000015
311780 0.000013
311790 -0.000080
311800 0.000008
311810 -0.000031
311820 -0.000012
311830 0.000014
311840 -0.000021
311850 0.000005
311860 0.000020
311870 0.000023
311880 0.000012
311890 0.000010
311900 -0.001338
311910 0.000014
311920 0.000016
311930 -0.000015
311940 0.000012
311950 -0.000002
311960 0.000001
311970 0.000010
311980 0.000005
311990 -0.000024
312010 -0.000029
312020 -0.000022
312030 0.000006
312040 -0.000040
312050 -0.000091
312060 0.000015
312070 0.000002
312080 0.000013
312090 0.000001
312100 0.000005
312110 -0.000001
312120 -0.001272
312130 -0.000037
312140 0.000016
312150 -0.000040
312160 -0.000041
312170 0.000140
312180 0.000017
312190 -0.001209
312200 0.000012
312210 -0.000001
312230 0.000018
312240 0.001926
312250 -0.000034
312260 0.000009
312270 0.000002
312280 0.000016
312290 0.000014
312300 -0.000012
312310 0.000005
312320 0.000028
312330 0.000014
312340 -0.000007
312350 0.000004
312360 -0.000039
312370 -0.000008
312380 0.000019
312390 0.000012
312400 -0.000037
312410 0.000015
312420 -0.000037
312430 0.000020
312440 -0.000001
312450 0.001948
312460 0.000011
312470 -0.000045
312480 0.000006
312490 0.000007
312500 0.000022
312510 -0.000001
312520 -0.000021
312540 0.000002
312550 0.000006
312570 0.000007
312580 0.000007
312590 0.000012
312600 -0.000006
312610 0.000015
312620 0.000024
312630 0.000020
312640 -0.000032
312650 0.000004
312660 0.000020
312670 0.000027
312680 0.000008
312690 0.000006
312710 0.000021
312720 -0.000016
312730 -0.000024
312740 0.000020
312750 0.000012
312760 0.000019
312770 0.000009
312780 -0.000006
312790 -0.000037
312800 0.000016
312810 -0.000038
312820 -0.001259
312830 0.000014
312840 -0.000031
312850 0.000014
312860 0.000019
312870 0.000011
312880 -0.000001
312890 0.000015
312900 0.000012
312910 -0.000034
312920 0.000005
312930 0.000014
312940 0.000015
312950 0.000011
312960 0.000015
312970 -0.000035
312980 0.000014
312990 0.000012
313000 -0.000011
313010 0.000018
313020 0.000020
313030 -0.000007
313040 0.000015
313050 0.000018
313060 0.000253
313070 0.000027
313080 0.000020
313090 0.000002
313100 0.000010
313110 0.000000
313120 0.000014
313130 0.000012
313140 -0.000033
313150 -0.000037
313160 -0.000036
313170 0.000019
313180 0.000009
313190 0.000001
313200 -0.000002
313210 -0.001179
313220 0.000010
313230 -0.000041
313240 -0.000035
313250 -0.001185
313260 0.000007
313270 -0.000039
313280 -0.000028
313290 -0.000024
313300 0.000006
313310 -0.001185
313320 0.000019
313330 -0.000091
313340 -0.000010
313350 -0.000001
313360 -0.000025
313370 -0.000011
313380 0.000018
313390 -0.000058
313400 0.000005
313410 -0.000013
313420 0.000005
313430 -0.000085
313440 -0.001181
313450 0.000010
313470 0.000017
313480 -0.000077
313490 0.001133
313510 0.000017
313520 -0.000089
313530 0.000015
313540 0.000024
313550 0.000018
313560 0.000015
313570 0.000010
313580 -0.000002
313590 0.000014
313600 0.000016
313610 -0.000008
313620 0.000016
313630 0.000014
313640 0.000014
313650 0.000015
313660 0.000011
313670 -0.000034
313680 0.000015
313690 0.000006
313700 0.000012
313710 0.000015
313720 0.000015
313730 -0.000030
313740 -0.000036
313750 0.000012
313760 -0.001183
313770 -0.000015
313780 0.000012
313790 0.000025
313800 -0.000006
313810 0.000020
313820 -0.001163
313830 -0.001175
313840 0.000018
313850 0.000017
313860 0.000015
313870 0.000017
313880 0.000028
313890 0.000020
313900 -0.000042
313910 0.000010
313920 -0.000027
313930 0.000004
313940 0.000047
313950 0.000018
313960 0.000067
313970 0.000012
313980 0.000008
313990 0.000013
314000 0.000010
314010 0.000007
314020 0.000006
314030 0.000018
314040 0.000012
314050 0.000013
314060 0.000010
314070 -0.000016
314090 0.000016
314100 0.000021
314110 0.000012
314120 0.000015
314130 -0.000035
314140 0.000012
314150 -0.000036
314160 -0.000018
314170 0.000019
314180 0.000005
314190 0.000009
314200 0.000014
314210 0.000011
314220 0.000008
314230 0.000012
314240 -0.000038
314250 0.000004
314260 0.000016
314270 -0.000022
314280 0.000008
314290 0.000004
314300 0.000020
314310 0.000023
314320 -0.000080
314330 0.000000
314340 -0.001148
314350 -0.000016
314360 -0.000020
314370 0.000004
314380 0.000015
314390 -0.000039
314400 0.000020
314410 -0.000029
314420 -0.000037
314430 -0.000032
314440 0.000012
314450 -0.000002
314460 -0.000033
314480 -0.000004
314490 -0.000003
314510 -0.000040
314520 -0.000043
314540 0.000004
314550 -0.001209
314560 0.000016
314570 -0.000007
314580 0.000010
314590 0.000555
314600 0.000003
314610 -0.000002
314620 -0.000007
314630 -0.000037
314640 -0.001170
314650 -0.000020
314660 0.000017
314670 0.000017
314680 -0.001125
314690 0.000010
314700 -0.000020
314710 0.000003
314720 0.000006
314730 0.000003
314740 -0.000003
314750 0.000003
314760 0.000013
314770 -0.000005
314780 -0.001281
314790 0.000017
314800 0.000013
314810 -0.000027
314820 0.000013
314830 0.000007
314840 0.000006
314850 -0.001178
314860 0.000010
314870 -0.000033
314880 0.000016
314890 -0.000029
314900 -0.000001
314910 0.000012
314920 -0.000002
314930 0.000003
314940 0.000004
314950 0.000023
314960 -0.000006
314970 -0.000034
314990 0.000006
315000 0.000007
315010 -0.000031
315020 0.000014
315030 0.000014
315040 0.000013
315050 -0.001197
315060 -0.000045
315070 0.000023
315080 0.000006
315090 0.000012
315100 0.000016
315110 0.000024
315120 0.000002
315130 -0.000014
315140 -0.000008
315150 0.000018
315160 -0.000019
315170 -0.000036
315180 0.000010
315190 0.000017
315200 0.000009
315210 0.000008
315220 -0.000004
315230 0.000011
315240 -0.001216
315260 0.000072
315270 0.000011
315280 0.000003
315290 0.000013
315300 0.000013
315310 -0.000002
315320 0.000023
315330 -0.000013
315340 0.000000
315350 -0.001183
315360 0.000012
315370 0.000008
315380 -0.000023
315390 0.000006
315410 -0.000038
315430 0.000003
315440 0.000008
315450 0.000010
315460 0.000013
315470 -0.001170
315480 0.000023
315490 -0.000086
315500 0.000002
315510 0.000028
315520 0.000007
315530 -0.001022
315540 0.000016
315550 0.000008
315560 -0.001367
315570 0.000013
315580 0.000009
315590 0.000019
315600 0.000003
315610 0.000018
315630 0.000011
315640 0.000041
315650 0.000011
315660 0.000007
315670 0.000013
315680 -0.000012
315700 0.000017
315710 0.000009
315720 0.000021
315730 0.000004
315740 -0.000024
315750 -0.000034
315760 0.000007
315770 -0.000029
315780 0.000001
315790 -0.000014
315800 0.000003
315810 0.000014
315820 -0.000012
315830 0.000015
315840 0.000007
315850 -0.000035
315870 0.000010
315880 0.000011
315890 -0.000005
315900 0.000008
315910 -0.000089
315920 0.000015
315930 -0.000066
315940 0.000007
315950 0.000008
315960 0.000022
315970 0.000001
315980 -0.000029
315990 -0.000040
316000 0.000017
316010 0.000008
316020 -0.000002
316030 -0.000007
316040 -0.000027
316050 0.000020
316060 -0.000025
316070 0.000023
316080 0.000023
316090 -0.000014
316100 -0.000010
316110 0.000009
316120 0.000009
316130 0.000013
316140 0.000020
316150 0.000012
316160 0.000005
316170 -0.000030
316180 0.000017
316190 0.000011
316200 -0.000007
316210 -0.001109
316220 0.000009
316230 0.000006
316250 -0.001199
316260 -0.001056
316270 0.000014
316280 0.000009
316290 0.000009
316300 0.000008
316310 -0.000036
316320 -0.000056
316330 0.000000
316340 -0.000013
316350 -0.000001
316370 0.000007
316380 -0.001157
316390 0.000008
316410 0.000016
316420 0.000007
316430 0.000009
316440 0.000009
316450 0.000003
316460 -0.000018
316470 0.000004
316480 0.000004
316490 0.000011
316500 -0.000033
316510 0.000021
316520 0.000013
316530 0.000020
316540 0.000029
316550 0.000025
316560 -0.000005
316570 0.000022
316580 -0.000002
316590 0.000020
316600 -0.000032
316610 0.000015
316620 0.000019
316630 0.000014
316650 -0.000005
316660 0.000014
316670 0.000009
316680 0.000013
316690 0.000017
316700 0.000022
316710 0.000022
316720 -0.000001
316730 0.000018
316740 0.000011
316750 0.000013
316760 0.000022
316770 0.000021
316780 0.000016
316800 0.000018
316810 0.000014
316820 0.000012
316830 -0.000016
316840 0.000014
316850 0.000001
316860 0.000018
316870 0.000019
316880 0.000004
316890 0.000015
316900 0.000017
316910 0.000028
316920 -0.000030
316930 -0.000026
316940 -0.000033
316950 -0.000024
316960 0.000011
316970 -0.000072
316980 0.000016
316990 0.000013
317000 0.000010
317010 0.000001
317020 -0.000031
317030 0.000008
317040 0.000012
317050 0.000009
317060 -0.000033
317070 0.000013
317080 0.000008
317090 0.000017
317100 0.000010
317110 0.000008
317120 0.000015
317130 -0.000185
317140 0.000034
317150 0.000014
317160 0.000014
317170 0.000023
317180 0.000018
317190 -0.000032
317210 -0.000043
317230 0.000014
317250 0.000020
317260 -0.000006
317270 0.000026
317280 0.000008
317290 0.000022
317300 0.000013
317310 0.000026
317320 0.000011
317330 -0.000002
317340 0.000008
317350 0.000010
317360 -0.000037
317370 0.000010
317380 -0.001200
317390 0.000018
317400 -0.000008
317410 0.000013
317420 -0.001126
317430 0.000014
317440 -0.001139
317450 -0.001068
317470 0.000019
317480 -0.000089
317490 -0.000009
317500 -0.000018
317510 0.000016
317520 0.000005
317530 -0.000003
317540 0.000006
317550 -0.000047
317560 0.000008
317570 0.000013
317580 0.000026
317610 -0.000031
317620 0.000020
317630 0.000017
317640 0.000009
317650 0.000014
317660 0.000015
317670 0.000013
317680 -0.001367
317690 0.000015
317700 0.000005
317710 0.000013
317720 0.000011
317730 -0.000017
317740 0.000009
317750 0.000189
317760 0.000020
317770 0.000010
317780 0.000017
317790 0.000009
317800 0.000012
317810 -0.001204
317820 0.000013
317830 0.000013
317840 0.000015
317850 0.000018
317860 0.000013
317870 -0.000038
317880 0.000014
317890 0.000018
317900 0.000013
317910 0.000003
317920 -0.000006
317930 0.000016
317940 0.000003
317950 -0.000043
317960 0.000005
317970 0.000004
317980 -0.000057
317990 0.000022
318000 -0.000054
318010 -0.001210
318020 -0.000010
318030 0.000011
318040 0.000013
318050 0.000010
318060 0.000010
318070 0.000016
318080 0.000007
318090 -0.000003
318100 -0.000002
318110 0.000016
318120 -0.001218
318130 0.000018
318140 -0.000005
318150 0.000009
318160 0.000007
318170 0.000022
318180 -0.000021
318190 0.000017
318200 0.000009
318210 0.000011
318220 0.000005
318230 0.000013
318240 0.000017
318250 -0.000040
318260 0.000016
318270 -0.000007
318280 0.000009
318290 0.000002
318300 -0.000032
318310 -0.000000
318320 -0.000027
318330 -0.000009
318340 0.000003
318350 0.000009
318360 -0.000014
318370 0.000015
318390 0.000014
318400 0.000017
318410 -0.001172
318420 0.000005
318430 0.000008
318440 -0.000028
318450 0.000001
318460 0.000016
318470 -0.000010
318480 0.000002
318490 0.000259
318500 0.000007
318510 -0.000015
318520 0.000014
318530 -0.001241
318540 0.000014
318550 0.000016
318560 0.000016
318570 -0.000009
318580 0.000012
318590 0.000017
318600 0.000008
318610 0.000009
318620 0.000004
318630 -0.000040
318640 -0.000040
318650 -0.001161
318660 -0.000022
318670 0.000014
318680 0.000028
318690 0.000015
318700 -0.000000
318710 0.000011
318720 -0.000026
318730 0.000015
318740 0.000011
318750 0.000008
318760 -0.000013
318770 0.000009
318780 0.000019
318790 0.000009
318800 0.000014
318810 -0.000025
318820 -0.000008
318830 0.000011
318840 0.000018
318850 0.000615
318860 0.000010
318870 0.000019
318880 0.000009
318890 0.000009
318900 0.000008
318910 0.000012
318930 0.000018
318940 -0.000034
318950 0.000009
318960 0.000014
318970 0.000022
318980 -0.000080
318990 0.000012
319000 0.000017
319010 0.000017
319020 0.000001
319030 0.000013
319040 0.000010
319050 -0.000070
319060 0.000010
319070 0.000018
319080 0.000015
319090 0.000008
319100 -0.001162
319110 0.000014
319120 -0.000031
319140 -0.000089
319150 -0.000012
319160 -0.000031
319180 0.000029
319190 0.000011
319200 -0.000031
319210 0.000005
319220 -0.000034
319230 -0.000006
319240 -0.000042
319250 0.000010
319260 -0.000023
319270 0.000013
319290 0.000013
319300 0.000016
319310 0.000019
319320 0.000014
319330 0.000023
319340 0.000017
319350 0.000011
319360 -0.000000
319370 -0.001202
319380 -0.000001
319390 0.000011
319400 0.000003
319410 0.000022
319420 0.000012
319430 -0.000002
319440 -0.000015
319450 -0.001198
319460 -0.000035
319470 -0.000020
319490 -0.000029
319500 -0.000013
319510 0.000017
319520 0.000017
319530 0.000011
319540 0.000015
319550 0.000012
319560 -0.001259
319570 0.000221
319580 -0.000089
319590 0.000001
319600 -0.001324
319610 0.000000
319620 -0.000004
319630 0.000008
319640 -0.000010
319650 0.000012
319660 0.000014
319670 0.000008
319680 -0.000002
319690 0.000003
319700 0.000016
319710 0.000022
319720 -0.000002
319730 -0.000020
319740 0.000003
319750 -0.000029
319760 0.000006
319770 0.000005
319780 0.000012
319790 0.000005
319800 -0.000033
319810 0.000011
319820 0.000005
319830 0.000010
319840 0.000013
319850 -0.000003
319860 0.000011
319870 0.000016
319880 0.000277
319890 -0.001210
319900 0.000002
319910 0.000016
319920 0.000001
319930 0.000011
319940 -0.000032
319950 0.000003
319960 0.000006
319970 -0.000005
319980 -0.000003
319990 -0.000047
320000 -0.000007
320010 0.000022
320020 -0.000020
320030 -0.000012
320040 0.000007
320050 -0.001258
320060 0.000009
320070 0.000004
320080 0.000021
320090 -0.000051
320100 0.000012
320110 0.000017
320120 0.000011
320130 0.000006
320140 0.000013
320150 -0.000031
320160 -0.000004
320170 0.000009
320180 -0.000002
320190 0.000022
320200 0.000014
320210 -0.000002
320220 -0.000038
320230 -0.000017
320250 -0.000046
320260 0.000017
320270 0.000011
320280 0.000010
320290 0.000019
320300 0.000016
320310 -0.000008
320320 -0.000036
320330 0.000005
320340 0.000014
320350 -0.000000
320360 0.000205
320370 0.000003
320380 -0.001074
320390 0.000012
320400 0.000018
320410 -0.000035
320420 0.000012
320430 -0.000041
320440 0.000004
320450 0.000014
320460 0.000011
320470 0.000009
320480 -0.000035
320490 0.000027
320500 0.000008
320510 0.000012
320520 0.000002
320530 0.000011
320540 -0.000033
320550 0.000016
320560 -0.000007
320570 0.000009
320580 0.000004
320590 0.000012
320600 -0.000004
320610 -0.000037
320620 0.000019
320630 -0.001201
320650 0.000011
320660 -0.000046
320670 -0.000030
320680 0.000003
320700 -0.000029
320710 -0.000042
320720 0.000012
320730 0.000018
320740 0.000016
320750 -0.000011
320760 0.000017
320770 -0.000011
320780 0.000003
320790 0.000012
320800 0.000001
320810 -0.000040
320820 0.000017
320830 0.000043
320840 0.000002
320850 -0.001171
320860 0.000017
320870 0.000011
320880 0.000009
320890 -0.000003
320900 0.000012
320910 -0.000050
320920 0.000020
320930 -0.000044
320940 0.000019
320950 0.000012
320960 0.000014
320970 0.000014
320980 -0.000028
320990 0.000017
321000 -0.000034
321010 0.000012
321020 -0.001202
321030 0.000011
321040 -0.000984
321050 0.000017
321060 -0.000094
321070 0.000177
321090 -0.000030
321100 0.000013
321110 0.000013
321120 -0.000038
321130 0.000014
321140 0.000114
321150 0.000011
321160 0.000015
321170 -0.000034
321180 0.000107
321190 -0.000015
321200 0.000003
321210 -0.000006
321220 0.000013
321230 -0.001141
321250 -0.000051
321260 -0.000024
321270 0.000020
321280 0.000002
321290 -0.000036
321300 -0.000022
321310 -0.001161
321320 0.000002
321330 0.000009
321340 -0.000019
321350 -0.000041
321360 -0.000050
321370 -0.000002
321380 0.000011
321390 -0.000002
321400 0.000012
321410 0.000006
321420 -0.000020
321430 0.000002
321440 0.000018
321450 0.000015
321460 0.000017
321470 0.000008
321480 0.000015
321490 0.000014
321500 -0.001184
321520 -0.000038
321530 -0.000038
321540 0.000013
321550 -0.000032
321560 0.000011
321570 0.000014
321580 0.000015
321590 0.000857
321600 0.000014
321610 -0.000045
321620 0.000010
321630 0.000013
321640 0.000019
321650 -0.000033
321660 0.000011
321670 -0.000085
321680 -0.000027
321690 0.000011
321710 -0.000036
321720 0.000010
321730 0.000012
321740 0.000018
321750 -0.000100
321760 -0.000086
321770 0.000022
321780 -0.000078
321790 0.000014
321800 0.000073
321810 -0.000023
321820 0.000016
321830 0.000015
321840 0.000013
321850 -0.000030
321860 0.000015
321880 0.000015
321890 0.000021
321900 0.000012
321910 -0.000028
321920 -0.000013
321930 0.000016
321940 -0.000001
321950 0.000017
321960 0.000004
321970 0.000005
321980 0.000016
322000 0.000012
322010 0.000012
322020 0.000011
322030 -0.000010
322040 0.000010
322050 0.000013
322060 0.000007
322070 -0.000006
322090 0.000014
322100 0.000009
322110 -0.001368
322120 0.000026
322130 0.000004
322140 0.000017
322150 0.000014
322160 0.000021
322170 -0.000053
322180 -0.000003
322190 -0.000022
322200 -0.000086
322220 0.000015
322230 -0.001175
322240 0.000006
322250 0.000006
322260 -0.001167
322270 0.000017
322280 0.000012
322290 -0.000034
322300 0.000014
322310 0.000022
322320 -0.000035
322330 0.000008
322340 0.000001
322350 -0.000003
322360 0.000010
322370 0.000019
322380 0.000018
322390 -0.000050
322400 0.000010
322410 0.000013
322420 -0.000098
322430 0.000015
322440 -0.001164
322450 0.000012
322460 -0.001168
322470 0.000011
322480 -0.001143
322490 0.000026
322500 0.000014
322510 0.000007
322520 0.000000
322530 0.000014
322540 -0.000011
322550 -0.000036
322560 -0.000033
322570 -0.000050
322580 -0.000037
322590 -0.000042
322600 0.000002
322610 0.000011
322620 0.000229
322630 -0.000005
322640 0.000021
322650 0.000006
322660 -0.000000
322670 0.000008
322680 0.000013
322690 -0.000019
322700 0.000013
322710 0.000010
322720 -0.000001
322730 0.000010
322750 -0.000044
322760 0.000016
322770 0.000009
322780 0.000015
322790 -0.000073
322800 0.000008
322810 0.000012
322820 0.000014
322830 0.000011
322840 0.000003
322850 -0.000001
322860 -0.000020
322870 0.000040
322880 -0.000004
322890 0.000011
322900 -0.000046
322910 0.000022
322920 -0.000014
322930 -0.000007
322940 -0.000005
322950 -0.001167
322960 -0.000035
322970 -0.000005
322980 0.000022
322990 -0.000015
323000 0.000004
323010 -0.000019
323020 0.000020
323030 0.000001
323040 -0.000024
323050 0.000017
323060 0.000013
323070 0.000011
323080 -0.000048
323090 -0.000017
323100 0.000004
323120 -0.000028
323130 -0.000013
323140 0.000012
323150 0.000021
323160 0.000018
323170 -0.000000
323180 0.000008
323190 0.000021
323210 -0.000020
323220 -0.000067
323230 -0.000017
323240 0.000003
323250 0.000012
323260 0.000012
323270 -0.001490
323280 0.000011
323290 -0.001499
323300 0.000013
323310 0.000001
323320 0.000004
323330 0.000013
323340 0.000008
323350 0.000017
323360 0.000019
323370 0.000002
323380 0.000008
323390 0.000015
323400 0.000012
323410 0.000008
323420 -0.001202
323430 -0.000045
323440 0.000016
323450 0.000007
323460 0.000019
323470 0.000027
323480 0.000005
323500 0.000016
323510 0.000018
323520 0.000018
323530 0.000007
323540 -0.000001
323550 0.000015
323560 0.000015
323570 0.000015
323580 0.000009
323590 0.000016
323600 0.000015
323610 0.000009
323620 -0.000031
323630 -0.000030
323640 -0.000108
323650 -0.001275
323660 -0.000017
323680 -0.001167
323690 -0.000005
323700 -0.000031
323710 -0.000033
323720 -0.000026
323730 -0.000024
323740 -0.000035
323750 0.000020
323760 0.000009
323770 0.000006
323780 0.000002
323790 0.000012
323810 0.000010
323820 0.000017
323840 -0.000034
323850 0.000010
323860 0.000008
323870 0.000006
323880 0.000005
323890 -0.000010
323900 0.000013
323910 0.000004
323930 0.000018
323940 -0.001199
323950 0.000013
323960 -0.000090
323970 -0.000013
323980 0.000006
323990 0.000017
324000 0.000010
324010 -0.000011
324020 0.000008
324030 -0.000058
324040 0.000014
324050 -0.000030
324060 -0.000029
324070 0.000010
324080 0.000020
324090 0.000020
324100 -0.000101
324110 0.000017
324120 0.000018
324130 -0.000000
324140 -0.000037
324150 0.000018
324170 0.000005
324180 0.000017
324190 0.000011
324200 0.000016
324210 -0.000002
324220 -0.000003
324230 -0.000012
324240 0.000022
324250 -0.000006
324260 -0.000096
324270 -0.001176
324280 0.000017
324290 -0.000037
324310 0.000009
324320 0.000007
324330 0.000009
324340 -0.000005
324350 0.000015
324360 -0.000035
324370 0.000014
324380 0.000016
324390 -0.000016
324400 0.000007
324410 0.000066
324420 -0.000041
324430 -0.000019
324450 0.000016
324460 0.000013
324470 -0.000089
324480 -0.001161
324490 -0.000027
324500 0.000001
324510 -0.000012
324520 0.000012
324530 -0.000018
324540 0.000012
324550 -0.001192
324560 0.000006
324570 -0.000016
324580 -0.000039
324600 -0.000039
324610 0.000023
324620 0.000013
324630 0.000014
324640 0.000023
324650 0.000001
324660 0.000020
324670 0.000015
324680 -0.000001
324690 0.000758
324700 0.000014
324710 -0.000015
324720 0.000020
324730 -0.000015
324740 0.000016
324760 0.000012
324770 0.000013
324780 0.000014
324790 -0.001180
324800 -0.000008
324810 -0.001228
324820 0.000011
324830 0.000018
324840 0.000022
324850 -0.001597
324860 0.000018
324870 -0.001499
324880 0.000019
324890 0.000011
324900 0.000000
324910 0.000011
324920 0.000027
324930 -0.000006
324940 0.000009
324950 -0.001189
324960 0.000010
324970 -0.000021
324980 0.000014
324990 0.000016
325000 0.000019
325010 -0.000002
325020 -0.000045
325030 0.000005
325040 0.000005
325050 0.000017
325060 0.000013
325070 0.000014
325080 0.000015
325090 0.000016
325100 -0.000029
325110 -0.000042
325130 0.000019
325140 0.000001
325150 0.000004
325160 -0.000035
325170 0.000011
325180 0.000017
325190 0.000612
325200 0.000013
325210 -0.000034
325220 -0.000008
325230 -0.001171
325240 -0.000995
325250 -0.001226
325260 0.000014
325280 0.000012
325290 0.000012
325310 -0.000032
325320 0.000018
325330 -0.000029
325350 0.000004
325360 0.000000
325370 0.000005
325380 -0.000005
325390 0.000002
325400 -0.001105
325410 0.000013
325420 -0.000083
325430 0.000014
325440 -0.000021
325450 -0.000043
325460 -0.000004
325470 0.000015
325480 0.000017
325490 0.000002
325500 -0.000028
325510 -0.001155
325520 -0.000040
325530 -0.000045
325540 -0.000011
325550 -0.000147
325560 0.000007
325570 0.000014
325580 -0.000025
325590 0.000012
325600 0.000007
325610 0.000014
325620 -0.000004
325630 0.000012
325640 0.000014
325650 -0.000024
325660 0.000016
325670 0.000009
325680 0.000010
325690 -0.001214
325700 0.000006
325710 -0.000036
325720 -0.000006
325730 0.000017
325740 -0.000012
325750 0.000015
325760 0.000000
325770 0.000013
325780 -0.000015
325790 0.000011
325800 0.000005
325810 0.000007
325820 0.000013
325830 -0.000033
325840 0.000004
325850 -0.000033
325860 -0.000051
325870 0.000009
325880 0.000020
325890 -0.000016
325900 0.000006
325910 0.000025
325920 0.000008
325930 0.000001
325940 0.000018
325950 -0.000024
325960 0.000011
325970 0.000011
325980 -0.000084
325990 0.000013
326000 -0.000008
326010 0.000016
326020 0.000014
326030 0.000008
326040 0.000014
326050 -0.000019
326060 0.000027
326070 0.000013
326080 0.000009
326090 0.000018
326100 0.000016
326110 0.000016
326120 0.000005
326130 0.000015
326140 -0.000031
326150 0.000013
326160 0.000009
326170 0.000003
326180 0.000021
326190 0.000009
326200 0.000012
326210 0.000003
326220 0.000015
326230 0.000012
326240 0.000019
326250 0.000018
326260 0.000012
326270 0.000003
326290 -0.001562
326300 -0.000029
326310 0.000013
326320 -0.001444
326330 0.000013
326340 0.000016
326350 0.000011
326360 0.000022
326370 0.000017
326380 0.000017
326390 -0.000001
326400 0.000016
326410 0.000013
326420 0.000013
326430 0.000016
326440 -0.000034
326450 0.000006
326460 0.000020
326470 -0.000019
326480 -0.000034
326490 0.000016
326500 -0.000012
326510 0.000014
326520 0.000010
326530 0.000010
326540 0.000016
326550 0.000004
326560 0.000000
326570 0.000022
326580 0.000048
326590 -0.000037
326600 0.000016
326610 -0.000045
326620 -0.000025
326630 0.000008
326640 0.000015
326650 0.000002
326660 0.000007
326670 -0.000024
326680 -0.001459
326690 -0.000040
326710 0.000008
326720 -0.000097
326730 0.000005
326740 -0.000789
326760 -0.001346
326770 0.000018
326780 0.000011
326790 -0.002210
326800 -0.000011
326810 -0.000012
326820 0.001640
326830 0.000010
326860 0.000001
326870 0.000001
326880 0.000018
326890 0.000009
326900 -0.000033
326910 0.000022
326920 0.000013
326930 0.000017
326940 -0.000037
326950 0.000020
326960 0.000015
326970 0.000023
326980 0.000021
326990 0.000006
327000 0.000009
327010 -0.000019
327020 0.000021
327030 0.000009
327040 -0.000011
327050 0.000010
327060 0.000011
327070 -0.000001
327080 0.000019
327090 -0.001260
327100 0.000014
327110 -0.000034
327120 0.000019
327130 -0.000031
327150 0.000022
327160 0.000024
327170 -0.001118
327180 0.000012
327190 0.000014
327200 -0.000019
327210 0.000011
327220 0.000002
327230 0.000023
327240 -0.000007
327250 -0.000007
327260 0.000008
327270 -0.000001
327280 0.000023
327290 0.000009
327300 -0.000007
327310 -0.000018
327320 0.000027
327330 0.000010
327340 0.000015
327350 -0.001188
327360 0.000004
327370 -0.000039
327380 0.000003
327390 0.000011
327400 0.000000
327410 0.000005
327420 0.000019
327430 0.000014
327440 -0.001160
327450 0.000007
327460 0.000003
327470 0.000023
327480 0.000007
327490 0.000006
327500 -0.001345
327510 -0.000018
327530 -0.000018
327540 -0.000047
327550 0.000016
327560 -0.000041
327570 0.000022
327580 0.000004
327590 0.000014
327600 -0.000029
327610 0.000001
327620 0.000003
327630 0.000015
327640 0.000008
327650 0.000015
327660 -0.000003
327670 0.000006
327680 0.000005
327690 0.000014
327700 0.000010
327710 -0.000039
327720 0.000003
327730 0.000017
327740 0.000009
327750 0.000008
327770 0.000014
327780 0.000017
327790 0.000014
327800 0.000017
327810 0.000017
327830 0.000020
327840 0.000011
327850 0.000039
327860 -0.001135
327870 0.000005
327880 -0.001134
327890 -0.000030
327900 0.000025
327910 0.000017
327920 0.000006
327930 0.000008
327940 -0.000002
327950 0.000010
327960 0.000024
327970 0.000020
327980 0.000014
327990 -0.000004
328000 -0.000004
328010 0.000018
328020 0.000011
328030 0.000007
328040 -0.001181
328050 -0.000006
328060 -0.000035
328070 0.000010
328080 -0.000012
328090 -0.001170
328100 0.000031
328110 0.000013
328120 0.000012
328130 -0.001134
328140 0.000009
328150 0.000011
328160 -0.000012
328170 0.000016
328180 0.000022
328190 -0.000026
328200 0.000011
328210 0.000012
328220 -0.000012
328230 0.000020
328240 -0.001179
328250 0.000000
328260 0.000010
328270 -0.000000
328280 0.000010
328290 -0.000001
328300 0.000019
328310 0.000034
328320 -0.000040
328330 -0.000009
328340 0.000018
328350 -0.000002
328360 0.000010
328370 0.000019
328380 0.000009
328390 -0.000032
328400 0.000000
328410 -0.000003
328420 -0.000035
328430 0.000003
328440 0.000019
328450 0.000021
328460 0.000004
328470 0.000001
328480 0.000005
328490 -0.001137
328500 0.000014
328510 -0.000033
328520 0.000008
328530 0.000009
328540 0.000020
328550 0.000005
328560 -0.000006
328570 0.000024
328580 0.000011
328590 0.000013
328600 0.000002
328610 0.000011
328620 0.000008
328630 0.000020
328640 0.000027
328650 0.000005
328660 -0.000003
328670 0.000002
328680 0.000011
328700 -0.001218
328710 -0.000012
328720 0.000017
328730 0.000013
328750 0.000021
328760 0.000011
328770 -0.000030
328780 0.000008
328790 0.000012
328800 0.000016
328810 0.000010
328820 0.000014
328830 0.000013
328840 0.000014
328850 0.000011
328860 0.000011
328870 -0.001148
328880 -0.000023
328890 0.000017
328900 0.000010
328910 0.000020
328920 -0.000035
328930 0.000015
328940 -0.000001
328960 -0.001162
328970 -0.000042
328980 -0.000053
328990 0.000020
329000 0.000004
329010 0.000018
329020 -0.000040
329030 -0.000026
329040 0.000016
329050 0.000015
329070 -0.000062
329080 0.000021
329090 -0.000039
329100 -0.001190
329110 0.000021
329120 0.000020
329130 0.000019
329140 0.000011
329150 0.000013
329160 -0.000044
329170 0.000015
329180 0.000017
329190 -0.000007
329200 0.000016
329210 0.000015
329220 0.000004
329230 0.000012
329240 -0.000002
329250 0.000006
329260 0.000017
329270 -0.000004
329280 0.000013
329290 -0.000033
329300 0.000166
329310 0.000014
329320 -0.001156
329330 0.000024
329340 0.000011
329350 0.000007
329360 -0.001195
329370 0.000019
329380 0.000011
329390 0.000012
329400 0.000015
329410 -0.000000
329420 -0.001146
329430 0.000013
329440 0.000024
329450 0.000017
329460 0.000010
329470 0.000013
329480 0.000017
329490 -0.000026
329500 -0.000081
329510 -0.000014
329520 0.000004
329530 0.000013
329540 0.000016
329550 0.000010
329560 -0.000028
329570 0.000016
329580 -0.001133
329590 0.000017
329610 0.000012
329620 0.000011
329640 0.000038
329650 -0.000032
329660 0.000012
329670 -0.001169
329680 -0.000188
329690 -0.000027
329700 -0.000034
329720 0.000003
329730 0.000006
329740 -0.000129
329750 -0.000004
329760 -0.000015
329770 0.000011
329780 0.000007
329790 0.000013
329800 -0.000083
329810 -0.000947
329820 -0.000022
329830 -0.000044
329840 0.000011
329850 0.000010
329860 0.000016
329870 0.000002
329880 0.000013
329890 -0.000035
329900 0.000014
329910 0.000022
329920 0.000015
329930 0.000012
329940 0.000021
329950 0.000025
329960 0.000012
329970 0.000018
329980 0.000002
329990 0.000008
330000 -0.000036
330010 0.000012
330020 -0.000037
330030 0.000015
330040 0.000009
330050 0.000006
330060 0.000011
330070 -0.000079
330080 0.000017
330090 -0.000036
330100 0.000022
330110 0.000016
330120 0.000017
330130 0.000011
330140 0.000011
330150 -0.000006
330160 0.000009
330180 0.000006
330190 -0.000027
330200 0.000009
330210 0.000003
330220 -0.000036
330230 0.000014
330240 -0.000002
330250 0.000010
330260 0.000014
330270 0.000005
330280 0.000014
330290 -0.000031
330300 0.000005
330310 0.000016
330320 0.000023
330330 0.000012
330340 0.000011
330350 -0.000021
330370 0.000012
330380 -0.000004
330390 0.000060
330400 0.000020
330410 0.000016
330420 0.000021
330430 0.000016
330440 -0.001165
330450 0.000019
330460 0.000005
330470 -0.000026
330480 0.000009
330490 0.000005
330500 0.000011
330510 -0.000010
330520 0.000016
330530 -0.000041
330540 -0.000023
330550 0.000018
330560 0.000013
330570 0.000011
330590 -0.000033
330600 0.000013
330610 0.000001
330620 0.000011
330630 0.000016
330640 0.000011
330650 0.000019
330660 -0.000029
330670 -0.000011
330680 -0.000033
330690 0.000010
330700 -0.001052
330710 -0.000008
330720 0.000016
330730 0.000005
330740 0.000014
330750 -0.000040
330760 -0.000003
330770 0.000008
330780 0.000011
330790 0.000015
330800 0.000014
330810 -0.001230
330820 0.000012
330830 0.000003
330840 -0.000039
330850 -0.000013
330860 0.000011
330870 -0.000014
330880 0.000003
330890 0.000016
330900 -0.000034
330910 0.000006
330920 0.000007
330930 -0.001169
330940 -0.000009
330950 -0.000039
330960 0.000004
330970 0.000017
330980 -0.000001
330990 0.000015
331000 -0.000091
331010 0.000017
331020 -0.000034
331030 0.000012
331040 0.000011
331050 -0.000093
331060 -0.000001
331070 0.000012
331080 -0.000019
331090 0.000023
331100 -0.000014
331110 -0.000012
331120 0.000019
331130 0.000016
331150 0.000009
331160 0.000013
331170 0.000007
331180 0.000016
331190 -0.000044
331200 0.000000
331210 0.000021
331220 0.000013
331230 0.000016
331240 0.000001
331250 0.000014
331260 0.000008
331270 -0.001151
331280 -0.000006
331290 0.000012
331300 0.000023
331310 -0.000037
331320 -0.000034
331330 -0.000001
331340 0.000016
331350 0.000010
331360 0.000017
331370 -0.000008
331380 0.000018
331390 0.000013
331400 0.000021
331410 0.000015
331420 0.000005
331430 0.000005
331440 0.000015
331450 0.000011
331460 -0.000049
331470 0.000023
331480 0.000011
331490 0.000020
331500 -0.000001
331510 0.000009
331520 0.000019
331530 0.000005
331540 0.000008
331550 0.000007
331560 -0.001404
331570 0.000017
331580 -0.000017
331590 0.000020
331600 -0.000046
331610 -0.000865
331620 -0.000028
331630 0.000007
331640 -0.001138
331650 -0.001893
331660 -0.000036
331670 0.000005
331680 0.000006
331690 -0.000033
331700 -0.000048
331710 -0.000991
331720 0.000013
331730 -0.000247
331740 -0.000041
331750 0.000016
331770 0.000016
331790 -0.000908
331800 0.000005
331810 0.000012
331820 0.000008
331830 0.000004
331840 0.000011
331850 0.000007
331860 0.000016
331870 0.000010
331880 -0.000018
331890 0.000012
331900 -0.000025
331920 0.000010
331930 -0.000782
331940 -0.000029
331950 -0.000016
331960 0.000017
331970 0.000014
331990 0.000015
332000 0.000020
332010 -0.001285
332020 -0.000028
332040 0.000005
332050 0.000007
332060 0.000013
332070 0.000005
332080 0.000015
332090 -0.000001
332100 -0.001353
332110 -0.000004
332120 -0.001186
332130 0.000017
332140 -0.000091
332150 0.000020
332170 -0.001274
332180 0.000012
332190 -0.000031
332200 0.000005
332210 -0.000034
332220 0.000010
332230 0.000012
332240 0.000007
332250 0.000010
332260 -0.000001
332280 0.000023
332300 0.000009
332310 -0.001142
332320 -0.000008
332330 0.000015
332340 0.000042
332350 0.000016
332360 0.000007
332370 0.000018
332380 0.000013
332400 0.000013
332410 0.000017
332420 0.000014
332430 0.000005
332440 0.000002
332450 -0.000038
332460 0.000007
332470 0.000013
332480 -0.000104
332490 0.000012
332500 -0.000000
332510 -0.000015
332520 0.000002
332530 -0.000011
332540 0.000020
332550 -0.000013
332560 0.000014
332570 0.000014
332590 -0.000038
332600 0.000013
332610 -0.000474
332620 -0.000015
332630 -0.000030
332640 -0.001106
332650 0.000015
332670 0.000017
332680 0.000027
332690 0.000007
332700 -0.001264
332710 0.000008
332720 0.000006
332730 -0.000029
332740 -0.000045
332750 -0.000041
332760 0.000004
332770 0.000012
332780 0.000021
332790 0.000017
332800 -0.000098
332810 0.000023
332820 -0.001223
332830 0.000010
332840 0.000013
332850 0.000015
332860 -0.000099
332880 0.000004
332890 0.000020
332900 -0.000001
332910 -0.000035
332920 0.000010
332930 0.000001
332940 0.000011
332950 0.000009
332960 0.000012
332970 -0.000032
332980 0.000012
332990 0.000016
333000 0.000007
333010 -0.000037
333020 -0.000042
333030 0.000022
333040 0.000011
333050 0.000014
333060 0.000010
333070 -0.000009
333090 -0.000003
333100 -0.000049
333110 -0.000054
333120 0.000002
333140 0.000012
333150 0.000004
333160 -0.000042
333170 0.000016
333180 0.000010
333190 -0.000006
333200 0.000010
333210 -0.000226
333220 0.000020
333230 -0.000089
333240 0.000013
333250 -0.000013
333260 -0.000011
333280 -0.000021
333300 -0.000005
333310 0.000000
333320 -0.000026
333340 0.000009
333350 0.000012
333360 0.000017
333370 0.000011
333380 0.000022
333390 -0.000008
333400 -0.000043
333410 -0.000027
333420 -0.001068
333430 0.000011
333440 0.000008
333450 -0.000010
333460 -0.000000
333470 0.000016
333480 -0.001225
333490 0.000015
333500 0.000020
333510 -0.000028
333530 0.000015
333540 0.000016
333550 0.000011
333560 -0.000036
333570 0.000017
333580 -0.001305
333590 -0.000033
333600 0.000018
333610 0.000007
333620 -0.001071
333630 0.000005
333640 0.000013
333650 -0.001321
333660 0.000011
333670 -0.000045
333680 0.000016
333690 0.000007
333700 0.000009
333710 0.000011
333720 0.000006
333730 0.000024
333740 -0.001209
333750 0.000008
333760 0.000014
333770 0.000019
333780 0.000008
333790 0.000002
333800 0.000019
333810 0.000013
333820 -0.000019
333830 0.000009
333840 0.000036
333850 0.000012
333860 0.000020
333870 0.000015
333880 0.000001
333900 -0.000087
333930 0.000016
333940 0.000015
333950 0.000003
333960 0.000021
333970 0.000017
333980 0.000013
333990 0.000006
334000 0.000019
334010 0.000017
334020 0.000012
334030 -0.000039
334040 -0.000008
334050 0.000021
334060 0.000009
334070 0.000031
334080 -0.000036
334090 -0.000092
334100 0.000014
334110 0.000023
334120 0.000023
334130 0.001100
334140 0.000015
334150 0.000015
334160 -0.000055
334170 0.000008
334180 0.000012
334190 -0.000041
334200 0.000012
334210 0.000009
334220 0.000009
334230 -0.001041
334240 0.000016
334250 0.000014
334260 0.000014
334270 0.000013
334280 -0.000036
334290 0.000004
334300 -0.000043
334310 0.000003
334320 -0.000002
334330 0.000018
334340 0.000017
334350 0.000019
334360 0.000015
334370 0.000011
334380 0.000007
334390 -0.001071
334400 0.000010
334410 0.000007
334420 0.000017
334430 0.000020
334440 0.000014
334450 0.000009
334460 0.000010
334470 -0.000014
334480 0.000012
334490 0.000013
334500 0.000019
334520 0.000015
334530 0.000016
334540 -0.000015
334550 -0.000022
334560 0.000013
334570 0.000001
334580 0.000013
334590 0.000020
334600 -0.000051
334610 -0.001439
334620 0.000017
334630 0.000010
334640 0.000022
334650 -0.000035
334660 -0.000006
334670 0.000009
334680 -0.000095
334690 0.000015
334700 0.000005
334710 0.000006
334720 0.000002
334730 0.000015
334740 0.000015
334750 0.000021
334760 0.000009
334770 0.000013
334780 -0.000037
334790 0.000005
334800 -0.000024
334810 0.000002
334820 0.000011
334830 0.000011
334840 0.000002
334850 0.000012
334860 0.000016
334870 0.000024
334890 -0.000014
334900 0.000009
334910 0.000012
334920 0.000004
334930 0.000017
334940 0.000007
334950 0.000015
334960 0.000015
334970 0.000019
334980 -0.000044
334990 0.000003
335000 0.000014
335020 0.000009
335030 0.000013
335040 0.000007
335050 0.000009
335060 0.000013
335070 -0.000033
335080 0.000003
335090 -0.000029
335100 0.000011
335110 0.000018
335120 0.000004
335130 0.000012
335140 -0.000001
335150 -0.000035
335160 0.000016
335170 -0.001102
335180 -0.000033
335190 -0.001122
335200 0.000015
335210 -0.000024
335220 -0.000007
335230 0.000015
335240 0.000012
335250 -0.001130
335260 0.000014
335270 -0.000032
335280 0.000007
335290 0.000006
335300 -0.000035
335310 0.000023
335320 0.000033
335330 0.000016
335340 0.000006
335350 -0.000041
335360 -0.001230
335370 -0.001244
335380 0.000013
335390 0.000019
335400 -0.000011
335410 0.000013
335420 0.000015
335430 0.000013
335440 0.000003
335450 0.000010
335460 -0.000025
335470 -0.000005
335480 -0.000003
335490 -0.000073
335500 0.000016
335510 -0.000002
335530 -0.000166
335550 -0.000035
335560 0.000012
335570 -0.000033
335580 0.000008
335590 -0.000042
335600 -0.000030
335610 -0.000002
335620 -0.000033
335630 0.000017
335640 0.000012
335650 0.000005
335660 0.000010
335670 0.000005
335680 0.000014
335690 0.001816
335700 0.000007
335710 0.000016
335720 -0.000032
335730 -0.000005
335740 -0.000053
335750 -0.000044
335760 0.000018
335770 -0.000065
335790 0.000011
335800 0.000111
335810 -0.000027
335820 -0.000034
335830 -0.000008
335840 -0.000037
335850 0.000013
335860 0.001093
335870 0.000119
335880 -0.000014
335890 0.000013
335900 -0.000004
335910 0.000010
335920 0.000033
335930 -0.000065
335940 0.000012
335950 0.000024
335960 0.000021
335970 0.000012
335980 0.000012
335990 0.000010
336000 0.000023
336020 -0.000044
336030 -0.000003
336040 0.000018
336050 0.000018
336060 0.000011
336070 -0.000053
336080 0.000015
336090 0.000006
336100 0.000004
336110 0.000012
336120 0.000051
336130 0.000071
336150 -0.000035
336160 0.000017
336170 -0.000021
336180 0.000011
336190 0.000023
336200 0.000022
336210 -0.001159
336220 -0.000019
336230 -0.000002
336240 0.000018
336250 0.000011
336260 0.000019
336270 0.000020
336280 0.000021
336290 -0.000009
336320 0.000011
336330 -0.000002
336340 0.000005
336350 0.000014
336360 0.000022
336370 0.000015
336380 0.000018
336390 0.000020
336400 0.000003
336410 -0.001311
336420 0.000015
336430 0.000007
336440 -0.000031
336450 0.000004
336460 0.000017
336470 -0.001056
336480 0.000044
336490 -0.000042
336500 0.000016
336510 0.000014
336520 -0.001238
336530 -0.000040
336540 -0.000014
336550 0.000011
336560 -0.000003
336570 0.000010
336580 0.000001
336590 0.000004
336600 0.000011
336620 0.000014
336630 -0.000028
336640 0.000014
336650 0.000010
336660 0.000005
336670 0.000017
336680 0.000000
336690 0.000016
336700 0.000008
336710 0.000016
336720 0.000017
336730 0.000011
336740 0.000013
336750 -0.000030
336760 -0.001247
336770 0.000003
336780 -0.000019
336790 0.000002
336800 0.000018
336810 0.000017
336820 0.000021
336830 0.000021
336850 0.000016
336860 0.000018
336870 0.000008
336880 0.000016
336890 0.000024
336910 0.000006
336920 0.000016
336930 0.000016
336940 -0.000046
336950 -0.000009
336970 0.000011
336980 -0.000078
336990 0.000021
337000 -0.000004
337020 0.000015
337030 0.000013
337040 0.000007
337050 0.000019
337070 0.000005
337080 -0.000032
337090 -0.001140
337100 -0.000010
337110 -0.000038
337120 -0.000003
337130 -0.000093
337140 0.000027
337150 -0.000001
337160 -0.000030
337170 0.000019
337180 -0.000019
337190 0.000006
337200 0.000011
337210 0.000013
337220 0.000017
337230 -0.000006
337240 -0.000003
337250 -0.000012
337270 0.000001
337280 0.000004
337290 -0.000023
337300 0.000012
337310 0.000018
337320 0.000012
337330 -0.000002
337340 0.000021
337350 0.000017
337360 0.000011
337370 -0.000001
337380 0.000014
337400 -0.000179
337410 0.000000
337420 -0.000028
337430 -0.000001
337440 0.000006
337450 -0.001165
337460 0.000021
337470 0.000009
337480 -0.001177
337490 0.000006
337500 0.000008
337510 0.000014
337520 0.000013
337530 0.000017
337540 0.000006
337550 0.000014
337560 0.000009
337570 0.000013
337580 0.000013
337590 0.000002
337600 -0.000017
337610 0.000012
337620 -0.000018
337630 0.000008
337640 0.000018
337650 -0.000044
337660 -0.000024
337670 0.000001
337680 -0.000047
337690 0.000018
337700 0.000005
337710 0.000012
337720 -0.001048
337730 0.000539
337740 -0.000004
337750 -0.000041
337760 -0.000140
337770 0.000019
337780 0.000003
337790 0.000017
337800 -0.000002
337810 0.000016
337830 -0.000035
337840 0.000008
337850 -0.000024
337860 0.000005
337870 -0.000003
337880 0.000008
337890 0.000014
337900 0.000014
337910 0.000012
337920 -0.000042
337930 0.000016
337940 0.000016
337950 0.000013
337960 0.000005
337970 0.000017
337980 0.000021
337990 0.000013
338000 -0.000043
338010 0.000003
338020 0.000012
338030 0.000014
338040 -0.000029
338050 0.000019
338060 0.000010
338070 0.000016
338080 0.000001
338090 -0.000021
338100 0.000001
338110 0.000007
338130 -0.000043
338140 0.000003
338150 -0.000004
338160 0.000013
338170 0.000007
338180 0.000007
338190 0.000004
338200 -0.000038
338210 0.000002
338220 -0.000043
338230 0.000018
338240 0.000008
338250 0.000009
338260 0.000014
338270 0.000011
338280 0.000014
338290 -0.000049
338300 0.000012
338310 0.000009
338320 0.000017
338330 0.000018
338340 -0.000005
338350 0.000012
338360 -0.001146
338370 0.000014
338380 0.000013
338400 0.000018
338410 0.000021
338420 0.000008
338430 0.000015
338440 0.000006
338450 0.000012
338460 0.000020
338470 0.000016
338480 0.000017
338490 0.000013
338500 -0.000047
338510 -0.000039
338520 0.000009
338530 0.000008
338540 0.000005
338550 0.000013
338560 -0.000034
338570 0.000026
338580 0.000047
338590 0.000004
338600 -0.000012
338610 0.000016
338620 -0.000003
338630 -0.001201
338640 -0.000009
338650 0.000018
338660 -0.000023
338670 0.000015
338680 0.000014
338690 0.000012
338700 0.000021
338710 0.000012
338720 0.000010
338730 0.000008
338740 0.000024
338750 0.000008
338760 0.000013
338770 0.000006
338780 0.000011
338790 0.000016
338800 -0.001350
338810 -0.000004
338820 0.000023
338830 -0.000000
338840 0.000004
338850 -0.001397
338860 -0.000034
338880 0.000003
338890 0.000015
338900 -0.000041
338910 0.000014
338920 -0.000041
338930 -0.000004
338940 0.000018
338950 0.000014
338960 -0.000013
338970 0.000006
338980 0.000001
338990 0.000007
339000 0.000016
339010 -0.001155
339020 -0.000019
339030 0.000004
339040 0.000011
339050 0.000012
339060 0.000017
339070 -0.000011
339080 0.000011
339110 0.000009
339120 0.000012
339130 0.000014
339140 -0.000043
339150 0.000025
339160 -0.000037
339170 0.000017
339180 -0.001134
339190 -0.001126
339200 0.000013
339210 0.000014
339220 -0.001120
339230 -0.000038
339240 -0.000008
339250 -0.000021
339260 0.000017
339270 -0.000037
339280 -0.000004
339290 -0.000040
339300 0.000015
339310 -0.000045
339320 -0.000029
339330 0.000007
339340 0.000005
339350 0.000013
339360 0.000001
339370 -0.000039
339380 0.000013
339400 0.000004
339410 0.000004
339420 0.000018
339430 0.000017
339440 0.000018
339450 0.000017
339460 -0.000037
339470 -0.000031
339490 0.000027
339510 -0.000005
339520 0.000013
339530 0.000001
339540 0.000025
339550 0.000016
339560 -0.001037
339570 0.000017
339580 0.000009
339590 0.000009
339600 -0.001163
339610 0.000013
339620 0.000005
339630 0.000009
339640 0.000014
339650 -0.000026
339660 0.000014
339670 0.000008
339680 0.000015
339690 0.000011
339700 0.000015
339710 0.000016
339720 -0.000035
339730 0.000005
339740 -0.000026
339750 -0.000020
339760 0.000007
339770 -0.000008
339780 0.000007
339790 0.000007
339800 0.000021
339810 0.000016
339820 0.000017
339830 0.000011
339840 0.000001
339850 0.000011
339860 -0.000035
339870 0.000012
339880 0.000005
339890 0.000014
339900 0.000014
339910 -0.000012
339920 -0.000067
339930 -0.001065
339960 0.000018
339980 -0.000111
339990 -0.000033
340000 0.000015
340010 0.000003
340020 0.000010
340030 0.000003
340040 -0.000041
340050 0.000012
340060 0.000012
340070 0.000015
340080 0.000011
340090 0.000017
340100 0.000015
340110 -0.000036
340120 0.000010
340130 0.000018
340140 0.000015
340150 0.000015
340160 -0.001224
340170 -0.000032
340190 -0.001076
340200 0.000017
340210 -0.000030
340220 0.000019
340230 0.000004
340240 0.000018
340250 0.000013
340260 0.000010
340270 0.000014
340280 0.000008
340290 -0.000004
340300 -0.000034
340310 0.000013
340320 0.000017
340330 -0.000009
340340 0.000004
340350 0.000007
340360 0.000014
340370 -0.000000
340380 0.000002
340390 0.000011
340400 0.000018
340410 0.000011
340430 0.000097
340440 -0.000041
340450 -0.000038
340460 0.000016
340470 -0.000039
340480 0.000065
340490 0.000017
340500 0.000011
340510 0.000015
340520 0.000016
340530 0.000014
340540 -0.000001
340550 -0.000000
340560 0.000016
340570 0.000018
340580 0.000015
340590 -0.000030
340600 -0.000022
340610 0.000013
340620 0.000012
340630 0.000010
340640 0.000015
340650 0.000026
340660 0.000012
340670 0.000009
340680 0.000008
340690 -0.000005
340700 -0.001052
340710 0.000011
340720 -0.000003
340730 0.000004
340740 0.000004
340750 -0.000070
340760 0.000010
340770 0.000008
340780 0.000008
340790 -0.000015
340800 0.000021
340810 -0.000020
340820 0.000010
340830 0.000012
340840 -0.000087
340860 0.000019
340870 0.000005
340880 -0.000290
340890 0.000012
340900 -0.000011
340910 0.000014
340920 -0.000023
340930 0.000016
340940 0.000015
340950 -0.000035
340960 0.000006
340970 0.000021
340980 0.000009
340990 0.000015
341000 0.000021
341010 0.000012
341020 0.000006
341030 -0.000005
341040 0.000015
341050 0.000013
341060 0.000011
341070 -0.001076
341080 -0.001192
341090 -0.000040
341100 0.000011
341110 0.000019
341120 -0.000043
341130 -0.000076
341140 -0.000029
341150 -0.000041
341160 0.000012
341170 -0.000037
341180 -0.000003
341190 -0.000042
341200 -0.000036
341210 0.000010
341220 -0.000040
341230 -0.000032
341240 -0.000038
341250 0.000011
341260 -0.000017
341270 0.000008
341280 0.000001
341290 0.000018
341300 0.000010
341310 0.000016
341320 0.000016
341330 -0.000033
341340 -0.000030
341350 -0.000033
341360 0.000008
341370 0.000013
341380 -0.001160
341390 0.000005
341400 0.000001
341410 -0.001182
341420 0.000021
341430 0.000018
341440 -0.000029
341450 -0.000006
341460 -0.000015
341470 -0.001144
341480 0.000010
341490 -0.000032
341500 -0.001162
341510 0.000013
341520 0.000020
341530 0.000018
341540 0.000007
341550 0.000010
341560 -0.000031
341570 0.000013
341580 0.000009
341600 0.000034
341610 -0.000007
341620 0.000013
341630 0.000018
341640 0.000007
341650 -0.001165
341660 0.000003
341670 0.000002
341680 0.000016
341690 0.000016
341700 0.000006
341710 0.000006
341720 -0.000037
341730 0.000017
341740 0.000015
341750 0.000004
341760 0.000266
341770 -0.000001
341780 -0.000031
341790 -0.000028
341800 0.000015
341810 0.000015
341820 0.000007
341830 0.000020
341840 0.000049
341850 0.000010
341860 -0.000039
341870 -0.000049
341880 0.000013
341890 0.000015
341900 0.000018
341910 0.000014
341920 -0.001573
341930 0.000012
341940 -0.000003
341950 -0.000006
341960 0.000014
341970 0.000014
341980 0.000004
341990 0.000010
342000 -0.000002
342010 -0.000037
342030 0.000010
342040 -0.000089
342050 0.000002
342060 -0.000005
342070 -0.000024
342080 0.000006
342090 -0.000039
342100 0.000022
342110 -0.000042
342120 0.000009
342130 -0.001070
342140 0.000016
342150 0.000007
342160 0.000017
342170 -0.000009
342180 -0.000027
342200 0.000011
342210 -0.000004
342220 0.000012
342230 0.000010
342240 0.000013
342250 0.000009
342260 0.000014
342270 0.000012
342280 0.000008
342290 0.000006
342300 -0.000030
342310 0.000019
342320 -0.000003
342330 0.000016
342340 -0.000005
342350 -0.000040
342360 0.000018
342370 0.000014
342380 -0.000019
342390 0.000013
342400 0.000018
342420 -0.000008
342430 0.000013
342440 0.000009
342460 -0.000005
342470 -0.000094
342480 0.000006
342490 -0.001333
342500 0.000007
342510 0.000016
342520 0.000017
342530 0.000020
342540 0.000004
342550 0.000012
342560 0.000009
342570 0.000028
342580 0.000002
342590 0.000010
342610 0.000011
342620 0.000009
342630 -0.000008
342640 -0.001288
342650 0.000011
342660 -0.001183
342670 -0.000023
342680 -0.000008
342690 -0.000012
342700 0.000010
342710 0.000006
342720 -0.001208
342730 0.000003
342740 0.000005
342750 0.000009
342770 0.000014
342780 0.000014
342790 -0.000003
342800 0.000016
342810 -0.000039
342820 0.000011
342830 0.000015
342840 0.000009
342850 0.000016
342860 0.000008
342870 0.000018
342880 0.000235
342890 0.000010
342900 0.000002
342910 0.000012
342920 -0.000489
342930 0.000003
342940 0.000011
342950 -0.000002
342960 0.000008
342970 -0.000093
342980 -0.000037
342990 -0.001577
343000 -0.001547
343010 0.000012
343020 0.000012
343030 0.000011
343040 0.000010
343050 0.000011
343060 -0.000000
343070 0.000021
343080 0.000012
343090 0.000003
343100 0.000005
343110 0.000007
343120 -0.000040
343130 -0.001248
343140 -0.000039
343150 0.000006
343160 0.000016
343170 0.000009
343180 0.000010
343190 -0.000001
343200 0.000004
343210 0.000010
343220 0.000460
343230 -0.001036
343240 0.000011
343250 0.000017
343260 0.000002
343270 0.000015
343280 0.000016
343290 -0.000016
343300 0.000002
343310 0.000012
343320 0.000020
343330 0.000011
343340 0.000026
343350 0.000021
343360 0.000016
343370 0.000015
343380 0.000614
343390 0.000015
343400 0.000016
343410 0.000004
343420 0.000019
343430 0.000019
343440 0.000011
343450 -0.001319
343460 0.000005
343470 -0.000027
343480 -0.000016
343490 0.000002
343500 0.000015
343510 0.000017
343520 -0.000012
343530 0.000008
343540 0.000011
343550 0.000016
343560 0.000004
343570 -0.001246
343580 0.000013
343590 -0.000000
343600 0.000019
343610 0.000013
343620 0.000001
343630 0.000014
343640 0.000015
343650 -0.000012
343660 0.000013
343670 0.000003
343680 -0.000026
343690 0.000015
343700 -0.000008
343710 0.000012
343720 -0.000035
343730 0.000016
343740 0.000015
343750 -0.001197
343760 -0.001144
343770 -0.001174
343780 0.000016
343790 0.000017
343810 0.000021
343820 0.000034
343830 0.000025
343840 -0.000001
343850 0.000013
343860 0.000003
343870 0.000014
343890 0.000020
343900 0.000013
343910 0.000007
343920 0.000013
343930 0.000006
343940 0.000019
343950 0.000017
343960 0.000014
343970 0.000010
343980 0.000019
344000 -0.000011
344010 0.000014
344020 0.000007
344030 0.000009
344040 0.000005
344050 -0.000040
344060 -0.001229
344070 0.000018
344080 0.000020
344090 0.000016
344100 -0.001343
344110 0.000011
344120 0.000009
344130 -0.000000
344140 0.000015
344150 0.000007
344160 0.000015
344170 0.000008
344180 0.000016
344190 0.000008
344200 0.000017
344210 -0.000011
344220 0.000014
344230 0.000019
344240 0.000010
344250 0.000020
344260 0.000004
344270 0.000013
344280 0.000013
344290 0.000017
344300 0.000007
344320 -0.001225
344330 -0.000010
344340 0.000012
344350 0.000012
344360 -0.000135
344370 -0.001274
344380 -0.001520
344400 0.000906
344410 0.000014
344420 -0.000014
344430 0.000012
344440 0.000017
344450 -0.000017
344460 -0.000853
344470 0.000007
344480 -0.000041
344490 0.000012
344500 0.000012
344510 -0.000047
344520 0.000018
344530 0.000006
344540 -0.000041
344550 -0.000039
344560 -0.000101
344570 0.000019
344600 -0.000041
344610 -0.000001
344620 -0.000035
344630 0.000012
344650 0.000023
344660 0.000001
344670 -0.000024
344680 0.000024
344690 0.000005
344700 0.000007
344710 -0.000037
344720 0.000007
344730 0.000014
344740 0.000004
344750 0.000011
344760 -0.000055
344770 0.000013
344780 -0.000021
344790 0.000017
344800 0.000014
344810 0.000006
344820 0.000007
344830 0.000019
344840 -0.000099
344850 -0.000008
344860 -0.000008
344870 0.000020
344880 0.000009
344890 -0.001118
344900 0.000012
344910 0.000013
344920 0.000014
344930 -0.000038
344940 0.000015
344950 0.000020
344960 -0.000027
344970 0.000016
344980 0.000013
344990 -0.000096
345000 0.000016
345020 0.000013
345030 -0.000034
345040 0.000005
345050 0.000016
345060 -0.000046
345070 0.000012
345080 0.000017
345090 0.000008
345100 0.000016
345110 -0.000014
345120 0.000003
345130 0.000020
345140 0.000000
345150 0.000001
345160 0.000005
345170 0.000015
345180 -0.000039
345190 -0.000003
345200 0.000013
345210 -0.000012
345220 -0.000026
345230 0.000009
345240 -0.000038
345250 -0.000007
345260 -0.000005
345270 0.000001
345280 0.000016
345290 -0.000035
345300 -0.000034
345310 0.000008
345320 0.000013
345330 -0.000006
345340 0.000015
345350 0.000020
345370 0.000019
345380 0.000004
345390 0.000022
345400 0.000005
345410 -0.000002
345420 0.000005
345430 -0.000040
345450 -0.000053
345460 0.000015
345470 0.000138
345480 0.000011
345490 -0.000022
345500 0.000018
345510 0.000007
345520 0.000010
345530 0.000016
345550 0.000013
345560 0.000018
345570 0.000007
345580 0.000014
345590 0.000018
345600 0.000017
345610 0.000019
345620 0.000011
345630 -0.000043
345640 0.000014
345650 0.000011
345660 -0.000011
345670 -0.000009
345680 0.000015
345690 0.000016
345700 0.000022
345710 -0.001157
345720 0.000007
345730 -0.000011
345740 0.000008
345750 0.000012
345760 0.000015
345770 0.000013
345780 0.000011
345790 0.000015
345800 0.000010
345810 0.000023
345820 0.000009
345830 0.000021
345840 0.000012
345850 0.000008
345860 0.000009
345870 0.000023
345880 0.000004
345890 0.000014
345900 0.000014
345910 -0.000027
345920 0.000017
345930 0.000008
345940 0.000013
345950 -0.000021
345960 0.000008
345970 0.000007
345980 -0.000004
345990 0.000022
346000 -0.001203
346010 0.000013
346020 -0.000003
346030 -0.000007
346040 0.000011
346050 0.000013
346060 0.000007
346070 -0.000011
346080 0.000013
346090 0.000016
346100 -0.000024
346110 0.000013
346120 0.000021
346130 0.000011
346140 0.000001
346150 0.000013
346160 0.000015
346170 0.000014
346180 0.000005
346190 -0.000030
346200 -0.000018
346210 -0.000009
346220 -0.000039
346230 -0.001051
346240 0.000020
346250 0.000014
346260 -0.000023
346270 -0.000031
346280 -0.000035
346290 0.000018
346300 0.000013
346310 0.000018
346320 0.000016
346330 0.000018
346340 -0.000096
346350 0.000012
346360 0.000002
346370 -0.000029
346380 0.000004
346390 -0.000018
346400 -0.000043
346410 0.000012
346420 0.000026
346430 -0.000020
346440 0.000011
346450 -0.000036
346460 -0.000001
346470 0.000016
346480 -0.000037
346490 0.000022
346500 0.000015
346510 0.000006
346520 0.000005
346530 0.000006
346540 0.000013
346550 0.000018
346560 0.000008
346570 0.000012
346590 0.000018
346600 0.000011
346610 0.000015
346620 0.000066
346630 0.000012
346640 0.000012
346650 0.000003
346660 0.000006
346670 -0.000034
346680 0.000006
346690 0.000008
346700 -0.000000
346710 0.000016
346720 0.000014
346730 0.000021
346740 0.000023
346750 -0.000008
346760 0.000008
346770 0.000020
346780 0.000016
346790 -0.000091
346800 0.000005
346810 0.000017
346820 0.000017
346830 0.000010
346840 0.000017
346850 0.000024
346860 0.000015
346880 -0.000001
346890 0.001992
346900 0.000016
346910 0.000022
346920 0.000032
346930 0.000014
346940 -0.000024
346950 -0.000004
346960 0.000030
346970 0.000016
346980 -0.000013
346990 0.000015
347000 0.000016
347010 -0.001174
347020 0.000012
347030 -0.000003
347040 -0.000037
347050 0.000012
347060 -0.001265
347070 0.000016
347080 -0.000007
347090 0.000004
347100 0.000015
347110 0.000012
347120 0.000014
347130 -0.000027
347140 0.000013
347150 0.000010
347160 0.000017
347170 -0.000037
347180 0.000018
347190 0.000013
347200 -0.000023
347210 0.000025
347220 0.000012
347230 0.000012
347240 -0.000006
347250 0.000057
347260 0.000008
347270 0.000010
347280 -0.000021
347290 -0.000026
347300 -0.000005
347310 -0.000021
347320 -0.000034
347340 0.000028
347360 0.000014
347370 0.000021
347380 0.000003
347390 -0.000004
347400 -0.000010
347410 -0.000004
347420 -0.000059
347430 -0.001128
347440 0.000003
347450 0.000012
347460 0.000009
347470 -0.000037
347480 -0.000006
347490 0.000003
347500 -0.000020
347520 -0.000031
347530 0.000016
347540 -0.000020
347550 0.000000
347560 -0.001153
347570 0.000006
347590 0.000003
347600 0.000017
347610 -0.000043
347620 -0.000053
347640 0.000007
347650 0.000015
347660 0.000016
347670 0.000005
347680 0.000002
347690 -0.000000
347700 -0.000008
347710 0.000013
347720 -0.000035
347730 0.000018
347740 0.000020
347750 0.000006
347760 0.000018
347770 0.000010
347780 -0.000024
347790 0.000012
347800 -0.000000
347810 -0.000005
347820 -0.000029
347830 0.000020
347840 0.000008
347850 0.000012
347860 0.000006
347870 0.000004
347880 -0.001029
347900 0.000016
347910 -0.000008
347920 0.000015
347930 -0.000014
347940 -0.001238
347950 0.000008
347960 -0.000038
347970 0.000012
347980 0.000022
347990 -0.000029
348000 -0.000018
348010 -0.001260
348020 -0.000022
348040 0.000024
348050 0.000006
348060 0.000018
348070 0.000018
348080 0.000005
348090 -0.000026
348100 0.000010
348110 -0.001211
348120 -0.000006
348130 -0.000021
348140 0.000003
348150 0.000014
348160 -0.000039
348170 0.000013
348200 -0.000026
348210 -0.000000
348220 0.000015
348230 -0.000041
348240 -0.000014
348250 -0.000041
348260 -0.000045
348270 0.000008
348280 0.000005
348290 0.001902
348320 0.000011
348330 0.000011
348340 0.000013
348350 -0.000041
348360 0.000014
348370 0.000014
348380 -0.000014
348390 0.000016
348400 -0.000034
348410 0.000018
348420 0.000010
348430 -0.000006
348440 0.000012
348450 -0.000001
348460 -0.000050
348470 0.000019
348490 -0.000040
348500 0.000024
348510 -0.001235
348520 -0.000030
348530 0.000010
348540 -0.000058
348550 0.000014
348560 -0.000004
348570 0.000021
348580 -0.000001
348600 -0.000023
348610 0.000014
348620 -0.001137
348630 -0.000006
348640 -0.000026
348650 0.000009
348660 -0.000027
348670 0.000003
348680 0.000016
348690 0.000008
348700 -0.000036
348710 0.000007
348720 0.000004
348730 -0.000030
348740 -0.000038
348750 -0.000028
348760 -0.000063
348770 0.000015
348780 -0.001206
348790 -0.000033
348800 0.000014
348810 -0.001155
348820 0.000007
348830 0.000006
348840 0.000008
348850 0.000013
348860 0.000012
348870 -0.000036
348880 0.000495
348890 0.000014
348900 0.000012
348910 0.000022
348930 0.000015
348940 -0.000042
348950 0.000007
348960 -0.000001
348970 0.000012
348980 0.000008
348990 0.000011
349000 -0.000013
349010 -0.000001
349020 0.000016
349030 0.000004
349040 0.000015
349050 0.000003
349060 0.000015
349070 0.000012
349080 0.000013
349090 0.000008
349100 0.000015
349110 0.000019
349120 0.000017
349130 0.000005
349140 -0.000033
349150 -0.001123
349160 0.000002
349170 0.000019
349180 0.000011
349190 -0.000023
349200 0.000008
349210 0.000017
349230 -0.000031
349240 0.000020
349250 0.000016
349260 -0.000043
349270 0.000011
349280 0.000010
349290 0.000011
349300 -0.000004
349310 0.000012
349320 0.000015
349330 0.000015
349340 -0.000000
349350 -0.000023
349360 -0.000040
349370 0.000012
349380 0.000016
349390 -0.000026
349400 0.000003
349410 -0.001246
349420 0.000013
349430 -0.000131
349450 -0.000033
349460 -0.000036
349470 0.000008
349480 0.000016
349490 0.000012
349500 0.000017
349510 -0.000002
349520 -0.000005
349530 0.000008
349540 0.000013
349550 0.000017
349560 0.000018
349570 0.000024
349580 -0.000037
349590 0.000015
349600 -0.000037
349610 0.000016
349620 0.000011
349630 0.000017
349640 0.000012
349650 0.000000
349660 -0.000002
349670 -0.000003
349680 0.000015
349700 -0.001367
349710 0.000015
349720 -0.000047
349730 -0.000009
349740 0.000010
349750 0.000016
349760 0.000477
349770 0.000010
349790 0.000015
349800 0.000017
349810 0.000021
349820 0.000002
349830 -0.000014
349840 0.000024
349850 0.000017
349860 0.000011
349870 -0.001216
349890 -0.000069
349900 0.000014
349910 -0.001347
349920 -0.000001
349930 -0.000013
349940 0.000006
349950 -0.000014
349970 0.000006
349980 0.000124
349990 0.000014
350000 0.000002
350010 0.000008
350020 0.000010
350030 0.000142
350040 -0.000014
350050 -0.000045
350070 0.000020
350080 -0.000038
350090 0.000016
350100 0.000015
350110 -0.000040
350120 -0.000000
350130 0.000006
350140 0.000003
350150 -0.000102
350160 -0.000042
350170 0.000019
350180 -0.000008
350190 0.000014
350200 -0.000185
350210 0.000004
350220 0.000007
350230 -0.000035
350240 0.000012
350250 -0.000034
350260 0.000012
350270 -0.000046
350280 0.000018
350290 0.000016
350300 0.000015
350310 0.000014
350320 0.000018
350330 0.000024
350340 0.000006
350350 0.000009
350380 0.000018
350390 0.000014
350400 0.000025
350410 0.000014
350420 0.000011
350430 -0.001151
350450 0.001023
350460 -0.000036
350470 -0.000044
350480 0.000011
350490 0.000002
350500 -0.000034
350510 0.000007
350520 0.000013
350530 0.000003
350540 -0.001126
350550 -0.000034
350560 -0.000011
350570 0.000017
350580 -0.001155
350590 -0.000018
350600 0.000013
350610 0.000004
350620 0.000017
350630 0.000016
350640 -0.001120
350650 -0.000153
350660 -0.001126
350670 0.000015
350690 -0.000132
350700 -0.000031
350710 -0.000011
350720 0.000006
350730 0.000022
350740 -0.000016
350750 -0.000030
350760 -0.000066
350770 0.000008
350780 0.000013
350790 0.000002
350800 -0.000030
350810 -0.000008
350820 -0.000015
350830 0.000015
350840 -0.000040
350850 -0.000094
350870 -0.000042
350880 0.000005
350890 -0.001164
350900 0.000009
350910 0.000008
350920 0.000008
350930 -0.000143
350940 -0.000014
350950 -0.000043
350960 0.000002
350970 0.000004
350980 0.000008
350990 0.000003
351000 0.000010
351010 0.000014
351020 0.000014
351030 -0.000019
351040 0.000020
351050 0.000002
351060 0.000015
351070 -0.000003
351080 -0.000024
351090 0.000013
351100 0.000014
351110 -0.000007
351120 -0.000051
351130 0.000004
351140 0.000010
351150 0.000002
351160 0.000016
351170 0.000017
351180 -0.000041
351190 0.000004
351200 0.000016
351210 0.000012
351220 -0.001209
351240 -0.000029
351250 0.000009
351260 0.000019
351270 0.000021
351280 -0.000040
351300 -0.000024
351310 -0.000006
351320 0.000015
351330 0.000010
351340 0.000013
351350 0.000016
351360 0.000013
351370 0.000010
351380 0.000009
351390 0.000014
351400 -0.000000
351410 0.000011
351420 -0.000008
351430 0.000018
351440 -0.000026
351460 0.000009
351470 0.000010
351480 0.000008
351490 -0.000090
351500 0.000002
351510 0.000016
351520 -0.001199
351530 -0.001148
351540 0.000011
351550 -0.001199
351570 -0.000042
351580 0.000009
351590 0.000014
351600 0.000012
351610 0.000007
351620 -0.000045
351630 0.000051
351640 0.000013
351650 -0.000002
351660 0.000012
351670 -0.001318
351680 -0.000029
351690 0.000014
351700 0.000011
351710 -0.000013
351720 0.000003
351730 -0.000033
351740 -0.000014
351750 0.000008
351760 0.000013
351770 0.000012
351780 0.000014
351790 0.000029
351800 0.000017
351810 -0.000043
351820 0.000017
351830 -0.000030
351840 0.000016
351850 -0.000032
351860 0.000007
351870 -0.000040
351880 0.000013
351890 0.000018
351910 -0.000023
351920 0.000009
351930 -0.000003
351940 0.000013
351950 0.000010
351960 0.000013
351970 0.000016
351980 0.000002
351990 0.000011
352000 -0.000039
352010 0.000007
352020 0.000002
352030 -0.000156
352040 0.000018
352050 0.000019
352060 -0.000029
352070 -0.000056
352080 -0.000043
352090 -0.001259
352100 0.000023
352110 0.000007
352120 0.000020
352130 0.000002
352140 0.000014
352150 0.000012
352160 0.000006
352170 -0.000005
352180 -0.000008
352190 -0.000037
352200 -0.000048
352210 0.000007
352220 0.000009
352230 0.000010
352240 -0.000020
352250 -0.000032
352260 -0.000102
352270 0.000018
352280 -0.001165
352290 -0.000010
352300 -0.000037
352310 0.000017
352320 -0.000028
352330 0.000014
352340 0.000015
352350 0.000002
352360 -0.000082
352370 0.000014
352380 0.000004
352390 -0.000042
352400 -0.000036
352410 0.000008
352420 -0.000006
352430 -0.000023
352440 0.000002
352450 0.000013
352460 0.000006
352470 0.000015
352480 0.000004
352490 0.000004
352500 0.000015
352510 0.000016
352520 0.000003
352530 0.000013
352550 0.000004
352560 0.000022
352570 -0.000003
352580 0.000014
352590 0.000009
352600 -0.000007
352610 0.000011
352620 -0.001158
352630 0.000017
352640 0.000013
352650 0.000015
352660 -0.000000
352670 0.000021
352680 0.000007
352690 -0.000015
352700 -0.001166
352710 0.000012
352720 0.000014
352730 0.000018
352740 0.000015
352750 0.000014
352760 -0.000002
352770 -0.000042
352780 -0.000013
352790 -0.001153
352800 0.000014
352810 0.000017
352820 -0.000015
352830 0.000005
352840 -0.000040
352850 0.000001
352860 0.000009
352870 0.000019
352880 -0.000020
352890 0.000016
352900 -0.000044
352910 0.000015
352920 0.000005
352930 -0.000050
352940 0.000005
352950 0.000014
352960 0.000002
352970 0.000017
352980 0.000012
352990 0.000008
353000 -0.000041
353010 0.000013
353020 -0.000027
353030 -0.000004
353040 0.000017
353050 -0.000034
353060 0.000020
353070 -0.000043
353080 0.000013
353090 -0.000038
353100 0.000002
353110 -0.000039
353120 0.000018
353130 -0.000036
353140 0.000014
353150 0.000010
353160 0.000005
353170 -0.000018
353190 0.000020
353200 0.000004
353210 -0.000042
353220 0.000013
353230 -0.001066
353240 0.000013
353250 -0.000002
353260 -0.000044
353270 -0.000031
353280 0.000005
353290 0.000020
353300 0.000029
353310 -0.000042
353320 0.000014
353330 0.000014
353340 0.000005
353350 0.000003
353360 0.000014
353370 0.000012
353380 0.000017
353390 -0.000055
353410 0.000014
353420 0.000007
353430 0.000019
353440 0.000016
353450 0.000018
353460 0.000012
353470 0.000009
353490 0.000000
353500 -0.000023
353510 0.000014
353520 -0.000096
353530 -0.000044
353540 0.000008
353550 -0.000034
353560 0.000012
353570 0.000012
353580 -0.000009
353590 0.000011
353600 -0.000020
353610 0.000014
353620 0.000002
353650 -0.000034
353660 -0.000004
353670 -0.000038
353680 -0.000003
353690 -0.001209
353700 0.000012
353710 -0.000038
353720 -0.000007
353730 -0.000096
353740 0.000015
353750 -0.000027
353760 0.000005
353770 0.000017
353780 0.000015
353790 0.000024
353800 -0.000001
353810 0.000012
353820 0.000014
353830 0.000013
353840 0.000012
353850 0.000010
353860 0.000021
353870 0.000016
353880 0.000014
353890 0.000003
353900 0.000016
353910 0.000013
353920 0.000012
353930 0.000033
353940 -0.001696
353950 -0.000056
353960 0.000016
353970 0.000007
353980 0.000009
353990 -0.000012
354000 -0.000038
354010 0.000020
354020 0.000008
354030 -0.000039
354040 -0.001216
354050 0.000012
354060 -0.000036
354070 0.000014
354080 0.000011
354090 0.000002
354100 0.000016
354110 -0.000034
354120 0.000010
354130 -0.001251
354140 -0.000032
354150 0.000009
354160 0.000015
354170 0.000018
354190 -0.000028
354220 -0.000044
354230 0.000013
354250 -0.001221
354260 0.000013
354270 0.000004
354280 -0.000002
354290 -0.000032
354300 -0.000004
354310 -0.001186
354320 0.000018
354330 0.000007
354340 0.000021
354350 -0.000081
354360 -0.000008
354370 0.000018
354380 0.000008
354390 0.000014
354400 0.000013
354410 0.000011
354420 0.000004
354430 0.000003
354440 -0.000069
354460 0.000014
354470 0.000016
354480 -0.001132
354490 0.000013
354500 0.000003
354510 0.000006
354520 -0.000026
354530 -0.000034
354540 0.000018
354560 0.000012
354570 -0.000032
354580 0.000008
354590 0.000007
354600 -0.001122
354610 0.000016
354620 0.000196
354630 0.000008
354640 0.000014
354650 0.000013
354660 -0.000007
354670 0.000007
354680 0.000015
354690 0.000011
354700 0.000027
354720 0.000010
354730 0.000016
354740 0.000011
354750 0.000032
354760 0.000026
354770 -0.000037
354780 0.000018
354790 0.000015
354800 -0.001151
354810 0.000009
354820 -0.001140
354830 0.000010
354840 -0.000001
354850 -0.000034
354860 0.000017
354870 -0.000018
354880 0.000014
354890 0.000014
354900 0.000014
354910 0.000016
354920 -0.000007
354930 0.000011
354940 -0.000038
354950 0.000011
354960 0.000008
354980 0.000010
354990 0.000013
355000 -0.000038
355010 -0.000002
355020 -0.000051
355030 -0.000005
355040 -0.001094
355050 -0.000019
355060 0.000015
355070 0.000023
355080 -0.000040
355090 -0.000013
355100 0.000019
355110 0.000012
355120 0.000022
355130 0.000013
355140 -0.000065
355150 -0.000028
355160 0.000018
355170 0.000016
355180 0.000015
355190 0.000011
355200 0.000014
355210 -0.000089
355220 0.000019
355230 0.000003
355240 -0.001101
355250 0.000011
355260 -0.000020
355270 0.000014
355280 0.000010
355290 0.000016
355300 0.000013
355310 0.000013
355320 -0.000024
355330 0.000005
355340 -0.000042
355350 0.000137
355360 -0.000040
355370 -0.000015
355380 0.000021
355390 -0.000013
355400 0.000015
355410 0.000011
355420 0.000034
355430 -0.000012
355440 0.000011
355450 0.000016
355460 0.000016
355470 0.000004
355480 0.000018
355490 0.000006
355500 0.000002
355510 0.000015
355520 0.000002
355530 0.000009
355540 0.000057
355570 0.000016
355580 -0.000032
355590 -0.000035
355600 0.000019
355610 -0.000049
355620 -0.000026
355630 -0.001227
355640 -0.000021
355650 0.000016
355660 0.000013
355670 0.000014
355680 0.000020
355690 0.000012
355700 -0.000046
355710 0.000011
355720 -0.000040
355730 0.000017
355740 -0.000033
355750 0.000020
355760 0.000002
355770 0.000001
355780 0.000002
355790 0.000001
355800 0.000019
355810 0.000010
355820 0.000196
355830 -0.000006
355840 0.000016
355850 -0.000043
355860 0.000010
355870 0.000022
355880 -0.000034
355890 0.000014
355900 0.000009
355910 0.000013
355920 -0.000017
355930 -0.000041
355940 0.000014
355950 -0.000028
355960 0.000011
355970 -0.000039
355980 0.000014
355990 0.000016
356000 0.000010
356010 0.000020
356020 -0.000023
356030 -0.001350
356040 -0.000006
356050 0.000008
356060 0.000012
356070 0.000002
356080 -0.001168
356090 0.000010
356100 -0.000051
356110 -0.001195
356120 0.000012
356130 -0.001188
356140 0.000014
356150 -0.001176
356160 -0.001139
356170 -0.000038
356180 0.000017
356190 0.000018
356200 -0.000008
356210 -0.001118
356220 0.000010
356230 0.000013
356240 0.000004
356250 -0.000021
356260 0.000019
356270 0.001790
356280 -0.000025
356290 0.000012
356300 0.000020
356310 0.000014
356320 0.000006
356330 0.000014
356350 0.000010
356360 -0.000006
356370 0.000016
356380 0.000005
356390 0.000014
356400 0.000012
356410 0.000017
356420 0.000006
356430 0.000009
356440 -0.000031
356450 0.000001
356460 -0.000001
356470 0.000020
356480 -0.000043
356490 0.000018
356500 -0.001363
356520 0.000007
356530 0.000014
356540 -0.000083
356550 -0.000031
356560 0.000019
356570 -0.000058
356580 -0.000111
356590 0.000019
356600 0.000016
356610 0.000015
356620 0.000000
356630 0.000012
356640 0.000013
356650 -0.000001
356660 -0.000052
356670 0.000027
356680 0.000014
356690 0.000011
356700 -0.000034
356710 -0.000018
356720 0.000004
356730 -0.000047
356740 0.000020
356750 -0.000014
356760 0.000005
356770 0.000008
356780 0.000016
356790 0.000006
356800 0.000003
356810 -0.000033
356820 0.000003
356830 -0.000005
356840 0.000007
356850 0.000009
356860 0.000013
356870 0.000005
356880 -0.000010
356890 0.000014
356900 0.000013
356910 0.000014
356920 0.000013
356930 0.000003
356940 -0.000027
356950 -0.000092
356960 0.000016
356970 -0.000037
356980 -0.001371
356990 -0.000036
357010 0.000008
357020 -0.000017
357030 -0.000027
357040 0.000013
357050 -0.001039
357060 -0.000149
357070 -0.000006
357080 0.000013
357090 -0.000032
357100 0.000012
357120 -0.000023
357130 0.000018
357150 -0.000002
357160 -0.000029
357170 0.000017
357180 0.000010
357190 -0.000001
357200 -0.000045
357210 0.000012
357220 -0.001231
357230 0.000015
357240 0.000006
357250 -0.000041
357260 0.000007
357270 -0.000052
357280 0.000010
357290 -0.000042
357300 0.000017
357310 -0.000038
357320 0.000011
357330 0.000011
357340 -0.000039
357350 -0.000013
357360 0.000016
357370 0.000019
357380 0.000019
357390 0.000007
357400 0.000012
357410 -0.000046
357420 -0.000002
357430 0.000017
357440 0.000005
357450 -0.000028
357460 -0.000043
357470 -0.001118
357480 -0.000008
357490 0.000012
357500 0.000021
357510 -0.000033
357520 0.000002
357530 0.000003
357540 -0.001118
357550 -0.000014
357560 -0.000347
357570 0.000022
357580 -0.001032
357600 -0.000038
357610 -0.000040
357620 0.000001
357630 0.000014
357640 -0.000009
357650 -0.000034
357660 -0.000008
357670 -0.000022
357680 0.000013
357690 0.000016
357700 0.000006
357710 -0.001197
357720 -0.000024
357730 0.000010
357760 0.000016
357770 -0.000018
357780 -0.000042
357790 -0.000118
357800 0.000005
357810 0.000009
357820 0.000023
357830 0.000024
357840 0.000017
357850 0.000022
357860 0.000016
357870 0.000010
357880 0.000017
357890 0.000034
357900 0.000014
357910 -0.000061
357920 0.000017
357930 0.000016
357940 0.000007
357950 0.000013
357960 -0.001143
357970 0.000009
357980 0.000008
357990 -0.000097
358000 0.000010
358010 0.000021
358020 0.000003
358030 -0.000038
358040 0.000184
358050 0.000003
358060 -0.001168
358070 -0.001185
358080 -0.000088
358090 -0.000091
358100 -0.001188
358110 0.000016
358120 -0.000094
358130 0.000005
358150 0.000012
358160 -0.001209
358170 0.000014
358180 -0.000026
358190 0.000009
358210 0.000683
358220 -0.000017
358230 0.000004
358240 0.000019
358250 0.000023
358260 0.000015
358270 0.000001
358280 -0.000004
358290 0.000014
358300 0.000006
358310 -0.001146
358320 0.000021
358330 0.000020
358340 -0.000030
358350 0.000012
358360 0.000031
358370 0.000011
358390 0.000001
358400 0.000026
358410 -0.000041
358420 -0.000038
358430 0.000016
358440 0.000011
358450 -0.000036
358460 0.000017
358470 0.000012
358490 -0.000040
358500 -0.000002
358510 0.000018
358520 0.000007
358530 -0.000031
358540 0.000006
358550 0.000018
358560 0.000004
358570 -0.001291
358580 -0.000040
358590 -0.000042
358600 0.000014
358610 0.000003
358620 0.000016
358630 0.000022
358640 -0.000017
358650 0.000014
358660 -0.001016
358670 -0.000043
358680 0.000012
358690 -0.000038
358700 0.000014
358710 0.000012
358730 0.000008
358740 0.000011
358750 -0.001223
358760 -0.000099
358770 -0.000022
358780 0.000012
358790 -0.000383
358800 0.000007
358810 0.000017
358820 -0.000076
358830 0.000008
358840 0.000018
358850 0.000017
358860 0.000018
358870 0.000004
358880 0.000014
358890 0.000022
358900 -0.001027
358910 0.000010
358920 0.000015
358930 0.000008
358940 0.000012
358950 0.000014
358960 -0.000029
358970 0.000017
358980 0.000008
358990 -0.000045
359010 -0.000002
359020 0.000012
359030 -0.000132
359040 0.000013
359050 -0.000034
359060 0.000005
359070 0.000009
359080 0.000009
359090 -0.000000
359100 -0.000062
359110 0.000014
359120 0.000014
359130 0.000010
359140 -0.000018
359150 -0.000041
359160 0.000006
359170 0.000016
359180 -0.000012
359190 -0.000007
359200 -0.000002
359210 0.001875
359220 0.000016
359230 0.000018
359240 -0.000773
359250 0.000025
359260 -0.000037
359270 -0.001064
359280 0.000011
359290 0.000011
359300 0.000006
359310 0.000016
359320 0.000017
359330 -0.000039
359350 0.000018
359360 -0.001218
359370 -0.000021
359380 -0.001068
359390 0.000011
359400 0.000015
359410 -0.000002
359420 0.000006
359430 0.000019
359440 0.000008
359450 -0.000025
359460 0.000016
359470 -0.000034
359480 -0.000025
359490 0.000015
359500 0.000022
359510 0.000014
359520 0.000010
359530 -0.000039
359540 -0.000009
359550 -0.000055
359560 0.000007
359570 0.000007
359580 0.000016
359600 0.000009
359610 0.000017
359620 0.000011
359630 0.000009
359640 0.000014
359650 0.000014
359660 0.000005
359670 0.000011
359680 0.000002
359690 0.000014
359700 -0.000040
359710 0.000023
359720 0.000022
359730 0.000019
359740 -0.001257
359750 0.000008
359760 0.000022
359770 -0.000034
359780 0.000001
359790 0.000011
359800 0.000015
359810 0.000008
359820 -0.000045
359830 0.000015
359840 0.000016
359850 -0.000106
359860 0.000009
359870 0.000003
359880 0.000014
359890 0.000002
359900 0.000020
359910 0.000013
359920 0.000196
359930 0.000193
359940 0.000016
359950 0.000020
359960 0.000024
359970 0.000005
359980 0.000015
359990 0.000022
360000 0.000138
360010 0.000015
360020 0.000004
360030 0.000017
360040 -0.001278
360050 0.000018
360060 -0.000035
360070 -0.000002
360080 0.000017
360090 0.000012
360100 -0.000044
360110 0.000011
360120 0.000017
360130 0.000012
360140 -0.000031
360150 0.000021
360160 0.000016
360170 0.000024
360180 0.000018
360190 0.000011
360200 0.000004
360210 0.000014
360220 0.000011
360230 0.000001
360240 -0.001135
360250 0.000010
360260 0.000018
360270 0.000126
360290 -0.000193
360310 0.000018
360320 -0.000022
360330 0.000007
360340 -0.000001
360370 0.000014
360380 -0.000045
360400 -0.000045
360410 0.000011
360420 0.000019
360430 -0.000007
360440 0.000010
360450 -0.000015
360460 -0.001094
360470 -0.000011
360490 0.000010
360500 0.000015
360510 -0.000043
360520 0.000017
360530 0.000002
360540 0.000010
360550 -0.000037
360560 0.000013
360570 0.000013
360580 -0.001133
360590 0.000010
360600 0.000012
360610 -0.000052
360630 0.000015
360640 0.000006
360650 0.000011
360660 -0.000010
360670 -0.001120
360680 0.000013
360690 0.000015
360700 0.000006
360710 0.000003
360720 0.000003
360730 0.000048
360740 0.000009
360750 -0.001172
360760 0.000015
360770 0.000016
360780 0.000012
360790 0.000002
360800 -0.000431
360810 0.000019
360820 0.000012
360830 0.000004
360840 -0.000007
360850 0.000021
360860 -0.000001
360870 0.000011
360880 -0.000028
360890 -0.000044
360900 0.000018
360910 0.000008
360920 0.000015
360930 0.000024
360940 0.000013
360950 0.000010
360960 -0.000008
360970 0.000008
360980 -0.001315
360990 -0.000004
361000 -0.000001
361010 -0.000013
361020 0.000013
361030 0.000013
361040 0.000011
361050 0.000003
361060 0.000005
361070 -0.000038
361080 0.000019
361090 -0.000005
361100 0.000013
361110 0.000012
361120 0.000003
361130 0.000009
361140 -0.001169
361150 0.000013
361160 0.000010
361170 0.000014
361180 -0.000002
361190 -0.000006
361200 0.000006
361210 0.000008
361220 0.000017
361230 -0.000037
361240 -0.000013
361250 0.000017
361260 -0.000182
361270 0.000015
361280 0.000011
361290 0.000017
361300 0.000018
361310 0.000020
361320 0.000009
361330 -0.000024
361340 0.000012
361350 -0.000041
361360 0.000011
361370 0.000015
361380 -0.000033
361390 0.000010
361400 0.000019
361410 -0.000006
361420 0.000018
361430 0.000008
361440 0.000015
361450 -0.000027
361460 0.000012
361470 0.000006
361480 0.000004
361490 0.000005
361500 -0.000039
361510 0.000015
361520 0.000017
361530 0.000016
361540 0.000014
361560 0.000011
361570 0.000013
361580 0.000020
361590 -0.000035
361610 -0.000012
361620 -0.000001
361630 0.000025
361640 0.000016
361650 -0.000034
361660 0.000015
361670 0.000018
361680 0.000006
361690 -0.000036
361700 -0.000084
361710 0.000014
361720 0.000006
361730 0.000001
361740 -0.000004
361750 -0.000039
361760 0.000016
361770 0.000023
361780 -0.001216
361790 0.000010
361800 0.000012
361810 0.000011
361820 0.000017
361830 0.000017
361840 0.000018
361850 0.000019
361860 -0.001187
361870 0.000016
361880 -0.000006
361890 -0.000020
361900 0.000005
361910 0.000015
361920 -0.000080
361930 -0.001129
361940 0.000014
361950 0.000017
361960 0.000018
361970 -0.000068
361980 0.000003
361990 0.000017
362000 -0.000045
362010 -0.000000
362020 -0.000003
362030 0.000007
362040 -0.000006
362050 -0.000002
362060 0.000006
362080 0.000014
362090 0.000010
362100 0.000016
362110 0.000018
362120 0.000017
362130 0.000019
362140 0.000011
362150 0.000008
362160 -0.000049
362170 -0.000010
362190 0.000015
362200 -0.000008
362210 0.000011
362220 -0.000045
362230 -0.000092
362240 0.000009
362250 0.000018
362260 0.000011
362270 0.000021
362280 -0.000033
362290 0.000009
362300 0.000015
362310 -0.000036
362320 0.000019
362330 0.000011
362340 0.000013
362350 0.000013
362360 0.000007
362370 0.000024
362380 0.000293
362390 0.000014
362400 -0.001180
362410 0.000016
362420 0.000259
362430 -0.000031
362440 -0.000037
362450 0.000019
362460 0.000003
362470 0.000014
362480 0.000004
362490 -0.001246
362500 0.000012
362510 0.000014
362520 0.000011
362530 -0.000040
362540 -0.000004
362550 0.000007
362560 -0.000011
362570 -0.000010
362580 0.000005
362590 0.000004
362600 0.000004
362610 0.000015
362620 -0.000036
362630 0.000019
362640 -0.000036
362650 -0.000001
362660 0.000012
362670 0.000007
362680 0.000015
362690 0.000008
362700 -0.000026
362710 0.000014
362720 0.000012
362730 -0.000025
362740 -0.000019
362750 0.000023
362760 0.000018
362770 0.000017
362780 0.000005
362790 0.000016
362800 0.000020
362810 0.000015
362820 0.000005
362840 0.000013
362860 -0.000035
362870 0.000014
362880 -0.000043
362890 -0.000029
362900 -0.000002
362910 -0.000036
362920 -0.000035
362930 0.000011
362940 -0.000012
362950 0.000002
362960 0.000026
362970 0.000003
362980 -0.000011
362990 -0.000034
363000 0.000008
363010 -0.000016
363020 0.000007
363030 0.000013
363040 0.000013
363050 0.000014
363060 0.000006
363070 -0.001159
363080 -0.000048
363090 0.000015
363100 0.000014
363120 0.000002
363140 0.000018
363150 -0.000039
363160 0.000006
363170 0.000018
363180 -0.000217
363190 0.000004
363200 0.000004
363220 0.000022
363240 -0.000041
363250 0.000007
363260 0.000022
363270 -0.001154
363280 0.000019
363290 0.000017
363300 -0.000006
363310 -0.000003
363320 0.000015
363340 0.000209
363350 -0.000049
363360 0.000012
363370 0.000031
363380 0.000010
363390 -0.001129
363400 -0.000036
363410 0.000009
363420 0.000012
363430 0.000006
363450 0.000017
363460 0.000002
363470 -0.000041
363480 -0.000066
363490 -0.000061
363500 0.000015
363510 0.000003
363520 0.000027
363530 0.000010
363540 0.000008
363550 0.000008
363560 0.000017
363570 0.000013
363580 0.000020
363590 0.000017
363600 0.000013
363610 0.000015
363620 0.000017
363630 0.000016
363640 0.000011
363650 -0.000046
363660 -0.000009
363670 -0.000003
363680 0.000003
363690 0.000013
363700 0.000001
363720 0.000005
363730 -0.000989
363740 0.000008
363750 0.000004
363760 0.000014
363770 0.000008
363780 0.000014
363790 -0.000052
363800 -0.001142
363810 0.000012
363820 0.000014
363830 0.000004
363840 0.000012
363850 -0.000003
363860 -0.000002
363870 0.000011
363880 -0.000000
363890 -0.001137
363900 0.000014
363920 0.000017
363930 0.000010
363940 0.000013
363950 -0.001138
363960 -0.000006
363970 -0.000018
363980 0.000001
363990 0.000019
364000 0.000011
364010 0.000003
364020 -0.001136
364030 0.000002
364040 0.000020
364050 0.000009
364060 0.000013
364070 0.000012
364080 0.000005
364090 0.000011
364100 0.000007
364110 0.000003
364120 0.000023
364130 -0.000027
364140 0.000008
364160 -0.000039
364170 -0.000037
364180 0.000019
364190 0.000009
364200 0.000017
364210 0.000009
364220 -0.000002
364240 0.000004
364250 0.000013
364270 0.000010
364280 0.000020
364290 0.000001
364300 -0.001113
364310 0.000003
364320 0.000013
364330 -0.001141
364340 0.000012
364350 -0.000005
364370 -0.000000
364380 0.000015
364390 0.000044
364400 0.000007
364410 -0.000016
364420 -0.000000
364430 -0.001166
364440 0.000017
364450 0.000010
364460 0.000001
364470 -0.001229
364490 0.000020
364500 -0.000013
364510 -0.000001
364520 0.000017
364530 0.000016
364540 0.000014
364550 0.000021
364560 -0.000025
364570 -0.001066
364580 0.000016
364590 0.000003
364600 0.000007
364610 0.000011
364620 -0.000087
364630 0.000010
364640 0.000011
364650 0.000012
364660 0.000008
364670 -0.000039
364680 -0.000008
364690 -0.000094
364700 0.000003
364710 0.000002
364720 0.000007
364730 0.000013
364740 -0.000088
364750 0.000012
364760 0.000013
364770 -0.000047
364780 0.000014
364790 -0.000008
364800 0.000011
364810 -0.001142
364820 -0.001125
364830 -0.000021
364840 -0.000021
364850 0.000018
364860 0.000014
364870 0.000011
364880 0.000019
364890 0.000007
364900 -0.000036
364910 0.000014
364920 0.000014
364930 -0.000019
364940 -0.000012
364950 0.000005
364960 0.000059
364970 0.000004
364980 0.000011
364990 -0.000002
365000 -0.000032
365010 -0.000002
365020 -0.000035
365030 -0.000077
365040 0.000018
365050 0.000016
365060 0.000010
365070 0.000012
365080 0.000010
365090 0.000017
365100 0.000012
365110 -0.000040
365120 -0.000012
365130 -0.000032
365140 -0.000002
365150 0.000002
365160 0.000016
365170 0.000015
365180 0.000001
365190 0.000012
365200 -0.000000
365210 -0.000036
365220 -0.000041
365230 -0.000036
365240 0.000011
365250 0.000009
365260 0.000028
365270 0.000024
365280 0.000012
365290 0.000015
365300 0.000017
365310 0.000008
365320 0.000012
365330 0.000015
365340 0.000013
365350 0.000016
365370 -0.000039
365380 0.000010
365390 -0.000003
365400 -0.000006
365410 0.000025
365420 -0.000031
365430 0.000004
365440 0.000014
365450 -0.000092
365460 0.000001
365470 0.000010
365480 0.000011
365490 0.000011
365500 0.000019
365510 0.000013
365520 -0.000030
365530 0.000019
365540 -0.000314
365550 0.000007
365560 0.000012
365570 0.000005
365580 0.000006
365590 0.000010
365600 0.000017
365610 0.000007
365620 -0.000038
365640 0.000010
365650 0.000009
365660 0.000004
365670 0.000014
365680 0.000011
365690 0.000016
365700 0.000006
365710 0.000019
365720 0.000012
365730 0.000009
365740 -0.000050
365750 -0.000012
365760 0.000006
365770 -0.000042
365780 -0.000043
365790 0.000022
365800 -0.001011
365810 0.000015
365820 0.000014
365830 0.000009
365840 -0.000001
365850 -0.000019
365860 -0.001142
365870 -0.000002
365880 0.000004
365890 0.000014
365900 0.000020
365910 -0.000003
365920 0.000003
365930 0.000019
365940 -0.000026
365950 -0.000003
365960 0.000013
365970 0.000012
365990 0.000011
366000 0.000018
366010 -0.000012
366020 0.000035
366030 0.000012
366040 0.000012
366050 0.000015
366060 -0.000037
366070 0.000397
366080 0.000012
366090 -0.000067
366100 0.000018
366110 0.000014
366120 0.000018
366130 -0.000039
366140 0.000022
366150 0.000002
366160 0.000053
366170 0.000002
366180 -0.001356
366190 0.000012
366200 -0.000003
366210 -0.000039
366220 0.000012
366230 0.000013
366240 0.000023
366250 -0.000029
366260 0.000009
366270 0.000011
366280 0.000014
366290 0.000003
366300 0.000023
366310 -0.000027
366320 0.000018
366330 0.000018
366340 -0.001271
366350 0.000014
366360 -0.000018
366370 -0.000041
366380 -0.000037
366390 0.000011
366400 0.000010
366410 0.000078
366420 0.000012
366430 -0.000008
366440 0.000004
366450 -0.000038
366460 0.000007
366470 -0.000038
366480 -0.000005
366490 0.000025
366500 0.000012
366510 0.000011
366520 -0.000999
366530 -0.000042
366540 0.000016
366550 0.000023
366560 -0.000029
366570 -0.000043
366580 -0.000040
366590 -0.000038
366600 -0.000024
366610 -0.000011
366620 0.000013
366630 0.000012
366640 -0.000002
366650 0.000020
366660 0.000013
366670 0.000024
366680 0.000019
366690 0.000017
366700 0.000009
366710 -0.000046
366720 -0.000035
366730 0.000013
366740 0.000010
366750 -0.000047
366760 0.000004
366770 -0.000025
366780 0.000012
366790 0.000016
366800 -0.000046
366820 -0.000040
366830 0.000011
366840 -0.000012
366860 0.000020
366870 0.000014
366880 0.000020
366900 0.000008
366910 0.000011
366920 0.000011
366930 0.000011
366940 0.000014
366950 0.000017
366970 0.000007
366980 -0.000034
366990 0.000024
367000 -0.000007
367020 -0.000024
367030 0.000007
367040 -0.000144
367050 0.000003
367060 -0.000003
367070 0.000011
367080 0.000011
367090 -0.000035
367100 0.000018
367110 -0.000089
367120 0.000015
367130 0.000010
367140 -0.000043
367150 0.000007
367160 -0.001200
367170 -0.001200
367180 0.000003
367190 0.000011
367200 0.000016
367210 0.000018
367220 0.000015
367230 0.000021
367240 -0.001215
367250 0.000017
367260 0.000012
367270 -0.001203
367280 -0.000038
367290 0.000014
367300 0.000013
367310 0.000017
367320 0.000015
367330 0.000010
367340 -0.000430
367350 0.000012
367360 -0.000050
367370 -0.000000
367380 -0.000045
367390 0.000008
367400 -0.000038
367410 -0.000005
367420 -0.001215
367430 0.000003
367440 0.000013
367450 0.000018
367460 0.000019
367470 0.000018
367480 -0.000040
367500 -0.000036
367510 0.000003
367520 -0.000043
367530 0.000005
367540 0.000009
367550 0.000009
367560 0.000005
367570 -0.000043
367580 -0.000044
367590 0.000008
367600 -0.001170
367610 -0.001176
367620 0.000015
367630 0.000004
367640 -0.000007
367650 0.000006
367660 0.000018
367680 0.000009
367690 0.000001
367700 -0.000041
367710 0.000002
367720 -0.000043
367730 0.000021
367740 -0.001253
367760 -0.000012
367780 -0.000014
367790 0.000010
367800 0.000009
367810 0.000011
367820 -0.000043
367830 -0.001156
367840 -0.001116
367850 -0.000090
367860 -0.000021
367870 0.000005
367880 0.000009
367890 -0.000024
367900 -0.000048
367910 -0.000036
367920 -0.000010
367930 0.000017
367940 -0.000034
367950 0.000014
367960 -0.000040
367970 -0.000034
367980 -0.000025
367990 -0.000014
368000 -0.001222
368010 -0.000003
368020 0.000018
368030 0.000013
368040 0.000013
368050 -0.000001
368060 0.000004
368070 -0.000028
368080 -0.001216
368090 -0.000253
368100 -0.000003
368110 0.000023
368120 0.000007
368130 -0.000070
368140 -0.000013
368150 -0.000043
368160 0.000015
368170 0.000015
368180 -0.000035
368190 -0.000042
368200 -0.000004
368210 -0.000005
368220 0.000011
368230 0.000009
368240 0.000019
368250 0.000016
368260 -0.000013
368270 0.000006
368280 0.000011
368290 0.000007
368300 -0.001020
368310 0.000023
368320 0.000020
368330 -0.000043
368340 -0.000042
368350 0.000002
368360 0.000016
368370 0.000013
368380 0.000007
368390 -0.001285
368400 0.000016
368410 0.000011
368420 0.000013
368430 0.000033
368440 0.000015
368450 0.000011
368460 0.000010
368470 0.000012
368480 0.000011
368490 0.000015
368500 0.000011
368510 0.000002
368520 -0.000023
368540 0.000011
368550 0.000018
368560 0.000015
368570 0.000010
368580 0.000018
368590 -0.000001
368600 -0.000017
368610 0.000007
368620 0.000011
368630 0.000016
368640 0.000008
368650 -0.000034
368660 0.000003
368670 0.000016
368680 0.000005
368690 0.000016
368700 0.000008
368710 0.000025
368720 -0.000041
368730 0.000106
368740 0.000019
368750 0.000010
368760 -0.000043
368770 0.000022
368780 0.000009
368790 0.000022
368800 -0.001324
368810 -0.000002
368820 -0.000010
368830 -0.000003
368840 -0.000013
368850 0.000021
368860 0.000024
368870 0.000007
368880 0.000022
368890 -0.000097
368900 0.000007
368910 0.000014
368920 0.000014
368930 0.000021
368940 -0.000027
368950 0.000015
368960 0.000017
368970 -0.000038
368980 0.000015
368990 0.000013
369000 0.000004
369010 -0.001325
369020 0.000015
369030 0.000010
369050 0.000004
369060 0.000055
369070 -0.000078
369090 0.000010
369100 0.000020
369110 0.000004
369120 -0.001228
369130 -0.000013
369150 0.000012
369160 0.000016
369170 -0.000009
369180 0.000017
369190 0.000018
369210 0.000012
369220 -0.001227
369230 0.000016
369240 -0.001165
369250 0.000014
369260 0.000013
369270 0.000012
369280 0.000032
369290 0.000014
369300 0.000018
369310 0.000018
369320 0.000013
369330 0.000009
369350 0.000016
369360 -0.000043
369370 -0.000023
369380 -0.000043
369390 0.000010
369400 -0.000002
369420 0.000004
369430 0.000006
369440 0.000018
369450 0.000005
369460 -0.001081
369470 -0.000001
369480 0.000008
369490 -0.000007
369500 0.000013
369510 -0.000042
369520 0.000016
369530 -0.000014
369540 0.000018
369550 0.000009
369560 0.000001
369570 0.000018
369580 0.000018
369590 0.000009
369600 -0.000037
369610 0.000015
369620 0.000013
369630 -0.000000
369640 -0.001096
369650 -0.000997
369670 0.000018
369680 0.000001
369690 0.000013
369700 -0.000016
369710 -0.000031
369720 -0.000012
369730 -0.001140
369740 -0.000004
369750 0.000016
369760 0.000016
369770 0.000012
369780 -0.000054
369790 0.000158
369800 -0.000037
369810 -0.000040
369820 0.000003
369830 0.000012
369840 0.000014
369850 -0.001142
369860 -0.000005
369870 -0.000018
369880 0.000013
369890 0.000010
369900 0.000018
369910 0.000009
369920 0.000018
369930 0.000015
369940 0.000011
369950 -0.001133
369960 0.000006
369970 0.000017
369980 0.000006
369990 -0.000087
370000 0.000017
370010 -0.000040
370020 0.000006
370030 0.000001
370040 0.000011
370050 0.000015
370060 -0.000039
370070 0.000027
370080 0.000016
370090 -0.001070
370100 -0.000007
370110 0.000019
370120 -0.000022
370130 -0.000012
370140 0.000002
370150 0.000000
370160 0.000005
370170 -0.000044
370180 0.000007
370190 -0.000229
370200 0.000003
370210 0.000027
370220 -0.000051
370230 0.000008
370240 -0.000028
370250 0.000013
370260 0.000012
370270 0.000017
370280 -0.000002
370290 0.000005
370300 0.000014
370310 -0.000021
370330 0.000016
370340 0.000001
370350 0.000018
370360 0.000004
370370 -0.000017
370380 0.000013
370390 0.000015
370400 -0.000018
370410 -0.000038
370420 0.000022
370430 0.000011
370440 0.000005
370450 0.000020
370460 0.000020
370470 0.000006
370480 -0.000026
370490 0.000001
370500 0.000001
370510 0.000045
370530 0.000050
370540 -0.000041
370550 0.000021
370560 0.000022
370570 0.000015
370580 0.000009
370590 -0.001124
370600 0.000004
370610 -0.000041
370620 0.000013
370630 0.000011
370640 0.000016
370650 0.000008
370660 0.000019
370670 0.000016
370680 0.000006
370690 0.000034
370700 0.000013
370730 -0.000032
370740 0.000010
370760 -0.000039
370770 0.000003
370780 0.000007
370790 0.000021
370800 0.000003
370810 0.000001
370820 0.000013
370830 0.000017
370840 0.000014
370850 -0.000020
370870 0.000016
370880 0.000008
370890 0.000022
370900 0.000009
370910 -0.000015
370920 0.000018
370930 -0.000044
370940 0.000009
370950 -0.000004
370960 0.000019
370980 0.000017
370990 -0.000013
371000 -0.000012
371010 0.000023
371020 0.000013
371030 -0.000018
371040 0.000011
371050 -0.000000
371060 -0.000048
371070 -0.000040
371080 0.000007
371090 0.000018
371100 0.000008
371110 0.000001
371120 0.000002
371130 -0.000043
371140 -0.000041
371150 0.000010
371160 0.000019
371170 0.000002
371180 -0.001128
371190 0.000019
371200 0.000018
371210 0.000018
371220 0.000010
371230 0.000001
371240 -0.000008
371250 -0.001141
371270 0.000014
371280 0.000008
371290 -0.001134
371300 -0.000013
371310 0.000017
371320 0.000022
371330 -0.000032
371340 0.000012
371350 -0.000042
371360 -0.000039
371370 0.000010
371380 0.000005
371390 0.000012
371400 0.000008
371410 -0.000020
371420 0.000009
371430 0.000021
371440 0.000016
371450 -0.001096
371460 0.000008
371470 -0.001140
371480 0.000017
371500 0.000014
371510 0.000012
371520 0.000014
371530 0.000002
371540 0.000014
371550 -0.000034
371560 -0.000009
371570 -0.000021
371580 0.000011
371590 0.000007
371600 -0.000002
371610 0.000021
371620 0.000015
371630 -0.000001
371640 -0.000042
371650 -0.000025
371660 -0.001279
371670 0.000015
371680 -0.000020
371690 0.000007
371700 0.000016
371710 -0.000005
371720 0.000007
371730 -0.001153
371740 0.000017
371750 0.000019
371780 -0.000042
371790 -0.000039
371810 0.000017
371820 -0.000028
371830 0.000021
371840 0.000010
371850 0.000012
371860 0.000020
371870 0.000006
371880 0.000019
371890 0.000015
371900 0.000013
371910 0.000002
371920 0.000003
371940 -0.001140
371950 0.000006
371960 -0.000037
371970 0.000015
371980 -0.000040
371990 0.000029
372000 0.000022
372010 -0.000025
372020 -0.001063
372030 0.000015
372040 -0.001090
372060 0.000038
372070 -0.001140
372080 0.000012
372090 -0.000032
372100 0.000005
372110 0.000011
372120 -0.000033
372130 -0.000006
372140 0.000010
372150 0.000007
372160 0.000006
372170 0.000015
372180 -0.000036
372190 0.000006
372200 0.000019
372210 0.000008
372220 0.000013
372230 -0.000058
372240 0.000012
372250 0.000018
372260 0.000008
372270 -0.000059
372280 0.000010
372290 0.000008
372300 -0.000032
372310 0.000011
372320 -0.000005
372330 0.000013
372340 0.000019
372350 -0.000020
372360 0.000004
372370 -0.000033
372380 0.000015
372390 -0.000043
372410 0.000019
372420 0.000020
372430 0.000017
372440 0.000007
372450 -0.000000
372460 -0.001086
372470 0.000089
372480 0.000025
372490 0.000011
372500 0.000002
372510 0.000023
372520 0.000016
372530 0.000015
372550 -0.000007
372560 0.000015
372570 0.000014
372580 0.000000
372590 0.000015
372600 0.000021
372610 -0.000004
372620 0.000014
372630 0.000011
372640 -0.000017
372650 0.000013
372660 0.000013
372670 -0.000033
372680 0.000019
372690 0.000016
372700 -0.000038
372710 -0.000019
372720 0.000003
372730 -0.000005
372740 0.000013
372750 0.000009
372760 0.000011
372770 0.000011
372780 -0.000001
372790 0.000033
372800 -0.000001
372810 -0.000006
372820 0.000001
372830 0.000012
372840 0.000011
372850 -0.000006
372860 -0.000033
372870 0.000019
372880 -0.000037
372890 0.000006
372900 0.000009
372910 0.000001
372920 0.000005
372930 0.000014
372950 0.000018
372960 0.000012
372970 -0.000002
372980 0.000017
372990 -0.000038
373000 0.000007
373010 0.000015
373020 -0.000003
373030 0.000000
373040 -0.000038
373050 0.000012
373060 0.000020
373070 0.000011
373080 0.000017
373090 0.000004
373100 0.000007
373110 0.000007
373120 0.000009
373130 0.000015
373140 0.000063
373150 0.000013
373160 0.000015
373170 -0.001104
373180 0.000011
373190 -0.000002
373200 0.000005
373210 0.000008
373220 0.000001
373230 0.000015
373250 0.000015
373260 0.000013
373270 0.000014
373280 -0.000041
373290 0.000019
373300 0.000018
373310 0.000003
373320 0.000019
373330 0.000013
373340 -0.000120
373350 0.000003
373360 0.000012
373370 0.000021
373380 -0.001370
373390 0.000014
373400 -0.000006
373410 0.000014
373420 -0.000000
373430 0.000021
373440 0.000005
373450 0.000014
373460 0.000005
373480 -0.000035
373490 0.000017
373500 0.000009
373510 -0.000049
373520 0.000007
373530 0.000016
373540 -0.000098
373550 0.000010
373560 0.000018
373570 -0.000012
373580 0.000013
373590 0.000017
373600 -0.000003
373610 0.000023
373620 0.000016
373630 0.000020
373640 -0.000005
373650 -0.000013
373660 0.000013
373670 -0.000003
373680 -0.001143
373690 0.000010
373700 0.000000
373710 0.000001
373720 -0.000030
373730 -0.001212
373740 -0.000040
373750 0.000013
373760 -0.001137
373770 -0.000066
373780 0.000016
373790 -0.000004
373800 0.000014
373810 0.000006
373820 0.000019
373830 0.000014
373840 0.000014
373850 0.000008
373860 0.000023
373880 0.000017
373890 -0.000046
373900 -0.000038
373910 -0.000004
373920 -0.000045
373930 -0.000009
373940 0.000019
373950 -0.000000
373960 0.000016
373970 0.000014
373980 0.000008
374000 0.000014
374010 0.000024
374020 0.000016
374030 0.000012
374040 -0.000036
374050 0.000015
374060 0.000017
374080 0.000000
374090 -0.000038
374110 -0.001055
374130 -0.000009
374140 0.000005
374150 0.000015
374160 0.000016
374170 0.000001
374180 -0.000037
374190 -0.001118
374200 0.000024
374210 -0.001139
374220 0.000011
374230 -0.001122
374240 0.000013
374250 0.000010
374260 0.000019
374270 0.000015
374280 0.000009
374290 0.000004
374320 -0.001104
374330 -0.000031
374340 -0.000097
374350 0.000012
374360 -0.000011
374370 -0.001117
374380 0.000019
374390 0.000010
374400 0.000022
374410 -0.000047
374420 0.000015
374430 0.000004
374440 -0.001176
374450 0.000005
374460 0.000014
374470 -0.001077
374480 0.000011
374490 0.000042
374500 0.000005
374510 0.000004
374520 -0.001108
374530 0.000012
374540 -0.000019
374550 0.000014
374560 0.000001
374570 0.000014
374580 0.000006
374600 0.000017
374610 -0.000006
374620 0.000011
374630 0.000016
374640 0.000014
374650 -0.001124
374660 0.000003
374670 0.000012
374680 0.000016
374700 0.000010
374710 0.000008
374720 -0.000028
374730 0.000005
374750 0.000009
374770 -0.000042
374790 -0.000019
374800 0.000015
374810 0.000018
374820 -0.000048
374830 -0.000037
374840 0.000011
374850 0.000012
374860 0.000019
374870 0.000014
374880 -0.001090
374890 0.000008
374900 -0.000004
374910 -0.000045
374920 0.000016
374930 0.000681
374940 0.000015
374950 0.000001
374960 0.000027
374970 -0.000104
374980 0.000022
374990 0.000008
375000 0.000001
375010 0.000010
375020 0.000001
375030 0.000023
375040 -0.000008
375050 0.000014
375060 0.000003
375070 0.000058
375080 0.000011
375090 -0.000097
375100 0.000005
375110 0.000003
375130 0.000012
375140 -0.001157
375150 0.000020
375160 0.000153
375170 0.000037
375180 -0.000051
375190 0.000008
375200 -0.000035
375210 -0.000016
375220 0.000011
375230 -0.000055
375240 -0.001134
375250 0.000015
375260 0.000016
375270 -0.000039
375280 0.000013
375290 0.000011
375300 0.000009
375310 -0.001158
375320 0.000017
375330 0.000014
375340 -0.000001
375350 0.000024
375360 0.000020
375370 -0.000005
375380 -0.000040
375390 0.000021
375400 0.000006
375410 0.000017
375420 0.000029
375430 -0.000004
375440 0.000008
375450 0.000019
375460 0.000001
375470 0.000018
375480 -0.001057
375490 0.000015
375500 -0.000012
375510 0.000021
375520 0.000017
375530 -0.001165
375540 0.000007
375550 0.000003
375560 0.000012
375570 -0.000000
375580 -0.000038
375590 0.000010
375610 0.000023
375620 -0.000015
375630 0.000022
375640 -0.000001
375650 -0.000034
375660 0.000016
375670 0.000012
375680 0.000019
375690 -0.001441
375710 0.000016
375720 0.000012
375730 -0.001318
375740 0.000002
375750 0.000015
375760 0.000009
375770 0.000004
375780 -0.000003
375790 -0.000038
375800 0.000001
375810 -0.000046
375820 0.000013
375830 -0.000008
375840 -0.001239
375850 0.000010
375860 0.000025
375880 0.000016
375890 -0.000112
375900 0.000015
375910 -0.000050
375920 0.000010
375930 -0.000007
375940 0.000007
375950 -0.000019
375960 0.000009
375970 0.000019
375980 0.000012
375990 -0.000034
376000 0.000015
376010 0.000015
376020 -0.000050
376030 0.000011
376040 -0.000008
376050 0.000008
376060 -0.000032
376070 -0.000007
376080 0.000023
376090 0.000011
376100 0.000017
376110 -0.000005
376120 -0.000041
376130 0.000013
376140 0.000000
376150 -0.000009
376160 0.000016
376170 -0.000030
376180 0.000007
376190 0.000009
376200 0.000001
376210 0.000019
376220 0.000009
376230 0.000013
376240 -0.000020
376250 -0.000016
376260 -0.001135
376270 -0.000041
376280 0.000013
376290 0.000011
376300 0.000001
376310 0.000008
376320 0.000009
376330 -0.000044
376340 -0.001130
376350 -0.000021
376360 0.000018
376370 0.000007
376380 0.000010
376400 0.000013
376410 0.000007
376420 -0.000019
376430 0.000011
376440 0.000004
376450 0.000007
376460 0.000006
376470 -0.000016
376480 -0.000005
376490 0.000004
376500 -0.000020
376510 -0.001168
376520 0.000015
376530 0.000016
376540 0.000037
376550 0.000025
376560 -0.000002
376570 -0.001177
376580 0.000013
376590 -0.000045
376600 -0.000043
376610 0.000005
376620 0.000014
376630 0.000005
376640 0.000014
376650 0.000007
376660 0.000008
376670 -0.000020
376680 -0.000050
376690 0.000018
376700 -0.000004
376710 -0.000056
376720 0.000004
376730 -0.000041
376740 0.000013
376750 0.000013
376760 0.000010
376770 0.000017
376780 0.000019
376790 0.000005
376800 -0.001149
376810 0.000015
376820 0.000015
376830 0.000018
376840 -0.001151
376850 0.000008
376860 0.000012
376870 0.000018
376880 -0.000039
376890 0.000014
376900 0.000007
376910 -0.000003
376920 0.000002
376930 0.000015
376940 -0.000041
376950 0.000009
376960 -0.000005
376970 -0.001111
376980 -0.000003
376990 0.000018
377000 -0.001167
377010 -0.001168
377030 -0.000025
377040 -0.001117
377050 0.000017
377060 0.000021
377070 -0.000017
377080 0.000017
377090 0.000014
377100 0.000008
377120 0.000499
377130 0.000016
377140 -0.000012
377150 0.000006
377160 -0.000005
377170 0.000025
377190 0.000005
377200 -0.000007
377210 -0.000039
377220 0.000009
377230 0.000011
377240 0.000016
377250 0.000007
377260 -0.000042
377270 -0.000043
377280 -0.000004
377290 0.000002
377300 0.000021
377310 0.000015
377320 0.000014
377330 -0.000027
377350 0.000002
377360 -0.000025
377370 0.000004
377380 0.000014
377390 0.000020
377400 0.000011
377410 -0.000006
377420 0.000020
377430 -0.000041
377440 -0.000015
377450 -0.000074
377460 0.000025
377470 0.000015
377480 0.000014
377490 0.000011
377500 0.000000
377510 -0.000046
377520 -0.000021
377530 0.000016
377540 -0.000036
377550 0.000016
377560 0.000014
377570 0.000024
377580 0.000009
377590 0.000022
377600 -0.000011
377610 -0.000038
377620 -0.000036
377630 0.000023
377640 0.000012
377650 -0.001104
377660 0.000015
377670 -0.000033
377680 0.000016
377700 -0.000003
377710 -0.000038
377720 0.000002
377730 0.000003
377740 0.000000
377750 0.000016
377770 0.000018
377780 0.000001
377790 0.000002
377800 0.000020
377810 0.000012
377820 0.000003
377830 0.000019
377840 0.000014
377850 -0.000052
377860 0.000001
377870 0.000010
377880 0.000012
377890 0.000018
377900 0.000022
377910 0.000024
377920 0.000012
377930 -0.001269
377940 0.000002
377950 0.000021
377960 -0.000001
377970 -0.001245
377980 0.000010
377990 -0.000031
378000 -0.000002
378010 -0.000021
378020 0.000018
378030 -0.000003
378040 0.000013
378050 -0.000025
378060 0.000000
378070 0.000012
378080 -0.000042
378090 -0.000025
378100 0.000010
378110 0.000004
378120 0.000004
378130 -0.001260
378140 0.000013
378150 -0.000016
378160 0.000019
378170 0.000008
378180 0.000008
378190 0.000010
378200 0.000017
378210 -0.000015
378220 0.000014
378230 0.000018
378240 0.000014
378250 0.000015
378260 -0.000095
378270 -0.000043
378280 0.000011
378300 0.000021
378310 -0.000019
378320 -0.000050
378330 0.000015
378340 -0.000014
378350 -0.000017
378360 0.000125
378370 -0.000042
378380 0.000010
378390 -0.000033
378400 0.000014
378410 0.000016
378420 0.000018
378430 0.000008
378440 0.000016
378450 -0.000041
378460 0.000015
378470 0.000018
378480 0.000060
378490 -0.000041
378500 0.000021
378510 0.000012
378520 0.000006
378530 0.000010
378540 -0.001327
378550 0.000015
378560 0.000009
378580 0.000197
378590 0.000015
378600 0.000037
378610 0.000018
378620 0.000017
378630 0.000055
378640 -0.000005
378650 0.000017
378660 0.000019
378670 0.000014
378680 -0.000003
378690 -0.000014
378700 0.000033
378710 0.000017
378720 0.000023
378730 0.000002
378740 0.000018
378750 -0.001165
378760 -0.000117
378770 -0.000033
378780 -0.000002
378790 -0.000016
378800 0.000012
378810 0.000011
378820 -0.000076
378830 0.000005
378840 0.000010
378850 0.000014
378860 0.000014
378870 0.000017
378880 0.000004
378890 0.000004
378900 0.000012
378910 -0.000001
378920 0.000007
378930 0.000015
378940 0.000005
378950 0.000003
378960 0.000009
378970 -0.000036
378980 0.000014
378990 0.000011
379000 -0.001129
379010 0.000011
379020 0.000005
379030 0.000013
379040 0.000016
379050 -0.000050
379060 0.000013
379070 -0.000037
379080 0.000005
379090 0.000010
379100 0.000034
379110 -0.000042
379120 -0.000003
379130 0.000012
379140 0.000016
379150 0.000014
379160 0.000016
379170 -0.000000
379180 -0.000031
379190 -0.000029
379200 -0.000001
379210 -0.001124
379230 0.000017
379240 0.000016
379250 0.000007
379260 0.000014
379270 0.000023
379280 0.000018
379290 -0.000063
379300 0.000005
379310 -0.000040
379320 0.000009
379330 -0.000035
379340 0.000012
379350 0.000019
379360 -0.000024
379370 -0.000035
379380 0.000015
379390 -0.000040
379400 0.000005
379410 0.000008
379420 -0.000163
379440 -0.000006
379450 -0.000026
379460 0.000020
379470 -0.000008
379480 0.000009
379490 0.000012
379500 0.000015
379510 0.000018
379520 0.000016
379530 -0.000045
379540 0.000020
379550 -0.000002
379560 0.000017
379570 -0.000037
379580 -0.000006
379590 -0.000162
379600 0.000019
379610 -0.000070
379620 0.000015
379630 -0.000101
379640 0.000014
379650 0.000017
379660 -0.000045
379670 0.000002
379680 0.000012
379690 0.000002
379700 -0.000001
379710 0.000014
379720 0.000006
379730 -0.000033
379740 -0.000047
379750 0.000008
379760 -0.000039
379770 0.000012
379780 -0.001230
379790 0.000018
379800 -0.000039
379810 0.000008
379820 0.000002
379830 0.000018
379840 0.000016
379850 0.000014
379860 -0.000001
379870 -0.000016
379880 -0.000031
379890 0.000013
379900 -0.000012
379910 0.000007
379920 0.000014
379930 0.000013
379940 -0.000032
379950 0.000011
379960 0.000005
379970 -0.001185
379980 0.000009
379990 0.000184
380000 0.000006
380010 -0.000039
380020 -0.001124
380030 0.000011
380040 0.000025
380050 0.000011
380060 -0.001133
380070 0.000015
380080 0.000007
380090 0.000021
380100 0.000018
380110 0.000009
380120 -0.000035
380130 0.000021
380140 0.000015
380150 0.000014
380160 0.000011
380170 0.000014
380180 -0.000006
380190 -0.000044
380200 -0.000003
380210 0.000012
380220 0.000007
380230 0.000020
380240 0.000021
380250 0.000008
380260 0.000013
380270 0.000015
380280 0.000009
380290 0.000013
380300 0.000015
380310 -0.000008
380320 0.000014
380330 0.000021
380340 0.000019
380350 0.000012
380360 0.000008
380370 0.000018
380380 0.000021
380390 -0.000025
380400 0.000012
380410 0.000010
380430 -0.000042
380440 0.000004
380450 0.000014
380460 0.000014
380480 -0.000014
380490 -0.001356
380500 0.000012
380510 0.000017
380520 0.000013
380530 0.000009
380540 0.000111
380550 0.000005
380560 0.000015
380570 0.000007
380580 0.000010
380590 0.000003
380600 0.000016
380610 0.000014
380620 0.000003
380630 0.000016
380640 0.000020
380650 0.000033
380660 -0.000040
380670 0.000006
380680 0.000015
380690 0.000001
380700 -0.001228
380710 -0.000022
380720 -0.001329
380730 -0.000037
380740 -0.000000
380750 -0.000017
380760 0.000009
380780 0.000011
380790 -0.001172
380800 0.000006
380810 -0.000014
380820 0.000027
380830 0.000010
380840 0.000005
380850 0.000009
380860 -0.000000
380870 0.000007
380880 0.000004
380890 0.000003
380900 0.000022
380910 0.000008
380920 -0.000038
380930 0.000018
380940 0.000019
380950 0.000011
380960 -0.000038
380970 0.000015
380980 0.000020
380990 0.000013
381000 0.000001
381010 0.000014
381020 -0.000002
381030 0.000011
381040 0.000001
381050 0.000016
381060 0.000004
381070 0.000019
381080 0.000016
381090 0.000014
381100 -0.000006
381110 0.000010
381120 0.000018
381130 0.000013
381140 -0.000014
381150 0.000010
381160 0.000019
381170 0.000019
381180 -0.000033
381190 0.000013
381200 0.000002
381210 -0.000007
381220 0.000007
381230 -0.000035
381240 0.000014
381250 0.000014
381260 -0.000038
381270 0.000018
381280 -0.000021
381300 -0.000040
381310 0.000016
381320 -0.000002
381330 -0.000041
381360 -0.000102
381370 -0.000038
381380 -0.000011
381390 0.000008
381400 0.000010
381410 -0.000954
381420 0.000019
381430 -0.000016
381440 0.000013
381450 -0.000036
381460 0.000062
381470 0.000748
381480 0.000014
381490 0.000011
381510 0.000059
381520 -0.000874
381530 0.000019
381540 -0.000003
381550 0.000005
381560 -0.000041
381570 0.000004
381580 -0.000039
381590 0.000042
381600 0.000017
381610 0.000016
381620 0.000017
381630 0.000017
381640 0.000013
381650 0.000010
381660 0.000025
381670 -0.000002
381680 -0.000012
381690 0.000013
381700 0.000021
381710 -0.000048
381720 -0.000008
381730 -0.000001
381740 0.000013
381750 -0.000040
381760 0.000013
381770 -0.000030
381780 0.000022
381790 -0.000046
381800 0.000016
381810 0.000008
381820 0.000008
381830 0.000010
381840 0.000015
381850 0.000020
381860 0.000014
381870 0.000015
381880 -0.000006
381890 -0.000042
381900 -0.000151
381910 0.000013
381920 0.000017
381930 0.000008
381940 -0.000003
381950 0.000011
381960 0.000015
381970 0.000011
381980 0.000005
381990 0.000021
382000 -0.000030
382010 0.000012
382020 0.000010
382030 0.000014
382040 0.000029
382050 -0.000046
382060 0.000025
382070 -0.000037
382080 0.000005
382090 0.000009
382100 0.000012
382110 0.000012
382130 0.000003
382140 0.000013
382150 -0.000038
382160 0.000065
382170 0.000011
382190 -0.000043
382200 -0.000031
382210 0.000015
382220 0.000010
382230 0.000002
382240 0.000018
382250 0.000012
382260 -0.000027
382270 0.000006
382280 -0.000037
382290 0.000053
382300 0.000013
382310 0.000039
382320 0.000009
382340 0.000001
382350 0.000017
382360 -0.000042
382380 0.000015
382390 0.000014
382400 0.000023
382410 -0.000047
382420 0.000016
382430 -0.000032
382440 -0.000048
382450 0.000020
382460 0.000017
382470 -0.000049
382480 -0.000055
382490 0.000018
382500 0.000011
382510 0.000003
382520 0.000010
382530 0.000013
382540 0.000018
382550 0.000025
382560 0.000000
382570 -0.000965
382580 0.000014
382590 0.000011
382600 -0.000008
382610 -0.000001
382620 0.000025
382630 0.000009
382640 0.000009
382650 0.000014
382660 0.000001
382670 -0.000013
382680 0.000011
382690 0.000008
382710 -0.000167
382720 -0.000089
382730 0.000017
382740 -0.000093
382750 0.000013
382760 0.000012
382770 -0.000025
382780 0.000016
382790 0.000023
382800 0.000015
382810 -0.000023
382820 0.000013
382830 0.000011
382840 -0.000040
382850 0.000006
382860 0.000008
382870 0.000006
382880 0.000017
382890 -0.000026
382900 0.000008
382910 0.000011
382920 -0.000026
382930 -0.000033
382940 -0.000090
382950 0.000013
382960 -0.000044
382970 0.000014
382980 0.000010
382990 -0.000061
383000 -0.000010
383010 0.000017
383020 0.001822
383030 -0.000041
383040 0.000014
383050 -0.000004
383060 0.000021
383070 0.000006
383080 -0.000014
383090 0.000002
383100 -0.000008
383110 0.000007
383120 0.000016
383130 0.000006
383140 -0.001146
383150 0.000014
383160 -0.000014
383170 -0.000025
383180 0.000014
383190 0.000024
383210 0.000012
383220 -0.001188
383230 -0.000014
383240 -0.000046
383250 0.000007
383260 -0.000043
383270 -0.000005
383280 0.000021
383290 0.000020
383300 0.000004
383310 0.000015
383320 0.000020
383330 0.000006
383350 0.000009
383360 0.000016
383370 -0.000044
383380 0.000013
383390 0.000012
383400 -0.000968
383410 0.000015
383420 -0.000016
383430 0.000082
383440 0.000015
383450 0.000002
383460 0.000005
383470 0.000004
383480 -0.000004
383490 0.000016
383500 0.000030
383510 -0.000005
383520 -0.000004
383530 0.000021
383540 0.000016
383550 0.000005
383570 0.000005
383590 -0.000015
383610 -0.000040
383620 0.000011
383630 0.000003
383640 0.000014
383650 0.000012
383670 0.000016
383690 0.000012
383700 -0.000016
383710 -0.000032
383720 0.000015
383730 -0.000042
383740 0.000045
383750 0.000015
383760 0.000022
383770 0.000011
383780 0.000016
383790 0.000014
383800 0.000009
383810 0.000005
383820 0.000006
383830 0.000016
383840 0.000016
383850 0.000002
383860 0.000001
383870 0.000019
383880 0.000001
383890 -0.000009
383900 0.000008
383910 -0.000007
383930 -0.000036
383940 0.000021
383950 0.000011
383960 -0.000017
383970 0.000006
383980 0.000014
383990 -0.000001
384000 -0.001139
384010 0.000018
384020 -0.001135
384030 0.000007
384040 0.000015
384050 -0.000010
384060 -0.000052
384070 0.000049
384080 0.000008
384100 -0.000032
384110 -0.000045
384120 -0.000032
384130 -0.000008
384140 -0.001258
384150 0.000015
384160 0.000015
384170 0.000014
384180 0.000005
384190 0.000004
384200 0.000012
384210 -0.000021
384220 0.000015
384230 -0.000088
384240 -0.000047
384250 0.000014
384260 -0.001024
384270 -0.000036
384280 -0.000005
384290 0.000002
384300 0.000017
384310 -0.000085
384320 0.000060
384330 -0.001581
384340 0.000021
384350 0.000023
384360 0.000017
384370 -0.000043
384380 0.000012
384390 0.000010
384400 0.000015
384420 0.000022
384430 0.000018
384440 0.000009
384450 0.000009
384460 0.000020
384470 0.000017
384480 -0.000028
384490 0.000021
384500 -0.001154
384510 0.000018
384520 -0.000029
384530 -0.000043
384540 0.000009
384550 0.000012
384560 0.000004
384580 -0.000012
384590 0.000015
384600 0.000017
384610 0.000035
384620 0.000013
384630 0.000006
384640 0.000003
384670 0.000014
384680 0.000026
384690 0.000207
384700 -0.000040
384710 -0.000056
384720 0.000017
384730 -0.000026
384740 -0.000035
384750 0.000005
384760 0.000010
384770 -0.000015
384790 0.000017
384800 0.000023
384810 0.000010
384820 -0.000044
384830 -0.000834
384840 0.000013
384850 0.000014
384860 0.000016
384870 0.000026
384880 0.000014
384890 0.000018
384900 -0.000004
384910 -0.000002
384920 0.000012
384930 0.000012
384940 0.000023
384950 0.000015
384960 0.000014
384970 0.000018
384980 0.000016
384990 0.000010
385000 0.000021
385010 -0.000005
385020 0.000012
385030 -0.000100
385040 -0.000003
385060 0.000013
385080 -0.000033
385090 -0.000020
385100 -0.000029
385110 -0.000028
385140 0.000563
385150 0.000015
385160 -0.000005
385170 -0.000032
385180 0.000020
385190 -0.000044
385200 0.000015
385220 0.000016
385230 0.000014
385240 -0.001150
385250 -0.000046
385260 0.000020
385270 -0.001052
385280 0.000020
385290 0.000018
385300 0.000014
385310 0.000015
385320 0.000006
385330 -0.000051
385340 0.000016
385350 0.000017
385360 0.000010
385370 0.000005
385380 0.000028
385390 -0.000036
385400 0.000010
385410 -0.000040
385420 0.000006
385430 -0.000003
385440 0.000009
385450 -0.000036
385460 0.000075
385470 0.000016
385480 0.000001
385490 0.000023
385500 0.000019
385520 0.000012
385530 -0.000039
385540 -0.000045
385550 0.000017
385560 0.000013
385570 -0.000046
385580 0.000012
385590 0.000016
385600 -0.000037
385610 -0.001129
385620 0.000014
385630 0.000008
385640 -0.000028
385650 0.000023
385660 -0.000166
385670 0.000008
385680 -0.000052
385690 -0.000012
385700 0.000020
385710 -0.001209
385720 0.000012
385730 0.000334
385740 0.000002
385750 -0.000010
385760 0.000009
385770 0.000019
385780 0.000019
385790 0.000018
385800 -0.000042
385810 0.000007
385830 -0.000003
385840 0.000010
385850 -0.000002
385860 0.000003
385870 0.000014
385880 -0.000039
385890 -0.000001
385900 0.000007
385910 0.000013
385920 -0.000016
385930 -0.000093
385940 0.000011
385950 0.000019
385960 0.000014
385970 -0.000001
385980 -0.001089
385990 -0.000018
386000 -0.000004
386010 0.000010
386020 0.000018
386030 0.000017
386040 -0.000027
386050 0.000023
386060 0.000012
386070 0.000021
386080 0.000011
386090 0.000013
386100 0.000012
386110 0.000008
386120 0.000010
386130 0.000014
386140 0.000014
386150 -0.000060
386160 0.000012
386170 -0.000012
386180 -0.001133
386190 0.000010
386210 -0.001060
386220 0.000016
386230 0.000008
386240 -0.000018
386250 0.000003
386260 -0.001157
386280 0.000022
386290 0.000009
386300 -0.000020
386310 0.000017
386320 0.000018
386330 -0.000002
386340 0.000025
386350 -0.000038
386360 0.000005
386370 0.000008
386390 0.000013
386400 -0.000044
386410 0.000020
386420 0.000019
386430 -0.000041
386440 0.000005
386450 0.000019
386460 -0.000001
386470 0.000005
386480 0.000017
386490 0.000012
386500 0.000016
386510 0.000048
386520 0.000014
386530 0.000017
386540 0.000011
386550 0.000001
386560 -0.000009
386570 0.000006
386580 -0.000011
386590 0.000015
386600 0.000023
386610 0.000011
386620 0.000019
386630 -0.000027
386640 0.000008
386650 -0.000053
386660 0.000015
386680 0.000030
386690 0.000016
386700 -0.000082
386710 0.000000
386720 0.000017
386730 0.000018
386740 0.000017
386750 0.000009
386760 0.000015
386770 0.000014
386780 -0.001256
386790 0.000019
386800 0.000015
386810 0.000009
386820 0.000002
386830 -0.000043
386840 -0.000022
386850 0.000018
386860 -0.000010
386870 -0.000043
386880 0.000015
386890 -0.000009
386900 0.000016
386910 0.000017
386920 0.000006
386930 0.000006
386940 0.000008
386950 0.000015
386960 0.000008
386970 0.000011
386980 -0.000033
387000 0.000011
387010 0.000018
387020 0.000008
387030 0.000013
387040 -0.000029
387050 0.000006
387060 0.000005
387070 -0.000055
387080 0.000014
387090 0.000011
387100 0.000015
387110 -0.000023
387120 0.000017
387130 -0.000026
387140 0.000023
387150 0.000015
387160 -0.000026
387170 0.000017
387180 0.000018
387190 0.000013
387200 0.000014
387210 -0.000006
387220 -0.000001
387230 0.000017
387240 0.000016
387250 0.000015
387260 -0.001314
387270 0.000005
387280 -0.000052
387290 -0.000041
387300 -0.000043
387310 0.000008
387320 -0.001137
387330 -0.000007
387340 0.000118
387350 -0.001186
387360 0.000017
387370 -0.000036
387380 0.000003
387390 0.000001
387400 0.000016
387410 0.000008
387420 -0.001271
387440 0.000015
387450 -0.000035
387460 0.000009
387470 0.000014
387480 -0.000030
387490 0.000004
387500 0.000018
387510 -0.000105
387520 0.000005
387530 -0.000035
387540 0.000022
387550 0.000013
387560 0.000018
387570 0.000016
387580 0.000023
387590 0.000038
387600 0.000008
387610 0.000012
387620 0.000019
387630 0.000017
387640 0.000015
387650 0.000015
387660 -0.000153
387670 -0.000021
387680 0.000020
387690 0.000015
387700 -0.000013
387710 -0.000005
387720 0.000019
387730 0.000007
387740 -0.000041
387750 -0.000007
387760 0.000021
387770 0.000014
387790 -0.000003
387800 0.000019
387810 -0.000021
387820 -0.001201
387830 0.000023
387840 0.000012
387850 -0.000019
387860 0.000016
387870 0.000008
387880 -0.001159
387890 0.000019
387900 -0.000001
387910 0.000017
387920 0.000017
387930 -0.000030
387940 -0.001110
387950 -0.000005
387960 -0.000022
387970 0.000005
387980 0.000014
387990 -0.000081
388000 0.000015
388010 0.000004
388020 -0.000005
388030 0.000018
388040 -0.000040
388060 0.000004
388070 0.000014
388080 -0.001328
388090 -0.001319
388100 0.000011
388110 0.000017
388120 0.000048
388130 -0.000040
388140 0.000014
388150 0.000015
388160 0.000012
388170 -0.000028
388190 0.000019
388200 -0.000948
388210 0.000015
388220 -0.000039
388230 0.000020
388240 0.000019
388250 0.000016
388260 -0.001179
388270 -0.000015
388280 0.000017
388300 0.000016
388310 0.000009
388320 -0.000011
388330 0.000017
388340 0.000011
388350 -0.001278
388360 0.000004
388370 0.000014
388380 0.000010
388400 0.000016
388410 0.000011
388420 0.000019
388430 -0.000007
388440 -0.000121
388450 0.000012
388460 0.000013
388470 -0.000045
388480 0.000005
388490 0.000014
388500 0.000003
388510 0.000017
388520 0.000015
388530 -0.000100
388540 0.000010
388550 0.000002
388560 0.000036
388570 0.000017
388580 -0.000023
388590 -0.000027
388600 0.000011
388610 0.000014
388620 0.000001
388630 -0.000042
388640 0.000012
388660 -0.000003
388670 0.000018
388680 0.000021
388690 -0.000905
388700 0.000018
388710 -0.001276
388730 0.000024
388740 0.000019
388750 0.000021
388760 0.000001
388770 -0.001294
388780 -0.001287
388790 0.000000
388800 0.000006
388810 0.000015
388820 -0.000092
388830 0.000013
388840 0.000015
388850 0.000015
388860 -0.000007
388870 0.000000
388880 0.000013
388890 -0.000041
388900 -0.000022
388910 0.000010
388920 -0.000006
388930 0.000015
388940 0.000010
388950 -0.000026
388960 -0.000042
388970 -0.000022
388980 0.000027
388990 -0.000076
389010 0.000018
389020 0.000007
389030 -0.000025
389040 0.000025
389050 0.000011
389060 0.000015
389070 -0.000042
389080 0.000017
389100 -0.000016
389110 0.000016
389120 0.000015
389140 0.000011
389150 -0.000043
389160 0.000017
389170 -0.000083
389180 -0.000081
389190 0.000020
389200 0.000021
389210 0.000002
389220 0.000014
389230 0.000008
389240 -0.000037
389250 0.000016
389260 0.000008
389270 0.000022
389280 -0.000047
389290 0.000008
389300 0.000006
389310 0.000001
389320 0.000014
389330 0.000017
389340 -0.000047
389360 0.000011
389370 0.000008
389390 -0.000040
389400 -0.001149
389410 0.000004
389430 0.000009
389440 -0.001118
389450 -0.001119
389460 0.000017
389470 0.000013
389480 0.000006
389490 -0.001126
389500 -0.000020
389510 0.000016
389520 0.000012
389530 0.000017
389540 0.000005
389550 -0.000086
389560 0.000021
389570 0.000015
389580 0.000014
389590 0.000014
389600 -0.000042
389610 0.000017
389620 0.000011
389630 0.000026
389640 -0.000041
389650 0.000000
389660 -0.000018
389670 0.000013
389680 -0.000024
389690 -0.000011
389700 0.000011
389710 -0.000042
389720 0.000021
389730 0.000005
389740 0.000010
389750 -0.001109
389760 -0.001142
389770 0.000014
389780 -0.000047
389790 0.000011
389800 0.000012
389810 0.000016
389820 0.000016
389830 -0.000033
389840 -0.000017
389850 -0.000010
389860 0.000008
389870 0.000020
389880 -0.000039
389890 0.000014
389900 0.000012
389910 0.000012
389920 0.000012
389930 -0.000965
389940 0.000013
389950 0.000000
389960 -0.000093
389970 0.000003
389980 -0.001154
389990 0.000010
390000 0.000034
390010 0.000019
390020 0.000009
390030 0.000009
390040 0.000019
390050 -0.000182
390060 0.000014
390070 0.000011
390080 0.000014
390090 0.000010
390100 0.000007
390110 -0.000044
390120 -0.000041
390130 0.000008
390140 -0.000001
390150 0.000015
390160 -0.000099
390170 0.000024
390180 0.000007
390190 -0.000048
390200 0.000015
390210 -0.000042
390220 0.000015
390230 0.000018
390240 0.000011
390250 0.000023
390260 0.000011
390270 -0.000099
390280 0.000014
390290 -0.000005
390300 0.000019
390320 0.000008
390330 0.000026
390340 0.000014
390350 0.000001
390360 0.000001
390370 -0.000160
390380 0.000010
390390 0.000025
390400 0.000016
390410 0.000005
390420 0.000004
390430 0.000017
390440 0.000017
390450 0.000014
390460 0.000013
390470 -0.000052
390480 -0.001153
390490 0.000005
390500 0.000012
390510 0.000000
390520 0.000003
390530 0.000014
390540 0.000014
390550 -0.000011
390560 -0.000001
390570 0.000013
390580 -0.000028
390590 -0.000094
390600 -0.001136
390610 0.000015
390620 0.000086
390630 -0.000047
390640 -0.000044
390650 0.000004
390660 -0.000031
390670 0.000010
390680 0.000008
390690 0.000014
390700 0.000014
390710 -0.000047
390720 0.000010
390730 -0.000051
390740 0.000012
390750 0.000017
390760 0.000011
390770 0.000016
390780 -0.000039
390790 0.000015
390800 -0.001126
390810 0.000014
390820 -0.000034
390830 0.000013
390840 -0.000040
390850 -0.000021
390860 0.000012
390880 0.000020
390910 0.000012
390920 0.000010
390930 -0.000040
390940 0.000016
390950 -0.000038
390960 -0.000009
390970 -0.000004
390980 -0.000045
390990 -0.000044
391000 -0.000030
391010 0.000009
391020 0.000015
391030 0.000014
391040 0.000006
391050 0.000014
391070 -0.000002
391080 -0.000099
391090 0.000003
391100 0.000014
391110 0.000010
391120 0.000015
391130 0.000020
391140 0.000024
391150 0.000006
391160 0.000010
391170 0.000017
391180 0.000012
391190 0.000014
391200 0.000023
391210 0.000008
391230 0.000003
391250 0.000011
391260 -0.000012
391270 -0.000040
391280 0.000009
391290 0.000011
391300 0.000014
391310 0.000005
391320 0.000007
391330 0.000009
391340 -0.000002
391350 -0.000035
391360 -0.000007
391370 0.000011
391380 0.000020
391390 0.000005
391400 0.000007
391410 0.000018
391420 -0.000037
391430 -0.000090
391440 0.000012
391450 -0.001114
391460 -0.001133
391470 -0.000040
391480 -0.000002
391490 -0.001434
391500 -0.000099
391510 0.000016
391520 0.000010
391530 0.000019
391540 -0.000115
391550 -0.000017
391560 -0.000020
391570 0.000006
391580 -0.001046
391590 0.000014
391600 0.000006
391610 0.000007
391620 -0.000004
391630 0.000018
391640 -0.000036
391650 0.000010
391660 0.000011
391670 -0.001174
391680 0.000014
391690 0.000012
391700 0.000016
391710 -0.000014
391720 0.000014
391730 0.000005
391740 -0.000021
391750 -0.000030
391760 0.000011
391770 -0.000004
391780 -0.000039
391790 0.000020
391800 0.000012
391810 0.000013
391820 -0.000004
391830 -0.000031
391840 -0.000045
391850 0.000016
391860 -0.000042
391870 -0.000004
391880 0.000005
391890 -0.000014
391900 0.000023
391910 -0.000001
391920 0.000015
391930 0.000014
391940 -0.001090
391950 0.000012
391960 0.000012
391970 0.000007
391980 0.000027
392000 -0.000041
392010 -0.000035
392020 0.000019
392030 0.000018
392040 0.000002
392050 -0.000015
392060 -0.001113
392070 -0.000040
392080 -0.000004
392090 -0.000007
392100 0.000003
392110 0.000007
392120 0.000022
392130 0.000017
392140 0.000017
392150 -0.000043
392160 0.000015
392170 0.000014
392180 0.000014
392200 0.000012
392210 0.000015
392220 0.000006
392230 0.000013
392240 0.000012
392250 0.000013
392260 -0.000033
392270 0.000017
392280 -0.001134
392290 0.000004
392300 0.000005
392310 0.000011
392320 0.000012
392330 0.000008
392350 0.000010
392360 0.000017
392370 0.000009
392380 -0.000012
392390 0.000009
392410 -0.000042
392420 0.000002
392430 -0.000002
392440 0.000012
392450 0.000019
392460 0.000017
392470 -0.000036
392480 0.000023
392490 -0.000028
392500 0.000017
392510 -0.000010
392520 0.000014
392530 0.000017
392540 -0.000980
392550 0.000014
392560 0.000011
392570 0.000012
392580 0.000017
392590 0.000004
392600 0.000022
392610 0.000019
392620 -0.000025
392630 -0.000001
392640 0.000020
392650 0.000021
392670 0.000052
392680 0.000010
392690 -0.000047
392700 -0.000043
392710 0.000005
392720 0.000012
392730 -0.000026
392740 -0.000014
392750 0.000013
392760 0.000013
392770 0.000013
392780 -0.000037
392790 0.000027
392800 0.000017
392810 -0.000005
392820 -0.001088
392830 0.000002
392840 0.000025
392850 0.000012
392860 -0.001074
392870 0.000024
392880 -0.000038
392890 0.000013
392900 0.000021
392910 -0.000042
392920 0.000004
392930 0.000021
392940 -0.000043
392950 -0.000002
392960 0.000008
392970 0.000013
392980 0.000015
392990 -0.000009
393000 0.000019
393010 0.000010
393020 -0.001113
393030 0.000013
393040 -0.000029
393050 0.000014
393060 0.000002
393070 0.000006
393080 0.000003
393090 0.000018
393110 -0.000045
393120 0.000022
393130 0.000014
393140 0.000012
393150 0.000014
393160 0.000003
393170 -0.000023
393180 -0.000044
393190 0.000013
393200 -0.000045
393210 0.000015
393220 -0.001359
393230 0.000021
393240 0.000002
393250 0.000009
393260 0.000019
393270 0.000008
393280 0.000013
393290 -0.000101
393300 0.000023
393310 -0.000007
393330 -0.000020
393340 0.000012
393350 0.000018
393360 0.000009
393370 0.000017
393380 0.000006
393390 -0.000006
393400 0.000015
393410 0.000017
393420 0.000009
393430 -0.000034
393440 -0.001033
393450 0.000015
393460 -0.000052
393470 -0.000032
393480 -0.000034
393490 0.000003
393500 0.000006
393510 -0.001230
393520 0.000010
393530 0.000019
393540 0.000008
393560 0.000008
393570 0.000012
393580 0.000002
393590 0.000010
393610 -0.000002
393620 -0.001125
393630 -0.000052
393640 0.000029
393650 0.000007
393660 -0.000011
393670 0.000014
393680 0.000023
393690 -0.000023
393700 0.000004
393710 -0.000003
393720 0.000008
393730 0.000016
393740 0.000003
393750 0.000009
393760 -0.000000
393770 -0.001187
393780 0.000011
393810 -0.000003
393820 0.000010
393830 -0.000043
393840 0.000028
393850 -0.000016
393860 -0.000006
393870 -0.000023
393880 -0.000003
393890 -0.000034
393900 -0.000041
393910 0.000017
393920 0.000005
393940 0.000006
393950 -0.001054
393960 0.000010
393970 -0.000041
393980 -0.001138
393990 0.000011
394010 -0.000038
394020 -0.000057
394030 0.000007
394040 -0.000040
394050 0.000018
394060 -0.000000
394070 -0.000023
394080 0.000021
394090 -0.000002
394100 0.000002
394110 0.000016
394120 -0.000001
394130 -0.000001
394140 -0.000042
394150 -0.000002
394160 -0.000027
394170 0.000014
394180 0.000010
394190 0.000017
394200 -0.000004
394210 0.000020
394220 -0.000038
394230 0.000014
394240 -0.001206
394250 0.000001
394260 0.000017
394270 0.000005
394280 0.000002
394300 0.000011
394310 -0.000042
394320 -0.000038
394330 -0.000024
394340 -0.000035
394350 -0.000011
394360 -0.000038
394370 0.000000
394380 0.000010
394390 -0.000032
394400 0.000008
394410 0.000015
394430 0.000006
394440 0.000014
394450 0.000012
394460 0.000013
394470 0.000023
394480 0.000015
394490 0.000018
394500 0.000019
394510 0.000007
394520 0.000024
394530 0.000018
394540 -0.000068
394550 0.000013
394560 0.000017
394570 0.000018
394580 0.000016
394590 -0.000039
394610 -0.000004
394620 0.000011
394630 0.000016
394640 -0.000098
394650 0.000017
394670 0.000019
394680 -0.000094
394690 0.000010
394700 -0.000103
394710 0.000016
394720 0.000019
394730 -0.001083
394740 0.000015
394750 0.000011
394760 0.000012
394770 0.000018
394780 0.000013
394790 0.000016
394800 0.000012
394810 -0.000044
394820 0.000005
394840 -0.001218
394850 -0.000031
394860 -0.000077
394870 0.000014
394880 0.000024
394890 0.000007
394900 -0.000043
394910 -0.001145
394920 0.000011
394930 0.000008
394940 0.000009
394950 -0.000039
394960 -0.000000
394970 -0.000019
394980 0.000004
394990 -0.000007
395000 -0.001062
395010 -0.000043
395020 0.000007
395030 -0.000022
395040 0.000021
395050 -0.000007
395060 0.000013
395080 -0.001121
395090 0.000025
395100 -0.000047
395110 -0.000081
395120 0.000007
395130 0.000016
395140 -0.000043
395150 -0.000058
395160 -0.001100
395170 0.000021
395180 0.000016
395190 0.000019
395200 0.000017
395210 -0.000038
395220 0.000022
395230 -0.001143
395240 0.000012
395250 0.000012
395260 0.000022
395270 0.000009
395280 -0.000043
395290 -0.000010
395300 -0.000483
395330 0.000014
395340 0.000016
395350 0.000023
395360 0.000010
395370 -0.000136
395380 0.000014
395390 -0.000102
395400 -0.000005
395410 0.000017
395420 -0.000029
395430 0.000016
395440 -0.001120
395450 -0.001161
395460 -0.000043
395470 0.000001
395480 -0.001086
395490 -0.000036
395500 -0.000006
395520 -0.000003
395530 0.000036
395540 0.000006
395550 0.000001
395570 0.000015
395580 0.000302
395590 0.000007
395600 0.000009
395610 0.000012
395620 0.000016
395630 0.000043
395640 0.000006
395650 -0.000052
395670 0.000004
395680 0.000016
395700 0.000011
395710 0.001875
395720 -0.000043
395730 -0.001119
395740 0.000018
395750 0.000002
395760 0.000016
395770 -0.000021
395780 0.000011
395790 -0.000014
395800 -0.000047
395810 0.000010
395820 0.000020
395840 0.000010
395850 0.000006
395860 -0.000041
395870 -0.000015
395880 -0.000023
395890 0.000018
395900 -0.000035
395910 0.000002
395920 -0.001197
395930 -0.000046
395940 -0.000043
395950 0.000010
395960 -0.000035
395970 0.000009
395980 0.000003
395990 0.000017
396000 -0.000016
396010 -0.000003
396020 0.000003
396030 0.000019
396040 -0.000050
396050 0.000019
396060 -0.000048
396070 -0.000004
396080 0.000029
396090 0.000006
396100 0.000009
396110 -0.001179
396120 -0.000036
396130 -0.001180
396140 0.000018
396150 0.000013
396160 -0.000039
396170 0.000016
396180 -0.000003
396190 0.000018
396200 -0.000006
396210 0.000017
396220 -0.001228
396230 0.000010
396240 -0.000004
396250 0.000007
396260 0.000002
396270 0.000014
396280 -0.000037
396290 0.000007
396300 0.000014
396310 0.000012
396320 0.000021
396330 0.000004
396340 0.000004
396350 0.000020
396360 0.000022
396370 -0.000033
396380 0.000013
396390 -0.000049
396410 0.000017
396420 -0.000049
396430 0.000009
396440 0.000000
396450 0.000008
396460 0.000014
396470 -0.001027
396480 0.000001
396490 0.000021
396500 0.000013
396510 0.000013
396520 -0.000013
396530 0.000010
396550 -0.000048
396560 0.000017
396570 -0.000009
396580 -0.000014
396600 0.000011
396610 -0.000038
396630 0.000019
396640 0.000011
396650 -0.000002
396660 0.000087
396670 0.000014
396680 0.000019
396690 -0.000011
396700 -0.000000
396710 -0.000002
396720 -0.000035
396730 0.000007
396740 -0.001064
396750 0.000003
396760 0.000011
396770 0.000013
396780 0.000018
396790 -0.000048
396800 0.000007
396810 0.000018
396820 0.000008
396830 0.000016
396840 0.000016
396850 0.000006
396860 0.000017
396870 0.000016
396880 0.000017
396890 -0.001148
396900 0.000029
396910 0.000004
396920 -0.000035
396930 0.000016
396940 0.000014
396950 0.000016
396960 -0.000040
396970 0.000007
396980 0.000016
397000 0.000022
397010 -0.000010
397020 0.000016
397030 0.000010
397040 0.000007
397050 -0.000081
397060 -0.000006
397070 -0.001181
397080 0.000006
397090 -0.000017
397100 0.000013
397110 -0.000037
397120 0.000018
397130 0.000025
397150 0.000006
397160 0.000018
397170 0.000023
397180 0.000012
397190 -0.000040
397200 0.000006
397210 0.000008
397220 0.000014
397230 0.000004
397240 0.000009
397250 -0.000001
397260 0.000012
397270 0.000019
397280 0.000018
397290 -0.000012
397300 0.000012
397310 0.000012
397320 0.000019
397340 0.000021
397350 0.000010
397360 0.000020
397370 -0.001110
397380 0.000018
397390 0.000015
397400 -0.000045
397410 0.000018
397420 -0.000043
397430 -0.000002
397440 -0.000047
397460 -0.000042
397470 -0.001116
397480 -0.001045
397490 -0.000041
397500 -0.000030
397510 0.000017
397520 0.000020
397530 -0.000003
397540 -0.000037
397550 0.000020
397560 0.000012
397570 0.000012
397580 0.000016
397590 -0.001092
397600 -0.001034
397610 0.000021
397620 -0.001103
397630 0.000016
397640 0.000010
397650 -0.000049
397660 0.000017
397670 -0.000017
397680 0.000017
397690 -0.001060
397710 0.000019
397720 0.000006
397730 -0.000010
397740 0.000007
397750 0.000013
397760 -0.000042
397770 -0.001277
397780 -0.000040
397790 0.000012
397800 0.000003
397810 0.000018
397820 0.000014
397830 0.000016
397840 0.000016
397850 -0.000028
397860 0.000017
397870 0.000016
397880 0.000009
397890 0.000009
397900 -0.001218
397910 0.000018
397920 -0.001078
397930 0.000015
397940 0.000013
397950 -0.000039
397960 0.000025
397970 0.000020
397980 0.000012
397990 0.000010
398000 -0.000075
398010 0.000009
398020 0.000016
398030 0.000006
398040 0.000001
398050 -0.000047
398060 0.000007
398070 0.000016
398080 -0.000041
398100 0.000001
398110 0.000017
398120 0.000009
398130 0.000007
398140 0.000001
398150 0.000010
398160 0.000021
398170 0.000005
398180 -0.000021
398190 0.000019
398200 0.000011
398210 0.000016
398220 0.000001
398230 0.000013
398240 0.000009
398250 0.000010
398260 0.000079
398270 0.000009
398280 -0.000008
398290 0.000018
398300 0.000004
398310 -0.000040
398320 0.000021
398330 0.000019
398340 0.000021
398350 0.000009
398360 0.000014
398370 0.000000
398380 -0.000042
398390 0.000009
398400 0.000022
398410 0.000002
398420 -0.000040
398430 0.000019
398440 -0.000010
398450 -0.000044
398460 0.000016
398470 0.000396
398480 -0.000029
398490 0.000014
398500 0.000036
398510 -0.001133
398520 0.000006
398530 0.000015
398540 -0.000041
398550 0.000020
398560 -0.000022
398570 0.000003
398580 -0.000014
398590 -0.000041
398600 -0.001131
398610 0.000013
398620 0.000005
398630 -0.000185
398640 0.000001
398650 0.000018
398660 -0.001119
398670 -0.000042
398680 0.000017
398690 0.000407
398700 -0.000031
398710 0.000024
398720 0.000009
398730 -0.000979
398750 0.000013
398760 -0.000024
398780 0.000012
398790 0.000020
398800 0.000006
398810 0.000005
398820 -0.000012
398830 0.000016
398840 0.000017
398850 0.000028
398860 0.000011
398870 0.000006
398880 0.000015
398890 -0.000047
398910 -0.000002
398920 0.000006
398930 -0.000097
398940 0.000002
398950 0.000018
398960 0.000025
398970 0.000016
398980 -0.000051
398990 0.000004
399010 0.000022
399020 -0.000016
399030 0.000009
399040 0.000012
399050 0.000010
399060 -0.001386
399070 0.000013
399080 -0.001332
399090 0.000015
399100 -0.000012
399110 -0.000002
399120 -0.000023
399130 -0.000035
399140 -0.000034
399150 -0.000085
399160 0.000007
399170 -0.000032
399180 -0.000036
399190 0.000018
399200 -0.000044
399210 0.000026
399220 0.000013
399230 -0.000001
399240 0.000009
399250 0.000020
399260 0.000017
399270 0.000007
399280 0.000358
399290 0.000011
399300 0.000017
399310 0.000006
399320 0.000019
399330 -0.000036
399340 -0.000016
399350 -0.000154
399360 0.000020
399370 0.000015
399380 -0.000004
399390 0.000019
399400 -0.000025
399410 0.000013
399420 0.000016
399430 0.000017
399440 -0.000040
399450 0.000016
399460 -0.001044
399470 -0.000012
399480 -0.000047
399490 0.000013
399500 0.000013
399510 0.000008
399520 -0.000007
399530 0.000015
399540 0.000009
399550 -0.000039
399560 -0.001163
399570 0.000017
399580 0.000022
399590 0.000022
399600 0.000015
399610 0.000015
399620 0.000003
399630 0.000015
399640 0.000020
399650 -0.000043
399660 0.000014
399670 0.000012
399680 0.000010
399690 -0.000038
399700 0.000010
399710 -0.000044
399720 0.000000
399730 0.000016
399740 0.000015
399750 -0.000067
399760 0.000017
399770 0.000006
399780 0.000006
399790 0.000016
399800 0.000016
399810 -0.000031
399820 -0.001197
399830 -0.000000
399840 -0.000040
399850 -0.000000
399860 0.000012
399870 0.000016
399880 0.000016
399890 -0.000098
399900 0.000001
399920 -0.000006
399930 -0.000008
399940 -0.000039
399950 0.000004
399960 0.000107
399970 -0.001125
399980 -0.000053
399990 -0.001124
400000 0.000004
400010 0.000015
400020 -0.000004
400030 0.000022
400040 0.000014
400050 0.000010
400060 -0.000012
400070 0.000014
400080 -0.000013
400090 0.000019
400110 -0.000012
400120 0.000021
400130 -0.000042
400140 0.000013
400150 0.000019
400160 0.000005
400180 0.000013
400190 0.000016
400200 0.000015
400210 0.000000
400220 0.000013
400230 0.000001
400240 0.000011
400250 0.000011
400260 0.000013
400270 0.000010
400280 0.000013
400290 -0.000052
400300 0.000019
400310 0.000013
400330 0.000010
400340 0.000010
400350 0.000018
400360 -0.000043
400370 0.000002
400380 0.000016
400390 0.000010
400400 0.000014
400410 -0.000044
400420 0.000025
400430 -0.000026
400440 0.000011
400450 0.000015
400460 0.000007
400470 -0.001442
400480 -0.000006
400490 0.000002
400500 -0.000002
400510 -0.001211
400520 -0.000037
400530 -0.000097
400540 -0.000041
400550 -0.000000
400560 0.000013
400570 -0.000043
400580 0.001078
400590 0.000009
400600 0.000015
400610 -0.000044
400620 -0.000039
400630 0.000007
400640 0.000019
400650 -0.000049
400660 -0.000044
400670 0.000024
400680 0.000013
400690 0.000034
400700 0.000010
400710 0.000014
400720 0.000005
400730 0.000022
400740 0.000017
400750 0.000019
400760 -0.000001
400770 0.000091
400780 0.000016
400790 -0.000025
400800 -0.000510
400810 0.000022
400820 0.000011
400830 0.000014
400840 0.000003
400850 0.000017
400860 0.000025
400870 0.000008
400880 0.000010
400890 -0.000087
400900 -0.000033
400910 0.000004
400920 -0.000020
400930 0.000015
400940 0.000019
400950 0.000013
400960 0.000015
400970 0.000006
400980 0.000019
400990 0.000021
401000 0.000016
401010 0.000024
401020 -0.000010
401040 0.000019
401050 0.000000
401060 0.000012
401070 -0.000028
401080 0.000009
401090 -0.000014
401110 0.000015
401120 -0.000045
401130 0.000006
401140 0.000011
401150 -0.001208
401160 -0.000002
401170 -0.000091
401180 -0.001049
401190 -0.001127
401200 0.000015
401210 0.000014
401220 -0.000038
401230 -0.000043
401240 -0.000014
401250 0.000012
401260 0.000013
401270 0.000005
401280 -0.000012
401290 -0.000005
401300 0.000020
401310 0.000016
401320 0.000014
401340 -0.001144
401350 0.000012
401360 0.000015
401370 0.000017
401380 -0.000063
401390 0.000014
401400 -0.000041
401410 -0.000098
401420 0.000014
401430 0.000016
401440 0.000016
401450 -0.000009
401460 0.000012
401470 -0.000049
401480 0.000000
401490 0.000013
401500 0.000009
401510 0.000015
401520 -0.000030
401530 0.000016
401540 0.000008
401550 -0.000036
401560 0.000009
401570 -0.000112
401590 0.000024
401600 0.000015
401610 0.000015
401620 -0.000050
401630 -0.000015
401640 -0.000006
401650 0.000013
401660 -0.001089
401670 0.000006
401680 0.000017
401690 -0.000039
401700 -0.000102
401710 0.000014
401720 0.000005
401730 0.000018
401740 -0.000022
401750 -0.000042
401760 0.000016
401770 0.000016
401780 0.000015
401790 0.000013
401800 0.000010
401810 -0.000991
401820 0.000025
401830 0.000013
401840 0.000018
401850 0.000010
401860 0.000012
401870 0.000013
401880 -0.001192
401890 0.000016
401900 -0.000291
401920 0.000013
401930 -0.000042
401940 -0.001185
401950 0.000010
401960 0.000016
401970 0.000014
401980 0.000010
401990 0.000026
402000 -0.000040
402010 -0.000046
402020 -0.000009
402030 -0.000040
402040 0.000014
402060 0.000005
402070 -0.000033
402080 0.000004
402090 0.000021
402100 0.000023
402110 0.000010
402120 0.000010
402130 -0.000043
402140 0.000010
402150 -0.000023
402160 -0.000010
402170 0.000009
402180 0.000004
402190 -0.001147
402200 0.000018
402210 -0.000028
402220 0.000013
402240 -0.000025
402250 0.000018
402260 0.000014
402280 -0.000011
402290 0.000011
402300 -0.001152
402310 0.000004
402320 0.000017
402340 0.000006
402350 0.000002
402360 0.000009
402370 -0.000002
402380 0.000013
402390 0.000012
402400 -0.000044
402410 -0.000022
402420 0.000011
402430 0.000009
402450 0.000011
402460 -0.001107
402470 -0.001108
402480 0.000016
402490 -0.000038
402500 0.000019
402510 -0.000001
402520 -0.000009
402530 -0.000031
402540 0.000013
402550 0.000015
402560 0.000011
402570 0.000015
402580 0.000007
402590 0.000023
402600 0.000021
402610 0.000011
402620 0.000012
402630 0.000017
402640 0.000016
402650 0.000018
402660 0.000016
402670 0.000022
402680 0.000018
402690 0.000015
402700 -0.000037
402710 -0.000007
402740 -0.000039
402750 0.000593
402760 0.000013
402770 0.000019
402780 0.000008
402790 0.000010
402800 -0.000042
402810 0.000010
402830 0.000015
402840 -0.000042
402850 0.000019
402860 -0.000045
402870 0.000016
402880 -0.000036
402890 0.000010
402900 -0.000021
402910 0.000015
402930 0.000006
402940 0.000013
402950 0.000014
402960 0.000015
402970 -0.000039
402980 -0.001185
402990 0.000015
403000 -0.000011
403010 0.000003
403020 0.000018
403030 0.000011
403040 0.000023
403050 -0.000001
403070 0.000021
403080 0.000003
403090 -0.000003
403100 0.000010
403110 0.000017
403120 0.000016
403130 0.000019
403140 -0.001055
403150 -0.000001
403160 0.000013
403170 0.000005
403180 0.000018
403190 -0.000001
403200 0.000014
403210 0.000015
403220 -0.000027
403230 -0.000005
403240 0.000011
403250 0.000013
403260 0.000016
403270 0.000004
403280 0.000019
403290 0.000020
403300 -0.000021
403310 0.000014
403320 -0.000073
403330 0.000012
403340 0.000007
403350 -0.000027
403360 0.000014
403370 0.000011
403380 0.000009
403390 -0.000014
403400 -0.001112
403410 0.000018
403420 -0.001107
403430 0.000001
403440 0.000006
403450 0.000000
403460 0.000000
403470 -0.001114
403480 0.000015
403490 -0.000015
403500 -0.000000
403510 0.000016
403520 0.000001
403530 0.000015
403540 -0.000043
403550 0.000016
403560 0.000005
403570 0.000013
403580 0.000013
403590 0.000020
403600 0.000010
403610 -0.000051
403620 -0.000032
403630 0.000009
403640 0.000008
403650 -0.000221
403660 -0.001144
403670 0.000019
403680 0.000014
403690 0.000005
403700 0.000007
403710 0.000001
403720 0.000015
403730 -0.000043
403740 -0.000000
403750 0.000016
403760 0.000212
403770 -0.000030
403780 0.000010
403790 0.000008
403800 -0.000007
403810 0.000007
403820 -0.000006
403830 -0.000006
403840 0.000016
403850 0.000010
403860 -0.000026
403890 -0.000010
403900 -0.000062
403910 0.000002
403920 0.000011
403940 -0.000048
403950 0.000013
403960 0.000015
403970 -0.000052
403980 0.000011
403990 -0.000004
404000 0.000012
404010 0.000012
404020 0.000008
404030 0.000011
404040 0.000012
404050 0.000019
404060 -0.000008
404070 0.000014
404080 0.000008
404090 0.000002
404100 -0.000033
404110 -0.000013
404120 0.000003
404130 0.000010
404140 0.000004
404150 0.000022
404160 0.000017
404170 0.000011
404180 -0.001228
404190 0.000019
404200 0.000023
404210 0.000002
404220 0.000016
404240 0.000022
404250 -0.000042
404260 0.000007
404270 0.000011
404280 0.000015
404290 -0.000039
404300 -0.000014
404310 -0.000002
404320 0.000019
404330 -0.000002
404340 0.000006
404350 0.000013
404360 0.000011
404370 -0.001139
404380 -0.001017
404400 -0.000001
404410 0.000020
404420 -0.000040
404430 0.000042
404440 -0.000038
404450 -0.000001
404460 -0.000005
404470 -0.001075
404480 0.000019
404490 -0.000044
404500 -0.000043
404510 0.000011
404520 0.000017
404530 -0.000090
404540 0.000013
404550 0.000007
404560 -0.000044
404570 0.000008
404580 0.000001
404590 -0.000048
404600 0.000013
404610 0.000019
404620 0.000016
404630 0.000017
404640 -0.000005
404660 0.000011
404670 0.000020
404680 0.000007
404690 -0.000027
404700 0.000015
404710 -0.000047
404720 -0.001102
404740 -0.000033
404750 0.000015
404770 -0.000044
404780 0.000011
404790 0.000004
404800 -0.000002
404810 0.000014
404830 0.000018
404840 0.000012
404860 -0.000038
404870 0.000012
404880 0.000012
404890 0.000017
404900 -0.001108
404910 0.000030
404920 -0.000056
404930 0.000020
404940 -0.000037
404950 -0.000102
404960 0.000015
404970 -0.000089
404980 0.000016
404990 0.000022
405000 0.000007
405010 0.000016
405020 0.000018
405030 0.000013
405040 0.000015
405050 -0.000030
405060 -0.000041
405070 0.000009
405080 0.000015
405090 0.000013
405100 -0.000042
405110 0.000008
405120 0.000017
405130 0.000015
405140 0.000025
405150 -0.000002
405160 0.000014
405170 -0.000006
405180 -0.000042
405190 -0.000093
405200 0.000002
405210 -0.000050
405220 0.000038
405230 0.000006
405240 0.000021
405250 0.000201
405260 -0.000011
405270 -0.000027
405280 -0.000979
405290 0.000011
405300 -0.000056
405310 -0.000080
405320 0.000008
405330 0.000016
405340 0.000017
405350 0.000014
405360 -0.000042
405370 -0.000051
405380 0.000015
405390 -0.000001
405400 0.000013
405410 0.000007
405420 0.000012
405430 0.000020
405440 -0.001328
405450 0.000011
405460 -0.001154
405470 0.000006
405480 0.000014
405490 0.000005
405500 -0.001230
405510 -0.001074
405520 -0.000008
405530 0.000004
405540 -0.000019
405550 -0.000026
405560 0.000021
405570 0.000012
405580 0.000011
405590 -0.000031
405600 -0.000036
405620 -0.000102
405630 0.000012
405640 0.000022
405650 0.000014
405660 0.000009
405670 -0.001129
405680 0.000002
405690 0.000015
405700 0.000004
405710 0.000018
405720 0.000010
405730 0.000002
405740 0.000021
405750 -0.001285
405760 0.000014
405770 -0.000044
405780 0.000004
405790 0.000018
405800 -0.000039
405810 0.000004
405820 -0.001071
405830 0.000019
405840 -0.000043
405850 0.000009
405860 -0.000031
405870 0.000005
405880 -0.001081
405890 -0.000033
405900 -0.000015
405910 -0.000044
405920 0.000013
405930 0.000012
405940 0.000012
405950 -0.001112
405960 0.000019
405970 0.000002
405980 -0.000045
405990 0.000009
406000 0.000013
406010 -0.000026
406020 -0.000043
406030 -0.000029
406040 0.000015
406050 0.000023
406060 0.000027
406070 0.000018
406080 -0.000036
406090 -0.000032
406100 -0.000022
406120 0.000018
406140 -0.001102
406150 0.000020
406160 -0.000013
406170 0.000010
406190 0.000024
406200 0.000019
406210 0.000018
406220 -0.000044
406230 -0.000037
406240 -0.000008
406250 -0.000006
406260 -0.000017
406270 -0.000045
406280 0.000082
406290 -0.000023
406300 -0.000019
406310 -0.000042
406320 0.000005
406330 0.000015
406340 0.000017
406350 -0.000051
406360 0.000008
406370 -0.000001
406390 -0.000051
406400 0.000016
406410 -0.001054
406420 0.000013
406430 -0.000043
406440 0.000004
406450 -0.000010
406460 0.000011
406470 -0.000004
406490 -0.001070
406500 -0.000024
406510 0.000021
406520 0.000010
406530 0.000010
406540 0.000013
406550 0.000014
406560 0.000013
406570 0.000011
406580 -0.000039
406590 -0.000039
406600 0.000012
406610 -0.000000
406620 -0.000011
406630 -0.000009
406640 0.000014
406650 0.000022
406660 0.000014
406670 0.000014
406680 -0.000008
406690 0.000021
406710 0.000014
406720 0.000017
406730 0.000012
406740 0.000007
406750 0.000014
406760 0.000013
406770 0.000010
406790 -0.000099
406800 -0.000004
406810 -0.001085
406820 -0.000044
406830 -0.000037
406840 0.000004
406850 -0.000002
406870 -0.000004
406880 0.000020
406890 0.000008
406900 0.000015
406920 -0.000038
406930 0.000016
406940 0.000019
406960 0.000007
406970 0.000018
406980 -0.000046
406990 0.000011
407000 0.000013
407020 -0.001669
407030 0.000023
407040 0.000004
407050 0.000013
407060 0.000028
407070 -0.000046
407080 -0.000004
407090 0.000015
407100 0.000012
407110 0.000361
407120 0.000005
407130 0.000016
407140 0.000016
407150 -0.000031
407160 0.000013
407170 0.000167
407180 0.000017
407190 0.000022
407200 -0.000040
407210 0.000002
407220 0.000010
407230 0.000012
407240 0.000015
407250 0.000023
407260 0.000014
407270 0.000007
407280 0.000016
407290 0.000016
407300 -0.000055
407310 -0.001187
407320 -0.000033
407330 0.000018
407340 0.000017
407350 0.000010
407360 0.000016
407370 0.000015
407380 -0.000107
407390 0.000018
407400 0.000011
407410 0.000018
407420 0.000021
407430 -0.000006
407450 0.000023
407460 0.000015
407470 0.000018
407480 -0.000002
407490 0.000014
407500 0.000011
407510 0.000006
407520 0.000009
407530 -0.000022
407540 -0.000122
407550 0.000015
407560 0.000019
407570 0.000016
407580 -0.000038
407590 0.000021
407600 -0.001146
407610 0.000005
407620 0.000015
407630 -0.000003
407640 0.000796
407650 0.000009
407660 -0.000030
407670 -0.000254
407680 -0.000107
407690 0.000057
407700 0.000012
407710 -0.000038
407720 0.000011
407730 0.000002
407740 0.000011
407750 0.000013
407760 0.000003
407770 0.000013
407780 0.000015
407790 0.000007
407800 -0.000046
407810 0.000016
407820 0.000016
407830 0.000014
407840 0.000010
407850 0.000019
407860 0.000012
407870 0.000009
407880 -0.000036
407890 0.000027
407900 0.000003
407910 0.000013
407920 0.000016
407930 0.000020
407940 0.000016
407950 0.000021
407960 -0.000019
407970 0.000017
407980 -0.000020
407990 0.000015
408000 0.000018
408010 0.000011
408020 0.000021
408030 0.000016
408040 0.000017
408050 0.000015
408060 0.000011
408070 0.000004
408090 -0.000053
408100 0.000003
408110 0.000003
408120 -0.000046
408130 0.000020
408140 -0.000030
408150 -0.000021
408160 0.000010
408170 -0.001049
408180 -0.000017
408190 -0.000043
408200 0.000017
408220 0.000015
408230 0.000014
408240 0.000010
408250 0.000016
408260 -0.000000
408270 0.000018
408280 0.000019
408290 0.000019
408300 0.000014
408310 -0.000013
408320 0.000021
408330 0.000014
408340 -0.001188
408350 -0.000039
408360 0.000013
408370 0.000014
408380 -0.000106
408390 0.000017
408400 -0.000010
408410 -0.000001
408420 -0.000037
408430 -0.000004
408440 0.000014
408450 0.000023
408460 -0.000041
408470 0.000019
408480 -0.000042
408490 0.000002
408500 -0.000007
408510 -0.000005
408520 -0.000035
408530 0.000001
408540 0.000003
408550 0.000014
408560 0.000001
408570 -0.000009
408580 0.000010
408590 0.000016
408600 -0.000038
408610 0.000014
408620 0.000018
408630 0.000018
408640 0.000016
408650 -0.000001
408660 -0.000039
408670 0.000010
408680 -0.000015
408690 0.000011
408700 0.000007
408710 0.000003
408720 0.000009
408730 0.000012
408740 0.000009
408750 0.000021
408770 -0.000023
408780 0.000016
408790 -0.000031
408800 -0.000034
408810 0.000014
408820 0.000012
408830 0.000010
408840 -0.001150
408850 0.000016
408860 0.000017
408870 0.000003
408880 0.000015
408890 -0.001206
408910 -0.000004
408920 -0.000032
408930 0.000015
408940 0.000011
408950 0.000022
408960 0.000014
408970 -0.000050
408980 0.000007
408990 -0.000001
409000 0.000022
409020 0.000005
409030 0.000016
409040 0.000015
409050 0.000001
409060 0.000017
409070 0.000013
409080 -0.001345
409090 0.000017
409100 -0.000046
409110 0.000011
409120 -0.000026
409130 0.000013
409140 -0.000044
409150 0.000013
409160 0.000020
409170 0.000016
409180 -0.000044
409190 0.000012
409200 0.000012
409210 -0.000104
409220 -0.000040
409230 -0.000040
409240 0.000008
409250 0.000009
409260 0.000012
409270 -0.000006
409280 0.000014
409290 0.000015
409300 0.000007
409310 -0.000001
409320 0.000001
409330 -0.000014
409340 0.000020
409350 0.000021
409360 0.000023
409370 0.000014
409380 0.000016
409390 0.000025
409400 0.000014
409420 0.000010
409430 -0.000086
409440 -0.000042
409450 0.000004
409460 -0.000042
409470 -0.000042
409480 -0.000000
409490 0.000005
409500 0.000004
409510 0.000071
409520 -0.000014
409530 0.000016
409540 0.000005
409550 0.000005
409560 -0.000005
409570 -0.001102
409580 0.000009
409590 -0.000041
409600 -0.000005
409610 -0.000009
409620 0.000017
409630 0.000010
409640 0.000013
409650 0.000017
409660 -0.000061
409670 0.000008
409680 0.000001
409690 -0.000044
409700 -0.000019
409710 0.000011
409730 0.000020
409740 -0.001104
409750 0.000002
409760 0.000010
409770 -0.000002
409790 0.000018
409800 0.000024
409810 0.000007
409830 0.000018
409840 0.000016
409850 0.000008
409860 -0.000037
409870 0.000002
409880 -0.000019
409900 0.000019
409910 0.000021
409920 0.000016
409930 0.000012
409940 0.000019
409950 -0.000020
409960 0.000014
409970 0.000009
409990 0.000017
410000 -0.000001
410010 0.000000
410020 -0.001070
410030 0.000013
410040 0.000022
410050 0.000018
410060 0.000013
410070 0.000009
410080 0.000011
410090 0.000016
410100 -0.000038
410110 0.000020
410120 0.000016
410130 0.000021
410140 -0.000001
410150 0.000001
410160 0.000015
410180 -0.000063
410190 -0.000097
410200 0.000019
410210 0.000016
410220 -0.000030
410230 -0.000056
410240 -0.000059
410250 0.000010
410260 0.000014
410270 0.000015
410280 -0.000095
410290 0.000015
410300 0.000012
410310 0.000007
410320 0.000014
410330 0.000025
410340 0.000010
410350 -0.000050
410360 0.000015
410370 -0.001204
410380 0.000009
410390 -0.000048
410400 0.000012
410410 0.000011
410420 0.000006
410430 -0.001125
410450 0.000012
410460 0.000011
410470 0.000015
410480 0.000006
410490 0.000017
410500 -0.001221
410510 -0.000002
410520 0.000006
410530 0.000014
410540 -0.000043
410560 0.000019
410570 0.000016
410580 0.000013
410590 -0.001021
410600 -0.001218
410610 -0.000023
410620 0.000010
410630 0.000004
410640 -0.000033
410650 -0.000081
410660 0.000001
410670 -0.000035
410680 -0.001080
410690 0.000006
410700 0.000016
410710 0.000013
410720 0.000019
410730 0.000002
410740 0.000003
410750 -0.000013
410760 0.000014
410770 -0.000036
410780 0.000006
410790 0.000015
410800 0.000012
410810 -0.000012
410820 0.000052
410830 -0.000043
410840 0.000010
410850 -0.000022
410860 -0.000060
410870 -0.000314
410880 0.000006
410890 0.000025
410900 -0.000931
410920 -0.000005
410930 -0.001360
410940 0.000015
410980 -0.000031
410990 -0.000002
411000 0.000012
411010 0.000014
411020 0.000104
411030 0.000017
411040 0.000004
411050 -0.001071
411060 -0.000101
411070 -0.000026
411080 -0.000036
411090 0.000013
411100 -0.001129
411110 0.000018
411130 -0.000045
411140 -0.000004
411150 0.000011
411160 0.000016
411170 0.000109
411180 -0.000022
411190 0.000007
411200 0.000017
411210 0.000012
411220 -0.000093
411230 0.000009
411240 -0.000004
411250 0.000009
411260 -0.000003
411270 0.000014
411280 0.000007
411290 -0.000022
411300 -0.000008
411310 0.000014
411320 0.000002
411330 0.000019
411340 -0.000014
411350 0.000006
411360 -0.000001
411370 -0.000006
411390 0.000014
411400 -0.000005
411410 0.000005
411420 -0.000110
411430 -0.000047
411440 0.000010
411450 -0.001127
411460 0.000011
411470 -0.000037
411480 0.000011
411490 -0.000029
411500 -0.000004
411510 0.000016
411520 0.000008
411530 0.000009
411540 0.000034
411550 0.000014
411560 0.000011
411570 0.000013
411580 -0.001141
411590 0.000017
411600 0.000012
411610 0.000014
411620 0.000025
411630 0.000016
411640 0.000014
411650 0.000006
411660 -0.000031
411670 0.000013
411680 0.000010
411690 0.000013
411700 0.000016
411710 0.000014
411720 0.000013
411730 -0.001182
411740 0.000005
411750 0.000017
411780 0.000014
411790 -0.000001
411800 0.000006
411810 0.000010
411820 0.000012
411830 -0.000103
411840 0.000925
411850 -0.000001
411860 -0.000036
411880 0.000022
411890 0.000009
411900 -0.000003
411910 0.000011
411920 0.000008
411930 0.000019
411940 -0.000051
411960 0.000015
411970 0.000012
411980 0.000006
411990 0.000012
412010 0.000007
412020 -0.000008
412030 0.000015
412040 0.000009
412050 0.000006
412060 -0.001156
412070 0.000013
412080 0.000004
412090 -0.000112
412100 0.000013
412110 0.000014
412120 0.000023
412130 -0.000002
412140 0.000016
412150 0.000015
412160 -0.000042
412170 0.000012
412180 0.000021
412190 -0.000013
412200 -0.000034
412210 -0.000007
412220 0.000014
412230 0.000010
412240 0.000020
412250 0.000011
412260 0.000010
412270 0.000010
412280 -0.000036
412290 -0.000003
412300 0.000011
412310 0.000016
412320 -0.000003
412330 0.000004
412340 0.000003
412350 0.000013
412360 -0.000001
412370 0.000015
412380 0.000016
412390 0.000014
412400 0.000111
412410 -0.000040
412420 -0.000036
412430 0.000020
412440 0.000019
412450 -0.000053
412460 -0.000032
412470 -0.000041
412480 0.000004
412490 0.000011
412500 0.000014
412510 0.000014
412520 0.000017
412530 0.000017
412540 -0.000001
412550 0.000016
412560 0.000016
412570 0.000019
412580 -0.000042
412590 0.000023
412600 -0.000065
412610 0.000009
412620 -0.000043
412630 0.000020
412640 -0.001106
412650 0.000039
412660 0.000015
412670 0.000008
412680 -0.000007
412690 -0.000019
412700 0.000011
412710 0.000016
412720 0.000019
412730 0.000015
412740 -0.000020
412750 0.000005
412760 0.000018
412770 0.000015
412790 0.000017
412800 -0.000034
412810 0.000016
412820 -0.000100
412830 -0.000048
412840 -0.000135
412850 -0.000035
412860 0.000017
412870 -0.001109
412880 0.000012
412890 0.000007
412900 0.000332
412910 0.000012
412920 0.000014
412930 0.000015
412940 -0.000005
412950 0.000008
412960 0.000638
412970 0.000209
412980 -0.000037
412990 -0.000090
413000 -0.000015
413010 -0.000020
413020 -0.000026
413030 -0.000028
413050 0.000012
413060 0.000007
413070 0.000009
413080 0.000013
413090 0.000012
413100 -0.000044
413110 0.000022
413120 0.000016
413130 0.000001
413140 0.000001
413150 0.000015
413160 0.000002
413170 0.000017
413180 -0.000004
413190 0.000013
413200 -0.000000
413210 0.000017
413220 -0.001444
413230 -0.000015
413240 -0.000036
413250 -0.000012
413260 0.000013
413270 -0.000019
413280 0.000003
413290 0.000015
413300 -0.000002
413310 0.000017
413320 0.000021
413330 -0.000019
413340 -0.001020
413350 -0.001022
413360 -0.000008
413370 0.000009
413380 0.000016
413390 0.000478
413400 -0.000024
413410 0.000013
413420 0.000009
413430 0.000008
413440 -0.001189
413450 -0.000039
413460 -0.000003
413470 0.000022
413480 0.000010
413490 0.000007
413500 0.000009
413510 -0.001223
413520 -0.000016
413540 -0.001180
413550 -0.000006
413560 -0.000001
413570 0.000015
413580 -0.000104
413590 0.000008
413600 0.000015
413610 -0.000015
413620 0.000013
413630 -0.000006
413640 -0.000049
413650 0.000015
413660 -0.000037
413670 0.000020
413680 -0.000008
413690 0.000018
413700 -0.000005
413710 0.000015
413720 -0.000029
413730 0.000015
413740 -0.000003
413750 0.000012
413760 0.000013
413770 0.000012
413780 0.000008
413790 -0.000049
413800 0.000005
413810 0.000015
413820 0.000009
413840 -0.000042
413850 0.000018
413860 0.000002
413870 -0.000071
413880 0.000015
413890 0.000018
413900 0.000022
413910 -0.000009
413920 0.000020
413930 -0.000003
413940 0.000013
413950 -0.000046
413960 0.000011
413970 -0.000041
413980 -0.000005
413990 -0.000037
414000 0.000019
414010 -0.000032
414020 0.000013
414030 0.000000
414040 -0.001203
414050 0.000017
414060 0.000013
414070 -0.000015
414080 0.000018
414090 0.000016
414100 0.000016
414110 0.000016
414120 -0.000018
414130 -0.000005
414140 0.000018
414150 0.000020
414160 0.000016
414170 0.000013
414180 0.000026
414190 0.000014
414200 0.000013
414210 0.000009
414220 0.000015
414230 0.000011
414240 0.000017
414250 0.000016
414260 0.000019
414270 -0.000024
414290 0.000018
414300 0.000018
414310 -0.000000
414320 -0.001286
414330 -0.000355
414340 0.000003
414350 -0.000028
414360 -0.000038
414370 0.000014
414380 0.000000
414390 0.000011
414400 0.000016
414410 0.000010
414420 0.000011
414430 -0.000003
414450 0.000013
414460 0.000018
414470 0.000012
414480 0.000007
414490 0.000017
414500 0.000009
414510 -0.000533
414520 0.000014
414530 0.000012
414540 -0.000039
414550 -0.000002
414560 -0.000022
414570 0.000012
414580 0.000005
414590 0.000006
414600 0.000003
414610 0.000016
414620 0.000019
414630 -0.000016
414640 0.000012
414650 0.000004
414660 0.000015
414670 0.000019
414680 0.000023
414690 0.000016
414700 -0.000001
414710 0.000014
414720 0.000014
414730 0.000005
414740 -0.000022
414750 0.000007
414760 -0.001143
414770 0.000009
414780 0.000020
414790 0.000010
414800 -0.001192
414810 -0.000039
414820 -0.000013
414830 0.000017
414840 0.000016
414850 0.000015
414860 0.000005
414870 -0.000007
414880 -0.001119
414890 0.000014
414900 -0.000029
414910 0.000017
414920 0.000012
414930 0.000012
414940 -0.000110
414950 -0.000042
414960 -0.001130
414970 -0.000044
414980 -0.000047
415000 0.000012
415010 -0.000004
415020 0.000009
415030 0.000029
415040 0.000018
415050 -0.000005
415060 -0.000029
415080 -0.000046
415090 0.000007
415100 -0.000003
415110 -0.000010
415120 0.000015
415130 0.000014
415140 0.000014
415160 0.000010
415170 -0.000001
415180 0.000011
415190 -0.000039
415200 0.000014
415210 -0.000039
415220 0.000016
415230 -0.000045
415240 0.000018
415250 0.000015
415260 0.000009
415270 0.000175
415280 0.000018
415290 -0.001185
415300 -0.000005
415310 -0.000053
415320 -0.000003
415330 0.000009
415340 0.000016
415350 0.000006
415360 0.000027
415370 -0.000011
415380 0.000017
415390 -0.000040
415400 0.000020
415410 -0.000105
415420 0.000011
415430 0.000015
415440 -0.000043
415450 -0.000040
415460 -0.001032
415470 0.000008
415480 0.000013
415490 0.000001
415500 0.000018
415510 -0.001151
415520 0.000011
415530 -0.000043
415540 0.000006
415560 -0.001132
415570 0.000011
415580 -0.000047
415590 -0.000034
415610 0.000020
415620 0.000012
415630 0.000044
415640 0.000021
415650 0.000019
415660 0.000013
415670 -0.000040
415680 -0.000005
415690 -0.001140
415700 0.000018
415710 -0.000029
415720 -0.000042
415730 0.000008
415750 0.000017
415760 0.000015
415770 0.000010
415780 -0.000021
415790 -0.000002
415800 0.000019
415810 -0.000099
415820 0.000020
415840 0.000018
415850 0.000006
415860 -0.000016
415870 0.000006
415880 0.000017
415890 0.000017
415900 0.000007
415910 0.000014
415920 0.000015
415930 0.000014
415940 0.000011
415950 0.000004
415960 0.000005
415970 -0.000037
415980 -0.000018
415990 -0.000043
416000 -0.000005
416010 0.000017
416020 0.000011
416030 -0.000041
416040 -0.000037
416050 -0.000041
416060 -0.001109
416070 -0.000027
416080 0.000011
416090 0.000018
416100 0.000013
416110 0.000010
416120 0.000016
416130 0.000015
416140 0.000019
416150 -0.000001
416160 0.000015
416170 -0.000049
416180 0.000019
416190 0.000012
416200 -0.001128
416210 0.000006
416220 0.000017
416230 0.000019
416240 0.000007
416250 -0.000016
416260 0.000024
416280 0.000014
416290 -0.001132
416300 0.000017
416310 -0.000009
416320 0.000024
416330 0.000018
416340 -0.000049
416350 0.000004
416370 -0.000002
416390 0.000019
416400 0.000019
416410 0.000002
416420 0.000004
416430 0.000007
416440 -0.000079
416450 -0.000009
416460 0.000018
416470 0.000013
416480 0.000011
416490 -0.001104
416500 -0.001103
416510 -0.000043
416520 0.000016
416530 -0.001107
416540 0.000018
416550 0.000012
416560 0.000003
416570 0.000002
416580 0.000009
416610 0.000005
416620 0.000017
416630 0.000009
416640 -0.000016
416650 0.000010
416660 0.000008
416670 0.000005
416680 0.000014
416690 0.000048
416700 0.000030
416710 -0.000097
416720 0.000006
416730 0.000016
416740 -0.000043
416750 0.000019
416760 0.000020
416770 0.000007
416780 -0.000005
416790 -0.001144
416800 0.000018
416810 0.000014
416820 0.000017
416830 0.000018
416840 -0.000012
416850 0.000004
416860 0.000008
416870 0.000008
416880 0.000010
416890 -0.000027
416900 -0.000038
416910 0.000007
416920 -0.000020
416940 0.000015
416950 0.000010
416960 0.000014
416970 -0.000511
416980 0.000015
416990 -0.001199
417000 0.000004
417010 0.000020
417020 0.000014
417030 0.000013
417040 0.000006
417050 -0.000026
417060 -0.000025
417070 -0.000026
417080 0.000020
417090 -0.000027
417100 -0.000017
417110 -0.000001
417120 0.000016
417130 -0.000010
417140 0.000012
417150 -0.000044
417160 0.000020
417170 0.000002
417180 -0.000043
417210 0.000018
417220 -0.000041
417230 0.000016
417240 0.000001
417250 0.000015
417260 0.000005
417270 0.000013
417280 0.000013
417290 0.000017
417300 0.000015
417320 -0.001078
417330 0.000015
417340 0.000009
417350 0.000014
417360 0.000006
417370 0.000015
417380 0.000011
417390 0.000008
417400 0.000013
417410 0.000011
417420 -0.000049
417430 0.000006
417440 0.000014
417450 0.000018
417460 -0.000003
417470 0.000007
417480 -0.000045
417490 0.000016
417500 0.000007
417510 -0.000001
417520 0.000011
417540 0.000010
417550 0.000017
417570 -0.000042
417580 -0.001153
417590 0.000018
417600 0.000017
417610 -0.000045
417620 -0.000026
417630 0.000010
417640 0.000009
417650 -0.000039
417660 0.000004
417670 -0.000000
417680 -0.000047
417700 0.000009
417710 0.000019
417720 0.000010
417730 0.000007
417740 0.000018
417750 0.000024
417760 0.000013
417770 0.000014
417780 0.000014
417790 0.000020
417800 0.000014
417810 -0.001271
417820 0.000006
417830 0.000019
417840 0.000005
417850 0.000016
417860 0.000017
417870 0.000014
417880 -0.000034
417890 -0.000052
417900 -0.000027
417910 0.000010
417920 0.000008
417940 0.000015
417950 0.000015
417960 0.000014
417970 0.000013
417980 0.000019
417990 0.000016
418000 0.000009
418010 0.000015
418020 0.000016
418030 0.000003
418040 0.000015
418050 0.000025
418060 0.000004
418070 0.000000
418080 0.000018
418090 -0.000046
418100 -0.000077
418110 0.000007
418120 0.000010
418130 0.000015
418140 -0.000036
418150 0.000015
418160 -0.000025
418170 -0.000011
418180 0.000006
418190 0.000013
418200 0.000017
418210 -0.000017
418220 -0.000042
418230 -0.000107
418240 -0.000040
418250 0.000007
418260 0.000006
418270 -0.000040
418280 0.000017
418290 0.000006
418300 0.000016
418310 -0.000044
418320 -0.000040
418330 -0.000012
418340 0.000012
418350 -0.000041
418360 -0.000003
418380 0.000018
418390 0.000011
418400 0.000018
418410 -0.000069
418420 -0.000009
418430 -0.000045
418450 0.000013
418460 0.000007
418470 -0.000048
418480 -0.000024
418490 -0.001168
418500 0.000012
418510 -0.001353
418520 0.000013
418530 0.000016
418540 -0.000605
418550 0.000016
418560 0.000007
418570 0.000012
418580 0.000015
418590 0.000068
418600 0.000009
418610 -0.000102
418620 0.000008
418630 -0.001125
418640 0.000003
418650 0.000023
418660 0.000023
418670 0.000016
418680 -0.000045
418690 -0.000040
418700 0.000017
418710 0.000017
418720 0.000014
418730 -0.000034
418740 0.000002
418750 0.000013
418760 0.000013
418770 0.000020
418780 0.000013
418790 -0.000045
418800 -0.000044
418810 0.000012
418820 0.000010
418830 0.000001
418840 0.000014
418850 0.000014
418860 0.000002
418870 -0.000041
418880 0.000013
418890 0.000009
418900 -0.000042
418910 -0.000035
418920 0.000012
418930 0.000014
418940 0.000011
418950 -0.000007
418960 0.000014
418970 -0.000003
418980 0.000013
418990 -0.000040
419000 -0.000027
419010 0.000014
419020 0.000024
419030 0.000003
419040 0.000016
419050 0.000011
419060 0.000019
419070 -0.000034
419080 0.000010
419090 0.000010
419100 -0.000029
419110 0.000009
419120 0.000005
419130 0.000001
419140 0.000013
419150 0.000013
419160 0.000012
419170 0.000013
419180 0.000015
419190 0.000004
419200 0.000017
419210 0.000023
419220 -0.000004
419230 -0.000045
419240 0.000011
419250 0.000016
419260 -0.001107
419270 -0.000023
419280 -0.000024
419290 -0.000040
419300 -0.000002
419310 0.000019
419320 0.000011
419330 -0.000034
419340 -0.000036
419350 -0.000046
419360 0.000017
419370 0.000015
419390 0.000012
419400 -0.000105
419410 -0.000044
419420 -0.001122
419430 0.000016
419440 -0.000003
419450 -0.000009
419460 0.000015
419470 0.000016
419480 -0.000042
419490 0.000011
419500 -0.000029
419520 0.000012
419530 -0.000003
419540 -0.001137
419550 0.000022
419560 -0.001131
419570 0.000017
419580 0.000017
419590 0.000009
419600 0.000112
419610 0.000005
419620 0.000010
419630 0.000017
419640 0.000011
419650 0.000010
419660 0.000008
419670 0.000014
419680 0.000007
419690 0.000019
419700 0.000019
419710 0.000006
419720 0.000009
419730 0.000003
419740 0.000014
419750 -0.000014
419760 0.000011
419770 0.000012
419780 -0.000040
419790 0.000006
419800 -0.000010
419810 0.000014
419820 0.000010
419830 0.000020
419840 0.000017
419850 -0.001106
419860 0.000015
419870 -0.000017
419880 -0.000046
419890 -0.000027
419900 0.000017
419910 -0.000031
419920 -0.001097
419930 -0.000043
419940 0.000019
419950 0.000011
419960 -0.001108
419970 -0.000036
419980 0.000015
419990 0.000009
420000 -0.000039
420010 0.000009
420020 0.000014
420030 -0.000014
420040 0.000019
420050 0.000020
420060 -0.000006
420070 0.000020
420080 0.000011
420090 -0.001083
420100 0.000005
420110 0.000023
420120 0.000016
420130 0.000016
420140 0.000011
420150 0.000015
420160 0.000018
420170 -0.000010
420180 -0.000038
420190 0.000014
420200 0.000016
420210 0.000009
420220 -0.000040
420230 -0.000035
420240 -0.000037
420250 0.000014
420260 0.000017
420270 0.000005
420280 -0.000017
420290 0.000015
420300 0.000004
420310 0.000014
420320 0.000017
420330 0.000016
420340 0.000022
420350 -0.000028
420360 0.000009
420370 -0.001117
420380 0.000009
420390 0.000013
420400 0.000012
420410 -0.000030
420420 0.000003
420430 0.000014
420440 0.000007
420450 -0.000041
420460 0.000016
420470 0.000017
420480 0.000008
420490 -0.000100
420500 -0.000030
420510 0.000015
420520 0.000014
420530 0.000011
420540 0.000008
420550 0.000008
420560 0.000008
420570 -0.000005
420580 -0.001164
420590 -0.000046
420600 0.000003
420610 0.000011
420620 0.000011
420630 0.000020
420640 -0.000027
420650 -0.000109
420660 -0.001137
420670 0.000016
420680 0.000016
420690 0.000011
420700 0.000012
420710 0.000015
420720 0.000009
420730 -0.000008
420740 -0.000004
420760 -0.000034
420770 0.000022
420780 -0.000026
420790 -0.000044
420800 0.000023
420810 0.000010
420820 0.000001
420830 0.000006
420840 0.000018
420850 0.000013
420860 0.000007
420870 0.000003
420880 0.000012
420890 -0.001128
420900 0.000012
420910 0.000009
420920 -0.000004
420930 -0.000040
420940 0.000014
420950 0.000013
420960 0.000021
420970 0.000002
420980 0.000019
420990 -0.001116
421000 0.000015
421010 0.000033
421020 -0.000038
421030 0.000024
421040 0.000012
421050 0.000003
421060 -0.001093
421070 0.000017
421080 0.000016
421090 0.000005
421100 -0.000037
421110 0.000015
421120 -0.000049
421130 0.001100
421140 -0.000042
421150 0.000018
421160 0.000023
421170 -0.000001
421180 -0.000021
421190 0.000006
421200 -0.000050
421210 0.000014
421220 0.000019
421230 0.000014
421240 0.000018
421250 0.000014
421260 0.000018
421270 0.000014
421280 -0.000019
421290 0.000019
421300 0.000017
421310 0.000001
421320 0.000018
421330 0.000010
421340 -0.001224
421360 0.000011
421370 0.000009
421380 0.000020
421390 0.000000
421400 -0.000045
421410 0.000010
421420 0.000013
421430 0.000016
421440 0.000018
421450 0.000019
421460 0.000006
421470 -0.000019
421480 0.000008
421490 0.000016
421500 0.000013
421510 -0.001176
421520 0.000004
421530 0.000014
421540 -0.000029
421550 0.000014
421560 -0.000004
421570 0.000010
421580 0.000012
421590 0.000001
421610 0.000019
421620 0.000013
421630 0.000012
421640 -0.000044
421650 -0.000038
421660 0.000014
421670 0.000026
421680 0.000019
421690 0.000015
421700 0.000015
421710 0.000007
421720 0.000018
421730 0.000015
421740 0.000016
421750 0.000016
421760 -0.001254
421770 0.000014
421780 -0.000043
421790 0.000007
421800 0.000003
421810 0.000005
421830 0.000020
421840 0.000015
421850 -0.000020
421860 0.000017
421870 0.000009
421880 0.000006
421890 -0.000001
421910 -0.001084
421920 0.000015
421930 0.000026
421940 -0.000082
421950 0.000005
421960 -0.000048
421970 -0.000018
421980 -0.000041
421990 0.000013
422000 0.000014
422010 0.000128
422020 -0.000002
422030 -0.000008
422040 0.000018
422050 0.000010
422060 0.000013
422070 0.000018
422080 0.000020
422090 0.000012
422100 -0.000002
422110 0.000000
422120 -0.000003
422130 -0.001120
422140 0.000017
422150 0.000017
422160 -0.001090
422170 0.000141
422180 0.000007
422190 0.000010
422200 0.000015
422210 0.000021
422220 0.000015
422230 -0.000032
422240 0.000006
422250 -0.000048
422260 0.000012
422270 -0.000098
422280 0.000014
422290 0.000014
422300 -0.001543
422310 0.000006
422320 0.000017
422330 0.000010
422340 0.000016
422350 0.000011
422360 0.000008
422370 -0.000006
422380 -0.000037
422390 0.000015
422400 0.000005
422410 0.000008
422420 0.000023
422430 0.000017
422440 0.000010
422450 0.000010
422460 0.000017
422470 0.000020
422480 0.000007
422490 0.000010
422500 0.000021
422510 0.000004
422520 0.000012
422530 0.000009
422540 0.000011
422550 0.000004
422560 -0.000004
422570 0.000013
422580 0.000004
422600 0.000012
422610 0.000013
422620 0.000020
422630 -0.000057
422640 0.000017
422650 0.000017
422660 -0.000006
422670 0.000016
422680 0.000015
422690 0.000009
422700 0.000017
422710 0.000006
422720 -0.000105
422730 -0.000033
422740 -0.000036
422750 -0.000026
422760 -0.000028
422770 0.000015
422780 0.000004
422790 0.000024
422800 0.000017
422810 -0.000038
422820 0.000011
422830 0.000004
422840 0.000014
422850 0.000013
422860 0.000012
422870 0.000020
422880 -0.001115
422890 0.000013
422900 -0.000009
422910 0.000014
422920 0.000013
422930 0.000011
422950 0.000004
422960 0.000007
422970 0.000018
422980 0.000008
423010 -0.001235
423020 0.000016
423030 0.000019
423040 0.000014
423050 -0.000002
423070 0.000009
423080 0.000017
423090 0.000010
423100 0.000015
423110 -0.000002
423120 0.000024
423130 -0.000003
423140 -0.000002
423150 -0.001146
423160 -0.001057
423170 0.000004
423180 -0.001223
423190 0.000021
423200 0.000016
423210 -0.000001
423220 -0.001222
423230 -0.000042
423240 -0.000049
423250 -0.000030
423260 -0.000007
423270 -0.000048
423290 0.000015
423300 0.000017
423310 0.000019
423320 0.000017
423330 0.000006
423340 0.000017
423350 0.000011
423360 0.000015
423370 0.000012
423380 -0.000053
423390 0.000013
423400 -0.000041
423410 -0.000001
423420 -0.000302
423430 0.000009
423440 0.000006
423450 0.000477
423460 0.000017
423470 0.000009
423480 -0.000046
423490 0.000018
423500 0.000015
423510 0.000015
423520 -0.000026
423530 0.000011
423540 0.000017
423550 0.000012
423560 0.000013
423570 0.000002
423580 -0.000014
423590 0.000002
423600 0.000011
423610 0.000012
423620 -0.000014
423630 -0.000000
423640 0.000011
423650 0.000019
423660 0.000004
423670 0.000011
423680 0.000005
423690 -0.000042
423700 -0.001040
423710 0.000078
423730 0.000016
423740 -0.000022
423750 0.000009
423760 0.000019
423770 0.000021
423780 -0.000048
423790 -0.001151
423800 0.000017
423810 -0.001153
423820 -0.000040
423830 0.000027
423840 0.000002
423850 0.000007
423860 -0.000041
423870 0.000011
423880 -0.000007
423890 0.000020
423900 -0.000000
423910 0.000013
423920 -0.000030
423930 0.000014
423940 0.000010
423950 0.000009
423960 0.000009
423980 0.000007
423990 0.000008
424000 0.000013
424010 -0.000003
424020 0.000016
424030 -0.000040
424040 0.000020
424050 -0.000032
424060 0.000010
424070 0.000024
424080 -0.000048
424090 0.000021
424100 -0.000036
424110 0.000013
424120 -0.000007
424130 0.000012
424140 -0.000040
424150 0.000012
424160 0.000007
424170 0.000004
424180 0.000013
424190 -0.000044
424200 0.000015
424210 0.000013
424230 -0.000056
424240 -0.000038
424250 0.000008
424260 0.000011
424270 0.000008
424280 -0.000103
424290 -0.000009
424300 0.000012
424310 -0.000012
424320 0.000019
424330 -0.000034
424340 0.000014
424350 -0.001129
424360 0.000017
424370 -0.000024
424380 0.000004
424390 0.000013
424410 -0.000041
424420 0.000012
424430 0.000016
424440 0.000022
424450 0.000005
424460 -0.000014
424470 -0.000003
424480 -0.001119
424490 0.000013
424500 0.000008
424510 0.000015
424520 -0.000005
424530 0.000020
424540 0.000015
424550 0.000010
424560 0.000005
424570 0.000017
424580 0.000001
424590 -0.000048
424600 -0.001149
424610 0.000017
424620 0.000010
424630 0.000018
424640 0.000022
424650 -0.000011
424660 -0.000038
424670 -0.001192
424690 -0.000005
424700 -0.000002
424720 -0.000021
424730 -0.001186
424740 0.000003
424760 0.000005
424770 -0.000006
424780 0.000014
424790 0.000018
424800 -0.001217
424810 0.000019
424820 0.000000
424830 0.000019
424840 0.000012
424850 -0.000039
424860 0.000018
424870 0.000009
424880 0.000015
424890 0.000008
424910 0.000008
424920 0.000043
424930 0.000002
424950 0.000016
424960 -0.001147
424970 0.000020
424980 -0.000003
424990 0.000016
425000 0.000021
425020 0.000016
425030 0.000013
425040 -0.000004
425050 -0.000064
425060 -0.001196
425070 0.000016
425080 0.000016
425090 -0.001193
425100 0.000009
425110 0.000005
425120 0.000002
425130 0.000022
425140 -0.000008
425150 0.000014
425160 0.000027
425170 0.000019
425180 0.000018
425190 0.000018
425200 0.000010
425210 0.000008
425220 0.000015
425230 0.000012
425240 -0.000097
425250 -0.000043
425260 0.000013
425270 0.000014
425280 0.000003
425290 0.000016
425300 -0.000079
425310 -0.000051
425320 0.000011
425330 0.000013
425340 -0.000016
425350 -0.000035
425360 -0.000083
425370 0.000029
425380 0.000010
425390 0.000014
425400 0.000011
425410 0.000015
425420 -0.000010
425430 0.000031
425440 -0.000007
425450 0.000005
425460 0.000016
425470 -0.000024
425480 -0.001302
425490 0.000016
425500 -0.001176
425510 0.000014
425520 0.000011
425530 0.000016
425540 0.000011
425550 0.000017
425560 0.000018
425570 -0.000001
425580 0.000010
425590 0.000013
425600 0.000008
425610 0.000020
425620 -0.000041
425630 -0.000008
425640 -0.000014
425650 0.000018
425670 0.000018
425690 0.000012
425700 0.000017
425710 0.000012
425720 0.000005
425730 -0.000033
425740 0.000015
425750 -0.000040
425760 0.000016
425770 -0.000038
425780 -0.000048
425790 0.000015
425800 -0.000050
425810 0.000001
425820 0.000017
425830 -0.000087
425840 0.000005
425850 0.000017
425860 -0.000029
425870 -0.000019
425880 -0.000030
425890 -0.000002
425900 0.000017
425910 0.000019
425920 0.000016
425930 0.000012
425940 0.000012
425950 0.000013
425960 0.000014
425970 -0.000026
425980 0.000007
425990 0.000016
426000 0.000020
426020 0.000015
426030 0.000018
426040 0.000069
426050 0.000022
426060 -0.000006
426070 0.000005
426080 0.000013
426090 0.000007
426100 0.000013
426110 0.000007
426120 -0.000107
426130 -0.000043
426140 -0.000030
426150 0.000015
426160 0.000012
426170 0.000013
426180 0.000019
426190 0.000014
426200 0.000001
426210 -0.000002
426220 -0.000042
426230 0.000019
426240 -0.001198
426250 0.000014
426260 0.000006
426270 0.000019
426280 0.000014
426290 -0.000051
426300 -0.000014
426310 0.000013
426320 0.000011
426330 0.000020
426350 -0.001127
426360 0.000013
426370 -0.000026
426380 0.000016
426390 0.000008
426400 -0.000046
426410 0.000001
426420 0.000017
426430 0.000020
426440 -0.000028
426450 0.000016
426460 0.000007
426470 0.000015
426480 -0.000044
426490 -0.000017
426500 0.000011
426510 0.000002
426520 -0.000042
426530 0.000011
426540 0.000013
426550 0.000004
426560 0.000024
426570 0.000019
426580 0.000022
426590 0.000010
426600 0.000013
426610 -0.000041
426620 0.000012
426630 0.000012
426640 0.000008
426650 -0.000047
426660 0.000018
426670 0.000017
426680 0.000020
426690 -0.000065
426700 0.000020
426710 0.000016
426720 0.000011
426730 0.000016
426740 0.000008
426750 -0.001070
426760 0.000011
426770 0.000015
426780 -0.000002
426790 0.000005
426800 0.000014
426810 0.000017
426820 0.000016
426830 0.000009
426840 -0.000047
426850 0.000008
426860 -0.000007
426870 0.000018
426880 0.000021
426890 0.000006
426910 -0.000007
426920 0.000016
426930 -0.000041
426940 0.000015
426950 0.000025
426960 0.000013
426970 0.000015
426980 0.000011
426990 0.000006
427000 0.001039
427010 0.000021
427020 -0.000011
427030 -0.000007
427040 0.000009
427060 -0.000024
427070 -0.001221
427080 -0.000072
427090 -0.000045
427100 -0.000023
427110 0.000000
427120 0.000016
427130 0.000012
427140 -0.000036
427150 -0.000011
427160 0.000021
427170 0.000012
427180 -0.000005
427190 0.000020
427200 0.000017
427210 0.000009
427220 0.000016
427230 -0.000042
427240 0.000018
427250 0.000012
427260 -0.000055
427270 0.000016
427280 -0.000002
427290 0.000023
427300 -0.000000
427310 0.000015
427320 -0.000005
427330 0.000004
427340 0.000010
427350 0.000018
427360 0.000011
427370 0.000014
427380 0.000007
427390 0.000012
427400 0.000013
427410 -0.000044
427420 0.000008
427430 0.000018
427440 0.000019
427450 0.000179
427460 -0.000046
427470 -0.000045
427480 0.000017
427490 -0.000003
427500 0.000015
427510 -0.001161
427520 0.000016
427530 0.000019
427540 0.000011
427550 -0.000039
427560 0.000009
427570 -0.000043
427580 0.000051
427590 0.000017
427600 0.000017
427610 0.000007
427620 0.000019
427630 0.000021
427640 0.000013
427650 0.000010
427660 0.000013
427670 0.000013
427680 0.000011
427690 0.000018
427700 -0.001235
427710 0.000022
427720 0.000002
427730 0.000020
427740 0.000010
427750 0.000012
427760 0.000007
427770 0.000021
427780 -0.000035
427790 0.000024
427800 0.000020
427810 -0.000013
427820 -0.000038
427830 0.000016
427840 0.000001
427850 0.000012
427860 0.000268
427870 0.000020
427880 -0.000004
427890 -0.000045
427900 0.000013
427910 -0.000042
427920 0.000024
427930 0.000004
427940 -0.000012
427950 0.000016
427960 -0.001003
427970 -0.000031
427980 0.000010
427990 0.000014
428010 -0.000006
428020 0.000013
428030 0.000001
428040 0.000014
428050 -0.000023
428060 0.000013
428070 -0.000036
428080 -0.000051
428090 0.000083
428100 0.000017
428110 0.000015
428120 0.000011
428130 0.000002
428140 -0.000107
428150 0.000012
428160 0.000005
428170 0.000014
428180 -0.000006
428190 0.000013
428200 -0.000059
428210 -0.000010
428220 0.000008
428230 -0.000044
428240 0.000015
428250 0.000042
428260 0.000001
428270 0.000021
428280 0.000006
428290 0.000005
428300 -0.000004
428310 0.000013
428320 -0.000014
428330 0.000020
428340 0.000017
428350 -0.000013
428370 0.000018
428380 0.000020
428390 0.000029
428400 -0.000044
428410 0.000027
428420 0.000000
428430 -0.000038
428440 0.000011
428450 0.000019
428460 0.001926
428470 0.000017
428480 -0.000042
428490 -0.000040
428500 0.000016
428510 0.000012
428520 0.000016
428530 -0.000011
428540 0.000012
428550 0.000019
428560 0.000022
428570 -0.000045
428590 0.000021
428600 0.000017
428620 -0.000040
428630 -0.000026
428640 0.000019
428650 0.000021
428660 0.000011
428670 -0.000001
428680 0.000025
428690 0.000004
428700 0.000007
428710 0.000016
428720 0.000003
428730 -0.000039
428740 0.000018
428750 -0.000100
428760 -0.000024
428770 -0.000014
428780 -0.000004
428790 0.000041
428800 0.000004
428810 0.000013
428820 0.000013
428830 0.000005
428840 -0.000057
428850 0.000004
428860 -0.000045
428870 0.000003
428880 -0.000024
428890 0.000025
428900 -0.000019
428910 0.000015
428930 0.000017
428940 -0.000041
428950 0.000007
428960 -0.001059
428970 -0.000049
428980 0.000011
429000 0.000090
429010 0.000015
429020 -0.000041
429030 0.000006
429050 0.000017
429060 -0.000001
429070 -0.000981
429080 0.000013
429090 -0.000013
429100 0.000015
429110 -0.000036
429120 -0.000013
429130 0.000016
429140 -0.001147
429150 0.000020
429160 -0.000043
429170 -0.000037
429180 -0.000042
429190 -0.000036
429200 0.000016
429210 0.000004
429220 0.000015
429230 0.000021
429240 0.000009
429250 0.000013
429260 0.000011
429270 -0.000005
429280 0.000019
429300 0.000012
429310 0.000006
429320 0.000020
429330 0.000013
429340 0.000016
429350 0.000014
429360 0.000010
429370 0.000013
429380 0.000015
429400 -0.001451
429410 0.000014
429420 0.000015
429430 0.000020
429440 0.000012
429460 0.000020
429470 0.000013
429480 -0.000017
429490 0.000015
429500 -0.000063
429510 -0.000056
429520 0.000008
429530 0.000019
429540 0.000018
429550 -0.000056
429570 0.000009
429580 0.000019
429600 0.000016
429610 -0.000023
429630 0.000005
429640 -0.000007
429650 0.000016
429660 0.000054
429670 0.000018
429680 0.000019
429690 -0.000047
429700 0.000019
429710 0.000019
429720 -0.001046
429730 0.000009
429740 0.000020
429750 0.000016
429760 0.000010
429770 0.000009
429780 -0.000044
429800 0.000008
429810 -0.000041
429820 0.000017
429830 0.000005
429840 0.000019
429860 0.000018
429870 -0.000003
429880 0.000012
429890 -0.000041
429900 0.000016
429920 0.000020
429930 -0.000043
429940 -0.000005
429960 0.000015
429970 0.000011
429980 -0.000021
429990 0.000017
430000 -0.001107
430010 0.000014
430020 0.000015
430030 0.000018
430040 -0.000024
430050 0.000015
430060 0.000017
430070 0.000018
430080 -0.000035
430090 0.000023
430100 0.000008
430110 0.000016
430120 0.000008
430130 0.000019
430140 -0.000037
430150 0.000007
430160 -0.000010
430170 -0.000035
430180 -0.000025
430190 0.000019
430200 0.000005
430210 0.000006
430230 -0.000035
430240 0.000014
430250 -0.000893
430260 0.000008
430270 0.000015
430280 0.000017
430290 -0.000008
430300 0.000019
430310 0.000011
430320 -0.001171
430330 0.000017
430340 0.000018
430350 0.000001
430360 0.000010
430370 -0.000052
430380 0.000004
430390 0.000002
430410 -0.000029
430420 0.000015
430430 0.000001
430440 0.000005
430450 0.000016
430460 0.000015
430470 -0.000010
430480 0.000005
430490 -0.000017
430500 0.000015
430510 0.000017
430520 0.000009
430530 0.000021
430540 0.000019
430550 0.000013
430560 0.000018
430570 -0.000046
430580 0.000013
430590 -0.000045
430600 -0.000038
430610 -0.000035
430620 0.000004
430630 -0.000005
430640 0.000012
430650 -0.000036
430660 0.000017
430670 -0.000109
430680 -0.001157
430700 0.000003
430710 0.000018
430720 0.000018
430730 0.000015
430740 0.000013
430750 0.000024
430760 0.000013
430770 -0.001249
430780 -0.001068
430790 0.000014
430800 0.000005
430810 0.000035
430830 -0.000014
430840 0.000018
430850 -0.000020
430860 0.000017
430870 0.000013
430880 0.000010
430890 0.000006
430900 0.000017
430910 0.000020
430920 0.000012
430930 -0.000003
430940 0.000024
430950 0.000012
430960 0.000018
430970 0.000009
430980 -0.000020
430990 -0.000003
431000 -0.000053
431010 0.000013
431020 -0.000002
431030 0.000023
431040 0.000023
431050 -0.000025
431060 -0.000109
431070 0.000012
431080 0.000014
431100 -0.001075
431110 -0.000024
431120 -0.000008
431130 -0.000038
431140 0.000009
431150 -0.000002
431170 0.000011
431180 0.000001
431190 -0.000094
431200 -0.000007
431210 0.000012
431220 0.000019
431230 -0.000043
431240 -0.001082
431250 -0.000040
431260 -0.000036
431270 -0.000112
431280 -0.000047
431290 0.000002
431300 0.000014
431310 0.000012
431320 0.000005
431330 0.000012
431340 -0.000053
431350 -0.000008
431360 -0.000004
431380 0.000007
431390 0.000017
431400 0.000002
431410 0.000018
431420 0.000005
431430 0.000023
431440 0.000014
431450 0.000011
431460 0.000019
431470 0.000006
431480 0.000018
431490 0.000015
431500 -0.000033
431510 0.000019
431520 0.000020
431530 0.000013
431540 0.000014
431550 0.000001
431560 0.000009
431570 0.000016
431580 -0.001234
431590 0.000017
431600 0.000017
431610 0.000018
431620 0.000020
431630 0.000021
431640 -0.000038
431650 0.000016
431660 0.000017
431670 -0.000043
431680 -0.001147
431690 0.000013
431700 0.000003
431710 -0.000041
431720 -0.000065
431730 -0.000036
431740 0.000023
431750 0.000016
431760 0.000015
431770 0.000010
431780 -0.000008
431790 -0.000005
431800 0.000003
431810 -0.000967
431820 -0.000032
431840 -0.000001
431850 0.000016
431860 -0.001124
431870 -0.000046
431880 -0.001077
431890 0.000006
431900 0.000018
431910 0.000003
431920 0.000013
431930 0.000014
431940 -0.001103
431950 0.000016
431960 0.000018
431970 0.000019
431980 -0.000044
431990 -0.000043
432000 0.000016
432010 0.000010
432020 -0.000002
432030 0.000014
432040 -0.000007
432050 0.000006
432060 0.000012
432070 -0.000015
432080 0.000014
432090 -0.000001
432100 0.000017
432110 0.000007
432120 -0.001151
432130 0.000006
432140 -0.000018
432150 0.000005
432160 -0.000050
432170 0.000017
432180 -0.000078
432190 0.000012
432200 0.000008
432210 -0.000053
432220 0.000015
432230 0.000005
432240 0.000015
432250 0.000022
432260 0.000002
432270 -0.000038
432280 0.000015
432290 0.000014
432300 0.000010
432310 -0.000008
432320 0.000012
432330 0.000004
432340 -0.000107
432350 0.000016
432360 0.000011
432370 -0.001124
432380 0.000008
432390 -0.001132
432400 0.000020
432410 0.000006
432420 0.000010
432430 0.000015
432440 0.000008
432450 0.000198
432460 0.000013
432470 0.000016
432480 -0.000035
432490 0.000012
432500 -0.001106
432510 -0.000042
432520 0.000007
432530 0.000018
432540 0.000003
432550 -0.000043
432560 0.000015
432570 0.000016
432580 -0.000105
432590 0.000004
432600 0.000022
432610 -0.000022
432620 0.000017
432630 -0.000038
432640 0.000017
432650 0.000010
432660 0.000007
432670 0.000017
432690 -0.000042
432700 0.000001
432710 0.000098
432720 0.000018
432730 -0.000022
432740 0.000011
432750 -0.000005
432760 -0.000038
432770 -0.000029
432780 0.000008
432790 0.000011
432800 0.000019
432810 -0.000020
432820 0.000019
432830 0.000007
432840 0.000001
432860 0.000016
432870 -0.000046
432880 0.000016
432890 0.000015
432900 0.000017
432910 0.000018
432920 0.000005
432930 0.000016
432940 0.000009
432950 -0.000031
432960 0.000012
432970 0.000012
432980 -0.001103
432990 0.000003
433000 -0.000045
433010 -0.000038
433020 0.000009
433030 0.000013
433060 0.000017
433070 0.000020
433080 0.000015
433090 0.000019
433100 -0.000043
433110 0.000016
433120 -0.001401
433130 -0.000022
433140 0.000002
433150 0.000011
433160 0.000021
433170 0.000014
433180 0.000022
433190 0.000011
433200 0.000015
433210 -0.000039
433220 -0.000013
433230 -0.000043
433240 -0.000041
433250 -0.000001
433260 0.000001
433270 -0.000002
433280 0.000018
433290 0.000019
433300 -0.000043
433310 -0.000009
433320 -0.000000
433330 -0.000066
433340 -0.000047
433350 -0.000035
433360 0.000013
433370 -0.000027
433380 0.000011
433390 0.000018
433400 -0.000003
433410 -0.000045
433420 -0.000005
433430 0.000011
433440 0.000008
433450 0.000004
433460 -0.000007
433470 0.000017
433480 0.000011
433490 0.000014
433500 0.000006
433510 -0.000006
433520 0.000011
433530 0.000016
433540 0.000013
433550 0.000016
433560 -0.000047
433570 0.000019
433580 0.000012
433590 0.000017
433600 -0.000003
433610 0.000013
433620 0.000017
433630 -0.000004
433640 0.000013
433650 0.000011
433660 0.000018
433670 0.000020
433680 -0.000046
433690 0.000015
433700 0.000018
433710 -0.000049
433720 -0.000045
433730 -0.000020
433750 0.000003
433760 -0.000046
433770 -0.001185
433780 0.000004
433790 -0.000033
433800 -0.000004
433810 0.000013
433820 -0.000042
433830 0.000016
433840 -0.000026
433850 -0.000007
433860 0.000018
433870 0.000012
433880 0.000008
433890 -0.000001
433900 0.000014
433910 -0.000018
433920 -0.000040
433930 -0.001092
433940 -0.000039
433950 -0.000040
433960 -0.000037
433970 -0.001105
433980 0.000020
433990 -0.000053
434000 0.000020
434010 0.000014
434030 0.000014
434040 -0.000033
434050 0.000021
434060 0.000013
434070 0.000012
434080 -0.000018
434090 0.000011
434100 0.000016
434110 -0.001133
434120 -0.000000
434130 0.000010
434140 -0.000008
434150 0.000012
434160 0.000017
434170 -0.000044
434180 0.000007
434190 0.000013
434200 0.000006
434210 0.000004
434220 -0.000040
434230 0.000002
434240 0.000006
434250 0.000016
434260 0.000012
434270 0.000010
434280 -0.000040
434290 -0.000045
434300 -0.000028
434310 0.000017
434320 0.000019
434330 0.000011
434340 0.000016
434350 0.000014
434360 0.000009
434370 0.000006
434380 0.000026
434390 0.000016
434400 -0.000046
434410 0.000017
434420 0.000014
434430 0.000016
434440 0.000012
434450 0.000011
434460 -0.000046
434470 0.000014
434480 0.000012
434490 -0.000004
434500 0.000016
434510 -0.000008
434520 0.000022
434530 0.000014
434540 0.000006
434550 0.000015
434560 0.000013
434570 0.000033
434580 -0.000005
434600 -0.000067
434610 -0.000043
434620 0.000012
434630 -0.001117
434640 0.000016
434650 0.000011
434660 0.000005
434680 0.000001
434690 0.000016
434700 -0.000004
434710 -0.000043
434720 0.000015
434740 0.000021
434750 0.000015
434760 -0.001100
434770 0.000015
434780 0.000012
434790 0.000002
434800 -0.000035
434810 -0.000041
434820 0.000019
434830 0.000013
434840 -0.000010
434850 0.000008
434860 -0.000049
434870 0.000010
434880 0.000018
434890 0.000015
434900 -0.000005
434910 0.000012
434920 -0.001112
434930 0.000013
434940 0.000005
434950 0.000013
434960 -0.000041
434970 0.000018
434980 0.000016
434990 -0.000037
435000 -0.000031
435010 0.000011
435020 0.000018
435030 0.000003
435040 0.000020
435050 -0.000046
435070 0.000008
435080 0.000011
435090 0.000014
435100 0.000011
435110 0.000006
435120 -0.000030
435130 0.000016
435140 0.000020
435150 0.000017
435160 0.000008
435170 -0.000021
435180 0.000018
435190 0.000016
435200 -0.000036
435210 0.000018
435220 0.000016
435240 -0.000023
435250 -0.001074
435260 0.000007
435270 0.000021
435280 0.000006
435290 -0.000002
435300 -0.000022
435310 0.000020
435330 -0.001102
435340 -0.000009
435350 0.000013
435360 -0.000024
435370 -0.000046
435380 -0.000040
435390 0.000001
435400 0.000006
435410 0.000019
435420 0.000018
435430 0.000014
435440 0.000021
435450 0.000016
435460 -0.000055
435470 0.000008
435480 0.000018
435490 -0.000032
435500 -0.000114
435510 -0.001111
435520 0.000014
435530 0.000007
435540 -0.000007
435550 -0.000058
435560 0.001704
435570 -0.000041
435580 0.000018
435590 -0.000046
435600 0.000016
435610 0.000014
435620 0.000005
435630 0.000014
435640 -0.000040
435650 0.000014
435660 -0.000027
435670 0.000123
435680 -0.000047
435690 -0.000032
435700 0.000016
435710 -0.001099
435720 0.000019
435730 0.000013
435740 0.000006
435750 -0.000135
435760 0.000000
435770 0.000011
435780 -0.000040
435790 0.000015
435800 0.000001
435810 -0.000002
435820 0.000013
435830 -0.000021
435840 0.000016
435850 0.000013
435860 0.000012
435870 -0.000038
435890 0.000014
435900 0.000021
435910 0.000011
435920 0.000013
435930 -0.001039
435940 0.000012
435950 0.000004
435960 0.000011
435970 -0.000038
435980 0.000007
435990 -0.001102
436000 -0.001139
436020 0.000018
436030 0.000017
436040 0.000006
436050 0.000015
436060 0.000015
436070 -0.000045
436080 0.000009
436090 0.000013
436100 0.000006
436110 0.000013
436120 -0.000023
436130 0.000007
436140 0.000018
436150 0.000020
436160 -0.000041
436170 -0.000039
436180 0.000014
436190 -0.000039
436200 0.000015
436210 0.000007
436220 0.000004
436230 0.000015
436240 0.000036
436250 -0.000001
436260 0.000011
436270 -0.000010
436280 0.000004
436290 0.000011
436300 0.000007
436310 -0.000032
436320 0.000006
436330 0.000022
436340 -0.000024
436350 -0.000044
436360 0.000019
436370 0.000016
436380 0.000005
436390 0.000009
436400 -0.000011
436410 0.000012
436420 -0.000024
436430 0.000008
436440 -0.000043
436450 0.000007
436460 0.000019
436470 0.000007
436480 -0.000004
436490 -0.000048
436500 0.000001
436510 -0.000052
436520 0.000011
436530 -0.000027
436540 0.000010
436550 0.000012
436560 0.000013
436570 -0.001088
436580 0.000008
436590 0.000016
436600 0.000012
436610 -0.000041
436630 0.000020
436640 0.000015
436650 0.000025
436660 0.000008
436670 -0.000052
436680 -0.000040
436690 -0.000039
436700 -0.000042
436710 -0.000027
436720 0.000006
436730 0.000012
436740 -0.000006
436750 0.000005
436770 0.000012
436790 0.000009
436800 0.000053
436810 0.000014
436820 -0.000012
436830 0.000012
436840 -0.000026
436850 -0.001061
436870 0.000019
436880 0.000004
436890 0.000018
436900 0.000005
436920 -0.000039
436930 -0.000014
436940 0.000015
436950 0.000014
436970 0.000021
436980 0.000002
436990 0.000015
437000 0.000009
437010 0.000016
437020 0.000246
437030 -0.001094
437040 0.000005
437050 0.000017
437060 0.000009
437070 0.000002
437080 0.000010
437090 0.000021
437100 0.000009
437110 -0.001060
437120 -0.000050
437130 0.000007
437140 -0.000044
437150 0.000022
437160 -0.000043
437170 0.000017
437180 0.000026
437190 -0.000008
437200 0.000007
437210 0.000013
437230 0.000016
437240 -0.001080
437250 0.000124
437260 0.000014
437280 0.000022
437290 0.000005
437300 0.000019
437310 0.000001
437320 -0.001085
437330 0.000004
437340 0.000019
437350 0.000022
437360 -0.000007
437370 -0.001138
437380 0.000015
437390 0.000011
437410 0.000019
437420 0.000013
437430 -0.000036
437440 -0.000035
437460 0.000004
437470 0.000007
437480 0.000008
437490 -0.000029
437510 0.000017
437520 -0.000045
437530 -0.000037
437540 -0.000008
437550 0.000020
437560 0.000012
437570 0.000014
437580 -0.000023
437590 0.000015
437600 -0.000000
437610 0.000009
437620 0.000013
437630 0.000013
437640 -0.000002
437650 0.000011
437660 -0.000002
437670 -0.000002
437680 -0.000004
437690 0.000015
437700 0.000019
437720 0.000015
437730 0.000011
437740 0.000013
437750 0.000010
437760 0.000012
437770 0.000013
437780 0.000016
437790 -0.000044
437800 -0.000046
437810 -0.000026
437820 0.000012
437830 0.000021
437840 -0.000048
437850 0.000012
437860 0.000013
437870 0.000017
437880 0.000006
437890 0.000024
437900 0.000001
437910 0.000015
437920 -0.000026
437930 0.000018
437940 0.000015
437950 0.000006
437960 0.000014
437970 -0.000043
437980 0.000008
437990 0.000010
438000 0.000006
438010 0.000014
438020 0.000010
438030 -0.000017
438040 0.000014
438050 -0.000031
438060 0.000002
438070 -0.001175
438080 0.000011
438090 0.000025
438100 -0.000998
438130 0.000017
438140 0.000017
438150 0.000012
438170 0.000015
438180 0.000010
438200 0.000012
438210 0.000008
438230 -0.000005
438240 -0.000044
438250 0.000012
438260 0.000012
438270 0.000010
438280 0.000013
438290 0.000021
438300 -0.000039
438310 0.000019
438320 0.000021
438330 -0.000032
438340 0.000017
438350 0.000004
438360 0.000009
438370 0.000020
438380 0.000022
438390 0.000007
438400 0.000019
438410 0.000013
438420 -0.000004
438430 0.000018
438440 0.000011
438450 0.000015
438460 -0.000043
438470 -0.000018
438480 0.000016
438490 0.000014
438500 -0.000001
438510 0.000025
438520 0.000007
438530 0.000019
438540 0.000013
438550 -0.001088
438560 0.000021
438590 0.000010
438600 -0.000007
438610 0.000014
438620 0.000013
438630 0.000020
438640 0.000011
438650 0.000023
438660 0.000009
438670 0.000013
438680 0.000011
438690 -0.000048
438700 -0.001134
438710 -0.000039
438720 0.000016
438730 0.000009
438740 -0.001190
438750 0.000011
438760 0.000017
438770 0.000011
438780 0.000009
438790 -0.000053
438800 0.000010
438810 -0.000038
438820 -0.000005
438830 0.000014
438840 0.000010
438850 0.000015
438860 0.000016
438870 0.000021
438880 0.000008
438890 0.000009
438900 0.000007
438910 -0.001057
438920 0.000019
438930 0.000003
438940 0.000007
438950 0.000019
438960 0.000017
438970 0.000021
438980 0.000008
438990 -0.000041
439010 -0.000000
439020 0.000022
439030 0.000005
439040 -0.000012
439050 0.000011
439060 0.000011
439070 -0.000048
439080 0.000014
439090 0.000017
439100 -0.000029
439110 -0.000036
439120 0.000012
439130 0.000019
439140 -0.001154
439150 0.000009
439160 0.000007
439170 -0.000009
439180 0.000010
439190 -0.001113
439200 -0.000048
439210 0.000013
439220 0.000003
439230 -0.000038
439240 0.000012
439250 -0.001092
439260 0.000015
439270 0.000021
439280 0.000013
439290 0.000011
439300 0.000018
439310 0.000010
439320 0.000009
439330 0.000019
439340 0.000001
439350 -0.000014
439360 -0.000044
439380 0.000014
439390 0.000016
439400 0.000014
439410 0.000013
439420 0.000005
439430 0.000012
439440 -0.000045
439450 -0.000020
439460 0.000008
439470 0.000010
439480 0.000012
439490 0.000018
439500 -0.000032
439510 0.000015
439520 0.000006
439530 0.000001
439540 0.000015
439550 0.000014
439560 0.000008
439570 0.000085
439580 -0.000047
439590 0.000011
439600 0.000007
439610 -0.000038
439620 -0.000046
439630 0.000019
439650 0.000011
439660 0.000005
439670 0.000026
439680 0.000015
439690 0.000005
439700 0.000020
439710 0.000014
439720 0.000014
439730 0.000006
439740 0.000008
439750 0.000023
439760 -0.001112
439770 0.000000
439780 0.000009
439790 -0.000001
439800 0.000022
439820 0.000016
439830 0.000018
439850 0.000016
439860 0.000017
439870 -0.000044
439880 0.000003
439890 -0.000942
439900 0.000007
439910 0.000016
439920 0.000005
439930 0.000019
439940 -0.000036
439950 0.000007
439970 0.000020
439980 0.000001
439990 0.000007
440000 0.000010
440010 0.000017
440020 -0.000021
440040 0.000015
440050 -0.000091
440060 -0.000009
440070 0.000012
440080 -0.000025
440090 -0.001080
440100 0.000002
440110 0.000017
440120 0.000014
440140 0.000017
440150 -0.001086
440160 -0.001094
440170 0.000010
440180 0.000011
440190 0.000012
440200 0.000017
440210 0.000022
440220 -0.000017
440230 0.000013
440240 0.000007
440250 -0.000098
440260 -0.000054
440270 0.000016
440280 -0.000039
440290 -0.000051
440300 -0.000024
440310 0.000021
440320 0.000016
440330 0.000015
440340 -0.000053
440350 -0.000030
440360 -0.000025
440370 -0.000040
440380 0.000012
440390 0.000009
440400 0.000024
440410 0.000018
440420 0.000004
440430 0.000007
440440 0.000016
440450 -0.000045
440460 0.000010
440470 0.000014
440480 0.000012
440490 -0.000014
440500 0.000013
440510 0.000216
440520 -0.000040
440530 0.000001
440550 -0.000040
440560 0.000003
440570 -0.001089
440580 0.000016
440590 0.000010
440600 0.000015
440610 -0.001008
440620 0.000014
440630 -0.000043
440640 0.000006
440650 0.000013
440660 0.000002
440670 -0.000897
440680 0.000005
440690 0.000017
440700 -0.000034
440710 0.000017
440720 0.000015
440730 -0.001442
440740 0.000008
440750 0.000018
440760 0.000014
440770 0.000012
440780 0.000015
440790 -0.000047
440800 0.000011
440810 0.000019
440820 0.000042
440830 -0.000006
440840 0.000019
440860 -0.000050
440870 -0.000020
440880 0.000010
440890 0.000007
440900 0.000005
440910 0.000014
440920 0.000005
440930 0.000020
440940 0.000012
440950 0.000017
440960 0.000014
440970 0.000005
440980 -0.000044
440990 0.000011
441000 -0.000032
441010 0.000003
441020 -0.000107
441030 0.000013
441040 0.000018
441060 0.000021
441070 -0.000042
441080 0.000013
441090 -0.000034
441100 0.000015
441110 0.000009
441120 -0.000050
441130 0.000018
441140 0.000017
441150 0.000014
441170 0.000015
441180 -0.000033
441190 0.000012
441200 0.000017
441210 0.000013
441220 0.000012
441230 0.000016
441240 -0.000002
441250 0.000019
441260 0.000014
441270 -0.000031
441280 -0.000003
441290 0.000015
441300 -0.000016
441310 0.000013
441320 -0.000021
441330 -0.001114
441340 0.000020
441350 0.000020
441360 -0.001302
441370 0.000019
441380 0.000009
441390 0.000016
441400 0.000021
441410 0.000026
441430 -0.000005
441440 -0.000009
441450 0.000016
441460 -0.000005
441470 0.000003
441480 -0.000047
441490 0.000012
441500 -0.000001
441510 -0.001183
441520 0.000009
441530 0.000016
441550 0.000015
441560 0.000013
441570 -0.001142
441580 0.000001
441590 0.000006
441600 -0.001103
441610 -0.000049
441620 0.000017
441630 0.000014
441640 0.000000
441650 0.000011
441660 -0.001266
441670 0.000017
441680 0.000010
441690 0.000023
441700 -0.000001
441710 0.000017
441720 0.000022
441730 0.000013
441740 0.000018
441750 0.000014
441770 0.000006
441780 -0.000009
441790 0.000001
441800 0.000016
441810 -0.000001
441820 0.000018
441830 0.000013
441840 -0.000022
441850 0.000009
441860 0.000014
441870 0.000012
441880 0.000017
441890 0.000015
441900 0.000009
441910 0.000007
441920 0.000007
441930 -0.000027
441940 0.000014
441950 0.000002
441960 -0.000050
441970 0.000012
441980 -0.000032
441990 0.000015
442000 0.000021
442010 0.000001
442020 0.000013
442030 0.000009
442040 -0.000032
442050 0.000005
442070 0.000018
442080 -0.000000
442090 -0.001020
442100 0.000017
442110 -0.000034
442120 0.000012
442130 0.000019
442140 0.000005
442150 0.000020
442160 0.000009
442170 0.000010
442180 0.000021
442190 0.000008
442200 -0.000091
442210 0.000019
442220 0.000020
442230 0.000011
442240 0.000004
442250 -0.000054
442260 0.000015
442270 0.000012
442280 -0.000003
442290 -0.000045
442300 -0.001061
442310 0.000005
442320 0.000019
442330 0.000013
442340 -0.001498
442350 0.000011
442360 -0.000035
442370 0.000019
442380 0.000017
442390 0.000007
442400 -0.000001
442410 -0.000048
442420 0.000012
442430 0.000007
442440 0.000016
442450 0.000018
442460 0.000015
442470 0.000007
442480 0.000015
442490 0.000017
442500 0.000012
442510 0.000011
442520 -0.001261
442530 0.000013
442540 0.000001
442550 -0.000048
442560 0.000006
442570 0.000002
442580 -0.000011
442590 -0.000018
442600 -0.000041
442610 -0.001181
442620 0.000014
442630 -0.000024
442640 -0.000023
442650 -0.000002
442660 0.000017
442670 -0.001145
442680 0.000054
442690 0.000018
442700 -0.000100
442710 0.000015
442720 -0.000041
442730 0.000017
442740 0.000014
442750 -0.000005
442760 0.000015
442770 0.000007
442780 -0.000103
442790 0.000015
442800 0.000015
442810 -0.000019
442830 -0.000104
442840 0.000010
442850 0.000012
442860 0.000019
442870 0.000018
442880 0.000019
442900 -0.001105
442910 -0.000003
442920 0.000007
442930 0.000004
442940 -0.000011
442950 -0.000079
442960 0.000004
442970 0.000037
442980 0.000010
442990 0.000017
443000 0.000018
443010 0.000025
443020 -0.000021
443030 0.000018
443040 0.000016
443050 0.000007
443060 0.000013
443070 0.000006
443080 0.000015
443090 0.000017
443100 -0.000038
443120 0.000012
443130 -0.001109
443150 -0.000016
443160 -0.000003
443170 0.000020
443180 0.000015
443190 -0.000027
443200 0.000015
443210 0.000014
443220 -0.001159
443230 0.000006
443240 0.000010
443250 -0.000003
443260 0.000016
443270 -0.000001
443290 -0.000034
443300 0.000009
443320 0.000015
443330 0.000022
443340 0.000017
443350 0.000023
443360 0.000012
443370 0.000013
443380 -0.001112
443400 0.000022
443410 -0.001109
443420 -0.000028
443430 0.000016
443440 0.000014
443450 0.000011
443460 0.000014
443470 0.000020
443480 -0.000043
443490 0.000019
443500 0.000005
443510 0.000017
443520 0.000016
443530 -0.000044
443540 -0.000046
443550 0.000007
443560 -0.001192
443570 0.000013
443580 0.000006
443590 -0.000037
443600 0.000003
443610 0.000013
443620 -0.000027
443640 -0.000040
443650 0.000016
443660 0.000012
443680 0.000008
443690 0.000013
443700 0.000022
443710 -0.000010
443720 0.000018
443730 -0.000011
443750 0.000015
443760 0.000018
443770 -0.000010
443780 -0.001082
443790 0.000011
443800 0.000034
443810 -0.001126
443820 0.000021
443830 0.000016
443850 0.000012
443860 0.000009
443870 0.000002
443880 -0.001056
443890 -0.000041
443900 0.000015
443910 -0.000036
443920 -0.000003
443930 0.000011
443940 -0.000027
443950 0.000010
443960 0.000017
443970 -0.001285
443980 -0.000015
443990 -0.000017
444010 -0.000044
444020 0.000011
444030 -0.000039
444040 -0.001279
444050 0.000013
444060 0.000011
444070 -0.000003
444080 0.000020
444090 0.000015
444100 0.000014
444110 0.000010
444120 -0.000047
444130 0.000012
444140 0.000011
444150 0.000014
444160 -0.001054
444170 -0.000108
444180 0.000015
444190 0.000008
444200 0.000723
444210 -0.000004
444220 0.000015
444230 0.000009
444240 0.000016
444250 0.000002
444260 0.000010
444270 0.000016
444280 0.000016
444290 0.000019
444300 -0.001171
444310 0.000015
444320 0.000014
444330 0.000022
444340 0.000020
444350 0.000019
444360 0.000013
444370 0.000019
444380 0.000013
444390 -0.000031
444400 0.000020
444410 0.000010
444420 0.000011
444440 -0.000056
444450 0.000015
444460 0.000014
444470 0.000015
444480 0.000014
444490 0.000015
444500 -0.000029
444520 0.000009
444530 0.000006
444550 0.000013
444560 0.000019
444570 0.000015
444580 -0.000046
444590 0.000007
444600 -0.001113
444610 0.000009
444620 0.000003
444630 0.000006
444640 0.000016
444650 -0.000006
444660 -0.001126
444670 0.000009
444680 0.000015
444690 0.000012
444700 -0.000035
444710 -0.000038
444720 0.000008
444730 0.000007
444740 -0.000044
444750 0.000015
444760 -0.000106
444770 0.000017
444780 0.000021
444790 0.000021
444800 0.000009
444810 0.000019
444820 -0.001118
444840 0.000013
444850 -0.001108
444860 0.000006
444870 0.000009
444880 0.000018
444890 0.000008
444900 -0.001147
444910 -0.000035
444920 -0.000042
444930 0.000023
444940 -0.000021
444950 -0.000935
444960 0.000018
444970 0.000012
444980 0.000019
444990 -0.000042
445000 0.000015
445010 0.000017
445020 -0.000045
445030 -0.000047
445040 0.000009
445050 -0.000025
445060 0.000017
445070 0.000014
445080 -0.000008
445090 0.000000
445100 0.000011
445110 0.000006
445120 0.000018
445130 -0.000044
445140 -0.000039
445150 0.000007
445160 -0.000018
445170 0.000000
445180 0.000013
445190 -0.001278
445200 -0.000040
445210 -0.000189
445220 0.000008
445230 -0.000003
445240 -0.000040
445250 0.000014
445260 0.000012
445270 0.000015
445280 -0.000998
445290 0.000013
445300 0.000014
445310 0.000007
445320 -0.000044
445330 0.000009
445340 0.000018
445350 0.000014
445360 0.000014
445370 0.000013
445380 -0.000043
445390 0.000018
445400 0.000005
445420 -0.000032
445430 -0.000043
445440 0.000021
445450 0.000018
445460 0.000007
445470 0.000016
445480 0.000007
445490 0.000016
445500 0.000007
445510 0.000017
445520 0.000015
445530 0.000013
445540 -0.000051
445550 0.000002
445560 0.000014
445570 0.000015
445580 0.000013
445590 -0.001145
445600 0.000020
445610 0.000017
445620 -0.000010
445630 0.000000
445640 0.000009
445650 0.000033
445660 0.000008
445670 0.000018
445680 0.000001
445690 0.000026
445700 0.000017
445710 0.000008
445720 -0.000038
445730 0.000014
445740 0.000020
445750 -0.000017
445760 0.000020
445770 -0.000047
445780 -0.000020
445790 0.000018
445800 -0.001099
445810 -0.000034
445820 0.000021
445830 0.000014
445840 0.000016
445850 0.000011
445860 0.000018
445870 0.000011
445880 -0.000051
445890 0.000013
445900 -0.000048
445910 0.000016
445920 0.000010
445930 0.000013
445940 -0.000050
445950 0.000013
445960 0.000008
445970 0.000018
445980 -0.001047
445990 0.000003
446000 -0.000041
446010 -0.000037
446020 0.000009
446030 -0.000040
446040 0.000019
446050 0.000011
446080 -0.000045
446100 0.000038
446110 0.000015
446120 0.000013
446130 -0.000160
446140 0.000010
446150 0.000012
446170 -0.000097
446190 0.000012
446200 0.000029
446210 0.000012
446220 0.000014
446230 -0.000003
446240 -0.000014
446250 0.000004
446260 0.000017
446270 0.000014
446280 0.000016
446290 0.000018
446300 0.000000
446310 0.000014
446320 0.000006
446330 0.000004
446340 0.000009
446350 0.000016
446360 0.000012
446370 0.000015
446380 -0.000010
446390 -0.000008
446400 -0.000049
446410 -0.000049
446420 -0.000048
446450 0.000014
446460 0.000014
446470 0.000042
446480 -0.000098
446490 0.000015
446500 -0.000001
446510 0.000020
446520 0.000011
446530 0.000005
446540 -0.001115
446550 0.000012
446560 -0.000016
446570 0.000015
446580 0.000011
446590 -0.000017
446600 -0.000058
446610 -0.000039
446620 0.000017
446630 0.000209
446640 0.000012
446650 0.000014
446660 0.000005
446670 0.000016
446680 0.000004
446690 0.000012
446700 0.000017
446710 0.000014
446720 0.000011
446730 0.000012
446740 -0.000012
446760 0.000004
446770 0.000003
446780 0.000011
446790 0.000011
446810 0.000005
446820 0.000012
446830 -0.000004
446840 0.000021
446850 0.000002
446860 -0.000013
446870 -0.000037
446880 0.000020
446890 0.000012
446900 0.000020
446910 0.000013
446920 -0.000036
446930 -0.000006
446940 0.000017
446950 0.000011
446960 -0.001162
446970 0.000019
446990 0.000012
447000 0.000016
447010 0.000015
447020 0.000009
447030 -0.000034
447040 -0.000008
447050 0.000014
447060 0.000013
447070 0.000006
447080 0.000018
447090 0.000013
447100 -0.001072
447110 0.000008
447120 0.000002
447130 -0.000040
447140 0.000005
447150 -0.000018
447160 0.000012
447170 0.000020
447180 0.000019
447190 -0.000994
447200 0.000014
447210 0.000013
447220 -0.000043
447230 -0.000012
447240 -0.000033
447250 -0.001233
447260 -0.000041
447270 0.000015
447280 0.000004
447290 0.000012
447300 0.000015
447310 0.000021
447320 -0.000042
447330 0.000014
447340 0.000005
447350 0.000017
447360 -0.000001
447370 0.000015
447380 0.000015
447390 0.000017
447400 0.000015
447410 -0.000030
447420 0.000002
447430 -0.001171
447440 0.000009
447450 -0.000025
447460 0.000016
447470 0.000013
447480 0.000011
447490 0.000015
447500 0.000002
447510 -0.000044
447520 0.000007
447530 0.000005
447540 0.000016
447550 0.000006
447560 0.000009
447570 0.000019
447580 0.000019
447590 0.000013
447600 0.000015
447610 -0.000005
447620 -0.000009
447630 0.000020
447640 0.000016
447650 0.000015
447660 0.000017
447670 0.000010
447680 0.000008
447690 0.000013
447700 -0.000045
447710 0.000016
447720 0.000015
447730 0.000011
447740 0.000016
447750 -0.000057
447760 -0.000110
447770 -0.000046
447780 0.000008
447790 0.000002
447800 0.000016
447810 0.000014
447820 -0.000043
447830 0.000017
447840 0.000015
447850 0.000017
447860 0.000016
447870 0.000009
447890 0.000015
447900 -0.000056
447910 0.000017
447920 0.000003
447930 -0.000051
447940 0.000006
447950 0.000003
447960 -0.000045
447970 0.000020
447980 0.000010
447990 0.000014
448000 0.000014
448010 -0.000045
448020 0.000013
448030 -0.000110
448040 0.000010
448050 0.000005
448060 0.000466
448070 0.000006
448080 0.000020
448090 0.000008
448100 0.000038
448110 0.000018
448120 0.000019
448130 0.000013
448140 -0.000012
448150 -0.000035
448160 -0.001060
448170 0.000020
448180 -0.001113
448190 0.000006
448200 -0.000032
448220 -0.000100
448230 0.000016
448240 -0.001109
448250 0.000018
448260 0.000014
448270 0.000011
448280 0.000017
448290 0.000010
448300 -0.001117
448310 -0.001090
448320 0.000017
448330 0.000012
448340 -0.001085
448350 0.000010
448360 0.000013
448370 0.000011
448380 0.000011
448390 0.000004
448400 0.000014
448410 0.000006
448420 -0.000028
448430 0.000008
448440 0.000010
448450 -0.000028
448460 0.000016
448470 0.000011
448480 -0.000013
448490 0.000002
448500 0.000019
448510 0.000005
448520 -0.000030
448530 0.000015
448540 0.000011
448550 -0.001090
448560 0.000020
448580 -0.000003
448590 0.000018
448600 -0.000015
448610 -0.000045
448620 0.000018
448630 0.000012
448640 0.000006
448650 0.000019
448660 0.000009
448670 0.000002
448680 0.000018
448690 -0.001193
448700 0.000014
448710 0.000014
448720 0.000008
448730 0.000018
448740 0.000010
448750 0.000020
448760 -0.000053
448770 -0.001076
448780 0.000012
448790 -0.000018
448800 0.000013
448810 -0.000041
448820 -0.000004
448830 0.000007
448840 -0.000035
448850 -0.000105
448860 0.000006
448870 0.000008
448880 0.000012
448890 -0.001100
448900 0.000009
448910 0.000009
448920 0.000017
448930 -0.000045
448940 0.000002
448950 0.000013
448960 -0.000852
448970 -0.000001
448980 0.000019
448990 0.000013
449000 -0.000026
449010 0.000012
449020 0.000008
449030 0.000018
449040 0.000005
449050 0.000010
449060 0.000012
449070 -0.000036
449080 0.000017
449100 0.000013
449110 -0.000045
449120 -0.000041
449130 0.000016
449140 0.000015
449150 0.000018
449160 0.000012
449170 0.000011
449180 0.000019
449190 0.000001
449200 0.000018
449210 -0.000005
449220 0.000014
449230 0.000029
449240 -0.000105
449250 -0.000006
449260 -0.000009
449280 0.000017
449290 0.000004
449300 0.000009
449310 -0.000024
449320 0.000011
449330 0.000016
449340 -0.000037
449350 0.000022
449360 0.000010
449370 -0.000041
449380 -0.000014
449390 0.000014
449400 0.000017
449410 -0.000033
449420 0.000008
449430 0.000015
449440 0.000004
449450 0.000023
449460 -0.000042
449470 0.000022
449480 -0.000004
449490 0.000021
449500 -0.001069
449510 0.000007
449520 0.000006
449530 -0.000012
449540 0.000008
449550 0.000018
449560 0.000002
449570 0.000018
449580 -0.000001
449590 0.000021
449600 0.000010
449610 -0.000039
449620 -0.000057
449630 0.000018
449640 0.000012
449650 0.000017
449660 0.000014
449670 0.000016
449680 0.000017
449690 0.000017
449700 0.000009
449710 0.000001
449720 0.000013
449730 0.000008
449740 -0.000009
449750 0.000008
449760 0.000019
449770 -0.000021
449780 -0.000046
449790 -0.000040
449800 -0.001103
449810 0.000021
449820 0.000012
449830 -0.000044
449840 0.000012
449850 -0.000048
449860 0.000015
449870 0.000019
449880 0.000010
449890 0.000000
449900 0.000011
449910 0.000024
449920 -0.000047
449930 0.000016
449940 0.000013
449950 -0.000011
449960 0.000009
449980 0.000016
449990 -0.000006
450000 -0.000006
450010 -0.000000
450020 -0.000026
450030 -0.000987
450040 -0.000049
450050 0.000015
450060 -0.000006
450070 -0.000002
450080 -0.000034
450090 0.000010
450100 0.000013
450110 0.000009
450120 -0.000028
450130 0.000017
450140 0.000012
450150 -0.000041
450160 0.000007
450170 -0.001052
450180 0.000011
450190 0.000018
450210 0.000008
450220 0.000013
450230 0.000020
450240 0.000016
450250 -0.001110
450260 0.000006
450270 0.000013
450280 -0.000032
450290 0.000005
450300 0.000004
450310 0.000002
450320 0.000013
450330 0.000014
450340 -0.000042
450350 -0.000003
450360 -0.001097
450370 0.000016
450390 -0.000007
450400 -0.000041
450410 -0.000002
450420 0.000021
450430 0.000011
450440 -0.000004
450460 -0.001111
450470 0.000008
450480 -0.000003
450490 0.000009
450510 0.000019
450520 -0.000044
450530 0.000015
450540 0.000015
450550 0.000021
450560 0.000142
450570 -0.000037
450580 -0.000005
450590 0.000008
450600 -0.000047
450610 -0.001046
450620 0.000022
450630 0.000014
450640 -0.000002
450650 -0.000013
450660 -0.000104
450670 0.000003
450680 0.000010
450690 0.000018
450700 0.000014
450710 -0.000028
450720 0.000013
450730 0.000019
450740 -0.000046
450760 -0.000003
450770 -0.000029
450780 0.000012
450790 0.000016
450800 0.000022
450810 0.000013
450820 0.000003
450830 0.000008
450840 -0.000044
450860 0.000019
450880 0.000008
450890 -0.000043
450900 0.000012
450910 -0.001055
450920 0.000027
450930 -0.001080
450940 -0.000046
450950 -0.000007
450970 0.000026
450980 0.000013
450990 0.000013
451000 0.000015
451010 0.000016
451020 0.000005
451030 -0.000038
451040 -0.000020
451050 0.000013
451060 0.000012
451070 0.000015
451080 0.000020
451090 -0.000038
451100 -0.000045
451110 0.000018
451130 0.000019
451150 0.000021
451160 0.000018
451170 -0.000035
451180 0.000002
451190 -0.001154
451200 0.000981
451210 0.000012
451220 0.000002
451230 -0.000021
451240 -0.000041
451250 0.000019
451260 0.000008
451270 0.000019
451280 -0.000002
451290 0.000014
451300 0.000003
451310 0.000007
451320 0.000010
451330 0.000020
451340 -0.000114
451350 0.001989
451360 0.000004
451370 -0.000011
451380 -0.000001
451390 0.000009
451400 -0.000053
451410 0.000005
451420 0.000013
451430 0.000001
451440 0.000013
451450 0.000008
451460 0.000017
451470 0.000012
451480 -0.000051
451490 0.000013
451500 0.000021
451510 0.000007
451520 -0.000019
451530 0.000012
451540 0.000003
451560 0.000008
451570 0.000020
451580 -0.000908
451590 -0.000008
451600 0.000016
451610 -0.000042
451620 0.000006
451630 0.000013
451640 0.000018
451650 0.000015
451660 0.000021
451670 -0.000041
451680 -0.000037
451690 0.000015
451700 0.000015
451710 -0.000025
451720 0.000014
451730 0.000018
451740 0.000016
451750 0.000014
451760 0.000016
451770 0.000009
451780 0.000009
451790 0.000013
451800 0.000001
451810 0.000011
451820 0.000010
451830 -0.001158
451840 0.000018
451850 0.000014
451860 0.000011
451870 -0.000003
451880 0.000013
451890 0.000007
451900 -0.000035
451910 0.000017
451920 0.000004
451930 0.000018
451940 0.000012
451960 0.000016
451970 -0.000045
451980 -0.001111
451990 -0.000055
452000 0.000020
452010 0.000018
452020 0.000002
452030 -0.000045
452040 0.000015
452050 -0.000041
452060 0.000001
452070 0.000011
452080 0.000211
452090 0.000018
452100 -0.000042
452110 0.000013
452120 0.000014
452130 -0.000011
452140 0.000010
452150 0.000018
452160 -0.000012
452170 -0.000042
452180 0.000004
452190 -0.000012
452210 0.000006
452220 0.000021
452230 0.000014
452240 0.000017
452250 0.000010
452260 0.000007
452270 0.000023
452280 0.000012
452290 0.000021
452300 0.000021
452310 0.000017
452320 -0.000006
452330 -0.001079
452340 0.000020
452360 0.000021
452370 -0.001081
452380 0.000011
452390 0.000016
452410 -0.000042
452420 0.000001
452440 0.000016
452450 -0.000032
452460 0.000000
452470 -0.000054
452480 0.000015
452490 -0.000042
452500 0.000021
452510 0.000020
452520 -0.000107
452530 0.000013
452540 -0.000009
452550 -0.000033
452560 0.000013
452570 0.000011
452580 -0.000013
452590 0.000004
452600 0.000010
452630 -0.000039
452640 -0.000092
452650 0.000008
452660 0.000018
452670 0.000014
452690 0.000016
452700 0.000016
452710 0.000019
452720 0.000005
452740 0.000017
452750 0.000017
452760 0.000017
452770 0.000016
452780 -0.000012
452790 -0.000965
452800 0.000009
452810 0.000006
452820 0.000011
452830 -0.001196
452840 0.000010
452850 -0.000040
452860 -0.001187
452870 0.000011
452880 0.000003
452890 -0.000046
452900 0.000014
452910 -0.000121
452920 -0.000050
452930 0.000016
452940 -0.000032
452950 0.000013
452960 -0.001089
452970 -0.000017
452980 0.000014
452990 0.000016
453000 0.000011
453010 0.000026
453020 0.000018
453030 -0.001042
453040 0.000015
453050 0.000019
453060 0.000014
453070 0.000001
453080 0.000011
453090 0.000022
453100 0.000019
453110 0.000005
453120 0.000016
453130 -0.000004
453140 0.000012
453150 -0.000032
453160 0.000019
453170 0.000015
453180 0.000009
453190 -0.000007
453200 -0.000038
453210 0.000004
453220 -0.000018
453230 -0.000023
453240 -0.000043
453250 0.000016
453260 -0.000056
453270 -0.001030
453280 -0.001073
453290 0.000022
453300 0.000019
453310 0.000020
453320 0.000011
453330 -0.000100
453340 0.000015
453350 0.000015
453360 0.000018
453370 0.000009
453380 0.000015
453390 0.000011
453400 0.000008
453410 -0.000023
453420 -0.000047
453430 0.000014
453440 -0.000005
453450 -0.000026
453460 0.000021
453470 0.000017
453480 0.000016
453490 0.000015
453500 0.000013
453510 -0.000044
453520 0.000001
453530 -0.001333
453540 -0.000043
453550 0.000013
453560 0.000017
453570 0.000019
453580 0.000000
453590 -0.000034
453600 -0.001286
453610 0.000020
453620 0.000014
453630 -0.000030
453640 0.000009
453660 0.000011
453670 0.000013
453680 0.000005
453690 0.000012
453700 0.000020
453710 -0.000023
453720 0.000019
453730 -0.001103
453740 0.000017
453760 0.000001
453770 0.000006
453780 0.000009
453790 0.000004
453800 0.000024
453810 0.000013
453820 0.000015
453830 0.000008
453840 0.000008
453850 0.000003
453860 -0.000957
453870 -0.000034
453880 0.000006
453890 0.000008
453900 0.000006
453910 -0.000025
453920 0.000013
453930 0.000014
453940 0.000016
453950 -0.001066
453960 -0.000021
453970 0.000005
453980 0.000016
453990 -0.000040
454000 0.000013
454010 0.000011
454020 0.000002
454040 0.000014
454050 -0.000004
454060 0.000016
454070 0.000019
454080 0.000018
454090 0.000007
454100 0.000014
454110 0.000012
454120 -0.000103
454130 0.000015
454140 -0.001081
454150 -0.000000
454160 -0.001099
454170 0.000014
454180 0.000005
454190 0.000012
454200 0.000020
454210 0.000010
454220 -0.000037
454230 0.000018
454240 0.000014
454250 0.000017
454260 0.000002
454270 -0.000731
454280 0.000020
454290 0.000005
454300 0.000016
454310 -0.000048
454320 -0.000064
454330 0.000011
454340 0.000017
454350 0.000006
454360 0.000015
454370 0.000014
454380 -0.000036
454390 0.000006
454400 -0.000048
454410 0.000014
454420 0.000078
454440 -0.000053
454450 0.000010
454460 -0.000041
454470 0.000015
454480 0.000004
454490 0.000009
454500 0.000021
454510 0.000016
454520 -0.001133
454530 0.000013
454540 0.000008
454550 0.000017
454560 0.000019
454570 0.000013
454580 -0.000014
454590 0.000017
454600 -0.000003
454620 0.000021
454630 0.000009
454640 0.000013
454650 -0.000042
454660 -0.000030
454670 0.000014
454680 0.000017
454690 0.000015
454700 -0.001211
454710 -0.000047
454720 0.000012
454730 0.000001
454740 0.000018
454760 0.000016
454770 -0.000015
454780 -0.000039
454790 -0.000032
454800 0.000015
454810 0.000009
454820 0.000011
454830 0.000020
454840 0.000025
454850 0.000014
454860 0.000021
454870 0.000021
454880 -0.000046
454890 -0.000011
454900 0.000012
454910 -0.000046
454920 0.000017
454930 -0.000932
454940 0.000378
454950 0.000012
454960 0.000014
454970 0.000011
454980 0.000011
454990 0.000021
455000 -0.000020
455010 0.000013
455020 -0.000045
455040 0.000021
455050 -0.000071
455060 0.000025
455070 0.000016
455080 0.000021
455090 -0.001188
455100 0.000020
455110 -0.001113
455120 0.000009
455130 0.000016
455140 0.000011
455150 -0.000046
455160 0.000004
455170 0.000019
455180 -0.000003
455190 0.000017
455200 0.000007
455210 0.000017
455220 -0.001271
455230 -0.000009
455240 0.000018
455250 0.000008
455260 0.000014
455270 0.000004
455280 0.000016
455290 0.000024
455300 0.000012
455310 0.000015
455320 0.000009
455330 0.000016
455350 -0.000003
455360 0.000009
455370 0.000011
455380 0.000013
455390 0.000014
455400 0.000018
455410 0.000011
455420 0.000015
455430 0.000013
455440 0.000015
455450 0.000005
455460 -0.000000
455470 0.000013
455480 -0.000019
455490 -0.000958
455500 -0.000064
455510 -0.000040
455520 -0.000046
455530 -0.000116
455540 0.000013
455550 0.000020
455560 0.000001
455570 -0.000003
455580 0.000019
455590 0.000002
455600 -0.000097
455620 -0.000045
455630 -0.001251
455640 0.000005
455650 -0.000042
455660 0.000010
455670 0.000017
455680 0.000008
455690 0.000010
455700 0.000012
455710 0.000013
455720 0.000015
455730 0.000007
455750 -0.000034
455760 -0.000047
455770 0.000019
455780 0.000019
455790 -0.000101
455800 -0.001159
455810 0.000013
455820 0.000016
455830 -0.001056
455840 0.000001
455850 0.000014
455860 -0.000030
455870 0.000013
455880 0.000013
455890 0.000017
455900 0.000006
455910 0.000018
455920 0.000016
455930 0.000001
455940 0.000014
455950 0.000022
455960 -0.000044
455970 0.000012
455980 0.000017
455990 0.000014
456000 -0.000035
456010 0.000019
456020 -0.000030
456030 0.000015
456040 0.000018
456050 -0.001132
456060 0.000012
456070 0.000012
456080 0.000016
456090 0.000018
456100 -0.000015
456110 0.000017
456120 -0.000003
456130 0.000010
456140 0.000011
456150 -0.000109
456170 0.000021
456180 0.000011
456190 0.000018
456200 0.000017
456210 0.000016
456220 -0.000004
456230 0.000015
456240 0.000011
456250 0.000016
456260 0.000021
456270 -0.001153
456280 0.000021
456290 0.000018
456300 -0.000103
456310 0.000022
456320 0.000013
456330 0.000022
456350 0.000016
456360 0.000019
456370 0.000019
456380 0.000020
456390 0.000010
456400 0.000003
456410 -0.000045
456420 0.000011
456430 0.000017
456440 -0.000002
456460 0.000015
456470 0.000016
456480 -0.000015
456490 -0.000014
456500 0.000007
456510 0.000015
456520 -0.001153
456530 0.000010
456540 0.000019
456550 -0.000045
456560 0.000001
456570 0.000018
456580 0.000010
456590 0.000021
456600 0.000011
456610 0.000013
456620 0.000008
456630 -0.000019
456640 0.000005
456650 0.000015
456660 0.000019
456670 0.000014
456680 0.000015
456690 -0.001310
456700 -0.000002
456710 0.000009
456720 0.000013
456730 0.000008
456740 -0.000002
456760 -0.000012
456770 -0.000044
456780 -0.000001
456790 0.000013
456800 0.000018
456810 0.000001
456820 0.000015
456830 -0.000048
456840 -0.000041
456850 -0.000032
456870 0.000017
456880 0.000017
456890 0.000019
456900 0.000012
456910 -0.000005
456920 -0.001157
456930 0.000017
456940 -0.000004
456950 0.000005
456960 0.000017
456970 0.000013
456980 0.000028
456990 -0.000007
457000 0.000012
457010 0.000011
457020 -0.000017
457030 0.000002
457040 0.000013
457050 0.000011
457060 0.000005
457070 0.000021
457080 0.000014
457090 -0.000047
457100 0.000001
457110 0.000019
457120 -0.000047
457130 0.000000
457140 0.000020
457150 0.000013
457160 -0.000046
457170 0.000013
457180 0.000015
457190 0.000022
457200 0.000021
457210 0.000014
457220 -0.000019
457230 0.000016
457240 0.000013
457250 -0.000010
457260 0.000014
457270 -0.000033
457290 0.000016
457300 0.000036
457310 0.000015
457320 0.000003
457330 0.000014
457340 0.000035
457360 0.000016
457370 -0.000003
457390 0.000017
457400 0.000007
457410 -0.000002
457420 0.000005
457430 -0.000112
457440 0.000006
457450 0.000016
457460 0.000015
457470 0.000000
457480 -0.000047
457490 0.000015
457500 0.000044
457510 -0.001199
457520 0.000021
457530 -0.000002
457540 -0.000104
457550 0.000014
457560 0.000020
457570 0.000004
457590 0.000007
457600 -0.000007
457610 0.000015
457620 -0.000034
457630 0.000005
457640 0.000016
457650 0.000011
457660 0.000013
457670 0.000019
457680 -0.000050
457690 -0.000044
457700 0.000018
457710 -0.001014
457720 0.000006
457740 0.000017
457750 0.000014
457760 0.000021
457770 0.000008
457780 -0.000038
457790 -0.000044
457800 0.000018
457810 0.000014
457820 0.000005
457830 0.000008
457840 0.000017
457850 -0.000006
457860 0.000019
457870 0.000016
457880 0.000014
457890 0.000008
457900 0.000016
457910 0.000008
457920 -0.000001
457930 -0.000104
457940 0.000013
457950 -0.000000
457970 0.000014
457980 -0.000040
458000 0.000014
458010 0.000003
458020 0.000006
458030 0.000017
458040 0.000008
458050 0.000012
458060 0.000009
458070 0.000014
458080 0.000015
458090 -0.000068
458100 0.000017
458110 0.000009
458120 -0.000007
458130 -0.000037
458140 -0.000043
458150 0.000005
458160 0.000021
458170 0.000015
458180 0.000013
458190 -0.000026
458200 -0.001094
458210 0.000013
458220 0.000015
458230 0.000015
458240 -0.000008
458250 0.000013
458260 -0.000038
458270 0.000013
458280 0.000017
458290 0.000021
458300 0.000009
458310 0.000016
458320 0.000011
458330 -0.000035
458340 -0.000058
458350 -0.000011
458360 0.000009
458380 0.000005
458390 -0.000043
458400 -0.000029
458410 0.000004
458420 0.000002
458440 -0.000022
458450 0.000018
458460 -0.000098
458470 -0.000086
458480 0.000003
458490 -0.000005
458500 0.000002
458510 0.000014
458520 0.000009
458530 0.000009
458540 0.000008
458550 -0.000045
458560 0.000020
458570 -0.000007
458580 0.000007
458590 0.000009
458600 -0.000055
458610 0.000002
458620 0.000018
458630 0.000003
458640 0.000014
458650 -0.001073
458660 -0.000055
458670 0.000007
458680 -0.001100
458690 0.000012
458700 0.000022
458710 0.000011
458720 0.000019
458730 0.000014
458740 -0.000091
458750 0.000014
458760 0.000010
458770 0.000018
458780 0.000014
458790 0.000017
458800 -0.000040
458810 0.000014
458820 0.000010
458830 0.000015
458840 0.000008
458850 0.000020
458860 0.000013
458870 -0.000008
458880 0.000013
458890 -0.001066
458900 0.000009
458910 0.000016
458920 -0.000035
458930 -0.000015
458940 -0.000007
458950 0.000006
458960 -0.000045
458970 0.000017
458980 0.000027
458990 0.000019
459000 -0.001126
459010 -0.000040
459020 0.000011
459030 0.000023
459040 -0.000003
459050 0.000016
459060 0.000014
459070 0.000016
459080 0.000019
459090 0.000013
459100 0.000009
459110 0.000016
459120 0.000018
459130 0.000005
459140 -0.001096
459150 -0.000028
459160 0.000017
459170 -0.000026
459180 0.000013
459190 0.000019
459200 -0.000043
459210 0.000013
459220 0.000012
459230 0.000014
459240 0.000008
459250 -0.000016
459260 -0.000101
459270 0.000006
459280 0.000009
459290 0.000003
459300 -0.000108
459310 0.000019
459320 -0.000118
459330 -0.000003
459340 0.000015
459350 0.000013
459360 0.000008
459370 0.000012
459380 -0.000018
459390 0.000014
459400 0.000010
459420 0.000018
459430 0.000019
459440 0.000017
459450 0.000014
459460 -0.000077
459470 0.000009
459480 -0.000008
459490 0.000008
459500 0.000017
459510 0.000015
459520 0.000008
459530 -0.001013
459540 0.000018
459550 0.000014
459570 0.000012
459580 -0.000047
459590 0.000007
459600 -0.000035
459610 -0.000011
459620 -0.001225
459630 -0.000044
459640 0.000019
459650 0.000018
459660 -0.001224
459670 0.000016
459680 0.000009
459690 -0.001204
459700 -0.000003
459710 0.000081
459720 0.000001
459730 0.000010
459740 0.000017
459750 0.000025
459770 0.000019
459780 0.000013
459790 0.000005
459810 0.000022
459820 0.000017
459830 0.000020
459840 0.000003
459850 -0.000023
459860 0.000012
459870 0.000017
459880 -0.000044
459890 0.000011
459900 0.000009
459910 0.000017
459920 0.000012
459930 0.000011
459940 0.000019
459950 0.000006
459960 0.000005
459970 -0.000011
459980 0.000010
459990 -0.000005
460000 0.000017
460010 0.000012
460020 0.000012
460030 0.000009
460040 -0.000043
460050 0.000012
460060 -0.000043
460070 -0.000046
460080 -0.000110
460090 0.000020
460100 0.000005
460120 0.000014
460130 0.000004
460140 -0.000005
460150 -0.000034
460160 0.000010
460170 0.000014
460180 -0.000047
460190 -0.000020
460200 0.000010
460210 0.000005
460220 -0.000046
460230 0.000017
460240 0.000017
460250 0.000014
460260 0.000007
460270 -0.000008
460280 -0.001005
460290 0.000005
460300 0.000014
460310 0.000004
460320 0.000001
460330 0.000026
460340 0.000008
460350 0.000008
460360 0.000016
460370 0.000013
460380 -0.001127
460390 0.000017
460400 0.000014
460410 0.000008
460420 0.000018
460430 0.000016
460450 0.000015
460460 0.000020
460470 0.000019
460480 -0.000006
460490 -0.001073
460500 0.000014
460510 0.000017
460520 0.000013
460530 -0.000009
460540 -0.000114
460550 -0.000050
460560 -0.000032
460570 0.000024
460580 0.000002
460590 0.000008
460600 -0.001131
460610 0.000014
460620 0.000016
460630 -0.000008
460640 0.000006
460650 0.000004
460660 -0.000046
460670 0.000010
460680 0.000022
460690 -0.001157
460700 0.000024
460710 0.000010
460720 -0.000042
460730 0.000013
460740 -0.000022
460750 0.000014
460760 -0.000047
460770 0.000016
460780 0.000013
460790 0.000022
460800 0.000005
460810 0.000016
460820 0.000016
460830 0.000023
460840 -0.000001
460850 0.000013
460860 -0.000017
460870 0.000011
460880 -0.000026
460900 0.000001
460910 0.000013
460920 0.000012
460930 0.000007
460940 0.000013
460950 0.000012
460960 0.000001
460970 0.000015
460980 -0.000003
460990 -0.000016
461000 -0.000004
461010 -0.001219
461020 -0.000037
461030 -0.000046
461040 -0.000040
461050 -0.000010
461060 -0.000007
461070 0.000011
461080 0.000011
461090 0.000015
461110 0.000018
461120 -0.000001
461130 0.000008
461140 0.000009
461150 -0.000042
461160 -0.000022
461170 0.000020
461190 -0.000035
461200 0.000014
461210 -0.001127
461220 0.000006
461230 0.000013
461240 0.000006
461250 -0.000003
461260 0.000018
461270 0.000008
461280 0.000004
461290 0.000022
461300 0.000015
461310 0.000015
461330 -0.000044
461340 0.000021
461350 -0.001248
461360 -0.000050
461370 0.000018
461380 0.000013
461390 0.000013
461410 -0.000024
461420 0.000001
461430 0.000018
461440 0.000015
461460 0.000013
461470 0.000006
461480 -0.000016
461490 0.000004
461500 -0.001113
461510 -0.000024
461520 0.000018
461530 0.000193
461540 0.000014
461550 0.000011
461560 -0.001120
461570 0.000010
461590 0.000017
461600 0.000017
461610 -0.000012
461620 -0.000003
461630 -0.001156
461640 0.000009
461650 0.000017
461660 0.000032
461670 0.000017
461680 0.000017
461690 0.000021
461700 0.000013
461710 0.000017
461720 -0.000007
461730 0.000018
461740 -0.000047
461750 0.000022
461760 0.000021
461770 0.000045
461780 -0.000038
461790 0.000011
461800 0.000017
461810 -0.000044
461820 0.000002
461830 0.000924
461840 0.000007
461850 0.000012
461860 -0.000009
461870 0.000021
461880 0.000012
461890 0.000015
461900 -0.001113
461910 0.000017
461920 0.000017
461930 0.000018
461940 0.000015
461950 0.000013
461960 -0.000004
461970 0.000013
461980 0.000019
461990 -0.000025
462000 0.000014
462010 0.000016
462020 -0.000044
462030 -0.000019
462040 -0.000031
462050 0.000002
462060 0.000006
462070 0.000022
462080 0.000004
462090 0.000488
462110 -0.000043
462120 0.000011
462130 -0.000043
462140 -0.001288
462160 0.000019
462170 0.000014
462180 0.000021
462190 0.000017
462200 0.000010
462210 0.000017
462220 0.000015
462230 -0.001069
462240 0.000008
462250 0.000016
462260 0.000016
462270 -0.000013
462280 -0.000002
462290 0.000008
462300 0.000006
462310 0.000007
462320 -0.000020
462330 -0.000009
462340 -0.000047
462350 -0.000030
462360 0.000017
462370 0.000025
462380 0.000015
462390 -0.000022
462400 0.000001
462410 0.000012
462420 0.000015
462430 -0.000019
462440 0.000006
462450 -0.000045
462460 -0.001052
462470 -0.000048
462480 0.000015
462490 0.000010
462500 0.000022
462510 0.000015
462520 0.000013
462530 0.000002
462540 0.000013
462550 0.000024
462560 0.000008
462570 -0.000023
462580 0.000016
462600 0.000021
462610 -0.001114
462620 0.000014
462630 -0.000047
462640 0.000012
462650 0.000016
462660 -0.000044
462670 -0.000039
462680 -0.001064
462690 0.000011
462700 0.000003
462710 0.000015
462720 0.000017
462730 0.000009
462740 -0.000002
462760 0.000018
462770 0.000020
462780 -0.000049
462790 0.000015
462800 -0.000011
462810 -0.000029
462820 0.000008
462830 -0.000030
462840 0.000022
462850 0.000015
462860 0.000016
462870 0.000014
462880 0.000014
462890 0.000019
462900 0.000011
462910 0.000013
462920 0.000011
462930 -0.000003
462940 0.000011
462950 0.000013
462960 -0.001101
462970 0.000019
462980 0.000014
462990 0.000022
463000 0.000014
463010 0.000008
463020 0.000005
463030 -0.000004
463040 0.000010
463050 0.000013
463060 0.000006
463080 -0.000026
463090 0.000013
463100 0.000005
463110 0.000020
463120 -0.000010
463130 -0.000036
463140 0.000015
463150 0.000005
463160 -0.000001
463170 0.000001
463180 -0.000001
463190 0.000011
463210 0.000007
463220 0.000001
463230 -0.000004
463240 0.000016
463250 0.000005
463260 0.000011
463270 -0.000008
463280 0.000013
463290 0.000026
463300 0.000021
463310 0.000010
463320 -0.000000
463330 -0.001132
463340 0.000014
463350 0.000016
463360 -0.000020
463370 0.000021
463380 0.000017
463390 0.000015
463400 -0.000017
463410 -0.001189
463420 -0.001131
463430 -0.000015
463440 0.000002
463450 0.000001
463460 -0.000005
463470 0.000002
463480 0.000017
463490 -0.000001
463500 0.000015
463510 0.000011
463520 0.000016
463530 -0.000962
463540 0.000011
463550 -0.001123
463560 0.000016
463570 0.000010
463580 -0.001111
463590 0.000012
463600 -0.000026
463610 -0.000047
463620 0.000005
463630 0.000016
463640 0.000015
463650 0.000003
463660 0.000020
463670 0.000015
463680 0.000018
463690 0.000018
463700 0.000017
463710 0.000015
463720 0.000016
463730 0.000019
463740 0.000016
463750 0.000016
463760 0.000020
463770 0.000019
463780 -0.000014
463790 0.000008
463810 0.000026
463820 -0.001200
463830 -0.000044
463840 -0.000044
463850 -0.000014
463860 0.000012
463870 0.000018
463880 0.000012
463890 0.000022
463900 0.000015
463910 0.000019
463920 0.000014
463940 0.000010
463950 0.000020
463960 0.000018
463970 0.000015
463980 -0.000049
463990 0.000010
464000 0.000001
464010 -0.000033
464020 -0.001023
464030 0.000003
464040 0.000014
464050 0.000018
464060 0.000016
464070 -0.001128
464090 0.000018
464100 -0.000040
464110 -0.000042
464120 -0.000038
464130 -0.001113
464140 -0.000024
464150 0.000010
464160 0.000022
464170 0.000014
464180 0.000020
464190 -0.000004
464210 0.000019
464220 0.000020
464230 -0.000043
464240 -0.000116
464250 0.000007
464260 0.000016
464270 0.000014
464280 -0.000039
464290 0.000006
464300 0.000017
464310 0.000001
464320 0.000011
464330 -0.000011
464340 0.000012
464350 0.000018
464360 0.000008
464370 0.000017
464380 0.000005
464390 0.000024
464400 0.000011
464410 0.000011
464420 0.000016
464430 0.000002
464440 0.000014
464450 -0.000733
464460 -0.000099
464470 0.000004
464480 -0.000041
464490 -0.000030
464500 0.000012
464510 0.000018
464520 -0.000006
464530 0.000016
464540 0.000021
464550 0.000014
464560 0.000003
464570 0.000013
464580 0.000012
464590 -0.000022
464600 0.000019
464610 -0.000024
464620 0.000015
464630 0.000010
464640 0.000015
464660 0.000012
464670 0.000017
464680 0.000018
464700 0.000021
464710 0.000014
464720 0.000013
464730 0.000015
464740 0.000008
464750 -0.000011
464760 0.000023
464780 -0.000048
464790 0.000004
464800 0.000018
464810 0.000010
464820 0.000018
464830 0.000007
464840 0.000019
464850 -0.000046
464860 0.000013
464870 0.000019
464880 0.000012
464890 0.000019
464900 0.000016
464910 0.000011
464920 0.000010
464930 0.000016
464950 0.000002
464960 0.000018
464970 -0.000037
464980 0.000017
464990 -0.001097
465000 0.000010
465010 0.000020
465020 -0.000004
465030 0.000013
465040 0.000007
465050 0.000010
465060 -0.000047
465070 0.000019
465080 0.000020
465090 0.000015
465100 0.000009
465110 0.000001
465120 0.000016
465130 0.000011
465140 0.000017
465150 0.000013
465160 -0.000247
465170 0.000005
465180 -0.000037
465190 -0.000030
465200 0.000017
465210 0.000014
465220 0.000011
465230 -0.000023
465240 -0.000035
465250 -0.000033
465260 0.000020
465270 -0.000006
465280 0.000013
465290 0.000000
465300 0.000011
465310 0.000012
465320 0.000015
465330 0.000009
465340 0.000014
465350 -0.000042
465360 0.000023
465370 -0.001093
465380 0.000006
465390 -0.000033
465400 0.000019
465410 0.000017
465420 -0.000053
465430 0.000012
465440 0.000012
465450 0.000012
465460 0.000013
465470 0.000011
465480 -0.000001
465500 -0.000043
465510 0.000014
465520 -0.000103
465530 -0.001058
465540 0.000017
465550 0.000007
465560 0.000012
465570 0.000014
465580 0.000013
465590 -0.000045
465600 -0.000031
465610 -0.000017
465620 0.000006
465640 0.000009
465650 -0.000031
465670 -0.000042
465680 0.000025
465690 0.000017
465700 0.000008
465710 -0.000029
465720 -0.001113
465730 -0.000039
465740 0.000007
465750 0.000010
465760 0.000016
465770 0.000012
465780 0.000019
465790 0.000007
465800 0.000010
465810 0.000016
465820 0.000018
465830 0.000028
465840 0.000015
465850 -0.000044
465860 -0.001131
465870 0.000010
465880 -0.000044
465890 0.000016
465900 0.000015
465910 -0.000000
465920 0.000014
465930 0.000018
465940 0.000018
465950 -0.000139
465960 0.000015
465970 0.000014
465980 -0.000041
465990 -0.000053
466000 0.000010
466010 0.000013
466020 0.000014
466030 0.000006
466040 -0.000008
466050 0.000017
466060 -0.000001
466070 0.000013
466080 -0.000031
466090 0.000013
466100 0.000019
466110 -0.000106
466120 0.000016
466130 -0.000045
466140 0.000016
466150 0.000009
466160 0.000017
466170 -0.000000
466190 0.000021
466200 -0.000037
466210 0.000016
466220 -0.000012
466230 0.000010
466240 -0.000037
466250 0.000014
466260 0.000021
466270 0.000010
466280 0.000016
466290 0.000015
466300 0.000002
466310 -0.001172
466320 0.000009
466330 -0.000042
466340 -0.000041
466350 0.000010
466360 -0.000043
466370 0.000011
466380 0.000011
466390 -0.000048
466400 0.000019
466410 -0.000050
466420 0.000017
466430 -0.000005
466440 -0.000021
466450 0.000016
466460 0.000013
466470 0.000017
466480 -0.001174
466490 0.000016
466500 0.000010
466510 0.000013
466520 0.000005
466530 0.000019
466540 0.000018
466550 0.000024
466560 -0.000043
466570 0.000013
466580 -0.000041
466590 0.000010
466600 0.000018
466610 0.000018
466620 0.000014
466630 0.000009
466640 0.000001
466650 0.000019
466660 0.000017
466670 0.000011
466680 0.000022
466690 0.000016
466700 0.000012
466710 -0.000033
466730 0.000006
466740 -0.001199
466750 0.000007
466760 0.000021
466770 0.000016
466780 0.000018
466790 0.000015
466800 0.000019
466810 0.000011
466820 0.000016
466830 0.000011
466840 0.000013
466850 0.000010
466870 -0.000019
466880 0.000014
466890 0.000007
466900 0.000007
466920 0.000015
466930 0.000009
466940 -0.000041
466950 0.000013
466960 -0.000007
466970 0.000013
466980 0.000009
466990 0.000004
467000 -0.000005
467010 -0.001316
467020 -0.001432
467030 0.000010
467040 0.000014
467050 0.000015
467060 0.000006
467070 0.000004
467080 0.000026
467090 0.000018
467100 0.000019
467110 -0.001193
467120 0.000015
467130 0.000011
467140 0.000018
467150 0.000013
467160 0.000009
467170 0.000021
467180 -0.000001
467200 0.000003
467210 0.000013
467220 0.000010
467230 0.000008
467240 0.000044
467250 0.000015
467260 -0.000057
467270 -0.000035
467280 -0.000048
467290 0.000019
467300 0.000014
467320 -0.000012
467330 -0.000043
467340 0.000014
467350 -0.000041
467360 0.000013
467370 0.000017
467380 0.000012
467390 -0.000018
467400 -0.000041
467410 -0.000023
467420 0.000085
467430 0.000017
467440 0.000016
467450 0.000001
467460 0.000020
467470 -0.000002
467480 0.000015
467500 0.000005
467510 0.000119
467520 -0.000052
467530 0.000006
467540 0.000024
467550 -0.000051
467570 0.000007
467580 0.000013
467590 0.000016
467600 0.000006
467610 -0.001030
467620 0.000020
467630 0.000017
467640 -0.000025
467650 -0.001055
467660 -0.001180
467670 -0.000066
467680 -0.000944
467690 -0.000045
467700 0.000025
467710 0.000013
467720 0.000012
467730 0.000015
467740 0.000020
467750 0.000013
467760 0.000011
467780 -0.000051
467790 0.000004
467800 -0.000960
467810 -0.000879
467820 0.000018
467830 0.000005
467840 -0.000043
467850 -0.000011
467860 0.000018
467870 0.000016
467880 0.000005
467890 0.000011
467900 0.000028
467910 0.000016
467920 0.000012
467930 0.000005
467940 -0.001141
467950 -0.000043
467960 0.000014
467970 0.000005
467990 -0.000004
468000 -0.000038
468010 0.000023
468020 0.000014
468030 -0.001113
468040 0.000014
468050 -0.001133
468060 -0.000041
468070 0.000017
468080 0.000014
468090 -0.001016
468100 -0.000106
468110 0.000021
468120 0.000342
468130 0.000015
468140 -0.000062
468160 0.000006
468170 -0.000012
468180 0.000014
468190 -0.000038
468200 -0.000025
468210 0.000010
468220 0.000014
468230 0.000013
468240 -0.000048
468250 0.000017
468260 0.000017
468270 0.000003
468280 0.000012
468290 0.000018
468300 0.000013
468310 -0.001104
468320 0.000013
468330 0.000002
468340 -0.000002
468350 0.000009
468360 -0.000027
468370 0.000016
468380 0.000017
468390 0.000006
468400 0.000003
468410 -0.000023
468420 -0.000038
468430 0.000055
468440 0.000990
468450 0.000009
468460 0.000010
468480 0.000013
468490 -0.000009
468500 0.000016
468510 0.000014
468520 -0.001142
468530 0.000011
468540 -0.000017
468550 0.000116
468560 -0.000002
468570 0.000020
468590 0.000016
468600 0.000011
468610 0.000011
468620 -0.000003
468630 0.000018
468640 0.000010
468650 -0.001070
468660 0.000013
468670 0.000013
468680 0.000040
468690 0.000007
468700 0.000012
468710 0.000019
468720 0.000022
468730 0.000004
468740 0.000013
468750 0.000023
468760 0.000014
468770 0.000013
468780 0.000004
468790 0.000003
468800 0.000009
468810 -0.001080
468820 0.000015
468830 -0.000007
468840 -0.000037
468850 -0.000106
468860 0.000068
468870 -0.000000
468880 0.000013
468890 0.000018
468910 0.000022
468920 0.000017
468940 -0.000040
468950 -0.000017
468960 0.000014
468970 0.000005
468980 0.000012
468990 0.000020
469000 0.000019
469010 -0.000045
469020 0.000013
469030 -0.000047
469040 0.000006
469050 -0.000042
469060 0.000018
469070 0.000012
469080 0.000010
469090 0.000014
469100 -0.000031
469110 0.000020
469120 0.000013
469130 -0.000052
469140 0.000003
469150 -0.000965
469160 -0.000088
469170 -0.000043
469180 0.000017
469190 0.000004
469200 -0.000002
469220 0.000022
469230 0.000003
469240 0.000016
469250 0.000022
469260 -0.000011
469270 0.000004
469280 -0.000003
469290 0.000011
469300 0.000008
469310 0.000012
469320 -0.000040
469330 -0.000017
469340 0.000012
469350 -0.000045
469360 0.000016
469370 0.000013
469380 0.000016
469390 0.000005
469400 0.000019
469410 -0.000011
469420 -0.000014
469430 0.000014
469440 0.000016
469450 -0.000040
469470 0.000017
469480 -0.000042
469490 0.000016
469500 0.000015
469510 0.000005
469520 0.000003
469530 0.000014
469540 0.000010
469550 0.000013
469560 0.000014
469570 0.000017
469590 0.000019
469600 0.000007
469610 -0.000005
469620 0.000008
469630 -0.000039
469640 0.000015
469650 0.000008
469660 0.000009
469680 -0.000043
469690 -0.000109
469700 0.000019
469710 -0.001023
469720 0.000006
469730 0.000016
469740 -0.001067
469750 0.000009
469760 0.000042
469770 0.000017
469780 0.000016
469790 0.000009
469800 -0.000046
469820 0.000014
469830 0.000012
469840 0.000018
469850 -0.000013
469860 0.000020
469870 0.000004
469880 -0.000071
469890 -0.000033
469900 0.000016
469910 0.000022
469920 0.000006
469930 -0.001139
469940 0.000001
469950 0.000007
469970 0.000015
469980 -0.000031
469990 0.000010
470000 0.000006
470010 0.000016
470030 0.000009
470040 -0.000035
470050 0.000020
470060 0.000012
470070 0.000014
470080 -0.000036
470090 0.000018
470100 -0.000050
470110 0.000019
470120 0.000012
470130 -0.001113
470140 0.000018
470150 0.000016
470170 -0.000114
470180 0.000018
470190 -0.000037
470210 0.000015
470220 0.000011
470230 0.000013
470240 0.000023
470250 0.000016
470260 -0.000006
470270 0.000013
470280 0.000023
470290 -0.000059
470300 0.000022
470310 -0.000018
470320 0.000017
470330 -0.000025
470340 0.000006
470350 0.000009
470360 0.000015
470370 -0.000035
470380 0.000007
470390 0.000000
470410 -0.000039
470420 0.000018
470430 -0.000045
470440 -0.000099
470450 -0.001090
470460 -0.001087
470470 0.000014
470480 0.000006
470490 -0.000038
470500 0.000018
470510 -0.000047
470520 0.000017
470530 0.000011
470540 0.000018
470550 0.000023
470560 -0.001092
470580 0.000016
470590 0.000018
470600 -0.000003
470610 0.000009
470620 0.000003
470630 0.000016
470640 0.000023
470650 -0.000038
470660 0.000002
470670 0.000018
470680 0.000012
470690 0.000014
470700 0.000017
470720 0.000014
470730 0.000015
470740 -0.000049
470750 0.000005
470760 -0.000031
470770 0.000021
470780 0.000020
470790 -0.000000
470800 0.000007
470810 -0.000045
470820 0.000003
470830 0.000012
470840 -0.000004
470850 0.000006
470860 0.000007
470870 0.000013
470880 0.000020
470890 0.000003
470900 -0.000004
470910 0.000022
470920 0.000008
470930 0.000017
470940 0.000009
470950 0.000002
470960 -0.000023
470970 0.000009
470980 -0.000040
470990 0.000012
471000 0.000008
471010 0.000018
471020 0.000016
471030 -0.000026
471040 -0.000105
471050 0.000004
471060 0.000004
471070 0.000022
471080 0.000013
471090 -0.000053
471100 0.000022
471110 0.000018
471120 0.000025
471130 0.000012
471140 0.000015
471150 -0.000044
471160 0.000015
471180 0.000014
471190 -0.000030
471200 -0.001074
471210 0.000016
471220 0.000016
471230 0.000006
471240 -0.001245
471250 0.000015
471260 0.000015
471270 0.000004
471280 0.000004
471290 0.000002
471300 0.000018
471310 0.000015
471320 0.000010
471330 0.000007
471340 0.000017
471350 0.000014
471360 0.000007
471370 0.000018
471380 -0.001220
471390 -0.001052
471400 -0.000015
471410 0.000007
471420 0.000017
471430 0.000016
471440 0.000119
471450 0.000008
471460 -0.000018
471470 0.000014
471480 -0.000046
471490 0.000004
471500 -0.000041
471510 0.000014
471520 0.000021
471530 -0.000046
471540 0.000007
471550 -0.000013
471560 0.000003
471570 0.000008
471580 0.000005
471590 -0.000031
471600 0.000009
471610 0.000058
471630 0.000015
471640 0.000003
471650 0.000019
471660 0.000010
471670 0.000018
471680 0.000002
471690 -0.001410
471700 -0.001282
471710 0.000011
471720 0.000010
471730 0.000015
471740 -0.000047
471750 0.000056
471760 0.000000
471770 -0.000223
471780 0.000013
471790 0.000005
471800 0.000012
471810 0.000019
471820 0.000007
471830 0.000218
471840 0.000011
471850 -0.000026
471860 0.000016
471870 -0.000045
471880 0.000014
471890 0.000020
471900 0.000018
471910 0.000023
471920 0.000003
471930 -0.000005
471940 0.000015
471950 0.000012
471960 0.000009
471970 0.000011
471990 0.000011
472000 -0.000003
472010 0.000018
472020 0.000023
472030 -0.000006
472040 0.000003
472050 0.000012
472060 0.000005
472070 -0.000043
472080 0.000014
472100 -0.000045
472110 0.000016
472120 0.000013
472130 0.000017
472140 -0.000043
472150 0.000014
472160 -0.000048
472170 0.000016
472180 0.000008
472190 0.000014
472200 0.000015
472210 0.000016
472220 0.000014
472230 0.000017
472240 0.000011
472250 0.000017
472260 -0.000005
472270 0.000004
472280 0.000015
472290 0.000021
472300 -0.000023
472310 0.000012
472320 0.000010
472330 -0.000048
472340 0.000013
472350 0.000003
472360 0.000019
472370 0.000011
472380 -0.000017
472390 0.000007
472400 0.000007
472410 -0.000041
472420 -0.000039
472430 0.000014
472440 0.000013
472450 0.000022
472460 0.000017
472470 0.000017
472480 0.000017
472490 0.000020
472500 0.000003
472510 0.000346
472520 0.000013
472530 0.000011
472540 -0.000915
472560 0.000013
472570 0.000014
472580 -0.000037
472590 0.000019
472600 -0.000000
472610 0.000007
472620 0.000018
472630 0.000019
472640 0.000021
472650 -0.000006
472660 0.000016
472670 0.000015
472680 0.000025
472690 0.000019
472700 0.000058
472710 0.000014
472720 0.000004
472730 0.000009
472740 0.000017
472750 0.000012
472760 -0.000045
472770 0.000023
472780 0.000019
472790 -0.000044
472800 0.000011
472810 0.000019
472820 -0.000051
472830 -0.001037
472840 0.000240
472850 0.000017
472860 0.000017
472870 -0.001306
472880 0.000010
472890 -0.000052
472900 0.000019
472910 -0.000018
472920 0.000010
472930 0.000014
472940 -0.000046
472950 0.000015
472960 -0.000001
472970 0.000019
472980 -0.000045
472990 -0.000038
473000 0.000017
473010 0.000011
473020 0.000015
473030 -0.000042
473040 -0.000034
473050 0.000009
473060 0.000004
473070 0.000012
473080 0.000007
473090 0.000020
473100 0.000004
473110 0.000013
473120 0.000015
473130 -0.000013
473140 -0.000037
473150 0.000018
473160 0.000008
473170 0.000008
473180 0.000016
473190 -0.000002
473200 0.000016
473220 0.000008
473230 0.000015
473240 0.000006
473250 -0.000019
473260 0.000012
473270 -0.000000
473280 0.000019
473290 0.000015
473300 -0.000032
473310 0.000010
473320 0.000009
473330 0.000016
473340 -0.000011
473350 0.000021
473370 -0.000049
473380 0.000014
473390 0.000014
473400 0.000009
473410 0.000014
473420 0.000016
473430 0.000012
473440 -0.000050
473450 0.000015
473470 0.000012
473480 0.000016
473490 0.000001
473520 0.000008
473530 -0.001168
473540 0.000008
473550 -0.000042
473560 -0.000001
473570 0.000018
473580 0.000012
473590 0.000013
473600 0.000014
473610 0.000012
473620 -0.000041
473630 0.000019
473640 -0.000039
473650 0.000007
473660 -0.000001
473670 0.000013
473680 0.000005
473690 0.000011
473700 0.000014
473710 0.000013
473730 0.000005
473740 0.000014
473750 -0.000007
473770 0.000020
473780 0.000014
473790 -0.000023
473800 -0.001331
473810 0.000003
473820 0.000016
473830 0.000018
473840 0.000008
473850 0.000017
473860 0.000017
473870 0.000017
473880 -0.000043
473890 -0.000039
473900 0.000015
473910 0.000009
473920 -0.000155
473930 0.000002
473940 0.000004
473950 -0.000014
473960 0.000018
473970 0.000021
473980 -0.000011
473990 0.000006
474000 0.000010
474010 0.000007
474030 -0.000002
474040 0.000018
474050 0.000001
474060 0.000016
474070 -0.000163
474080 0.000008
474090 -0.001084
474100 0.000008
474110 -0.000007
474120 -0.000133
474130 -0.000001
474140 -0.001180
474150 0.000016
474160 -0.000006
474170 0.000016
474180 -0.000002
474190 -0.000048
474200 0.000009
474210 -0.000046
474220 0.000012
474230 0.000011
474240 -0.000041
474250 -0.001130
474260 0.000012
474270 0.000051
474280 0.000017
474290 0.000015
474300 0.000001
474310 0.000018
474320 0.000014
474330 -0.000008
474340 -0.000012
474360 -0.001123
474370 0.000012
474380 -0.000037
474390 -0.000019
474400 -0.000055
474410 0.000008
474420 -0.000002
474430 -0.001109
474440 -0.000038
474450 0.000014
474460 0.000017
474470 -0.000048
474480 0.000015
474490 0.000018
474500 0.000019
474510 0.000006
474520 0.000022
474530 0.000010
474540 0.000013
474560 0.000011
474570 0.000006
474580 -0.000025
474590 0.000015
474600 0.000017
474610 -0.000001
474620 -0.000052
474630 0.000018
474640 0.000013
474650 0.000018
474660 0.000016
474670 0.000018
474680 0.000016
474690 0.000004
474700 -0.000034
474710 0.000004
474720 -0.000045
474730 0.000015
474740 -0.001101
474750 -0.000053
474760 0.000018
474770 0.000018
474780 -0.000012
474790 -0.001004
474810 0.000010
474820 0.000021
474830 -0.000030
474840 0.000010
474850 0.000014
474860 0.000023
474870 0.000007
474880 -0.000001
474890 0.000022
474900 -0.000032
474910 0.000017
474920 -0.001096
474930 0.000001
474940 0.000016
474950 0.000008
474960 0.000014
474970 0.000013
474980 0.000009
474990 0.000011
475000 0.000026
475020 -0.000114
475040 0.000014
475050 0.000004
475060 0.000015
475070 -0.000028
475080 0.000006
475090 -0.000004
475100 0.000007
475110 0.000017
475130 0.000022
475140 0.000007
475150 0.000015
475160 0.000001
475170 0.000019
475180 0.000005
475190 0.000015
475210 0.000019
475220 0.000015
475230 0.000008
475250 -0.000040
475260 -0.000045
475270 0.000010
475280 0.000017
475290 -0.000045
475300 -0.000006
475310 0.000012
475320 0.000011
475330 0.000005
475350 0.000014
475360 0.000008
475370 -0.000044
475380 -0.000046
475390 0.000008
475400 -0.001504
475420 -0.000100
475430 -0.001131
475440 -0.000044
475450 -0.000000
475460 0.000199
475470 -0.000046
475480 0.000010
475490 0.000014
475510 0.000022
475520 0.000012
475540 -0.000046
475550 -0.001022
475560 -0.000038
475570 0.000014
475580 0.000018
475590 -0.000050
475600 0.000012
475610 -0.001048
475620 0.000013
475630 -0.000034
475640 0.000021
475650 -0.000042
475660 -0.000041
475670 -0.000043
475680 0.000012
475690 0.000012
475700 -0.000000
475710 0.000021
475720 -0.000049
475730 0.000013
475760 0.000017
475770 0.000004
475780 0.000016
475790 -0.000006
475800 0.000013
475810 0.000013
475820 0.000005
475830 0.000015
475840 -0.000042
475850 -0.000048
475860 0.000000
475870 0.000001
475880 0.000206
475890 0.000018
475900 -0.001068
475910 -0.000117
475930 0.000005
475940 -0.000023
475950 0.000011
475960 0.000017
475970 0.000017
475980 0.000002
475990 -0.000004
476000 0.000015
476010 -0.000006
476020 0.000022
476030 -0.000031
476040 -0.001286
476050 0.000001
476060 -0.001157
476070 0.000011
476080 0.000004
476090 0.000018
476100 0.000014
476110 0.000016
476120 -0.000020
476130 0.000019
476140 0.000011
476150 -0.000029
476160 0.000018
476170 0.000015
476180 0.000015
476190 0.000018
476200 0.000015
476210 0.000015
476220 -0.000047
476230 0.000010
476240 -0.001083
476250 0.000019
476260 0.000015
476270 -0.000001
476280 0.000007
476290 -0.000640
476300 0.000022
476310 0.000012
476320 0.000015
476330 0.000016
476340 0.000014
476350 -0.000046
476360 0.000013
476370 0.000001
476380 0.000001
476390 0.000013
476400 0.000015
476410 -0.000047
476420 0.000016
476430 -0.000006
476440 0.000006
476450 0.000015
476460 0.000034
476470 0.000015
476480 0.000021
476490 -0.000043
476500 0.000013
476510 -0.000025
476520 0.000011
476530 -0.001255
476540 0.000018
476550 0.000007
476560 0.000019
476570 0.000014
476580 0.000016
476590 0.000012
476610 0.000011
476620 0.000010
476630 -0.000011
476640 -0.000090
476650 0.000008
476660 0.000009
476670 0.000021
476680 -0.000044
476690 0.000014
476700 0.000001
476710 0.000005
476720 -0.000026
476730 0.000022
476740 0.000019
476750 0.000007
476760 0.000027
476770 0.000017
476780 -0.001081
476790 0.000009
476800 0.000010
476810 0.000021
476820 -0.000023
476830 -0.000001
476840 0.000016
476850 0.000005
476860 -0.000049
476870 0.000017
476880 0.000020
476890 0.000017
476900 -0.000025
476920 -0.000011
476930 -0.001128
476940 0.000016
476950 0.000012
476960 0.000019
476970 -0.000019
476980 0.000020
476990 -0.000046
477000 -0.000044
477010 -0.000007
477020 0.000010
477030 0.000012
477040 0.000015
477050 0.000012
477060 -0.000042
477070 -0.000002
477080 0.000003
477090 0.000003
477100 0.000006
477110 0.000009
477120 0.000008
477130 0.000014
477140 0.000018
477150 -0.000038
477160 0.000018
477170 0.000019
477190 0.000018
477200 0.000011
477210 0.000021
477220 0.000017
477230 0.000001
477240 0.000008
477250 0.000013
477260 0.000016
477270 -0.000048
477280 0.000018
477300 -0.000044
477310 0.000012
477320 -0.000046
477330 -0.000011
477340 0.000009
477350 -0.000031
477360 0.000020
477370 -0.000012
477380 0.000016
477390 0.000007
477400 0.000012
477410 -0.001105
477420 0.000008
477430 0.000013
477440 0.000007
477450 0.000012
477460 0.000010
477470 0.000012
477480 -0.000063
477500 0.000015
477510 -0.000028
477520 0.000019
477530 0.000014
477540 -0.001054
477550 0.000014
477560 0.000006
477570 0.000013
477580 0.000012
477600 0.000010
477610 -0.000004
477620 -0.000040
477630 0.000015
477640 0.000020
477650 0.000011
477660 -0.001187
477670 -0.000069
477680 -0.001183
477690 0.000013
477700 0.000023
477710 0.000018
477720 -0.000001
477730 0.000025
477740 0.000021
477750 0.000023
477760 0.000009
477770 -0.000999
477780 -0.001115
477790 0.000018
477800 0.000008
477810 0.000006
477820 -0.000285
477830 0.000017
477840 0.000020
477850 -0.000004
477860 0.000016
477870 0.000024
477880 -0.000004
477890 0.000019
477900 -0.000048
477910 -0.000045
477920 -0.001227
477930 0.000004
477940 0.000009
477960 0.000018
477970 -0.000049
477980 -0.001053
477990 -0.000026
478000 0.000016
478010 0.000019
478020 0.000005
478030 0.000018
478040 0.000012
478050 -0.000016
478060 0.000015
478070 -0.000024
478080 0.000001
478090 0.000019
478100 0.000009
478110 0.000016
478120 0.000013
478130 0.000006
478140 0.000015
478150 -0.000019
478160 -0.000008
478180 0.000016
478190 0.000011
478200 0.000007
478210 -0.001087
478220 -0.000049
478230 -0.001124
478250 0.000005
478260 -0.000002
478270 0.000008
478280 0.000012
478290 0.000013
478300 0.000013
478310 0.000001
478320 -0.000051
478330 0.000017
478340 0.000012
478350 0.000002
478360 -0.000005
478370 -0.000209
478380 -0.000033
478390 0.000019
478410 0.000020
478420 -0.000060
478430 -0.000004
478440 0.000014
478450 0.000039
478460 0.000005
478470 0.000022
478480 -0.000041
478490 0.000015
478500 0.000019
478510 0.000014
478520 0.000010
478530 0.000020
478540 0.000013
478550 0.000010
478560 0.000016
478570 0.000024
478580 0.000017
478590 -0.001105
478600 0.000019
478610 0.000006
478620 -0.000113
478630 0.000010
478640 0.000012
478650 0.000016
478660 0.000012
478670 -0.000046
478680 0.000013
478690 0.000017
478700 0.000024
478710 0.000011
478720 -0.000044
478730 -0.000047
478740 0.000012
478760 -0.000049
478770 0.000015
478780 0.000006
478790 -0.000001
478800 0.000016
478810 -0.000040
478820 0.000015
478830 0.000007
478840 -0.000004
478850 -0.000045
478860 0.000016
478870 0.000008
478880 0.000010
478890 0.000014
478900 -0.000031
478910 0.000021
478920 -0.000040
478930 -0.000044
478940 0.000018
478950 0.000011
478960 0.000014
478970 0.000015
478980 0.000014
478990 0.000009
479000 0.000020
479010 -0.000048
479020 0.000023
479030 0.000463
479040 -0.000035
479050 0.000010
479060 0.000010
479070 0.000010
479080 0.000013
479090 -0.000002
479100 0.000016
479110 0.000015
479120 -0.000046
479130 -0.000001
479140 0.000019
479150 0.000023
479160 -0.000003
479170 0.000016
479180 0.000012
479190 -0.000043
479200 0.000010
479210 0.000010
479220 0.000009
479230 -0.000044
479240 -0.000040
479250 -0.000023
479260 0.000014
479270 0.000015
479280 -0.000004
479300 -0.000045
479310 0.000014
479320 -0.000056
479330 -0.001258
479340 0.000006
479350 0.000010
479360 -0.000019
479370 0.000016
479380 0.000016
479390 0.000012
479400 0.000015
479420 -0.000042
479430 0.000014
479440 0.000010
479450 0.000014
479460 0.000016
479470 0.000019
479500 0.000012
479510 0.000002
479520 0.000001
479530 -0.001003
479540 0.000014
479550 0.000014
479560 0.000015
479570 0.000015
479580 -0.000033
479590 0.000016
479600 0.000006
479610 -0.001133
479620 -0.000070
479630 0.000016
479640 0.000012
479650 0.000017
479660 0.000014
479670 0.000013
479680 0.000011
479690 0.000016
479700 0.000015
479710 -0.001007
479720 -0.001107
479730 0.000009
479740 0.000001
479750 -0.000014
479760 0.000016
479770 0.000009
479780 0.000010
479790 0.000010
479800 -0.000043
479810 0.000013
479820 0.000022
479830 0.000013
479840 -0.001138
479850 0.000020
479860 0.000014
479870 0.000014
479880 0.000005
479890 -0.000046
479900 0.000021
479910 -0.000044
479920 0.000020
479930 0.000013
479940 -0.000046
479950 -0.000030
479960 0.000013
479970 0.000016
479980 0.000014
479990 0.000003
480000 0.000015
480010 0.000013
480020 0.000014
480030 0.000016
480040 0.000003
480050 0.000015
480060 0.000016
480070 0.000011
480080 -0.001136
480090 0.000015
480100 -0.000036
480110 0.000016
480120 0.000008
480130 0.000017
480140 0.000012
480150 0.000020
480160 -0.000007
480170 0.000018
480180 -0.000003
480190 -0.000044
480200 0.000001
480210 -0.000111
480220 -0.000068
480230 -0.000037
480240 0.000017
480250 0.000008
480260 -0.001126
480270 -0.000053
480280 0.000021
480290 -0.000001
480300 0.000000
480310 -0.000014
480320 -0.000045
480340 0.000011
480350 0.000006
480360 -0.000048
480370 -0.000002
480380 0.000013
480400 -0.000042
480410 -0.000027
480420 -0.000048
480430 0.000017
480440 -0.000042
480450 0.000013
480460 -0.000048
480470 0.000012
480480 0.000009
480490 0.000010
480500 -0.001158
480510 0.000013
480520 -0.001271
480530 -0.000000
480540 0.000004
480550 -0.000021
480560 0.000017
480570 0.000021
480580 0.000292
480590 0.000020
480600 0.000015
480610 0.000014
480620 0.000010
480630 0.000013
480640 -0.000004
480650 0.000017
480660 -0.000044
480680 0.000013
480690 0.000010
480700 0.000016
480710 0.000018
480720 -0.000022
480730 0.000004
480740 0.000016
480750 0.000018
480760 -0.000018
480770 -0.000042
480790 -0.001197
480800 0.000013
480820 -0.000018
480830 0.000016
480840 -0.001191
480850 -0.000101
480860 -0.000043
480870 -0.000045
480880 -0.000110
480910 0.000010
480920 -0.000014
480930 -0.000028
480940 -0.001104
480950 -0.000033
480960 0.000003
480970 0.000012
480980 0.000022
480990 0.000023
481000 -0.000034
481010 0.000018
481020 0.000013
481030 0.000005
481040 -0.001085
481050 0.000000
481060 -0.000048
481070 -0.000010
481080 -0.000016
481090 0.000009
481100 0.000015
481110 -0.000042
481120 0.000015
481130 0.000016
481140 0.000006
481150 0.000002
481160 -0.000044
481170 0.000010
481180 0.000007
481200 0.000002
481210 0.000017
481220 0.000013
481230 -0.000084
481240 -0.000011
481250 0.000024
481260 0.000015
481270 0.000011
481280 0.000011
481290 0.000014
481300 -0.000015
481310 -0.000029
481320 -0.000010
481330 0.000007
481340 0.000008
481350 -0.000006
481360 0.000016
481370 -0.000049
481380 0.000013
481390 -0.000034
481400 0.000011
481410 -0.000012
481420 0.000017
481430 0.000009
481440 0.000016
481450 -0.001247
481460 -0.000009
481470 0.000020
481480 0.000015
481490 -0.000049
481510 0.000015
481520 0.000021
481530 -0.001073
481540 0.000009
481550 -0.000051
481560 0.000018
481570 0.000015
481580 0.000012
481590 0.000018
481600 0.000014
481610 0.000018
481620 -0.000036
481630 -0.000046
481640 0.000016
481650 -0.000021
481660 -0.000021
481680 -0.000038
481690 0.000011
481700 0.000008
481710 0.000019
481720 -0.000043
481730 0.000018
481740 -0.000051
481750 0.000019
481760 0.000012
481770 0.000023
481780 -0.000047
481790 0.000010
481800 -0.000021
481810 -0.001131
481820 -0.000034
481830 0.000014
481840 -0.000011
481850 0.000009
481860 -0.000016
481870 -0.000025
481880 -0.000036
481890 0.000018
481900 -0.000044
481910 -0.000037
481920 -0.000014
481930 0.000013
481940 0.000013
481950 0.000009
481960 -0.001127
481970 0.000013
481980 0.000019
481990 0.000018
482000 0.000014
482010 -0.000003
482020 0.000018
482030 0.000016
482040 0.000018
482050 0.000021
482060 0.000003
482070 0.000010
482080 0.000009
482090 0.000010
482100 0.000009
482110 0.000014
482120 0.000000
482130 -0.000046
482140 -0.000005
482150 0.000020
482160 -0.000037
482170 -0.000015
482180 0.000013
482190 0.000076
482200 0.000013
482210 -0.000003
482220 0.000014
482230 -0.000030
482240 0.000001
482250 -0.000016
482270 0.000017
482280 0.000014
482290 0.000008
482300 0.000001
482310 -0.001165
482320 0.000002
482330 0.000177
482340 0.000028
482350 0.000016
482360 -0.000042
482370 0.000014
482380 -0.000033
482390 -0.000030
482400 -0.000000
482410 0.000010
482420 -0.000050
482430 -0.001082
482440 0.000017
482450 0.000004
482470 0.000014
482480 -0.000049
482490 0.000005
482500 0.000016
482510 0.000019
482520 0.000015
482530 0.000020
482540 0.000010
482550 0.000018
482560 0.000004
482570 0.000021
482580 0.000016
482590 -0.001092
482600 0.000016
482620 -0.000019
482630 0.000011
482640 0.000013
482650 0.000018
482660 0.000020
482670 0.000020
482680 0.000009
482690 -0.000037
482700 0.000013
482730 0.000011
482740 -0.000043
482750 0.000013
482760 0.000019
482770 0.000017
482780 0.000014
482790 0.000013
482800 -0.000041
482810 -0.000000
482820 -0.000005
482830 0.000007
482840 0.000010
482850 0.000009
482860 0.000006
482870 0.000013
482880 -0.001149
482890 -0.001146
482900 0.000011
482910 0.000007
482920 0.000014
482930 -0.001060
482940 -0.000029
482950 0.000012
482960 -0.000048
482970 -0.000039
482980 0.000016
482990 0.000018
483000 0.000007
483010 -0.000045
483020 -0.000002
483030 -0.000038
483040 0.000017
483050 -0.000048
483060 0.000013
483070 0.000009
483080 -0.000049
483090 0.000020
483100 -0.000007
483110 0.000015
483120 -0.000048
483130 0.000008
483140 0.000017
483150 -0.000005
483160 0.000016
483170 -0.000047
483180 -0.000056
483190 -0.000013
483200 0.000015
483210 0.000013
483220 0.000003
483230 -0.000836
483240 -0.001147
483260 0.000014
483270 -0.000013
483280 0.000022
483290 0.000009
483300 -0.000017
483310 -0.000042
483320 0.000018
483330 0.000030
483340 0.000015
483350 0.000017
483360 -0.000010
483380 -0.001069
483390 0.000014
483400 0.000349
483410 -0.000093
483420 0.000013
483440 -0.000046
483450 0.000021
483460 0.000018
483480 -0.000014
483490 0.000002
483500 0.000009
483510 0.000012
483520 -0.000047
483530 -0.000048
483540 0.000017
483550 -0.000025
483560 0.000012
483570 -0.000010
483580 0.000015
483590 -0.000005
483600 0.000020
483610 -0.000218
483620 -0.000044
483630 -0.000028
483640 0.000012
483660 -0.000046
483670 0.000020
483680 0.000021
483690 -0.001095
483700 0.000016
483710 0.000016
483720 -0.001080
483730 0.000013
483740 0.000012
483750 -0.000004
483760 -0.000022
483770 0.000018
483780 0.000022
483790 -0.000031
483800 -0.001075
483810 0.000013
483820 0.000014
483830 -0.000005
483840 0.000008
483850 0.000026
483860 0.000118
483870 0.000017
483880 -0.000051
483890 0.000014
483900 0.000018
483910 -0.001072
483920 -0.001072
483930 0.000005
483940 0.000017
483950 -0.000041
483960 -0.001085
483970 0.000012
483990 0.000016
484000 0.000012
484010 0.000018
484020 -0.000040
484030 0.000027
484040 -0.001076
484050 0.000011
484060 0.000023
484070 0.000017
484080 -0.000045
484090 0.000011
484100 -0.001070
484110 -0.000010
484140 0.000018
484150 0.000017
484160 0.000017
484170 0.000016
484180 -0.000044
484190 -0.000009
484200 -0.001075
484210 -0.000042
484220 0.000014
484230 0.000014
484240 0.000019
484250 0.000016
484260 0.000003
484270 0.000015
484280 -0.001012
484290 -0.000044
484300 -0.000022
484310 0.000018
484320 -0.000045
484330 -0.000045
484340 -0.000021
484350 0.000016
484360 0.000010
484370 0.000032
484380 0.000015
484390 0.000022
484400 0.000017
484410 0.000016
484420 -0.000020
484430 -0.000010
484440 -0.000223
484450 0.000015
484460 0.000001
484470 -0.000005
484480 0.000017
484490 0.000023
484500 0.000015
484510 0.000045
484520 0.000019
484530 -0.000046
484540 0.000020
484550 0.000020
484560 0.000021
484570 -0.001466
484580 -0.001233
484590 -0.000024
484600 0.000014
484610 0.000020
484620 -0.000039
484630 -0.000033
484640 0.000011
484650 -0.000043
484660 0.000014
484670 -0.001083
484680 0.000015
484690 0.000019
484700 0.000004
484710 0.000009
484720 -0.000044
484730 0.000012
484740 -0.001164
484750 0.000020
484760 0.000015
484770 0.000003
484780 0.000015
484790 0.000015
484800 0.000021
484810 0.000004
484820 0.000013
484830 0.000016
484840 -0.000960
484850 0.000018
484870 0.000010
484880 0.000012
484890 0.000005
484900 -0.000019
484910 0.000015
484920 0.000016
484930 -0.000043
484940 0.000005
484950 0.000016
484960 0.000016
484970 -0.000032
484980 0.000014
484990 0.000009
485000 0.000016
485020 0.000011
485040 0.000010
485050 0.000019
485060 0.000006
485070 0.000011
485080 0.000053
485090 -0.000013
485100 0.000017
485110 -0.000017
485120 -0.000045
485130 0.000016
485140 0.000019
485150 -0.000008
485160 0.000016
485170 0.000017
485180 0.000020
485190 0.000007
485200 -0.000022
485210 -0.000034
485220 0.000017
485230 -0.000004
485240 0.000024
485250 0.000003
485260 0.000000
485270 0.000021
485280 0.000020
485290 -0.000036
485300 -0.000029
485310 0.000020
485320 0.000014
485340 0.000014
485350 -0.000008
485360 0.000003
485370 0.000019
485380 -0.000008
485390 0.000010
485400 0.000001
485410 0.000014
485420 0.000011
485430 0.000017
485440 -0.000007
485450 0.000010
485460 -0.001045
485470 -0.000059
485480 0.000016
485490 0.000018
485500 -0.000110
485510 0.000006
485520 -0.000048
485530 0.000014
485540 -0.000010
485550 -0.000032
485560 -0.000038
485580 -0.000010
485590 0.000021
485600 0.000022
485610 0.000019
485620 0.000018
485630 0.000005
485640 -0.000000
485650 0.000011
485660 0.000038
485670 0.000018
485690 0.000006
485700 0.000007
485710 0.000012
485720 -0.000041
485730 0.000011
485740 0.000017
485750 0.000020
485760 -0.001136
485770 0.000014
485780 -0.000104
485790 0.000004
485800 0.000017
485810 0.000011
485820 0.000010
485830 0.000019
485840 0.000009
485850 0.000015
485860 -0.000045
485870 -0.000046
485880 0.000012
485890 -0.001102
485900 -0.000038
485910 0.000005
485920 -0.000102
485930 0.000012
485950 -0.000050
485960 -0.000944
485970 0.000009
485980 -0.000039
485990 0.000012
486000 0.000021
486010 0.000011
486020 0.000007
486030 -0.000029
486040 0.000013
486050 -0.000011
486060 0.000013
486070 0.000005
486080 0.000014
486090 0.000015
486100 -0.000053
486110 0.000016
486120 -0.000007
486130 0.000046
486140 0.000019
486150 0.000033
486160 -0.000009
486170 0.000018
486180 0.000019
486200 0.000003
486210 0.000016
486220 0.000015
486230 0.000001
486240 0.000017
486250 0.000015
486260 0.000002
486270 0.000011
486280 0.000003
486290 0.000018
486300 0.000014
486310 0.000015
486320 0.000003
486330 0.000011
486340 -0.000046
486350 0.000015
486360 0.000037
486370 0.000013
486380 0.000006
486390 0.000013
486400 0.000013
486410 0.000014
486420 0.000016
486430 0.000016
486440 0.000016
486450 0.000010
486460 0.000017
486470 0.000007
486480 0.000014
486490 -0.000040
486500 0.000001
486510 0.000015
486520 0.000020
486530 -0.000003
486540 0.000021
486550 -0.000044
486560 0.001172
486570 0.000014
486580 0.000017
486590 -0.001197
486610 0.000006
486630 0.000006
486640 -0.000013
486650 -0.001803
486660 -0.001515
486670 0.000012
486680 0.000012
486690 0.000012
486700 -0.001018
486710 0.000014
486720 0.000019
486730 0.000017
486740 0.000013
486750 0.000019
486760 0.000010
486770 0.000013
486780 -0.000019
486790 0.000013
486800 -0.000026
486810 0.000008
486820 -0.000001
486830 -0.000016
486840 0.000016
486850 0.000017
486860 0.000018
486870 0.000006
486880 0.000013
486890 0.000020
486900 0.000014
486910 0.000004
486920 -0.001039
486930 -0.000043
486940 0.000012
486950 0.000016
486960 0.000010
486970 0.000011
486980 -0.000040
486990 0.000021
487000 0.000019
487010 0.000010
487020 0.000018
487030 0.000012
487040 -0.000272
487050 -0.000048
487060 -0.000046
487070 -0.000041
487080 0.000225
487090 0.000012
487100 0.000006
487110 0.000016
487120 0.000003
487130 0.000021
487140 -0.000038
487150 -0.000029
487160 0.000023
487170 0.000013
487190 -0.000041
487200 0.000014
487210 -0.000041
487220 0.000017
487230 0.000025
487240 -0.000923
487250 0.000016
487260 -0.000052
487280 -0.000041
487290 0.000012
487300 0.000018
487310 0.000014
487320 0.000014
487330 0.000009
487340 0.000006
487350 -0.000042
487360 0.000006
487370 -0.001082
487380 0.000023
487390 0.000006
487400 0.000023
487410 0.000013
487420 0.000013
487430 0.000015
487440 0.000026
487450 0.000016
487460 0.000018
487480 -0.000041
487490 0.000016
487500 0.000017
487510 -0.000017
487520 0.000008
487540 0.000018
487550 0.000014
487570 -0.000035
487580 0.000008
487590 0.000012
487600 0.000011
487620 0.000017
487630 0.000015
487640 -0.000026
487650 0.000004
487660 0.000016
487670 -0.000029
487680 0.000007
487690 -0.001085
487700 -0.000011
487710 0.000016
487720 0.000023
487730 0.000021
487750 -0.000039
487760 0.000013
487770 -0.001087
487780 -0.001089
487790 0.000007
487800 -0.000033
487810 0.000002
487820 -0.000054
487830 0.000021
487840 0.000016
487850 0.000016
487860 0.000022
487870 0.000016
487880 0.000013
487890 0.000016
487900 0.000010
487910 -0.000050
487920 -0.000046
487930 0.000004
487940 -0.000030
487950 0.000010
487960 0.000013
487970 -0.001090
487980 0.000014
487990 0.000019
488000 0.000014
488010 -0.000005
488020 -0.000047
488040 -0.001078
488050 -0.000093
488060 -0.000002
488070 0.000004
488080 0.000012
488090 -0.000034
488100 0.000011
488110 -0.000017
488120 0.000014
488130 0.000023
488140 0.000022
488150 -0.000017
488160 -0.000051
488170 0.000019
488180 0.000015
488190 0.000013
488200 -0.000037
488210 0.000020
488220 0.000081
488230 0.000016
488240 -0.001093
488250 0.000016
488260 0.000010
488270 -0.000002
488280 0.000001
488310 0.000012
488320 -0.000014
488330 -0.001100
488340 0.000021
488350 -0.001089
488360 0.000014
488370 0.000010
488380 0.000014
488390 0.000021
488400 0.000018
488410 -0.000043
488420 0.000020
488430 -0.000029
488440 0.000014
488450 0.000009
488460 0.000017
488470 0.000007
488480 -0.000023
488490 0.000018
488500 -0.000014
488510 -0.000018
488520 0.000019
488530 0.000012
488540 -0.001103
488550 0.000005
488560 0.000005
488570 -0.000034
488580 0.000006
488590 -0.000044
488600 0.000008
488610 -0.000036
488620 -0.000019
488630 -0.000046
488640 0.000010
488650 0.000012
488660 -0.000045
488670 0.000018
488680 0.000010
488690 0.000023
488700 -0.001104
488710 0.000011
488720 -0.000046
488730 0.000017
488740 0.000007
488750 0.000019
488760 0.000015
488770 -0.000052
488780 -0.000039
488790 0.000012
488800 0.000014
488810 -0.001144
488820 0.000013
488830 0.000018
488840 0.000005
488850 0.000016
488860 -0.000016
488870 -0.000045
488880 0.000016
488890 -0.000042
488900 -0.000012
488910 0.000014
488920 -0.000004
488930 0.000013
488940 -0.000005
488950 0.000023
488960 0.000018
488970 -0.000011
488980 -0.000021
488990 0.000135
489000 0.000019
489010 0.000014
489020 0.000017
489030 -0.000004
489040 -0.000033
489050 -0.001127
489060 0.000021
489070 -0.001042
489080 0.000015
489090 0.000010
489100 0.000019
489110 0.000013
489120 0.000006
489140 -0.001106
489150 0.000015
489160 -0.000005
489170 0.000014
489180 0.000010
489190 0.000006
489200 0.000005
489210 0.000020
489230 0.000019
489240 0.000011
489250 0.000012
489260 -0.000033
489270 -0.000045
489280 0.000016
489290 -0.001084
489300 0.000008
489310 0.000021
489320 -0.000048
489330 0.000009
489340 0.000005
489350 0.000007
489360 -0.000044
489370 0.000009
489380 -0.000045
489390 0.000015
489400 0.000016
489410 0.000017
489420 0.000001
489430 -0.001034
489440 0.000016
489450 0.000010
489460 0.000022
489470 0.000003
489480 0.000017
489490 0.000016
489500 0.000011
489510 0.000011
489520 -0.000007
489530 0.000021
489540 -0.001318
489550 0.000017
489560 0.000014
489570 -0.000044
489580 0.000010
489590 0.000013
489600 -0.000042
489610 0.000015
489620 0.000009
489630 0.000012
489640 0.000005
489650 0.000019
489660 0.000017
489670 -0.001160
489680 -0.000027
489690 -0.001113
489700 -0.000049
489710 0.000018
489730 0.000004
489750 0.000008
489760 0.000012
489770 0.000008
489780 0.000014
489800 -0.000037
489810 0.000013
489820 0.000013
489830 0.000012
489840 0.000013
489850 0.000008
489860 0.000016
489880 0.000015
489890 0.000009
489900 0.000015
489910 0.000009
489920 0.000002
489930 -0.001087
489940 0.000012
489950 -0.000043
489960 0.000017
489970 0.000006
489980 0.000013
489990 0.000018
490000 0.000018
490010 0.000012
490020 -0.000046
490030 0.000011
490040 0.000009
490050 0.000009
490060 0.000023
490070 0.000011
490080 0.000014
490090 -0.001117
490100 0.000008
490110 -0.000300
490120 -0.000040
490130 0.000000
490140 0.000012
490150 -0.000039
490160 0.000000
490170 0.000022
490180 0.000018
490190 0.000017
490200 -0.000005
490210 -0.001042
490220 0.000012
490230 -0.000016
490240 -0.000013
490250 -0.000042
490260 0.000018
490270 0.000017
490280 -0.000042
490290 0.000014
490300 -0.001100
490310 0.000018
490320 0.000023
490330 0.000017
490340 -0.000045
490350 -0.000031
490360 0.000011
490370 0.000012
490380 0.000017
490390 0.000010
490400 0.000017
490410 -0.000018
490420 -0.000053
490430 0.000002
490440 0.000011
490450 0.000002
490460 0.000009
490470 0.000016
490480 -0.000042
490490 -0.000036
490500 0.000021
490520 0.000004
490530 0.000010
490540 0.000017
490550 -0.000044
490560 0.000007
490570 -0.001090
490580 0.000010
490590 0.000016
490600 0.000011
490610 0.000012
490620 -0.000058
490630 -0.000018
490640 -0.000003
490650 0.000016
490660 0.000003
490670 0.000040
490680 0.000010
490700 -0.000013
490710 0.000013
490720 -0.001090
490730 0.000016
490740 -0.001078
490760 0.000016
490770 0.000014
490780 -0.000044
490790 -0.000006
490800 -0.000006
490810 0.000010
490820 0.000015
490830 -0.000021
490840 0.000008
490850 -0.000003
490860 -0.000039
490870 0.000319
490880 0.000010
490890 0.000036
490900 0.000014
490910 0.000009
490920 0.000010
490930 0.000014
490940 0.000018
490950 0.000021
490960 0.000004
490970 0.000016
490980 0.000012
490990 -0.000019
491000 -0.000015
491010 -0.000033
491020 0.000013
491030 -0.001169
491040 0.000015
491050 0.000007
491060 -0.000019
491070 0.000018
491090 0.000017
491100 0.000014
491110 -0.000024
491120 -0.001120
491130 0.000013
491140 0.000013
491150 -0.000046
491160 -0.000003
491170 -0.001162
491180 -0.000035
491190 0.000013
491200 -0.000050
491210 0.000013
491220 0.000010
491230 0.000010
491240 0.000016
491250 0.000018
491270 0.000018
491280 -0.001090
491300 0.000009
491310 0.000013
491320 -0.000038
491340 0.000011
491350 -0.000001
491360 0.000011
491370 0.000007
491380 0.000017
491390 -0.000044
491400 0.000018
491420 0.000021
491430 0.000009
491440 0.000012
491450 0.000016
491460 -0.000027
491470 0.000009
491480 -0.000039
491490 0.000015
491500 0.000019
491510 -0.000030
491520 -0.000008
491530 0.000018
491540 -0.000032
491550 -0.000001
491560 -0.000042
491570 0.000018
491580 -0.000050
491590 0.000016
491600 0.000011
491610 0.000015
491620 -0.000032
491630 0.000016
491640 -0.000038
491650 0.000018
491660 0.000018
491670 0.000014
491680 0.000005
491690 0.000007
491700 0.000011
491710 0.000016
491720 0.000008
491730 -0.001090
491740 0.000006
491750 -0.001210
491760 -0.001197
491770 0.000015
491780 -0.001114
491790 0.000016
491800 -0.000018
491820 0.000013
491830 0.000016
491840 -0.001019
491850 0.000012
491860 -0.000091
491870 0.000052
491890 -0.000035
491900 -0.001231
491910 0.000007
491920 0.000009
491930 0.000015
491940 -0.000044
491950 0.000016
491960 0.000018
491980 0.000003
491990 0.000008
492000 0.000003
492010 0.000014
492020 0.000000
492030 0.000008
492040 0.000014
492050 0.000006
492060 0.000012
492070 0.000022
492080 -0.000041
492090 0.000011
492100 -0.001401
492110 0.000014
492120 -0.001014
492130 0.000020
492140 0.000013
492150 0.000015
492160 -0.000050
492170 0.000020
492180 -0.001158
492190 0.000001
492200 0.000010
492210 -0.000029
492220 0.000010
492230 0.000001
492240 -0.001114
492250 0.000027
492270 -0.000015
492280 0.000016
492290 0.000013
492300 0.000011
492310 -0.000007
492320 -0.000024
492330 0.000014
492340 0.000010
492350 0.000013
492360 0.000002
492370 -0.000038
492380 -0.000012
492390 0.000008
492400 -0.000021
492410 0.000020
492420 -0.000039
492430 0.000008
492440 0.000002
492450 0.000021
492460 0.000010
492470 0.000009
492480 -0.001080
492490 0.000020
492500 -0.000042
492510 0.000013
492520 0.000015
492530 0.000069
492540 0.000010
492550 -0.000007
492560 -0.000039
492570 -0.000107
492580 0.000013
492590 0.000017
492600 -0.000001
492610 0.000023
492620 0.000012
492630 -0.000109
492640 0.000014
492650 0.000016
492660 -0.000041
492670 0.000012
492680 0.000016
492690 0.000004
492700 -0.001192
492710 0.000019
492720 0.000009
492730 0.000019
492740 -0.000015
492750 0.000013
492760 0.000019
492770 0.000015
492780 -0.000027
492790 0.000014
492800 0.000013
492810 -0.000015
492820 0.000011
492830 -0.000027
492840 0.000004
492850 0.000004
492860 -0.000015
492880 0.000029
492890 -0.000049
492900 0.000013
492910 0.000006
492920 0.000011
492930 0.000010
492940 -0.000006
492950 0.000020
492960 0.000000
492970 0.000015
492980 0.000016
492990 0.000017
493000 0.000019
493010 0.000015
493020 0.000008
493030 0.000016
493040 0.000001
493050 -0.000013
493060 -0.000035
493070 0.000020
493080 0.000012
493090 -0.000047
493100 -0.000024
493120 0.000019
493130 -0.000017
493140 0.000015
493150 0.000006
493160 0.000008
493170 -0.000027
493180 -0.000000
493190 0.000003
493200 0.000003
493210 0.000008
493220 0.000025
493230 0.000002
493240 -0.000045
493250 -0.001032
493260 0.000015
493270 0.000019
493280 0.000017
493290 0.000006
493300 0.000023
493310 0.000015
493320 0.000016
493330 0.000021
493340 0.000018
493350 0.000016
493360 0.000014
493370 -0.000010
493380 0.000014
493390 0.000011
493400 0.000002
493410 0.000012
493420 0.000015
493430 0.000000
493450 0.000010
493460 0.000021
493470 -0.000004
493480 0.000016
493490 0.000015
493500 0.000017
493510 0.000014
493520 -0.000043
493530 -0.000030
493540 -0.000045
493550 0.000017
493560 0.000020
493570 0.000015
493580 0.000007
493600 -0.000010
493610 0.000016
493620 -0.001092
493630 0.000017
493640 -0.000007
493650 -0.000040
493660 0.000013
493670 0.000011
493680 -0.000057
493690 0.000021
493700 -0.000037
493710 0.000015
493720 0.000013
493730 -0.000042
493740 -0.000041
493750 0.000020
493760 0.000014
493770 0.000015
493780 0.000009
493790 0.000014
493800 -0.001122
493810 -0.000048
493820 0.000022
493830 -0.000045
493840 0.000014
493850 -0.000106
493860 0.000008
493870 0.000012
493880 -0.001130
493890 0.000015
493900 -0.001115
493910 -0.000051
493920 -0.001110
493930 -0.000020
493940 0.000020
493950 0.000029
493960 -0.001112
493970 -0.001080
493980 0.000007
493990 -0.000046
494000 -0.000102
494010 -0.000007
494020 -0.000016
494030 0.000017
494040 0.000011
494050 0.000004
494060 0.000016
494070 0.000018
494080 -0.001083
494090 -0.001076
494100 -0.001114
494110 0.000010
494120 0.000008
494130 0.000042
494140 0.000010
494150 0.000018
494160 0.000007
494170 -0.000043
494180 0.000015
494190 0.000013
494200 0.000012
494210 -0.000001
494220 0.000009
494230 -0.000043
494250 0.000015
494260 0.000017
494270 -0.000015
494280 0.000014
494290 0.000012
494300 0.000017
494310 0.000006
494320 0.000019
494330 -0.000040
494340 -0.000039
494350 -0.000020
494360 0.000015
494370 0.000848
494380 0.000016
494390 0.000021
494410 -0.000041
494420 -0.000025
494430 0.000013
494440 0.000012
494450 0.000011
494460 -0.000006
494470 0.000014
494480 -0.000038
494490 0.000013
494500 -0.000036
494520 -0.000001
494530 -0.001340
494540 0.000014
494550 0.000014
494560 -0.000008
494570 -0.000014
494580 0.000013
494590 0.000014
494600 -0.001238
494610 0.000015
494620 0.000018
494630 -0.000006
494640 0.000024
494650 0.000019
494660 0.000015
494670 -0.000024
494680 0.000001
494690 0.000016
494700 0.000021
494710 0.000013
494720 -0.000024
494730 0.000005
494740 -0.000574
494750 0.000018
494760 0.000013
494770 -0.000041
494780 0.000011
494790 0.000015
494800 -0.000011
494810 0.000014
494830 0.000006
494840 0.000002
494850 0.000013
494860 0.000017
494870 0.000021
494880 0.000013
494890 -0.001196
494900 0.000018
494910 0.000013
494920 0.000011
494930 0.000017
494950 0.000012
494960 0.000013
494970 0.000019
494980 0.000005
494990 0.000017
495000 -0.000047
495010 0.000011
495020 0.000007
495030 0.000009
495040 -0.000046
495050 0.000003
495060 -0.000043
495070 0.000005
495080 0.000020
495090 0.000004
495100 -0.000001
495110 -0.000019
495120 0.000014
495130 0.000004
495140 0.000018
495150 0.000014
495160 -0.001102
495170 0.000020
495180 -0.000053
495190 0.000009
495200 0.000017
495210 -0.000108
495220 0.000015
495230 0.000014
495240 0.000015
495260 0.000018
495270 0.000015
495280 0.000011
495290 -0.000007
495310 -0.000035
495320 0.000022
495330 -0.000040
495340 0.000019
495350 0.000012
495360 0.000016
495370 0.000002
495380 -0.000042
495390 -0.000042
495400 0.000012
495410 0.000001
495420 0.000009
495430 0.000027
495440 0.000015
495450 0.000004
495460 0.000010
495470 0.000018
495480 0.000019
495490 -0.001016
495500 0.000012
495510 0.000015
495520 -0.000033
495530 -0.000047
495540 -0.000004
495550 0.000020
495560 -0.000036
495570 0.000008
495580 0.000002
495590 0.000014
495600 -0.000045
495610 -0.000107
495630 0.000004
495640 0.000015
495650 0.000014
495660 0.000006
495670 -0.000007
495680 -0.000008
495690 -0.001105
495700 0.000009
495710 0.000018
495720 0.000011
495730 0.000017
495740 0.000018
495750 0.000011
495760 -0.000043
495770 0.000013
495780 -0.000040
495790 -0.000012
495800 0.000023
495810 -0.000038
495820 -0.000021
495830 -0.000048
495840 -0.000040
495850 0.000020
495860 0.000017
495870 0.000003
495880 0.000027
495900 -0.000047
495910 0.000017
495920 0.000010
495930 -0.000011
495940 0.000004
495950 0.000013
495960 -0.000045
495970 0.000016
495980 0.000013
495990 -0.000010
496000 0.000016
496010 0.000013
496020 0.000011
496030 0.000004
496040 0.000018
496050 -0.000011
496060 -0.000041
496070 -0.001126
496080 0.000004
496090 0.000009
496100 0.000018
496120 0.000016
496130 0.000006
496140 0.000017
496150 0.000014
496160 0.000015
496170 0.000026
496180 -0.000031
496190 0.000014
496200 0.000008
496210 0.000017
496220 -0.000036
496230 0.000017
496240 0.000014
496250 -0.000033
496260 -0.001038
496270 0.000011
496280 0.000011
496290 -0.001175
496300 -0.000047
496310 0.000014
496320 0.000017
496330 -0.000050
496340 0.000018
496350 -0.000032
496360 0.000015
496370 0.000003
496380 -0.001075
496390 -0.000051
496400 0.000016
496410 -0.000037
496420 0.000014
496430 -0.001050
496440 0.000008
496450 0.000034
496460 0.000011
496470 0.000011
496480 -0.000076
496490 0.000014
496500 0.000011
496510 0.000018
496520 0.000016
496530 0.000013
496540 -0.000011
496550 0.000013
496560 0.000006
496570 -0.000056
496590 0.000013
496600 -0.000038
496610 0.000000
496620 0.000013
496630 0.000017
496640 -0.000007
496650 -0.000048
496660 -0.001098
496670 0.000011
496680 0.000015
496690 -0.000001
496700 0.000005
496710 -0.000007
496720 0.000016
496730 0.000016
496740 0.000007
496750 0.000012
496760 -0.000071
496770 0.000009
496780 -0.000007
496790 0.000007
496800 0.000013
496810 0.000016
496820 -0.000028
496830 0.000014
496840 0.000013
496850 -0.000040
496860 -0.000043
496870 -0.001112
496880 0.000015
496890 0.000003
496900 0.000014
496910 0.000008
496920 -0.000045
496930 -0.000010
496940 0.000018
496950 -0.000025
496960 -0.000003
496970 -0.000095
496980 0.000013
496990 0.000018
497000 0.000012
497010 0.000007
497020 -0.001260
497030 0.000019
497040 0.000019
497050 -0.000106
497060 0.000005
497070 -0.000000
497080 -0.000039
497090 -0.000033
497100 0.000165
497110 0.000000
497120 0.000007
497130 0.000013
497140 -0.001067
497150 -0.000003
497160 -0.000044
497170 0.000011
497180 -0.001109
497190 -0.001068
497200 -0.000041
497210 0.000011
497220 0.000021
497230 0.000020
497240 0.000014
497250 0.000014
497260 0.000010
497270 0.000021
497280 0.000015
497290 -0.000001
497300 -0.001145
497310 0.000018
497320 0.000011
497340 0.000012
497350 -0.000045
497360 0.000011
497370 0.000015
497380 -0.000001
497390 0.000009
497400 -0.000049
497410 0.000006
497420 0.000015
497430 0.000010
497440 0.000013
497460 0.000025
497470 -0.000025
497480 0.000004
497490 0.000019
497500 0.000011
497510 -0.000042
497520 0.000010
497530 0.000014
497540 -0.000049
497550 0.000017
497560 0.000014
497570 0.000000
497580 -0.000045
497590 0.000018
497600 0.000010
497610 0.000006
497620 0.000001
497630 0.000014
497640 0.000011
497650 0.000009
497660 0.000019
497670 0.000020
497680 0.000017
497700 0.000010
497710 0.000008
497720 -0.000001
497730 -0.000037
497740 0.000016
497750 0.000009
497760 0.000002
497770 0.000006
497780 0.000025
497790 0.000016
497800 0.000017
497810 0.000022
497820 0.000017
497830 -0.000001
497840 -0.001258
497850 -0.000046
497860 0.000017
497870 0.000003
497880 -0.000049
497890 0.000016
497900 -0.000009
497910 0.000016
497920 0.000002
497930 0.000007
497940 -0.000046
497950 0.000018
497960 0.000005
497970 0.000015
497980 0.000020
497990 0.000011
498000 0.000024
498010 0.000018
498020 0.000013
498030 -0.000045
498040 0.000005
498050 0.000017
498060 0.000006
498070 0.000006
498080 0.000000
498090 0.000001
498100 0.000018
498110 -0.000018
498120 0.000014
498130 -0.000051
498140 0.000009
498150 -0.000013
498170 -0.000003
498180 0.000008
498190 -0.000016
498200 -0.000038
498210 -0.000001
498220 0.000014
498230 0.000013
498240 -0.001150
498250 0.000008
498260 0.000006
498270 0.000009
498280 0.000014
498290 0.000015
498300 -0.001195
498310 0.000005
498320 0.000013
498330 0.000016
498340 -0.000037
498360 -0.001128
498380 -0.001149
498390 0.000010
498400 0.000013
498410 0.000011
498420 0.000016
498430 0.000016
498450 -0.000047
498460 0.000013
498470 -0.001079
498480 0.000010
498490 0.000012
498500 0.000012
498510 0.000010
498520 0.000014
498530 -0.001178
498540 -0.000054
498560 0.000013
498570 0.000010
498580 -0.000051
498590 0.000010
498600 -0.000041
498610 0.000030
498620 0.000021
498630 0.000015
498640 -0.000048
498650 0.000010
498660 0.000018
498670 -0.000017
498680 -0.000035
498690 0.000007
498700 -0.000037
498710 -0.001090
498720 0.000011
498730 0.000011
498740 -0.001095
498750 0.000010
498770 0.000008
498780 0.000003
498790 0.000029
498800 0.000017
498810 0.000013
498820 0.000015
498830 0.000014
498840 0.000011
498850 0.000017
498860 -0.000013
498870 0.000017
498880 0.000018
498890 -0.000005
498900 -0.000000
498910 0.000013
498920 0.000014
498930 -0.000045
498940 0.000018
498950 0.000020
498960 0.000018
498970 -0.000046
498980 -0.000040
498990 0.000012
499000 0.000015
499010 0.000006
499020 0.000004
499030 0.000009
499040 0.000020
499050 0.000007
499060 -0.000048
499070 0.000007
499080 0.000018
499090 0.000017
499100 0.000009
499110 -0.000110
499120 0.000014
499130 -0.000022
499140 0.000014
499170 0.000017
499180 -0.000016
499190 0.000004
499200 0.000015
499210 -0.000173
499220 0.000004
499240 -0.001101
499250 0.000026
499260 0.000018
499270 0.000018
499290 -0.000015
499300 0.000014
499310 -0.000023
499320 0.000015
499330 0.000000
499340 -0.001214
499350 -0.000024
499360 -0.000007
499370 0.000019
499380 0.000018
499390 0.000018
499400 0.000020
499410 0.000003
499420 0.000012
499430 0.000015
499440 0.000015
499450 0.000015
499460 -0.000046
499470 0.000020
499480 0.000017
499490 0.000001
499500 0.000014
499510 0.000017
499520 -0.000045
499530 0.000017
499540 0.000016
499550 -0.000005
499560 0.000017
499570 -0.000039
499580 0.000012
499590 0.000013
499600 0.000019
499610 0.000006
499620 0.000011
499630 0.000020
499640 0.000016
499650 -0.000006
499660 -0.000108
499670 -0.000025
499680 0.000015
499690 -0.000035
499700 0.000011
499710 -0.001099
499720 0.000014
499730 0.000007
499750 -0.000038
499760 0.000013
499770 0.000017
499780 0.000012
499790 0.000004
499800 -0.000051
499810 0.000002
499820 0.000011
499830 0.000018
499840 0.000025
499850 0.000011
499860 0.000013
499870 0.000003
499880 0.000025
499890 -0.000002
499900 0.000015
499910 -0.000051
499920 -0.000047
499930 0.000018
499940 0.000016
499950 -0.000055
499960 0.000019
499970 -0.000003
499980 0.000014
499990 0.000015
