0 0.287002
10 0.184026
20 0.122004
30 0.113352
40 0.110993
50 0.080969
60 0.073872
70 0.061753
80 0.052229
90 0.071446
100 0.061002
110 0.050424
120 0.046741
130 0.030717
140 0.037228
150 0.037965
160 0.048922
170 0.044605
180 0.027801
190 0.028262
200 0.035828
210 0.033122
220 0.033247
230 0.032818
240 0.025789
250 0.022204
260 0.025036
270 0.029921
280 0.015441
290 0.029452
300 0.021271
310 0.020769
320 0.028299
330 0.025072
340 0.020249
350 0.024121
360 0.025979
370 0.024091
380 0.017828
390 0.012823
400 0.031493
410 0.016026
420 0.028652
430 0.031446
440 0.016952
450 0.028793
460 0.022901
470 0.028691
480 0.017899
490 0.024629
500 0.019213
510 0.024493
520 0.034496
530 0.012914
540 0.049395
550 0.029359
560 0.020333
570 0.027540
580 0.023842
590 0.021740
600 0.026016
610 0.025914
620 0.022763
630 0.034733
640 0.032535
650 0.011828
660 0.013173
670 0.025312
680 0.026220
690 0.022449
700 0.025093
710 0.019483
720 0.022912
730 0.020151
740 0.023805
750 0.022197
760 0.019049
770 0.019742
780 0.019464
790 0.054452
800 0.013415
810 0.019745
820 0.027676
830 0.014770
840 0.053517
850 0.016652
860 0.020299
870 0.018145
880 0.037330
890 0.024084
900 0.017640
910 0.034506
920 0.019822
930 0.026134
940 0.022017
950 0.034043
960 0.048355
970 0.022302
980 0.023114
990 0.021351
1000 0.034916
1010 0.023845
1020 0.023498
1030 0.020507
1040 0.024060
1050 0.025172
1060 0.028778
1070 0.028309
1080 0.017743
1090 0.032353
1100 0.023251
1110 0.028276
1120 0.029252
1130 0.023381
1140 0.032048
1150 0.045626
1160 0.023405
1170 0.025363
1180 0.028856
1190 0.017620
1200 0.022889
1210 0.027336
1220 0.043229
1230 0.023901
1240 0.024610
1250 18.190017
1260 0.027552
1270 0.019735
1280 0.024859
1290 0.026884
1300 0.020541
1310 0.023947
1320 0.025441
1330 0.017310
1340 0.030075
1350 0.019313
1360 0.021183
1370 0.021192
1380 0.019888
1390 0.019497
1400 0.023521
1410 0.022980
1420 0.021544
1430 0.020008
1440 0.022843
1450 0.019499
1460 0.030352
1470 0.024322
1480 0.027418
1490 0.019728
1500 0.024761
1510 0.021612
1520 0.016940
1530 0.024237
1540 0.015386
1550 0.021136
1560 0.022647
1570 0.023927
1580 0.018890
1590 0.041557
1600 0.026752
1610 0.019441
1620 0.019729
1630 0.038810
1640 0.026592
1650 0.024045
1660 0.014539
1670 0.017441
1680 0.016082
1690 0.024013
1700 0.020067
1710 0.028548
1720 0.025074
1730 0.015023
1740 0.024076
1750 0.038210
1760 0.017665
1770 0.022451
1780 0.023733
1790 0.023598
1800 0.029633
1810 0.014688
1820 0.020870
1830 0.021376
1840 0.020188
1850 0.025350
1860 0.019491
1870 0.013326
1880 0.014779
1890 0.023803
1900 0.020029
1910 0.020385
1920 0.023767
1930 0.016946
1940 0.019684
1950 0.022401
1960 0.056824
1970 0.021042
1980 0.018468
1990 0.017613
2000 0.021607
2010 0.022619
2020 0.014840
2030 0.026039
2040 0.020708
2050 0.010964
2060 0.018015
2070 0.024760
2080 0.020498
2090 0.019045
2100 0.019614
2110 0.019289
2120 0.021561
2130 0.014173
2140 0.045297
2150 0.023115
2160 0.029502
2170 0.024615
2180 0.023039
2190 0.020708
2200 0.022311
2210 0.016788
2220 0.022722
2230 0.016716
2240 0.021727
2250 0.014664
2260 0.021088
2270 0.008600
2280 0.021743
2290 0.014696
2300 0.026958
2310 0.031154
2320 0.019077
2330 0.014161
2340 0.013487
2350 0.017273
2360 0.016338
2370 0.045944
2380 0.022194
2390 0.015680
2400 0.021293
2410 0.022693
2420 0.032760
2430 0.013955
2440 0.023237
2450 0.015250
2460 0.020978
2470 0.016961
2480 0.024247
2490 0.017785
2500 0.006821
2510 0.016011
2520 0.022906
2530 0.015647
2540 0.027686
2550 0.016642
2560 0.015414
2570 18.354505
2580 0.016074
2590 0.014992
2600 0.016458
2610 0.027583
2620 0.014495
2630 18.259483
2640 0.014503
2650 0.016473
2660 0.016645
2670 0.031543
2680 0.027445
2690 0.013967
2700 0.014984
2710 0.015142
2720 0.042034
2730 0.027041
2740 0.016228
2750 0.012699
2760 0.019696
2770 0.020580
2780 0.005515
2790 0.024444
2800 0.020058
2810 0.025644
2820 0.016189
2830 0.013455
2840 0.013113
2850 0.029692
2860 0.021703
2870 0.019098
2880 0.026380
2890 0.010152
2900 0.015798
2910 0.010582
2920 0.020850
2930 0.013114
2940 0.008726
2950 0.015606
2960 0.008585
2970 0.015263
2980 0.014968
2990 0.012144
3000 0.010026
3010 0.012911
3020 0.009479
3030 0.016970
3040 0.021820
3050 0.013437
3060 0.015588
3070 0.017636
3080 0.010251
3090 0.017801
3100 0.019024
3110 0.019694
3120 0.010689
3130 0.012983
3140 0.012481
3150 0.014269
3160 0.008967
3170 0.017140
3180 0.016754
3190 0.012810
3200 0.014880
3210 0.009000
3220 0.020170
3230 0.013884
3240 0.007759
3250 0.011419
3260 0.019575
3270 0.017156
3280 0.022146
3290 0.009980
3300 0.006010
3310 0.023954
3320 0.011077
3330 0.014576
3340 0.013261
3350 0.018416
3360 0.014523
3370 0.027190
3380 0.014245
3390 0.014343
3400 0.014519
3410 0.021721
3420 0.018303
3430 0.015756
3440 0.026106
3450 0.026426
3460 0.005905
3470 0.014288
3480 0.007244
3490 0.011280
3500 0.016198
3510 0.012879
3520 0.011828
3530 0.019583
3540 0.021558
3550 0.021818
3560 0.009855
3570 0.015533
3580 0.015592
3590 0.015139
3600 0.021671
3610 0.010945
3620 0.009470
3630 0.020659
3640 0.011748
3650 0.015634
3660 0.012165
3670 0.027217
3680 0.012310
3690 0.015374
3700 0.006150
3710 0.013136
3720 0.013157
3730 0.010124
3740 0.011916
3750 0.004109
3760 0.009135
3770 0.012362
3780 0.032823
3790 0.011963
3800 0.008901
3810 0.006424
3820 0.014896
3830 0.008995
3840 0.012667
3850 0.013633
3860 18.079023
3870 0.012232
3880 0.015777
3890 0.010487
3900 0.015394
3910 0.006319
3920 0.014589
3930 0.010241
3940 0.016037
3950 0.036942
3960 0.007989
3970 0.021218
3980 0.013928
3990 0.006000
4000 0.009988
4010 0.007613
4020 0.024342
4030 0.031676
4040 0.005330
4050 0.031894
4060 0.015646
4070 0.013535
4080 0.009917
4090 0.018863
4100 0.014716
4110 0.009121
4120 0.018530
4130 0.011176
4140 0.012804
4150 0.009508
4160 0.008962
4170 0.018112
4180 0.017660
4190 0.009462
4200 0.011438
4210 0.008705
4220 0.010285
4230 0.018123
4240 0.008823
4250 0.009542
4260 0.025301
4270 0.014068
4280 0.012925
4290 0.007491
4300 0.022303
4310 0.022293
4320 0.008333
4330 0.013266
4340 0.011768
4350 0.015647
4360 0.009244
4370 0.013193
4380 0.012589
4390 0.006610
4400 0.012425
4410 0.007613
4420 0.010659
4430 0.012191
4440 0.010415
4450 0.016324
4460 0.011544
4470 0.010262
4480 0.010553
4490 0.010029
4500 0.029897
4510 0.010234
4520 0.024394
4530 0.010211
4540 0.017539
4550 0.007764
4560 0.003831
4570 0.007861
4580 0.012524
4590 0.011220
4600 0.018364
4610 0.009174
4620 0.010210
4630 0.010645
4640 0.014147
4650 0.009917
4660 0.022540
4670 0.009662
4680 0.035776
4690 0.024010
4700 0.020425
4710 0.010934
4720 0.014879
4730 0.019343
4740 0.011285
4750 0.015931
4760 0.016990
4770 0.007516
4780 0.013798
4790 0.011159
4800 0.023261
4810 0.011772
4820 0.010779
4830 0.014485
4840 0.006383
4850 0.024246
4860 0.010290
4870 0.019748
4880 0.009783
4890 0.010235
4900 0.012339
4910 0.011574
4920 0.011015
4930 0.008279
4940 0.020952
4950 0.013541
4960 0.010750
4970 0.009438
4980 0.008192
4990 0.004023
5000 0.006614
5010 0.023297
5020 0.007215
5030 0.012436
5040 0.010225
5050 0.011971
5060 0.010670
5070 0.014126
5080 0.012600
5090 0.008159
5100 0.014493
5110 0.010130
5120 0.009795
5130 0.010780
5140 0.005009
5150 0.009050
5160 0.006143
5170 0.014483
5180 0.011903
5190 0.007985
5200 0.009398
5210 0.009991
5220 0.004246
5230 0.010991
5240 0.014565
5250 0.006174
5260 0.007742
5270 0.012023
5280 0.005376
5290 0.013553
5300 0.008499
5310 0.008430
5320 0.010107
5330 0.006568
5340 0.013966
5350 0.011307
5360 0.008798
5370 0.020784
5380 0.004295
5390 0.006871
5400 0.012749
5410 0.009275
5420 0.001793
5430 0.034903
5440 0.006424
5450 0.008356
5460 0.008038
5470 0.006262
5480 0.005033
5490 0.007652
5500 0.009723
5510 0.011383
5520 0.006736
5530 0.007534
5540 0.010082
5550 0.026322
5560 0.008261
5570 17.859358
5580 0.003368
5590 0.014690
5600 0.013680
5610 0.017236
5620 0.008744
5630 0.004608
5640 0.011974
5650 0.005977
5660 0.009088
5670 0.008912
5680 0.026757
5690 0.011200
5700 0.006637
5710 0.010399
5720 0.009799
5730 0.001431
5740 0.003131
5750 0.002300
5760 0.004863
5770 0.009920
5780 0.004739
5790 0.024752
5800 0.008319
5810 0.016732
5820 0.006522
5830 0.008168
5840 0.023743
5850 0.002087
5860 0.002546
5870 0.007356
5880 0.006637
5890 0.015044
5900 0.005409
5910 0.010202
5920 0.011352
5930 0.007997
5940 0.001984
5950 0.007532
5960 0.012762
5970 0.000830
5980 0.004755
5990 0.009527
6000 0.009087
6010 0.017613
6020 0.014726
6030 0.023285
6040 0.002121
6050 0.011622
6060 0.009415
6070 0.009014
6080 0.005198
6090 0.019399
6100 0.001303
6110 0.024081
6120 0.017355
6130 0.002949
6140 0.032357
6150 0.034703
6160 0.018766
6170 0.012305
6180 0.008400
6190 0.005195
6200 0.015540
6210 0.010585
6220 0.011861
6230 0.035740
6240 0.033581
6250 0.020353
6260 0.013076
6270 0.006578
6280 0.019926
6290 0.013035
6300 0.015478
6310 0.016827
6320 0.111362
6330 0.070529
6340 0.087158
6350 0.041978
6360 0.024286
6370 0.018530
6380 0.010247
6390 0.024609
6400 0.009356
6410 0.010333
6420 0.019522
6430 0.015136
6440 0.034360
6450 0.007042
6460 0.016064
6470 0.017653
6480 0.014021
6490 0.030377
6500 0.011160
6510 0.009669
6520 0.014797
6530 0.025784
6540 0.003201
6550 0.008834
6560 0.005184
6570 0.007097
6580 0.005863
6590 0.002726
6600 0.030255
6610 0.001751
6620 0.011543
6630 0.015077
6640 0.002452
6650 0.002947
6660 0.013154
6670 0.014492
6680 -0.005369
6690 0.010737
6700 0.019956
6710 0.005391
6720 0.006902
6730 0.004414
6740 0.004763
6750 0.010497
6760 0.009760
6770 0.012404
6780 0.005616
6790 0.022069
6800 0.006275
6810 0.006386
6820 0.016473
6830 1.273079
6840 0.005209
6850 0.009432
6860 0.072792
6870 0.010240
6880 1.511157
6890 0.003146
6900 0.020827
6910 0.003238
6920 0.008799
6930 0.019697
6940 0.005397
6950 -0.000869
6960 0.005745
6970 0.008652
6980 0.003785
6990 -0.000717
7000 0.008747
7010 0.198354
7020 0.020848
7030 0.019189
7040 0.009813
7050 0.006345
7060 0.016211
7070 0.033706
7080 0.010684
7090 0.018369
7100 0.005092
7110 0.021552
7120 0.009344
7130 0.007944
7140 0.008051
7150 0.014561
7160 0.007337
7170 0.016727
7180 0.054983
7190 0.019720
7200 0.009464
7210 0.007438
7220 0.011976
7230 0.004408
7240 0.007318
7250 0.019668
7260 0.002077
7270 0.015610
7280 0.012162
7290 0.008051
7300 0.005530
7310 0.011415
7320 0.108623
7330 0.003367
7340 0.007362
7350 0.003557
7360 0.000998
7370 0.002205
7380 0.013308
7390 0.011191
7400 0.013757
7410 0.008490
7420 0.010590
7430 0.006492
7440 0.009890
7450 0.007968
7460 0.011069
7470 0.001130
7480 0.047559
7490 0.009071
7500 0.007196
7510 0.007456
7520 0.005219
7530 0.000164
7540 0.007983
7550 0.008109
7560 0.003728
7570 0.005494
7580 0.006795
7590 0.009047
7600 0.014450
7610 0.015099
7620 0.001689
7630 0.003986
7640 0.006699
7650 0.013504
7660 0.004392
7670 0.009849
7680 0.009901
7690 0.006918
7700 0.007197
7710 0.012176
7720 0.000454
7730 0.066895
7740 0.004535
7750 0.008611
7760 0.007238
7770 3.779412
7780 0.003134
7790 0.006825
7800 0.007982
7810 0.006161
7820 0.006311
7830 0.008964
7840 0.159455
7850 0.005432
7860 0.002803
7870 0.007397
7880 0.009714
7890 0.008852
7900 0.003323
7910 0.004725
7920 0.005702
7930 0.002131
7940 0.017496
7950 0.026209
7960 -0.003685
7970 0.006601
7980 0.008510
7990 0.009580
8000 0.000628
8010 0.000141
8020 0.004398
8030 0.002508
8040 -0.003750
8050 0.005412
8060 0.011188
8070 0.121340
8080 0.005309
8090 0.013928
8100 0.003830
8110 0.003715
8120 0.002574
8130 0.003680
8140 -0.000263
8150 0.004254
8160 0.002078
8170 0.002799
8180 0.006695
8190 0.005681
8200 0.005950
8210 0.010778
8220 0.010861
8230 0.008536
8240 0.002291
8250 0.005732
8260 0.012166
8270 0.008140
8280 0.007748
8290 -0.001916
8300 0.008874
8310 0.005350
8320 0.032822
8330 0.000722
8340 0.006619
8350 0.006153
8360 0.003918
8370 -0.000070
8380 -0.000494
8390 0.002955
8400 0.006671
8410 0.005585
8420 0.006776
8430 0.013308
8440 0.008018
8450 0.002289
8460 0.008421
8470 0.002284
8480 0.001451
8490 0.004484
8500 0.000981
8510 0.002835
8520 0.010511
8530 1.449145
8540 0.005561
8550 0.194890
8560 -0.001017
8570 0.010358
8580 0.006993
8590 0.001401
8600 0.002560
8610 0.011746
8620 0.004432
8630 0.004099
8640 0.001708
8650 0.003287
8660 0.044403
8670 0.004530
8680 0.042448
8690 0.005104
8700 0.004629
8710 0.009482
8720 0.035193
8730 0.001696
8740 0.002574
8750 0.001471
8760 0.004630
8770 -0.001376
8780 0.000497
8790 0.022180
8800 0.033050
8810 0.005580
8820 0.003511
8830 0.006331
8840 0.002949
8850 0.005216
8860 0.005931
8870 0.018816
8880 0.003583
8890 0.002773
8900 0.008842
8910 0.012476
8920 0.013368
8930 0.004241
8940 0.004902
8950 0.007196
8960 0.007426
8970 0.005192
8980 0.009216
8990 0.003419
9000 0.125277
9010 0.031626
9020 0.004874
9030 0.024960
9040 0.013323
9050 0.005481
9060 0.002111
9070 0.001610
9080 0.008771
9090 0.004090
9100 0.001875
9110 0.004428
9120 0.002370
9130 0.011372
9140 0.003163
9150 0.000800
9160 0.010968
9170 0.000831
9180 0.009332
9190 0.001880
9200 0.006371
9210 0.001802
9220 0.005845
9230 0.009871
9240 0.003606
9250 0.002581
9260 0.004037
9270 0.008558
9280 0.016386
9290 0.002590
9300 0.004703
9310 0.013594
9320 0.002969
9330 0.004054
9340 0.006671
9350 0.007443
9360 -0.001429
9370 0.032338
9380 0.001464
9390 0.001900
9400 0.001002
9410 0.013168
9420 -0.000783
9430 0.004817
9440 0.003706
9450 0.005869
9460 0.010926
9470 0.000602
9480 0.080431
9490 0.009911
9500 0.000629
9510 0.005909
9520 0.026737
9530 0.003875
9540 0.006769
9550 -0.001921
9560 0.008574
9570 0.006522
9580 0.012179
9590 0.008749
9600 0.008457
9610 0.007018
9620 0.003030
9630 0.009890
9640 0.005182
9650 -0.000380
9660 0.009926
9670 0.000957
9680 0.046822
9690 0.025704
9700 0.002436
9710 0.031913
9720 0.125510
9730 0.003615
9740 0.009683
9750 0.005193
9760 0.004924
9770 0.015393
9780 0.001984
9790 0.002076
9800 0.002850
9810 0.003931
9820 0.008941
9830 0.004924
9840 0.121244
9850 0.009226
9860 -0.000373
9870 0.001035
9880 -0.000470
9890 0.037608
9900 0.004332
9910 0.007994
9920 0.003455
9930 0.001164
9940 -0.000241
9950 0.002530
9960 -0.001308
9970 0.007900
9980 0.094919
9990 0.018733
10000 0.009603
10010 0.004564
10020 0.008444
10030 0.001621
10040 0.006604
10050 0.007315
10060 0.004459
10070 0.008092
10080 0.008212
10090 0.006115
10100 0.033875
10110 0.081807
10120 0.001813
10130 0.008503
10140 0.004322
10150 0.009225
10160 0.019453
10170 0.005872
10180 0.000368
10190 0.000383
10200 0.007525
10210 0.004669
10220 0.004039
10230 0.177129
10240 0.004307
10250 0.015205
10260 0.007128
10270 0.003071
10280 0.003917
10290 0.027646
10300 0.014738
10310 -0.001220
10320 0.218745
10330 0.056071
10340 0.006498
10350 0.013460
10360 0.001652
10370 0.008278
10380 0.021641
10390 0.004274
10400 0.002145
10410 0.002676
10420 0.001973
10430 0.005746
10440 0.002915
10450 0.008780
10460 0.120840
10470 0.017534
10480 0.004399
10490 0.107475
10500 0.015452
10510 -0.000099
10520 0.005334
10530 0.010612
10540 0.014886
10550 0.009029
10560 0.002443
10570 0.000965
10580 0.087551
10590 0.012589
10600 0.004980
10610 0.001570
10620 -0.000331
10630 0.002087
10640 0.161827
10650 -0.000150
10660 0.001864
10670 0.007568
10680 0.024175
10690 0.001626
10700 -0.000212
10710 0.003931
10720 0.013637
10730 0.000461
10740 0.001524
10750 0.001327
10760 0.073969
10770 0.002489
10780 -0.002130
10790 0.010285
10800 -0.003603
10810 0.017914
10820 0.016760
10830 0.009073
10840 0.003016
10850 0.014211
10860 0.021750
10870 0.000883
10880 0.018196
10890 0.015041
10900 0.009977
10910 0.004207
10920 0.167854
10930 0.000853
10940 0.006546
10950 0.003242
10960 0.002166
10970 0.001668
10980 0.003718
10990 0.020077
11000 0.001685
11010 0.013688
11020 -0.002043
11030 0.018509
11040 -0.001529
11050 0.004194
11060 -0.001596
11070 0.106431
11080 0.075073
11090 0.002212
11100 0.007204
11110 0.094263
11120 0.004219
11130 0.008645
11140 0.026048
11150 0.002578
11160 0.002530
11170 0.000365
11180 0.000764
11190 0.005911
11200 0.026188
11210 0.086091
11220 0.016496
11230 -0.001215
11240 0.007261
11250 0.048970
11260 0.000735
11270 0.004440
11280 0.011282
11290 0.003668
11300 0.004179
11310 0.032695
11320 0.007186
11330 0.000259
11340 0.003881
11350 0.001217
11360 0.002556
11370 0.016536
11380 0.001269
11390 0.001219
11400 0.002564
11410 0.000518
11420 0.004495
11430 0.008609
11440 0.005630
11450 0.004435
11460 0.002271
11470 0.000840
11480 0.026735
11490 0.002699
11500 0.006560
11510 0.011769
11520 0.006570
11530 0.059405
11540 0.001459
11550 0.218215
11560 0.002285
11570 0.002398
11580 0.000024
11590 0.005729
11600 0.011130
11610 0.006233
11620 0.003572
11630 0.002659
11640 -0.000571
11650 1.151610
11660 0.005668
11670 -0.002373
11680 0.008578
11690 0.008979
11700 0.013185
11710 0.005418
11720 0.012020
11730 0.011099
11740 0.005254
11750 0.004592
11760 0.016366
11770 0.115367
11780 0.004374
11790 0.001013
11800 0.001816
11810 0.005337
11820 0.164523
11830 0.027947
11840 0.006696
11850 -0.000607
11860 0.105892
11870 0.002570
11880 0.092684
11890 0.001805
11900 0.026830
11910 0.009348
11920 0.008470
11930 0.012028
11940 0.230000
11950 0.011402
11960 0.001325
11970 0.001378
11980 0.007084
11990 0.003848
12000 0.192765
12010 0.007565
12020 0.004168
12030 0.008549
12040 -0.000801
12050 0.011628
12060 0.003149
12070 0.010060
12080 0.019562
12090 0.054686
12100 0.026450
12110 0.081892
12120 0.005499
12130 0.001853
12140 0.026456
12150 0.002226
12160 0.003559
12170 -0.003229
12180 0.008834
12190 0.003067
12200 0.003374
12210 0.026747
12220 0.095417
12230 0.000909
12240 0.003407
12250 -0.001584
12260 0.010078
12270 0.014288
12280 0.009992
12290 0.017884
12300 0.001906
12310 0.027198
12320 0.038889
12330 0.008496
12340 0.014887
12350 -0.000491
12360 0.004800
12370 0.012961
12380 -0.000181
12390 0.000847
12400 0.002526
12410 0.022109
12420 0.006954
12430 0.221434
12440 0.014551
12450 0.000975
12460 0.003407
12470 0.003952
12480 0.012246
12490 0.004225
12500 0.003827
12510 0.001013
12520 -0.001336
12530 0.003407
12540 0.003988
12550 -0.001759
12560 0.000814
12570 0.001332
12580 0.002755
12590 0.008323
12600 0.008380
12610 0.010656
12620 0.179351
12630 0.001672
12640 0.010396
12650 0.007905
12660 0.001141
12670 0.005445
12680 0.004455
12690 0.000955
12700 0.000570
12710 0.001677
12720 0.000825
12730 0.001575
12740 0.007469
12750 0.000144
12760 0.003599
12770 -0.000923
12780 0.009011
12790 0.001447
12800 0.003350
12810 0.056066
12820 0.004882
12830 0.002828
12840 0.030994
12850 0.001248
12860 0.012310
12870 0.006667
12880 0.019893
12890 0.006460
12900 0.001933
12910 0.009341
12920 0.001220
12930 0.006364
12940 0.001645
12950 0.004861
12960 0.000306
12970 0.009474
12980 0.106659
12990 0.002844
13000 0.009342
13010 0.001590
13020 0.003317
13030 0.000701
13040 0.020590
13050 0.003498
13060 0.003502
13070 0.000800
13080 0.123217
13090 -0.001356
13100 0.206086
13110 0.011072
13120 0.003341
13130 -0.001096
13140 0.053067
13150 0.002406
13160 -0.001424
13170 0.005866
13180 0.001601
13190 0.021500
13200 -0.002740
13210 -0.002424
13220 0.005445
13230 0.002473
13240 0.007325
13250 0.009057
13260 0.002723
13270 0.003584
13280 0.003974
13290 0.008727
13300 0.065531
13310 0.001838
13320 0.252457
13330 -0.002716
13340 0.000366
13350 0.073155
13360 0.004561
13370 0.002265
13380 0.005639
13390 0.002209
13400 0.003311
13410 0.015563
13420 -0.002184
13430 0.008554
13440 0.010282
13450 0.008670
13460 0.001794
13470 0.007422
13480 0.003452
13490 0.002309
13500 0.003129
13510 0.003013
13520 0.006986
13530 0.020501
13540 0.006150
13550 0.033659
13560 0.006516
13570 -0.000289
13580 0.021442
13590 0.001656
13600 -0.001385
13610 0.012053
13620 0.019090
13630 0.010542
13640 0.012569
13650 0.000489
13660 0.004500
13670 0.000816
13680 0.006504
13690 0.005794
13700 0.004815
13710 0.002390
13720 0.001983
13730 -0.000603
13740 0.006373
13750 0.095582
13760 0.001484
13770 0.022967
13780 0.003241
13790 0.004683
13800 0.003662
13810 0.005924
13820 0.015351
13830 0.012261
13840 0.000542
13850 0.004480
13860 0.298236
13870 0.002847
13880 0.061220
13890 0.239525
13900 0.022628
13910 0.008199
13920 0.025339
13930 0.002509
13940 0.004587
13950 0.017605
13960 0.014263
13970 0.006698
13980 0.014811
13990 0.008260
14000 2.186613
14010 0.004044
14020 0.014360
14030 0.000395
14040 -0.002759
14050 0.004533
14060 0.002385
14070 0.015931
14080 0.003186
14090 0.007053
14100 -0.000728
14110 0.001446
14120 0.130361
14130 0.004011
14140 0.011678
14150 0.007871
14160 0.000309
14170 0.006190
14180 0.003707
14190 0.002603
14200 0.009922
14210 0.006810
14220 0.002952
14230 0.000734
14240 -0.000303
14250 0.004507
14260 0.012718
14270 -0.000165
14280 0.001445
14290 0.013704
14300 0.009233
14310 0.015496
14320 0.007776
14330 0.001696
14340 0.005388
14350 0.001667
14360 0.001634
14370 0.001626
14380 0.002842
14390 0.005237
14400 0.000266
14410 0.000964
14420 0.012278
14430 0.022608
14440 0.003014
14450 0.001284
14460 0.156696
14470 0.004062
14480 0.003390
14490 0.002077
14500 0.008036
14510 0.020093
14520 0.005182
14530 0.112193
14540 0.013615
14550 -0.002522
14560 0.000138
14570 0.001110
14580 0.152328
14590 0.004167
14600 0.002070
14610 0.005998
14620 0.000258
14630 0.001249
14640 0.006553
14650 0.023386
14660 0.008195
14670 0.001446
14680 0.000626
14690 0.001136
14700 0.000081
14710 0.000979
14720 0.003907
14730 0.019146
14740 0.003196
14750 0.000452
14760 0.001979
14770 0.004054
14780 0.020133
14790 0.000024
14800 0.012808
14810 0.002388
14820 0.000998
14830 0.002756
14840 0.006518
14850 -0.000756
14860 0.012680
14870 0.002124
14880 0.020286
14890 0.005096
14900 0.015450
14910 0.004255
14920 0.004309
14930 0.000280
14940 0.004261
14950 0.001466
14960 0.015504
14970 0.014944
14980 0.000541
14990 0.001137
15000 -0.000714
15010 0.001081
15020 0.005696
15030 0.002309
15040 0.001675
15050 -0.000603
15060 0.004915
15070 0.004352
15080 0.003442
15090 0.020046
15100 0.001279
15110 0.003035
15120 0.001208
15130 0.001964
15140 0.114409
15150 0.001294
15160 0.007333
15170 0.009208
15180 0.000682
15190 0.002776
15200 0.006791
15210 0.003000
15220 0.009668
15230 0.007837
15240 0.013444
15250 0.005594
15260 0.580073
15270 -0.000842
15280 0.005482
15290 0.001804
15300 0.035633
15310 0.020769
15320 0.005497
15330 0.005774
15340 0.039826
15350 0.024195
15360 -0.000065
15370 0.003638
15380 0.002625
15390 0.007064
15400 -0.002286
15410 0.006970
15420 0.001894
15430 0.003714
15440 0.003388
15450 -0.002233
15460 0.001074
15470 0.003618
15480 0.008803
15490 1.113913
15500 0.004768
15510 0.007257
15520 0.008607
15530 0.011665
15540 0.009258
15550 0.003965
15560 0.011589
15570 0.095320
15580 0.004517
15590 0.017525
15600 0.026120
15610 0.021592
15620 0.007387
15630 0.016631
15640 -0.000142
15650 0.007046
15660 0.006990
15670 0.004286
15680 0.019614
15690 0.157982
15700 0.008581
15710 0.007119
15720 0.004627
15730 0.006790
15740 0.007598
15750 0.003778
15760 0.004496
15770 0.000789
15780 0.163068
15790 0.042779
15800 0.004253
15810 0.002398
15820 0.024856
15830 0.002527
15840 0.001391
15850 0.003775
15860 0.006762
15870 -0.000444
15880 0.017094
15890 0.102499
15900 0.005395
15910 0.000872
15920 0.006074
15930 0.001023
15940 0.008421
15950 0.006915
15960 0.002244
15970 0.007102
15980 0.011444
15990 0.005619
16000 0.006105
16010 0.004151
16020 0.007126
16030 0.002341
16040 0.005607
16050 0.000667
16060 0.012578
16070 -0.001820
16080 0.009376
16090 0.004652
16100 0.058079
16110 0.007369
16120 0.070927
16130 0.025333
16140 0.001333
16150 0.003961
16160 0.001653
16170 0.000393
16180 0.047254
16190 0.379320
16200 0.003791
16210 0.008840
16220 0.018594
16230 0.013974
16240 0.004011
16250 0.004396
16260 0.018742
16270 0.004056
16280 0.001216
16290 0.002008
16300 0.019674
16310 0.007004
16320 0.006793
16330 0.007456
16340 0.004651
16350 0.022463
16360 0.001531
16370 0.006362
16380 0.014433
16390 0.010902
16400 0.534084
16410 0.010731
16420 0.000846
16430 0.005478
16440 0.009907
16450 -0.000620
16460 0.007091
16470 0.004170
16480 0.014854
16490 0.239241
16500 0.003748
16510 0.005725
16520 0.007561
16530 0.006695
16540 0.018800
16550 0.007005
16560 0.004324
16570 0.007779
16580 0.002382
16590 0.008071
16600 0.002883
16610 0.002969
16620 0.006676
16630 0.002867
16640 0.006168
16650 0.394921
16660 0.001306
16670 -0.000456
16680 0.011302
16690 -0.002366
16700 -0.001553
16710 0.000387
16720 0.004371
16730 0.013594
16740 0.013037
16750 0.008608
16760 0.001298
16770 0.010400
16780 0.004880
16790 0.006160
16800 0.000340
16810 -0.000417
16820 0.003302
16830 0.005636
16840 0.001292
16850 0.030347
16860 0.001950
16870 -0.000025
16880 -0.000669
16890 0.006160
16900 0.014585
16910 0.002868
16920 0.006223
16930 0.006622
16940 0.000215
16950 0.269747
16960 0.007927
16970 0.005788
16980 0.005789
16990 0.000999
17000 0.004861
17010 -0.000375
17020 0.003906
17030 0.007399
17040 0.002131
17050 0.003705
17060 0.004651
17070 -0.003798
17080 0.001664
17090 0.118174
17100 0.006346
17110 0.342496
17120 0.010126
17130 0.002966
17140 0.004738
17150 0.000086
17160 0.012788
17170 0.003891
17180 0.012211
17190 0.004450
17200 0.034082
17210 0.004785
17220 0.000501
17230 0.002058
17240 0.012362
17250 0.002256
17260 -0.000308
17270 0.006340
17280 0.000576
17290 0.016718
17300 0.008971
17310 0.005715
17320 0.029918
17330 0.018731
17340 0.152371
17350 0.005782
17360 -0.000813
17370 0.006739
17380 0.017433
17390 0.002991
17400 0.006071
17410 0.014906
17420 0.000378
17430 0.002445
17440 0.002121
17450 0.000003
17460 0.006066
17470 0.023252
17480 0.136664
17490 0.003281
17500 0.001293
17510 0.005274
17520 0.006220
17530 0.005016
17540 0.001828
17550 0.004762
17560 0.000557
17570 0.010647
17580 0.002074
17590 0.008314
17600 0.007665
17610 0.004316
17620 0.004458
17630 -0.000298
17640 0.005242
17650 0.007075
17660 0.003486
17670 0.002735
17680 0.010218
17690 0.010156
17700 -0.000779
17710 0.082170
17720 0.002925
17730 0.005022
17740 0.004152
17750 0.006066
17760 0.004560
17770 0.003240
17780 0.005977
17790 0.019785
17800 0.010416
17810 0.000987
17820 0.012026
17830 0.012072
17840 0.001981
17850 0.000249
17860 0.004120
17870 0.009287
17880 0.004790
17890 0.003782
17900 0.007360
17910 0.004955
17920 0.114869
17930 0.000569
17940 0.004246
17950 0.002040
17960 0.003389
17970 0.010732
17980 0.015143
17990 0.005278
18000 0.024682
18010 0.000173
18020 0.006969
18030 0.007215
18040 0.005237
18050 0.001412
18060 0.014428
18070 0.003233
18080 -0.002021
18090 0.000982
18100 0.001835
18110 -0.000049
18120 0.001835
18130 0.000624
18140 0.012897
18150 0.004582
18160 0.005285
18170 0.001598
18180 0.110693
18190 0.008859
18200 0.003206
18210 0.006825
18220 0.027105
18230 0.016812
18240 0.000508
18250 0.003556
18260 0.002861
18270 0.001371
18280 0.002157
18290 0.069062
18300 0.001939
18310 0.005491
18320 0.003683
18330 -0.001792
18340 -0.000701
18350 0.014790
18360 0.220998
18370 0.002302
18380 0.729065
18390 0.006384
18400 0.019900
18410 0.002783
18420 0.003652
18430 0.011378
18440 0.001232
18450 0.006257
18460 0.007007
18470 0.001784
18480 0.004450
18490 0.000198
18500 0.012468
18510 0.007534
18520 -0.000241
18530 0.010939
18540 0.004001
18550 0.008552
18560 0.465377
18570 0.000574
18580 0.009500
18590 0.017704
18600 0.005821
18610 0.001750
18620 0.001757
18630 0.002913
18640 0.214685
18650 0.004329
18660 0.105873
18670 0.002746
18680 0.015349
18690 0.005383
18700 0.005977
18710 0.006341
18720 -0.000892
18730 0.003836
18740 0.065271
18750 0.003679
18760 0.227875
18770 0.104955
18780 0.004703
18790 -0.003325
18800 -0.000046
18810 -0.000444
18820 0.003173
18830 0.001866
18840 0.327805
18850 0.004385
18860 0.004577
18870 0.000161
18880 0.005415
18890 -0.000792
18900 0.007479
18910 0.078420
18920 0.000669
18930 0.004207
18940 0.001676
18950 0.002722
18960 0.003740
18970 0.006941
18980 0.007157
18990 0.012013
19000 0.011536
19010 0.000575
19020 0.000031
19030 0.001797
19040 0.002822
19050 0.011020
19060 0.002303
19070 0.000232
19080 0.000497
19090 0.003146
19100 0.001846
19110 0.000168
19120 0.013871
19130 0.005401
19140 0.003086
19150 0.007232
19160 0.006504
19170 0.000758
19180 0.005847
19190 0.002977
19200 0.001044
19210 0.000189
19220 0.007450
19230 0.258044
19240 0.003286
19250 0.003345
19260 0.006765
19270 0.009407
19280 -0.001108
19290 0.016686
19300 0.508330
19310 0.004657
19320 -0.002671
19330 0.005040
19340 0.200615
19350 0.003053
19360 0.008387
19370 0.857247
19380 0.245086
19390 0.006898
19400 0.003189
19410 0.013975
19420 0.007355
19430 0.013964
19440 -0.001150
19450 0.021316
19460 0.014364
19470 -0.002827
19480 0.069897
19490 0.005734
19500 0.132718
19510 0.563288
19520 0.025847
19530 0.002438
19540 0.026182
19550 0.003446
19560 0.011793
19570 0.001508
19580 0.008275
19590 0.007449
19600 0.004362
19610 0.004135
19620 0.001267
19630 0.003884
19640 0.009190
19650 0.006908
19660 -0.000862
19670 0.010678
19680 -0.000095
19690 0.004066
19700 0.027045
19710 -0.002506
19720 0.003277
19730 0.069660
19740 0.016789
19750 0.053898
19760 0.001800
19770 0.002454
19780 -0.000821
19790 0.012823
19800 0.000085
19810 -0.001065
19820 0.130084
19830 0.001721
19840 0.015073
19850 0.010400
19860 0.007794
19870 0.003818
19880 0.371911
19890 0.011418
19900 0.001051
19910 0.002778
19920 0.007414
19930 0.003256
19940 0.004995
19950 -0.000053
19960 0.003525
19970 0.014591
19980 0.004321
19990 0.007335
20000 0.003495
20010 0.005649
20020 0.155864
20030 0.006213
20040 0.002515
20050 0.013737
20060 0.004273
20070 0.002323
20080 0.005289
20090 0.000995
20100 0.004520
20110 0.009786
20120 0.544446
20130 0.000038
20140 0.012394
20150 0.003728
20160 0.001963
20170 0.011756
20180 0.090939
20190 0.005789
20200 0.001516
20210 0.003943
20220 0.008308
20230 0.001715
20240 0.004458
20250 0.011296
20260 0.022209
20270 0.590022
20280 -0.001128
20290 0.008026
20300 0.006137
20310 0.017058
20320 0.008096
20330 -0.000342
20340 -0.000557
20350 0.023716
20360 0.028485
20370 0.004552
20380 0.010493
20390 0.005852
20400 0.004139
20410 0.001942
20420 0.001009
20430 0.000491
20440 0.000190
20450 0.001540
20460 0.012061
20470 0.002734
20480 -0.002994
20490 0.026420
20500 0.020241
20510 0.112783
20520 0.002606
20530 0.001028
20540 0.000159
20550 0.000449
20560 0.003298
20570 0.006877
20580 0.004613
20590 0.014417
20600 0.007634
20610 0.002181
20620 0.004137
20630 0.000624
20640 0.001325
20650 0.048250
20660 -0.001595
20670 0.007067
20680 0.003170
20690 0.009446
20700 0.008641
20710 0.001406
20720 0.004277
20730 0.007770
20740 0.002543
20750 0.007254
20760 0.000274
20770 0.009461
20780 0.012792
20790 0.003842
20800 0.007386
20810 0.000975
20820 0.006611
20830 0.002982
20840 0.003776
20850 0.003280
20860 0.002703
20870 0.002394
20880 0.003342
20890 -0.002277
20900 0.000603
20910 0.004576
20920 0.003731
20930 -0.001324
20940 0.001568
20950 -0.001063
20960 0.180857
20970 0.000979
20980 -0.002254
20990 0.002341
21000 0.002558
21010 0.008552
21020 0.005048
21030 0.003032
21040 0.004633
21050 0.000392
21060 0.002801
21070 0.011058
21080 0.001589
21090 0.005646
21100 0.005206
21110 0.005103
21120 0.005352
21130 0.003718
21140 0.012192
21150 0.004191
21160 0.003458
21170 0.002086
21180 0.003440
21190 -0.000363
21200 0.011860
21210 0.006201
21220 -0.000699
21230 0.062763
21240 0.008895
21250 0.002573
21260 0.002776
21270 0.000722
21280 0.026980
21290 0.005597
21300 0.001941
21310 0.004454
21320 0.031248
21330 0.004154
21340 0.000300
21350 0.008003
21360 0.007256
21370 0.006527
21380 -0.001371
21390 -0.000857
21400 0.007307
21410 0.005010
21420 -0.000640
21430 0.138611
21440 0.004927
21450 0.003615
21460 -0.002197
21470 0.001280
21480 0.001542
21490 0.216879
21500 0.002593
21510 0.005762
21520 0.004981
21530 -0.001730
21540 0.007992
21550 0.004478
21560 0.011830
21570 0.005934
21580 0.000437
21590 -0.000590
21600 0.002391
21610 0.022098
21620 0.003980
21630 0.003248
21640 0.000802
21650 0.091071
21660 0.000147
21670 0.000805
21680 -0.000158
21690 0.006967
21700 -0.003281
21710 0.023094
21720 0.006005
21730 0.008059
21740 0.007315
21750 0.017041
21760 0.006295
21770 0.054255
21780 0.010094
21790 0.002768
21800 0.003852
21810 -0.002279
21820 0.075114
21830 -0.001263
21840 0.005648
21850 0.000079
21860 -0.000008
21870 0.599319
21880 0.009794
21890 0.000749
21900 -0.000018
21910 -0.003274
21920 0.001071
21930 0.001874
21940 0.003223
21950 0.001054
21960 0.001868
21970 0.003091
21980 0.009669
21990 0.008326
22000 0.001913
22010 0.004466
22020 0.012538
22030 0.005659
22040 0.002196
22050 0.004513
22060 0.003384
22070 0.003959
22080 0.002652
22090 -0.000455
22100 0.003435
22110 0.000787
22120 0.002417
22130 0.007706
22140 -0.000343
22150 0.001673
22160 -0.000501
22170 -0.000844
22180 0.006150
22190 -0.000772
22200 0.000930
22210 0.207550
22220 0.008285
22230 0.007694
22240 0.014231
22250 0.000610
22260 0.003292
22270 0.007944
22280 0.002495
22290 0.006394
22300 0.021564
22310 -0.001049
22320 -0.000580
22330 0.004745
22340 0.006332
22350 0.018353
22360 0.008785
22370 0.003454
22380 0.009584
22390 0.011103
22400 0.007886
22410 0.011358
22420 -0.000116
22430 0.002368
22440 0.004766
22450 0.002739
22460 0.001966
22470 0.002809
22480 -0.000746
22490 0.004804
22500 0.005679
22510 0.001881
22520 0.003284
22530 0.000957
22540 0.002793
22550 0.002341
22560 0.002154
22570 0.001034
22580 0.006040
22590 0.001376
22600 0.009487
22610 0.000290
22620 0.006142
22630 0.002204
22640 0.006452
22650 0.002939
22660 0.004568
22670 0.010851
22680 0.007480
22690 0.144344
22700 -0.000491
22710 0.003825
22720 -0.000956
22730 0.004093
22740 0.002497
22750 0.009047
22760 0.014605
22770 0.009483
22780 0.006493
22790 -0.000873
22800 0.008701
22810 0.018734
22820 0.003927
22830 0.007116
22840 0.013918
22850 0.003228
22860 0.979807
22870 0.004161
22880 0.012670
22890 0.003977
22900 0.004221
22910 0.142506
22920 0.009040
22930 0.004793
22940 0.001101
22950 0.006009
22960 0.004745
22970 0.005477
22980 0.003424
22990 0.002699
23000 0.002847
23010 0.000767
23020 0.001511
23030 0.006849
23040 -0.000555
23050 0.881107
23060 0.002021
23070 0.059271
23080 0.001375
23090 0.019208
23100 0.002798
23110 0.009761
23120 0.000648
23130 0.020786
23140 0.043246
23150 0.005296
23160 0.004546
23170 0.020238
23180 0.621071
23190 0.004912
23200 0.002359
23210 0.003226
23220 0.004481
23230 0.004815
23240 0.034246
23250 0.004650
23260 0.003526
23270 0.002903
23280 0.005213
23290 0.030626
23300 0.002572
23310 0.002080
23320 0.013377
23330 0.001187
23340 0.005405
23350 0.015947
23360 0.001572
23370 0.004655
23380 0.004174
23390 0.003062
23400 0.003588
23410 0.000950
23420 0.006272
23430 0.009531
23440 0.023569
23450 -0.002143
23460 0.007844
23470 0.004311
23480 0.081064
23490 0.012127
23500 0.005082
23510 0.011395
23520 0.007574
23530 0.036601
23540 0.004822
23550 0.005131
23560 0.006213
23570 0.000318
23580 0.046219
23590 0.016065
23600 0.011383
23610 0.003803
23620 0.003445
23630 0.005131
23640 0.004888
23650 0.005372
23660 0.002781
23670 0.037849
23680 0.004307
23690 0.001544
23700 0.011246
23710 0.006238
23720 0.003092
23730 0.011250
23740 0.022931
23750 0.002278
23760 0.100968
23770 0.002238
23780 0.005700
23790 0.000814
23800 0.003465
23810 0.026092
23820 0.001412
23830 0.003462
23840 0.003818
23850 0.003552
23860 -0.000655
23870 0.001195
23880 0.002673
23890 0.000617
23900 0.026714
23910 0.008208
23920 0.005937
23930 0.000726
23940 0.002347
23950 0.006288
23960 0.001414
23970 0.006886
23980 0.016190
23990 -0.000397
24000 0.015095
24010 0.005071
24020 0.002957
24030 -0.000330
24040 0.010636
24050 0.009213
24060 0.002106
24070 0.004595
24080 0.004318
24090 0.004322
24100 0.003024
24110 0.004991
24120 0.003363
24130 0.014917
24140 0.012277
24150 0.595407
24160 0.230670
24170 -0.004272
24180 0.004416
24190 0.011667
24200 0.007298
24210 0.003012
24220 0.005065
24230 0.017862
24240 0.007887
24250 0.018363
24260 0.005020
24270 0.000996
24280 0.004004
24290 0.002259
24300 0.001233
24310 0.019652
24320 0.010420
24330 0.000548
24340 0.001837
24350 0.109662
24360 0.001851
24370 0.004273
24380 0.001591
24390 0.002031
24400 0.002582
24410 0.001744
24420 -0.002197
24430 0.006534
24440 0.005976
24450 0.003589
24460 0.014854
24470 0.003288
24480 0.001989
24490 0.002945
24500 0.004114
24510 0.007622
24520 0.000083
24530 0.004298
24540 0.002791
24550 0.000350
24560 0.009939
24570 0.002826
24580 -0.001284
24590 0.005705
24600 0.005163
24610 0.004931
24620 0.004271
24630 0.000560
24640 0.000798
24650 0.004327
24660 0.001364
24670 0.004208
24680 0.000936
24690 0.021333
24700 0.003958
24710 -0.000559
24720 0.002257
24730 0.007069
24740 0.030108
24750 0.002348
24760 0.009008
24770 0.006072
24780 0.031472
24790 0.449273
24800 0.000426
24810 0.460086
24820 0.010485
24830 0.025287
24840 0.002936
24850 0.004034
24860 0.000289
24870 -0.000670
24880 0.003959
24890 0.004840
24900 0.143130
24910 0.002706
24920 0.001814
24930 0.010627
24940 0.022779
24950 0.003616
24960 0.008826
24970 0.004156
24980 0.002175
24990 0.002013
25000 0.001860
25010 0.007605
25020 0.007741
25030 0.014501
25040 0.002520
25050 0.018220
25060 0.003418
25070 0.142848
25080 0.003436
25090 0.000000
25100 0.001511
25110 0.635406
25120 0.005502
25130 0.003859
25140 0.038433
25150 0.005034
25160 0.000958
25170 0.154821
25180 0.011288
25190 0.003356
25200 0.026091
25210 -0.001704
25220 0.002752
25230 0.003784
25240 0.003543
25250 0.196842
25260 0.029818
25270 0.000886
25280 0.002543
25290 0.003928
25300 0.013719
25310 0.025099
25320 0.003542
25330 0.003930
25340 -0.002134
25350 0.002838
25360 0.003006
25370 0.023461
25380 0.001989
25390 0.002599
25400 0.011001
25410 0.004407
25420 0.000637
25430 0.011364
25440 0.129991
25450 -0.000778
25460 0.002371
25470 0.023328
25480 0.007021
25490 0.011247
25500 0.013887
25510 0.002513
25520 0.003891
25530 0.001410
25540 0.001198
25550 0.006699
25560 0.004790
25570 0.000970
25580 0.001784
25590 0.003422
25600 0.001443
25610 0.008369
25620 0.007864
25630 0.000367
25640 0.003476
25650 0.005959
25660 0.001948
25670 0.007121
25680 0.003278
25690 0.001647
25700 0.004615
25710 0.001537
25720 0.001535
25730 0.001041
25740 0.004728
25750 0.006523
25760 0.017005
25770 0.000831
25780 0.008654
25790 0.003707
25800 0.009819
25810 -0.000121
25820 0.014673
25830 -0.000284
25840 0.005893
25850 0.001743
25860 0.004641
25870 -0.000195
25880 0.005834
25890 0.515057
25900 0.007870
25910 0.003414
25920 0.001422
25930 0.000943
25940 0.016380
25950 0.004620
25960 0.001222
25970 0.008315
25980 0.003890
25990 0.002814
26000 0.016113
26010 0.537815
26020 0.009816
26030 0.003655
26040 -0.000224
26050 -0.001391
26060 0.001131
26070 0.534379
26080 0.003295
26090 -0.002525
26100 0.003186
26110 0.001248
26120 0.026765
26130 0.256887
26140 0.005629
26150 0.001964
26160 0.000029
26170 0.008636
26180 0.034201
26190 0.328977
26200 0.000118
26210 0.003270
26220 0.005075
26230 0.015187
26240 0.001812
26250 0.000143
26260 0.003765
26270 0.006968
26280 0.009542
26290 -0.000426
26300 -0.001083
26310 0.004635
26320 0.126344
26330 -0.000248
26340 0.003735
26350 0.001579
26360 0.003099
26370 0.006138
26380 0.003463
26390 0.005371
26400 -0.001301
26410 0.004653
26420 0.114337
26430 0.025597
26440 0.037328
26450 0.032347
26460 0.001050
26470 0.012513
26480 0.009701
26490 0.003709
26500 -0.000129
26510 0.001684
26520 0.010575
26530 0.015711
26540 0.000545
26550 0.005865
26560 0.004236
26570 0.002296
26580 0.005471
26590 0.007311
26600 0.002532
26610 -0.000150
26620 0.004971
26630 0.010024
26640 0.000635
26650 0.007670
26660 0.003085
26670 0.235708
26680 -0.000534
26690 0.001043
26700 0.102876
26710 0.000637
26720 0.001567
26730 0.000980
26740 0.003997
26750 0.002805
26760 0.003914
26770 0.001794
26780 0.468057
26790 0.002466
26800 0.000181
26810 0.002304
26820 0.005850
26830 0.014512
26840 0.013561
26850 0.012623
26860 0.000413
26870 0.006127
26880 0.003737
26890 0.046500
26900 0.008395
26910 0.009534
26920 0.030316
26930 0.003094
26940 0.001550
26950 0.013361
26960 0.003187
26970 0.002694
26980 0.214673
26990 0.000103
27000 0.003689
27010 0.003082
27020 0.003524
27030 0.008720
27040 0.007626
27050 -0.000141
27060 0.003019
27070 0.002554
27080 0.003053
27090 0.004722
27100 0.339830
27110 0.001944
27120 0.014224
27130 0.005116
27140 0.006874
27150 0.000170
27160 0.005971
27170 0.001961
27180 0.000984
27190 0.005400
27200 0.001877
27210 0.003112
27220 0.018166
27230 -0.000841
27240 0.006210
27250 -0.001164
27260 0.020021
27270 0.004847
27280 0.000423
27290 0.000973
27300 0.008633
27310 -0.000583
27320 0.002666
27330 0.002867
27340 0.213309
27350 0.019354
27360 0.006530
27370 -0.000992
27380 0.000983
27390 -0.001466
27400 0.005785
27410 0.001604
27420 0.006831
27430 0.096609
27440 0.003029
27450 0.001111
27460 0.000770
27470 0.003166
27480 0.011159
27490 0.001501
27500 0.012268
27510 0.016300
27520 0.002841
27530 0.002487
27540 0.001255
27550 0.004388
27560 0.003974
27570 0.003152
27580 0.007669
27590 0.008702
27600 0.004280
27610 -0.000236
27620 0.012184
27630 0.003846
27640 0.000019
27650 0.001983
27660 0.005438
27670 0.004408
27680 0.437137
27690 0.005397
27700 0.002278
27710 0.006945
27720 0.004248
27730 0.005788
27740 -0.002785
27750 0.000901
27760 0.007131
27770 0.007048
27780 0.001199
27790 0.025837
27800 0.003308
27810 -0.001824
27820 0.000507
27830 0.032033
27840 -0.000096
27850 0.011476
27860 0.001085
27870 0.045679
27880 0.001566
27890 -0.000151
27900 0.002784
27910 0.004735
27920 0.001145
27930 0.022117
27940 0.017999
27950 0.021323
27960 0.008339
27970 0.014673
27980 0.001535
27990 0.002368
28000 0.024884
28010 0.003998
28020 0.010912
28030 0.001688
28040 0.009976
28050 0.000127
28060 0.002923
28070 0.002337
28080 0.008216
28090 0.008595
28100 0.002056
28110 0.001462
28120 0.004620
28130 0.003074
28140 0.009744
28150 0.003861
28160 0.001301
28170 0.000436
28180 0.003646
28190 -0.000676
28200 0.002786
28210 0.000678
28220 0.010420
28230 0.000578
28240 0.013170
28250 0.004032
28260 0.009030
28270 0.008279
28280 0.002294
28290 0.009162
28300 0.017120
28310 0.002776
28320 0.006960
28330 0.009284
28340 -0.003630
28350 0.003122
28360 0.002042
28370 0.004006
28380 0.001476
28390 0.004048
28400 -0.000034
28410 0.050980
28420 0.000818
28430 0.007188
28440 0.002176
28450 0.006609
28460 0.006880
28470 0.003159
28480 0.004093
28490 0.005728
28500 -0.001718
28510 0.017248
28520 0.191041
28530 0.001954
28540 0.004741
28550 -0.000547
28560 -0.000565
28570 0.005197
28580 0.016899
28590 0.021192
28600 0.004542
28610 0.001337
28620 0.001699
28630 0.004074
28640 -0.001599
28650 0.000858
28660 0.001448
28670 0.000840
28680 0.003215
28690 0.003679
28700 0.000724
28710 0.004202
28720 0.021440
28730 0.010231
28740 0.004887
28750 0.000240
28760 0.003573
28770 0.001004
28780 0.001057
28790 0.003326
28800 0.000261
28810 0.001501
28820 0.008890
28830 0.002559
28840 0.001275
28850 0.002262
28860 0.002764
28870 0.001741
28880 0.006720
28890 0.003998
28900 0.002587
28910 0.001329
28920 0.003360
28930 0.005699
28940 0.000995
28950 0.001729
28960 0.009821
28970 0.001143
28980 0.000973
28990 -0.000003
29000 0.174904
29010 0.003150
29020 0.003030
29030 0.001712
29040 0.002703
29050 0.000760
29060 0.001587
29070 0.002703
29080 0.004419
29090 0.004130
29100 0.006393
29110 0.003456
29120 0.010224
29130 0.001637
29140 0.009853
29150 0.002220
29160 -0.001863
29170 0.009142
29180 0.000823
29190 0.006893
29200 0.003890
29210 0.001393
29220 0.001219
29230 -0.002980
29240 0.001007
29250 0.002217
29260 0.003801
29270 0.003192
29280 0.072510
29290 0.004873
29300 0.001244
29310 0.003196
29320 0.007887
29330 0.003683
29340 0.006854
29350 0.009886
29360 0.000791
29370 0.001575
29380 0.008362
29390 0.013567
29400 0.000792
29410 0.002841
29420 0.001158
29430 0.010787
29440 0.005979
29450 0.001570
29460 0.000988
29470 0.001046
29480 0.003849
29490 0.003279
29500 0.001625
29510 0.009407
29520 0.009882
29530 0.005780
29540 0.004399
29550 0.003613
29560 0.004005
29570 0.014272
29580 0.018390
29590 0.338007
29600 0.004932
29610 -0.000959
29620 0.004397
29630 0.000455
29640 0.006286
29650 0.003526
29660 0.003742
29670 0.005689
29680 0.002689
29690 0.015257
29700 0.003483
29710 -0.002014
29720 0.009786
29730 0.001518
29740 -0.003426
29750 0.005452
29760 0.017350
29770 0.008229
29780 -0.001991
29790 0.001749
29800 0.011838
29810 0.001600
29820 0.001213
29830 0.007975
29840 0.001676
29850 0.003959
29860 0.001630
29870 0.044646
29880 0.004361
29890 0.087792
29900 0.000105
29910 -0.000171
29920 0.000982
29930 0.010129
29940 0.006332
29950 0.023272
29960 0.002224
29970 0.051145
29980 0.015553
29990 0.003492
30000 -0.000011
30010 0.001366
30020 0.003181
30030 0.002753
30040 0.000748
30050 0.001766
30060 0.002557
30070 0.003280
30080 -0.000797
30090 -0.000736
30100 0.003383
30110 0.010894
30120 0.001632
30130 -0.000094
30140 0.008859
30150 0.002932
30160 0.006451
30170 0.013319
30180 0.004652
30190 0.000344
30200 -0.001158
30210 0.001644
30220 0.002389
30230 0.001281
30240 -0.002054
30250 0.004223
30260 0.003605
30270 0.002921
30280 0.022046
30290 0.002062
30300 0.000964
30310 -0.000091
30320 0.003443
30330 0.017857
30340 0.002048
30350 0.002302
30360 0.004941
30370 -0.000148
30380 0.002931
30390 0.002094
30400 0.012077
30410 -0.000090
30420 0.003748
30430 -0.002340
30440 0.003090
30450 0.008068
30460 0.009592
30470 0.002153
30480 0.006888
30490 0.015276
30500 0.005264
30510 0.001797
30520 0.003546
30530 0.001720
30540 0.005100
30550 0.006023
30560 0.037133
30570 0.013572
30580 0.001650
30590 -0.001189
30600 0.003695
30610 0.006765
30620 0.001075
30630 0.005857
30640 0.001939
30650 0.010624
30660 0.012229
30670 0.836210
30680 0.001479
30690 0.006216
30700 0.005762
30710 0.016208
30720 0.000733
30730 0.003117
30740 0.002251
30750 0.010658
30760 0.005171
30770 0.000390
30780 0.001042
30790 0.000335
30800 -0.000692
30810 0.010558
30820 0.003828
30830 0.003844
30840 0.066254
30850 0.000718
30860 -0.000567
30870 0.002087
30880 0.001884
30890 0.008365
30900 0.001767
30910 0.002863
30920 0.005689
30930 0.003099
30940 0.001861
30950 0.002718
30960 -0.000901
30970 0.011802
30980 0.002034
30990 0.004160
31000 0.015957
31010 0.001677
31020 0.001974
31030 0.012975
31040 -0.000414
31050 0.002389
31060 0.002910
31070 0.081118
31080 0.004792
31090 0.065105
31100 0.000327
31110 0.004808
31120 0.001782
31130 0.041978
31140 0.012227
31150 0.015829
31160 0.003778
31170 0.005997
31180 -0.001309
31190 0.012260
31200 -0.003459
31210 0.004502
31220 0.003156
31230 0.003617
31240 0.002428
31250 0.076311
31260 0.017272
31270 0.000125
31280 0.000390
31290 0.005722
31300 -0.001611
31310 0.004409
31320 0.002185
31330 0.005218
31340 0.002501
31350 0.003301
31360 0.001957
31370 0.007459
31380 0.002782
31390 0.394541
31400 0.002835
31410 0.001972
31420 0.009954
31430 0.008260
31440 0.000332
31450 0.015640
31460 0.001091
31470 0.005337
31480 0.004114
31490 0.002779
31500 0.004174
31510 0.000201
31520 0.002686
31530 -0.001058
31540 0.006278
31550 0.004750
31560 -0.001179
31570 0.005203
31580 -0.000435
31590 -0.000013
31600 0.003055
31610 0.002493
31620 -0.001021
31630 0.004504
31640 0.002421
31650 0.002881
31660 0.002927
31670 0.002050
31680 0.003287
31690 -0.001289
31700 0.003479
31710 0.002083
31720 0.000438
31730 0.002765
31740 0.004796
31750 0.005043
31760 0.002886
31770 0.004656
31780 -0.000765
31790 0.002942
31800 0.003027
31810 0.017982
31820 0.003956
31830 0.015698
31840 0.003410
31850 0.000215
31860 0.000465
31870 0.002551
31880 -0.000209
31890 0.000134
31900 0.004931
31910 0.005648
31920 0.003537
31930 0.002205
31940 0.010021
31950 0.002170
31960 0.001021
31970 0.004797
31980 0.057122
31990 0.003635
32000 0.001693
32010 0.003976
32020 0.009401
32030 0.004881
32040 0.005522
32050 -0.000651
32060 0.005314
32070 0.003566
32080 0.006648
32090 0.004277
32100 0.010660
32110 0.003862
32120 0.000620
32130 0.003559
32140 -0.000108
32150 -0.000337
32160 0.000965
32170 0.002178
32180 0.003587
32190 0.001468
32200 0.010099
32210 -0.000305
32220 0.027456
32230 0.013036
32240 -0.001054
32250 0.003237
32260 0.001182
32270 0.002106
32280 0.001614
32290 0.001423
32300 0.004397
32310 0.001644
32320 0.005373
32330 0.004375
32340 0.003180
32350 0.004962
32360 0.004036
32370 0.001605
32380 0.002760
32390 0.001513
32400 -0.000213
32410 0.003089
32420 0.002108
32430 0.465260
32440 0.001467
32450 0.002588
32460 0.006450
32470 0.008326
32480 0.001361
32490 0.008799
32500 0.000271
32510 0.004387
32520 -0.001685
32530 0.015123
32540 -0.000323
32550 0.000526
32560 0.004972
32570 0.002699
32580 0.005885
32590 -0.001031
32600 0.000620
32610 0.006500
32620 0.011831
32630 -0.003687
32640 0.003379
32650 0.005156
32660 0.003076
32670 -0.002614
32680 0.019865
32690 0.003730
32700 0.000435
32710 0.001141
32720 0.003846
32730 0.000889
32740 0.003717
32750 0.000950
32760 0.006989
32770 0.001622
32780 -0.001998
32790 0.028854
32800 0.006945
32810 0.002515
32820 0.005760
32830 -0.001786
32840 0.010378
32850 0.003491
32860 0.005546
32870 0.001697
32880 0.002471
32890 0.006685
32900 0.001253
32910 0.003332
32920 0.002171
32930 0.001215
32940 0.001672
32950 0.000945
32960 0.008018
32970 0.003129
32980 0.000932
32990 0.003039
33000 0.006284
33010 0.014117
33020 0.002984
33030 -0.000438
33040 0.001587
33050 0.012902
33060 0.006927
33070 0.008426
33080 0.003894
33090 0.004872
33100 0.006248
33110 0.005734
33120 0.005369
33130 0.001256
33140 0.003440
33150 0.006649
33160 0.003146
33170 0.006053
33180 0.005736
33190 0.003180
33200 0.004886
33210 0.001297
33220 0.001919
33230 -0.000179
33240 0.005450
33250 0.010830
33260 -0.004036
33270 0.001131
33280 0.002016
33290 0.000654
33300 -0.000274
33310 0.000300
33320 0.001690
33330 0.016049
33340 0.024980
33350 0.007199
33360 0.004270
33370 0.008596
33380 0.006850
33390 0.003016
33400 0.004735
33410 0.003375
33420 0.004983
33430 0.008728
33440 -0.000041
33450 0.004874
33460 0.004241
33470 0.000495
33480 0.002323
33490 0.000498
33500 0.001298
33510 0.001094
33520 0.009075
33530 -0.001338
33540 0.008899
33550 0.000468
33560 0.001183
33570 0.001775
33580 0.006646
33590 0.001443
33600 0.005543
33610 0.101513
33620 0.004889
33630 0.000493
33640 0.009272
33650 0.003588
33660 0.005600
33670 -0.000360
33680 -0.000545
33690 0.000262
33700 0.257363
33710 0.000306
33720 -0.001291
33730 0.007279
33740 0.018338
33750 0.002903
33760 0.000401
33770 0.002939
33780 0.003019
33790 0.004888
33800 -0.000818
33810 0.001341
33820 0.005129
33830 0.002259
33840 -0.000419
33850 0.003369
33860 0.002680
33870 0.002486
33880 0.003683
33890 0.014149
33900 0.014876
33910 0.006885
33920 0.008631
33930 0.004072
33940 0.007557
33950 0.036575
33960 0.009481
33970 0.005017
33980 0.002679
33990 0.003052
34000 0.015532
34010 0.000484
34020 0.035505
34030 0.011840
34040 0.004306
34050 0.001635
34060 0.005290
34070 0.015137
34080 0.015846
34090 0.004501
34100 0.001272
34110 0.002264
34120 0.007161
34130 0.005166
34140 0.002931
34150 0.018390
34160 0.001209
34170 0.010881
34180 0.008099
34190 0.001664
34200 0.030516
34210 0.004163
34220 0.041005
34230 0.004578
34240 0.007417
34250 0.002594
34260 0.007293
34270 0.001311
34280 0.003719
34290 0.000421
34300 0.308819
34310 0.001658
34320 0.006405
34330 0.000581
34340 0.002546
34350 0.010342
34360 0.005598
34370 0.004204
34380 0.003953
34390 0.001041
34400 0.005963
34410 0.013151
34420 0.001652
34430 0.002640
34440 0.001614
34450 -0.000276
34460 -0.004244
34470 0.005366
34480 0.007492
34490 0.006463
34500 0.000391
34510 0.001170
34520 0.008329
34530 0.001982
34540 0.006727
34550 0.002017
34560 0.001955
34570 0.001204
34580 0.001929
34590 0.492908
34600 0.004020
34610 0.002584
34620 0.009448
34630 0.004125
34640 0.003030
34650 0.019933
34660 0.004891
34670 -0.000310
34680 0.001965
34690 -0.001473
34700 0.001789
34710 0.003520
34720 0.007029
34730 0.008875
34740 0.007560
34750 0.018072
34760 0.151755
34770 0.003389
34780 0.004067
34790 0.008676
34800 0.021120
34810 0.009125
34820 0.002992
34830 0.006272
34840 0.000496
34850 0.001722
34860 0.005693
34870 0.007800
34880 -0.000443
34890 0.000623
34900 0.031977
34910 0.015315
34920 0.007897
34930 0.002479
34940 0.013058
34950 0.027734
34960 0.000443
34970 0.004283
34980 0.004139
34990 0.150598
35000 0.001938
35010 -0.001718
35020 0.001502
35030 0.008609
35040 0.001497
35050 0.002974
35060 0.000803
35070 0.008900
35080 0.001880
35090 0.011422
35100 0.009212
35110 0.007022
35120 0.001816
35130 0.004827
35140 0.013529
35150 0.016949
35160 0.000412
35170 0.001132
35180 0.002972
35190 0.218209
35200 0.008572
35210 0.001180
35220 0.001795
35230 0.000475
35240 0.001961
35250 0.001138
35260 0.010870
35270 0.009819
35280 0.001671
35290 0.000864
35300 0.001836
35310 0.002043
35320 0.000829
35330 0.002447
35340 -0.001989
35350 0.002008
35360 0.001460
35370 0.003998
35380 0.009760
35390 0.000736
35400 0.006819
35410 0.000221
35420 0.001171
35430 0.005453
35440 0.002105
35450 0.009810
35460 0.000515
35470 0.013797
35480 0.004875
35490 0.012587
35500 0.003289
35510 0.001648
35520 0.006440
35530 0.002307
35540 0.001963
35550 0.003786
35560 0.002931
35570 0.001059
35580 0.012192
35590 0.015448
35600 0.007663
35610 0.007632
35620 0.003108
35630 0.004760
35640 -0.003490
35650 -0.003185
35660 0.006403
35670 -0.001870
35680 0.003042
35690 0.006314
35700 0.009619
35710 0.003137
35720 0.003306
35730 0.010524
35740 0.869244
35750 0.000199
35760 0.004693
35770 0.016181
35780 0.002097
35790 0.124641
35800 0.001233
35810 0.010320
35820 0.005099
35830 -0.003924
35840 0.002111
35850 0.002991
35860 0.000126
35870 0.009442
35880 0.000821
35890 0.004122
35900 0.279791
35910 0.006644
35920 0.004347
35930 0.003940
35940 0.006269
35950 0.001626
35960 0.002331
35970 0.000668
35980 0.004906
35990 0.003983
36000 0.001143
36010 0.000525
36020 0.009262
36030 0.000934
36040 0.002640
36050 0.001142
36060 0.000353
36070 0.005944
36080 0.007012
36090 0.002812
36100 0.002015
36110 0.000673
36120 0.005533
36130 0.000143
36140 0.002540
36150 0.003742
36160 0.007727
36170 0.000321
36180 0.002311
36190 0.005337
36200 0.265898
36210 -0.002640
36220 0.011931
36230 0.001612
36240 0.002535
36250 0.012438
36260 0.003697
36270 0.000945
36280 0.004467
36290 -0.000099
36300 0.004884
36310 0.005509
36320 -0.000077
36330 0.003409
36340 0.003256
36350 0.002430
36360 -0.000119
36370 0.001258
36380 -0.001918
36390 0.001054
36400 0.008129
36410 0.001443
36420 0.004906
36430 0.004146
36440 0.006304
36450 0.037930
36460 0.008420
36470 0.001182
36480 0.016166
36490 -0.003864
36500 0.018036
36510 0.001830
36520 0.001504
36530 0.005255
36540 0.004215
36550 0.003640
36560 0.000802
36570 0.005559
36580 -0.004298
36590 0.005714
36600 0.000187
36610 0.027047
36620 0.002037
36630 0.010676
36640 0.007386
36650 0.009593
36660 0.002681
36670 0.009638
36680 0.002565
36690 0.008516
36700 -0.000079
36710 0.000322
36720 0.000099
36730 0.011849
36740 0.002380
36750 0.008638
36760 0.003623
36770 0.005373
36780 0.005752
36790 0.004307
36800 0.012339
36810 0.043032
36820 0.023043
36830 0.000922
36840 0.007492
36850 0.007584
36860 0.012323
36870 0.012621
36880 0.001925
36890 0.007116
36900 0.013922
36910 0.016398
36920 0.007599
36930 0.006715
36940 0.006903
36950 0.000069
36960 0.012726
36970 0.011414
36980 -0.001709
36990 0.009463
37000 0.004789
37010 -0.000757
37020 0.012722
37030 0.037625
37040 0.004504
37050 0.002496
37060 0.003733
37070 0.002510
37080 0.014719
37090 0.589784
37100 0.003472
37110 0.003552
37120 0.001896
37130 0.003423
37140 0.014461
37150 0.012372
37160 0.001104
37170 0.005180
37180 0.017165
37190 0.017132
37200 -0.001576
37210 0.001353
37220 0.341811
37230 0.003098
37240 0.001908
37250 0.003654
37260 -0.002265
37270 0.017079
37280 0.001440
37290 0.001396
37300 0.007590
37310 0.007881
37320 0.015561
37330 0.002835
37340 0.003008
37350 0.004187
37360 0.326494
37370 -0.000104
37380 0.011240
37390 0.004498
37400 0.032833
37410 0.026484
37420 0.004797
37430 0.163231
37440 0.006795
37450 0.039076
37460 0.003335
37470 0.000112
37480 0.003355
37490 0.006075
37500 0.006811
37510 -0.001486
37520 0.003712
37530 0.003281
37540 0.002549
37550 0.038895
37560 0.016521
37570 0.004094
37580 0.006921
37590 0.010946
37600 0.001675
37610 0.001799
37620 0.002060
37630 0.006425
37640 0.001127
37650 0.001318
37660 0.008968
37670 0.008496
37680 -0.002690
37690 0.007786
37700 0.004971
37710 0.002834
37720 0.002529
37730 0.000073
37740 0.008515
37750 0.006012
37760 0.015282
37770 0.196300
37780 0.006023
37790 0.004122
37800 0.000783
37810 0.002616
37820 0.001333
37830 0.011020
37840 0.005419
37850 0.001599
37860 0.009280
37870 0.014350
37880 0.001658
37890 0.028757
37900 0.005253
37910 0.006194
37920 0.081661
37930 0.005065
37940 0.004213
37950 0.029324
37960 0.004229
37970 0.002888
37980 0.010897
37990 0.004766
38000 0.005566
38010 0.003415
38020 0.002833
38030 0.004240
38040 0.008883
38050 0.005131
38060 0.112008
38070 0.008454
38080 0.007082
38090 0.003522
38100 0.003578
38110 0.008363
38120 0.001145
38130 0.006198
38140 0.003188
38150 0.001172
38160 0.025772
38170 0.025570
38180 0.000922
38190 0.003456
38200 0.001649
38210 0.010752
38220 -0.002716
38230 0.011842
38240 0.003680
38250 0.005083
38260 0.011222
38270 0.039034
38280 0.011519
38290 0.009831
38300 0.005178
38310 0.103639
38320 0.004524
38330 0.006785
38340 0.011344
38350 0.002800
38360 0.919317
38370 0.002427
38380 0.008143
38390 0.005239
38400 0.106213
38410 0.009295
38420 0.007913
38430 0.005082
38440 0.031425
38450 0.004988
38460 0.001596
38470 0.007371
38480 0.002857
38490 0.003076
38500 0.002169
38510 0.012544
38520 0.000358
38530 0.004732
38540 0.033037
38550 0.014660
38560 0.001672
38570 0.009550
38580 0.002735
38590 0.005843
38600 -0.001104
38610 0.007298
38620 0.009746
38630 0.015055
38640 0.004639
38650 0.007074
38660 0.013353
38670 0.001208
38680 0.003806
38690 0.003646
38700 0.007211
38710 0.001899
38720 0.008970
38730 0.007239
38740 0.011704
38750 0.002905
38760 0.009035
38770 0.000554
38780 0.020332
38790 -0.000376
38800 0.003409
38810 0.043438
38820 0.009676
38830 0.003486
38840 -0.001491
38850 0.006484
38860 0.475683
38870 0.006320
38880 0.073658
38890 0.149603
38900 0.014533
38910 0.003800
38920 0.011268
38930 0.010242
38940 0.003146
38950 0.006754
38960 0.009740
38970 0.047797
38980 0.007808
38990 0.026661
39000 0.004554
39010 0.013748
39020 0.049663
39030 0.037709
39040 0.008797
39050 0.013381
39060 0.008584
39070 0.009217
39080 0.002173
39090 0.004131
39100 0.002602
39110 0.002101
39120 0.000625
39130 -0.001220
39140 0.012537
39150 0.009593
39160 -0.001688
39170 0.004139
39180 0.007278
39190 0.000954
39200 0.002680
39210 0.003265
39220 0.007498
39230 0.004582
39240 0.013220
39250 0.008785
39260 0.002449
39270 0.015094
39280 0.001349
39290 0.012755
39300 0.003544
39310 0.001913
39320 -0.000211
39330 0.006203
39340 0.012313
39350 0.000988
39360 0.005749
39370 0.017147
39380 0.002778
39390 0.006323
39400 -0.000836
39410 0.006826
39420 0.111708
39430 0.004926
39440 0.000454
39450 0.005327
39460 0.571494
39470 0.004545
39480 -0.002090
39490 0.002077
39500 0.006143
39510 0.008495
39520 0.001118
39530 0.033645
39540 0.019455
39550 0.006874
39560 0.003543
39570 0.003776
39580 0.002013
39590 0.001349
39600 0.001444
39610 0.002592
39620 0.009855
39630 0.006475
39640 -0.000008
39650 0.005209
39660 0.002402
39670 0.047584
39680 0.224186
39690 0.001359
39700 0.025606
39710 0.005834
39720 0.005407
39730 0.004189
39740 0.008418
39750 0.017630
39760 0.035423
39770 0.005181
39780 0.191290
39790 0.007620
39800 0.004710
39810 0.015221
39820 0.579317
39830 0.058279
39840 0.012606
39850 0.000253
39860 0.004350
39870 -0.000543
39880 0.010457
39890 0.084991
39900 0.009899
39910 0.049542
39920 0.061834
39930 0.005144
39940 0.001404
39950 0.016359
39960 0.085058
39970 0.002614
39980 0.010235
39990 0.001637
40000 0.014313
40010 0.003077
40020 0.001749
40030 0.001729
40040 0.008180
40050 0.002787
40060 0.010816
40070 0.000721
40080 0.004409
40090 0.003640
40100 0.003307
40110 0.033196
40120 0.003116
40130 0.052934
40140 0.010040
40150 0.003837
40160 0.005384
40170 0.003395
40180 0.003111
40190 0.200861
40200 0.003808
40210 -0.001321
40220 0.042356
40230 0.015756
40240 0.005468
40250 0.005528
40260 0.003045
40270 0.008727
40280 0.004903
40290 0.003996
40300 -0.001548
40310 0.007768
40320 0.028237
40330 0.022907
40340 0.008291
40350 0.054595
40360 0.019252
40370 0.001519
40380 0.003931
40390 0.000605
40400 0.071040
40410 0.004451
40420 0.001460
40430 0.005449
40440 0.011903
40450 0.003710
40460 0.012428
40470 0.001575
40480 0.003473
40490 0.008386
40500 0.009450
40510 0.005512
40520 0.012626
40530 0.013910
40540 0.011728
40550 0.001343
40560 0.007850
40570 0.001950
40580 0.006235
40590 0.009469
40600 0.014427
40610 0.005866
40620 0.001119
40630 0.010133
40640 0.004068
40650 0.003684
40660 0.002274
40670 0.012002
40680 0.006261
40690 0.018113
40700 0.003973
40710 0.009021
40720 0.007907
40730 0.002523
40740 0.001699
40750 0.545151
40760 0.357261
40770 0.013130
40780 0.006044
40790 -0.002689
40800 0.012661
40810 0.004001
40820 0.006361
40830 0.004096
40840 0.005797
40850 0.003778
40860 0.000476
40870 0.015852
40880 0.028854
40890 0.011766
40900 0.004039
40910 0.007827
40920 0.422587
40930 0.002975
40940 0.022684
40950 0.022919
40960 0.004972
40970 -0.000192
40980 0.004861
40990 0.007889
41000 0.000041
41010 0.002248
41020 0.012071
41030 0.002805
41040 0.001914
41050 0.001321
41060 0.009748
41070 0.017349
41080 0.002112
41090 0.004139
41100 0.004243
41110 0.005781
41120 0.005739
41130 0.007190
41140 0.020567
41150 0.002097
41160 0.003007
41170 0.000657
41180 0.004943
41190 0.016619
41200 0.033321
41210 0.044419
41220 0.005395
41230 0.018437
41240 0.025207
41250 0.001996
41260 0.006364
41270 0.001729
41280 0.236934
41290 0.003251
41300 0.009079
41310 0.007140
41320 0.010193
41330 0.001418
41340 0.008096
41350 0.001027
41360 0.016924
41370 0.005456
41380 0.002233
41390 0.019554
41400 0.006238
41410 0.015066
41420 0.004347
41430 0.001884
41440 0.003289
41450 0.018052
41460 0.000938
41470 0.031530
41480 0.000095
41490 0.002821
41500 0.008079
41510 0.021437
41520 0.003205
41530 0.003304
41540 0.012823
41550 -0.000696
41560 -0.000302
41570 0.004402
41580 1.033896
41590 0.004477
41600 0.003906
41610 0.001018
41620 0.006603
41630 0.005299
41640 0.007928
41650 0.005625
41660 0.001584
41670 0.003252
41680 0.009580
41690 0.007197
41700 0.010025
41710 0.005276
41720 0.005466
41730 0.009007
41740 0.008607
41750 0.010088
41760 0.005186
41770 0.004243
41780 0.016714
41790 0.000423
41800 0.007627
41810 0.007847
41820 0.328064
41830 0.003545
41840 0.004999
41850 0.017190
41860 0.006095
41870 0.005438
41880 0.010535
41890 0.005887
41900 0.004370
41910 0.006805
41920 0.052593
41930 0.001067
41940 0.004246
41950 0.005546
41960 0.006774
41970 0.002970
41980 -0.001152
41990 -0.001784
42000 0.002828
42010 0.008866
42020 0.003286
42030 0.010889
42040 0.004721
42050 0.008298
42060 0.002349
42070 0.002076
42080 0.009671
42090 0.020163
42100 0.028298
42110 -0.000716
42120 0.006601
42130 0.006552
42140 0.002889
42150 0.162711
42160 0.011078
42170 0.006886
42180 0.001931
42190 0.012839
42200 0.002165
42210 0.011283
42220 0.003747
42230 0.013395
42240 0.008257
42250 0.005476
42260 0.000901
42270 0.003108
42280 0.005147
42290 0.009719
42300 0.019132
42310 0.008430
42320 0.003238
42330 -0.000189
42340 0.273313
42350 0.000994
42360 0.008452
42370 0.003914
42380 0.000375
42390 0.018694
42400 0.002996
42410 0.008139
42420 0.001173
42430 -0.001426
42440 0.002921
42450 0.013453
42460 0.014144
42470 0.012805
42480 0.001480
42490 0.022707
42500 0.002439
42510 0.002770
42520 0.003450
42530 0.002761
42540 0.007923
42550 -0.000967
42560 0.018589
42570 0.004466
42580 0.002539
42590 0.003009
42600 0.000029
42610 0.001245
42620 -0.000483
42630 0.024020
42640 0.001160
42650 0.008524
42660 0.002421
42670 0.003112
42680 0.000042
42690 0.007300
42700 0.009664
42710 0.024837
42720 0.010052
42730 0.008411
42740 0.020518
42750 0.006667
42760 0.005919
42770 0.037737
42780 0.002787
42790 -0.001392
42800 0.108801
42810 0.018367
42820 -0.002445
42830 -0.002120
42840 -0.000434
42850 0.004008
42860 0.002118
42870 0.023535
42880 0.003352
42890 0.003514
42900 0.003079
42910 0.000379
42920 0.007377
42930 0.005661
42940 0.003034
42950 0.006542
42960 0.006537
42970 0.000295
42980 0.005004
42990 -0.001971
43000 0.004956
43010 -0.000458
43020 0.003641
43030 0.007884
43040 0.001455
43050 0.002426
43060 0.006565
43070 0.012356
43080 -0.000088
43090 0.001110
43100 0.006868
43110 0.004888
43120 0.010362
43130 0.001198
43140 0.005523
43150 0.002554
43160 0.005630
43170 0.002113
43180 -0.000824
43190 0.002742
43200 0.000220
43210 0.013421
43220 0.000883
43230 0.003037
43240 -0.002593
43250 0.003474
43260 -0.002046
43270 0.005573
43280 0.009088
43290 0.013540
43300 0.003238
43310 0.005037
43320 -0.000336
43330 0.009073
43340 0.029073
43350 0.001590
43360 0.003083
43370 0.013924
43380 -0.000866
43390 0.007521
43400 0.003590
43410 0.002233
43420 0.003452
43430 0.005070
43440 0.001959
43450 0.000674
43460 0.053560
43470 0.610274
43480 0.015912
43490 0.001840
43500 -0.000466
43510 0.003177
43520 0.004300
43530 0.001697
43540 0.002992
43550 0.006429
43560 0.005508
43570 0.012135
43580 0.088202
43590 0.005487
43600 0.002345
43610 0.002848
43620 0.005701
43630 0.024335
43640 0.008122
43650 0.000377
43660 0.003889
43670 0.001310
43680 0.003605
43690 0.005750
43700 0.002940
43710 0.006917
43720 0.000950
43730 0.349228
43740 0.001851
43750 0.001476
43760 0.000289
43770 0.000735
43780 0.007087
43790 0.006356
43800 0.001189
43810 0.002930
43820 0.004778
43830 0.004881
43840 0.013466
43850 0.002747
43860 -0.002088
43870 0.003344
43880 -0.001039
43890 0.000024
43900 0.015030
43910 -0.001596
43920 0.001133
43930 0.003189
43940 0.000672
43950 0.002915
43960 0.012537
43970 -0.000904
43980 0.005512
43990 0.002386
44000 -0.001994
44010 0.004707
44020 0.011584
44030 0.009443
44040 0.010440
44050 0.010107
44060 0.015194
44070 0.002874
44080 -0.000118
44090 0.003104
44100 0.004840
44110 0.018035
44120 0.010478
44130 0.003586
44140 0.005649
44150 0.010254
44160 0.015750
44170 0.004320
44180 0.005641
44190 0.006119
44200 -0.000770
44210 0.001497
44220 0.007876
44230 0.004606
44240 0.003836
44250 0.006422
44260 0.002595
44270 0.000003
44280 0.010633
44290 0.002238
44300 0.001505
44310 0.002635
44320 0.074379
44330 0.395731
44340 -0.000655
44350 0.178725
44360 0.004085
44370 0.004072
44380 0.005540
44390 0.001258
44400 0.001610
44410 -0.000880
44420 0.005732
44430 0.004808
44440 0.000240
44450 0.019311
44460 0.001198
44470 0.005968
44480 0.211435
44490 0.000495
44500 0.002404
44510 0.000566
44520 0.003176
44530 0.006247
44540 -0.001512
44550 0.002103
44560 0.016445
44570 0.013083
44580 0.001681
44590 0.003286
44600 0.001900
44610 -0.000507
44620 0.001066
44630 0.000168
44640 0.001986
44650 0.006923
44660 0.000322
44670 0.001440
44680 0.003156
44690 0.001130
44700 0.006208
44710 0.001475
44720 0.005066
44730 0.001231
44740 -0.000250
44750 0.007114
44760 0.002638
44770 0.002307
44780 0.003104
44790 0.000301
44800 0.004467
44810 0.003248
44820 0.001397
44830 0.005846
44840 -0.000408
44850 0.003182
44860 0.001562
44870 0.001617
44880 0.002700
44890 0.007885
44900 0.004148
44910 0.001719
44920 0.004927
44930 0.000873
44940 0.002204
44950 0.013618
44960 0.000126
44970 0.008727
44980 0.001832
44990 0.002696
45000 0.001208
45010 0.010210
45020 0.006523
45030 0.000943
45040 0.262587
45050 0.003887
45060 0.020385
45070 0.001839
45080 0.001307
45090 0.001067
45100 0.002396
45110 0.000008
45120 0.003561
45130 0.001469
45140 0.003155
45150 0.001554
45160 0.004396
45170 0.008333
45180 0.002312
45190 0.012336
45200 0.014291
45210 0.005160
45220 0.003014
45230 0.004014
45240 -0.001227
45250 0.011610
45260 0.001236
45270 0.005017
45280 0.000922
45290 0.003630
45300 0.003455
45310 0.007924
45320 0.007828
45330 0.001757
45340 -0.001313
45350 0.002773
45360 0.004617
45370 0.001897
45380 0.000161
45390 0.002615
45400 0.002733
45410 0.000882
45420 0.001029
45430 0.005003
45440 -0.001011
45450 0.001631
45460 0.024223
45470 -0.001598
45480 0.001975
45490 0.002210
45500 0.011031
45510 0.024252
45520 0.016481
45530 0.011479
45540 -0.000893
45550 0.003067
45560 0.004577
45570 0.007140
45580 0.003928
45590 -0.000245
45600 0.033212
45610 0.001205
45620 -0.000281
45630 0.009424
45640 0.001033
45650 0.007980
45660 0.001669
45670 -0.000570
45680 0.001834
45690 0.002577
45700 0.002430
45710 -0.000023
45720 0.005502
45730 0.001025
45740 0.002812
45750 0.004420
45760 0.003520
45770 0.003969
45780 -0.000147
45790 -0.001006
45800 0.004700
45810 0.000555
45820 0.000850
45830 0.003853
45840 0.001451
45850 0.003710
45860 0.000666
45870 0.029236
45880 0.005265
45890 0.004760
45900 0.002775
45910 0.008585
45920 0.007078
45930 0.016238
45940 0.000304
45950 0.012772
45960 0.006439
45970 -0.001336
45980 0.005186
45990 0.002873
46000 0.000433
46010 0.009538
46020 0.032849
46030 0.001162
46040 0.001889
46050 0.004569
46060 -0.001338
46070 0.001038
46080 0.000421
46090 0.002000
46100 0.001930
46110 0.001154
46120 0.003444
46130 0.002242
46140 0.007423
46150 0.008822
46160 0.004328
46170 0.478748
46180 0.006561
46190 0.009354
46200 0.001207
46210 -0.002031
46220 0.041812
46230 0.141869
46240 0.011486
46250 0.002735
46260 0.006074
46270 0.015191
46280 0.002333
46290 0.013746
46300 0.017149
46310 0.004840
46320 -0.001130
46330 0.009385
46340 0.001753
46350 0.016482
46360 0.012051
46370 0.003042
46380 0.003339
46390 0.009226
46400 0.027306
46410 0.025081
46420 0.009869
46430 0.014634
46440 0.008578
46450 0.005276
46460 0.037324
46470 0.130402
46480 0.012897
46490 0.006806
46500 0.001433
46510 0.003360
46520 0.091021
46530 0.004176
46540 0.001781
46550 -0.002805
46560 0.003139
46570 1.202817
46580 0.003587
46590 0.003730
46600 0.003802
46610 0.011823
46620 0.003740
46630 0.004304
46640 0.002210
46650 0.433150
46660 0.004541
46670 0.007334
46680 0.001096
46690 0.005461
46700 0.001138
46710 0.002041
46720 0.003058
46730 0.007901
46740 0.002969
46750 0.005682
46760 0.003106
46770 -0.001363
46780 0.005020
46790 0.004762
46800 0.000878
46810 0.012376
46820 0.033443
46830 0.000849
46840 0.005831
46850 0.008239
46860 0.002404
46870 0.003978
46880 0.005361
46890 0.004848
46900 0.005037
46910 0.006666
46920 0.003476
46930 0.005864
46940 -0.001852
46950 0.001765
46960 0.001299
46970 0.007564
46980 0.000612
46990 0.007182
47000 0.016107
47010 0.001300
47020 0.005689
47030 0.006736
47040 0.006163
47050 0.002053
47060 0.006010
47070 0.000745
47080 0.003003
47090 0.003037
47100 0.013361
47110 0.024491
47120 0.009580
47130 0.013527
47140 0.019597
47150 0.002812
47160 0.004239
47170 0.002838
47180 1.382049
47190 0.000488
47200 0.000907
47210 0.002541
47220 0.006314
47230 0.001975
47240 0.001244
47250 0.007378
47260 0.012418
47270 0.007672
47280 0.010275
47290 0.007794
47300 -0.000428
47310 0.017142
47320 0.008722
47330 0.003791
47340 0.177188
47350 0.002255
47360 0.013529
47370 0.001440
47380 -0.000340
47390 0.006102
47400 0.004969
47410 0.003569
47420 0.000087
47430 0.131440
47440 0.020249
47450 0.009840
47460 0.000429
47470 0.010002
47480 0.007202
47490 0.002242
47500 0.001185
47510 0.640514
47520 0.012476
47530 0.008918
47540 0.001231
47550 0.003475
47560 0.010399
47570 0.008851
47580 0.004838
47590 0.003274
47600 0.023899
47610 0.009414
47620 0.003249
47630 0.005356
47640 -0.002545
47650 0.003102
47660 0.002460
47670 0.007249
47680 0.006755
47690 0.004991
47700 0.001699
47710 0.012513
47720 0.004096
47730 0.005629
47740 0.005386
47750 0.012520
47760 0.003972
47770 0.005428
47780 0.085935
47790 0.003512
47800 0.001114
47810 0.002196
47820 0.003071
47830 0.001604
47840 0.008875
47850 0.003872
47860 0.000612
47870 0.008695
47880 0.004326
47890 0.000463
47900 0.006978
47910 0.007856
47920 0.000452
47930 0.002389
47940 0.000165
47950 0.012514
47960 0.007521
47970 0.003793
47980 0.001702
47990 0.002360
48000 0.003302
48010 0.152480
48020 -0.001982
48030 0.002553
48040 0.001840
48050 0.005303
48060 0.002505
48070 0.001581
48080 0.028295
48090 -0.000479
48100 0.001125
48110 0.001923
48120 0.005827
48130 0.003938
48140 0.005883
48150 0.009592
48160 0.007891
48170 0.091759
48180 0.003981
48190 0.000975
48200 0.005589
48210 0.010559
48220 0.002719
48230 0.005276
48240 0.000470
48250 0.011096
48260 0.112676
48270 0.007228
48280 0.010312
48290 0.004655
48300 0.003834
48310 -0.000461
48320 0.167575
48330 0.007283
48340 0.014505
48350 0.006462
48360 0.004268
48370 0.003877
48380 0.006148
48390 0.001802
48400 0.012845
48410 0.007048
48420 0.002827
48430 0.003624
48440 0.007198
48450 0.005642
48460 0.010184
48470 0.000532
48480 -0.000592
48490 0.006855
48500 0.007972
48510 0.014514
48520 0.000479
48530 0.007760
48540 0.005134
48550 0.005098
48560 0.002670
48570 0.051926
48580 0.004353
48590 0.000693
48600 0.004680
48610 0.002321
48620 0.014761
48630 0.020201
48640 0.009090
48650 0.003365
48660 0.001153
48670 0.016658
48680 0.000085
48690 0.010224
48700 0.004576
48710 0.003421
48720 0.005847
48730 0.002224
48740 0.002208
48750 0.012900
48760 0.001690
48770 0.005476
48780 0.014903
48790 1.291885
48800 -0.002125
48810 0.010856
48820 0.002631
48830 -0.002917
48840 0.004690
48850 0.003821
48860 0.000741
48870 -0.000787
48880 0.004137
48890 0.002344
48900 0.009611
48910 0.002891
48920 0.003092
48930 0.000271
48940 1.242553
48950 0.007299
48960 0.020134
48970 0.014847
48980 0.000936
48990 0.011774
49000 0.012377
49010 0.002104
49020 0.008935
49030 -0.000743
49040 0.011204
49050 0.004310
49060 0.003524
49070 -0.000220
49080 0.008636
49090 0.010573
49100 0.002094
49110 0.002033
49120 0.002300
49130 -0.001114
49140 0.004227
49150 0.004911
49160 0.000387
49170 0.004834
49180 0.002869
49190 0.005342
49200 0.000976
49210 0.005489
49220 0.002785
49230 0.004486
49240 0.008792
49250 0.447637
49260 0.007745
49270 0.005837
49280 0.004556
49290 0.003018
49300 0.000419
49310 -0.001537
49320 0.002571
49330 0.003837
49340 0.002551
49350 0.001609
49360 0.002220
49370 0.012499
49380 0.006977
49390 0.002388
49400 0.003773
49410 0.007275
49420 0.009110
49430 0.005751
49440 0.002278
49450 0.025555
49460 0.001254
49470 0.002074
49480 0.004174
49490 0.002258
49500 0.005829
49510 0.004374
49520 0.009233
49530 0.004091
49540 0.004096
49550 1.669334
49560 0.002127
49570 0.003217
49580 0.009952
49590 0.004764
49600 0.003224
49610 0.006402
49620 0.001468
49630 0.006675
49640 0.013859
49650 0.003765
49660 0.002355
49670 0.005533
49680 0.000869
49690 0.131828
49700 0.012548
49710 0.010427
49720 0.002640
49730 0.000659
49740 0.004178
49750 -0.000882
49760 0.746902
49770 0.009665
49780 0.008983
49790 0.004252
49800 -0.000023
49810 0.003967
49820 0.485801
49830 0.001603
49840 0.001511
49850 0.001880
49860 0.007294
49870 0.013920
49880 0.010717
49890 0.012082
49900 0.007662
49910 0.007774
49920 0.004087
49930 0.006850
49940 0.002226
49950 0.010686
49960 0.002643
49970 0.340942
49980 0.010949
49990 0.007068
50000 0.006161
50010 0.000783
50020 -0.000172
50030 0.005230
50040 0.009386
50050 0.007126
50060 0.002809
50070 0.007105
50080 0.005537
50090 0.012279
50100 0.003791
50110 0.007485
50120 0.007690
50130 0.009276
50140 0.000220
50150 0.005079
50160 -0.000030
50170 0.008068
50180 0.004389
50190 -0.001520
50200 0.004369
50210 0.019557
50220 0.019924
50230 0.006899
50240 0.008203
50250 0.001777
50260 0.018824
50270 -0.000318
50280 0.366781
50290 0.007012
50300 0.007060
50310 0.011192
50320 0.020635
50330 0.191335
50340 0.029501
50350 0.018093
50360 0.004825
50370 0.004448
50380 0.002790
50390 0.005925
50400 0.003534
50410 0.012006
50420 0.003677
50430 0.010079
50440 0.000733
50450 0.003944
50460 0.006231
50470 0.012054
50480 0.003597
50490 0.003515
50500 0.005099
50510 0.003432
50520 0.004780
50530 0.007158
50540 0.008909
50550 0.021199
50560 0.005038
50570 0.008812
50580 0.016147
50590 -0.000317
50600 0.003034
50610 0.004546
50620 0.006676
50630 0.017952
50640 0.016973
50650 0.016462
50660 0.036462
50670 0.005294
50680 0.003126
50690 0.001375
50700 0.010394
50710 0.000513
50720 0.007102
50730 0.071584
50740 0.015900
50750 0.004935
50760 0.007913
50770 0.002575
50780 0.020855
50790 0.005062
50800 0.011353
50810 0.000956
50820 0.002325
50830 0.004838
50840 0.003280
50850 0.008811
50860 0.042249
50870 0.016479
50880 0.006734
50890 0.016450
50900 0.011796
50910 0.010246
50920 0.004943
50930 0.008032
50940 0.012390
50950 0.004753
50960 0.006959
50970 0.009496
50980 0.005179
50990 0.006258
51000 0.004267
51010 0.001817
51020 0.001466
51030 0.003060
51040 0.000490
51050 0.012873
51060 -0.001861
51070 0.019425
51080 0.001301
51090 0.011030
51100 0.004932
51110 0.011083
51120 0.005686
51130 -0.000093
51140 0.007091
51150 0.007321
51160 -0.001965
51170 0.005614
51180 0.002990
51190 0.008344
51200 0.005212
51210 0.002863
51220 0.000915
51230 0.006265
51240 -0.001090
51250 0.001105
51260 0.009306
51270 0.013470
51280 0.000379
51290 0.007708
51300 0.008257
51310 0.005081
51320 0.005813
51330 0.008000
51340 0.006339
51350 0.001441
51360 -0.001281
51370 0.016047
51380 0.007349
51390 0.002051
51400 0.005537
51410 0.006390
51420 0.004167
51430 0.000858
51440 0.001908
51450 0.002039
51460 0.009453
51470 -0.000356
51480 0.004911
51490 0.003008
51500 0.005544
51510 0.000936
51520 0.033166
51530 0.058956
51540 0.005603
51550 0.003590
51560 0.006191
51570 0.007546
51580 0.009348
51590 0.004048
51600 0.006069
51610 0.006444
51620 0.010197
51630 0.006981
51640 0.004075
51650 0.009326
51660 0.094872
51670 0.001299
51680 -0.001656
51690 0.010323
51700 0.001984
51710 0.006466
51720 0.003001
51730 0.003347
51740 0.007925
51750 0.111654
51760 -0.001417
51770 0.009311
51780 0.002389
51790 0.009290
51800 0.001998
51810 1.669262
51820 0.001022
51830 0.001485
51840 0.012031
51850 0.002067
51860 0.009460
51870 0.009046
51880 0.005309
51890 0.001706
51900 0.006528
51910 0.007411
51920 0.003440
51930 0.000470
51940 0.004221
51950 0.013832
51960 0.011782
51970 0.007994
51980 0.004079
51990 0.004122
52000 0.014445
52010 0.003257
52020 0.002921
52030 0.003871
52040 0.001422
52050 0.001227
52060 0.004084
52070 0.003864
52080 0.012983
52090 0.009540
52100 0.011997
52110 0.002882
52120 0.005633
52130 0.002574
52140 0.004181
52150 0.006472
52160 0.009753
52170 -0.002180
52180 0.008904
52190 0.077037
52200 0.006705
52210 0.016979
52220 0.000460
52230 0.016577
52240 -0.000234
52250 0.007843
52260 0.009807
52270 0.011401
52280 0.001745
52290 0.010709
52300 -0.002530
52310 0.007014
52320 0.004149
52330 0.021938
52340 0.005058
52350 -0.000620
52360 0.003758
52370 0.008623
52380 0.006587
52390 0.001632
52400 0.011622
52410 0.006059
52420 0.009898
52430 0.002334
52440 0.015013
52450 0.007317
52460 0.009103
52470 0.014427
52480 0.006862
52490 0.009287
52500 0.008799
52510 0.009608
52520 0.003147
52530 0.003058
52540 0.001472
52550 0.002519
52560 0.009957
52570 0.003710
52580 0.003237
52590 0.010288
52600 0.007606
52610 0.008304
52620 0.007416
52630 0.002944
52640 0.000503
52650 0.002864
52660 0.008851
52670 0.057741
52680 0.000642
52690 0.011510
52700 0.012693
52710 0.003188
52720 -0.000121
52730 0.008847
52740 0.010958
52750 0.003113
52760 0.003385
52770 0.009517
52780 0.005769
52790 0.001405
52800 0.010448
52810 0.269397
52820 0.012443
52830 0.000661
52840 0.007848
52850 0.007958
52860 0.006960
52870 0.000686
52880 0.005059
52890 0.001243
52900 -0.002144
52910 0.001718
52920 0.002444
52930 0.006237
52940 0.008334
52950 0.000844
52960 0.000653
52970 0.012135
52980 0.006420
52990 0.002691
53000 -0.001752
53010 0.006370
53020 -0.000707
53030 0.017509
53040 0.005820
53050 0.004865
53060 0.003181
53070 0.008883
53080 0.004839
53090 0.006008
53100 0.004843
53110 0.002397
53120 0.003167
53130 0.000503
53140 0.009620
53150 0.006083
53160 0.108692
53170 0.035086
53180 0.003019
53190 0.007886
53200 0.012098
53210 0.004685
53220 0.015726
53230 0.080915
53240 0.001808
53250 0.003245
53260 0.050043
53270 0.003296
53280 -0.001435
53290 0.004715
53300 -0.001877
53310 0.002754
53320 0.002567
53330 0.027093
53340 0.003215
53350 0.002131
53360 0.004778
53370 0.001010
53380 0.171747
53390 0.001550
53400 0.003891
53410 0.005276
53420 0.001132
53430 -0.000821
53440 0.003052
53450 0.005422
53460 0.001457
53470 0.006468
53480 0.006643
53490 0.001252
53500 0.001459
53510 0.006769
53520 0.007948
53530 0.003498
53540 0.149990
53550 0.005265
53560 0.007398
53570 0.008811
53580 -0.001933
53590 0.000146
53600 0.002814
53610 -0.000762
53620 0.002281
53630 0.008175
53640 0.002274
53650 0.004116
53660 0.005066
53670 0.006417
53680 0.012060
53690 0.000427
53700 0.002384
53710 0.006988
53720 0.001067
53730 0.008101
53740 0.009227
53750 0.004183
53760 0.000705
53770 0.003439
53780 -0.000238
53790 0.005836
53800 0.002762
53810 -0.002084
53820 0.010575
53830 0.002647
53840 0.009020
53850 0.003446
53860 0.033869
53870 0.004048
53880 0.002022
53890 0.010165
53900 -0.000133
53910 0.002757
53920 0.001413
53930 0.004190
53940 0.008192
53950 0.015412
53960 0.072650
53970 0.008014
53980 0.002680
53990 0.004172
54000 0.007734
54010 0.008572
54020 0.018199
54030 0.094947
54040 0.008059
54050 0.009337
54060 0.004485
54070 0.002432
54080 0.002627
54090 0.014328
54100 0.003747
54110 0.003225
54120 0.005127
54130 0.005388
54140 0.002159
54150 0.004561
54160 -0.002144
54170 0.000621
54180 0.018138
54190 -0.002215
54200 0.013465
54210 0.005960
54220 0.000027
54230 0.004440
54240 0.086927
54250 0.005721
54260 0.001575
54270 0.002745
54280 0.013286
54290 0.008372
54300 0.008388
54310 0.013431
54320 -0.001283
54330 0.011791
54340 0.003865
54350 0.007334
54360 0.000111
54370 0.007813
54380 0.001860
54390 -0.000046
54400 0.002308
54410 -0.000091
54420 0.033777
54430 0.011879
54440 0.001339
54450 0.005130
54460 0.002088
54470 0.004946
54480 0.005581
54490 0.004405
54500 0.004623
54510 0.006233
54520 0.003476
54530 0.012126
54540 0.001096
54550 0.004523
54560 0.141600
54570 0.012438
54580 0.009738
54590 0.011379
54600 0.011493
54610 0.001229
54620 0.002642
54630 0.001512
54640 0.021192
54650 0.027901
54660 0.004107
54670 0.002719
54680 0.023314
54690 0.009215
54700 0.021552
54710 -0.000638
54720 0.005553
54730 0.017667
54740 0.007412
54750 0.006462
54760 0.001652
54770 0.002390
54780 0.003857
54790 0.060412
54800 0.009527
54810 0.053332
54820 0.012185
54830 0.004219
54840 0.006206
54850 0.009666
54860 0.072576
54870 0.009357
54880 0.001192
54890 0.005224
54900 0.027305
54910 0.015932
54920 -0.002234
54930 0.010806
54940 -0.000335
54950 0.008737
54960 0.039044
54970 0.000962
54980 0.004362
54990 0.000851
55000 0.002613
55010 0.004594
55020 0.005741
55030 0.011072
55040 0.001040
55050 0.001825
55060 0.023538
55070 0.003256
55080 0.031816
55090 0.002796
55100 0.011240
55110 0.001991
55120 0.000125
55130 0.002851
55140 0.004338
55150 0.003876
55160 0.006266
55170 0.219160
55180 0.008182
55190 0.004122
55200 0.004413
55210 0.002622
55220 0.011551
55230 0.014794
55240 0.003029
55250 0.007520
55260 0.003244
55270 0.002270
55280 0.039435
55290 0.001476
55300 0.005738
55310 0.004895
55320 0.006262
55330 0.005428
55340 0.004727
55350 0.003309
55360 0.010458
55370 0.009051
55380 0.010893
55390 0.007009
55400 0.007916
55410 0.003473
55420 0.026393
55430 0.006310
55440 0.004643
55450 0.006130
55460 0.003944
55470 0.007364
55480 -0.001507
55490 0.003898
55500 0.004433
55510 0.001349
55520 0.012145
55530 0.013082
55540 0.004826
55550 0.003365
55560 0.004757
55570 0.018828
55580 0.006075
55590 0.006362
55600 0.005799
55610 0.011959
55620 0.009639
55630 0.010642
55640 0.004512
55650 0.010219
55660 0.425254
55670 0.011620
55680 0.003828
55690 0.006847
55700 0.000557
55710 0.009088
55720 0.083808
55730 0.004677
55740 0.006002
55750 0.000132
55760 -0.002567
55770 -0.000499
55780 0.008225
55790 0.006482
55800 0.020640
55810 0.011432
55820 0.012043
55830 0.000590
55840 0.003512
55850 -0.001213
55860 0.012749
55870 0.003686
55880 0.017470
55890 0.003621
55900 0.000438
55910 0.010796
55920 0.014477
55930 0.012617
55940 0.000279
55950 0.007132
55960 0.010029
55970 0.011728
55980 0.000736
55990 0.000667
56000 0.002915
56010 0.043667
56020 0.354967
56030 0.000116
56040 0.012100
56050 0.010745
56060 0.002817
56070 0.101420
56080 0.001623
56090 0.003178
56100 0.003505
56110 0.003420
56120 0.000922
56130 0.002121
56140 -0.001157
56150 0.004344
56160 0.014836
56170 0.003959
56180 0.003108
56190 0.014885
56200 0.001272
56210 0.004740
56220 0.002348
56230 0.005020
56240 0.132160
56250 0.002871
56260 0.098371
56270 0.003763
56280 0.005182
56290 0.000300
56300 0.012261
56310 0.003126
56320 0.003661
56330 0.001183
56340 -0.002896
56350 0.002442
56360 0.008686
56370 0.002332
56380 0.003098
56390 0.003445
56400 0.074388
56410 0.005714
56420 0.005953
56430 0.004586
56440 0.001782
56450 0.002083
56460 0.013444
56470 -0.000731
56480 0.008656
56490 0.001757
56500 0.005620
56510 0.008883
56520 0.008421
56530 0.001351
56540 0.005665
56550 0.008807
56560 0.014328
56570 0.004851
56580 0.001133
56590 0.003547
56600 -0.000337
56610 0.012201
56620 0.006880
56630 0.002130
56640 0.006678
56650 -0.001301
56660 0.004811
56670 0.000919
56680 0.006060
56690 0.005328
56700 0.003267
56710 0.000144
56720 0.000938
56730 0.011105
56740 0.001282
56750 0.008721
56760 0.005933
56770 0.002931
56780 0.001261
56790 0.004195
56800 0.002268
56810 0.005938
56820 0.002545
56830 0.005575
56840 0.037939
56850 0.009575
56860 0.010997
56870 -0.002114
56880 0.001659
56890 0.013656
56900 0.004339
56910 0.007854
56920 0.003947
56930 0.002421
56940 0.010921
56950 0.002928
56960 -0.000383
56970 0.004992
56980 0.208256
56990 0.000771
57000 0.008163
57010 0.006660
57020 0.003038
57030 0.015741
57040 0.141591
57050 0.013338
57060 -0.000684
57070 0.104161
57080 0.010556
57090 0.010042
57100 0.005015
57110 0.011321
57120 0.000542
57130 -0.000368
57140 0.004062
57150 -0.000028
57160 0.005601
57170 -0.000083
57180 0.001079
57190 0.011634
57200 0.004653
57210 0.005229
57220 0.008282
57230 0.004224
57240 -0.000131
57250 0.064476
57260 0.001884
57270 0.002568
57280 0.008973
57290 0.007152
57300 -0.001575
57310 0.002539
57320 0.005889
57330 0.005862
57340 0.013861
57350 0.003933
57360 0.012427
57370 0.006479
57380 0.007787
57390 0.060784
57400 0.006548
57410 -0.000587
57420 0.007233
57430 0.003955
57440 0.003356
57450 0.001711
57460 0.003236
57470 -0.001203
57480 0.005803
57490 0.002159
57500 0.006635
57510 0.008451
57520 0.006751
57530 0.042233
57540 0.008549
57550 0.003755
57560 -0.001512
57570 0.005263
57580 0.002847
57590 0.001687
57600 0.015151
57610 0.006513
57620 0.007200
57630 0.004992
57640 0.012670
57650 0.002907
57660 0.009744
57670 0.003809
57680 0.002618
57690 0.009659
57700 0.008165
57710 0.000011
57720 0.008130
57730 0.005542
57740 0.005936
57750 0.001137
57760 0.004340
57770 0.007233
57780 0.003921
57790 0.012545
57800 0.003533
57810 0.004175
57820 0.000755
57830 0.005957
57840 0.000791
57850 -0.002167
57860 0.001329
57870 0.018088
57880 0.002035
57890 0.012414
57900 0.006444
57910 -0.000423
57920 0.010521
57930 0.006335
57940 0.008614
57950 -0.000159
57960 0.000676
57970 0.006785
57980 0.001400
57990 0.005866
58000 -0.002005
58010 0.001485
58020 0.004595
58030 0.006292
58040 -0.000375
58050 0.014384
58060 0.003544
58070 0.010642
58080 0.005002
58090 0.001506
58100 0.005344
58110 0.009199
58120 -0.000721
58130 -0.001895
58140 0.004356
58150 0.002288
58160 0.008864
58170 0.006625
58180 1.173801
58190 0.000564
58200 0.001571
58210 0.001227
58220 0.011076
58230 0.010503
58240 0.001217
58250 -0.001498
58260 0.134307
58270 0.008609
58280 0.004832
58290 0.015232
58300 0.003299
58310 0.002008
58320 0.003644
58330 0.005266
58340 0.005215
58350 0.006320
58360 0.009289
58370 0.005118
58380 0.002103
58390 0.015488
58400 -0.001834
58410 0.002213
58420 0.009092
58430 0.003326
58440 0.002620
58450 0.000446
58460 0.002936
58470 0.012478
58480 0.000649
58490 -0.001271
58500 0.004199
58510 0.008370
58520 0.011007
58530 0.044135
58540 -0.002554
58550 0.005766
58560 0.011096
58570 0.003840
58580 0.002355
58590 0.005368
58600 0.003116
58610 0.007241
58620 0.003843
58630 0.004538
58640 0.003098
58650 0.004817
58660 0.003709
58670 0.009399
58680 0.005928
58690 0.017897
58700 0.005221
58710 0.002148
58720 0.002473
58730 0.006446
58740 0.003962
58750 0.005126
58760 0.004031
58770 0.003280
58780 0.004598
58790 0.000355
58800 0.006197
58810 0.002644
58820 0.015681
58830 0.007332
58840 0.002952
58850 0.002660
58860 -0.001274
58870 0.000774
58880 0.001895
58890 -0.000952
58900 0.002274
58910 0.001945
58920 0.000453
58930 0.000096
58940 -0.002282
58950 0.010975
58960 0.028429
58970 0.009026
58980 -0.001490
58990 0.010584
59000 0.000805
59010 0.003403
59020 0.053984
59030 0.000217
59040 0.007184
59050 0.019173
59060 0.004097
59070 0.005700
59080 0.005138
59090 0.004782
59100 0.002097
59110 0.003408
59120 0.003866
59130 0.008827
59140 0.004174
59150 0.011318
59160 0.001027
59170 0.003812
59180 0.001452
59190 0.006718
59200 0.086201
59210 -0.000139
59220 0.007497
59230 0.002095
59240 0.002065
59250 0.000998
59260 0.004015
59270 0.001659
59280 0.010429
59290 0.007429
59300 0.024499
59310 0.006079
59320 0.001620
59330 0.001165
59340 -0.001891
59350 0.003515
59360 0.010832
59370 0.002717
59380 0.003940
59390 0.001312
59400 0.012665
59410 0.007692
59420 -0.002988
59430 0.002368
59440 0.004168
59450 0.007635
59460 0.006133
59470 0.001492
59480 0.013853
59490 0.002921
59500 0.010846
59510 0.002945
59520 0.006188
59530 0.003503
59540 0.007448
59550 0.005681
59560 -0.001473
59570 0.004389
59580 0.002627
59590 0.004576
59600 0.000244
59610 0.000072
59620 0.002134
59630 -0.000408
59640 0.029869
59650 0.009253
59660 0.028880
59670 0.015798
59680 0.006112
59690 0.002334
59700 0.003731
59710 0.056381
59720 0.045446
59730 0.001085
59740 0.000596
59750 0.013775
59760 -0.000419
59770 0.045475
59780 0.008486
59790 0.014113
59800 1.737139
59810 0.002054
59820 0.006105
59830 0.002862
59840 0.006843
59850 0.012279
59860 0.003861
59870 0.008264
59880 0.009081
59890 0.004539
59900 0.015188
59910 0.006706
59920 0.001084
59930 0.067936
59940 0.002961
59950 0.001939
59960 2.306993
59970 0.001993
59980 0.000218
59990 0.003321
60000 0.000662
60010 0.003333
60020 0.001760
60030 0.004554
60040 0.003843
60050 -0.000205
60060 0.002678
60070 -0.000688
60080 0.000056
60090 0.000485
60100 0.009722
60110 0.003410
60120 0.001276
60130 0.000716
60140 0.005958
60150 0.001575
60160 0.007351
60170 0.000704
60180 0.003284
60190 -0.000199
60200 0.005515
60210 0.005305
60220 0.005523
60230 0.002526
60240 -0.000369
60250 0.002449
60260 0.004060
60270 0.020237
60280 0.057224
60290 0.004503
60300 0.004688
60310 0.002390
60320 0.013168
60330 0.002819
60340 0.009208
60350 0.001276
60360 0.001046
60370 0.013131
60380 0.001725
60390 0.003274
60400 0.000511
60410 0.010467
60420 0.005448
60430 0.004926
60440 0.001682
60450 0.004822
60460 0.009263
60470 0.005483
60480 0.001884
60490 0.002059
60500 0.017211
60510 0.003056
60520 0.010182
60530 0.001121
60540 -0.000925
60550 0.000193
60560 0.004616
60570 0.003583
60580 0.006922
60590 -0.000342
60600 0.003782
60610 0.001820
60620 -0.001361
60630 0.002531
60640 0.004279
60650 0.029392
60660 0.000815
60670 0.005960
60680 0.005093
60690 0.017300
60700 -0.000322
60710 -0.000722
60720 0.004298
60730 0.007212
60740 0.002543
60750 0.007570
60760 0.011318
60770 -0.001383
60780 0.001104
60790 0.003382
60800 0.004861
60810 0.003780
60820 0.000019
60830 0.076686
60840 0.002167
60850 0.016909
60860 0.003082
60870 0.005940
60880 0.002866
60890 0.005168
60900 -0.002304
60910 0.001887
60920 0.004702
60930 0.007354
60940 0.008311
60950 0.002577
60960 0.005154
60970 0.006930
60980 0.003574
60990 0.375663
61000 0.004101
61010 0.003355
61020 0.004797
61030 0.008539
61040 0.002130
61050 0.013953
61060 0.009461
61070 0.010630
61080 0.000283
61090 0.002197
61100 0.001742
61110 0.003678
61120 0.000413
61130 0.002765
61140 0.004829
61150 0.000319
61160 0.003906
61170 0.000751
61180 0.003926
61190 0.006479
61200 0.003933
61210 0.001937
61220 0.005761
61230 0.001692
61240 0.000070
61250 -0.000673
61260 0.008995
61270 0.019522
61280 0.004070
61290 -0.000225
61300 -0.001588
61310 0.001420
61320 0.005279
61330 0.005937
61340 0.002822
61350 0.005931
61360 0.005360
61370 0.000337
61380 0.004462
61390 0.002986
61400 0.008839
61410 0.170287
61420 0.001089
61430 0.008077
61440 0.012943
61450 -0.000651
61460 0.003432
61470 0.010775
61480 0.004219
61490 0.008166
61500 0.008171
61510 0.008623
61520 -0.001319
61530 -0.001891
61540 0.003816
61550 0.006603
61560 0.007578
61570 -0.000557
61580 0.001394
61590 0.002763
61600 0.005100
61610 0.006182
61620 0.011427
61630 0.015143
61640 0.004259
61650 0.002136
61660 0.004744
61670 0.002312
61680 0.007421
61690 0.000664
61700 0.007334
61710 0.028111
61720 0.003944
61730 0.011609
61740 0.019216
61750 0.006550
61760 0.001418
61770 0.005906
61780 0.458424
61790 0.004662
61800 0.030766
61810 0.005096
61820 0.005703
61830 0.008143
61840 0.004631
61850 0.003477
61860 0.002331
61870 0.000631
61880 0.001046
61890 0.005277
61900 0.000874
61910 0.005034
61920 0.002764
61930 0.001870
61940 0.004812
61950 0.000862
61960 0.013273
61970 0.000442
61980 0.002460
61990 0.004675
62000 0.005475
62010 0.005520
62020 0.002623
62030 0.002256
62040 -0.000671
62050 0.000567
62060 0.000755
62070 0.001150
62080 0.004637
62090 0.004200
62100 0.003169
62110 0.001086
62120 0.004492
62130 -0.000065
62140 0.008309
62150 0.000974
62160 0.452326
62170 0.013293
62180 0.000972
62190 -0.000809
62200 0.002391
62210 0.019617
62220 0.002544
62230 0.003604
62240 0.002868
62250 0.001947
62260 0.002039
62270 0.007601
62280 0.003863
62290 0.001798
62300 0.002624
62310 -0.001658
62320 0.004922
62330 3.509624
62340 0.012009
62350 -0.000972
62360 0.011458
62370 0.004540
62380 0.005378
62390 0.011198
62400 0.049823
62410 0.011171
62420 0.003438
62430 0.005133
62440 0.002525
62450 0.004307
62460 0.006612
62470 0.014334
62480 0.007171
62490 0.008166
62500 0.001314
62510 0.001947
62520 0.003955
62530 0.009743
62540 0.006620
62550 0.211791
62560 0.000317
62570 0.002532
62580 0.001791
62590 0.002560
62600 0.000004
62610 0.005589
62620 0.004598
62630 0.004192
62640 0.001195
62650 0.008886
62660 -0.000059
62670 0.005238
62680 0.008314
62690 0.005740
62700 0.010903
62710 0.007032
62720 0.000332
62730 0.025686
62740 0.012260
62750 0.010964
62760 0.004794
62770 0.044959
62780 0.006163
62790 0.003009
62800 0.051908
62810 0.001266
62820 0.001915
62830 0.000525
62840 0.005244
62850 0.007746
62860 0.000799
62870 0.002071
62880 0.002228
62890 0.004525
62900 0.008372
62910 0.010059
62920 0.003392
62930 0.004309
62940 0.005304
62950 0.015294
62960 0.005032
62970 -0.000346
62980 0.000604
62990 0.003628
63000 0.005231
63010 0.001003
63020 0.001354
63030 0.003564
63040 0.002847
63050 2.260154
63060 0.000511
63070 0.013569
63080 0.299754
63090 -0.002389
63100 0.000040
63110 -0.001120
63120 0.012877
63130 0.007155
63140 0.005281
63150 0.001213
63160 0.001367
63170 0.000912
63180 3.050250
63190 0.013397
63200 0.022792
63210 -0.000329
63220 0.006551
63230 0.000740
63240 0.020486
63250 0.001270
63260 0.006926
63270 0.005014
63280 0.003802
63290 0.002517
63300 0.003609
63310 0.006200
63320 0.006095
63330 0.004573
63340 0.003236
63350 0.017689
63360 0.007132
63370 0.002129
63380 0.001801
63390 0.009630
63400 0.006499
63410 0.004105
63420 0.004915
63430 -0.001275
63440 0.001269
63450 0.003195
63460 -0.000045
63470 0.003434
63480 0.329664
63490 0.002476
63500 0.010596
63510 0.000264
63520 -0.000856
63530 0.034262
63540 -0.000722
63550 0.026219
63560 0.003641
63570 0.000867
63580 0.000759
63590 0.068513
63600 0.002408
63610 0.018029
63620 0.002259
63630 0.747465
63640 0.002247
63650 0.003498
63660 0.000695
63670 0.001959
63680 0.001182
63690 0.000565
63700 0.007798
63710 0.003468
63720 0.001360
63730 0.000146
63740 0.001605
63750 0.001578
63760 0.005346
63770 0.002488
63780 0.000147
63790 0.000280
63800 0.008520
63810 0.001306
63820 0.001471
63830 0.004452
63840 0.001658
63850 0.038247
63860 0.008896
63870 0.001758
63880 0.000158
63890 0.001245
63900 0.002172
63910 0.003921
63920 -0.000362
63930 0.004655
63940 0.002693
63950 0.004055
63960 0.000130
63970 0.000512
63980 0.001672
63990 0.006528
64000 0.002952
64010 0.006828
64020 0.000339
64030 0.001789
64040 0.001805
64050 0.002216
64060 0.005921
64070 0.002396
64080 0.014904
64090 0.001943
64100 -0.000146
64110 0.008299
64120 0.000758
64130 0.001206
64140 0.000515
64150 -0.001234
64160 0.003247
64170 0.001380
64180 0.000567
64190 0.006727
64200 -0.006196
64210 0.007018
64220 0.034190
64230 0.002388
64240 0.001004
64250 0.000337
64260 0.002809
64270 -0.000757
64280 0.010432
64290 0.000306
64300 -0.002456
64310 -0.000221
64320 0.008218
64330 -0.000400
64340 0.004681
64350 -0.000295
64360 0.009670
64370 0.005918
64380 0.004175
64390 0.002703
64400 0.000994
64410 0.001253
64420 0.005680
64430 0.001585
64440 0.002657
64450 -0.001797
64460 0.001517
64470 0.000922
64480 0.004287
64490 -0.001952
64500 0.001755
64510 0.002303
64520 0.004181
64530 0.010668
64540 0.007901
64550 0.006272
64560 0.003046
64570 0.001801
64580 0.013555
64590 0.000718
64600 0.013982
64610 0.001316
64620 0.003304
64630 0.000192
64640 0.000647
64650 0.003179
64660 -0.000440
64670 0.004240
64680 -0.000257
64690 -0.000034
64700 -0.002373
64710 0.005775
64720 0.005129
64730 0.003275
64740 0.001630
64750 0.010454
64760 0.018316
64770 0.009461
64780 0.003478
64790 0.000725
64800 0.000438
64810 0.001302
64820 0.004052
64830 0.013812
64840 0.004948
64850 0.002683
64860 0.000141
64870 0.003145
64880 0.003516
64890 0.003062
64900 0.000842
64910 0.002840
64920 0.004515
64930 0.003068
64940 0.005049
64950 0.000305
64960 0.000725
64970 0.025360
64980 -0.000905
64990 0.001305
65000 0.003447
65010 0.003937
65020 0.004720
65030 0.002652
65040 0.000702
65050 0.011507
65060 0.001656
65070 0.008792
65080 0.004637
65090 0.006297
65100 -0.001060
65110 0.001311
65120 0.006411
65130 0.002176
65140 0.000644
65150 -0.000902
65160 -0.000065
65170 0.005055
65180 0.002152
65190 -0.000518
65200 0.000186
65210 0.004815
65220 0.000872
65230 -0.000544
65240 0.002664
65250 0.001848
65260 0.001278
65270 -0.000190
65280 0.004414
65290 0.003421
65300 0.001360
65310 0.002472
65320 0.002182
65330 0.000406
65340 -0.000698
65350 0.000288
65360 0.001883
65370 0.003403
65380 0.001453
65390 0.004385
65400 0.019944
65410 0.005609
65420 0.005911
65430 0.001226
65440 -0.001055
65450 0.001924
65460 0.002723
65470 0.001783
65480 0.006026
65490 0.002393
65500 0.002671
65510 -0.000865
65520 0.005749
65530 0.002473
65540 0.000939
65550 -0.001938
65560 -0.000668
65570 0.001830
65580 -0.000092
65590 0.003045
65600 -0.000785
65610 0.000755
65620 0.002760
65630 0.004054
65640 0.010220
65650 0.001469
65660 0.000692
65670 0.002219
65680 0.000584
65690 0.002689
65700 0.000897
65710 0.003139
65720 -0.000309
65730 0.004114
65740 0.002793
65750 0.008371
65760 0.004358
65770 0.003772
65780 0.000364
65790 0.000751
65800 0.004536
65810 0.004053
65820 0.008859
65830 0.001670
65840 0.000941
65850 0.000107
65860 0.007386
65870 0.002945
65880 0.002767
65890 0.068969
65900 0.003701
65910 0.001428
65920 0.000537
65930 0.006863
65940 0.001025
65950 0.000156
65960 0.006674
65970 0.000458
65980 0.001218
65990 0.002632
66000 -0.000570
66010 0.008329
66020 0.001416
66030 0.003535
66040 0.003683
66050 0.000194
66060 0.001144
66070 0.001436
66080 0.013254
66090 0.001842
66100 0.000652
66110 0.002147
66120 0.001437
66130 0.000981
66140 0.008297
66150 0.002162
66160 0.009393
66170 -0.001921
66180 0.003005
66190 0.095390
66200 0.002241
66210 0.009160
66220 0.000451
66230 0.001487
66240 0.001380
66250 0.002784
66260 0.000027
66270 0.004386
66280 0.004769
66290 0.005636
66300 0.001422
66310 0.001274
66320 0.005172
66330 0.222446
66340 -0.000992
66350 0.000289
66360 -0.001994
66370 -0.001358
66380 0.003959
66390 -0.000779
66400 0.000444
66410 0.001638
66420 0.004026
66430 -0.001256
66440 -0.000624
66450 0.001469
66460 0.002734
66470 -0.001934
66480 0.003558
66490 0.003680
66500 -0.002061
66510 0.003583
66520 0.001761
66530 -0.000785
66540 0.008865
66550 0.003184
66560 0.001595
66570 0.006445
66580 0.009267
66590 0.002276
66600 0.016405
66610 0.003265
66620 0.005125
66630 0.002171
66640 0.001231
66650 0.001422
66660 0.000883
66670 0.005565
66680 0.004057
66690 0.005651
66700 0.095469
66710 0.004867
66720 0.000608
66730 0.006126
66740 0.001261
66750 0.003356
66760 0.002196
66770 0.000691
66780 0.001699
66790 0.018471
66800 0.005598
66810 0.002729
66820 0.000325
66830 0.002490
66840 -0.001458
66850 0.008254
66860 0.007660
66870 0.002860
66880 0.007135
66890 0.002108
66900 0.003974
66910 0.003914
66920 0.001069
66930 0.001003
66940 0.003013
66950 0.000350
66960 -0.000055
66970 0.002232
66980 0.005221
66990 0.005203
67000 0.001171
67010 0.003003
67020 0.003305
67030 0.001419
67040 0.001080
67050 0.001500
67060 0.006645
67070 0.007837
67080 0.001994
67090 -0.000448
67100 0.003267
67110 0.002095
67120 0.000176
67130 0.003602
67140 0.000296
67150 0.004433
67160 -0.000588
67170 0.001072
67180 0.005614
67190 0.000842
67200 0.002093
67210 0.001112
67220 0.001056
67230 0.003122
67240 0.003139
67250 0.017086
67260 -0.000240
67270 0.016679
67280 0.001120
67290 0.004142
67300 0.013260
67310 0.001372
67320 0.005434
67330 0.005438
67340 -0.000450
67350 0.001908
67360 0.000385
67370 0.005276
67380 0.006392
67390 0.001894
67400 0.005945
67410 0.007086
67420 0.000342
67430 -0.002357
67440 0.008212
67450 0.002165
67460 0.001424
67470 0.001459
67480 0.000862
67490 0.005748
67500 0.004381
67510 0.001334
67520 0.003470
67530 0.001668
67540 0.002209
67550 0.002563
67560 0.007504
67570 0.006146
67580 0.002717
67590 -0.001698
67600 0.006143
67610 2.992845
67620 0.010959
67630 0.001230
67640 0.000830
67650 0.001941
67660 0.000741
67670 0.004156
67680 0.003537
67690 0.003807
67700 0.003609
67710 0.003357
67720 0.001979
67730 0.000418
67740 0.000582
67750 0.002186
67760 0.000230
67770 0.017800
67780 1.525995
67790 -0.000325
67800 0.005091
67810 0.047795
67820 0.002291
67830 0.001165
67840 0.001976
67850 0.000954
67860 0.000586
67870 0.001504
67880 0.002402
67890 0.251354
67900 0.001914
67910 0.001292
67920 0.001124
67930 0.003624
67940 -0.000018
67950 0.002227
67960 0.001979
67970 0.006223
67980 0.003586
67990 -0.002874
68000 0.003615
68010 0.012372
68020 0.000110
68030 0.003655
68040 0.001104
68050 0.002607
68060 -0.000165
68070 -0.000052
68080 0.001399
68090 0.003937
68100 0.002130
68110 0.003976
68120 0.002728
68130 -0.000346
68140 0.000191
68150 0.014614
68160 0.003541
68170 0.000552
68180 0.001759
68190 0.007803
68200 0.000973
68210 0.001566
68220 0.002103
68230 0.006276
68240 0.005409
68250 0.012051
68260 0.002265
68270 -0.000813
68280 0.004409
68290 -0.001802
68300 0.005510
68310 0.007694
68320 0.000492
68330 -0.000046
68340 0.001057
68350 0.001014
68360 0.003039
68370 0.000647
68380 0.003408
68390 0.001563
68400 0.004518
68410 0.001858
68420 0.006815
68430 0.004232
68440 0.002847
68450 -0.001759
68460 0.002780
68470 0.003879
68480 0.008285
68490 0.002816
68500 0.001807
68510 -0.001807
68520 0.002113
68530 0.002878
68540 -0.001665
68550 0.002453
68560 0.004894
68570 0.003371
68580 0.000914
68590 0.006328
68600 -0.000650
68610 0.003195
68620 0.005094
68630 0.000289
68640 0.003245
68650 0.001638
68660 -0.000523
68670 0.008260
68680 -0.001425
68690 0.000080
68700 0.007248
68710 0.001449
68720 0.012715
68730 0.983015
68740 0.004674
68750 0.001892
68760 0.000812
68770 0.002431
68780 0.000544
68790 -0.001469
68800 -0.000368
68810 0.001325
68820 0.003133
68830 0.002444
68840 0.013331
68850 0.000862
68860 0.001766
68870 0.000958
68880 -0.003219
68890 0.000709
68900 0.003230
68910 0.002777
68920 0.007201
68930 0.000020
68940 0.000739
68950 0.001841
68960 -0.000214
68970 0.003403
68980 0.003146
68990 -0.000715
69000 0.000700
69010 0.004283
69020 0.000786
69030 0.007964
69040 0.001443
69050 0.009268
69060 0.019788
69070 0.003203
69080 0.001804
69090 0.001994
69100 0.009405
69110 0.000258
69120 0.009574
69130 0.000548
69140 0.002714
69150 0.002049
69160 0.001920
69170 0.000302
69180 0.000624
69190 0.002780
69200 0.004579
69210 -0.001320
69220 0.001431
69230 0.003091
69240 0.002038
69250 0.003168
69260 -0.000797
69270 0.000452
69280 0.000023
69290 0.001569
69300 0.000819
69310 -0.001190
69320 -0.000687
69330 0.002373
69340 -0.000535
69350 -0.002034
69360 -0.000777
69370 0.002868
69380 0.004719
69390 0.143768
69400 -0.000281
69410 0.003415
69420 0.001616
69430 0.062202
69440 -0.000066
69450 0.000886
69460 0.008032
69470 -0.001489
69480 0.001026
69490 -0.001383
69500 0.007409
69510 0.000537
69520 0.002635
69530 0.001701
69540 -0.000602
69550 0.002183
69560 0.007820
69570 0.002340
69580 0.001821
69590 0.002659
69600 0.000167
69610 0.003515
69620 0.002768
69630 0.001622
69640 0.001081
69650 0.001121
69660 -0.000008
69670 -0.003354
69680 0.003237
69690 0.007999
69700 0.002969
69710 0.001175
69720 0.004039
69730 0.000381
69740 0.001248
69750 0.001642
69760 0.005655
69770 0.003051
69780 0.002072
69790 0.001805
69800 0.003864
69810 0.003705
69820 -0.001630
69830 -0.001396
69840 0.003355
69850 0.013663
69860 0.004258
69870 0.000721
69880 0.000838
69890 0.002922
69900 0.016883
69910 0.003702
69920 0.005680
69930 0.003512
69940 0.005224
69950 0.008390
69960 0.019967
69970 0.001233
69980 0.004729
69990 -0.003058
70000 0.006511
70010 0.004711
70020 -0.002047
70030 0.003973
70040 0.000491
70050 0.005245
70060 0.001322
70070 -0.000577
70080 0.004795
70090 0.013559
70100 0.001824
70110 0.003435
70120 0.002661
70130 0.000847
70140 0.006117
70150 0.001228
70160 0.004023
70170 -0.001690
70180 -0.001115
70190 0.003617
70200 0.000458
70210 0.013431
70220 0.003567
70230 0.003622
70240 -0.001478
70250 0.004315
70260 0.000971
70270 0.003834
70280 0.000209
70290 0.001695
70300 0.003221
70310 0.001120
70320 0.001329
70330 0.005733
70340 0.002861
70350 0.001042
70360 0.001449
70370 0.000865
70380 0.004599
70390 0.001020
70400 0.000237
70410 0.000202
70420 0.092011
70430 0.004183
70440 0.002888
70450 0.000083
70460 0.002200
70470 -0.002226
70480 0.001091
70490 0.000937
70500 0.000758
70510 0.003496
70520 0.003587
70530 0.000983
70540 0.001499
70550 -0.002086
70560 0.002139
70570 0.003014
70580 0.002745
70590 0.002592
70600 0.001968
70610 0.000522
70620 0.001301
70630 -0.001264
70640 0.006737
70650 0.000191
70660 -0.001889
70670 0.001069
70680 0.003131
70690 0.001689
70700 0.004741
70710 0.001702
70720 -0.000284
70730 0.003170
70740 -0.000890
70750 0.004917
70760 0.002717
70770 0.002539
70780 0.002608
70790 0.001483
70800 0.001154
70810 0.001496
70820 -0.001111
70830 0.002792
70840 0.002030
70850 -0.000131
70860 0.000908
70870 -0.000827
70880 0.000049
70890 0.000636
70900 -0.001451
70910 0.002401
70920 0.013238
70930 0.008724
70940 0.001122
70950 0.002934
70960 0.001308
70970 -0.000050
70980 0.001160
70990 0.005565
71000 -0.001405
71010 0.002533
71020 0.002525
71030 0.002644
71040 0.001217
71050 -0.002253
71060 0.002204
71070 0.004538
71080 0.000043
71090 0.004068
71100 0.003920
71110 0.000597
71120 0.000891
71130 0.003091
71140 0.001209
71150 0.000258
71160 -0.000077
71170 -0.000542
71180 0.000189
71190 0.004426
71200 -0.000686
71210 0.000358
71220 0.000082
71230 0.001924
71240 0.000708
71250 0.001282
71260 -0.001347
71270 0.001750
71280 0.002122
71290 0.381527
71300 -0.000787
71310 0.005557
71320 0.004125
71330 0.000473
71340 0.001230
71350 0.003257
71360 0.004349
71370 -0.000358
71380 0.000900
71390 -0.000834
71400 0.004016
71410 0.000892
71420 0.004169
71430 -0.000090
71440 0.003088
71450 0.004567
71460 0.001143
71470 0.003943
71480 0.003328
71490 -0.000021
71500 0.002843
71510 -0.001134
71520 0.002706
71530 -0.000131
71540 0.002116
71550 0.000548
71560 -0.001161
71570 0.002752
71580 0.002881
71590 0.003579
71600 0.001842
71610 0.002538
71620 0.002095
71630 0.005181
71640 0.001633
71650 0.003706
71660 0.008719
71670 0.002845
71680 0.001982
71690 0.001668
71700 0.000521
71710 0.005679
71720 0.015071
71730 -0.000964
71740 0.010559
71750 0.002597
71760 0.003040
71770 -0.001750
71780 -0.000396
71790 0.004244
71800 0.000295
71810 0.006110
71820 0.007724
71830 0.000863
71840 0.002649
71850 0.004432
71860 0.012638
71870 0.002413
71880 -0.000390
71890 0.000485
71900 0.001772
71910 0.005554
71920 0.003109
71930 -0.001817
71940 0.004653
71950 0.001324
71960 0.004578
71970 0.003381
71980 0.002571
71990 -0.000471
72000 0.001391
72010 0.003114
72020 0.002937
72030 0.000201
72040 0.001146
72050 0.002352
72060 0.006241
72070 0.005729
72080 0.003828
72090 -0.000860
72100 0.001946
72110 0.000272
72120 -0.000082
72130 -0.000520
72140 0.003597
72150 0.001709
72160 0.003062
72170 0.005207
72180 0.008553
72190 0.001945
72200 -0.000499
72210 0.000947
72220 0.009472
72230 0.001749
72240 0.001540
72250 0.000152
72260 0.000891
72270 0.000678
72280 0.002687
72290 0.003486
72300 0.000552
72310 0.006092
72320 0.000422
72330 0.001323
72340 0.000977
72350 0.004010
72360 0.008271
72370 0.003277
72380 0.001323
72390 0.000458
72400 0.002648
72410 0.004105
72420 0.005783
72430 0.001114
72440 0.000535
72450 -0.000003
72460 0.000328
72470 0.000491
72480 -0.000299
72490 0.002224
72500 0.002840
72510 0.001341
72520 0.001681
72530 0.000080
72540 0.003301
72550 0.000097
72560 0.004573
72570 -0.001671
72580 0.000746
72590 0.000444
72600 0.002000
72610 -0.002252
72620 0.001871
72630 -0.000346
72640 -0.001246
72650 0.000755
72660 0.001593
72670 0.023250
72680 0.002528
72690 -0.000182
72700 0.000640
72710 0.001313
72720 0.000473
72730 0.003232
72740 -0.000739
72750 0.000925
72760 0.002988
72770 0.004458
72780 0.003844
72790 -0.000959
72800 0.004032
72810 0.005244
72820 0.002082
72830 0.004205
72840 -0.000385
72850 0.002013
72860 0.000743
72870 0.007327
72880 0.000106
72890 0.004569
72900 0.006307
72910 0.003636
72920 0.001260
72930 0.001857
72940 0.001932
72950 0.014363
72960 0.002073
72970 0.002477
72980 0.001109
72990 -0.000184
73000 0.001188
73010 0.002800
73020 0.003245
73030 0.002782
73040 0.023450
73050 0.001543
73060 0.004215
73070 0.001234
73080 0.002657
73090 -0.000095
73100 0.000657
73110 0.001101
73120 0.004305
73130 0.001126
73140 0.004236
73150 0.005021
73160 0.005718
73170 0.001715
73180 0.002817
73190 0.000517
73200 0.005741
73210 -0.002382
73220 0.003630
73230 0.000091
73240 -0.000034
73250 -0.001476
73260 0.003370
73270 0.002998
73280 -0.000906
73290 0.000349
73300 0.003573
73310 0.006737
73320 0.005311
73330 0.001198
73340 0.001851
73350 0.001902
73360 0.003423
73370 0.000520
73380 0.004763
73390 0.001215
73400 0.009796
73410 0.001169
73420 0.002075
73430 0.001387
73440 0.001666
73450 0.004690
73460 0.000829
73470 0.000785
73480 0.045748
73490 0.003909
73500 0.000936
73510 0.000234
73520 0.001932
73530 0.000501
73540 0.000575
73550 0.000709
73560 0.000366
73570 0.003683
73580 0.002848
73590 0.000273
73600 0.000749
73610 0.000391
73620 0.013595
73630 0.002384
73640 0.002771
73650 -0.000230
73660 0.007348
73670 -0.000517
73680 0.003183
73690 -0.002249
73700 -0.000213
73710 0.014016
73720 0.004411
73730 -0.000920
73740 -0.001184
73750 0.001750
73760 0.000105
73770 0.001225
73780 0.007669
73790 0.005363
73800 0.001187
73810 -0.000316
73820 -0.002020
73830 0.001270
73840 0.003640
73850 0.003384
73860 0.002112
73870 0.000711
73880 0.000727
73890 0.004745
73900 -0.002821
73910 -0.000327
73920 0.002064
73930 0.007142
73940 0.001081
73950 0.000480
73960 0.005527
73970 0.001649
73980 0.009045
73990 -0.000423
74000 0.022783
74010 0.000726
74020 0.002583
74030 0.002944
74040 0.002580
74050 0.003785
74060 0.004233
74070 0.003191
74080 0.001062
74090 0.002173
74100 0.001911
74110 0.000553
74120 0.002009
74130 -0.000232
74140 -0.000085
74150 0.001018
74160 -0.000152
74170 0.002205
74180 0.000712
74190 0.000413
74200 -0.000739
74210 0.006356
74220 0.001934
74230 0.005501
74240 -0.000896
74250 -0.000266
74260 0.002888
74270 0.000732
74280 0.002677
74290 0.001820
74300 -0.000397
74310 0.002858
74320 0.000807
74330 0.001714
74340 0.004905
74350 0.000928
74360 -0.001746
74370 0.003006
74380 0.001027
74390 0.006029
74400 0.005407
74410 0.003683
74420 0.009306
74430 0.037318
74440 0.001697
74450 0.001778
74460 0.002928
74470 -0.001846
74480 0.002704
74490 0.004999
74500 0.006481
74510 -0.001620
74520 0.002880
74530 0.001188
74540 0.006588
74550 0.001963
74560 0.001439
74570 0.003692
74580 0.001870
74590 0.001392
74600 0.001315
74610 0.052107
74620 0.010610
74630 0.001402
74640 0.002307
74650 0.004340
74660 0.002690
74670 0.001635
74680 0.002704
74690 0.001039
74700 -0.000745
74710 2.311335
74720 0.000250
74730 0.001129
74740 0.001439
74750 0.000065
74760 -0.000714
74770 0.003372
74780 -0.000941
74790 0.001337
74800 -0.002786
74810 -0.000777
74820 0.021264
74830 -0.000780
74840 0.001860
74850 0.002486
74860 0.001429
74870 0.000769
74880 -0.001690
74890 0.000208
74900 -0.000207
74910 0.002067
74920 0.006389
74930 0.002983
74940 0.002189
74950 0.002143
74960 0.001144
74970 -0.000383
74980 0.003924
74990 0.000644
75000 0.001616
75010 -0.000175
75020 0.003891
75030 0.007166
75040 -0.000954
75050 0.002220
75060 -0.000960
75070 0.001110
75080 0.000785
75090 -0.000006
75100 0.001546
75110 0.005715
75120 0.001585
75130 0.001019
75140 0.001627
75150 0.002068
75160 -0.000341
75170 0.002003
75180 -0.000905
75190 0.006126
75200 0.000191
75210 0.001719
75220 0.007267
75230 0.003106
75240 -0.000143
75250 0.001431
75260 0.001045
75270 0.001694
75280 0.003263
75290 0.001629
75300 0.002161
75310 0.002391
75320 0.010218
75330 0.003861
75340 0.004257
75350 -0.000449
75360 0.002118
75370 0.088358
75380 -0.000304
75390 -0.000442
75400 0.004525
75410 -0.000382
75420 0.002044
75430 0.000518
75440 0.000410
75450 -0.001083
75460 -0.002535
75470 0.000200
75480 0.001567
75490 0.003125
75500 -0.000228
75510 0.002876
75520 0.001612
75530 -0.000806
75540 0.312546
75550 0.003465
75560 0.001472
75570 0.004524
75580 0.002703
75590 0.005015
75600 -0.002796
75610 0.005864
75620 0.003894
75630 -0.000764
75640 0.000858
75650 0.002173
75660 0.002902
75670 0.012487
75680 0.001160
75690 0.003761
75700 0.005249
75710 -0.001517
75720 -0.004248
75730 0.001094
75740 0.000589
75750 0.001085
75760 0.002460
75770 0.001117
75780 0.001145
75790 0.004341
75800 0.000683
75810 -0.000660
75820 0.009760
75830 -0.002271
75840 -0.000174
75850 0.002138
75860 -0.000520
75870 0.003062
75880 0.009149
75890 0.000949
75900 0.006733
75910 -0.002098
75920 0.005285
75930 0.001432
75940 0.001685
75950 0.016088
75960 -0.001851
75970 0.000326
75980 -0.000309
75990 0.001733
76000 0.000793
76010 0.006673
76020 0.001236
76030 0.001350
76040 0.003782
76050 0.008474
76060 0.001276
76070 0.002323
76080 0.003209
76090 -0.000880
76100 0.003655
76110 0.000299
76120 0.003873
76130 0.002368
76140 0.001495
76150 0.001808
76160 0.002285
76170 0.000553
76180 -0.000553
76190 0.001573
76200 0.009692
76210 -0.001051
76220 0.007327
76230 0.004284
76240 0.003184
76250 0.001992
76260 0.001777
76270 0.002688
76280 0.004589
76290 0.005914
76300 0.000263
76310 0.002671
76320 0.003518
76330 0.001596
76340 0.002903
76350 0.002439
76360 0.005570
76370 0.005089
76380 0.001669
76390 0.001259
76400 -0.002134
76410 0.000308
76420 0.001388
76430 0.004923
76440 -0.001569
76450 0.002691
76460 -0.000417
76470 -0.000657
76480 0.001135
76490 0.213249
76500 0.000673
76510 -0.000034
76520 0.003207
76530 0.002918
76540 0.001548
76550 -0.000406
76560 0.000172
76570 0.000958
76580 -0.000085
76590 0.001631
76600 0.002857
76610 0.000650
76620 0.000367
76630 -0.000820
76640 0.001793
76650 0.002186
76660 -0.000954
76670 0.002366
76680 0.000239
76690 0.001858
76700 -0.001185
76710 0.002444
76720 -0.000449
76730 0.001030
76740 0.002004
76750 0.000473
76760 -0.000214
76770 -0.001208
76780 -0.000145
76790 0.001236
76800 0.002217
76810 0.001964
76820 0.003019
76830 0.001455
76840 0.000797
76850 -0.000355
76860 0.000536
76870 0.001497
76880 0.003952
76890 0.167091
76900 0.005487
76910 -0.000026
76920 0.001574
76930 0.002216
76940 0.001737
76950 0.004193
76960 0.002974
76970 0.002538
76980 0.000080
76990 0.001017
77000 0.001314
77010 0.001120
77020 0.001710
77030 -0.001731
77040 0.002458
77050 0.001894
77060 0.002375
77070 -0.000125
77080 0.001658
77090 0.000017
77100 -0.001739
77110 -0.000608
77120 0.001944
77130 -0.001045
77140 0.001017
77150 0.002160
77160 -0.000624
77170 0.003028
77180 0.004152
77190 0.001138
77200 0.002754
77210 -0.002255
77220 0.001939
77230 2.385042
77240 0.000256
77250 0.003047
77260 -0.000017
77270 -0.000337
77280 0.000012
77290 0.001905
77300 0.001334
77310 0.004491
77320 -0.000463
77330 0.004891
77340 0.008132
77350 -0.001554
77360 0.001443
77370 -0.001034
77380 -0.001486
77390 -0.000212
77400 0.002275
77410 0.002254
77420 -0.000141
77430 0.003902
77440 0.002852
77450 0.004298
77460 0.000198
77470 0.004997
77480 0.003128
77490 0.000753
77500 0.001931
77510 -0.000862
77520 0.005067
77530 -0.000134
77540 0.001693
77550 0.000212
77560 0.001370
77570 -0.001028
77580 0.003666
77590 0.002586
77600 0.005261
77610 0.011176
77620 0.000396
77630 0.002297
77640 0.001273
77650 0.001814
77660 -0.001118
77670 -0.000185
77680 0.000742
77690 0.001896
77700 0.010071
77710 0.000652
77720 -0.000737
77730 0.007390
77740 0.001755
77750 0.000818
77760 0.000886
77770 -0.001020
77780 0.002980
77790 0.000505
77800 0.003047
77810 0.002591
77820 0.001050
77830 0.000623
77840 0.001309
77850 -0.000297
77860 -0.000781
77870 -0.000105
77880 0.001741
77890 0.001951
77900 0.002187
77910 -0.001614
77920 0.005333
77930 0.015836
77940 -0.001852
77950 0.002301
77960 0.002922
77970 0.001093
77980 -0.000472
77990 0.003327
78000 0.003186
78010 0.004366
78020 0.003839
78030 0.000116
78040 -0.000540
78050 0.006956
78060 0.003271
78070 -0.000565
78080 0.011164
78090 0.001572
78100 0.001542
78110 0.000315
78120 -0.001592
78130 0.003670
78140 0.000032
78150 -0.001237
78160 -0.000909
78170 0.004476
78180 0.000700
78190 -0.000961
78200 0.000717
78210 0.000750
78220 0.000967
78230 0.002172
78240 0.001011
78250 0.002455
78260 0.005972
78270 -0.000828
78280 -0.001030
78290 0.001701
78300 0.004433
78310 0.001638
78320 0.001004
78330 0.003579
78340 -0.000298
78350 0.002157
78360 0.002347
78370 0.001859
78380 0.000093
78390 -0.000020
78400 0.002261
78410 0.001044
78420 0.000450
78430 0.000019
78440 0.020205
78450 0.000785
78460 0.001786
78470 0.002552
78480 0.000192
78490 0.001315
78500 0.003786
78510 0.000642
78520 0.002414
78530 0.002986
78540 -0.000748
78550 0.003358
78560 0.006247
78570 0.013859
78580 0.001302
78590 0.002071
78600 -0.000381
78610 0.010267
78620 0.000499
78630 0.002299
78640 0.001324
78650 0.002494
78660 0.000330
78670 0.139440
78680 0.001876
78690 -0.000374
78700 0.001544
78710 0.003310
78720 0.009123
78730 0.004054
78740 -0.001710
78750 0.000608
78760 0.001746
78770 0.010039
78780 0.001858
78790 0.000553
78800 0.001500
78810 2.121447
78820 0.002162
78830 0.001027
78840 0.000910
78850 0.195839
78860 0.000799
78870 0.000714
78880 1.703265
78890 0.000916
78900 0.000569
78910 0.001252
78920 0.001460
78930 -0.001785
78940 0.001647
78950 0.002198
78960 0.000338
78970 0.001612
78980 -0.000311
78990 0.007989
79000 0.005013
79010 -0.000904
79020 0.002069
79030 0.002321
79040 0.002250
79050 -0.001101
79060 0.000712
79070 0.002453
79080 0.000501
79090 0.001464
79100 0.000557
79110 0.002203
79120 0.000809
79130 0.002227
79140 0.002467
79150 0.001762
79160 0.067735
79170 -0.002813
79180 0.000731
79190 0.003788
79200 -0.000682
79210 0.000393
79220 0.001854
79230 0.003963
79240 0.001167
79250 -0.002562
79260 0.004364
79270 0.000648
79280 0.002641
79290 0.003398
79300 0.002384
79310 0.008410
79320 -0.001146
79330 0.000906
79340 -0.001233
79350 0.004501
79360 0.002099
79370 -0.000376
79380 0.002180
79390 0.002596
79400 0.000640
79410 -0.000255
79420 0.003152
79430 0.001053
79440 0.001854
79450 0.000267
79460 -0.000306
79470 0.000814
79480 0.000076
79490 0.001567
79500 0.000345
79510 0.000500
79520 0.000148
79530 0.004524
79540 -0.000692
79550 0.147449
79560 0.002098
79570 -0.001996
79580 0.002901
79590 0.188051
79600 0.005794
79610 0.001930
79620 -0.000123
79630 0.000251
79640 0.002282
79650 0.003222
79660 -0.002718
79670 0.005646
79680 -0.000066
79690 -0.000786
79700 0.002766
79710 -0.000777
79720 0.002411
79730 0.004508
79740 0.002885
79750 0.001969
79760 0.000703
79770 0.003141
79780 0.003827
79790 0.001693
79800 0.001910
79810 0.001466
79820 0.003370
79830 -0.000037
79840 0.000847
79850 0.000684
79860 0.001722
79870 0.001500
79880 0.001694
79890 -0.000528
79900 0.004857
79910 0.003572
79920 0.008417
79930 0.000590
79940 0.001496
79950 0.002880
79960 0.001994
79970 0.002839
79980 0.003453
79990 0.007075
80000 0.002838
80010 0.002433
80020 0.000383
80030 0.001129
80040 -0.001022
80050 0.002485
80060 0.000437
80070 0.001582
80080 -0.000755
80090 -0.000364
80100 0.002111
80110 0.003765
80120 0.002278
80130 0.008509
80140 -0.000043
80150 -0.001150
80160 0.000917
80170 0.003931
80180 0.000480
80190 0.000500
80200 0.000772
80210 0.000996
80220 0.000224
80230 0.000333
80240 0.001002
80250 -0.000481
80260 0.006065
80270 0.013571
80280 0.001673
80290 0.002142
80300 -0.000769
80310 0.002938
80320 -0.001222
80330 0.002450
80340 0.005297
80350 0.001541
80360 -0.000561
80370 0.000423
80380 0.001525
80390 0.001881
80400 0.004942
80410 0.001862
80420 0.001318
80430 0.009771
80440 0.001326
80450 0.001733
80460 0.007605
80470 0.001567
80480 0.004714
80490 0.001258
80500 -0.000193
80510 0.000602
80520 0.000369
80530 0.000288
80540 0.000509
80550 0.081691
80560 0.003808
80570 0.002031
80580 0.001364
80590 0.001078
80600 0.000586
80610 0.002533
80620 -0.002092
80630 0.001663
80640 -0.000322
80650 -0.000582
80660 0.002934
80670 0.017282
80680 -0.000498
80690 0.003831
80700 -0.002142
80710 0.005009
80720 0.001557
80730 0.002897
80740 -0.000014
80750 0.005301
80760 0.000934
80770 0.003819
80780 0.000047
80790 0.000364
80800 -0.000957
80810 0.001198
80820 0.000090
80830 -0.000870
80840 0.002684
80850 0.002424
80860 0.003654
80870 0.004283
80880 0.007010
80890 0.004927
80900 0.002439
80910 0.000056
80920 0.005285
80930 0.000085
80940 0.001752
80950 0.000655
80960 -0.000818
80970 0.000295
80980 0.001685
80990 0.002143
81000 0.001984
81010 0.003284
81020 0.008778
81030 0.002444
81040 0.000954
81050 -0.000291
81060 -0.001557
81070 -0.000981
81080 0.005066
81090 0.005745
81100 -0.001091
81110 0.005209
81120 0.003122
81130 -0.001275
81140 0.001370
81150 0.009330
81160 -0.000107
81170 0.001731
81180 0.003952
81190 0.005535
81200 0.006286
81210 0.001712
81220 0.002611
81230 0.000398
81240 0.000522
81250 0.000094
81260 0.006004
81270 0.001597
81280 0.001474
81290 0.018208
81300 0.001733
81310 0.001314
81320 0.009165
81330 -0.000685
81340 0.002397
81350 0.003872
81360 0.000989
81370 0.000470
81380 0.000656
81390 0.002147
81400 0.000424
81410 0.000608
81420 0.000267
81430 0.001139
81440 0.003007
81450 0.001227
81460 0.000920
81470 0.001735
81480 0.061135
81490 0.001567
81500 -0.000821
81510 0.002387
81520 -0.002074
81530 0.000822
81540 0.002374
81550 -0.000151
81560 0.001110
81570 0.001722
81580 -0.000095
81590 -0.000028
81600 -0.001990
81610 0.000285
81620 0.002549
81630 0.001378
81640 0.001068
81650 0.001773
81660 -0.001858
81670 0.001904
81680 0.006356
81690 0.000884
81700 0.001504
81710 0.002895
81720 0.004928
81730 0.000923
81740 0.002856
81750 0.002752
81760 0.000307
81770 -0.000452
81780 0.010312
81790 0.002583
81800 -0.000585
81810 0.003730
81820 0.002110
81830 -0.000782
81840 0.002281
81850 -0.002013
81860 0.000182
81870 0.003165
81880 0.065973
81890 0.001133
81900 0.001870
81910 -0.000522
81920 0.000883
81930 0.000673
81940 0.000181
81950 0.004166
81960 0.001252
81970 0.001343
81980 0.001315
81990 0.002777
82000 0.001979
82010 0.001698
82020 0.003780
82030 0.005586
82040 0.005512
82050 0.001239
82060 0.005484
82070 0.000747
82080 0.001252
82090 0.000191
82100 0.037113
82110 -0.000358
82120 0.000854
82130 0.003177
82140 0.003227
82150 0.000039
82160 0.001938
82170 0.000714
82180 -0.002004
82190 0.001926
82200 0.001083
82210 0.002270
82220 0.002734
82230 0.001371
82240 0.002411
82250 -0.000339
82260 0.000106
82270 0.003371
82280 -0.000345
82290 0.003549
82300 0.000964
82310 0.007039
82320 -0.000020
82330 0.001292
82340 0.001881
82350 -0.000405
82360 -0.001435
82370 -0.002117
82380 -0.000155
82390 0.006789
82400 -0.000441
82410 0.000729
82420 0.000745
82430 0.003065
82440 0.001601
82450 0.003672
82460 0.001122
82470 0.000756
82480 0.002894
82490 0.001639
82500 -0.000505
82510 0.002912
82520 0.004567
82530 0.000508
82540 0.004306
82550 0.000005
82560 0.004509
82570 0.000295
82580 0.002065
82590 0.003695
82600 0.001438
82610 0.000642
82620 -0.001529
82630 0.000712
82640 0.000488
82650 0.002436
82660 0.000384
82670 -0.001362
82680 0.001819
82690 -0.000597
82700 0.005437
82710 -0.000326
82720 0.004020
82730 0.002345
82740 0.001177
82750 0.001088
82760 0.008654
82770 0.002405
82780 0.000622
82790 2.593827
82800 -0.000804
82810 -0.001188
82820 0.002464
82830 0.186467
82840 0.003020
82850 0.005804
82860 0.005321
82870 0.000443
82880 0.000349
82890 0.002638
82900 0.002427
82910 0.004295
82920 0.002337
82930 0.001042
82940 0.000516
82950 0.000680
82960 -0.000421
82970 0.002835
82980 0.003103
82990 0.001206
83000 -0.000083
83010 0.006239
83020 0.002541
83030 -0.000759
83040 0.000837
83050 0.003828
83060 0.000529
83070 0.001461
83080 0.001745
83090 0.002147
83100 0.000636
83110 0.003947
83120 0.002168
83130 0.002829
83140 0.083900
83150 -0.001757
83160 0.000652
83170 0.001623
83180 0.002929
83190 0.001718
83200 0.001961
83210 0.001470
83220 0.000324
83230 0.002560
83240 -0.001429
83250 -0.001748
83260 0.003475
83270 -0.000579
83280 -0.001699
83290 0.001026
83300 -0.000278
83310 -0.000890
83320 0.000853
83330 0.001046
83340 -0.000614
83350 -0.000528
83360 -0.001138
83370 0.000803
83380 0.000588
83390 -0.001511
83400 -0.000389
83410 0.004135
83420 0.002332
83430 0.000041
83440 0.000170
83450 0.001642
83460 0.000738
83470 0.002468
83480 -0.002342
83490 0.001865
83500 0.002280
83510 0.006935
83520 -0.000182
83530 0.002667
83540 0.000785
83550 0.001997
83560 0.003103
83570 0.001921
83580 0.001456
83590 0.000670
83600 0.001854
83610 0.000927
83620 -0.000829
83630 0.000365
83640 0.001504
83650 0.000876
83660 0.006521
83670 0.000457
83680 0.000670
83690 0.008256
83700 0.004372
83710 0.001818
83720 0.002550
83730 0.021278
83740 0.004558
83750 0.001341
83760 -0.001196
83770 0.004340
83780 0.002879
83790 0.001435
83800 0.000998
83810 0.000223
83820 0.002208
83830 -0.001805
83840 0.001087
83850 0.000494
83860 0.000664
83870 0.001353
83880 -0.000389
83890 -0.004114
83900 -0.000085
83910 0.001778
83920 0.007087
83930 0.000009
83940 0.002215
83950 -0.000857
83960 0.009279
83970 0.003497
83980 0.001071
83990 0.000774
84000 0.002807
84010 0.002042
84020 0.002739
84030 0.001704
84040 -0.000084
84050 0.006770
84060 0.003049
84070 0.001503
84080 0.002328
84090 0.003060
84100 -0.000041
84110 0.002773
84120 0.001956
84130 0.003998
84140 0.002703
84150 0.004745
84160 -0.001483
84170 0.000189
84180 0.000588
84190 0.003231
84200 -0.000899
84210 0.005185
84220 0.001972
84230 0.003764
84240 -0.000342
84250 0.000728
84260 0.000391
84270 -0.000205
84280 0.002593
84290 0.001347
84300 0.001341
84310 0.002442
84320 0.001498
84330 0.002543
84340 0.004243
84350 0.002078
84360 -0.000169
84370 0.001529
84380 0.001513
84390 0.005744
84400 -0.001972
84410 0.000520
84420 -0.000512
84430 0.002011
84440 0.002643
84450 0.001361
84460 0.000777
84470 0.000324
84480 -0.000344
84490 0.000417
84500 0.001677
84510 0.001885
84520 -0.001140
84530 0.000994
84540 0.000577
84550 0.000435
84560 0.001205
84570 0.000913
84580 0.000097
84590 0.002941
84600 0.003672
84610 -0.000401
84620 0.001842
84630 -0.000291
84640 0.004811
84650 -0.000067
84660 0.000107
84670 0.009381
84680 0.002620
84690 0.003986
84700 -0.000169
84710 0.002767
84720 0.001853
84730 0.000114
84740 0.000200
84750 -0.000192
84760 0.003699
84770 0.004590
84780 0.002944
84790 -0.000694
84800 0.000702
84810 -0.000041
84820 0.014148
84830 0.004852
84840 0.001043
84850 0.001509
84860 0.005607
84870 0.002058
84880 -0.001679
84890 0.000432
84900 0.001098
84910 -0.001113
84920 -0.003169
84930 0.000064
84940 0.000871
84950 0.001436
84960 0.001624
84970 0.001049
84980 0.003597
84990 0.003678
85000 0.002543
85010 0.002936
85020 0.000292
85030 0.000911
85040 -0.000327
85050 0.001543
85060 0.001051
85070 0.202217
85080 0.015974
85090 0.001527
85100 0.002692
85110 0.006177
85120 0.000055
85130 0.001311
85140 0.005394
85150 0.003849
85160 0.001270
85170 0.008576
85180 0.000817
85190 -0.000756
85200 0.001127
85210 0.001974
85220 0.001435
85230 0.000568
85240 0.001192
85250 -0.000047
85260 0.000630
85270 0.001633
85280 0.004790
85290 0.000418
85300 0.000819
85310 0.005011
85320 0.001662
85330 -0.000176
85340 0.001115
85350 0.003398
85360 0.001287
85370 0.003837
85380 0.001187
85390 0.001838
85400 -0.001204
85410 0.000336
85420 -0.001047
85430 0.001538
85440 0.001295
85450 0.000847
85460 -0.001416
85470 0.001467
85480 0.000544
85490 0.000598
85500 0.000917
85510 -0.000315
85520 0.002495
85530 0.003485
85540 0.001083
85550 0.002920
85560 -0.000596
85570 0.003216
85580 0.004119
85590 0.002015
85600 0.004470
85610 0.000318
85620 0.001851
85630 -0.000729
85640 -0.000156
85650 0.000745
85660 0.003382
85670 0.000996
85680 0.000516
85690 0.002023
85700 -0.000326
85710 0.003569
85720 0.002752
85730 0.001303
85740 0.000398
85750 0.000871
85760 0.003022
85770 0.001428
85780 0.000453
85790 0.003964
85800 0.005617
85810 0.002527
85820 -0.001464
85830 0.000626
85840 0.008012
85850 0.000691
85860 0.000114
85870 0.003660
85880 0.003185
85890 1.552582
85900 0.001287
85910 -0.001022
85920 -0.000270
85930 0.000785
85940 0.004005
85950 0.003035
85960 0.058074
85970 0.002150
85980 0.000563
85990 0.001056
86000 0.005163
86010 0.003287
86020 0.003783
86030 0.001439
86040 0.000306
86050 0.002117
86060 0.002005
86070 -0.000870
86080 -0.000300
86090 -0.000293
86100 0.001606
86110 0.001652
86120 0.001284
86130 0.000471
86140 -0.000736
86150 0.001459
86160 0.000185
86170 0.002298
86180 0.002465
86190 0.001849
86200 0.001108
86210 0.001703
86220 0.000121
86230 0.001420
86240 -0.000453
86250 0.002073
86260 0.014186
86270 0.001223
86280 0.000328
86290 0.005180
86300 -0.000635
86310 0.003728
86320 0.002709
86330 0.015429
86340 0.000458
86350 0.000653
86360 0.000045
86370 0.000567
86380 0.004083
86390 0.004109
86400 0.001893
86410 0.002289
86420 0.001466
86430 -0.000903
86440 0.004247
86450 0.003547
86460 0.003026
86470 -0.000597
86480 -0.002441
86490 0.001503
86500 0.002075
86510 -0.000631
86520 0.003985
86530 0.000389
86540 0.001874
86550 -0.000153
86560 -0.000013
86570 -0.001643
86580 0.001057
86590 -0.000520
86600 0.000107
86610 0.000026
86620 0.003569
86630 -0.000347
86640 -0.000415
86650 0.001818
86660 0.000237
86670 0.003049
86680 -0.001478
86690 0.002959
86700 0.000993
86710 0.002735
86720 0.000988
86730 -0.000732
86740 0.002467
86750 0.002245
86760 0.000075
86770 0.012364
86780 0.000022
86790 0.002220
86800 0.001243
86810 0.001022
86820 0.008180
86830 -0.000096
86840 -0.000716
86850 0.002453
86860 0.003066
86870 0.002313
86880 0.003716
86890 -0.000953
86900 0.001872
86910 0.000970
86920 0.001107
86930 0.001906
86940 0.000895
86950 1.406199
86960 0.000680
86970 -0.000779
86980 0.003116
86990 0.002301
87000 0.001965
87010 0.000139
87020 0.003936
87030 0.001152
87040 0.000979
87050 0.001678
87060 -0.000607
87070 -0.000200
87080 -0.000220
87090 -0.000403
87100 -0.000628
87110 -0.001718
87120 0.003924
87130 0.001789
87140 -0.000463
87150 0.003976
87160 -0.001044
87170 -0.000037
87180 0.000627
87190 0.003904
87200 0.004496
87210 0.002313
87220 0.001803
87230 -0.000385
87240 1.101168
87250 -0.000770
87260 0.000689
87270 0.000184
87280 0.002238
87290 -0.000702
87300 0.000560
87310 0.000752
87320 0.003491
87330 0.001411
87340 0.001153
87350 0.000500
87360 0.000105
87370 -0.000794
87380 0.001733
87390 -0.000562
87400 0.001097
87410 0.001915
87420 0.001159
87430 -0.001370
87440 0.000655
87450 0.000405
87460 -0.000545
87470 0.001714
87480 0.004382
87490 0.005264
87500 0.003574
87510 0.001088
87520 0.003630
87530 0.002098
87540 -0.001671
87550 0.001709
87560 0.124631
87570 0.000801
87580 -0.000479
87590 -0.000217
87600 0.001033
87610 0.004037
87620 0.001863
87630 -0.001223
87640 0.003417
87650 0.000195
87660 0.000955
87670 -0.000621
87680 0.000293
87690 0.004360
87700 0.001635
87710 0.002814
87720 0.001295
87730 0.000354
87740 0.000851
87750 0.002450
87760 0.006244
87770 0.001379
87780 0.001101
87790 0.002412
87800 0.001153
87810 0.025552
87820 0.001292
87830 -0.001312
87840 -0.001283
87850 0.001016
87860 -0.001402
87870 0.001448
87880 -0.000217
87890 -0.000154
87900 -0.001349
87910 -0.000020
87920 0.002869
87930 0.000646
87940 0.000009
87950 0.000744
87960 1.660502
87970 0.004045
87980 -0.000817
87990 -0.001451
88000 0.002327
88010 0.002049
88020 0.034244
88030 -0.001801
88040 0.003178
88050 0.000037
88060 0.004779
88070 0.001341
88080 0.001456
88090 -0.000016
88100 0.000327
88110 0.001362
88120 0.000640
88130 0.003722
88140 0.005078
88150 0.001490
88160 0.002569
88170 0.002041
88180 0.003492
88190 0.002281
88200 0.056794
88210 -0.000286
88220 0.000248
88230 0.002750
88240 0.000079
88250 0.001488
88260 0.002564
88270 0.000741
88280 -0.000101
88290 0.000765
88300 0.001591
88310 0.001489
88320 0.000454
88330 -0.000591
88340 -0.000153
88350 -0.000451
88360 -0.000227
88370 0.000143
88380 0.001227
88390 0.002025
88400 -0.000041
88410 0.001409
88420 -0.000902
88430 -0.001507
88440 0.004038
88450 0.000669
88460 -0.001217
88470 -0.000736
88480 -0.000182
88490 0.001319
88500 -0.000368
88510 0.000445
88520 0.001296
88530 0.001136
88540 -0.000755
88550 0.000283
88560 0.001392
88570 0.000102
88580 0.000761
88590 -0.001800
88600 -0.000912
88610 0.001071
88620 -0.001127
88630 0.003328
88640 -0.000119
88650 0.000104
88660 0.858440
88670 0.004755
88680 -0.000045
88690 0.002876
88700 -0.000289
88710 -0.000865
88720 0.009121
88730 0.000080
88740 0.002527
88750 0.001009
88760 0.001569
88770 0.002479
88780 -0.000181
88790 0.005639
88800 0.001411
88810 0.030699
88820 0.000109
88830 0.001326
88840 0.003687
88850 -0.001096
88860 -0.000122
88870 0.002482
88880 0.000246
88890 -0.000534
88900 0.001350
88910 0.000239
88920 -0.000096
88930 -0.000898
88940 0.002130
88950 0.000523
88960 0.001071
88970 0.001464
88980 0.005401
88990 0.000172
89000 0.001298
89010 0.001365
89020 0.000487
89030 0.001380
89040 -0.000963
89050 0.002348
89060 -0.000320
89070 0.001000
89080 0.003635
89090 0.000875
89100 0.002625
89110 0.001028
89120 0.007232
89130 0.002065
89140 0.001519
89150 0.001912
89160 -0.000359
89170 0.001047
89180 0.001655
89190 0.004916
89200 -0.001408
89210 0.000989
89220 -0.000100
89230 -0.000407
89240 -0.000076
89250 0.005979
89260 0.001021
89270 0.001510
89280 -0.000819
89290 0.001929
89300 -0.001455
89310 0.003133
89320 -0.000245
89330 0.004607
89340 0.004607
89350 0.001804
89360 0.009365
89370 0.001431
89380 0.001113
89390 0.003398
89400 -0.000721
89410 -0.000479
89420 -0.000978
89430 0.005862
89440 0.001277
89450 -0.000718
89460 0.003743
89470 0.000759
89480 0.001167
89490 0.004876
89500 0.002512
89510 0.002757
89520 0.002670
89530 0.000863
89540 0.000079
89550 0.003204
89560 0.000483
89570 0.005558
89580 0.000700
89590 0.002198
89600 0.001893
89610 0.000307
89620 0.001006
89630 0.003903
89640 0.001264
89650 0.001064
89660 0.002520
89670 0.003569
89680 -0.000007
89690 -0.000263
89700 -0.001024
89710 -0.000681
89720 0.000547
89730 0.001371
89740 0.000538
89750 0.002105
89760 -0.000143
89770 0.001649
89780 0.000649
89790 0.000578
89800 0.002193
89810 0.005180
89820 0.000319
89830 0.001377
89840 0.002915
89850 0.064141
89860 0.003523
89870 0.001999
89880 0.001035
89890 0.000280
89900 0.001200
89910 -0.000183
89920 0.000561
89930 0.002951
89940 0.001017
89950 0.002296
89960 0.000298
89970 0.001169
89980 0.002264
89990 0.002392
90000 0.001642
90010 -0.000610
90020 0.002401
90030 0.001230
90040 0.000862
90050 0.002770
90060 0.002082
90070 0.000890
90080 -0.000418
90090 -0.001734
90100 0.002006
90110 -0.000840
90120 0.299390
90130 0.002291
90140 0.000848
90150 0.004674
90160 0.002055
90170 0.000569
90180 0.000072
90190 0.001071
90200 0.002971
90210 0.003172
90220 0.000993
90230 0.001720
90240 -0.000312
90250 -0.000135
90260 0.001487
90270 0.000857
90280 0.004373
90290 0.001401
90300 -0.000421
90310 0.002343
90320 0.000850
90330 0.000509
90340 0.004924
90350 0.000352
90360 0.003686
90370 0.000342
90380 -0.000213
90390 0.005287
90400 0.012438
90410 -0.001330
90420 0.000967
90430 -0.001008
90440 0.000592
90450 0.003849
90460 -0.000157
90470 -0.001135
90480 0.000811
90490 0.000672
90500 0.001430
90510 0.003827
90520 0.001425
90530 0.001702
90540 0.002156
90550 -0.000756
90560 0.012591
90570 0.000495
90580 0.002092
90590 0.001011
90600 0.003528
90610 0.000235
90620 0.000399
90630 0.003887
90640 0.001540
90650 0.001565
90660 0.000562
90670 0.002940
90680 0.000228
90690 0.003060
90700 -0.000167
90710 0.001729
90720 0.003096
90730 0.000797
90740 0.001195
90750 -0.001635
90760 0.000228
90770 -0.000210
90780 -0.000561
90790 0.000338
90800 -0.000158
90810 0.000135
90820 0.001292
90830 -0.000278
90840 0.000186
90850 0.002138
90860 -0.000534
90870 0.001636
90880 -0.000664
90890 0.003681
90900 0.000712
90910 0.003877
90920 -0.000524
90930 0.002285
90940 -0.000573
90950 -0.000052
90960 0.000356
90970 0.002749
90980 0.000509
90990 0.000922
91000 0.002039
91010 0.000728
91020 0.002141
91030 0.000695
91040 -0.000278
91050 0.000310
91060 0.002246
91070 0.003626
91080 -0.000474
91090 0.001759
91100 2.106177
91110 0.007271
91120 0.000657
91130 -0.000009
91140 0.000638
91150 0.002116
91160 0.001711
91170 0.001738
91180 -0.000175
91190 -0.000948
91200 0.000518
91210 0.001485
91220 0.000395
91230 -0.002280
91240 -0.000308
91250 0.002609
91260 -0.000186
91270 0.000679
91280 0.000066
91290 0.001808
91300 0.005117
91310 0.000353
91320 -0.000649
91330 0.000520
91340 0.000639
91350 0.000516
91360 0.003056
91370 0.004696
91380 -0.000149
91390 0.000469
91400 0.000675
91410 0.000577
91420 0.003242
91430 -0.000502
91440 0.004451
91450 -0.000494
91460 0.002725
91470 0.001931
91480 0.000248
91490 0.005010
91500 0.001390
91510 0.005781
91520 0.002840
91530 -0.001170
91540 0.001135
91550 0.003484
91560 0.001536
91570 0.000050
91580 -0.000153
91590 0.001841
91600 0.226886
91610 0.003407
91620 -0.000821
91630 0.000494
91640 0.001004
91650 0.004018
91660 0.000094
91670 0.000112
91680 0.003218
91690 0.001853
91700 0.000975
91710 0.000682
91720 0.002171
91730 -0.000662
91740 -0.000245
91750 0.001369
91760 -0.000574
91770 0.000909
91780 0.000955
91790 -0.000333
91800 -0.000504
91810 0.000702
91820 0.003084
91830 0.001154
91840 0.000068
91850 0.001226
91860 0.002307
91870 0.002290
91880 0.000022
91890 -0.000481
91900 0.001484
91910 0.000549
91920 0.001828
91930 0.007289
91940 -0.001064
91950 0.000815
91960 0.011766
91970 0.000826
91980 -0.001591
91990 0.003086
92000 0.000307
92010 0.000915
92020 -0.001121
92030 0.000313
92040 0.000535
92050 0.003160
92060 0.000125
92070 0.000127
92080 0.001885
92090 0.001726
92100 0.000220
92110 0.001484
92120 0.001517
92130 0.001200
92140 -0.000264
92150 -0.000039
92160 0.000710
92170 0.001431
92180 0.002017
92190 0.002099
92200 -0.001299
92210 0.001822
92220 0.002643
92230 0.007015
92240 0.001411
92250 0.001926
92260 0.000874
92270 0.002103
92280 0.000221
92290 0.000948
92300 -0.000897
92310 0.002023
92320 -0.000455
92330 0.002145
92340 0.001027
92350 0.000229
92360 0.000288
92370 0.002249
92380 0.005633
92390 0.000621
92400 0.000393
92410 0.000356
92420 0.002764
92430 -0.000268
92440 0.002059
92450 -0.000177
92460 0.001155
92470 0.000567
92480 0.000080
92490 -0.000588
92500 -0.000185
92510 0.001717
92520 -0.000180
92530 -0.000214
92540 0.001012
92550 0.000239
92560 -0.000162
92570 0.001403
92580 0.016557
92590 -0.000005
92600 0.000756
92610 0.003467
92620 0.001478
92630 -0.000994
92640 0.001687
92650 0.001701
92660 0.000628
92670 -0.000094
92680 0.003625
92690 0.004180
92700 0.006446
92710 0.004587
92720 0.001227
92730 -0.000126
92740 0.000807
92750 0.000470
92760 0.001322
92770 0.003477
92780 0.000894
92790 -0.001791
92800 0.001808
92810 0.001451
92820 0.002167
92830 0.000656
92840 0.001759
92850 0.000509
92860 0.003412
92870 0.001457
92880 0.001477
92890 0.004496
92900 0.041447
92910 0.001403
92920 0.006600
92930 0.001952
92940 -0.000619
92950 0.002230
92960 0.002726
92970 0.001051
92980 0.002015
92990 0.000637
93000 0.000859
93010 -0.000204
93020 -0.000166
93030 -0.000142
93040 -0.000593
93050 0.001143
93060 -0.000539
93070 0.001546
93080 -0.000025
93090 -0.000799
93100 -0.001740
93110 0.001092
93120 0.002749
93130 0.000537
93140 0.005410
93150 -0.000964
93160 0.001362
93170 0.000315
93180 0.001032
93190 -0.000336
93200 0.005404
93210 0.004215
93220 0.000311
93230 0.000521
93240 0.000924
93250 0.000910
93260 0.000338
93270 -0.000242
93280 0.001554
93290 0.001629
93300 0.002372
93310 -0.000626
93320 0.000554
93330 0.006624
93340 0.003293
93350 0.001402
93360 -0.000344
93370 0.002240
93380 0.001873
93390 0.002958
93400 -0.000687
93410 0.001312
93420 0.001155
93430 0.001752
93440 0.000975
93450 0.002898
93460 0.000405
93470 0.003562
93480 0.002390
93490 0.000563
93500 0.002631
93510 0.004361
93520 0.000712
93530 0.000003
93540 -0.001015
93550 3.010450
93560 0.004619
93570 -0.000475
93580 0.003434
93590 -0.000923
93600 -0.001080
93610 0.003830
93620 0.000730
93630 0.002189
93640 0.000529
93650 0.003726
93660 0.000033
93670 0.000195
93680 0.002091
93690 0.007390
93700 0.001139
93710 0.000704
93720 -0.001494
93730 0.001923
93740 0.000412
93750 -0.001131
93760 0.001718
93770 0.039777
93780 0.000672
93790 0.002235
93800 0.001303
93810 0.058354
93820 0.003743
93830 -0.000137
93840 -0.000338
93850 -0.000193
93860 0.001709
93870 0.002646
93880 0.002557
93890 -0.000460
93900 0.003777
93910 0.004797
93920 0.002265
93930 -0.000189
93940 0.000862
93950 0.000567
93960 -0.000068
93970 0.001013
93980 0.000675
93990 0.001431
94000 0.002377
94010 -0.001007
94020 0.003001
94030 0.001641
94040 -0.001295
94050 -0.000296
94060 0.004328
94070 0.000157
94080 0.000773
94090 0.001166
94100 0.000753
94110 0.001064
94120 0.002670
94130 0.001994
94140 -0.001091
94150 -0.000334
94160 0.002424
94170 0.002217
94180 0.002190
94190 -0.001434
94200 0.003841
94210 0.000686
94220 0.002080
94230 0.309320
94240 -0.000447
94250 0.001655
94260 0.000721
94270 0.000482
94280 0.000506
94290 0.010659
94300 0.007345
94310 0.003142
94320 0.001365
94330 1.768614
94340 0.001600
94350 -0.000193
94360 0.000573
94370 0.001849
94380 -0.002718
94390 0.001040
94400 -0.000777
94410 0.000210
94420 0.001703
94430 0.002912
94440 0.002936
94450 0.001144
94460 -0.000754
94470 0.001721
94480 0.001494
94490 -0.001186
94500 -0.000913
94510 -0.001339
94520 0.003856
94530 0.004100
94540 0.001796
94550 0.003105
94560 0.001507
94570 0.004120
94580 -0.001056
94590 0.000242
94600 -0.000605
94610 0.004720
94620 0.001162
94630 0.001233
94640 0.006229
94650 -0.000984
94660 0.005587
94670 -0.001904
94680 0.002178
94690 0.001753
94700 -0.000817
94710 0.001945
94720 -0.000158
94730 0.001065
94740 0.002183
94750 0.000988
94760 -0.000191
94770 0.001493
94780 -0.000804
94790 0.003288
94800 0.000014
94810 0.001526
94820 0.000091
94830 0.000469
94840 0.002667
94850 -0.000163
94860 0.001860
94870 0.001769
94880 0.002396
94890 0.001158
94900 0.002637
94910 0.001198
94920 -0.001362
94930 0.000930
94940 0.001111
94950 0.001755
94960 0.000045
94970 0.001822
94980 0.001745
94990 0.001485
95000 0.001034
95010 0.002896
95020 -0.000990
95030 0.002265
95040 0.001040
95050 -0.000004
95060 0.002316
95070 0.000639
95080 -0.000554
95090 0.001491
95100 -0.000533
95110 -0.001131
95120 0.004612
95130 0.000080
95140 0.001490
95150 0.002122
95160 0.001828
95170 0.002802
95180 0.016874
95190 0.001203
95200 0.000934
95210 0.000523
95220 -0.000010
95230 -0.000084
95240 0.002174
95250 0.000749
95260 -0.000410
95270 0.000183
95280 0.001152
95290 0.005529
95300 0.002147
95310 0.008389
95320 0.001077
95330 0.002502
95340 0.003236
95350 -0.000325
95360 0.000084
95370 0.001704
95380 0.004426
95390 -0.002127
95400 -0.000397
95410 0.002712
95420 0.003270
95430 0.001797
95440 0.007098
95450 -0.001554
95460 0.002297
95470 -0.000325
95480 0.000597
95490 -0.001896
95500 -0.000852
95510 0.002234
95520 0.002950
95530 0.002579
95540 0.000035
95550 0.002567
95560 0.002007
95570 0.000011
95580 0.002848
95590 0.000599
95600 0.002244
95610 -0.000145
95620 0.001570
95630 0.007370
95640 0.001355
95650 0.001500
95660 0.003204
95670 0.000599
95680 0.000391
95690 0.003823
95700 -0.001341
95710 0.000064
95720 0.008477
95730 0.000840
95740 0.001212
95750 0.001400
95760 0.000685
95770 -0.000194
95780 0.001584
95790 -0.002045
95800 -0.000026
95810 0.003856
95820 0.000151
95830 0.000801
95840 0.004280
95850 0.000125
95860 0.001578
95870 -0.000597
95880 0.001965
95890 0.007483
95900 0.000900
95910 -0.000598
95920 0.000668
95930 0.000786
95940 0.002035
95950 0.000884
95960 0.001368
95970 -0.000091
95980 0.001978
95990 0.001878
96000 -0.000647
96010 0.002028
96020 -0.000299
96030 0.000582
96040 -0.000733
96050 -0.000180
96060 0.010415
96070 0.001816
96080 0.001051
96090 -0.000864
96100 0.001686
96110 0.000507
96120 0.001253
96130 -0.000216
96140 0.002015
96150 -0.001243
96160 0.004599
96170 0.002784
96180 0.004378
96190 0.001184
96200 -0.000096
96210 0.000257
96220 0.001724
96230 0.003660
96240 0.006032
96250 0.000009
96260 0.004669
96270 0.002610
96280 -0.001015
96290 0.001702
96300 -0.002113
96310 0.002517
96320 -0.000054
96330 0.002652
96340 0.002449
96350 0.003417
96360 0.002538
96370 0.003132
96380 0.000031
96390 0.003169
96400 0.000519
96410 0.003034
96420 0.002583
96430 0.004363
96440 0.002149
96450 -0.000261
96460 0.003066
96470 0.005059
96480 0.000638
96490 0.001735
96500 -0.000693
96510 0.003374
96520 0.002614
96530 0.002561
96540 -0.000128
96550 0.001228
96560 0.000772
96570 0.002576
96580 0.000738
96590 0.006248
96600 -0.001356
96610 0.027750
96620 -0.000059
96630 0.000016
96640 0.004291
96650 0.001435
96660 0.000121
96670 0.001208
96680 0.003051
96690 0.007243
96700 0.002427
96710 0.001132
96720 0.002686
96730 0.000579
96740 0.001894
96750 0.003828
96760 0.002239
96770 -0.000033
96780 0.002972
96790 0.000258
96800 0.001198
96810 0.006471
96820 -0.000367
96830 0.014502
96840 -0.001157
96850 0.003204
96860 0.000651
96870 0.001017
96880 0.000198
96890 0.001412
96900 -0.001406
96910 -0.000536
96920 -0.002895
96930 0.001758
96940 0.001828
96950 0.000780
96960 0.001192
96970 -0.000458
96980 0.006044
96990 0.002473
97000 0.001666
97010 0.002116
97020 0.004022
97030 0.000584
97040 0.002183
97050 -0.000196
97060 0.016473
97070 0.002024
97080 -0.000082
97090 0.003031
97100 0.003049
97110 0.000757
97120 0.000749
97130 0.002239
97140 0.001342
97150 0.000382
97160 0.001445
97170 -0.000248
97180 -0.000020
97190 0.001423
97200 0.001931
97210 0.000438
97220 0.001517
97230 -0.000611
97240 0.004981
97250 0.005193
97260 0.000638
97270 -0.000260
97280 0.001734
97290 0.005666
97300 0.029327
97310 0.002379
97320 0.001411
97330 0.001362
97340 0.001471
97350 0.001436
97360 0.003376
97370 -0.002917
97380 0.001141
97390 0.000219
97400 -0.002490
97410 0.002037
97420 0.001304
97430 0.002619
97440 0.000379
97450 0.000043
97460 0.004812
97470 0.001388
97480 3.150983
97490 -0.000237
97500 -0.002433
97510 0.003346
97520 0.003424
97530 0.000254
97540 -0.000780
97550 -0.000783
97560 0.002609
97570 -0.000057
97580 -0.000270
97590 1.001907
97600 0.000624
97610 -0.000815
97620 0.001112
97630 0.000768
97640 -0.001153
97650 -0.001224
97660 0.000134
97670 0.002501
97680 0.002872
97690 -0.000002
97700 0.000657
97710 0.003417
97720 0.001523
97730 0.002472
97740 -0.000074
97750 0.000210
97760 0.001441
97770 0.001082
97780 0.376682
97790 0.001921
97800 0.000667
97810 -0.000030
97820 0.000008
97830 0.004577
97840 0.001619
97850 -0.001729
97860 0.000461
97870 0.001645
97880 -0.000827
97890 0.001590
97900 0.094451
97910 0.005103
97920 0.002731
97930 0.001543
97940 0.000751
97950 0.000438
97960 0.002667
97970 0.000704
97980 0.000707
97990 0.002071
98000 0.004329
98010 0.001345
98020 -0.000201
98030 0.001531
98040 0.002528
98050 0.000178
98060 0.000813
98070 0.000239
98080 0.002884
98090 0.001799
98100 0.002240
98110 0.003798
98120 0.001235
98130 0.001655
98140 0.001544
98150 0.000181
98160 0.001718
98170 0.001808
98180 0.017760
98190 0.003757
98200 0.000082
98210 0.002200
98220 0.004192
98230 0.001372
98240 -0.002256
98250 -0.001349
98260 0.001956
98270 -0.000913
98280 0.000789
98290 -0.001911
98300 0.003114
98310 0.001486
98320 0.001670
98330 -0.000890
98340 0.001737
98350 0.003867
98360 0.001906
98370 0.003531
98380 -0.001610
98390 -0.000808
98400 0.000637
98410 0.000094
98420 -0.000478
98430 0.000908
98440 0.001707
98450 0.000008
98460 0.002528
98470 0.000287
98480 0.001114
98490 -0.000783
98500 0.002568
98510 0.001392
98520 -0.000934
98530 -0.000603
98540 0.002809
98550 -0.005074
98560 -0.000539
98570 -0.001549
98580 -0.000429
98590 0.001510
98600 -0.000388
98610 0.000537
98620 0.001820
98630 0.001466
98640 0.001758
98650 0.000896
98660 0.004285
98670 0.002522
98680 0.003787
98690 0.001121
98700 0.004119
98710 0.001126
98720 0.004510
98730 0.002775
98740 0.000604
98750 0.004560
98760 -0.000213
98770 -0.001516
98780 0.001185
98790 0.007928
98800 0.003273
98810 0.003131
98820 0.001378
98830 0.011151
98840 0.004748
98850 -0.000753
98860 -0.000091
98870 0.000807
98880 0.001777
98890 0.000290
98900 0.233685
98910 0.000451
98920 0.001757
98930 -0.000764
98940 -0.000046
98950 0.679636
98960 -0.000771
98970 -0.000552
98980 0.000993
98990 0.229173
99000 0.000089
99010 0.002753
99020 0.008163
99030 0.004321
99040 -0.000950
99050 0.001181
99060 0.000562
99070 0.002941
99080 -0.000219
99090 0.001860
99100 0.000978
99110 0.000389
99120 0.002513
99130 0.001420
99140 0.000513
99150 0.001210
99160 -0.000645
99170 0.000058
99180 0.007887
99190 0.001025
99200 0.003040
99210 0.000347
99220 0.008500
99230 0.003080
99240 0.002626
99250 0.000536
99260 0.002741
99270 -0.000027
99280 0.003553
99290 0.000509
99300 0.003714
99310 0.000715
99320 -0.001417
99330 0.000605
99340 0.009341
99350 -0.000010
99360 0.002437
99370 0.000458
99380 0.001179
99390 -0.002805
99400 0.000010
99410 0.000949
99420 -0.002582
99430 0.003722
99440 0.000163
99450 -0.001620
99460 0.000154
99470 0.000170
99480 0.002125
99490 0.001240
99500 0.003433
99510 -0.001996
99520 0.004807
99530 0.000349
99540 0.001967
99550 0.001954
99560 0.002269
99570 0.000383
99580 0.002393
99590 0.001524
99600 0.001012
99610 0.000291
99620 0.000039
99630 0.002798
99640 0.000653
99650 0.001026
99660 0.001551
99670 0.001509
99680 0.001916
99690 -0.000964
99700 0.000524
99710 0.000066
99720 0.005212
99730 0.001426
99740 0.000776
99750 0.000933
99760 0.000787
99770 0.002047
99780 0.002715
99790 0.004576
99800 -0.002124
99810 0.005368
99820 0.000813
99830 0.002550
99840 0.003219
99850 0.001809
99860 0.001227
99870 -0.000767
99880 0.011934
99890 0.000110
99900 -0.000546
99910 0.002957
99920 -0.000829
99930 2.114326
99940 0.000809
99950 0.000528
99960 0.010260
99970 0.000968
99980 0.001555
99990 0.003766
