0 0.014157
10 0.005540
20 0.001007
30 0.001061
40 0.001419
50 -0.000263
60 -0.000734
70 0.001058
80 0.001783
90 -0.000998
100 -0.000362
110 0.001741
120 0.000452
130 0.002751
140 0.001097
150 0.002637
160 0.002296
170 0.001655
180 0.000827
190 -0.001341
200 0.001023
210 0.001404
220 -0.000082
230 -0.000706
240 0.002006
250 0.001036
260 0.001611
270 -0.000814
280 0.001136
290 -0.001149
300 -0.000091
310 -0.000371
320 -0.000210
330 -0.000477
340 -0.000048
350 0.000284
360 0.000880
370 -0.000434
380 -0.000093
390 -0.001106
400 0.000903
410 -0.000019
420 0.000233
430 -0.000051
440 0.000075
450 -0.000233
460 -0.000120
470 -0.000092
480 0.000255
490 0.000137
500 0.000437
510 0.000400
520 0.000810
530 0.000643
540 0.000627
550 0.000297
560 0.000270
570 0.000483
580 -0.000395
590 -0.000061
600 -0.000104
610 -0.000191
620 0.000218
630 -0.000415
640 0.000350
650 -0.000475
660 0.000216
670 -0.000076
680 0.000370
690 0.000091
700 0.000344
710 0.000253
720 -0.000107
730 -0.000803
740 -0.000339
750 -0.000151
760 0.000096
770 0.001048
780 0.000467
790 0.000554
800 0.001059
810 -0.001011
820 0.000299
830 0.000719
840 0.000317
850 0.000135
860 0.000531
870 0.000171
880 0.000392
890 -0.000367
900 0.000203
910 0.000109
920 -0.000864
930 -0.000837
940 0.000253
950 -0.000408
960 0.000126
970 0.000210
980 -0.000421
990 0.000624
1000 -0.000668
1010 0.000182
1020 -0.000042
1030 0.000070
1040 -0.000339
1050 0.000438
1060 -0.000101
1070 0.000012
1080 0.000439
1090 0.000509
1100 0.000005
1110 0.000250
1120 -0.000337
1130 0.000506
1140 -0.000450
1150 -0.000591
1160 0.000373
1170 -0.000646
1180 0.000288
1190 -0.000590
1200 -0.001274
1210 0.000667
1220 0.000101
1230 -0.000042
1240 0.000267
1250 0.000799
1260 0.000137
1270 -0.000072
1280 0.000876
1290 -0.000327
1300 0.000421
1310 -0.000073
1320 -0.000216
1330 0.000193
1340 0.000943
1350 -0.000120
1360 0.000170
1370 -0.000197
1380 -0.000501
1390 0.001501
1400 0.001501
1410 0.001501
1420 0.001501
1430 0.001501
1440 0.001501
1450 0.001501
1460 0.001501
1470 0.001501
1480 0.001501
1490 0.001501
1500 0.001501
1510 0.001501
1520 0.001501
1530 0.001501
1540 0.001501
1550 0.001501
1560 0.001501
1570 0.001501
1580 0.001501
1590 0.001501
1600 0.001501
1610 0.001501
1620 0.001501
1630 0.001501
1640 0.001501
1650 0.001501
1660 0.001501
1670 0.001501
1680 0.001501
1690 0.001501
1700 0.001501
1710 0.001501
1720 0.001501
1730 0.001501
1740 0.001501
1750 0.001501
1760 0.001501
1770 0.001501
1780 0.001501
1790 0.001501
1800 0.001501
1810 0.001501
1820 0.001501
1830 0.001501
1840 0.001501
1850 0.001501
1860 0.001501
1870 0.001501
1880 0.001501
1890 0.001501
1900 0.001501
1910 0.001501
1920 0.001501
1930 0.001501
1940 0.001501
1950 0.001501
1960 0.001501
1970 0.001501
1980 0.001501
1990 0.001501
2000 0.001501
2010 0.001501
2020 0.001501
2030 0.001501
2040 0.001501
2050 0.001501
2060 0.001501
2070 0.001501
2080 0.001501
2090 0.001501
2100 0.001501
2110 0.001501
2120 0.001501
2130 0.001501
2140 0.001501
2150 0.001501
2160 0.001501
2170 0.001501
2180 0.001501
2190 0.001501
2200 0.001501
2210 0.001501
2220 0.001501
2230 0.001501
2240 0.001501
2250 0.001501
2260 0.001501
2270 0.001501
2280 0.001501
2290 0.001501
2300 0.001501
2310 0.001501
2320 0.001501
2330 0.001501
2340 0.001501
2350 0.001501
2360 0.001501
2370 0.001501
2380 0.001501
2390 0.001501
2400 0.001501
2410 0.001501
2420 0.001501
2430 0.001501
2440 0.001501
2450 0.001501
2460 0.001501
2470 0.001501
2480 0.001501
2490 0.001501
2500 0.001501
2510 0.001501
2520 0.001501
2530 0.001501
2540 0.001501
2550 0.001501
2560 0.001501
2570 0.001501
2580 0.001501
2590 0.001501
2600 0.001501
2610 0.001501
2620 0.001501
2630 0.001501
2640 0.001501
2650 0.001501
2660 0.001501
2670 0.001501
2680 0.001501
2690 0.001501
2700 0.001501
2710 0.001501
2720 0.001501
2730 0.001501
2740 0.001501
2750 0.001501
2760 0.001501
2770 0.001501
2780 0.001501
2790 0.001501
2800 0.001501
2810 0.001501
2820 0.001501
2830 0.001501
2840 0.001501
2850 0.001501
2860 0.001501
2870 0.001501
2880 0.001501
2890 0.001501
2900 0.001501
2910 0.001501
2920 0.001501
2930 0.001501
2940 0.001501
2950 0.001501
2960 0.001501
2970 0.001501
2980 0.001501
2990 0.001501
3000 0.001501
3010 0.001501
3020 0.001501
3030 0.001501
3040 0.001501
3050 0.001501
3060 0.001501
3070 0.001501
3080 0.001501
3090 0.001501
3100 0.001501
3110 0.001501
3120 0.001501
3130 0.001501
3140 0.001501
3150 0.001501
3160 0.001501
3170 0.001501
3180 0.001501
3190 0.001501
3200 0.001501
3210 0.001501
3220 0.001501
3230 0.001501
3240 0.001501
3250 0.001501
3260 0.001501
3270 0.001501
3280 0.001501
3290 0.001501
3300 0.001501
3310 0.001501
3320 0.001501
3330 0.001501
3340 0.001501
3350 0.001501
3360 0.001501
3370 0.001501
3380 0.001501
3390 0.001501
3400 0.001501
3410 0.001501
3420 0.001501
3430 0.001501
3440 0.001501
3450 0.001501
3460 0.001501
3470 0.001501
3480 0.001501
3490 0.001501
3500 0.001501
3510 0.001501
3520 0.001501
3530 0.001501
3540 0.001501
3550 0.001501
3560 0.001501
3570 0.001501
3580 0.001501
3590 0.001501
3600 0.001501
3610 0.001501
3620 0.001501
3630 0.001501
3640 0.001501
3650 0.001501
3660 0.001501
3670 0.001501
3680 0.001501
3690 0.001501
3700 0.001501
3710 0.001501
3720 0.001501
3730 0.001501
3740 0.001501
3750 0.001501
3760 0.001501
3770 0.001501
3780 0.001501
3790 0.001501
3800 0.001501
3810 0.001501
3820 0.001501
3830 0.001501
3840 0.001501
3850 0.001501
3860 0.001501
3870 0.001501
3880 0.001501
3890 0.001501
3900 0.001501
3910 0.001501
3920 0.001501
3930 0.001501
3940 0.001501
3950 0.001501
3960 0.001501
3970 0.001501
3980 0.001501
3990 0.001501
4000 0.001501
4010 0.001501
4020 0.001501
4030 0.001501
4040 0.001501
4050 0.001501
4060 0.001501
4070 0.001501
4080 0.001501
4090 0.001501
4100 0.001501
4110 0.001501
4120 0.001501
4130 0.001501
4140 0.001501
4150 0.001501
4160 0.001501
4170 0.001501
4180 0.001501
4190 0.001501
4200 0.001501
4210 0.001501
4220 0.001501
4230 0.001501
4240 0.001501
4250 0.001501
4260 0.001501
4270 0.001501
4280 0.001501
4290 0.001501
4300 0.001501
4310 0.001501
4320 0.001501
4330 0.001501
4340 0.001501
4350 0.001501
4360 0.001501
4370 0.001501
4380 0.001501
4390 0.001501
4400 0.001501
4410 0.001501
4420 0.001501
4430 0.001501
4440 0.001501
4450 0.001501
4460 0.001501
4470 0.001501
4480 0.001501
4490 0.001501
4500 0.001501
4510 0.001501
4520 0.001501
4530 0.001501
4540 0.001501
4550 0.001501
4560 0.001501
4570 0.001501
4580 0.001501
4590 0.001501
4600 0.001501
4610 0.001501
4620 0.001501
4630 0.001501
4640 0.001501
4650 0.001501
4660 0.001501
4670 0.001501
4680 0.001501
4690 0.001501
4700 0.001501
4710 0.001501
4720 0.001501
4730 0.001501
4740 0.001501
4750 0.001501
4760 0.001501
4770 0.001501
4780 0.001501
4790 0.001501
4800 0.001501
4810 0.001501
4820 0.001501
4830 0.001501
4840 0.001501
4850 0.001501
4860 0.001501
4870 0.001501
4880 0.001501
4890 0.001501
4900 0.001501
4910 0.001501
4920 0.001501
4930 0.001501
4940 0.001501
4950 0.001501
4960 0.001501
4970 0.001501
4980 0.001501
4990 0.001501
5000 0.001501
5010 0.001501
5020 0.001501
5030 0.001501
5040 0.001501
5050 0.001501
5060 0.001501
5070 0.001501
5080 0.001501
5090 0.001501
5100 0.001501
5110 0.001501
5120 0.001501
5130 0.001501
5140 0.001501
5150 0.001501
5160 0.001501
5170 0.001501
5180 0.001501
5190 0.001501
5200 0.001501
5210 0.001501
5220 0.001501
5230 0.001501
5240 0.001501
5250 0.001501
5260 0.001501
5270 0.001501
5280 0.001501
5290 0.001501
5300 0.001501
5310 0.001501
5320 0.001501
5330 0.001501
5340 0.001501
5350 0.001501
5360 0.001501
5370 0.001501
5380 0.001501
5390 0.001501
5400 0.001501
5410 0.001501
5420 0.001501
5430 0.001501
5440 0.001501
5450 0.001501
5460 0.001501
5470 0.001501
5480 0.001501
5490 0.001501
5500 0.001501
5510 0.001501
5520 0.001501
5530 0.001501
5540 0.001501
5550 0.001501
5560 0.001501
5570 0.001501
5580 0.001501
5590 0.001501
5600 0.001501
5610 0.001501
5620 0.001501
5630 0.001501
5640 0.001501
5650 0.001501
5660 0.001501
5670 0.001501
5680 0.001501
5690 0.001501
5700 0.001501
5710 0.001501
5720 0.001501
5730 0.001501
5740 0.001501
5750 0.001501
5760 0.001501
5770 0.001501
5780 0.001501
5790 0.001501
5800 0.001501
5810 0.001501
5820 0.001501
5830 0.001501
5840 0.001501
5850 0.001501
5860 0.001501
5870 0.001501
5880 0.001501
5890 0.001501
5900 0.001501
5910 0.001501
5920 0.001501
5930 0.001501
5940 0.001501
5950 0.001501
5960 0.001501
5970 0.001501
5980 0.001501
5990 0.001501
6000 0.001501
6010 0.001501
6020 0.001501
6030 0.001501
6040 0.001501
6050 0.001501
6060 0.001501
6070 0.001501
6080 0.001501
6090 0.001501
6100 0.001501
6110 0.001501
6120 0.001501
6130 0.001501
6140 0.001501
6150 0.001501
6160 0.001501
6170 0.001501
6180 0.001501
6190 0.001501
6200 0.001501
6210 0.001501
6220 0.001501
6230 0.001501
6240 0.001501
6250 0.001501
6260 0.001501
6270 0.001501
6280 0.001501
6290 0.001501
6300 0.001501
6310 0.001501
6320 0.001501
6330 0.001501
6340 0.001501
6350 0.001501
6360 0.001501
6370 0.001501
6380 0.001501
6390 0.001501
6400 0.001501
6410 0.001501
6420 0.001501
6430 0.001501
6440 0.001501
6450 0.001501
6460 0.001501
6470 0.001501
6480 0.001501
6490 0.001501
6500 0.001501
6510 0.001501
6520 0.001501
6530 0.001501
6540 0.001501
6550 0.001501
6560 0.001501
6570 0.001501
6580 0.001501
6590 0.001501
6600 0.001501
6610 0.001501
6620 0.001501
6630 0.001501
6640 0.001501
6650 0.001501
6660 0.001501
6670 0.001501
6680 0.001501
6690 0.001501
6700 0.001501
6710 0.001501
6720 0.001501
6730 0.001501
6740 0.001501
6750 0.001501
6760 0.001501
6770 0.001501
6780 0.001501
6790 0.001501
6800 0.001501
6810 0.001501
6820 0.001501
6830 0.001501
6840 0.001501
6850 0.001501
6860 0.001501
6870 0.001501
6880 0.001501
6890 0.001501
6900 0.001501
6910 0.001501
6920 0.001501
6930 0.001501
6940 0.001501
6950 0.001501
6960 0.001501
6970 0.001501
6980 0.001501
6990 0.001501
7000 0.001501
7010 0.001501
7020 0.001501
7030 0.001501
7040 0.001501
7050 0.001501
7060 0.001501
7070 0.001501
7080 0.001501
7090 0.001501
7100 0.001501
7110 0.001501
7120 0.001501
7130 0.001501
7140 0.001501
7150 0.001501
7160 0.001501
7170 0.001501
7180 0.001501
7190 0.001501
7200 0.001501
7210 0.001501
7220 0.001501
7230 0.001501
7240 0.001501
7250 0.001501
7260 0.001501
7270 0.001501
7280 0.001501
7290 0.001501
7300 0.001501
7310 0.001501
7320 0.001501
7330 0.001501
7340 0.001501
7350 0.001501
7360 0.001501
7370 0.001501
7380 0.001501
7390 0.001501
7400 0.001501
7410 0.001501
7420 0.001501
7430 0.001501
7440 0.001501
7450 0.001501
7460 0.001501
7470 0.001501
7480 0.001501
7490 0.001501
7500 0.001501
7510 0.001501
7520 0.001501
7530 0.001501
7540 0.001501
7550 0.001501
7560 0.001501
7570 0.001501
7580 0.001501
7590 0.001501
7600 0.001501
7610 0.001501
7620 0.001501
7630 0.001501
7640 0.001501
7650 0.001501
7660 0.001501
7670 0.001501
7680 0.001501
7690 0.001501
7700 0.001501
7710 0.001501
7720 0.001501
7730 0.001501
7740 0.001501
7750 0.001501
7760 0.001501
7770 0.001501
7780 0.001501
7790 0.001501
7800 0.001501
7810 0.001501
7820 0.001501
7830 0.001501
7840 0.001501
7850 0.001501
7860 0.001501
7870 0.001501
7880 0.001501
7890 0.001501
7900 0.001501
7910 0.001501
7920 0.001501
7930 0.001501
7940 0.001501
7950 0.001501
7960 0.001501
7970 0.001501
7980 0.001501
7990 0.001501
8000 0.001501
8010 0.001501
8020 0.001501
8030 0.001501
8040 0.001501
8050 0.001501
8060 0.001501
8070 0.001501
8080 0.001501
8090 0.001501
8100 0.001501
8110 0.001501
8120 0.001501
8130 0.001501
8140 0.001501
8150 0.001501
8160 0.001501
8170 0.001501
8180 0.001501
8190 0.001501
8200 0.001501
8210 0.001501
8220 0.001501
8230 0.001501
8240 0.001501
8250 0.001501
8260 0.001501
8270 0.001501
8280 0.001501
8290 0.001501
8300 0.001501
8310 0.001501
8320 0.001501
8330 0.001501
8340 0.001501
8350 0.001501
8360 0.001501
8370 0.001501
8380 0.001501
8390 0.001501
8400 0.001501
8410 0.001501
8420 0.001501
8430 0.001501
8440 0.001501
8450 0.001501
8460 0.001501
8470 0.001501
8480 0.001501
8490 0.001501
8500 0.001501
8510 0.001501
8520 0.001501
8530 0.001501
8540 0.001501
8550 0.001501
8560 0.001501
8570 0.001501
8580 0.001501
8590 0.001501
8600 0.001501
8610 0.001501
8620 0.001501
8630 0.001501
8640 0.001501
8650 0.001501
8660 0.001501
8670 0.001501
8680 0.001501
8690 0.001501
8700 0.001501
8710 0.001501
8720 0.001501
8730 0.001501
8740 0.001501
8750 0.001501
8760 0.001501
8770 0.001501
8780 0.001501
8790 0.001501
8800 0.001501
8810 0.001501
8820 0.001501
8830 0.001501
8840 0.001501
8850 0.001501
8860 0.001501
8870 0.001501
8880 0.001501
8890 0.001501
8900 0.001501
8910 0.001501
8920 0.001501
8930 0.001501
8940 0.001501
8950 0.001501
8960 0.001501
8970 0.001501
8980 0.001501
8990 0.001501
9000 0.001501
9010 0.001501
9020 0.001501
9030 0.001501
9040 0.001501
9050 0.001501
9060 0.001501
9070 0.001501
9080 0.001501
9090 0.001501
9100 0.001501
9110 0.001501
9120 0.001501
9130 0.001501
9140 0.001501
9150 0.001501
9160 0.001501
9170 0.001501
9180 0.001501
9190 0.001501
9200 0.001501
9210 0.001501
9220 0.001501
9230 0.001501
9240 0.001501
9250 0.001501
9260 0.001501
9270 0.001501
9280 0.001501
9290 0.001501
9300 0.001501
9310 0.001501
9320 0.001501
9330 0.001501
9340 0.001501
9350 0.001501
9360 0.001501
9370 0.001501
9380 0.001501
9390 0.001501
9400 0.001501
9410 0.001501
9420 0.001501
9430 0.001501
9440 0.001501
9450 0.001501
9460 0.001501
9470 0.001501
9480 0.001501
9490 0.001501
9500 0.001501
9510 0.001501
9520 0.001501
9530 0.001501
9540 0.001501
9550 0.001501
9560 0.001501
9570 0.001501
9580 0.001501
9590 0.001501
9600 0.001501
9610 0.001501
9620 0.001501
9630 0.001501
9640 0.001501
9650 0.001501
9660 0.001501
9670 0.001501
9680 0.001501
9690 0.001501
9700 0.001501
9710 0.001501
9720 0.001501
9730 0.001501
9740 0.001501
9750 0.001501
9760 0.001501
9770 0.001501
9780 0.001501
9790 0.001501
9800 0.001501
9810 0.001501
9820 0.001501
9830 0.001501
9840 0.001501
9850 0.001501
9860 0.001501
9870 0.001501
9880 0.001501
9890 0.001501
9900 0.001501
9910 0.001501
9920 0.001501
9930 0.001501
9940 0.001501
9950 0.001501
9960 0.001501
9970 0.001501
9980 0.001501
9990 0.001501
10000 0.001501
10010 0.001501
10020 0.001501
10030 0.001501
10040 0.001501
10050 0.001501
10060 0.001501
10070 0.001501
10080 0.001501
10090 0.001501
10100 0.001501
10110 0.001501
10120 0.001501
10130 0.001501
10140 0.001501
10150 0.001501
10160 0.001501
10170 0.001501
10180 0.001501
10190 0.001501
10200 0.001501
10210 0.001501
10220 0.001501
10230 0.001501
10240 0.001501
10250 0.001501
10260 0.001501
10270 0.001501
10280 0.001501
10290 0.001501
10300 0.001501
10310 0.001501
10320 0.001501
10330 0.001501
10340 0.001501
10350 0.001501
10360 0.001501
10370 0.001501
10380 0.001501
10390 0.001501
10400 0.001501
10410 0.001501
10420 0.001501
10430 0.001501
10440 0.001501
10450 0.001501
10460 0.001501
10470 0.001501
10480 0.001501
10490 0.001501
10500 0.001501
10510 0.001501
10520 0.001501
10530 0.001501
10540 0.001501
10550 0.001501
10560 0.001501
10570 0.001501
10580 0.001501
10590 0.001501
10600 0.001501
10610 0.001501
10620 0.001501
10630 0.001501
10640 0.001501
10650 0.001501
10660 0.001501
10670 0.001501
10680 0.001501
10690 0.001501
10700 0.001501
10710 0.001501
10720 0.001501
10730 0.001501
10740 0.001501
10750 0.001501
10760 0.001501
10770 0.001501
10780 0.001501
10790 0.001501
10800 0.001501
10810 0.001501
10820 0.001501
10830 0.001501
10840 0.001501
10850 0.001501
10860 0.001501
10870 0.001501
10880 0.001501
10890 0.001501
10900 0.001501
10910 0.001501
10920 0.001501
10930 0.001501
10940 0.001501
10950 0.001501
10960 0.001501
10970 0.001501
10980 0.001501
10990 0.001501
11000 0.001501
11010 0.001501
11020 0.001501
11030 0.001501
11040 0.001501
11050 0.001501
11060 0.001501
11070 0.001501
11080 0.001501
11090 0.001501
11100 0.001501
11110 0.001501
11120 0.001501
11130 0.001501
11140 0.001501
11150 0.001501
11160 0.001501
11170 0.001501
11180 0.001501
11190 0.001501
11200 0.001501
11210 0.001501
11220 0.001501
11230 0.001501
11240 0.001501
11250 0.001501
11260 0.001501
11270 0.001501
11280 0.001501
11290 0.001501
11300 0.001501
11310 0.001501
11320 0.001501
11330 0.001501
11340 0.001501
11350 0.001501
11360 0.001501
11370 0.001501
11380 0.001501
11390 0.001501
11400 0.001501
11410 0.001501
11420 0.001501
11430 0.001501
11440 0.001501
11450 0.001501
11460 0.001501
11470 0.001501
11480 0.001501
11490 0.001501
11500 0.001501
11510 0.001501
11520 0.001501
11530 0.001501
11540 0.001501
11550 0.001501
11560 0.001501
11570 0.001501
11580 0.001501
11590 0.001501
11600 0.001501
11610 0.001501
11620 0.001501
11630 0.001501
11640 0.001501
11650 0.001501
11660 0.001501
11670 0.001501
11680 0.001501
11690 0.001501
11700 0.001501
11710 0.001501
11720 0.001501
11730 0.001501
11740 0.001501
11750 0.001501
11760 0.001501
11770 0.001501
11780 0.001501
11790 0.001501
11800 0.001501
11810 0.001501
11820 0.001501
11830 0.001501
11840 0.001501
11850 0.001501
11860 0.001501
11870 0.001501
11880 0.001501
11890 0.001501
11900 0.001501
11910 0.001501
11920 0.001501
11930 0.001501
11940 0.001501
11950 0.001501
11960 0.001501
11970 0.001501
11980 0.001501
11990 0.001501
12000 0.001501
12010 0.001501
12020 0.001501
12030 0.001501
12040 0.001501
12050 0.001501
12060 0.001501
12070 0.001501
12080 0.001501
12090 0.001501
12100 0.001501
12110 0.001501
12120 0.001501
12130 0.001501
12140 0.001501
12150 0.001501
12160 0.001501
12170 0.001501
12180 0.001501
12190 0.001501
12200 0.001501
12210 0.001501
12220 0.001501
12230 0.001501
12240 0.001501
12250 0.001501
12260 0.001501
12270 0.001501
12280 0.001501
12290 0.001501
12300 0.001501
12310 0.001501
12320 0.001501
12330 0.001501
12340 0.001501
12350 0.001501
12360 0.001527
12370 0.001501
12380 0.001501
12390 0.001501
12400 0.001501
12410 0.001501
12420 0.001501
12430 0.001501
12440 0.001501
12450 0.001501
12460 0.001501
12470 0.001501
12480 0.001501
12490 0.001501
12500 0.001501
12510 0.001501
12520 0.001501
12530 0.001501
12540 0.001501
12550 0.001501
12560 0.001501
12570 0.001501
12580 0.001501
12590 0.001501
12600 0.001501
12610 0.001501
12620 0.001501
12630 0.001501
12640 0.001501
12650 0.001501
12660 0.001501
12670 0.001501
12680 0.001501
12690 0.001501
12700 0.001501
12710 0.001501
12720 0.001501
12730 0.001501
12740 0.001501
12750 0.001501
12760 0.001501
12770 0.001501
12780 0.001501
12790 0.001501
12800 0.001501
12810 0.001501
12820 0.001501
12830 0.001501
12840 0.001501
12850 0.001501
12860 0.001501
12870 0.001501
12880 0.001501
12890 0.001501
12900 0.001501
12910 0.001501
12920 0.001501
12930 0.001501
12940 0.001501
12950 0.001501
12960 0.001501
12970 0.001501
12980 0.001501
12990 0.001501
13000 0.001501
13010 0.001501
13020 0.001501
13030 0.001501
13040 0.001501
13050 0.001501
13060 0.001501
13070 0.001501
13080 0.001501
13090 0.001501
13100 0.001501
13110 0.001501
13120 0.001501
13130 0.001501
13140 0.001501
13150 0.001501
13160 0.001501
13170 0.001501
13180 0.001501
13190 0.001501
13200 0.001501
13210 0.001501
13220 0.001501
13230 0.001501
13240 0.001501
13250 0.001501
13260 0.001501
13270 0.001501
13280 0.001501
13290 0.001501
13300 0.001501
13310 0.001501
13320 0.001501
13330 0.001501
13340 0.001501
13350 0.001501
13360 0.001501
13370 0.001501
13380 0.001501
13390 0.001501
13400 0.001501
13410 0.001501
13420 0.001501
13430 0.001501
13440 0.001501
13450 0.001501
13460 0.001501
13470 0.001501
13480 0.001501
13490 0.001501
13500 0.001501
13510 0.001501
13520 0.001501
13530 0.001501
13540 0.001501
13550 0.001501
13560 0.001501
13570 0.001501
13580 0.001501
13590 0.001501
13600 0.001501
13610 0.001501
13620 0.001501
13630 0.001501
13640 0.001501
13650 0.001501
13660 0.001501
13670 0.001501
13680 0.001501
13690 0.001501
13700 0.001501
13710 0.001501
13720 0.001501
13730 0.001501
13740 0.001501
13750 0.001501
13760 0.001501
13770 0.001501
13780 0.001501
13790 0.001501
13800 0.001501
13810 0.001501
13820 0.001501
13830 0.001501
13840 0.001501
13850 0.001501
13860 0.001501
13870 0.001501
13880 0.001501
13890 0.001501
13900 0.001501
13910 0.001501
13920 0.001501
13930 0.001501
13940 0.001501
13950 0.001501
13960 0.001501
13970 0.001501
13980 0.001501
13990 0.001501
14000 0.001501
14010 0.001501
14020 0.001501
14030 0.001501
14040 0.001501
14050 0.001501
14060 0.001501
14070 0.001501
14080 0.001501
14090 0.001501
14100 0.001501
14110 0.001501
14120 0.001501
14130 0.001501
14140 0.001501
14150 0.001501
14160 0.001501
14170 0.001501
14180 0.001501
14190 0.001501
14200 0.001501
14210 0.001501
14220 0.001501
14230 0.001501
14240 0.001501
14250 0.001501
14260 0.001501
14270 0.001501
14280 0.001501
14290 0.001501
14300 0.001501
14310 0.001501
14320 0.001501
14330 0.001501
14340 0.001501
14350 0.001501
14360 0.001501
14370 0.001501
14380 0.001501
14390 0.001501
14400 0.001501
14410 0.001501
14420 0.001501
14430 0.001501
14440 0.001501
14450 0.001501
14460 0.001501
14470 0.001501
14480 0.001501
14490 0.001501
14500 0.001501
14510 0.001501
14520 0.001501
14530 0.001501
14540 0.001501
14550 0.001501
14560 0.001501
14570 0.001501
14580 0.001501
14590 0.001501
14600 0.001501
14610 0.001501
14620 0.001501
14630 0.001501
14640 0.001501
14650 0.001501
14660 0.001501
14670 0.001501
14680 0.001501
14690 0.001501
14700 0.001501
14710 0.001501
14720 0.001501
14730 0.001501
14740 0.001501
14750 0.001501
14760 0.001501
14770 0.001501
14780 0.001501
14790 0.001501
14800 0.001501
14810 0.001501
14820 0.001501
14830 0.001501
14840 0.001501
14850 0.001501
14860 0.001501
14870 0.001501
14880 0.001501
14890 0.001501
14900 0.001501
14910 0.001501
14920 0.001501
14930 0.001501
14940 0.001501
14950 0.001501
14960 0.001501
14970 0.001501
14980 0.001501
14990 0.001501
15000 0.001501
15010 0.001501
15020 0.001501
15030 0.001501
15040 0.001501
15050 0.001501
15060 0.001501
15070 0.001501
15080 0.001501
15090 0.001501
15100 0.001501
15110 0.001501
15120 0.001501
15130 0.001501
15140 0.001501
15150 0.001501
15160 0.001501
15170 0.001501
15180 0.001501
15190 0.001501
15200 0.001501
15210 0.001501
15220 0.001501
15230 0.001501
15240 0.001501
15250 0.001501
15260 0.001501
15270 0.001501
15280 0.001501
15290 0.001501
15300 0.001501
15310 0.001501
15320 0.001501
15330 0.001501
15340 0.001501
15350 0.001501
15360 0.001501
15370 0.001501
15380 0.001501
15390 0.001501
15400 0.001501
15410 0.001501
15420 0.001501
15430 0.001501
15440 0.001501
15450 0.001501
15460 0.001501
15470 0.001501
15480 0.001501
15490 0.001501
15500 0.001501
15510 0.001501
15520 0.001501
15530 0.001501
15540 0.001501
15550 0.001501
15560 0.001501
15570 0.001501
15580 0.001501
15590 0.001501
15600 0.001501
15610 0.001501
15620 0.001501
15630 0.001501
15640 0.001501
15650 0.001501
15660 0.001501
15670 0.001501
15680 0.001501
15690 0.001501
15700 0.001501
15710 0.001501
15720 0.001501
15730 0.001501
15740 0.001501
15750 0.001501
15760 0.001501
15770 0.001501
15780 0.001501
15790 0.001501
15800 0.001501
15810 0.001501
15820 0.001501
15830 0.001501
15840 0.001501
15850 0.001501
15860 0.001501
15870 0.001501
15880 0.001501
15890 0.001501
15900 0.001501
15910 0.001501
15920 0.001501
15930 0.001501
15940 0.001501
15950 0.001501
15960 0.001501
15970 0.001501
15980 0.001501
15990 0.001501
16000 0.001501
16010 0.001501
16020 0.001501
16030 0.001501
16040 0.001501
16050 0.001501
16060 0.001501
16070 0.001501
16080 0.001501
16090 0.001501
16100 0.001501
16110 0.001501
16120 0.001501
16130 0.001501
16140 0.001501
16150 0.001501
16160 0.001501
16170 0.001501
16180 0.001501
16190 0.001501
16200 0.001501
16210 0.001501
16220 0.001501
16230 0.001501
16240 0.001501
16250 0.001501
16260 0.001501
16270 0.001501
16280 0.001501
16290 0.001501
16300 0.001501
16310 0.001501
16320 0.001501
16330 0.001501
16340 0.001501
16350 0.001501
16360 0.001501
16370 0.001501
16380 0.001501
16390 0.001501
16400 0.001501
16410 0.001501
16420 0.001501
16430 0.001501
16440 0.001501
16450 0.001501
16460 0.001501
16470 0.001501
16480 0.001501
16490 0.001501
16500 0.001501
16510 0.001501
16520 0.001501
16530 0.001501
16540 0.001501
16550 0.001501
16560 0.001501
16570 0.001501
16580 0.001501
16590 0.001501
16600 0.001501
16610 0.001501
16620 0.001501
16630 0.001501
16640 0.001501
16650 0.001501
16660 0.001501
16670 0.001501
16680 0.001501
16690 0.001501
16700 0.001501
16710 0.001501
16720 0.001501
16730 0.001501
16740 0.001501
16750 0.001501
16760 0.001501
16770 0.001501
16780 0.001501
16790 0.001501
16800 0.001501
16810 0.001501
16820 0.001501
16830 0.001501
16840 0.001501
16850 0.001501
16860 0.001501
16870 0.001501
16880 0.001501
16890 0.001501
16900 0.001501
16910 0.001501
16920 0.001501
16930 0.001501
16940 0.001501
16950 0.001501
16960 0.001501
16970 0.001501
16980 0.001501
16990 0.001501
17000 0.001501
17010 0.001501
17020 0.001501
17030 0.001501
17040 0.001501
17050 0.001501
17060 0.001501
17070 0.001501
17080 0.001501
17090 0.001501
17100 0.001501
17110 0.001501
17120 0.001501
17130 0.001501
17140 0.001501
17150 0.001501
17160 0.001501
17170 0.001501
17180 0.001501
17190 0.001501
17200 0.001501
17210 0.001501
17220 0.001501
17230 0.001501
17240 0.001501
17250 0.001501
17260 0.001501
17270 0.001501
17280 0.001501
17290 0.001501
17300 0.001501
17310 0.001501
17320 0.001501
17330 0.001501
17340 0.001501
17350 0.001501
17360 0.001501
17370 0.001501
17380 0.001501
17390 0.001501
17400 0.001501
17410 0.001501
17420 0.001501
17430 0.001501
17440 0.001501
17450 0.001501
17460 0.001501
17470 0.001501
17480 0.001501
17490 0.001501
17500 0.001501
17510 0.001501
17520 0.001501
17530 0.001501
17540 0.001501
17550 0.001501
17560 0.001501
17570 0.001501
17580 0.001501
17590 0.001501
17600 0.001501
17610 0.001501
17620 0.001501
17630 0.001501
17640 0.001501
17650 0.001501
17660 0.001501
17670 0.001501
17680 0.001501
17690 0.001501
17700 0.001501
17710 0.001501
17720 0.001501
17730 0.001501
17740 0.001501
17750 0.001501
17760 0.001501
17770 0.001501
17780 0.001501
17790 0.001501
17800 0.001503
17810 0.001518
17820 0.001500
17830 0.001502
17840 0.001499
17850 0.001501
17860 0.001500
17870 0.001500
17880 0.001499
17890 0.001501
17900 0.001501
17910 0.001501
17920 0.001501
17930 0.001494
17940 0.001482
17950 0.001501
17960 0.001484
17970 0.001501
17980 0.001501
17990 0.000098
18000 0.000663
18010 0.000892
18020 0.000130
18030 0.001501
18040 0.000188
18050 0.001501
18060 0.001652
18070 0.001500
18080 0.001560
18090 0.001501
18100 0.000797
18110 0.001493
18120 0.000175
18130 0.001500
18140 0.000167
18150 -0.000098
18160 0.001501
18170 0.001470
18180 0.001501
18190 0.001498
18200 0.001463
18210 0.000101
18220 0.001501
18230 0.001533
18240 -0.000233
18250 0.000390
18260 -0.001507
18270 -0.000336
18280 0.001501
18290 -0.000143
18300 0.000297
18310 0.000374
18320 0.000121
18330 -0.000682
18340 0.001501
18350 -0.000021
18360 -0.000249
18370 0.001539
18380 0.001489
18390 0.001501
18400 0.000753
18410 -0.000113
18420 0.000041
18430 0.001480
18440 0.000543
18450 -0.000017
18460 0.001501
18470 -0.001137
18480 0.001501
18490 -0.000091
18500 0.001501
18510 0.001442
18520 0.000777
18530 0.000201
18540 -0.000009
18550 0.001496
18560 -0.000000
18570 -0.000083
18580 0.000179
18590 -0.000136
18600 0.000141
18610 -0.000108
18620 0.000109
18630 0.001501
18640 -0.000303
18650 0.001495
18660 -0.000085
18670 -0.000217
18680 0.001501
18690 0.001501
18700 0.001500
18710 -0.000050
18720 0.000647
18730 0.000802
18740 0.000224
18750 0.001501
18760 0.000123
18770 0.001501
18780 0.000406
18790 -0.000489
18800 -0.000067
18810 -0.007052
18820 0.000002
18830 -0.000504
18840 -0.000070
18850 -0.000159
18860 0.001461
18870 0.001485
18880 -0.000084
18890 0.000027
18900 0.000010
18910 0.001501
18920 0.001501
18930 0.000010
18940 0.001501
18950 0.000063
18960 0.001477
18970 0.001501
18980 -0.000069
18990 0.000783
19000 0.001541
19010 0.000615
19020 -0.000043
19030 0.001485
19040 0.000301
19050 0.001501
19060 0.000086
19070 -0.000389
19080 0.001445
19090 -0.000111
19100 -0.000000
19110 0.000069
19120 -0.000093
19130 -0.000020
19140 0.000076
19150 0.000136
19160 0.000029
19170 0.000002
19180 -0.000295
19190 0.000023
19200 0.001501
19210 0.001499
19220 -0.000111
19230 0.001501
19240 -0.000072
19250 0.000467
19260 -0.000183
19270 0.000034
19280 0.000128
19290 0.000469
19300 0.000104
19310 -0.000055
19320 0.001497
19330 0.001501
19340 0.000051
19350 0.000069
19360 0.000029
19370 -0.000014
19380 0.001486
19390 0.000099
19400 0.000233
19410 0.000280
19420 -0.000036
19430 -0.000071
19440 -0.000114
19450 0.000319
19460 0.000058
19470 -0.000017
19480 0.001438
19490 0.000151
19500 0.000029
19510 0.001413
19520 -0.000044
19530 0.000117
19540 0.000078
19550 -0.000188
19560 0.000857
19570 0.001501
19580 0.000092
19590 0.000032
19600 0.000034
19610 0.001501
19620 0.000051
19630 -0.000056
19640 0.000037
19650 -0.000164
19660 -0.000065
19670 -0.000122
19680 -0.000020
19690 0.001501
19700 0.000711
19710 0.000002
19720 0.000049
19730 0.001462
19740 0.000021
19750 -0.000197
19760 0.001501
19770 0.000114
19780 -0.000101
19790 -0.000087
19800 0.001488
19810 0.000004
19820 0.001501
19830 0.000116
19840 -0.000039
19850 0.000081
19860 -0.000124
19870 0.000093
19880 -0.000028
19890 0.001288
19900 0.000132
19910 0.000089
19920 0.001494
19930 -0.000104
19940 -0.000004
19950 0.000110
19960 -0.000065
19970 0.001497
19980 0.000168
19990 0.000149
20000 0.000136
20010 -0.000022
20020 0.000103
20030 0.001454
20040 0.000064
20050 -0.000168
20060 0.000135
20070 0.001496
20080 -0.000148
20090 0.000148
20100 0.000000
20110 -0.000183
20120 0.000105
20130 0.000028
20140 -0.000116
20150 -0.000043
20160 0.000101
20170 0.000002
20180 0.000180
20190 0.000644
20200 0.000000
20210 0.000010
20220 0.000077
20230 -0.000068
20240 0.001501
20250 -0.000130
20260 0.000676
20270 0.000007
20280 0.000351
20290 0.000027
20300 -0.000052
20310 0.000139
20320 -0.000030
20330 0.000079
20340 -0.000078
20350 -0.000164
20360 -0.000045
20370 0.000080
20380 -0.000147
20390 0.000040
20400 -0.000131
20410 0.000046
20420 -0.000188
20430 0.000003
20440 -0.000002
20450 0.000195
20460 -0.000003
20470 0.000020
20480 0.000046
20490 0.000099
20500 0.000091
20510 -0.000037
20520 -0.000098
20530 0.001479
20540 -0.001930
20550 -0.000033
20560 -0.000011
20570 0.000017
20580 0.000066
20590 -0.000039
20600 0.000057
20610 0.001456
20620 -0.000041
20630 -0.000034
20640 0.000017
20650 0.000113
20660 0.000584
20670 0.000054
20680 -0.000010
20690 -0.000076
20700 -0.000030
20710 0.000005
20720 -0.000020
20730 -0.000130
20740 -0.000005
20750 -0.000001
20760 0.000097
20770 0.000070
20780 -0.000060
20790 0.000379
20800 -0.000108
20810 0.001490
20820 -0.000069
20830 0.000026
20840 0.000051
20850 -0.000092
20860 -0.000245
20870 -0.000023
20880 0.000176
20890 -0.000101
20900 -0.000145
20910 0.000071
20920 -0.000035
20930 0.000032
20940 0.000073
20950 0.000171
20960 -0.000218
20970 -0.000095
20980 -0.000099
20990 0.000036
21000 -0.000042
21010 0.000031
21020 -0.000118
21030 -0.000053
21040 -0.000014
21050 0.000122
21060 0.000044
21070 0.000098
21080 0.000098
21090 -0.000015
21100 0.000034
21110 -0.000062
21120 0.000040
21130 0.000174
21140 -0.000064
21150 0.000026
21160 -0.000523
21170 -0.000027
21180 0.000045
21190 -0.000050
21200 -0.000288
21210 -0.000019
21220 -0.000069
21230 -0.000126
21240 0.000019
21250 0.000081
21260 -0.000023
21270 0.000025
21280 0.000059
21290 0.000009
21300 -0.000005
21310 -0.000009
21320 0.000027
21330 -0.000052
21340 0.000039
21350 -0.000098
21360 0.000018
21370 0.000003
21380 -0.000027
21390 0.000004
21400 0.000019
21410 -0.000176
21420 -0.000299
21430 -0.000067
21440 -0.000016
21450 -0.000042
21460 -0.000017
21470 -0.000015
21480 -0.000057
21490 -0.000012
21500 0.000009
21510 0.000016
21520 0.000036
21530 -0.000074
21540 -0.000064
21550 -0.000061
21560 0.000008
21570 0.000357
21580 0.000045
21590 -0.000038
21600 0.000033
21610 -0.000048
21620 -0.000014
21630 -0.000151
21640 -0.000034
21650 0.000112
21660 0.000039
21670 -0.000054
21680 -0.000072
21690 -0.000053
21700 0.000037
21710 0.000004
21720 -0.000005
21730 -0.000011
21740 0.000001
21750 0.000054
21760 0.000065
21770 0.000042
21780 -0.000026
21790 -0.000068
21800 -0.000012
21810 0.000087
21820 0.000027
21830 -0.000030
21840 -0.000055
21850 -0.000002
21860 -0.000004
21870 0.000015
21880 0.000063
21890 -0.000009
21900 -0.000024
21910 -0.000033
21920 0.000085
21930 0.000064
21940 0.000007
21950 0.000043
21960 -0.000105
21970 -0.000054
21980 0.000049
21990 -0.000103
22000 0.000010
22010 -0.000021
22020 -0.000035
22030 0.000025
22040 -0.000056
22050 -0.000086
22060 0.000058
22070 -0.000058
22080 0.000040
22090 0.000027
22100 0.000022
22110 -0.000027
22120 -0.000003
22130 0.000050
22140 -0.000102
22150 0.000034
22160 0.000069
22170 -0.000090
22180 -0.000016
22190 -0.000311
22200 -0.000030
22210 0.000068
22220 0.000078
22230 0.000027
22240 -0.000090
22250 0.000004
22260 -0.000049
22270 -0.000014
22280 0.000883
22290 0.000044
22300 0.000070
22310 -0.000031
22320 0.000280
22330 -0.000008
22340 -0.000040
22350 -0.000081
22360 0.000055
22370 0.000008
22380 0.000065
22390 0.000153
22400 -0.000023
22410 0.000065
22420 -0.000022
22430 0.000028
22440 -0.000002
22450 -0.000006
22460 -0.000028
22470 -0.000020
22480 -0.000018
22490 -0.000069
22500 0.000051
22510 0.000020
22520 0.000019
22530 0.000032
22540 0.000065
22550 0.000042
22560 -0.000016
22570 0.000021
22580 0.000044
22590 -0.000056
22600 -0.000036
22610 -0.000066
22620 -0.000074
22630 -0.000050
22640 -0.000072
22650 0.000001
22660 -0.000074
22670 0.000006
22680 0.000084
22690 -0.000008
22700 -0.000152
22710 -0.000132
22720 0.000025
22730 -0.000045
22740 -0.000060
22750 0.000017
22760 -0.000011
22770 0.000095
22780 -0.000032
22790 -0.000050
22800 -0.000287
22810 -0.000021
22820 -0.000012
22830 -0.000000
22840 0.000030
22850 0.000039
22860 0.000229
22870 -0.000036
22880 -0.000012
22890 0.000019
22900 0.000022
22910 -0.000083
22920 0.000018
22930 0.000102
22940 0.000042
22950 -0.000009
22960 -0.000004
22970 0.000047
22980 -0.000007
22990 -0.000297
23000 0.000070
23010 -0.000086
23020 -0.000014
23030 -0.000005
23040 0.000023
23050 0.000003
23060 -0.000054
23070 0.000043
23080 0.000004
23090 0.000009
23100 -0.000021
23110 0.000086
23120 -0.000071
23130 0.000013
23140 0.000013
23150 -0.000041
23160 0.000013
23170 0.000040
23180 0.000102
23190 0.000055
23200 -0.000047
23210 0.000096
23220 0.000042
23230 0.000003
23240 -0.000013
23250 0.000035
23260 -0.000004
23270 -0.000012
23280 0.000052
23290 -0.000017
23300 0.000042
23310 -0.000074
23320 0.000020
23330 0.000222
23340 -0.000015
23350 -0.000059
23360 0.000012
23370 -0.000015
23380 0.000070
23390 0.000054
23400 0.000053
23410 0.000057
23420 0.000037
23430 -0.000048
23440 0.000049
23450 -0.000058
23460 0.000092
23470 0.000069
23480 0.000088
23490 0.000027
23500 0.000001
23510 -0.000026
23520 -0.000057
23530 -0.000018
23540 -0.000029
23550 0.000043
23560 -0.000062
23570 0.000060
23580 0.000088
23590 0.000009
23600 -0.000241
23610 0.000003
23620 0.000083
23630 0.000029
23640 -0.000041
23650 0.000040
23660 -0.000016
23670 -0.000045
23680 0.000015
23690 -0.000023
23700 -0.000001
23710 -0.000054
23720 0.000013
23730 0.000030
23740 0.000131
23750 -0.000023
23760 0.000023
23770 0.000025
23780 -0.000044
23790 -0.000007
23800 -0.000004
23810 0.000026
23820 0.000037
23830 0.000039
23840 0.000081
23850 0.000003
23860 0.000030
23870 -0.000014
23880 0.000056
23890 0.000070
23900 0.000021
23910 0.000038
23920 0.000018
23930 0.001338
23940 0.000035
23950 0.000042
23960 0.000002
23970 -0.000024
23980 0.000020
23990 0.000065
24000 0.000016
24010 0.000022
24020 0.000446
24030 0.000043
24040 0.000026
24050 -0.000031
24060 -0.000094
24070 -0.000041
24080 -0.000017
24090 0.000082
24100 -0.000005
24110 -0.000002
24120 0.000087
24130 0.000003
24140 -0.000005
24150 0.000026
24160 0.000032
24170 -0.000017
24180 0.000009
24190 -0.000038
24200 -0.000000
24210 0.000099
24220 0.001235
24230 -0.000065
24240 -0.000030
24250 0.000074
24260 -0.000012
24270 -0.000070
24280 0.000035
24290 -0.000023
24300 0.000299
24310 0.000028
24320 -0.000001
24330 0.000060
24340 0.000136
24350 0.000071
24360 0.000059
24370 -0.000072
24380 -0.000020
24390 0.000035
24400 -0.000058
24410 -0.000005
24420 -0.000026
24430 -0.000013
24440 -0.000053
24450 0.000010
24460 0.000026
24470 -0.000084
24480 -0.000078
24490 0.000061
24500 0.000002
24510 -0.000025
24520 -0.000032
24530 0.000042
24540 -0.000073
24550 -0.000046
24560 0.000038
24570 0.000017
24580 0.000002
24590 -0.000049
24600 -0.000008
24610 0.000011
24620 0.000024
24630 -0.000037
24640 -0.000016
24650 -0.000029
24660 0.000047
24670 0.000042
24680 0.000025
24690 -0.000062
24700 -0.000003
24710 -0.000015
24720 0.000067
24730 0.000028
24740 0.000055
24750 0.000016
24760 0.000002
24770 -0.000073
24780 0.000048
24790 -0.000004
24800 0.000009
24810 -0.000052
24820 0.000031
24830 0.000075
24840 0.000057
24850 -0.000042
24860 -0.000042
24870 0.000144
24880 0.000038
24890 0.000112
24900 0.000002
24910 -0.000004
24920 0.000036
24930 0.000004
24940 -0.000021
24950 0.000053
24960 0.000006
24970 0.000015
24980 -0.000218
24990 -0.000000
25000 0.000047
25010 -0.000052
25020 -0.000031
25030 0.000059
25040 -0.000018
25050 0.000019
25060 0.000002
25070 -0.000014
25080 0.000291
25090 0.000035
25100 0.000034
25110 0.000017
25120 0.000026
25130 -0.000108
25140 0.000045
25150 -0.000006
25160 -0.000047
25170 0.000015
25180 -0.000000
25190 0.000074
25200 0.000036
25210 0.000024
25220 0.000039
25230 0.000055
25240 -0.000001
25250 -0.000056
25260 -0.000031
25270 0.000144
25280 0.000105
25290 0.000043
25300 -0.000008
25310 0.000042
25320 0.000018
25330 0.000028
25340 0.000084
25350 0.000008
25360 -0.000037
25370 -0.000027
25380 0.000013
25390 0.000010
25400 0.000044
25410 0.000063
25420 0.000012
25430 -0.000067
25440 0.000001
25450 0.000055
25460 0.000018
25470 -0.000025
25480 -0.000006
25490 -0.000035
25500 -0.000119
25510 0.000003
25520 0.000026
25530 -0.000034
25540 0.000030
25550 0.000040
25560 0.000007
25570 0.000006
25580 0.000056
25590 -0.000141
25600 0.000002
25610 0.000131
25620 -0.000080
25630 -0.000086
25640 0.000049
25650 0.000035
25660 0.000043
25670 -0.000027
25680 0.000004
25690 0.000038
25700 0.000001
25710 -0.000020
25720 0.000066
25730 -0.000048
25740 0.000022
25750 -0.000065
25760 0.000005
25770 0.000058
25780 0.000063
25790 -0.000041
25800 0.000017
25810 -0.000081
25820 -0.000017
25830 -0.000082
25840 0.000012
25850 -0.000029
25860 -0.000050
25870 0.000015
25880 0.000028
25890 -0.000066
25900 0.000019
25910 -0.000054
25920 -0.000066
25930 -0.000042
25940 0.000051
25950 0.000001
25960 0.000097
25970 0.000054
25980 -0.000036
25990 0.000000
26000 0.000055
26010 -0.000097
26020 0.000051
26030 -0.000017
26040 -0.000064
26050 0.000016
26060 0.000039
26070 -0.000006
26080 -0.000022
26090 -0.000011
26100 -0.000038
26110 -0.000038
26120 0.000002
26130 0.000018
26140 -0.000036
26150 0.000015
26160 0.000023
26170 0.000013
26180 -0.000013
26190 -0.000014
26200 -0.000045
26210 -0.000054
26220 0.000022
26230 -0.000051
26240 0.000044
26250 0.000064
26260 -0.000082
26270 0.000003
26280 0.000001
26290 0.000034
26300 -0.000005
26310 0.000043
26320 -0.000027
26330 -0.000023
26340 -0.000016
26350 0.000006
26360 -0.000027
26370 0.000040
26380 0.000050
26390 0.000012
26400 0.000055
26410 -0.000024
26420 0.000015
26430 -0.000057
26440 0.000090
26450 -0.000010
26460 0.000159
26470 -0.000022
26480 0.000002
26490 -0.000023
26500 -0.000073
26510 -0.000034
26520 0.000048
26530 -0.000194
26540 -0.000012
26550 0.000015
26560 -0.000071
26570 0.000001
26580 -0.000047
26590 -0.000008
26600 -0.000000
26610 0.000036
26620 0.000020
26630 0.000069
26640 -0.000073
26650 0.000030
26660 -0.000031
26670 -0.000097
26680 0.000006
26690 -0.000033
26700 0.000044
26710 0.000018
26720 0.000043
26730 0.000086
26740 0.000053
26750 0.000016
26760 0.000051
26770 -0.000039
26780 -0.000075
26790 0.000038
26800 -0.000040
26810 0.000026
26820 0.000029
26830 -0.000050
26840 -0.000010
26850 0.000018
26860 -0.000022
26870 0.000009
26880 -0.000069
26890 0.000085
26900 0.000028
26910 0.000003
26920 -0.000053
26930 0.000021
26940 -0.000002
26950 0.000025
26960 0.000014
26970 0.000041
26980 0.000030
26990 0.000018
27000 0.000041
27010 0.000061
27020 -0.000044
27030 -0.000003
27040 0.009262
27050 -0.000086
27060 0.000003
27070 0.000031
27080 0.000033
27090 0.000005
27100 -0.000030
27110 0.000060
27120 -0.000013
27130 -0.000011
27140 -0.000359
27150 -0.000005
27160 -0.000016
27170 -0.000018
27180 0.000302
27190 -0.000030
27200 0.000090
27210 0.000026
27220 0.000033
27230 -0.000002
27240 0.000025
27250 0.000008
27260 0.000005
27270 0.000488
27280 0.000030
27290 -0.000031
27300 -0.000033
27310 -0.000040
27320 0.000055
27330 0.000076
27340 0.000037
27350 0.000002
27360 0.000047
27370 0.000055
27380 0.000056
27390 0.000054
27400 -0.000034
27410 -0.000040
27420 0.000005
27430 0.000004
27440 -0.000007
27450 -0.000084
27460 0.000046
27470 0.000034
27480 -0.000017
27490 0.000041
27500 0.000024
27510 -0.000109
27520 -0.000029
27530 0.000049
27540 -0.000014
27550 0.000044
27560 -0.000074
27570 0.000084
27580 -0.000010
27590 0.000054
27600 -0.000021
27610 0.000054
27620 0.000005
27630 0.000020
27640 -0.000003
27650 0.000000
27660 -0.000003
27670 0.000026
27680 -0.000018
27690 0.000061
27700 0.000015
27710 0.000022
27720 0.000047
27730 -0.000022
27740 -0.000053
27750 0.000023
27760 0.000023
27770 0.000002
27780 0.000023
27790 -0.000035
27800 -0.000051
27810 0.000034
27820 0.000060
27830 -0.000020
27840 -0.000018
27850 0.000034
27860 -0.000008
27870 0.000058
27880 0.000006
27890 -0.000003
27900 0.000034
27910 -0.000029
27920 0.000009
27930 -0.000036
27940 -0.000013
27950 0.000007
27960 -0.000016
27970 0.000017
27980 -0.000023
27990 0.000031
28000 0.000015
28010 -0.000025
28020 -0.000005
28030 0.009916
28040 0.000036
28050 0.000064
28060 -0.000022
28070 0.000012
28080 0.000049
28090 -0.000017
28100 -0.000019
28110 -0.000010
28120 0.000035
28130 -0.000017
28140 -0.000014
28150 0.000024
28160 -0.000044
28170 -0.000014
28180 -0.000089
28190 -0.000010
28200 -0.000041
28210 0.000019
28220 0.000038
28230 0.000024
28240 -0.000023
28250 0.000004
28260 -0.000145
28270 -0.000077
28280 0.000025
28290 0.000016
28300 0.000025
28310 0.000032
28320 -0.000016
28330 -0.000022
28340 0.000023
28350 -0.000004
28360 0.000018
28370 0.000006
28380 -0.000001
28390 0.000057
28400 0.000016
28410 0.000008
28420 -0.000054
28430 0.000043
28440 -0.000009
28450 -0.000016
28460 0.000045
28470 -0.000039
28480 0.000046
28490 -0.000170
28500 0.000007
28510 0.000002
28520 0.000021
28530 -0.000072
28540 -0.000040
28550 0.000043
28560 0.000004
28570 0.000049
28580 -0.000048
28590 0.000027
28600 -0.000010
28610 -0.000001
28620 -0.000011
28630 -0.000020
28640 0.000002
28650 0.000026
28660 -0.000026
28670 0.000005
28680 0.000006
28690 -0.000034
28700 -0.000107
28710 -0.000020
28720 0.000068
28730 0.000007
28740 0.000029
28750 -0.000004
28760 0.000017
28770 -0.000049
28780 -0.000026
28790 0.000014
28800 0.000003
28810 -0.000032
28820 -0.000030
28830 0.000018
28840 0.000008
28850 -0.000016
28860 0.000043
28870 -0.000005
28880 -0.000004
28890 0.000028
28900 0.000035
28910 -0.000042
28920 0.000048
28930 -0.000045
28940 0.000001
28950 0.000024
28960 -0.000020
28970 0.000029
28980 0.000003
28990 0.000047
29000 0.000010
29010 -0.000004
29020 -0.000021
29030 0.000001
29040 0.000024
29050 0.000002
29060 0.000007
29070 0.000025
29080 -0.000021
29090 0.000009
29100 -0.000002
29110 0.000061
29120 -0.000026
29130 0.000022
29140 -0.000032
29150 0.000001
29160 -0.000003
29170 0.000018
29180 0.000078
29190 -0.000015
29200 -0.000025
29210 0.000037
29220 0.000027
29230 0.000014
29240 -0.000018
29250 -0.000023
29260 0.000056
29270 0.000024
29280 0.000014
29290 0.000020
29300 0.000006
29310 0.000001
29320 0.000017
29330 0.000070
29340 0.000005
29350 0.000002
29360 -0.000077
29370 -0.000064
29380 0.000015
29390 0.000016
29400 0.000108
29410 0.000031
29420 -0.000024
29430 0.000044
29440 -0.000020
29450 -0.000043
29460 0.000000
29470 0.000066
29480 0.000006
29490 0.000054
29500 -0.000026
29510 0.000027
29520 0.000046
29530 0.000095
29540 -0.000060
29550 -0.000002
29560 0.000008
29570 -0.000005
29580 0.000003
29590 0.000004
29600 -0.000008
29610 0.000010
29620 -0.000002
29630 0.000005
29640 0.000007
29650 -0.000033
29660 0.000029
29670 0.000026
29680 0.000002
29690 0.000008
29700 0.000008
29710 -0.000068
29720 -0.000017
29730 0.000042
29740 -0.000031
29750 -0.000012
29760 -0.000008
29770 0.000011
29780 0.000022
29790 0.000052
29800 0.000051
29810 -0.000019
29820 -0.000044
29830 -0.000003
29840 0.000003
29850 0.000001
29860 -0.000013
29870 -0.000004
29880 0.000024
29890 0.000580
29900 -0.000025
29910 -0.000008
29920 0.000009
29930 0.000004
29940 -0.000002
29950 -0.000040
29960 -0.000035
29970 0.000003
29980 0.000016
29990 -0.000042
30000 -0.000002
30010 -0.000042
30020 0.000014
30030 -0.000046
30040 -0.000004
30050 -0.000187
30060 -0.000046
30070 0.000015
30080 0.000017
30090 0.000007
30100 0.000027
30110 0.000034
30120 0.000009
30130 -0.000015
30140 -0.000015
30150 -0.000016
30160 -0.000019
30170 -0.000046
30180 0.000001
30190 -0.000016
30200 -0.000036
30210 -0.000006
30220 -0.000050
30230 0.000034
30240 -0.000033
30250 0.000002
30260 0.000018
30270 -0.000060
30280 0.000010
30290 -0.000012
30300 0.000040
30310 -0.000012
30320 0.000009
30330 0.000010
30340 0.000017
30350 -0.000031
30360 0.000027
30370 -0.000010
30380 0.000034
30390 0.000003
30400 0.000073
30410 -0.000019
30420 -0.000043
30430 -0.000009
30440 0.000068
30450 0.000002
30460 0.000001
30470 0.000029
30480 0.000019
30490 0.000015
30500 0.000010
30510 0.000009
30520 0.000057
30530 -0.000002
30540 -0.000015
30550 0.000016
30560 -0.000083
30570 -0.000003
30580 -0.000013
30590 0.000039
30600 -0.000076
30610 -0.000031
30620 0.000027
30630 -0.000052
30640 -0.000000
30650 0.000014
30660 0.000040
30670 -0.000115
30680 -0.000020
30690 -0.000036
30700 0.000023
30710 0.000061
30720 0.000026
30730 -0.000029
30740 0.000012
30750 0.000034
30760 0.000010
30770 0.000023
30780 -0.000011
30790 0.000010
30800 0.000058
30810 -0.000005
30820 0.000036
30830 0.000020
30840 0.000011
30850 0.000049
30860 -0.000051
30870 0.000007
30880 0.000010
30890 0.000014
30900 0.000028
30910 -0.000028
30920 0.000029
30930 -0.000058
30940 -0.000036
30950 -0.000022
30960 0.000016
30970 -0.000006
30980 -0.000003
30990 -0.000002
31000 0.000035
31010 -0.000012
31020 -0.000002
31030 -0.000041
31040 0.000020
31050 -0.000008
31060 -0.000038
31070 -0.000023
31080 0.000042
31090 -0.000056
31100 0.000011
31110 0.000024
31120 0.000002
31130 0.000004
31140 -0.000006
31150 -0.000023
31160 0.000009
31170 -0.000001
31180 -0.000009
31190 -0.000103
31200 0.000006
31210 0.000052
31220 -0.000022
31230 -0.000009
31240 -0.000040
31250 -0.000016
31260 -0.000002
31270 0.000000
31280 0.000017
31290 -0.000021
31300 0.000004
31310 0.000031
31320 -0.000004
31330 0.000009
31340 -0.000005
31350 0.000031
31360 0.000013
31370 0.000036
31380 -0.000023
31390 0.000000
31400 -0.000027
31410 -0.000021
31420 -0.000054
31430 -0.000026
31440 0.000004
31450 -0.000024
31460 -0.000032
31470 0.000052
31480 0.000029
31490 0.000023
31500 0.000013
31510 0.000038
31520 0.000017
31530 0.000025
31540 -0.000042
31550 -0.000024
31560 0.000020
31570 -0.000027
31580 -0.000011
31590 0.000030
31600 -0.000021
31610 0.000054
31620 -0.000027
31630 -0.000006
31640 0.000003
31650 -0.000041
31660 -0.000003
31670 0.000016
31680 0.000013
31690 -0.000023
31700 0.000000
31710 -0.000019
31720 -0.000027
31730 -0.000006
31740 0.000009
31750 0.000010
31760 -0.000002
31770 0.000013
31780 -0.000019
31790 -0.000010
31800 0.000049
31810 -0.000018
31820 -0.000013
31830 -0.000017
31840 0.000005
31850 0.000007
31860 0.000034
31870 -0.000007
31880 0.000021
31890 0.000013
31900 -0.000029
31910 -0.000010
31920 -0.000013
31930 -0.000017
31940 0.000056
31950 -0.000042
31960 -0.000006
31970 0.000005
31980 0.000016
31990 0.000028
32000 0.000030
32010 0.000021
32020 -0.000006
32030 0.000022
32040 -0.000009
32050 -0.000025
32060 0.000014
32070 -0.000005
32080 -0.000007
32090 0.000043
32100 -0.000010
32110 -0.000028
32120 0.000010
32130 -0.000006
32140 0.000008
32150 -0.000017
32160 -0.000017
32170 0.000041
32180 -0.000027
32190 -0.000012
32200 0.000023
32210 -0.000034
32220 -0.000001
32230 -0.000018
32240 -0.000021
32250 -0.000014
32260 -0.000019
32270 -0.000021
32280 -0.000007
32290 0.000005
32300 -0.000020
32310 0.000021
32320 0.000023
32330 0.000067
32340 -0.000026
32350 0.000005
32360 0.000012
32370 0.000027
32380 0.000034
32390 -0.000017
32400 0.000002
32410 0.000001
32420 -0.000005
32430 -0.000109
32440 -0.000004
32450 0.000027
32460 -0.000017
32470 -0.000012
32480 -0.000055
32490 -0.000014
32500 -0.000028
32510 0.000008
32520 -0.000070
32530 0.000016
32540 -0.000018
32550 0.000041
32560 0.000018
32570 -0.000012
32580 0.000023
32590 -0.000010
32600 -0.000018
32610 0.000019
32620 -0.000063
32630 0.000012
32640 0.000019
32650 0.000040
32660 0.000045
32670 0.000005
32680 0.000021
32690 -0.000017
32700 0.000000
32710 0.000016
32720 -0.000030
32730 0.000004
32740 0.000005
32750 0.000009
32760 0.000027
32770 -0.000018
32780 -0.000002
32790 -0.000039
32800 -0.000023
32810 0.000006
32820 -0.000012
32830 0.000010
32840 0.000031
32850 0.000025
32860 0.000019
32870 -0.000007
32880 0.000027
32890 0.000071
32900 -0.000005
32910 -0.000005
32920 0.000029
32930 0.000023
32940 0.000017
32950 -0.000027
32960 -0.000014
32970 0.000045
32980 0.000026
32990 -0.000026
33000 -0.000034
33010 -0.000052
33020 -0.000022
33030 0.000106
33040 -0.000010
33050 0.000002
33060 -0.000004
33070 0.000020
33080 0.000031
33090 -0.000040
33100 0.000032
33110 0.000025
33120 0.000025
33130 -0.000019
33140 0.000022
33150 -0.000043
33160 -0.000218
33170 0.000012
33180 0.000011
33190 -0.000036
33200 0.000022
33210 -0.000004
33220 -0.000015
33230 0.000026
33240 0.000000
33250 0.000025
33260 0.000008
33270 0.001385
33280 0.000001
33290 0.000020
33300 0.000013
33310 -0.000022
33320 0.000010
33330 0.000065
33340 0.000024
33350 -0.000007
33360 0.000020
33370 0.000009
33380 0.000013
33390 -0.000012
33400 0.000030
33410 -0.000021
33420 -0.000006
33430 0.000035
33440 -0.000012
33450 -0.000006
33460 0.000020
33470 0.000007
33480 0.000005
33490 -0.000005
33500 0.000040
33510 -0.000001
33520 -0.000021
33530 0.000017
33540 0.000011
33550 -0.000021
33560 -0.000041
33570 -0.000011
33580 -0.000017
33590 -0.000006
33600 -0.000005
33610 0.000008
33620 0.000001
33630 -0.000047
33640 0.000015
33650 -0.000006
33660 0.000008
33670 0.000028
33680 0.000032
33690 -0.000027
33700 0.000230
33710 0.000003
33720 -0.000023
33730 0.000010
33740 0.000078
33750 0.000033
33760 -0.000010
33770 0.000034
33780 0.000043
33790 0.000005
33800 -0.000084
33810 -0.000004
33820 0.000011
33830 -0.000028
33840 -0.000022
33850 0.000010
33860 -0.000024
33870 0.000010
33880 0.000004
33890 -0.000035
33900 0.000019
33910 0.000007
33920 -0.000034
33930 -0.000007
33940 0.000025
33950 -0.000014
33960 -0.000002
33970 0.000019
33980 0.000011
33990 0.000017
34000 0.000043
34010 0.000007
34020 -0.000011
34030 0.000005
34040 0.000008
34050 -0.000053
34060 -0.000008
34070 0.000049
34080 0.000029
34090 0.000011
34100 -0.000023
34110 -0.000017
34120 -0.000011
34130 0.000001
34140 -0.000032
34150 0.001038
34160 -0.000009
34170 0.000000
34180 -0.000020
34190 -0.000005
34200 0.000040
34210 0.000029
34220 -0.000017
34230 0.000005
34240 -0.000026
34250 -0.000023
34260 0.000004
34270 0.000019
34280 0.000000
34290 -0.000035
34300 0.000023
34310 0.000009
34320 0.000015
34330 0.000024
34340 -0.000005
34350 -0.000020
34360 -0.000036
34370 -0.000016
34380 0.000004
34390 -0.000012
34400 -0.000030
34410 0.000001
34420 0.000026
34430 0.000023
34440 -0.000025
34450 0.000014
34460 -0.000017
34470 0.000011
34480 0.000039
34490 0.000005
34500 0.000015
34510 0.000045
34520 -0.000025
34530 0.000020
34540 0.000010
34550 0.000002
34560 -0.000005
34570 0.000014
34580 -0.000018
34590 0.000121
34600 -0.000009
34610 -0.000016
34620 0.000010
34630 -0.000001
34640 -0.000003
34650 -0.000030
34660 -0.000000
34670 0.000027
34680 -0.000007
34690 0.000072
34700 -0.000003
34710 0.000197
34720 -0.000008
34730 -0.000003
34740 0.000007
34750 -0.000014
34760 -0.000030
34770 0.000014
34780 0.000005
34790 0.000019
34800 -0.000018
34810 -0.000014
34820 -0.000013
34830 -0.000015
34840 -0.000003
34850 -0.000061
34860 -0.000013
34870 -0.000062
34880 -0.000027
34890 0.000007
34900 0.000010
34910 0.000026
34920 0.000016
34930 -0.000022
34940 -0.000003
34950 0.000003
34960 -0.000007
34970 -0.000017
34980 0.000022
34990 -0.000014
35000 0.000016
35010 0.000016
35020 0.000044
35030 -0.000005
35040 -0.000019
35050 0.000017
35060 0.000006
35070 0.000031
35080 -0.000041
35090 -0.000013
35100 -0.000003
35110 -0.000027
35120 -0.000031
35130 -0.000002
35140 -0.000008
35150 -0.000013
35160 0.000009
35170 0.000006
35180 -0.000015
35190 -0.000035
35200 -0.000023
35210 -0.000034
35220 -0.000051
35230 -0.000001
35240 -0.000015
35250 0.000012
35260 -0.000029
35270 -0.000029
35280 -0.000012
35290 0.000016
35300 0.000024
35310 0.000002
35320 0.000011
35330 0.000011
35340 0.000009
35350 0.000027
35360 0.000005
35370 0.000008
35380 -0.000004
35390 -0.000047
35400 0.000018
35410 0.000015
35420 0.000132
35430 0.000024
35440 -0.000010
35450 0.000012
35460 -0.000008
35470 -0.000018
35480 0.000043
35490 -0.000026
35500 0.000011
35510 0.000020
35520 0.000021
35530 -0.000015
35540 -0.000011
35550 0.000006
35560 -0.000004
35570 0.000019
35580 0.000015
35590 0.000024
35600 0.000058
35610 0.000006
35620 -0.000021
35630 0.000025
35640 0.000001
35650 -0.000006
35660 -0.000002
35670 0.000030
35680 -0.000021
35690 0.000026
35700 0.000000
35710 0.000005
35720 -0.000007
35730 -0.000013
35740 -0.000010
35750 0.000006
35760 -0.000011
35770 -0.000003
35780 0.000010
35790 -0.000013
35800 0.000026
35810 -0.000009
35820 0.000025
35830 -0.000020
35840 0.000011
35850 0.000025
35860 -0.000031
35870 0.000010
35880 -0.000001
35890 0.000013
35900 -0.000008
35910 -0.000058
35920 0.000023
35930 0.000003
35940 0.000001
35950 0.000004
35960 0.000013
35970 -0.000027
35980 0.000015
35990 -0.000041
36000 0.000034
36010 0.000017
36020 0.000001
36030 -0.000016
36040 -0.000010
36050 -0.000012
36060 0.000013
36070 -0.000005
36080 0.000013
36090 0.000030
36100 0.000004
36110 -0.000021
36120 -0.000033
36130 -0.000022
36140 0.000020
36150 -0.000157
36160 -0.000023
36170 -0.000003
36180 -0.000016
36190 -0.000002
36200 0.000018
36210 -0.000030
36220 0.000014
36230 -0.000001
36240 -0.000003
36250 -0.000021
36260 -0.000015
36270 0.000036
36280 0.000035
36290 0.000022
36300 -0.000010
36310 -0.000013
36320 -0.000009
36330 -0.000010
36340 0.000020
36350 -0.000024
36360 0.000007
36370 0.000027
36380 0.000017
36390 0.000016
36400 0.000001
36410 -0.000256
36420 0.000009
36430 0.000002
36440 -0.000011
36450 0.000029
36460 0.000003
36470 0.000029
36480 0.000027
36490 0.000010
36500 -0.000036
36510 0.000017
36520 0.000013
36530 -0.000021
36540 -0.000018
36550 0.000022
36560 -0.000009
36570 0.000003
36580 -0.000019
36590 -0.000005
36600 -0.000010
36610 0.000008
36620 -0.000012
36630 -0.000011
36640 -0.000005
36650 0.000052
36660 0.000784
36670 0.000027
36680 0.000009
36690 -0.000023
36700 -0.000025
36710 -0.000010
36720 0.000008
36730 0.000015
36740 0.000030
36750 -0.000011
36760 -0.000004
36770 0.000040
36780 0.000005
36790 0.000008
36800 0.000110
36810 -0.000032
36820 -0.000021
36830 0.000003
36840 -0.000000
36850 0.000012
36860 -0.000004
36870 -0.000036
36880 0.000029
36890 -0.000003
36900 0.000004
36910 -0.000014
36920 -0.000011
36930 -0.000015
36940 0.000011
36950 -0.000014
36960 0.000005
36970 -0.000034
36980 -0.000009
36990 0.000031
37000 0.000014
37010 0.000023
37020 0.000035
37030 0.000024
37040 -0.000004
37050 0.000020
37060 0.000002
37070 0.000008
37080 0.000013
37090 0.000027
37100 -0.000033
37110 -0.000002
37120 0.000011
37130 -0.000009
37140 -0.000009
37150 -0.000022
37160 0.000009
37170 0.000004
37180 -0.000013
37190 0.000011
37200 0.000003
37210 0.000174
37220 0.000018
37230 0.000012
37240 -0.000001
37250 -0.000029
37260 -0.000088
37270 -0.000033
37280 0.000008
37290 -0.000009
37300 -0.000019
37310 0.000005
37320 -0.000021
37330 0.000018
37340 -0.000023
37350 0.000026
37360 -0.000015
37370 0.000007
37380 0.000013
37390 0.000054
37400 0.000005
37410 -0.000031
37420 0.000012
37430 0.000011
37440 0.000016
37450 -0.000027
37460 0.000011
37470 0.000021
37480 0.000023
37490 -0.000032
37500 -0.000002
37510 -0.000003
37520 -0.000005
37530 0.000002
37540 0.000026
37550 0.000024
37560 0.000008
37570 0.000015
37580 -0.000007
37590 0.000017
37600 0.000001
37610 0.000024
37620 0.000002
37630 -0.000007
37640 -0.000012
37650 -0.000026
37660 0.000020
37670 -0.000136
37680 -0.000023
37690 0.000010
37700 0.000009
37710 0.000015
37720 -0.000025
37730 0.000005
37740 -0.000014
37750 -0.000002
37760 -0.000031
37770 -0.000021
37780 0.000037
37790 -0.000021
37800 0.000034
37810 0.000001
37820 -0.000018
37830 0.000015
37840 -0.000009
37850 0.000016
37860 0.000236
37870 -0.000002
37880 -0.000014
37890 -0.000001
37900 -0.000006
37910 -0.000039
37920 -0.000007
37930 -0.000012
37940 0.000020
37950 0.000090
37960 -0.000019
37970 0.000029
37980 0.000226
37990 -0.000038
38000 0.000052
38010 -0.000014
38020 0.000007
38030 0.000046
38040 0.000034
38050 0.000020
38060 0.000022
38070 0.000042
38080 -0.000006
38090 -0.000026
38100 -0.000019
38110 0.000033
38120 -0.000013
38130 0.000022
38140 -0.000044
38150 -0.000019
38160 0.000013
38170 -0.000008
38180 -0.000007
38190 0.000008
38200 0.000026
38210 -0.000016
38220 -0.000014
38230 -0.000019
38240 -0.000005
38250 -0.000006
38260 0.000015
38270 0.000026
38280 -0.000022
38290 -0.000004
38300 0.000033
38310 -0.000013
38320 -0.000002
38330 -0.000042
38340 -0.000004
38350 0.000005
38360 0.000012
38370 0.000010
38380 -0.000025
38390 0.000028
38400 0.000017
38410 0.000003
38420 0.000003
38430 -0.000044
38440 0.000007
38450 0.000016
38460 0.000003
38470 -0.000013
38480 -0.000003
38490 0.000011
38500 0.000014
38510 -0.000018
38520 -0.000033
38530 0.000009
38540 0.000003
38550 -0.000003
38560 0.000008
38570 -0.000005
38580 -0.000005
38590 0.000025
38600 -0.000000
38610 0.000003
38620 0.000025
38630 -0.000010
38640 0.000018
38650 0.000038
38660 0.000012
38670 0.000031
38680 0.000018
38690 0.000002
38700 0.000001
38710 0.000001
38720 -0.000013
38730 -0.000023
38740 -0.000026
38750 0.000030
38760 -0.000009
38770 0.000031
38780 0.000001
38790 0.000031
38800 -0.000011
38810 -0.000025
38820 0.000000
38830 0.000004
38840 0.000003
38850 0.000000
38860 0.000016
38870 -0.000039
38880 -0.000036
38890 -0.000027
38900 0.000011
38910 0.000004
38920 0.000006
38930 0.000011
38940 0.000017
38950 -0.000007
38960 0.000021
38970 -0.000014
38980 -0.000005
38990 0.000028
39000 -0.000010
39010 -0.000013
39020 0.000003
39030 0.000019
39040 0.000006
39050 0.000017
39060 0.000017
39070 -0.000049
39080 0.000001
39090 -0.000015
39100 0.000024
39110 0.000000
39120 -0.000013
39130 -0.000005
39140 -0.000018
39150 -0.000014
39160 0.000032
39170 0.000009
39180 0.000028
39190 -0.000041
39200 0.000005
39210 0.000003
39220 -0.000004
39230 -0.000006
39240 -0.000020
39250 0.000026
39260 -0.000104
39270 0.000023
39280 -0.000004
39290 -0.000024
39300 0.000033
39310 0.000017
39320 0.000008
39330 -0.000049
39340 0.000058
39350 0.001018
39360 0.000009
39370 0.000017
39380 -0.000011
39390 -0.000011
39400 -0.000027
39410 -0.000008
39420 0.000017
39430 -0.000014
39440 0.000008
39450 0.000054
39460 0.000008
39470 0.000007
39480 0.000019
39490 -0.000019
39500 -0.000008
39510 0.000010
39520 -0.000030
39530 0.000014
39540 -0.000016
39550 0.000001
39560 -0.000004
39570 0.000006
39580 0.000012
39590 -0.000015
39600 -0.000016
39610 0.000009
39620 0.000001
39630 0.000008
39640 0.000157
39650 -0.000007
39660 -0.000002
39670 -0.000017
39680 0.000003
39690 0.000009
39700 0.000058
39710 -0.000034
39720 -0.000028
39730 0.000005
39740 0.000002
39750 -0.000019
39760 0.000028
39770 0.000007
39780 -0.000078
39790 0.000009
39800 -0.000012
39810 0.000005
39820 -0.000008
39830 -0.000026
39840 -0.000003
39850 0.000011
39860 -0.000034
39870 -0.000007
39880 0.000001
39890 -0.000021
39900 -0.000015
39910 -0.000040
39920 0.000768
39930 -0.000574
39940 -0.000010
39950 0.000000
39960 -0.000007
39970 -0.000000
39980 0.000025
39990 0.000036
40000 -0.000000
40010 0.000011
40020 -0.000004
40030 -0.000017
40040 0.000002
40050 0.000408
40060 0.000018
40070 0.000009
40080 0.000145
40090 -0.000028
40100 -0.000005
40110 -0.000009
40120 -0.000012
40130 -0.000023
40140 -0.000021
40150 0.000027
40160 0.000007
40170 0.000002
40180 0.000008
40190 0.000017
40200 0.000020
40210 -0.000035
40220 -0.000025
40230 0.000008
40240 0.000003
40250 -0.000012
40260 -0.000013
40270 0.000000
40280 -0.000028
40290 -0.000032
40300 -0.000016
40310 0.000121
40320 -0.000006
40330 0.000001
40340 -0.000043
40350 -0.000016
40360 -0.000023
40370 0.000019
40380 -0.000001
40390 0.000021
40400 0.000006
40410 -0.000005
40420 -0.000003
40430 -0.000002
40440 -0.000014
40450 -0.000003
40460 -0.000011
40470 0.000015
40480 -0.000001
40490 -0.000030
40500 0.000026
40510 0.000010
40520 0.000016
40530 0.000033
40540 -0.000129
40550 -0.000018
40560 0.000003
40570 0.000022
40580 -0.000017
40590 -0.000019
40600 0.000012
40610 -0.000023
40620 0.000019
40630 0.000008
40640 0.000016
40650 -0.000030
40660 0.000009
40670 0.000005
40680 -0.000003
40690 0.000001
40700 0.000049
40710 0.000010
40720 0.000011
40730 0.000020
40740 0.000033
40750 -0.000011
40760 0.000008
40770 0.000012
40780 0.000011
40790 0.000002
40800 -0.000030
40810 -0.000029
40820 -0.000012
40830 -0.000017
40840 0.000004
40850 -0.000022
40860 0.000015
40870 -0.000022
40880 0.000018
40890 0.000021
40900 0.000063
40910 0.000010
40920 -0.000032
40930 -0.000006
40940 0.000019
40950 -0.000032
40960 -0.000020
40970 -0.000000
40980 -0.000071
40990 -0.000013
41000 0.000016
41010 -0.000021
41020 -0.000013
41030 0.000329
41040 -0.000023
41050 0.000015
41060 -0.000391
41070 -0.000001
41080 -0.000038
41090 -0.000018
41100 0.000001
41110 -0.000004
41120 0.000034
41130 -0.000002
41140 -0.000024
41150 -0.000024
41160 -0.000004
41170 0.000005
41180 0.000041
41190 -0.000010
41200 0.000000
41210 -0.000006
41220 -0.000019
41230 0.000003
41240 0.000011
41250 -0.000038
41260 -0.000012
41270 0.000005
41280 0.000011
41290 -0.000002
41300 0.000008
41310 0.000002
41320 -0.000011
41330 0.000004
41340 0.000020
41350 -0.000000
41360 0.000047
41370 0.000013
41380 -0.000003
41390 0.000011
41400 0.000013
41410 0.000035
41420 0.000014
41430 -0.000035
41440 0.000017
41450 -0.000018
41460 -0.000005
41470 -0.000011
41480 0.000006
41490 0.000004
41500 0.000000
41510 0.000033
41520 0.000024
41530 -0.000019
41540 -0.000026
41550 -0.000029
41560 0.000006
41570 -0.000000
41580 0.000016
41590 0.000001
41600 -0.000002
41610 -0.000003
41620 0.000006
41630 -0.000015
41640 0.000000
41650 -0.000013
41660 -0.000073
41670 -0.000010
41680 0.000012
41690 0.000002
41700 -0.000020
41710 0.000021
41720 0.000012
41730 -0.000023
41740 0.000037
41750 -0.000003
41760 0.000010
41770 -0.000008
41780 -0.000041
41790 0.000014
41800 0.000007
41810 0.000048
41820 0.000069
41830 0.000028
41840 -0.000017
41850 0.000013
41860 -0.000020
41870 -0.000017
41880 0.000009
41890 -0.000012
41900 0.000001
41910 0.000008
41920 -0.000036
41930 -0.000022
41940 0.000019
41950 0.000687
41960 -0.000017
41970 -0.000016
41980 0.000023
41990 -0.000019
42000 0.000123
42010 0.000042
42020 -0.000000
42030 -0.000005
42040 -0.000033
42050 0.000006
42060 0.000003
42070 -0.000021
42080 0.000005
42090 -0.000016
42100 0.000014
42110 -0.000015
42120 -0.000057
42130 0.000004
42140 -0.000051
42150 -0.000008
42160 0.000033
42170 0.000003
42180 -0.000032
42190 0.000025
42200 0.000015
42210 0.000001
42220 -0.000028
42230 -0.000026
42240 -0.000013
42250 0.000025
42260 -0.000025
42270 -0.000031
42280 -0.000001
42290 -0.000012
42300 0.000002
42310 0.000012
42320 -0.000032
42330 0.000020
42340 -0.000003
42350 0.000012
42360 -0.000001
42370 0.000027
42380 0.000009
42390 -0.000003
42400 0.000194
42410 0.000735
42420 0.000008
42430 0.000008
42440 0.000006
42450 0.000004
42460 -0.000005
42470 0.000005
42480 0.000013
42490 0.000019
42500 -0.000030
42510 -0.000009
42520 0.000025
42530 -0.000036
42540 -0.000003
42550 -0.000016
42560 -0.000040
42570 -0.000015
42580 0.000014
42590 0.000001
42600 0.000015
42610 0.000022
42620 0.000000
42630 -0.000001
42640 -0.000003
42650 -0.000003
42660 0.000018
42670 0.000009
42680 0.000006
42690 -0.000041
42700 0.000023
42710 0.000015
42720 -0.000000
42730 0.000013
42740 -0.000004
42750 0.000001
42760 -0.000001
42770 0.000005
42780 -0.000016
42790 0.000746
42800 0.000028
42810 0.000005
42820 0.000012
42830 -0.000096
42840 -0.000025
42850 -0.000012
42860 0.000011
42870 -0.000005
42880 0.000007
42890 0.000009
42900 -0.000013
42910 0.000023
42920 -0.000009
42930 0.000014
42940 0.000022
42950 -0.000002
42960 -0.000015
42970 -0.000017
42980 -0.000002
42990 -0.000020
43000 -0.000003
43010 0.000006
43020 0.000015
43030 0.000014
43040 -0.000002
43050 -0.000002
43060 0.000009
43070 -0.000015
43080 -0.000043
43090 0.000023
43100 0.000022
43110 -0.000035
43120 0.000001
43130 -0.000011
43140 -0.000028
43150 0.000005
43160 -0.000026
43170 0.000054
43180 -0.000005
43190 -0.000066
43200 -0.000002
43210 -0.000002
43220 0.000002
43230 0.000015
43240 0.000002
43250 0.000016
43260 0.000020
43270 0.000012
43280 0.000008
43290 -0.000001
43300 0.000024
43310 -0.000073
43320 -0.000005
43330 0.000019
43340 0.000014
43350 0.000003
43360 0.000018
43370 -0.000010
43380 0.000012
43390 0.000008
43400 0.000008
43410 -0.000008
43420 0.000004
43430 -0.000016
43440 -0.000008
43450 0.000008
43460 0.000000
43470 0.000016
43480 -0.000013
43490 0.000004
43500 -0.000024
43510 0.000026
43520 0.000000
43530 -0.000008
43540 0.000000
43550 -0.000020
43560 0.000017
43570 -0.000000
43580 0.000005
43590 -0.000004
43600 -0.000009
43610 0.000005
43620 -0.000010
43630 -0.000002
43640 0.000004
43650 0.000011
43660 0.000006
43670 -0.000009
43680 0.000023
43690 -0.000006
43700 0.000011
43710 0.000010
43720 -0.000005
43730 0.000013
43740 -0.000000
43750 0.000005
43760 0.000004
43770 -0.000014
43780 0.000019
43790 0.000014
43800 -0.000033
43810 0.000010
43820 -0.000027
43830 0.000005
43840 0.000011
43850 -0.000004
43860 -0.000009
43870 -0.000004
43880 0.000009
43890 0.000011
43900 0.000010
43910 0.000000
43920 -0.000020
43930 -0.000002
43940 -0.000007
43950 0.000003
43960 0.000027
43970 0.000014
43980 -0.000000
43990 0.000003
44000 0.000017
44010 0.000013
44020 -0.000009
44030 -0.000016
44040 0.000002
44050 -0.000018
44060 0.000074
44070 -0.000005
44080 0.000016
44090 -0.000009
44100 0.000011
44110 0.000068
44120 -0.000009
44130 0.000026
44140 -0.000008
44150 0.000182
44160 0.000008
44170 0.000010
44180 0.000002
44190 0.000003
44200 0.000031
44210 -0.000025
44220 0.000003
44230 0.000005
44240 -0.000028
44250 0.000011
44260 -0.000007
44270 -0.000007
44280 -0.000004
44290 0.000017
44300 -0.000021
44310 -0.000042
44320 0.000025
44330 -0.000012
44340 0.000011
44350 0.000008
44360 0.000015
44370 0.000012
44380 0.000008
44390 -0.000007
44400 -0.000016
44410 -0.000004
44420 0.000010
44430 0.000010
44440 -0.000009
44450 0.000012
44460 -0.000005
44470 0.000000
44480 -0.000002
44490 0.000022
44500 0.000003
44510 0.000005
44520 -0.000028
44530 -0.000008
44540 -0.000011
44550 0.000020
44560 -0.000011
44570 0.000015
44580 -0.000005
44590 -0.000029
44600 0.000016
44610 0.000022
44620 0.000043
44630 0.000016
44640 0.000003
44650 -0.000014
44660 -0.000011
44670 -0.000032
44680 0.000011
44690 0.000015
44700 0.000002
44710 -0.000000
44720 0.000789
44730 0.000006
44740 0.000018
44750 -0.000015
44760 0.000012
44770 -0.000011
44780 0.000017
44790 -0.000004
44800 -0.000003
44810 -0.000019
44820 0.000011
44830 -0.000008
44840 -0.000024
44850 0.000002
44860 -0.000004
44870 0.000003
44880 0.000004
44890 -0.000009
44900 0.000025
44910 0.000015
44920 0.000035
44930 0.000002
44940 -0.000002
44950 -0.000004
44960 -0.000002
44970 -0.000029
44980 0.000002
44990 -0.000038
45000 -0.000015
45010 -0.000016
45020 0.000015
45030 -0.000004
45040 -0.000017
45050 0.000016
45060 -0.000017
45070 -0.000033
45080 -0.000012
45090 0.000014
45100 0.000011
45110 0.000002
45120 -0.000004
45130 0.000007
45140 -0.000052
45150 -0.000006
45160 0.000010
45170 0.000002
45180 -0.000006
45190 0.000022
45200 -0.000007
45210 0.000010
45220 0.000045
45230 -0.000015
45240 0.000017
45250 0.000034
45260 0.000021
45270 -0.000020
45280 -0.000002
45290 0.000049
45300 -0.000003
45310 0.000286
45320 -0.000003
45330 0.000002
45340 0.000001
45350 -0.000001
45360 -0.000011
45370 -0.000017
45380 0.000010
45390 0.000013
45400 -0.000021
45410 0.000028
45420 -0.000004
45430 0.000010
45440 -0.000002
45450 0.000000
45460 0.000002
45470 0.000021
45480 -0.000017
45490 0.000032
45500 0.000009
45510 -0.000012
45520 -0.000001
45530 -0.000023
45540 0.000038
45550 -0.000000
45560 0.000005
45570 0.000017
45580 -0.000004
45590 0.000006
45600 -0.000006
45610 -0.000004
45620 -0.000004
45630 -0.000001
45640 0.000002
45650 -0.000003
45660 0.000031
45670 0.000012
45680 0.000003
45690 0.000023
45700 -0.000011
45710 -0.000001
45720 0.000051
45730 0.000009
45740 0.000001
45750 0.000028
45760 0.000013
45770 0.000029
45780 0.000001
45790 -0.000024
45800 0.000012
45810 0.000008
45820 0.000007
45830 0.000006
45840 -0.000002
45850 0.000025
45860 0.000008
45870 0.000014
45880 0.000006
45890 0.000017
45900 0.000001
45910 0.000001
45920 0.000011
45930 -0.000016
45940 -0.000028
45950 -0.000005
45960 -0.000014
45970 0.000022
45980 0.000029
45990 0.000011
46000 -0.000009
46010 0.000030
46020 0.000017
46030 0.000008
46040 -0.000012
46050 -0.000003
46060 -0.000008
46070 -0.000049
46080 -0.000014
46090 0.000022
46100 0.000022
46110 -0.000020
46120 0.000061
46130 -0.000011
46140 -0.000015
46150 -0.000303
46160 0.000033
46170 0.000014
46180 0.000020
46190 -0.000007
46200 -0.000043
46210 0.000014
46220 -0.000008
46230 0.000006
46240 -0.000010
46250 0.000025
46260 -0.000001
46270 -0.000004
46280 0.000008
46290 -0.000012
46300 -0.000024
46310 -0.000021
46320 0.000008
46330 0.000008
46340 0.000001
46350 0.000013
46360 -0.000013
46370 0.000011
46380 -0.000014
46390 0.000013
46400 -0.000001
46410 0.000015
46420 -0.000008
46430 -0.000013
46440 -0.000005
46450 0.000000
46460 -0.000013
46470 -0.000017
46480 0.000003
46490 0.000015
46500 -0.000008
46510 0.000003
46520 0.000008
46530 -0.000012
46540 -0.000014
46550 0.000008
46560 0.000012
46570 -0.000013
46580 0.000014
46590 0.000018
46600 -0.000006
46610 0.000010
46620 -0.000015
46630 0.000010
46640 0.000017
46650 0.000010
46660 0.000024
46670 0.000015
46680 0.000018
46690 -0.000008
46700 0.000021
46710 -0.000012
46720 -0.000000
46730 -0.000012
46740 -0.000012
46750 -0.000016
46760 -0.000009
46770 -0.000006
46780 0.000000
46790 -0.000059
46800 -0.000010
46810 0.000010
46820 0.000026
46830 -0.000028
46840 0.000009
46850 0.000006
46860 -0.000004
46870 0.000017
46880 0.000004
46890 0.000003
46900 -0.000057
46910 0.000026
46920 0.000028
46930 0.000017
46940 -0.000005
46950 -0.000013
46960 0.000026
46970 -0.000007
46980 0.000006
46990 -0.000026
47000 -0.000022
47010 0.000005
47020 -0.000020
47030 -0.000016
47040 -0.000024
47050 -0.000014
47060 0.000004
47070 -0.000004
47080 0.000024
47090 0.000012
47100 0.000010
47110 0.000002
47120 0.000012
47130 0.000025
47140 0.000009
47150 0.000013
47160 -0.000019
47170 -0.000004
47180 0.000047
47190 -0.000006
47200 0.000009
47210 0.000023
47220 0.000026
47230 -0.000007
47240 -0.000005
47250 0.000048
47260 0.000015
47270 -0.000008
47280 -0.000012
47290 0.000006
47300 0.000028
47310 -0.000193
47320 0.000021
47330 -0.000013
47340 -0.000002
47350 -0.000017
47360 0.000004
47370 0.000021
47380 -0.000001
47390 0.000021
47400 -0.000013
47410 0.000000
47420 -0.000016
47430 -0.000006
47440 0.000033
47450 0.000010
47460 -0.000018
47470 0.000018
47480 -0.000022
47490 0.000022
47500 0.000007
47510 -0.000000
47520 -0.000004
47530 -0.000027
47540 -0.000001
47550 -0.000001
47560 0.000001
47570 0.000026
47580 0.000008
47590 0.000016
47600 -0.000012
47610 -0.000002
47620 0.000021
47630 0.000003
47640 -0.000000
47650 0.000010
47660 0.000015
47670 -0.000014
47680 0.000007
47690 -0.000024
47700 -0.000016
47710 -0.000014
47720 -0.000009
47730 0.000025
47740 -0.000010
47750 -0.000007
47760 -0.000020
47770 -0.000014
47780 -0.000008
47790 -0.000000
47800 0.000000
47810 -0.000010
47820 0.000013
47830 0.000009
47840 0.000006
47850 -0.000020
47860 0.000012
47870 -0.000009
47880 -0.000003
47890 -0.000011
47900 0.000016
47910 0.000010
47920 0.000020
47930 0.000001
47940 -0.000004
47950 0.000057
47960 0.000004
47970 -0.000013
47980 -0.000005
47990 -0.000010
48000 0.000002
48010 -0.000015
48020 -0.000007
48030 0.000006
48040 0.000011
48050 0.000004
48060 -0.000001
48070 0.000010
48080 0.000017
48090 -0.000011
48100 0.000028
48110 -0.000007
48120 -0.000018
48130 0.000029
48140 -0.000018
48150 0.000007
48160 -0.000020
48170 -0.000028
48180 0.000017
48190 0.000007
48200 0.000038
48210 0.000024
48220 0.000004
48230 0.000016
48240 -0.000034
48250 -0.000005
48260 -0.000001
48270 -0.000003
48280 -0.000002
48290 -0.000028
48300 0.000004
48310 -0.000058
48320 0.000004
48330 0.000045
48340 0.000024
48350 -0.000010
48360 0.000017
48370 0.000027
48380 0.000038
48390 -0.000035
48400 -0.000036
48410 0.000003
48420 -0.000015
48430 -0.000031
48440 0.000005
48450 0.000016
48460 0.000014
48470 0.000003
48480 -0.000018
48490 -0.000030
48500 0.000031
48510 -0.000012
48520 0.000017
48530 0.000000
48540 0.000012
48550 0.000017
48560 -0.000007
48570 0.000001
48580 0.000009
48590 -0.000018
48600 0.000004
48610 0.000007
48620 -0.000001
48630 -0.000023
48640 0.000022
48650 0.000023
48660 -0.000022
48670 0.000015
48680 0.000014
48690 -0.000056
48700 0.000033
48710 -0.000002
48720 -0.000034
48730 -0.000013
48740 -0.000005
48750 0.000009
48760 0.000010
48770 0.000003
48780 -0.000010
48790 -0.000025
48800 -0.000009
48810 -0.000019
48820 -0.000000
48830 0.000008
48840 0.000016
48850 0.000008
48860 -0.000006
48870 -0.000025
48880 0.000009
48890 -0.000018
48900 0.000014
48910 -0.000007
48920 0.000012
48930 -0.000002
48940 0.000001
48950 -0.000020
48960 -0.000010
48970 0.000010
48980 0.000001
48990 -0.000007
49000 0.000010
49010 -0.000008
49020 0.000001
49030 -0.000015
49040 -0.000003
49050 0.000005
49060 0.000007
49070 0.000026
49080 0.000043
49090 0.000012
49100 0.000008
49110 -0.000018
49120 -0.000028
49130 -0.000004
49140 0.000017
49150 0.000033
49160 -0.000004
49170 0.000015
49180 -0.000008
49190 0.000021
49200 -0.000018
49210 0.000002
49220 -0.000007
49230 0.000011
49240 -0.000001
49250 -0.000011
49260 -0.000012
49270 -0.000008
49280 0.000005
49290 0.000014
49300 -0.000009
49310 -0.000010
49320 0.000006
49330 0.000024
49340 0.000011
49350 0.000002
49360 0.000016
49370 -0.000003
49380 0.000190
49390 -0.000019
49400 0.000006
49410 -0.000008
49420 -0.000001
49430 -0.000006
49440 0.000018
49450 0.000010
49460 -0.000003
49470 0.000002
49480 -0.000009
49490 -0.000002
49500 0.000027
49510 0.000018
49520 0.000018
49530 -0.000019
49540 -0.000009
49550 0.000000
49560 0.000009
49570 -0.000001
49580 0.000030
49590 0.000048
49600 0.000006
49610 0.000005
49620 0.000015
49630 0.000014
49640 0.000054
49650 -0.000019
49660 0.000012
49670 -0.000006
49680 -0.000010
49690 0.000009
49700 -0.000002
49710 0.000009
49720 -0.000032
49730 -0.000020
49740 0.000008
49750 -0.000015
49760 -0.000016
49770 0.000003
49780 0.000046
49790 0.000020
49800 0.000003
49810 0.000009
49820 0.000034
49830 0.000009
49840 -0.000052
49850 0.000001
49860 -0.000001
49870 0.000004
49880 -0.000028
49890 0.000019
49900 0.000009
49910 -0.000015
49920 0.000009
49930 0.000009
49940 0.000008
49950 0.000002
49960 0.000014
49970 0.000004
49980 -0.000015
49990 -0.000009
50000 -0.000025
50010 -0.000034
50020 -0.000009
50030 -0.000026
50040 -0.000008
50050 -0.000008
50060 -0.000010
50070 -0.000003
50080 -0.000013
50090 -0.000030
50100 -0.000006
50110 0.000005
50120 0.000000
50130 -0.000038
50140 -0.000009
50150 -0.000016
50160 -0.000012
50170 0.000004
50180 0.000000
50190 -0.000011
50200 0.000005
50210 -0.000012
50220 0.000009
50230 -0.000029
50240 0.000029
50250 0.000001
50260 0.000019
50270 -0.000001
50280 -0.000002
50290 0.000000
50300 -0.000003
50310 0.000008
50320 -0.000015
50330 0.000030
50340 0.000008
50350 0.000001
50360 -0.000009
50370 0.000024
50380 -0.000007
50390 -0.000024
50400 0.000017
50410 0.000004
50420 0.000001
50430 -0.000014
50440 0.000002
50450 0.000023
50460 0.000020
50470 0.000014
50480 0.000004
50490 -0.000005
50500 0.000024
50510 0.000023
50520 0.000002
50530 -0.000010
50540 0.000020
50550 -0.000039
50560 0.000003
50570 0.011894
50580 -0.000010
50590 0.000031
50600 0.000001
50610 -0.000202
50620 0.000109
50630 0.000027
50640 0.000010
50650 -0.000008
50660 0.000003
50670 -0.000006
50680 -0.000001
50690 0.000008
50700 -0.000016
50710 0.000026
50720 -0.000016
50730 0.000011
50740 0.000011
50750 -0.000025
50760 -0.000017
50770 0.000017
50780 -0.000035
50790 0.000010
50800 0.000012
50810 0.000007
50820 0.000001
50830 -0.000013
50840 -0.000005
50850 -0.000008
50860 0.000011
50870 0.000009
50880 -0.000029
50890 0.000002
50900 0.000005
50910 0.000011
50920 -0.000005
50930 -0.000005
50940 0.000007
50950 0.000008
50960 -0.000001
50970 0.000018
50980 -0.000022
50990 -0.000001
51000 0.000031
51010 0.000005
51020 -0.000030
51030 -0.000116
51040 -0.000015
51050 -0.000000
51060 -0.000008
51070 0.000015
51080 -0.000013
51090 -0.000024
51100 0.000003
51110 0.000002
51120 -0.000014
51130 0.000049
51140 0.000003
51150 -0.000004
51160 0.000010
51170 -0.000022
51180 0.000012
51190 0.000139
51200 0.000009
51210 -0.000006
51220 -0.000011
51230 0.000012
51240 0.000004
51250 0.000029
51260 0.000011
51270 -0.000001
51280 0.000003
51290 -0.000026
51300 0.000001
51310 -0.000008
51320 -0.000025
51330 0.000012
51340 -0.000005
51350 -0.000010
51360 -0.000000
51370 -0.000029
51380 0.000012
51390 -0.000001
51400 -0.000031
51410 0.000019
51420 0.000001
51430 -0.000017
51440 -0.000020
51450 -0.000007
51460 0.000028
51470 -0.000006
51480 0.000016
51490 0.000019
51500 -0.000002
51510 -0.000009
51520 -0.000009
51530 -0.000018
51540 0.000002
51550 0.000011
51560 -0.000023
51570 0.000010
51580 -0.000004
51590 -0.000014
51600 0.000004
51610 -0.000005
51620 -0.000005
51630 0.000010
51640 0.000004
51650 0.000003
51660 -0.000010
51670 0.000011
51680 -0.000030
51690 0.000129
51700 0.000003
51710 -0.000000
51720 0.000008
51730 -0.000007
51740 -0.000012
51750 -0.000005
51760 -0.000004
51770 0.000008
51780 -0.000002
51790 -0.000001
51800 0.000000
51810 0.000010
51820 -0.000021
51830 0.000006
51840 0.000001
51850 0.000032
51860 -0.000008
51870 0.000015
51880 0.000028
51890 0.000013
51900 0.000007
51910 -0.000007
51920 0.000005
51930 -0.000032
51940 0.000002
51950 0.000007
51960 -0.000005
51970 0.000000
51980 -0.000004
51990 -0.000005
52000 -0.000007
52010 -0.000000
52020 0.000004
52030 -0.000017
52040 0.000016
52050 -0.000024
52060 -0.000007
52070 0.000009
52080 -0.000003
52090 0.000065
52100 0.000023
52110 0.000153
52120 0.000003
52130 -0.000014
52140 0.000020
52150 0.000024
52160 -0.000017
52170 0.000003
52180 0.000006
52190 0.000027
52200 0.000034
52210 -0.000017
52220 -0.000007
52230 -0.000029
52240 0.000000
52250 -0.000011
52260 -0.000033
52270 -0.000023
52280 0.000011
52290 -0.000026
52300 0.000034
52310 -0.000039
52320 -0.000002
52330 -0.000008
52340 -0.000019
52350 -0.000015
52360 0.000009
52370 0.000009
52380 -0.000020
52390 0.000012
52400 -0.000020
52410 0.000094
52420 -0.000003
52430 -0.000016
52440 -0.000002
52450 -0.000016
52460 0.000010
52470 0.000003
52480 -0.000012
52490 -0.000003
52500 -0.000008
52510 -0.000017
52520 -0.000010
52530 -0.000013
52540 0.000022
52550 0.000007
52560 0.000015
52570 0.000013
52580 -0.000003
52590 0.000006
52600 0.000026
52610 -0.000007
52620 -0.000005
52630 0.000005
52640 0.000008
52650 -0.000001
52660 0.000012
52670 0.000031
52680 -0.000003
52690 -0.000012
52700 0.000026
52710 -0.000013
52720 -0.000007
52730 0.000024
52740 0.000007
52750 -0.000009
52760 -0.000003
52770 0.000009
52780 0.000017
52790 -0.000016
52800 0.000013
52810 0.000011
52820 0.000001
52830 0.000017
52840 0.000005
52850 -0.000001
52860 0.000008
52870 0.000012
52880 -0.000016
52890 0.000002
52900 -0.000018
52910 -0.000007
52920 0.000016
52930 -0.000006
52940 0.000013
52950 0.000024
52960 0.000015
52970 -0.000010
52980 0.000002
52990 -0.000010
53000 -0.000015
53010 0.000001
53020 -0.000005
53030 0.000007
53040 0.000474
53050 0.000009
53060 -0.000003
53070 -0.000002
53080 -0.000010
53090 -0.000030
53100 0.000005
53110 -0.000012
53120 0.000002
53130 0.000045
53140 -0.000017
53150 -0.000032
53160 0.000037
53170 0.000024
53180 0.000018
53190 0.000015
53200 0.000003
53210 -0.000003
53220 0.000002
53230 -0.000018
53240 -0.000002
53250 -0.000028
53260 0.000016
53270 0.000023
53280 0.000008
53290 -0.000009
53300 -0.000013
53310 0.000006
53320 0.000009
53330 0.000021
53340 0.000027
53350 -0.000012
53360 -0.000003
53370 0.000018
53380 0.000025
53390 0.000008
53400 0.000002
53410 -0.000004
53420 -0.000031
53430 0.000003
53440 -0.000002
53450 -0.000012
53460 0.000009
53470 -0.000008
53480 -0.000016
53490 -0.000010
53500 -0.000015
53510 -0.000004
53520 -0.000010
53530 -0.000007
53540 0.000002
53550 -0.000031
53560 0.000023
53570 -0.000007
53580 0.000011
53590 0.000006
53600 -0.000015
53610 -0.000012
53620 -0.000004
53630 0.000001
53640 -0.000011
53650 -0.000005
53660 0.000010
53670 0.000010
53680 -0.000001
53690 -0.000010
53700 0.000024
53710 0.000004
53720 0.000005
53730 0.000041
53740 0.000006
53750 -0.000007
53760 -0.000045
53770 0.000025
53780 0.000003
53790 0.000010
53800 -0.000007
53810 0.000010
53820 -0.000020
53830 0.000011
53840 0.000004
53850 -0.000003
53860 0.000003
53870 0.000005
53880 0.000007
53890 -0.000014
53900 0.000022
53910 0.000000
53920 0.000002
53930 0.000010
53940 -0.000012
53950 -0.000017
53960 0.000014
53970 0.000011
53980 0.000022
53990 0.000020
54000 0.000015
54010 -0.000007
54020 0.000017
54030 0.000011
54040 -0.000000
54050 -0.000005
54060 0.000000
54070 -0.000004
54080 -0.000012
54090 -0.000017
54100 -0.000001
54110 -0.000002
54120 -0.000012
54130 -0.000011
54140 -0.000021
54150 0.000014
54160 -0.000022
54170 -0.000016
54180 -0.000010
54190 -0.000007
54200 -0.000006
54210 0.000005
54220 -0.000009
54230 -0.000003
54240 -0.000002
54250 -0.000024
54260 -0.000038
54270 -0.000008
54280 0.000007
54290 -0.000007
54300 0.000009
54310 -0.000002
54320 0.000001
54330 -0.000013
54340 0.000004
54350 0.000013
54360 0.000011
54370 -0.000008
54380 -0.000002
54390 -0.000001
54400 0.000010
54410 -0.000011
54420 0.000009
54430 0.000005
54440 -0.000015
54450 0.000029
54460 0.000026
54470 0.000007
54480 0.000004
54490 0.000008
54500 0.000008
54510 -0.000004
54520 0.000002
54530 -0.000019
54540 0.000003
54550 0.000005
54560 0.000387
54570 0.000023
54580 0.000007
54590 0.000000
54600 -0.000011
54610 -0.000020
54620 -0.000009
54630 0.000012
54640 -0.000018
54650 -0.000008
54660 0.000000
54670 -0.000015
54680 -0.000012
54690 -0.000027
54700 0.000009
54710 0.000023
54720 -0.000020
54730 0.000001
54740 -0.000009
54750 0.000008
54760 0.000005
54770 0.000007
54780 -0.000013
54790 0.000001
54800 0.000009
54810 -0.000015
54820 -0.000009
54830 0.000035
54840 0.000044
54850 -0.000005
54860 0.000024
54870 -0.000004
54880 -0.000023
54890 -0.000016
54900 0.000023
54910 -0.000008
54920 -0.000001
54930 -0.000032
54940 0.000022
54950 -0.000009
54960 0.000010
54970 0.000009
54980 0.000028
54990 0.000004
55000 0.000006
55010 -0.000015
55020 0.000037
55030 -0.000009
55040 0.000003
55050 0.000010
55060 0.000007
55070 -0.000014
55080 -0.000008
55090 0.000007
55100 0.000055
55110 0.000005
55120 -0.000020
55130 -0.000020
55140 -0.000010
55150 0.000006
55160 0.000008
55170 -0.000000
55180 -0.000016
55190 -0.000006
55200 0.000002
55210 -0.000022
55220 -0.000013
55230 0.000012
55240 -0.000005
55250 -0.000001
55260 0.000005
55270 0.000084
55280 -0.000036
55290 0.000004
55300 -0.000001
55310 -0.000001
55320 -0.000002
55330 0.000029
55340 -0.000023
55350 0.000005
55360 -0.000004
55370 0.000005
55380 -0.000018
55390 0.000008
55400 0.000008
55410 -0.000015
55420 0.000012
55430 0.000017
55440 0.000023
55450 -0.000003
55460 -0.000012
55470 -0.000002
55480 0.000022
55490 -0.000004
55500 0.000016
55510 -0.000007
55520 -0.000006
55530 0.000017
55540 0.000005
55550 -0.000025
55560 -0.000033
55570 0.000005
55580 0.000010
55590 0.000007
55600 -0.000001
55610 -0.000008
55620 -0.000023
55630 0.000020
55640 -0.000009
55650 -0.000020
55660 -0.000039
55670 -0.000016
55680 0.000003
55690 -0.000020
55700 -0.000004
55710 0.000021
55720 0.000013
55730 -0.000025
55740 0.000018
55750 0.000010
55760 -0.000033
55770 -0.000018
55780 0.000011
55790 -0.000037
55800 0.000018
55810 -0.000006
55820 0.000017
55830 -0.000001
55840 0.000001
55850 0.000008
55860 0.000004
55870 0.000012
55880 -0.000008
55890 -0.000012
55900 0.000023
55910 0.000008
55920 -0.000016
55930 0.000004
55940 0.000040
55950 0.000015
55960 0.000011
55970 -0.000004
55980 -0.000009
55990 -0.000006
56000 0.000007
56010 -0.000005
56020 0.000024
56030 0.000022
56040 -0.000019
56050 0.000005
56060 -0.000024
56070 -0.000108
56080 0.000008
56090 -0.000009
56100 -0.000017
56110 0.000022
56120 0.000000
56130 -0.000024
56140 0.000029
56150 -0.000004
56160 0.000048
56170 0.000010
56180 -0.000003
56190 -0.000042
56200 0.000004
56210 0.000005
56220 0.000028
56230 0.000003
56240 -0.000011
56250 0.000023
56260 -0.000024
56270 -0.000004
56280 0.000019
56290 -0.000008
56300 -0.000009
56310 -0.000029
56320 0.000031
56330 -0.000004
56340 0.000001
56350 -0.000016
56360 0.000001
56370 -0.000024
56380 -0.000001
56390 -0.000003
56400 0.000003
56410 -0.000005
56420 0.000003
56430 -0.000006
56440 -0.000021
56450 -0.000023
56460 0.000006
56470 0.000011
56480 0.000004
56490 0.000008
56500 -0.000011
56510 0.000008
56520 0.000008
56530 0.000008
56540 0.000013
56550 -0.000006
56560 0.000004
56570 -0.000007
56580 -0.000015
56590 0.000027
56600 0.000005
56610 0.000004
56620 0.000004
56630 0.000033
56640 -0.000024
56650 0.000007
56660 0.000082
56670 0.000013
56680 -0.000022
56690 0.000011
56700 0.000008
56710 -0.000010
56720 0.000014
56730 0.000015
56740 0.000001
56750 0.000011
56760 -0.000029
56770 0.000043
56780 0.000021
56790 0.000013
56800 -0.000015
56810 0.000027
56820 0.000017
56830 0.000030
56840 -0.000009
56850 0.000017
56860 0.000271
56870 -0.000009
56880 0.000004
56890 0.000008
56900 0.000003
56910 -0.000016
56920 0.000040
56930 -0.000060
56940 0.000001
56950 -0.000014
56960 0.000004
56970 -0.000011
56980 -0.000028
56990 0.000028
57000 0.000053
57010 -0.000004
57020 -0.000016
57030 0.000009
57040 -0.000016
57050 0.000002
57060 -0.000004
57070 -0.000006
57080 0.000015
57090 0.000026
57100 -0.000009
57110 -0.000010
57120 0.000020
57130 -0.000005
57140 -0.000021
57150 -0.000004
57160 -0.000001
57170 -0.000015
57180 -0.000009
57190 -0.000009
57200 -0.000018
57210 0.000002
57220 0.000007
57230 -0.000019
57240 -0.000010
57250 -0.000009
57260 -0.000016
57270 0.000005
57280 0.000016
57290 0.000008
57300 -0.000003
57310 -0.000003
57320 -0.000009
57330 0.000000
57340 -0.000006
57350 0.000008
57360 -0.000000
57370 -0.000029
57380 0.000008
57390 -0.000000
57400 0.000005
57410 0.000009
57420 -0.000021
57430 0.000001
57440 0.000024
57450 -0.000008
57460 0.000015
57470 0.000005
57480 0.000018
57490 -0.000007
57500 -0.000004
57510 -0.000001
57520 0.000003
57530 0.000002
57540 -0.000012
57550 -0.000008
57560 0.000023
57570 -0.000014
57580 0.000003
57590 0.000014
57600 0.000021
57610 0.000034
57620 -0.000011
57630 -0.000027
57640 0.000002
57650 0.000013
57660 0.000004
57670 -0.000006
57680 0.000002
57690 0.000025
57700 -0.000008
57710 0.000013
57720 -0.000005
57730 -0.000032
57740 0.000003
57750 0.000004
57760 0.000018
57770 0.000002
57780 0.000007
57790 -0.000028
57800 -0.000015
57810 0.000025
57820 0.000001
57830 -0.000015
57840 0.000008
57850 0.000012
57860 -0.000015
57870 -0.000009
57880 -0.000010
57890 -0.000026
57900 0.000013
57910 -0.000018
57920 -0.000017
57930 -0.000011
57940 0.000019
57950 0.000004
57960 0.000009
57970 0.000012
57980 0.000023
57990 -0.000000
58000 0.000012
58010 0.000004
58020 -0.000016
58030 0.000016
58040 -0.000008
58050 -0.000012
58060 -0.000012
58070 0.000008
58080 0.000028
58090 -0.000025
58100 0.000013
58110 0.000007
58120 -0.000007
58130 -0.000008
58140 -0.000001
58150 -0.000011
58160 -0.000014
58170 0.000031
58180 -0.000009
58190 0.000014
58200 -0.000001
58210 0.000017
58220 -0.000032
58230 0.000004
58240 0.000006
58250 -0.000000
58260 -0.000010
58270 -0.000005
58280 -0.000397
58290 -0.000001
58300 0.000009
58310 -0.000016
58320 0.000009
58330 0.000036
58340 0.000006
58350 0.000116
58360 0.000003
58370 0.000012
58380 0.000006
58390 0.000030
58400 0.000004
58410 0.000021
58420 -0.000563
58430 -0.000008
58440 0.000010
58450 0.000007
58460 0.000012
58470 0.000020
58480 -0.000014
58490 0.000016
58500 0.000008
58510 0.000012
58520 -0.000004
58530 0.000004
58540 0.000015
58550 -0.000013
58560 0.000008
58570 0.000011
58580 -0.000002
58590 -0.000007
58600 0.000002
58610 -0.000009
58620 0.000002
58630 0.000012
58640 -0.000036
58650 0.000017
58660 0.000008
58670 0.000041
58680 0.000027
58690 -0.000003
58700 0.000023
58710 -0.000013
58720 0.000009
58730 -0.000001
58740 -0.000008
58750 0.000013
58760 0.000002
58770 0.000023
58780 0.000017
58790 0.000163
58800 0.000008
58810 -0.000000
58820 0.000012
58830 -0.000000
58840 -0.000038
58850 0.000017
58860 0.000004
58870 0.000013
58880 -0.000002
58890 -0.000017
58900 0.000014
58910 0.000005
58920 -0.000278
58930 -0.000008
58940 0.000016
58950 0.000001
58960 -0.000009
58970 0.000045
58980 -0.000007
58990 -0.000006
59000 -0.000005
59010 0.000001
59020 0.000008
59030 0.000005
59040 0.000009
59050 0.000003
59060 0.000014
59070 0.000031
59080 -0.000009
59090 -0.000016
59100 0.000017
59110 0.000012
59120 -0.000007
59130 -0.000006
59140 0.000034
59150 0.000021
59160 -0.000001
59170 0.000003
59180 -0.000018
59190 0.000001
59200 0.000019
59210 0.000004
59220 0.000022
59230 0.000005
59240 0.000006
59250 0.000001
59260 0.000013
59270 0.000116
59280 0.000027
59290 -0.000008
59300 0.000001
59310 -0.000002
59320 -0.000004
59330 -0.000006
59340 0.000004
59350 0.000013
59360 -0.000004
59370 -0.000007
59380 -0.000013
59390 0.000009
59400 0.000012
59410 -0.000008
59420 -0.000011
59430 -0.000020
59440 0.000003
59450 -0.000008
59460 0.000018
59470 0.000006
59480 0.000040
59490 -0.000007
59500 -0.000009
59510 -0.000010
59520 -0.000001
59530 -0.000349
59540 -0.000019
59550 0.000019
59560 -0.000011
59570 -0.000014
59580 0.000003
59590 0.000009
59600 -0.000024
59610 -0.000017
59620 -0.000009
59630 -0.000006
59640 -0.000016
59650 0.000003
59660 0.000025
59670 0.000013
59680 -0.000000
59690 -0.000008
59700 -0.000531
59710 0.000003
59720 -0.000005
59730 -0.000381
59740 -0.000003
59750 0.000011
59760 0.000001
59770 0.000013
59780 -0.000011
59790 -0.000017
59800 -0.000018
59810 -0.000005
59820 -0.000005
59830 0.000003
59840 0.000005
59850 -0.000009
59860 -0.000004
59870 -0.000012
59880 -0.000023
59890 0.000007
59900 0.000015
59910 0.000003
59920 0.000014
59930 0.000002
59940 -0.000014
59950 -0.000004
59960 -0.000009
59970 0.000002
59980 -0.000012
59990 0.000028
60000 0.000043
60010 0.000009
60020 -0.000022
60030 0.000007
60040 -0.000005
60050 -0.000014
60060 -0.000013
60070 -0.000008
60080 0.000011
60090 -0.000013
60100 0.000006
60110 0.000010
60120 0.000001
60130 0.000001
60140 -0.000019
60150 -0.000024
60160 0.000009
60170 0.000009
60180 -0.000009
60190 0.000014
60200 -0.000006
60210 -0.000008
60220 0.000014
60230 -0.000014
60240 -0.000004
60250 -0.000010
60260 0.000010
60270 0.000002
60280 0.000021
60290 -0.000000
60300 0.000012
60310 -0.000002
60320 -0.000006
60330 0.000004
60340 -0.000012
60350 0.000026
60360 -0.000006
60370 -0.000017
60380 0.000008
60390 -0.000014
60400 0.000008
60410 -0.000016
60420 0.000010
60430 0.000004
60440 -0.000015
60450 -0.000017
60460 -0.000006
60470 -0.000012
60480 0.000350
60490 -0.000006
60500 -0.000016
60510 -0.000005
60520 -0.000001
60530 0.000002
60540 -0.000005
60550 -0.000004
60560 0.000003
60570 0.000003
60580 -0.000011
60590 0.000021
60600 0.000010
60610 -0.000002
60620 -0.000021
60630 0.000075
60640 -0.000010
60650 -0.000014
60660 0.000012
60670 -0.000022
60680 0.000025
60690 0.000005
60700 0.000003
60710 -0.000002
60720 0.000005
60730 0.000011
60740 0.000024
60750 0.000007
60760 -0.000014
60770 -0.000015
60780 0.000013
60790 -0.000003
60800 0.000012
60810 0.000001
60820 0.000002
60830 -0.000008
60840 0.000010
60850 -0.000008
60860 -0.000003
60870 0.000012
60880 0.000002
60890 0.000007
60900 0.000035
60910 0.000008
60920 0.000005
60930 0.000018
60940 0.000005
60950 0.000003
60960 -0.000004
60970 -0.000020
60980 0.000051
60990 0.000003
61000 0.000015
61010 -0.000007
61020 0.000015
61030 0.000003
61040 0.000025
61050 0.000006
61060 0.000007
61070 0.000004
61080 -0.000002
61090 0.000191
61100 -0.000027
61110 0.000001
61120 0.000013
61130 -0.000009
61140 0.000006
61150 0.000005
61160 -0.000002
61170 -0.000016
61180 -0.000010
61190 -0.000006
61200 -0.000025
61210 0.000001
61220 0.000001
61230 0.000012
61240 -0.000004
61250 0.000001
61260 -0.000010
61270 0.000021
61280 0.000012
61290 -0.000006
61300 0.000874
61310 -0.000014
61320 0.000011
61330 0.000022
61340 -0.000471
61350 0.000007
61360 0.000016
61370 0.000012
61380 -0.000020
61390 0.000011
61400 0.000084
61410 0.000009
61420 0.000006
61430 -0.000028
61440 0.000020
61450 -0.000030
61460 0.000018
61470 0.000016
61480 -0.000000
61490 -0.000007
61500 -0.000019
61510 0.000000
61520 -0.000007
61530 0.000009
61540 -0.000041
61550 0.000010
61560 0.000011
61570 0.000001
61580 0.000006
61590 -0.000008
61600 0.000005
61610 0.000009
61620 -0.000001
61630 -0.000002
61640 0.000003
61650 -0.000005
61660 -0.000006
61670 -0.000009
61680 0.000021
61690 0.000005
61700 -0.000013
61710 -0.000010
61720 0.000024
61730 -0.000002
61740 -0.000007
61750 0.000000
61760 0.000007
61770 -0.000010
61780 -0.000001
61790 -0.000033
61800 -0.000010
61810 -0.000005
61820 -0.000038
61830 0.000009
61840 0.000015
61850 -0.000005
61860 0.000009
61870 -0.000009
61880 0.000000
61890 -0.000014
61900 0.000002
61910 0.000027
61920 -0.000008
61930 -0.000013
61940 0.000011
61950 -0.000022
61960 0.000018
61970 -0.000003
61980 -0.000013
61990 -0.000002
62000 -0.000002
62010 -0.000009
62020 -0.000004
62030 0.000000
62040 -0.000007
62050 -0.000021
62060 -0.000011
62070 -0.000002
62080 0.000011
62090 0.000005
62100 -0.000018
62110 -0.000009
62120 0.000011
62130 0.000014
62140 0.000008
62150 -0.000027
62160 -0.000001
62170 0.000015
62180 0.000016
62190 -0.000000
62200 0.000013
62210 -0.000044
62220 -0.000019
62230 -0.000002
62240 0.000011
62250 0.000035
62260 0.000030
62270 -0.000019
62280 -0.000014
62290 -0.000023
62300 0.000008
62310 0.000002
62320 0.000014
62330 -0.000010
62340 -0.000012
62350 -0.000008
62360 -0.000013
62370 0.000009
62380 -0.000009
62390 0.000016
62400 -0.000001
62410 -0.000036
62420 -0.000001
62430 0.000015
62440 0.000009
62450 -0.000011
62460 0.000006
62470 -0.000001
62480 0.000004
62490 -0.000013
62500 -0.000017
62510 -0.000010
62520 0.000007
62530 0.000003
62540 0.000005
62550 0.000001
62560 -0.000002
62570 -0.000011
62580 -0.000004
62590 -0.000007
62600 0.000007
62610 0.000006
62620 0.000011
62630 0.000003
62640 0.000004
62650 -0.000011
62660 -0.000005
62670 -0.000007
62680 -0.000007
62690 0.000021
62700 -0.000016
62710 0.000018
62720 -0.000001
62730 0.000008
62740 -0.000011
62750 -0.000016
62760 -0.000001
62770 -0.000003
62780 0.000020
62790 -0.000002
62800 0.000029
62810 0.000004
62820 0.000002
62830 -0.000005
62840 -0.000002
62850 -0.000006
62860 -0.000028
62870 0.000020
62880 -0.000009
62890 -0.000002
62900 0.000002
62910 0.000008
62920 -0.000014
62930 -0.000001
62940 0.000005
62950 -0.000008
62960 0.000008
62970 -0.000006
62980 0.000004
62990 -0.000026
63000 -0.000021
63010 0.000004
63020 -0.000012
63030 -0.000009
63040 0.000010
63050 -0.000045
63060 -0.000014
63070 0.000030
63080 -0.000015
63090 -0.000001
63100 -0.000015
63110 0.000016
63120 -0.000015
63130 0.000008
63140 0.000004
63150 -0.000007
63160 -0.000023
63170 -0.000005
63180 -0.000015
63190 -0.000008
63200 -0.000004
63210 0.000009
63220 -0.000011
63230 0.000019
63240 -0.000017
63250 0.000010
63260 0.000003
63270 0.000027
63280 -0.000006
63290 0.000013
63300 0.000005
63310 -0.000002
63320 -0.000008
63330 -0.000012
63340 -0.000025
63350 -0.000017
63360 -0.000014
63370 -0.000006
63380 -0.000004
63390 0.000003
63400 -0.000002
63410 -0.000008
63420 0.000001
63430 0.000240
63440 0.000018
63450 0.000003
63460 0.000004
63470 0.000008
63480 0.000007
63490 0.000000
63500 -0.000005
63510 0.000008
63520 0.000021
63530 -0.000015
63540 0.000002
63550 0.000003
63560 0.000004
63570 -0.000019
63580 0.000014
63590 -0.000004
63600 0.000016
63610 -0.000001
63620 -0.000015
63630 -0.000022
63640 -0.000010
63650 -0.000006
63660 0.000009
63670 0.000013
63680 0.000011
63690 0.000001
63700 -0.000003
63710 0.000041
63720 -0.000012
63730 -0.000004
63740 -0.000002
63750 -0.000015
63760 0.000004
63770 -0.000004
63780 0.000003
63790 -0.000009
63800 0.000006
63810 -0.000009
63820 0.000001
63830 0.000004
63840 -0.000009
63850 0.000008
63860 0.000007
63870 -0.000010
63880 0.000008
63890 -0.000009
63900 -0.000017
63910 0.000001
63920 -0.000014
63930 -0.000020
63940 0.000019
63950 0.000001
63960 0.000015
63970 0.000005
63980 0.000007
63990 -0.000004
64000 -0.000011
64010 -0.000000
64020 -0.000008
64030 0.000010
64040 -0.000021
64050 -0.000006
64060 0.000010
64070 0.000003
64080 -0.000006
64090 0.000009
64100 0.000004
64110 -0.000016
64120 -0.000020
64130 -0.000012
64140 -0.000002
64150 -0.000001
64160 -0.000001
64170 -0.000004
64180 -0.000025
64190 0.000006
64200 0.000005
64210 -0.000010
64220 0.000026
64230 0.000008
64240 0.000004
64250 -0.000020
64260 0.000012
64270 0.000001
64280 -0.000007
64290 -0.000002
64300 -0.000002
64310 0.000015
64320 -0.000010
64330 -0.000009
64340 0.000003
64350 -0.000008
64360 -0.000015
64370 -0.000003
64380 -0.000018
64390 0.000007
64400 -0.000010
64410 -0.000010
64420 -0.000004
64430 0.000017
64440 -0.000027
64450 -0.000010
64460 0.000012
64470 0.000008
64480 -0.000010
64490 0.000013
64500 -0.000016
64510 0.000025
64520 0.000008
64530 -0.000025
64540 0.000006
64550 -0.000001
64560 0.000000
64570 -0.000005
64580 0.000005
64590 -0.000000
64600 -0.000014
64610 -0.000003
64620 0.000001
64630 0.000006
64640 -0.000002
64650 -0.000006
64660 -0.000002
64670 0.000006
64680 -0.000015
64690 0.000010
64700 -0.000021
64710 -0.000016
64720 0.000004
64730 0.000007
64740 0.000011
64750 -0.000014
64760 0.000018
64770 -0.000008
64780 0.000003
64790 -0.000028
64800 0.000002
64810 -0.000020
64820 -0.000045
64830 -0.000002
64840 -0.000008
64850 0.000012
64860 0.000025
64870 -0.000017
64880 -0.000009
64890 0.000015
64900 -0.000321
64910 -0.000001
64920 -0.000003
64930 -0.000097
64940 0.000026
64950 0.000016
64960 0.000006
64970 -0.000016
64980 -0.000008
64990 -0.000001
65000 0.000003
65010 0.000003
65020 -0.000007
65030 -0.000014
65040 0.000005
65050 0.000018
65060 0.000007
65070 0.000017
65080 -0.000075
65090 -0.000174
65100 -0.000013
65110 -0.000024
65120 0.000013
65130 -0.000003
65140 0.000034
65150 0.000014
65160 -0.000052
65170 -0.000004
65180 0.000008
65190 0.000009
65200 0.000014
65210 0.000000
65220 0.000011
65230 -0.000010
65240 0.000012
65250 0.000001
65260 0.000002
65270 0.000026
65280 -0.000012
65290 -0.000009
65300 -0.000015
65310 -0.000007
65320 -0.000017
65330 -0.000022
65340 0.000025
65350 -0.000001
65360 -0.000011
65370 0.000011
65380 -0.000010
65390 0.000323
65400 -0.000017
65410 0.000004
65420 -0.000006
65430 -0.000010
65440 -0.000005
65450 -0.000001
65460 0.000017
65470 -0.000012
65480 0.000002
65490 0.000001
65500 -0.000012
65510 0.000008
65520 0.000004
65530 0.000002
65540 0.000007
65550 0.000008
65560 -0.000017
65570 0.000008
65580 -0.000037
65590 0.000002
65600 -0.000008
65610 -0.000030
65620 -0.000007
65630 -0.000007
65640 0.000009
65650 0.000004
65660 -0.000008
65670 -0.000008
65680 -0.000001
65690 0.000002
65700 -0.000010
65710 -0.000002
65720 0.000005
65730 -0.000004
65740 -0.000002
65750 0.000011
65760 0.000004
65770 0.000014
65780 0.000004
65790 0.000025
65800 0.000010
65810 -0.000003
65820 0.000009
65830 0.000006
65840 0.000005
65850 0.000523
65860 -0.000017
65870 -0.000001
65880 -0.000004
65890 0.000009
65900 -0.000008
65910 -0.000003
65920 -0.000013
65930 0.000001
65940 -0.000015
65950 0.000019
65960 0.000012
65970 -0.000012
65980 0.000002
65990 -0.000032
66000 0.000018
66010 -0.000010
66020 0.000002
66030 -0.000007
66040 0.000017
66050 -0.000006
66060 -0.000005
66070 0.000005
66080 0.000014
66090 -0.000021
66100 -0.000000
66110 0.000008
66120 -0.000019
66130 0.000013
66140 0.000019
66150 -0.000000
66160 -0.000009
66170 -0.000023
66180 -0.000001
66190 -0.000030
66200 0.000010
66210 0.000011
66220 0.000002
66230 0.000003
66240 -0.000017
66250 0.000141
66260 -0.000001
66270 -0.000002
66280 0.000018
66290 -0.000011
66300 -0.000001
66310 0.000001
66320 -0.000001
66330 -0.000011
66340 -0.000009
66350 -0.000013
66360 0.000012
66370 -0.000017
66380 0.000005
66390 -0.000007
66400 0.000017
66410 -0.000018
66420 0.000010
66430 -0.000007
66440 0.000001
66450 -0.000021
66460 -0.000008
66470 0.000010
66480 -0.000017
66490 0.000027
66500 0.000012
66510 0.000013
66520 -0.000086
66530 0.000003
66540 -0.000003
66550 -0.000022
66560 -0.000013
66570 0.000004
66580 -0.000005
66590 -0.000002
66600 -0.000011
66610 -0.000007
66620 -0.000040
66630 0.000016
66640 -0.000001
66650 0.000012
66660 0.000009
66670 -0.000002
66680 0.000002
66690 0.000003
66700 0.000006
66710 -0.000009
66720 -0.000010
66730 -0.000019
66740 0.000020
66750 0.000004
66760 0.000015
66770 0.000019
66780 -0.000024
66790 0.000025
66800 -0.000000
66810 -0.000007
66820 -0.000007
66830 0.000039
66840 0.000011
66850 0.000013
66860 -0.000005
66870 0.000005
66880 0.000002
66890 -0.000004
66900 -0.000008
66910 0.000009
66920 0.000019
66930 0.000007
66940 0.000005
66950 0.000001
66960 -0.000026
66970 0.000005
66980 -0.000011
66990 0.000013
67000 0.000007
67010 -0.000006
67020 -0.000007
67030 0.000000
67040 0.000004
67050 -0.000012
67060 0.000009
67070 -0.000003
67080 0.000028
67090 -0.000001
67100 -0.000013
67110 0.000008
67120 -0.000011
67130 0.000000
67140 -0.000012
67150 0.000013
67160 -0.000017
67170 -0.000008
67180 -0.000002
67190 0.000001
67200 -0.000006
67210 0.000004
67220 0.000016
67230 0.000012
67240 0.000008
67250 -0.000010
67260 -0.000018
67270 0.000009
67280 -0.000004
67290 0.000000
67300 0.000013
67310 0.000011
67320 0.000018
67330 -0.000012
67340 0.000001
67350 -0.000003
67360 0.000001
67370 -0.000007
67380 -0.000017
67390 0.000005
67400 -0.000003
67410 -0.000002
67420 0.000002
67430 0.000015
67440 -0.000002
67450 -0.000003
67460 0.000000
67470 0.000008
67480 -0.000004
67490 -0.000004
67500 -0.000009
67510 0.000003
67520 0.000006
67530 0.000011
67540 0.000014
67550 0.000012
67560 0.000015
67570 -0.000010
67580 -0.000036
67590 -0.000013
67600 0.000010
67610 -0.000013
67620 -0.000019
67630 0.000000
67640 -0.000017
67650 0.000010
67660 0.000006
67670 -0.000004
67680 0.000002
67690 0.000018
67700 -0.000018
67710 -0.000008
67720 -0.000001
67730 -0.000025
67740 -0.000006
67750 0.000001
67760 0.000004
67770 0.000009
67780 0.000019
67790 -0.000001
67800 0.000003
67810 0.000008
67820 -0.000001
67830 0.000005
67840 -0.000005
67850 0.000011
67860 0.000004
67870 -0.000020
67880 0.000002
67890 0.000006
67900 -0.000011
67910 -0.000005
67920 0.000017
67930 0.000007
67940 -0.000042
67950 -0.000014
67960 0.000001
67970 -0.000006
67980 -0.000190
67990 0.000007
68000 0.000013
68010 -0.000005
68020 0.000006
68030 -0.000006
68040 -0.000030
68050 -0.000003
68060 0.000009
68070 -0.000001
68080 -0.000008
68090 0.000014
68100 -0.000006
68110 0.000007
68120 0.000001
68130 0.000002
68140 -0.000002
68150 -0.000002
68160 -0.000008
68170 0.000005
68180 -0.000017
68190 -0.000012
68200 0.000019
68210 0.000006
68220 -0.000019
68230 -0.000012
68240 0.000006
68250 0.000006
68260 -0.000010
68270 -0.000010
68280 0.000020
68290 -0.000010
68300 0.000006
68310 -0.000019
68320 0.000009
68330 -0.000003
68340 0.000011
68350 -0.000013
68360 0.000001
68370 -0.000020
68380 -0.000035
68390 0.000003
68400 -0.000024
68410 -0.000021
68420 -0.000015
68430 -0.000024
68440 -0.000016
68450 -0.000011
68460 -0.000007
68470 -0.000000
68480 0.000021
68490 0.000011
68500 -0.000005
68510 -0.000010
68520 0.000007
68530 0.000011
68540 -0.000010
68550 -0.000027
68560 -0.000005
68570 0.000002
68580 -0.000007
68590 0.000009
68600 0.000000
68610 0.000002
68620 0.000007
68630 0.000022
68640 -0.000003
68650 0.000015
68660 -0.000003
68670 0.000023
68680 0.000019
68690 -0.000011
68700 -0.000010
68710 -0.000008
68720 0.000070
68730 0.000005
68740 0.000007
68750 0.000002
68760 0.000004
68770 0.000024
68780 0.000006
68790 0.000029
68800 0.000002
68810 -0.000001
68820 0.000001
68830 0.000006
68840 -0.000005
68850 -0.000010
68860 0.000007
68870 -0.000006
68880 0.000001
68890 0.000026
68900 -0.000023
68910 0.000016
68920 0.000005
68930 0.000062
68940 -0.000011
68950 0.000000
68960 -0.000000
68970 0.000006
68980 0.000010
68990 -0.000018
69000 0.000015
69010 -0.000000
69020 0.000008
69030 0.000030
69040 0.000000
69050 -0.000013
69060 -0.000135
69070 -0.000002
69080 0.000017
69090 -0.000007
69100 0.000022
69110 0.000027
69120 -0.000011
69130 -0.000008
69140 0.000021
69150 -0.000008
69160 -0.000001
69170 -0.000018
69180 0.000010
69190 0.000015
69200 0.000010
69210 0.000015
69220 0.000003
69230 0.000011
69240 -0.000003
69250 0.000003
69260 0.000006
69270 0.000002
69280 -0.000011
69290 -0.000031
69300 -0.000005
69310 -0.000010
69320 0.000031
69330 -0.000004
69340 0.000028
69350 0.000001
69360 -0.000004
69370 0.000012
69380 -0.000001
69390 0.000003
69400 0.000001
69410 0.000007
69420 0.000006
69430 0.000000
69440 -0.000015
69450 0.000009
69460 -0.000010
69470 -0.000006
69480 0.000004
69490 0.000002
69500 0.000031
69510 0.000010
69520 -0.000056
69530 -0.000020
69540 -0.000005
69550 0.000002
69560 -0.000026
69570 -0.000008
69580 0.000008
69590 -0.000007
69600 0.000011
69610 -0.000010
69620 0.000007
69630 -0.000003
69640 -0.000007
69650 -0.000006
69660 -0.000010
69670 0.000003
69680 -0.000004
69690 -0.000003
69700 -0.000011
69710 -0.000009
69720 -0.000004
69730 0.000013
69740 0.000005
69750 -0.000001
69760 -0.000020
69770 0.000014
69780 -0.000015
69790 0.000017
69800 0.000019
69810 -0.000012
69820 0.000002
69830 0.000004
69840 0.000007
69850 -0.000016
69860 -0.000006
69870 0.000005
69880 -0.000002
69890 0.000005
69900 -0.000009
69910 -0.000006
69920 0.000010
69930 -0.000010
69940 -0.000001
69950 0.000019
69960 0.000005
69970 -0.000015
69980 -0.000013
69990 0.000011
70000 -0.000007
70010 0.000011
70020 0.000006
70030 0.000001
70040 -0.000014
70050 0.000001
70060 0.000003
70070 0.000002
70080 0.000020
70090 0.000007
70100 0.000007
70110 -0.000015
70120 -0.000001
70130 -0.000011
70140 0.000003
70150 0.000039
70160 -0.000038
70170 -0.000005
70180 0.000023
70190 -0.000008
70200 0.000006
70210 -0.000001
70220 -0.000094
70230 -0.000011
70240 -0.000011
70250 -0.000005
70260 -0.000012
70270 -0.000004
70280 0.000007
70290 0.000002
70300 0.000017
70310 0.000014
70320 -0.000014
70330 0.000012
70340 0.000010
70350 0.000005
70360 0.000006
70370 -0.000007
70380 -0.000003
70390 0.000008
70400 0.000001
70410 -0.000010
70420 0.000010
70430 0.000099
70440 -0.000011
70450 0.000011
70460 0.000007
70470 -0.000013
70480 0.000010
70490 -0.000006
70500 -0.000004
70510 0.000007
70520 0.000010
70530 -0.000006
70540 0.000012
70550 -0.000012
70560 0.000001
70570 0.000003
70580 0.000010
70590 -0.000031
70600 0.000019
70610 0.000011
70620 0.000003
70630 0.000008
70640 0.000013
70650 -0.000000
70660 0.000004
70670 0.000019
70680 -0.000002
70690 0.000002
70700 0.000005
70710 0.000050
70720 0.000030
70730 -0.000005
70740 0.000010
70750 0.000009
70760 0.000005
70770 -0.000005
70780 0.000009
70790 0.000007
70800 0.000009
70810 0.000003
70820 0.000005
70830 -0.000014
70840 -0.000008
70850 -0.000006
70860 -0.000004
70870 -0.000011
70880 0.000031
70890 -0.000009
70900 -0.000010
70910 0.000010
70920 -0.000016
70930 0.000007
70940 -0.000006
70950 0.000019
70960 0.000004
70970 0.000001
70980 0.000010
70990 0.000006
71000 0.000000
71010 0.000011
71020 0.000006
71030 -0.000002
71040 -0.000030
71050 0.000026
71060 0.000005
71070 -0.000012
71080 -0.000002
71090 0.000017
71100 0.000001
71110 -0.000007
71120 0.000009
71130 0.000020
71140 0.000009
71150 0.000012
71160 0.000003
71170 -0.000002
71180 0.000039
71190 0.000015
71200 0.000007
71210 -0.000133
71220 -0.000010
71230 0.000000
71240 -0.000019
71250 -0.000010
71260 -0.000024
71270 0.000014
71280 0.000019
71290 0.000006
71300 -0.000002
71310 0.000001
71320 0.000028
71330 0.000016
71340 0.000005
71350 0.000016
71360 0.000005
71370 0.000017
71380 0.000013
71390 -0.000010
71400 -0.000007
71410 0.000026
71420 0.000009
71430 0.000004
71440 0.000015
71450 -0.000004
71460 -0.000003
71470 -0.000007
71480 0.000005
71490 0.000002
71500 -0.000013
71510 0.000004
71520 0.000001
71530 -0.000005
71540 0.000003
71550 -0.000545
71560 0.000006
71570 -0.000007
71580 0.000018
71590 0.000002
71600 0.000036
71610 -0.000015
71620 0.000006
71630 0.000018
71640 0.000007
71650 -0.000018
71660 0.000018
71670 -0.000001
71680 -0.000010
71690 -0.000017
71700 -0.000007
71710 0.000001
71720 0.000012
71730 0.000017
71740 0.000003
71750 0.000010
71760 -0.000001
71770 -0.000005
71780 0.000011
71790 0.000017
71800 0.000016
71810 0.000010
71820 0.000005
71830 -0.000005
71840 0.000000
71850 -0.000016
71860 -0.000108
71870 -0.000000
71880 -0.000007
71890 -0.000017
71900 0.000010
71910 -0.000020
71920 0.000002
71930 0.000018
71940 0.000009
71950 -0.000005
71960 0.000001
71970 -0.000011
71980 -0.000075
71990 0.000006
72000 0.000030
72010 -0.000004
72020 -0.000009
72030 0.000020
72040 0.000006
72050 0.000008
72060 0.000005
72070 -0.000002
72080 -0.000010
72090 -0.000010
72100 0.000011
72110 -0.000018
72120 -0.000003
72130 -0.000001
72140 -0.000017
72150 0.000011
72160 -0.000006
72170 -0.000002
72180 -0.000001
72190 -0.000007
72200 -0.000003
72210 -0.000006
72220 0.000002
72230 0.000012
72240 0.000015
72250 -0.000005
72260 -0.000006
72270 0.000000
72280 -0.000002
72290 0.000001
72300 0.000009
72310 -0.000008
72320 -0.000005
72330 0.000001
72340 0.000008
72350 0.000007
72360 0.000002
72370 0.000004
72380 -0.000016
72390 -0.000006
72400 -0.000012
72410 -0.000015
72420 0.000003
72430 0.000002
72440 0.000047
72450 0.000010
72460 -0.000008
72470 -0.000017
72480 0.000011
72490 0.000009
72500 0.000002
72510 -0.000019
72520 0.000025
72530 -0.000012
72540 0.000007
72550 -0.000017
72560 -0.000011
72570 -0.000015
72580 0.000021
72590 0.000013
72600 -0.000016
72610 -0.000010
72620 0.000001
72630 0.000001
72640 -0.000004
72650 -0.000055
72660 -0.000002
72670 -0.000007
72680 -0.000008
72690 0.000021
72700 0.000004
72710 0.000015
72720 0.000003
72730 0.000015
72740 0.000016
72750 0.000004
72760 0.000005
72770 0.000087
72780 -0.000006
72790 -0.000019
72800 -0.000013
72810 -0.000004
72820 0.000004
72830 0.000008
72840 -0.000080
72850 -0.000013
72860 -0.000034
72870 -0.000003
72880 -0.000000
72890 0.000015
72900 -0.000000
72910 -0.000004
72920 0.000014
72930 0.000024
72940 0.000018
72950 0.000019
72960 0.000016
72970 0.000001
72980 -0.000027
72990 -0.000007
73000 0.000015
73010 0.000006
73020 0.000007
73030 -0.000013
73040 -0.000017
73050 0.000009
73060 -0.000021
73070 0.000012
73080 -0.000000
73090 0.000082
73100 -0.000001
73110 0.000003
73120 -0.000017
73130 0.000006
73140 -0.000012
73150 -0.000007
73160 0.000019
73170 0.000006
73180 -0.000015
73190 -0.000011
73200 -0.000011
73210 0.000012
73220 -0.000033
73230 0.000010
73240 0.000008
73250 -0.000003
73260 0.000021
73270 -0.000004
73280 0.000024
73290 0.000004
73300 0.000004
73310 0.000006
73320 -0.000004
73330 0.000005
73340 -0.000004
73350 -0.000008
73360 -0.000013
73370 0.000001
73380 -0.000001
73390 -0.000005
73400 -0.000010
73410 0.000000
73420 -0.000000
73430 -0.000004
73440 -0.000457
73450 0.000014
73460 0.000001
73470 0.000003
73480 -0.000012
73490 -0.000011
73500 0.000007
73510 -0.000001
73520 -0.000024
73530 -0.000009
73540 -0.000027
73550 -0.000019
73560 0.000014
73570 -0.000012
73580 0.000002
73590 -0.000008
73600 0.000025
73610 0.000020
73620 0.000011
73630 -0.000006
73640 0.000227
73650 0.000238
73660 -0.000004
73670 0.000006
73680 0.000007
73690 0.000002
73700 0.000001
73710 -0.000008
73720 -0.000009
73730 0.000002
73740 -0.000013
73750 -0.000013
73760 -0.000010
73770 0.000036
73780 0.000199
73790 0.000027
73800 -0.000006
73810 -0.000020
73820 -0.000025
73830 -0.000005
73840 0.000005
73850 -0.000005
73860 -0.000008
73870 -0.000008
73880 0.000031
73890 0.000005
73900 -0.000007
73910 -0.000008
73920 -0.000001
73930 -0.000014
73940 -0.000010
73950 -0.000002
73960 -0.000001
73970 0.000007
73980 -0.000017
73990 0.000003
74000 0.000008
74010 -0.000006
74020 -0.000009
74030 -0.000005
74040 0.000001
74050 -0.000012
74060 -0.000016
74070 -0.000007
74080 0.000009
74090 0.000006
74100 -0.000006
74110 0.000002
74120 -0.000013
74130 0.000003
74140 -0.000003
74150 0.000016
74160 -0.000007
74170 0.000003
74180 -0.000023
74190 0.000013
74200 0.000015
74210 -0.000010
74220 0.000004
74230 -0.000009
74240 -0.000040
74250 0.000016
74260 0.000008
74270 -0.000000
74280 -0.000001
74290 -0.000015
74300 -0.000004
74310 0.000035
74320 0.000010
74330 -0.000004
74340 0.000014
74350 0.000041
74360 0.000002
74370 -0.000004
74380 -0.000016
74390 -0.000009
74400 -0.000015
74410 0.000017
74420 -0.000046
74430 0.000005
74440 0.000013
74450 0.000014
74460 -0.000004
74470 0.000001
74480 0.000001
74490 0.000009
74500 -0.000020
74510 -0.000003
74520 0.000002
74530 -0.000007
74540 -0.000001
74550 -0.000007
74560 0.000011
74570 -0.000011
74580 0.000050
74590 -0.000007
74600 -0.000002
74610 0.000016
74620 -0.000001
74630 0.000007
74640 0.000009
74650 -0.000004
74660 0.000005
74670 -0.000010
74680 -0.000004
74690 0.000008
74700 -0.000007
74710 0.000039
74720 0.000065
74730 -0.000008
74740 0.000003
74750 0.000004
74760 -0.000003
74770 0.000018
74780 -0.000011
74790 -0.000003
74800 0.000008
74810 0.000008
74820 -0.000005
74830 0.000007
74840 -0.000019
74850 0.000001
74860 0.000014
74870 0.000008
74880 0.000014
74890 -0.000022
74900 -0.000007
74910 -0.000018
74920 -0.000019
74930 0.000008
74940 0.000013
74950 -0.000001
74960 -0.000013
74970 -0.000007
74980 0.000005
74990 -0.000009
75000 0.000012
75010 -0.000031
75020 -0.000039
75030 -0.000025
75040 0.000002
75050 0.000026
75060 -0.000004
75070 0.000243
75080 -0.000000
75090 0.000011
75100 -0.000008
75110 0.000010
75120 -0.000000
75130 -0.000001
75140 0.000002
75150 0.000017
75160 0.000016
75170 -0.000007
75180 -0.000008
75190 -0.000024
75200 -0.000002
75210 -0.000016
75220 -0.000005
75230 -0.000017
75240 0.000001
75250 0.000026
75260 0.000028
75270 0.000009
75280 0.000024
75290 0.000015
75300 -0.000010
75310 0.000009
75320 -0.000002
75330 -0.000003
75340 0.000013
75350 0.000019
75360 0.000008
75370 0.000002
75380 0.000003
75390 -0.000007
75400 -0.000004
75410 0.000014
75420 -0.000017
75430 -0.000023
75440 0.000011
75450 0.000004
75460 0.000003
75470 -0.000027
75480 -0.000007
75490 -0.000003
75500 0.000001
75510 -0.000006
75520 -0.000009
75530 0.000017
75540 -0.000003
75550 0.000015
75560 -0.000016
75570 0.000027
75580 0.000002
75590 -0.000006
75600 0.000010
75610 -0.000006
75620 -0.000001
75630 0.000007
75640 0.000000
75650 -0.000009
75660 -0.000092
75670 0.000007
75680 0.000013
75690 -0.000500
75700 -0.000008
75710 0.000017
75720 -0.000010
75730 0.000008
75740 -0.000002
75750 -0.000005
75760 0.000003
75770 0.000004
75780 -0.000009
75790 0.000007
75800 -0.000006
75810 0.000006
75820 -0.000004
75830 0.000010
75840 -0.000028
75850 0.000012
75860 -0.000002
75870 0.000007
75880 -0.000001
75890 0.000005
75900 0.000002
75910 0.000006
75920 0.000005
75930 -0.000020
75940 -0.000012
75950 0.000020
75960 0.000008
75970 0.000002
75980 0.000009
75990 -0.000030
76000 -0.000003
76010 -0.000018
76020 0.000006
76030 0.000009
76040 -0.000002
76050 -0.000022
76060 -0.000003
76070 -0.000014
76080 -0.000015
76090 -0.000004
76100 0.000004
76110 -0.000002
76120 -0.000001
76130 -0.000001
76140 -0.000029
76150 0.000002
76160 -0.000010
76170 -0.000019
76180 -0.000020
76190 0.000004
76200 -0.000023
76210 -0.000002
76220 0.000011
76230 -0.000003
76240 0.000005
76250 -0.000012
76260 -0.000006
76270 0.000018
76280 -0.000004
76290 -0.000014
76300 0.000003
76310 0.000003
76320 0.000000
76330 0.000002
76340 -0.000001
76350 -0.000013
76360 -0.000006
76370 0.000003
76380 0.000016
76390 -0.000007
76400 -0.000014
76410 -0.000008
76420 -0.000012
76430 0.000014
76440 -0.000016
76450 0.000010
76460 -0.000002
76470 0.000011
76480 -0.000005
76490 0.000003
76500 0.000009
76510 -0.000003
76520 -0.000027
76530 0.000002
76540 0.000021
76550 0.000001
76560 -0.000009
76570 -0.000002
76580 0.000021
76590 0.000014
76600 -0.000006
76610 0.000011
76620 0.000006
76630 -0.000006
76640 -0.000007
76650 -0.000268
76660 0.000003
76670 -0.000003
76680 0.000010
76690 -0.000009
76700 0.000000
76710 -0.000005
76720 0.000010
76730 -0.000008
76740 0.000009
76750 -0.000013
76760 -0.000030
76770 0.000020
76780 -0.000021
76790 -0.000025
76800 -0.000010
76810 0.000006
76820 0.000009
76830 0.000008
76840 0.000014
76850 -0.000179
76860 0.000009
76870 0.000010
76880 -0.000003
76890 0.000013
76900 -0.000006
76910 0.000005
76920 0.000010
76930 0.000005
76940 -0.000033
76950 -0.000000
76960 0.000008
76970 0.000000
76980 -0.000003
76990 -0.000000
77000 0.000005
77010 0.000001
77020 0.000006
77030 0.000002
77040 0.000049
77050 0.000009
77060 -0.000004
77070 -0.000007
77080 -0.000002
77090 -0.000017
77100 0.000009
77110 0.000006
77120 -0.000012
77130 -0.000011
77140 0.000004
77150 -0.000008
77160 -0.000009
77170 0.000008
77180 -0.000015
77190 0.000009
77200 0.000010
77210 -0.000004
77220 -0.000007
77230 0.000020
77240 -0.000006
77250 -0.000018
77260 0.000001
77270 0.000010
77280 -0.000006
77290 0.000014
77300 0.000005
77310 -0.000020
77320 0.000008
77330 0.000026
77340 0.000059
77350 -0.000004
77360 0.000017
77370 0.000007
77380 -0.000028
77390 -0.000005
77400 0.000002
77410 0.000013
77420 -0.000021
77430 0.000002
77440 -0.000010
77450 -0.000009
77460 0.000001
77470 0.000055
77480 -0.000007
77490 0.000010
77500 0.000005
77510 -0.000008
77520 -0.000012
77530 -0.000022
77540 0.000013
77550 -0.000009
77560 0.000009
77570 0.000006
77580 0.000020
77590 0.000008
77600 -0.000004
77610 0.000019
77620 0.000003
77630 0.000008
77640 0.000015
77650 -0.000011
77660 0.000002
77670 0.000019
77680 0.000008
77690 0.000018
77700 0.000008
77710 0.000011
77720 0.000008
77730 0.000012
77740 0.000026
77750 0.000002
77760 -0.000009
77770 0.000008
77780 0.000006
77790 0.000006
77800 -0.000005
77810 -0.000025
77820 -0.000012
77830 0.000011
77840 0.000016
77850 -0.000019
77860 0.000010
77870 -0.000016
77880 -0.000008
77890 -0.000002
77900 0.000087
77910 -0.000005
77920 0.000014
77930 -0.000007
77940 -0.000012
77950 -0.000003
77960 0.000010
77970 0.000017
77980 0.000003
77990 0.000028
78000 -0.000007
78010 -0.000010
78020 0.000002
78030 -0.000014
78040 -0.000002
78050 0.000004
78060 0.000023
78070 -0.000003
78080 -0.000053
78090 -0.000002
78100 0.000002
78110 0.000004
78120 -0.000012
78130 0.000004
78140 -0.000002
78150 0.000003
78160 -0.000015
78170 0.000006
78180 0.000003
78190 0.000004
78200 0.000003
78210 0.000009
78220 0.000008
78230 -0.000019
78240 0.000011
78250 0.000010
78260 -0.000014
78270 -0.000022
78280 0.000004
78290 0.000001
78300 -0.000005
78310 0.000005
78320 -0.000008
78330 -0.000021
78340 -0.000013
78350 -0.000005
78360 0.000035
78370 0.000001
78380 -0.000030
78390 -0.000007
78400 0.000019
78410 0.000009
78420 0.000006
78430 -0.000002
78440 -0.000008
78450 -0.000008
78460 -0.000001
78470 -0.000006
78480 -0.000002
78490 -0.000022
78500 -0.000012
78510 0.000022
78520 0.000011
78530 -0.000004
78540 0.000012
78550 0.000002
78560 0.000013
78570 -0.000010
78580 -0.000005
78590 -0.000008
78600 -0.000009
78610 -0.000000
78620 0.000017
78630 -0.000004
78640 -0.000008
78650 -0.000004
78660 -0.000020
78670 -0.000008
78680 -0.000009
78690 0.000010
78700 -0.000009
78710 0.000017
78720 -0.000008
78730 -0.000007
78740 -0.000005
78750 -0.000007
78760 -0.000011
78770 0.000015
78780 -0.000001
78790 0.000008
78800 0.000001
78810 -0.000009
78820 -0.000006
78830 -0.000017
78840 0.000010
78850 0.000011
78860 0.000009
78870 0.000009
78880 -0.000004
78890 0.000002
78900 0.000003
78910 -0.000000
78920 -0.000019
78930 -0.000003
78940 -0.000006
78950 -0.000002
78960 -0.000014
78970 0.000007
78980 -0.000002
78990 -0.000006
79000 0.000027
79010 -0.000003
79020 0.000014
79030 0.000001
79040 0.000008
79050 0.000049
79060 -0.000003
79070 0.000006
79080 -0.000005
79090 0.000005
79100 0.000007
79110 0.000007
79120 0.000008
79130 -0.000020
79140 -0.000009
79150 0.000009
79160 0.000018
79170 -0.000011
79180 0.000009
79190 -0.000002
79200 -0.000015
79210 -0.000001
79220 -0.000002
79230 0.000010
79240 0.000009
79250 -0.000012
79260 0.000021
79270 -0.000007
79280 -0.000010
79290 -0.000001
79300 0.000010
79310 -0.000004
79320 0.000005
79330 -0.000007
79340 -0.000008
79350 -0.000000
79360 0.000001
79370 -0.000017
79380 0.000011
79390 -0.000003
79400 0.000068
79410 -0.000003
79420 -0.000006
79430 0.000000
79440 0.000008
79450 0.000015
79460 0.000002
79470 -0.000012
79480 0.000003
79490 0.000007
79500 -0.000007
79510 0.000002
79520 0.000080
79530 -0.000026
79540 0.000008
79550 0.000003
79560 -0.000014
79570 -0.000011
79580 -0.000001
79590 -0.000003
79600 -0.000005
79610 -0.000007
79620 -0.000005
79630 -0.000023
79640 -0.000008
79650 -0.000003
79660 0.000004
79670 0.000001
79680 0.000012
79690 -0.000000
79700 0.000030
79710 0.000021
79720 0.000009
79730 0.000018
79740 0.000002
79750 -0.000020
79760 0.000006
79770 0.000009
79780 -0.000007
79790 0.000010
79800 -0.000000
79810 -0.000008
79820 0.000013
79830 0.000000
79840 0.000008
79850 0.000015
79860 -0.000006
79870 -0.000000
79880 0.000006
79890 0.000014
79900 -0.000021
79910 0.000001
79920 -0.000026
79930 0.000012
79940 -0.000003
79950 0.000001
79960 0.000004
79970 0.000026
79980 -0.000006
79990 0.000024
80000 -0.000002
80010 -0.000003
80020 -0.000035
80030 0.000016
80040 0.000009
80050 -0.000008
80060 -0.000007
80070 0.000007
80080 -0.000002
80090 -0.000004
80100 -0.000011
80110 -0.000001
80120 -0.000008
80130 -0.000003
80140 -0.000008
80150 -0.000022
80160 0.000012
80170 0.000005
80180 0.000009
80190 -0.000014
80200 -0.000003
80210 -0.000009
80220 -0.000002
80230 -0.000007
80240 0.000006
80250 -0.000013
80260 0.000025
80270 0.000010
80280 0.000004
80290 -0.000009
80300 -0.000024
80310 0.000022
80320 -0.000010
80330 0.000002
80340 -0.000010
80350 0.000001
80360 -0.000025
80370 0.000010
80380 0.000173
80390 0.000001
80400 -0.000007
80410 -0.000006
80420 -0.000023
80430 -0.000004
80440 0.000004
80450 0.000010
80460 -0.000009
80470 0.000010
80480 0.000017
80490 -0.000004
80500 0.000015
80510 0.000008
80520 -0.000027
80530 0.000000
80540 -0.000013
80550 0.000002
80560 0.000002
80570 0.000014
80580 -0.000019
80590 -0.000008
80600 0.000000
80610 0.000009
80620 0.000006
80630 -0.000022
80640 -0.000004
80650 0.000012
80660 -0.000008
80670 -0.000005
80680 -0.000013
80690 -0.000015
80700 -0.000016
80710 -0.000000
80720 -0.000006
80730 -0.000012
80740 0.000014
80750 -0.000017
80760 0.000006
80770 0.000004
80780 0.000006
80790 0.000006
80800 -0.000008
80810 0.000006
80820 -0.000026
80830 -0.000007
80840 0.000000
80850 0.000005
80860 0.000008
80870 0.000004
80880 -0.000004
80890 -0.000006
80900 -0.000016
80910 -0.000004
80920 0.000016
80930 0.000002
80940 0.000004
80950 -0.000011
80960 -0.000000
80970 -0.000003
80980 0.000003
80990 0.000010
81000 0.000006
81010 -0.000007
81020 0.000010
81030 0.000002
81040 0.000011
81050 0.000012
81060 -0.000004
81070 0.000005
81080 -0.000009
81090 0.000002
81100 0.000064
81110 0.000009
81120 -0.000002
81130 -0.000001
81140 -0.000005
81150 -0.000003
81160 -0.000018
81170 -0.000002
81180 0.000024
81190 0.000001
81200 -0.000052
81210 -0.000040
81220 -0.000013
81230 -0.000007
81240 -0.000013
81250 0.000002
81260 0.000007
81270 -0.000002
81280 -0.000007
81290 -0.000007
81300 0.000011
81310 -0.000005
81320 0.000023
81330 -0.000005
81340 -0.000005
81350 0.000004
81360 0.000015
81370 -0.000001
81380 -0.000006
81390 -0.000006
81400 0.000008
81410 0.000023
81420 -0.000012
81430 -0.000004
81440 -0.000292
81450 0.000002
81460 -0.000010
81470 -0.000005
81480 -0.000012
81490 0.000002
81500 -0.000006
81510 -0.000006
81520 0.000008
81530 0.000012
81540 -0.000000
81550 0.000009
81560 0.000007
81570 -0.000011
81580 -0.000038
81590 -0.000037
81600 0.000014
81610 0.000013
81620 0.000004
81630 0.000010
81640 0.000004
81650 0.000007
81660 0.000002
81670 0.000024
81680 -0.000010
81690 0.000004
81700 -0.000011
81710 0.000001
81720 0.000002
81730 -0.000011
81740 0.000005
81750 0.000007
81760 0.000005
81770 0.000010
81780 -0.000007
81790 0.000010
81800 -0.000003
81810 -0.000005
81820 -0.000130
81830 0.000013
81840 -0.000008
81850 -0.000000
81860 -0.000006
81870 0.000008
81880 -0.000005
81890 0.000013
81900 -0.000016
81910 0.000005
81920 -0.000004
81930 -0.000017
81940 0.000014
81950 0.000009
81960 0.000013
81970 -0.000000
81980 0.000011
81990 -0.000002
82000 0.000004
82010 -0.000012
82020 -0.000017
82030 -0.000004
82040 -0.000001
82050 -0.000047
82060 -0.000013
82070 0.000000
82080 0.000009
82090 -0.000003
82100 -0.000008
82110 0.000012
82120 -0.000020
82130 -0.000015
82140 0.000013
82150 0.000008
82160 -0.000003
82170 0.000002
82180 -0.000013
82190 0.000006
82200 -0.000014
82210 0.000000
82220 0.000025
82230 -0.000019
82240 -0.000003
82250 -0.000007
82260 -0.000015
82270 -0.000010
82280 -0.000002
82290 -0.000011
82300 -0.000006
82310 0.000011
82320 0.000013
82330 0.000005
82340 -0.000007
82350 0.000013
82360 0.000028
82370 -0.000012
82380 -0.000018
82390 -0.000028
82400 -0.000014
82410 0.000004
82420 -0.000009
82430 -0.000004
82440 0.000001
82450 0.000006
82460 0.000022
82470 0.000017
82480 0.000013
82490 0.000021
82500 -0.000007
82510 0.000026
82520 0.000012
82530 0.000007
82540 -0.000002
82550 0.000004
82560 0.000004
82570 0.000021
82580 -0.000000
82590 -0.000001
82600 0.000001
82610 -0.000013
82620 -0.000004
82630 0.000003
82640 0.000012
82650 -0.000008
82660 -0.000014
82670 0.000012
82680 0.000623
82690 0.000013
82700 0.000012
82710 0.000002
82720 -0.000010
82730 -0.000000
82740 -0.000002
82750 -0.000008
82760 0.000013
82770 0.000000
82780 -0.000002
82790 -0.000002
82800 0.000001
82810 -0.000002
82820 0.000024
82830 -0.000000
82840 -0.000003
82850 0.000007
82860 -0.000010
82870 -0.000001
82880 0.000012
82890 0.000006
82900 -0.000029
82910 -0.000011
82920 -0.000003
82930 0.000006
82940 0.000016
82950 0.000007
82960 -0.000015
82970 -0.000000
82980 0.000016
82990 0.000017
83000 -0.000007
83010 0.000007
83020 -0.000018
83030 0.000012
83040 0.000006
83050 0.000018
83060 0.000006
83070 -0.000015
83080 -0.000015
83090 -0.000001
83100 -0.000003
83110 0.000013
83120 -0.000014
83130 0.000015
83140 0.000038
83150 0.000010
83160 -0.000012
83170 0.000006
83180 -0.000027
83190 0.000009
83200 -0.000002
83210 0.000001
83220 -0.000002
83230 -0.000023
83240 0.000010
83250 -0.000019
83260 0.000010
83270 -0.000008
83280 0.000007
83290 -0.000001
83300 0.000001
83310 0.000007
83320 -0.000006
83330 -0.000001
83340 -0.000018
83350 -0.000012
83360 0.000003
83370 0.000002
83380 0.000011
83390 -0.000014
83400 0.000000
83410 0.000006
83420 -0.000002
83430 -0.000014
83440 0.000010
83450 -0.000001
83460 -0.000001
83470 0.000010
83480 -0.000001
83490 -0.000005
83500 0.000002
83510 0.000009
83520 -0.000021
83530 0.000011
83540 -0.000005
83550 0.000018
83560 -0.000008
83570 -0.000016
83580 -0.000013
83590 -0.000007
83600 -0.000005
83610 -0.000006
83620 0.000001
83630 -0.000009
83640 -0.000002
83650 0.000007
83660 -0.000008
83670 -0.000000
83680 0.000009
83690 0.000022
83700 0.000007
83710 0.000005
83720 -0.000003
83730 0.000002
83740 -0.000006
83750 0.000011
83760 -0.000011
83770 -0.000003
83780 -0.000013
83790 -0.000001
83800 0.000005
83810 0.000023
83820 -0.000004
83830 0.000015
83840 0.000058
83850 -0.000008
83860 0.000000
83870 -0.000004
83880 -0.000007
83890 0.000016
83900 -0.000021
83910 0.000013
83920 -0.000000
83930 -0.000002
83940 0.000012
83950 0.000021
83960 -0.000006
83970 0.000008
83980 -0.000015
83990 0.000004
84000 0.000003
84010 0.000005
84020 -0.000014
84030 -0.000019
84040 -0.000012
84050 -0.000009
84060 -0.000011
84070 -0.000006
84080 0.000011
84090 0.000003
84100 -0.000010
84110 0.000013
84120 0.000014
84130 -0.000001
84140 -0.000002
84150 -0.000013
84160 0.000011
84170 -0.000017
84180 0.000009
84190 0.000011
84200 0.000018
84210 0.000005
84220 -0.000006
84230 0.000024
84240 0.000015
84250 0.000018
84260 0.000009
84270 0.000002
84280 -0.000018
84290 0.000006
84300 0.000016
84310 0.000014
84320 0.000009
84330 0.000002
84340 0.000016
84350 -0.000000
84360 -0.000008
84370 -0.000009
84380 -0.000006
84390 0.000001
84400 -0.000000
84410 -0.000005
84420 -0.000077
84430 0.000002
84440 0.000010
84450 -0.000006
84460 0.000002
84470 -0.000019
84480 -0.000010
84490 -0.000012
84500 -0.000002
84510 0.000001
84520 0.000009
84530 0.000005
84540 0.000008
84550 -0.000010
84560 -0.000014
84570 -0.000008
84580 0.000003
84590 0.000009
84600 0.000003
84610 0.000005
84620 -0.000007
84630 -0.000001
84640 0.000002
84650 -0.000007
84660 -0.000019
84670 0.000003
84680 0.000004
84690 0.000013
84700 -0.000000
84710 0.000012
84720 0.000008
84730 -0.000002
84740 0.000014
84750 -0.000004
84760 -0.000000
84770 0.000021
84780 -0.000005
84790 0.000011
84800 -0.000011
84810 0.000018
84820 -0.000003
84830 -0.000002
84840 -0.000000
84850 0.000003
84860 -0.000005
84870 0.000000
84880 0.000006
84890 -0.000009
84900 0.000009
84910 0.000005
84920 -0.000008
84930 -0.000000
84940 0.000004
84950 0.000012
84960 0.000030
84970 -0.000002
84980 -0.000013
84990 -0.000010
85000 -0.000014
85010 0.000000
85020 0.000010
85030 0.000001
85040 0.000001
85050 0.000019
85060 0.000006
85070 0.000007
85080 0.000003
85090 0.000002
85100 0.000002
85110 -0.000002
85120 0.000015
85130 -0.000009
85140 0.000000
85150 0.000010
85160 0.000011
85170 -0.000014
85180 0.000009
85190 -0.000009
85200 0.000005
85210 0.000008
85220 0.000016
85230 -0.000004
85240 -0.000007
85250 -0.000012
85260 0.000022
85270 0.000011
85280 0.000004
85290 0.000017
85300 0.000018
85310 0.000003
85320 -0.000001
85330 -0.000004
85340 0.000002
85350 -0.000006
85360 0.000010
85370 0.000003
85380 0.000017
85390 -0.000013
85400 -0.000003
85410 -0.000003
85420 -0.000002
85430 0.000016
85440 0.000033
85450 0.000008
85460 -0.000001
85470 0.000025
85480 -0.000006
85490 -0.000004
85500 0.000004
85510 -0.000003
85520 0.000046
85530 0.000002
85540 0.000012
85550 -0.000003
85560 -0.000020
85570 -0.000006
85580 0.000004
85590 0.000016
85600 -0.000001
85610 0.000002
85620 -0.000002
85630 0.000005
85640 -0.000001
85650 0.000004
85660 -0.000013
85670 -0.000034
85680 -0.000015
85690 -0.000001
85700 -0.000006
85710 0.000016
85720 -0.000023
85730 0.000016
85740 -0.000001
85750 0.000003
85760 -0.000013
85770 -0.000003
85780 0.000000
85790 0.000008
85800 -0.000014
85810 -0.000008
85820 0.000003
85830 0.000002
85840 0.000020
85850 0.000006
85860 0.000000
85870 -0.000007
85880 0.000008
85890 0.000012
85900 0.000006
85910 0.000008
85920 -0.000012
85930 -0.000010
85940 0.000003
85950 -0.000007
85960 -0.000008
85970 0.000014
85980 -0.000009
85990 -0.000018
86000 0.000012
86010 0.000010
86020 -0.000001
86030 0.000020
86040 0.000024
86050 0.000003
86060 -0.000015
86070 0.000018
86080 -0.000003
86090 0.000017
86100 -0.000005
86110 0.000006
86120 -0.000048
86130 0.000069
86140 -0.000001
86150 0.000016
86160 -0.000005
86170 -0.000001
86180 -0.000005
86190 -0.000003
86200 0.000008
86210 0.000002
86220 -0.000012
86230 -0.000005
86240 -0.000049
86250 -0.000007
86260 -0.000005
86270 -0.000010
86280 -0.000006
86290 0.000002
86300 -0.000014
86310 -0.000029
86320 -0.000011
86330 -0.000007
86340 -0.000002
86350 -0.000056
86360 0.000010
86370 -0.000014
86380 0.000010
86390 0.000006
86400 0.000006
86410 -0.000004
86420 0.000003
86430 -0.000009
86440 0.000009
86450 -0.000017
86460 -0.000005
86470 -0.000009
86480 -0.000001
86490 0.000010
86500 0.000009
86510 0.000005
86520 -0.000017
86530 -0.000011
86540 -0.000022
86550 0.000005
86560 -0.000006
86570 -0.000008
86580 -0.000002
86590 0.000012
86600 0.000000
86610 0.000002
86620 -0.000004
86630 -0.000015
86640 -0.000002
86650 0.000008
86660 0.000001
86670 -0.000012
86680 0.000011
86690 -0.000001
86700 -0.000006
86710 -0.000018
86720 -0.000002
86730 -0.000018
86740 -0.000000
86750 0.000016
86760 -0.000014
86770 -0.000012
86780 0.000004
86790 0.000005
86800 0.000004
86810 -0.000001
86820 -0.000012
86830 -0.000008
86840 -0.000002
86850 -0.000000
86860 0.000025
86870 -0.000006
86880 0.000002
86890 0.000904
86900 -0.000013
86910 -0.000019
86920 -0.000001
86930 0.000008
86940 0.000017
86950 0.000007
86960 0.000024
86970 0.000018
86980 0.000012
86990 -0.000024
87000 0.000003
87010 -0.000000
87020 -0.000002
87030 0.000033
87040 0.000010
87050 0.000010
87060 -0.000014
87070 -0.000003
87080 -0.000009
87090 -0.000015
87100 0.000012
87110 -0.000012
87120 -0.000006
87130 0.000003
87140 0.000005
87150 -0.000016
87160 -0.000053
87170 -0.000004
87180 0.000006
87190 0.000002
87200 -0.000001
87210 -0.000019
87220 0.000052
87230 -0.000005
87240 -0.000012
87250 -0.000001
87260 0.000001
87270 -0.000018
87280 -0.000019
87290 0.000002
87300 0.000003
87310 -0.000012
87320 -0.000009
87330 -0.000009
87340 -0.000025
87350 -0.000012
87360 -0.000002
87370 0.000037
87380 0.000006
87390 -0.000006
87400 -0.000013
87410 -0.000004
87420 0.000011
87430 -0.000015
87440 0.000006
87450 -0.000001
87460 -0.000006
87470 0.000023
87480 0.000001
87490 0.000009
87500 0.000011
87510 0.000002
87520 0.000003
87530 0.000002
87540 -0.000017
87550 -0.000028
87560 -0.000011
87570 -0.000016
87580 -0.000002
87590 0.000008
87600 -0.000007
87610 -0.000005
87620 0.000002
87630 -0.000010
87640 -0.000007
87650 -0.000005
87660 0.000130
87670 0.000008
87680 0.000025
87690 -0.000002
87700 0.000246
87710 -0.000005
87720 -0.000007
87730 -0.000003
87740 -0.000007
87750 0.000007
87760 0.000002
87770 0.000002
87780 -0.000002
87790 0.000018
87800 0.000084
87810 0.000001
87820 0.000014
87830 0.000006
87840 -0.000008
87850 -0.000002
87860 -0.000000
87870 -0.000024
87880 -0.000004
87890 0.000006
87900 0.000006
87910 0.000006
87920 -0.000012
87930 -0.000006
87940 -0.000014
87950 0.000008
87960 0.000030
87970 -0.000011
87980 -0.000017
87990 -0.000001
88000 0.000019
88010 -0.000010
88020 0.000008
88030 0.000001
88040 -0.000012
88050 0.000006
88060 0.000016
88070 0.000028
88080 0.000003
88090 -0.000003
88100 0.000015
88110 0.000008
88120 0.000109
88130 0.000044
88140 -0.000010
88150 0.000014
88160 -0.000006
88170 0.000000
88180 0.000001
88190 0.000003
88200 0.000002
88210 -0.000011
88220 0.000019
88230 -0.000012
88240 0.000003
88250 -0.000002
88260 0.000002
88270 0.000009
88280 -0.000012
88290 -0.000007
88300 0.000012
88310 0.000003
88320 0.000000
88330 -0.000010
88340 -0.000004
88350 -0.000007
88360 -0.000000
88370 0.000053
88380 -0.000011
88390 0.000005
88400 0.000013
88410 0.000003
88420 -0.000012
88430 -0.000002
88440 0.000002
88450 -0.000012
88460 0.000009
88470 0.000004
88480 0.000018
88490 -0.000002
88500 0.000001
88510 0.000003
88520 -0.000034
88530 0.000010
88540 -0.000002
88550 -0.000012
88560 -0.000018
88570 -0.000000
88580 -0.000009
88590 0.000002
88600 -0.000009
88610 0.000003
88620 0.000016
88630 0.000000
88640 0.000000
88650 0.000003
88660 -0.000015
88670 -0.000001
88680 0.000111
88690 0.000001
88700 0.000006
88710 0.000018
88720 -0.000004
88730 0.000007
88740 0.000003
88750 0.000006
88760 0.000004
88770 -0.000008
88780 -0.000008
88790 -0.000001
88800 -0.000006
88810 0.000014
88820 -0.000009
88830 0.000005
88840 -0.000013
88850 0.000017
88860 0.000023
88870 0.000002
88880 0.000014
88890 0.000019
88900 -0.000003
88910 0.000006
88920 -0.000006
88930 0.000004
88940 0.000004
88950 -0.000007
88960 0.000005
88970 -0.000012
88980 -0.000013
88990 -0.000013
89000 0.000000
89010 0.000010
89020 0.000008
89030 0.000010
89040 0.000004
89050 0.000017
89060 -0.000015
89070 0.000004
89080 0.000000
89090 -0.000013
89100 0.000014
89110 -0.000009
89120 0.000000
89130 -0.000000
89140 0.000000
89150 0.000008
89160 -0.000000
89170 0.000009
89180 0.000013
89190 0.000003
89200 -0.000014
89210 -0.000004
89220 -0.000012
89230 0.000000
89240 0.000006
89250 -0.000014
89260 -0.000009
89270 -0.000002
89280 0.000001
89290 -0.000041
89300 -0.000015
89310 0.000003
89320 0.000000
89330 0.000002
89340 0.000002
89350 0.000009
89360 -0.000006
89370 0.000001
89380 0.000008
89390 -0.000000
89400 0.000006
89410 -0.000002
89420 0.000006
89430 0.000017
89440 -0.000006
89450 -0.000006
89460 0.000002
89470 -0.000004
89480 -0.000002
89490 0.000014
89500 -0.000013
89510 0.000002
89520 0.000001
89530 0.000008
89540 -0.000007
89550 -0.000006
89560 0.000007
89570 -0.000006
89580 0.000004
89590 0.000014
89600 -0.000004
89610 0.000005
89620 -0.000031
89630 0.000019
89640 -0.000008
89650 -0.000003
89660 -0.000009
89670 0.000009
89680 -0.000004
89690 -0.000000
89700 -0.000005
89710 -0.000011
89720 -0.000001
89730 -0.000006
89740 0.000008
89750 -0.000003
89760 -0.000004
89770 0.000011
89780 -0.000008
89790 0.000168
89800 0.000008
89810 0.000010
89820 -0.000005
89830 -0.000068
89840 0.000017
89850 0.000011
89860 -0.000017
89870 -0.000002
89880 -0.000002
89890 -0.000007
89900 0.000001
89910 -0.000001
89920 -0.000005
89930 -0.000005
89940 -0.000008
89950 -0.000005
89960 0.000001
89970 -0.000003
89980 -0.000006
89990 0.000023
90000 -0.000012
90010 -0.000009
90020 -0.000023
90030 -0.000007
90040 0.000005
90050 0.000009
90060 0.000004
90070 -0.000004
90080 -0.000007
90090 0.000024
90100 0.000004
90110 0.000007
90120 0.000004
90130 0.000012
90140 -0.000002
90150 -0.000004
90160 -0.000006
90170 -0.000004
90180 0.000000
90190 0.000001
90200 -0.000012
90210 0.000008
90220 0.000001
90230 -0.000002
90240 0.000022
90250 -0.000008
90260 0.000025
90270 -0.000002
90280 0.000023
90290 0.000005
90300 0.000007
90310 0.000010
90320 -0.000005
90330 0.000009
90340 0.000003
90350 0.000006
90360 0.000010
90370 0.000001
90380 -0.000016
90390 0.000007
90400 -0.000000
90410 0.000008
90420 0.000013
90430 -0.000012
90440 -0.000009
90450 0.000003
90460 0.000000
90470 0.000075
90480 -0.000003
90490 -0.000001
90500 0.000004
90510 -0.000001
90520 0.000005
90530 0.000001
90540 0.000002
90550 -0.000009
90560 -0.000000
90570 -0.000013
90580 -0.000009
90590 0.000006
90600 0.000015
90610 0.000005
90620 0.000001
90630 -0.000027
90640 -0.000012
90650 0.000007
90660 0.000006
90670 0.000002
90680 -0.000003
90690 0.000001
90700 -0.000014
90710 -0.000008
90720 -0.000005
90730 0.000001
90740 -0.000002
90750 0.000005
90760 -0.000001
90770 -0.000006
90780 0.000020
90790 -0.000016
90800 0.000004
90810 -0.000007
90820 0.000001
90830 -0.000010
90840 0.000004
90850 0.000010
90860 -0.000002
90870 0.000017
90880 -0.000008
90890 0.000008
90900 0.000001
90910 0.000014
90920 -0.000007
90930 -0.000000
90940 -0.000015
90950 -0.000002
90960 -0.000001
90970 0.000005
90980 -0.000006
90990 -0.000011
91000 -0.000005
91010 -0.000001
91020 -0.000002
91030 -0.000004
91040 0.000003
91050 -0.000007
91060 -0.000010
91070 0.000012
91080 -0.000003
91090 -0.000008
91100 0.000009
91110 -0.000001
91120 0.000012
91130 0.000007
91140 -0.000008
91150 -0.000005
91160 -0.000012
91170 -0.000007
91180 0.000008
91190 0.000001
91200 0.000003
91210 -0.000001
91220 0.000009
91230 0.000005
91240 0.000017
91250 0.000025
91260 0.000000
91270 -0.000012
91280 -0.000007
91290 0.000015
91300 -0.000004
91310 0.000013
91320 0.000006
91330 -0.000005
91340 0.000006
91350 0.000001
91360 0.000001
91370 0.000012
91380 -0.000015
91390 0.000008
91400 -0.000004
91410 0.000004
91420 -0.000011
91430 -0.000004
91440 0.000017
91450 0.000008
91460 -0.000005
91470 -0.000004
91480 -0.000005
91490 0.000002
91500 0.000005
91510 0.000000
91520 0.000003
91530 0.000006
91540 0.000002
91550 0.000020
91560 0.000002
91570 0.000020
91580 -0.000014
91590 -0.000002
91600 0.000003
91610 0.000015
91620 0.000009
91630 0.000004
91640 -0.000014
91650 -0.000007
91660 0.000002
91670 -0.000001
91680 -0.000000
91690 0.000000
91700 -0.000011
91710 -0.000012
91720 0.000003
91730 -0.000007
91740 -0.000002
91750 -0.000006
91760 0.000001
91770 0.000014
91780 0.000002
91790 0.000006
91800 -0.000108
91810 0.000010
91820 0.000009
91830 0.000002
91840 -0.000016
91850 0.000011
91860 0.000002
91870 -0.000005
91880 0.000013
91890 -0.000009
91900 -0.000000
91910 0.000002
91920 0.000002
91930 -0.000000
91940 0.000020
91950 -0.000005
91960 -0.000004
91970 -0.000002
91980 0.000001
91990 -0.000051
92000 0.000010
92010 0.000003
92020 0.000007
92030 -0.000006
92040 -0.000018
92050 0.000001
92060 0.000007
92070 0.000013
92080 -0.000009
92090 0.000011
92100 0.000001
92110 0.000001
92120 0.000007
92130 -0.000021
92140 -0.000000
92150 -0.000006
92160 -0.000006
92170 0.000015
92180 -0.000009
92190 -0.000002
92200 0.000008
92210 0.000003
92220 0.000003
92230 0.000008
92240 0.000002
92250 -0.000007
92260 0.000004
92270 0.000009
92280 0.000007
92290 0.000010
92300 -0.000007
92310 -0.000023
92320 0.000004
92330 0.000003
92340 0.000014
92350 -0.000009
92360 0.000005
92370 0.000008
92380 -0.000012
92390 0.000011
92400 -0.000011
92410 -0.000001
92420 -0.000003
92430 0.000003
92440 0.000011
92450 0.000005
92460 0.000010
92470 -0.000010
92480 0.000009
92490 -0.000006
92500 0.000035
92510 -0.000003
92520 -0.000015
92530 0.000008
92540 -0.000004
92550 0.000012
92560 -0.000005
92570 0.000042
92580 0.000001
92590 0.000002
92600 0.000012
92610 0.000015
92620 0.000010
92630 0.000007
92640 -0.000009
92650 0.000006
92660 0.000004
92670 0.000012
92680 0.000020
92690 0.000000
92700 0.000024
92710 0.000005
92720 -0.000008
92730 0.000019
92740 -0.000035
92750 -0.000106
92760 -0.000002
92770 0.000006
92780 0.000002
92790 -0.000017
92800 0.000007
92810 0.000011
92820 -0.000008
92830 0.000004
92840 -0.000003
92850 0.000002
92860 -0.000179
92870 0.000008
92880 0.000009
92890 0.000007
92900 0.000015
92910 0.000019
92920 0.000252
92930 0.000016
92940 -0.000014
92950 0.000004
92960 -0.000005
92970 -0.000019
92980 -0.000016
92990 0.000003
93000 -0.000006
93010 0.000004
93020 -0.000002
93030 -0.000003
93040 0.000006
93050 -0.000002
93060 0.000010
93070 0.000008
93080 -0.000002
93090 -0.000008
93100 0.000019
93110 0.000001
93120 0.000001
93130 -0.000004
93140 0.000030
93150 0.000003
93160 0.000003
93170 -0.000018
93180 0.000023
93190 0.000006
93200 -0.000015
93210 -0.000005
93220 0.000002
93230 -0.000014
93240 0.000008
93250 -0.000006
93260 -0.000006
93270 0.000000
93280 -0.000007
93290 -0.000003
93300 0.000006
93310 0.000115
93320 -0.000010
93330 0.000005
93340 -0.000002
93350 0.000005
93360 -0.000007
93370 0.000000
93380 -0.000003
93390 -0.000015
93400 -0.000005
93410 0.000010
93420 -0.000001
93430 0.000001
93440 -0.000007
93450 0.000002
93460 -0.000008
93470 0.000012
93480 -0.000016
93490 0.000005
93500 0.000000
93510 0.000005
93520 -0.000009
93530 0.000015
93540 -0.000003
93550 -0.000003
93560 -0.000013
93570 -0.000008
93580 0.000013
93590 -0.000003
93600 -0.000007
93610 0.000011
93620 0.000007
93630 0.000013
93640 -0.000006
93650 0.000010
93660 0.000015
93670 0.000007
93680 0.000002
93690 -0.000003
93700 -0.000003
93710 0.000006
93720 0.000009
93730 -0.000004
93740 -0.000003
93750 -0.000007
93760 0.000001
93770 0.000008
93780 0.000003
93790 0.000011
93800 0.000111
93810 -0.000001
93820 0.000004
93830 0.000011
93840 -0.000000
93850 -0.000010
93860 -0.000001
93870 -0.000003
93880 -0.000003
93890 0.000002
93900 -0.000001
93910 0.000008
93920 -0.000003
93930 -0.000006
93940 -0.000018
93950 -0.000016
93960 0.000002
93970 0.000001
93980 -0.000017
93990 -0.000012
94000 -0.000012
94010 0.000004
94020 0.000010
94030 0.000013
94040 0.000002
94050 0.000005
94060 0.000000
94070 0.000004
94080 0.000005
94090 -0.000128
94100 -0.000011
94110 0.000018
94120 -0.000003
94130 -0.000007
94140 -0.000007
94150 0.000003
94160 -0.000026
94170 0.000009
94180 -0.000033
94190 0.000001
94200 0.000006
94210 0.000006
94220 0.000005
94230 -0.000009
94240 0.000002
94250 0.000026
94260 -0.000013
94270 -0.000010
94280 -0.000003
94290 0.000016
94300 -0.000005
94310 0.000001
94320 0.000014
94330 0.000010
94340 -0.000009
94350 0.000005
94360 -0.000020
94370 -0.000002
94380 0.000007
94390 -0.000004
94400 -0.000005
94410 -0.000014
94420 -0.000011
94430 0.000001
94440 -0.000005
94450 0.000012
94460 -0.000011
94470 0.000012
94480 0.000013
94490 -0.000005
94500 0.000007
94510 0.000000
94520 0.000006
94530 0.000018
94540 0.000002
94550 -0.000001
94560 -0.000006
94570 -0.000011
94580 -0.000005
94590 0.000007
94600 0.000000
94610 0.000004
94620 0.000005
94630 -0.000011
94640 -0.000018
94650 0.000008
94660 -0.000000
94670 -0.000002
94680 0.000005
94690 -0.000003
94700 0.000003
94710 0.000004
94720 -0.000008
94730 0.000016
94740 -0.000012
94750 -0.000004
94760 0.000011
94770 -0.000010
94780 -0.000010
94790 0.000005
94800 0.000007
94810 0.000014
94820 -0.000079
94830 -0.000009
94840 -0.000007
94850 0.000010
94860 -0.000015
94870 -0.000009
94880 0.000042
94890 -0.000002
94900 -0.000002
94910 0.000002
94920 0.000024
94930 -0.000007
94940 0.000010
94950 0.000001
94960 -0.000013
94970 -0.000001
94980 -0.000000
94990 0.000007
95000 -0.000004
95010 -0.000013
95020 0.000059
95030 -0.000013
95040 -0.000002
95050 -0.000008
95060 -0.000003
95070 -0.000009
95080 0.000003
95090 -0.000022
95100 0.000133
95110 0.000012
95120 0.000010
95130 -0.000006
95140 0.000008
95150 0.000007
95160 0.000000
95170 0.000008
95180 -0.000005
95190 -0.000004
95200 0.000009
95210 -0.000005
95220 -0.000006
95230 -0.000028
95240 0.000003
95250 0.000019
95260 -0.000011
95270 0.000008
95280 -0.000004
95290 0.000003
95300 0.000012
95310 0.000016
95320 -0.000007
95330 -0.000005
95340 0.000012
95350 0.000135
95360 -0.000001
95370 -0.000015
95380 0.000015
95390 -0.000008
95400 -0.000028
95410 0.000003
95420 -0.000014
95430 -0.000004
95440 -0.000009
95450 -0.000001
95460 -0.000030
95470 0.011894
95480 -0.000005
95490 -0.000004
95500 -0.000015
95510 -0.000013
95520 0.000005
95530 -0.000013
95540 -0.000007
95550 -0.000007
95560 -0.000005
95570 -0.000010
95580 0.000001
95590 -0.000009
95600 -0.000010
95610 -0.000008
95620 0.000004
95630 0.000008
95640 0.000005
95650 -0.000004
95660 -0.000002
95670 0.000011
95680 0.000005
95690 0.000004
95700 -0.000004
95710 -0.000007
95720 -0.000014
95730 0.000004
95740 -0.000006
95750 -0.000001
95760 0.000003
95770 0.000008
95780 -0.000004
95790 0.000004
95800 0.000005
95810 -0.000003
95820 -0.000002
95830 -0.000009
95840 0.000002
95850 -0.000006
95860 0.000002
95870 0.000001
95880 0.000006
95890 0.000018
95900 -0.000010
95910 -0.000000
95920 -0.000004
95930 -0.000006
95940 -0.000001
95950 -0.000006
95960 -0.000012
95970 0.000012
95980 -0.000027
95990 0.000004
96000 -0.000008
96010 -0.000001
96020 -0.000004
96030 0.000008
96040 -0.000001
96050 0.000003
96060 -0.000002
96070 -0.000014
96080 0.000000
96090 0.000009
96100 -0.000002
96110 -0.000004
96120 -0.000015
96130 -0.000007
96140 -0.000002
96150 -0.000004
96160 0.000012
96170 0.000010
96180 -0.000021
96190 0.000006
96200 0.000008
96210 -0.000003
96220 -0.000002
96230 -0.000003
96240 0.000009
96250 0.000012
96260 0.000010
96270 0.000012
96280 -0.000024
96290 0.000014
96300 -0.000002
96310 -0.000009
96320 -0.000017
96330 0.000018
96340 0.000003
96350 0.000005
96360 -0.000001
96370 0.000005
96380 0.000012
96390 -0.000006
96400 -0.000003
96410 -0.000012
96420 0.000004
96430 -0.000002
96440 0.000017
96450 0.000027
96460 -0.000023
96470 0.000004
96480 0.000013
96490 0.000001
96500 -0.000009
96510 0.000002
96520 -0.000004
96530 0.000000
96540 -0.000257
96550 -0.000024
96560 -0.000011
96570 0.000002
96580 -0.000002
96590 -0.000025
96600 -0.000019
96610 0.000005
96620 0.000026
96630 0.000022
96640 0.000010
96650 0.000000
96660 -0.000001
96670 -0.000001
96680 -0.000004
96690 0.000012
96700 0.000003
96710 -0.000001
96720 0.000012
96730 -0.000004
96740 0.000008
96750 -0.000016
96760 -0.000015
96770 0.000006
96780 0.000001
96790 0.000003
96800 0.000002
96810 0.000000
96820 -0.000011
96830 -0.000002
96840 -0.000007
96850 0.000025
96860 0.000000
96870 -0.000005
96880 -0.000010
96890 -0.000003
96900 0.000002
96910 -0.000013
96920 0.000009
96930 0.000014
96940 -0.000008
96950 0.000006
96960 -0.000003
96970 -0.000024
96980 -0.000009
96990 -0.000005
97000 -0.000008
97010 -0.000002
97020 -0.000007
97030 -0.000010
97040 0.000009
97050 0.000006
97060 0.000011
97070 0.000007
97080 0.000018
97090 -0.000078
97100 0.000025
97110 0.000015
97120 0.000007
97130 -0.000000
97140 0.000005
97150 0.000008
97160 -0.000003
97170 0.000006
97180 -0.000006
97190 -0.000001
97200 0.000006
97210 0.000003
97220 0.000019
97230 -0.000012
97240 -0.000005
97250 0.000002
97260 -0.000022
97270 -0.000026
97280 -0.000003
97290 -0.000006
97300 -0.000003
97310 0.000012
97320 0.000020
97330 0.000008
97340 0.000000
97350 -0.000001
97360 -0.000015
97370 -0.000013
97380 0.000006
97390 0.000006
97400 -0.000004
97410 0.000013
97420 0.000002
97430 0.000012
97440 -0.000001
97450 0.000001
97460 -0.000023
97470 0.000009
97480 -0.000009
97490 -0.000004
97500 -0.000017
97510 0.000008
97520 -0.000006
97530 -0.000003
97540 0.000005
97550 0.000004
97560 0.000003
97570 -0.000000
97580 0.000012
97590 0.000009
97600 0.000000
97610 0.000012
97620 -0.000008
97630 0.000001
97640 0.000009
97650 -0.000008
97660 0.000003
97670 -0.000005
97680 -0.000005
97690 -0.000014
97700 -0.000014
97710 -0.000018
97720 -0.000012
97730 -0.000002
97740 0.000007
97750 0.000000
97760 0.000014
97770 -0.000001
97780 -0.000004
97790 0.000024
97800 -0.000013
97810 -0.000005
97820 0.000034
97830 0.000004
97840 -0.000019
97850 -0.000001
97860 0.000015
97870 -0.000008
97880 0.000009
97890 0.000013
97900 0.000010
97910 0.000006
97920 -0.000016
97930 -0.000006
97940 0.000008
97950 0.000008
97960 -0.000010
97970 0.000006
97980 -0.000007
97990 0.000000
98000 -0.000006
98010 -0.000021
98020 0.000003
98030 -0.000007
98040 -0.000016
98050 -0.000014
98060 -0.000002
98070 0.000006
98080 0.000001
98090 0.000017
98100 -0.000008
98110 0.000004
98120 -0.000018
98130 0.000014
98140 -0.000028
98150 -0.000002
98160 0.000016
98170 -0.000006
98180 -0.000004
98190 -0.000012
98200 -0.000001
98210 -0.000000
98220 0.000015
98230 -0.000016
98240 -0.000009
98250 -0.000004
98260 0.000014
98270 -0.000001
98280 0.000010
98290 -0.000006
98300 0.000007
98310 -0.000005
98320 -0.000006
98330 -0.000000
98340 -0.000017
98350 -0.000003
98360 -0.000014
98370 0.000002
98380 0.000009
98390 0.000008
98400 0.000009
98410 -0.000008
98420 0.000021
98430 0.000031
98440 0.000018
98450 0.000007
98460 0.000013
98470 0.000017
98480 -0.000001
98490 -0.000001
98500 0.000004
98510 -0.000010
98520 -0.000004
98530 0.000002
98540 -0.000014
98550 -0.000001
98560 0.000004
98570 -0.000108
98580 -0.000006
98590 0.000000
98600 0.000001
98610 0.000005
98620 0.000005
98630 -0.000007
98640 -0.000003
98650 0.000007
98660 -0.000003
98670 0.000001
98680 0.000003
98690 -0.000009
98700 0.000000
98710 0.000001
98720 -0.000031
98730 -0.000002
98740 0.000016
98750 0.000002
98760 -0.000002
98770 -0.000014
98780 0.000007
98790 -0.000004
98800 -0.000017
98810 0.001187
98820 0.000005
98830 0.000000
98840 0.000001
98850 -0.000001
98860 -0.000006
98870 0.000011
98880 0.000006
98890 0.000016
98900 -0.000005
98910 -0.000003
98920 0.000005
98930 -0.000007
98940 -0.000004
98950 -0.000005
98960 0.000009
98970 0.000007
98980 0.000001
98990 -0.000018
99000 -0.000006
99010 0.000010
99020 0.000014
99030 0.000003
99040 -0.000010
99050 0.000002
99060 -0.000005
99070 0.000005
99080 -0.000005
99090 0.000011
99100 0.000014
99110 -0.000007
99120 -0.000010
99130 -0.000000
99140 0.000002
99150 -0.000007
99160 -0.000001
99170 -0.000004
99180 0.000002
99190 0.000008
99200 0.000001
99210 0.000016
99220 0.000000
99230 0.000001
99240 0.000003
99250 0.000003
99260 -0.000002
99270 0.000003
99280 -0.000001
99290 -0.000000
99300 -0.000007
99310 0.000003
99320 -0.000030
99330 -0.000003
99340 -0.000010
99350 -0.000012
99360 0.000011
99370 0.000000
99380 -0.000018
99390 -0.000000
99400 0.000001
99410 -0.000018
99420 0.000006
99430 0.000003
99440 -0.000001
99450 0.000004
99460 0.000010
99470 -0.000006
99480 0.000002
99490 -0.000001
99500 0.000010
99510 -0.000004
99520 -0.000001
99530 -0.000003
99540 0.000014
99550 0.000004
99560 -0.000011
99570 -0.000007
99580 0.000017
99590 -0.000012
99600 0.000002
99610 -0.000013
99620 0.000012
99630 0.000002
99640 -0.000024
99650 0.000014
99660 -0.000002
99670 0.000002
99680 0.000006
99690 -0.000010
99700 -0.000004
99710 -0.000005
99720 -0.000009
99730 0.000003
99740 -0.000009
99750 -0.000000
99760 0.000015
99770 0.000003
99780 0.000012
99790 0.000002
99800 0.000007
99810 -0.000000
99820 0.000009
99830 -0.000005
99840 -0.000011
99850 0.000018
99860 0.000010
99870 -0.000003
99880 -0.000007
99890 -0.000013
99900 0.000013
99910 -0.000009
99920 0.000005
99930 0.000019
99940 -0.000004
99950 -0.000002
99960 0.000004
99970 0.000016
99980 -0.000003
99990 0.000010
100000 -0.000005
100010 -0.000003
100020 -0.000011
100030 0.000005
100040 0.000001
100050 0.000003
100060 -0.000010
100070 0.000002
100080 0.000003
100090 -0.000003
100100 0.000005
100110 0.000005
100120 0.000011
100130 -0.000013
100140 0.000015
100150 -0.000004
100160 -0.000003
100170 0.000005
100180 -0.000007
100190 0.000003
100200 0.000010
100210 0.000011
100220 0.000011
100230 0.000002
100240 -0.000004
100250 0.000003
100260 0.000006
100270 -0.000004
100280 -0.000002
100290 -0.000002
100300 0.000009
100310 0.000007
100320 -0.000012
100330 -0.000003
100340 0.000005
100350 -0.000001
100360 0.000004
100370 -0.000006
100380 -0.000013
100390 0.000019
100400 -0.000005
100410 -0.000003
100420 0.000011
100430 0.000010
100440 0.000011
100450 -0.000001
100460 0.000014
100470 0.000015
100480 0.000006
100490 0.000011
100500 0.000006
100510 -0.000009
100520 0.000008
100530 -0.000000
100540 -0.000006
100550 -0.000009
100560 -0.000024
100570 0.000011
100580 -0.000013
100590 0.000006
100600 0.000002
100610 0.000003
100620 0.000007
100630 -0.000006
100640 0.000356
100650 -0.000004
100660 0.000001
100670 0.000005
100680 -0.000007
100690 -0.000004
100700 -0.000019
100710 -0.000015
100720 0.000006
100730 -0.000007
100740 0.000018
100750 0.000017
100760 0.000005
100770 -0.000003
100780 0.000008
100790 0.000001
100800 -0.000006
100810 -0.000007
100820 -0.000001
100830 0.000002
100840 -0.000002
100850 0.000008
100860 0.000000
100870 -0.000002
100880 -0.000015
100890 0.000001
100900 0.000002
100910 -0.000010
100920 0.000000
100930 -0.000004
100940 -0.000011
100950 -0.000008
100960 0.000002
100970 0.000011
100980 -0.000001
100990 0.000007
101000 0.000002
101010 0.000016
101020 -0.000002
101030 -0.000004
101040 -0.000002
101050 -0.000011
101060 -0.000010
101070 0.000010
101080 -0.000033
101090 0.000015
101100 -0.000005
101110 0.000007
101120 -0.000012
101130 -0.000000
101140 -0.000000
101150 0.000002
101160 0.000005
101170 -0.000010
101180 -0.000007
101190 0.000008
101200 0.000008
101210 0.000011
101220 0.000009
101230 -0.000001
101240 -0.000004
101250 0.000003
101260 0.000006
101270 0.000029
101280 -0.000008
101290 0.000011
101300 -0.000013
101310 -0.000007
101320 -0.000006
101330 -0.000009
101340 -0.000014
101350 -0.000001
101360 0.000003
101370 0.000003
101380 -0.000006
101390 0.000003
101400 0.000007
101410 -0.000022
101420 0.000002
101430 0.000003
101440 0.000001
101450 0.000004
101460 -0.000012
101470 -0.000002
101480 -0.000003
101490 -0.000002
101500 -0.000016
101510 0.000010
101520 -0.000007
101530 0.000005
101540 0.000039
101550 0.000018
101560 0.000006
101570 -0.000007
101580 0.000010
101590 -0.000001
101600 0.000006
101610 0.000005
101620 -0.000007
101630 0.000015
101640 -0.000001
101650 0.000001
101660 -0.000005
101670 -0.000014
101680 -0.000020
101690 0.000029
101700 0.000043
101710 -0.000002
101720 -0.000002
101730 0.000009
101740 0.000008
101750 0.000000
101760 0.000005
101770 0.000002
101780 -0.000013
101790 -0.000004
101800 -0.000008
101810 -0.000016
101820 0.000018
101830 -0.000001
101840 -0.000007
101850 0.000004
101860 -0.000007
101870 -0.000005
101880 0.000001
101890 0.000001
101900 -0.000014
101910 0.000004
101920 0.000009
101930 -0.000005
101940 -0.000016
101950 0.000015
101960 -0.000014
101970 -0.000005
101980 -0.000019
101990 0.000007
102000 -0.000007
102010 0.000002
102020 -0.000005
102030 0.000011
102040 0.000018
102050 -0.000012
102060 0.000008
102070 -0.000010
102080 0.000003
102090 0.000049
102100 0.000003
102110 -0.000007
102120 0.000002
102130 -0.000004
102140 0.000006
102150 0.000010
102160 0.000001
102170 0.000003
102180 0.000002
102190 0.000008
102200 0.000010
102210 -0.000008
102220 -0.000019
102230 0.000084
102240 0.000010
102250 0.000009
102260 0.000006
102270 0.000013
102280 0.000001
102290 -0.000023
102300 -0.000001
102310 -0.000013
102320 -0.000007
102330 0.000000
102340 -0.000003
102350 -0.000001
102360 -0.000000
102370 0.000013
102380 0.000008
102390 -0.000008
102400 -0.000002
102410 0.000001
102420 0.000004
102430 -0.000009
102440 0.000016
102450 -0.000009
102460 0.000001
102470 0.000000
102480 -0.000002
102490 -0.000002
102500 0.000007
102510 0.000001
102520 0.000011
102530 0.000011
102540 -0.000004
102550 0.000016
102560 -0.000009
102570 -0.000003
102580 0.000003
102590 -0.000006
102600 -0.000007
102610 -0.000008
102620 -0.000003
102630 0.000009
102640 -0.000006
102650 0.000001
102660 0.000002
102670 0.000006
102680 0.000002
102690 0.000013
102700 0.000009
102710 0.000007
102720 0.000009
102730 0.000004
102740 -0.000003
102750 -0.000001
102760 0.000006
102770 0.000010
102780 0.000001
102790 -0.000004
102800 -0.000007
102810 0.000005
102820 -0.000010
102830 0.000011
102840 0.000008
102850 0.000003
102860 -0.000011
102870 -0.000010
102880 -0.000011
102890 0.000006
102900 -0.000008
102910 -0.000004
102920 0.000008
102930 0.000010
102940 -0.000009
102950 0.000011
102960 -0.000007
102970 -0.000009
102980 -0.000154
102990 0.000007
103000 0.000008
103010 -0.000002
103020 0.000007
103030 0.000008
103040 -0.000019
103050 0.000006
103060 -0.000002
103070 -0.000007
103080 -0.000003
103090 -0.000011
103100 0.000006
103110 -0.000002
103120 0.000003
103130 0.000001
103140 -0.000003
103150 -0.000006
103160 -0.000003
103170 0.000007
103180 -0.000012
103190 0.000004
103200 -0.000004
103210 0.000016
103220 0.000006
103230 -0.000005
103240 0.000006
103250 0.000005
103260 -0.000008
103270 0.000002
103280 0.000005
103290 0.000149
103300 0.000001
103310 -0.000006
103320 0.000003
103330 -0.000006
103340 0.000000
103350 0.000007
103360 -0.000003
103370 0.000000
103380 0.000001
103390 -0.000030
103400 -0.000001
103410 -0.000011
103420 -0.000004
103430 -0.000010
103440 0.000005
103450 0.000002
103460 0.000013
103470 0.000013
103480 -0.000003
103490 0.000005
103500 -0.000033
103510 0.000001
103520 -0.000001
103530 0.000004
103540 0.000009
103550 -0.000004
103560 -0.000005
103570 0.000013
103580 -0.000005
103590 0.000013
103600 -0.000010
103610 -0.000013
103620 -0.000005
103630 0.000004
103640 -0.000003
103650 -0.000008
103660 0.000007
103670 0.000012
103680 -0.000001
103690 -0.000009
103700 -0.000007
103710 -0.000012
103720 -0.000015
103730 0.000001
103740 0.000007
103750 0.000004
103760 -0.000016
103770 0.000005
103780 -0.000007
103790 -0.000006
103800 0.000006
103810 0.000004
103820 0.000002
103830 0.000006
103840 0.000001
103850 -0.000008
103860 0.000030
103870 -0.000002
103880 0.000012
103890 0.000009
103900 -0.000004
103910 0.000001
103920 -0.000022
103930 -0.000003
103940 -0.000007
103950 0.000002
103960 -0.000000
103970 -0.000008
103980 0.000009
103990 -0.000018
104000 0.000000
104010 -0.000005
104020 0.000006
104030 0.000015
104040 0.000010
104050 0.000000
104060 0.000006
104070 0.000006
104080 0.000003
104090 0.000004
104100 -0.000002
104110 0.000010
104120 0.000005
104130 -0.000007
104140 -0.000009
104150 0.000017
104160 -0.000000
104170 0.000003
104180 0.000004
104190 0.000009
104200 0.000008
104210 0.000002
104220 -0.000002
104230 0.000005
104240 -0.000016
104250 -0.000007
104260 0.000002
104270 0.000001
104280 -0.000018
104290 -0.000005
104300 0.000003
104310 -0.000003
104320 0.000009
104330 0.000008
104340 0.000006
104350 0.000007
104360 0.000001
104370 -0.000098
104380 -0.000014
104390 -0.000012
104400 -0.000013
104410 -0.000003
104420 -0.000011
104430 0.000011
104440 0.000030
104450 0.000000
104460 -0.000004
104470 -0.000050
104480 0.000018
104490 0.000003
104500 0.000000
104510 -0.000007
104520 0.000000
104530 -0.000006
104540 -0.000015
104550 0.000107
104560 -0.000011
104570 0.000012
104580 0.000001
104590 -0.000007
104600 -0.000011
104610 0.000001
104620 0.000015
104630 -0.000021
104640 -0.000007
104650 0.000006
104660 0.000005
104670 0.000003
104680 -0.000006
104690 -0.000012
104700 0.000005
104710 0.000002
104720 -0.000004
104730 -0.000022
104740 -0.000006
104750 0.000002
104760 0.000014
104770 -0.000004
104780 0.001054
104790 0.000026
104800 -0.000001
104810 0.000003
104820 0.000010
104830 -0.000003
104840 -0.000005
104850 -0.000005
104860 -0.000013
104870 0.000005
104880 0.000014
104890 -0.000009
104900 0.000006
104910 0.000007
104920 -0.000004
104930 0.000012
104940 -0.000005
104950 0.000003
104960 -0.000007
104970 0.000004
104980 -0.000001
104990 0.000010
105000 -0.000003
105010 -0.000015
105020 -0.000012
105030 -0.000001
105040 -0.000008
105050 -0.000004
105060 -0.000006
105070 -0.000004
105080 -0.000005
105090 0.000001
105100 -0.000000
105110 -0.000005
105120 -0.000001
105130 0.000002
105140 -0.000013
105150 0.000002
105160 0.000001
105170 -0.000007
105180 0.000037
105190 0.000000
105200 0.000006
105210 0.000012
105220 0.000004
105230 0.000011
105240 -0.000003
105250 0.000015
105260 0.000002
105270 0.000005
105280 -0.000004
105290 -0.000009
105300 -0.000007
105310 0.000024
105320 0.000043
105330 -0.000005
105340 -0.000006
105350 -0.000009
105360 0.000006
105370 0.000012
105380 -0.000045
105390 0.000013
105400 0.000013
105410 -0.000005
105420 -0.000015
105430 -0.000005
105440 -0.000006
105450 0.000029
105460 0.000015
105470 0.000011
105480 0.000016
105490 0.000003
105500 -0.000007
105510 0.000005
105520 -0.000005
105530 0.000012
105540 0.000026
105550 0.000002
105560 -0.000028
105570 -0.000004
105580 0.000011
105590 0.000003
105600 0.000000
105610 -0.000010
105620 0.000021
105630 0.000011
105640 -0.000008
105650 0.000013
105660 0.000011
105670 0.000010
105680 -0.000001
105690 -0.000009
105700 0.000002
105710 0.000007
105720 0.000010
105730 0.000005
105740 0.000010
105750 0.000016
105760 0.000010
105770 0.000004
105780 0.000007
105790 0.000015
105800 -0.000008
105810 0.000003
105820 0.000005
105830 -0.000004
105840 0.000025
105850 0.000002
105860 0.000021
105870 0.000000
105880 -0.000012
105890 0.000010
105900 -0.000001
105910 -0.000001
105920 0.000000
105930 -0.000010
105940 -0.000016
105950 -0.000017
105960 0.000028
105970 0.000004
105980 -0.000001
105990 0.000008
106000 -0.000004
106010 -0.000005
106020 -0.000005
106030 0.000017
106040 0.000007
106050 0.000013
106060 -0.000009
106070 0.000009
106080 -0.000008
106090 0.000012
106100 0.000003
106110 0.000005
106120 0.000003
106130 -0.000005
106140 -0.000004
106150 0.000016
106160 0.000005
106170 0.000064
106180 0.000001
106190 0.000011
106200 -0.000008
106210 -0.000004
106220 -0.000009
106230 -0.000014
106240 -0.000002
106250 0.000006
106260 0.000005
106270 0.000010
106280 -0.000004
106290 0.000004
106300 0.000001
106310 0.000004
106320 0.000012
106330 -0.000002
106340 0.000010
106350 -0.000004
106360 -0.000003
106370 0.000009
106380 0.000009
106390 0.000002
106400 -0.000010
106410 0.000003
106420 0.000002
106430 0.000009
106440 -0.000010
106450 -0.000003
106460 0.000004
106470 0.000015
106480 -0.000003
106490 -0.000010
106500 -0.000007
106510 0.000004
106520 0.000007
106530 0.000013
106540 -0.000001
106550 -0.000014
106560 -0.000005
106570 -0.000001
106580 0.000001
106590 0.000011
106600 0.000004
106610 0.000022
106620 -0.000008
106630 0.000010
106640 0.000002
106650 -0.000004
106660 -0.000011
106670 -0.000008
106680 -0.000004
106690 0.000011
106700 -0.000005
106710 0.000003
106720 0.000021
106730 0.000001
106740 0.000013
106750 0.000008
106760 0.000005
106770 0.000014
106780 0.000005
106790 -0.000000
106800 0.000041
106810 -0.000001
106820 0.000000
106830 -0.000000
106840 0.000011
106850 -0.000002
106860 -0.000001
106870 -0.000001
106880 0.000009
106890 0.000014
106900 0.000009
106910 0.000011
106920 0.000008
106930 0.000003
106940 0.000007
106950 -0.000005
106960 -0.000011
106970 0.000003
106980 0.000004
106990 0.000089
107000 -0.000001
107010 0.000006
107020 0.000003
107030 0.000015
107040 -0.000010
107050 0.000005
107060 0.000005
107070 0.000005
107080 -0.000002
107090 -0.000006
107100 -0.000010
107110 0.000005
107120 0.000010
107130 -0.000001
107140 -0.000012
107150 -0.000008
107160 0.000012
107170 0.000017
107180 -0.000012
107190 0.000006
107200 -0.000014
107210 0.000009
107220 -0.000003
107230 -0.000006
107240 -0.000033
107250 -0.000010
107260 -0.000007
107270 0.000000
107280 -0.000008
107290 0.000008
107300 0.000009
107310 0.000005
107320 -0.000005
107330 -0.000007
107340 -0.000003
107350 0.000008
107360 -0.000018
107370 0.000074
107380 -0.000006
107390 -0.000012
107400 0.000004
107410 -0.000015
107420 0.000000
107430 -0.000010
107440 -0.000008
107450 0.000003
107460 0.000004
107470 -0.000008
107480 0.000004
107490 -0.000010
107500 -0.000001
107510 -0.000004
107520 -0.000002
107530 -0.000011
107540 0.000002
107550 -0.000001
107560 0.000000
107570 -0.000032
107580 -0.000071
107590 -0.000002
107600 -0.000007
107610 0.000004
107620 -0.000007
107630 -0.000008
107640 0.000003
107650 0.000007
107660 -0.000015
107670 -0.000005
107680 0.000004
107690 0.000002
107700 0.000004
107710 0.000025
107720 -0.000023
107730 0.000003
107740 -0.000006
107750 0.000010
107760 -0.000003
107770 -0.000006
107780 0.000000
107790 0.000007
107800 -0.000010
107810 -0.000005
107820 0.000014
107830 -0.000016
107840 -0.000009
107850 -0.000001
107860 0.000008
107870 0.000002
107880 -0.000006
107890 0.000002
107900 0.000011
107910 0.000009
107920 0.000001
107930 0.000014
107940 -0.000005
107950 0.000005
107960 0.000012
107970 0.000003
107980 0.000008
107990 -0.000000
108000 0.000039
108010 0.000001
108020 0.000006
108030 -0.000003
108040 -0.000007
108050 -0.000005
108060 -0.000007
108070 0.000007
108080 0.000005
108090 -0.000000
108100 0.000003
108110 0.000007
108120 0.000001
108130 -0.000003
108140 0.000002
108150 0.000018
108160 -0.000013
108170 -0.000006
108180 -0.000013
108190 -0.000008
108200 0.000003
108210 0.000022
108220 -0.000002
108230 0.000003
108240 0.000006
108250 -0.000010
108260 -0.000008
108270 -0.000007
108280 -0.000008
108290 -0.000019
108300 -0.000021
108310 -0.000000
108320 0.000002
108330 -0.000022
108340 0.000004
108350 0.000012
108360 0.000004
108370 0.000003
108380 -0.000016
108390 0.000001
108400 -0.000003
108410 0.000004
108420 -0.000006
108430 -0.000000
108440 0.000062
108450 0.000001
108460 -0.000017
108470 -0.000000
108480 -0.000006
108490 0.000012
108500 -0.000001
108510 0.000014
108520 0.000002
108530 -0.000004
108540 -0.000008
108550 0.000001
108560 0.000005
108570 -0.000009
108580 -0.000006
108590 -0.000001
108600 0.000002
108610 -0.000008
108620 0.000005
108630 0.000003
108640 -0.000001
108650 -0.000008
108660 -0.000010
108670 -0.000021
108680 0.000007
108690 0.000006
108700 -0.000009
108710 0.000007
108720 -0.000002
108730 0.000013
108740 0.000005
108750 -0.000003
108760 0.000010
108770 0.000003
108780 -0.000006
108790 -0.000006
108800 0.000022
108810 -0.000006
108820 0.000014
108830 -0.000007
108840 0.000001
108850 0.000007
108860 -0.000010
108870 0.000008
108880 -0.000015
108890 0.000006
108900 -0.000027
108910 0.000006
108920 0.000007
108930 0.000012
108940 0.000007
108950 -0.000001
108960 -0.000003
108970 -0.000005
108980 0.000184
108990 0.000002
109000 -0.002105
109010 -0.000025
109020 0.000013
109030 -0.000003
109040 0.000010
109050 -0.000001
109060 0.000003
109070 0.000005
109080 0.000018
109090 -0.000004
109100 0.000010
109110 0.000005
109120 0.000000
109130 -0.000001
109140 -0.000006
109150 0.000008
109160 -0.000003
109170 0.000018
109180 0.000253
109190 -0.000001
109200 -0.000019
109210 0.000002
109220 0.000010
109230 -0.000005
109240 -0.000011
109250 -0.000009
109260 -0.000007
109270 -0.000002
109280 0.000003
109290 0.000001
109300 0.000021
109310 0.000022
109320 0.000016
109330 -0.000007
109340 0.000002
109350 -0.000000
109360 -0.000020
109370 -0.000006
109380 -0.000004
109390 0.000215
109400 0.000007
109410 0.000016
109420 -0.000007
109430 0.000023
109440 0.000015
109450 0.000009
109460 -0.000006
109470 -0.000012
109480 0.000013
109490 -0.000001
109500 -0.000270
109510 -0.000005
109520 0.000007
109530 0.000009
109540 0.000001
109550 -0.000006
109560 -0.000012
109570 -0.000001
109580 0.000006
109590 -0.000212
109600 -0.000006
109610 0.000017
109620 -0.000004
109630 -0.000004
109640 -0.000010
109650 -0.000003
109660 -0.000020
109670 0.000003
109680 -0.000019
109690 0.000002
109700 0.000001
109710 -0.000007
109720 -0.000019
109730 0.000002
109740 0.000003
109750 -0.000003
109760 0.000005
109770 -0.000003
109780 -0.000000
109790 0.000001
109800 -0.000002
109810 0.000002
109820 0.000000
109830 -0.000009
109840 -0.000001
109850 0.000000
109860 -0.000011
109870 0.000004
109880 0.000001
109890 -0.000002
109900 0.000011
109910 -0.000007
109920 -0.000014
109930 -0.000008
109940 -0.000000
109950 0.000012
109960 0.000002
109970 0.000009
109980 -0.000006
109990 -0.000009
110000 -0.000000
110010 0.000005
110020 -0.000004
110030 0.000018
110040 0.000005
110050 -0.000005
110060 -0.000007
110070 -0.000003
110080 -0.000016
110090 0.000002
110100 0.000009
110110 -0.000012
110120 -0.000014
110130 -0.000009
110140 -0.000010
110150 0.000005
110160 0.000023
110170 0.000008
110180 0.000004
110190 -0.000001
110200 0.000009
110210 -0.000005
110220 -0.000002
110230 0.000003
110240 -0.000003
110250 0.000000
110260 0.000013
110270 -0.000004
110280 0.000009
110290 0.000009
110300 0.000006
110310 -0.000016
110320 0.000004
110330 -0.000000
110340 0.000009
110350 0.000005
110360 0.000003
110370 0.000009
110380 -0.000014
110390 -0.000002
110400 -0.000000
110410 0.000022
110420 -0.000003
110430 -0.000001
110440 0.000012
110450 -0.000006
110460 -0.000004
110470 -0.000009
110480 -0.000008
110490 -0.000003
110500 0.000084
110510 0.000009
110520 0.000010
110530 0.000004
110540 -0.000001
110550 0.000002
110560 0.000004
110570 -0.000004
110580 -0.000002
110590 0.000001
110600 -0.000007
110610 -0.000008
110620 0.000001
110630 -0.000007
110640 -0.000002
110650 -0.000000
110660 0.000008
110670 0.000006
110680 0.000008
110690 -0.000001
110700 -0.000003
110710 -0.000006
110720 0.000009
110730 -0.000004
110740 -0.000006
110750 -0.000005
110760 -0.000010
110770 0.000014
110780 0.000006
110790 -0.000018
110800 -0.000004
110810 0.000006
110820 0.000005
110830 -0.000004
110840 -0.000005
110850 0.000015
110860 -0.000015
110870 0.000004
110880 0.000004
110890 0.000002
110900 -0.000008
110910 -0.000000
110920 -0.000021
110930 0.000003
110940 -0.000005
110950 0.000001
110960 0.000001
110970 -0.000009
110980 0.000017
110990 -0.000004
111000 -0.000001
111010 -0.000007
111020 -0.000037
111030 -0.000001
111040 -0.000010
111050 0.000011
111060 0.000003
111070 -0.000007
111080 0.000006
111090 -0.000004
111100 0.000000
111110 0.000010
111120 -0.000011
111130 -0.000011
111140 0.000002
111150 -0.000007
111160 0.000001
111170 -0.000002
111180 -0.000007
111190 0.000000
111200 -0.000001
111210 0.000019
111220 -0.000005
111230 0.000009
111240 0.000005
111250 -0.000007
111260 -0.000014
111270 -0.000004
111280 -0.000006
111290 0.000002
111300 0.000002
111310 -0.000000
111320 -0.000006
111330 -0.000018
111340 -0.000000
111350 0.000005
111360 -0.000009
111370 -0.000016
111380 0.000002
111390 -0.000005
111400 0.000004
111410 0.000005
111420 -0.000001
111430 0.000008
111440 -0.000001
111450 0.000002
111460 0.000019
111470 -0.000014
111480 -0.000012
111490 -0.000012
111500 -0.000003
111510 0.000002
111520 -0.000013
111530 -0.000020
111540 0.000010
111550 -0.000007
111560 0.000006
111570 -0.000005
111580 -0.000005
111590 0.000003
111600 -0.000015
111610 0.000000
111620 0.000014
111630 0.000016
111640 0.000006
111650 -0.000006
111660 -0.000004
111670 -0.000018
111680 0.000003
111690 0.000007
111700 -0.000009
111710 -0.000004
111720 0.000002
111730 0.000001
111740 0.000007
111750 -0.000002
111760 -0.000007
111770 -0.000023
111780 0.000006
111790 0.000002
111800 0.000014
111810 -0.000000
111820 -0.000009
111830 -0.000005
111840 -0.000001
111850 0.000011
111860 -0.000002
111870 0.000001
111880 -0.000014
111890 0.000008
111900 0.000004
111910 0.000007
111920 0.000016
111930 0.000002
111940 0.000009
111950 -0.000005
111960 -0.000009
111970 -0.000011
111980 -0.000003
111990 -0.000002
112000 0.000006
112010 0.000003
112020 0.000006
112030 0.000009
112040 -0.000001
112050 0.000006
112060 0.000006
112070 -0.000001
112080 0.000001
112090 0.000010
112100 0.000008
112110 -0.000001
112120 0.000002
112130 0.000005
112140 0.000034
112150 -0.000005
112160 -0.000010
112170 0.000000
112180 0.000004
112190 0.000009
112200 -0.000002
112210 0.000005
112220 -0.000000
112230 -0.000000
112240 -0.000001
112250 0.000007
112260 0.000001
112270 0.000003
112280 0.000002
112290 0.000010
112300 0.000016
112310 -0.000005
112320 -0.000001
112330 0.000005
112340 0.000001
112350 0.000002
112360 0.000001
112370 0.000004
112380 -0.000006
112390 0.000001
112400 0.000001
112410 -0.000005
112420 0.000000
112430 0.000012
112440 -0.000002
112450 -0.000006
112460 -0.000012
112470 -0.000005
112480 -0.000008
112490 0.000005
112500 -0.000003
112510 -0.000018
112520 0.000001
112530 -0.000001
112540 -0.000020
112550 0.000007
112560 0.000002
112570 0.000002
112580 -0.000002
112590 -0.000016
112600 0.000004
112610 -0.000024
112620 0.000019
112630 -0.000018
112640 0.000008
112650 -0.000001
112660 -0.000005
112670 -0.000003
112680 0.000006
112690 -0.000007
112700 0.000002
112710 0.000000
112720 -0.000008
112730 0.000008
112740 0.000017
112750 0.000021
112760 0.000008
112770 -0.000002
112780 0.000002
112790 -0.000003
112800 0.000000
112810 0.000004
112820 -0.000012
112830 0.000014
112840 0.000009
112850 -0.000007
112860 -0.000002
112870 0.000001
112880 -0.000012
112890 -0.000012
112900 -0.000005
112910 -0.000001
112920 0.000009
112930 0.000019
112940 0.000001
112950 -0.000012
112960 0.000006
112970 -0.000006
112980 -0.000019
112990 0.000009
113000 0.000005
113010 -0.000000
113020 0.000006
113030 -0.000005
113040 0.000010
113050 -0.000037
113060 0.000003
113070 -0.000000
113080 -0.000001
113090 -0.000008
113100 0.000011
113110 -0.000010
113120 0.000005
113130 0.000009
113140 -0.000011
113150 0.000004
113160 -0.000000
113170 -0.000069
113180 -0.000015
113190 -0.000010
113200 -0.000011
113210 0.000000
113220 0.000004
113230 -0.000021
113240 -0.000005
113250 0.000012
113260 0.000017
113270 0.000005
113280 -0.000001
113290 0.000015
113300 0.000012
113310 0.000005
113320 0.000002
113330 0.000006
113340 -0.000004
113350 -0.000013
113360 0.000006
113370 -0.000065
113380 0.000000
113390 0.000002
113400 -0.000002
113410 -0.000006
113420 0.000004
113430 -0.000003
113440 -0.000001
113450 0.000017
113460 -0.000000
113470 0.000011
113480 -0.000012
113490 0.000007
113500 -0.000004
113510 -0.000017
113520 -0.000000
113530 -0.000004
113540 0.000007
113550 -0.000004
113560 0.000001
113570 0.000003
113580 -0.000007
113590 0.000013
113600 0.000008
113610 0.000003
113620 -0.000008
113630 0.000008
113640 0.000004
113650 0.000005
113660 0.000003
113670 0.000013
113680 -0.000007
113690 -0.000006
113700 -0.000015
113710 0.000011
113720 -0.000001
113730 0.000004
113740 0.000006
113750 -0.000001
113760 0.000000
113770 0.000013
113780 -0.000015
113790 0.000003
113800 -0.000005
113810 -0.000004
113820 -0.000001
113830 0.000001
113840 0.000004
113850 0.000002
113860 0.000014
113870 -0.000015
113880 -0.000021
113890 -0.000002
113900 -0.000004
113910 0.000012
113920 -0.000001
113930 0.000012
113940 -0.000001
113950 -0.000004
113960 0.000005
113970 -0.000005
113980 -0.000003
113990 -0.000009
114000 -0.000008
114010 0.000006
114020 0.000007
114030 0.000023
114040 -0.000010
114050 -0.000004
114060 -0.000002
114070 0.000008
114080 0.000011
114090 0.000015
114100 0.000011
114110 -0.000001
114120 -0.000005
114130 0.000000
114140 -0.000003
114150 0.000010
114160 -0.000000
114170 0.000006
114180 -0.000027
114190 -0.000011
114200 0.000007
114210 -0.000006
114220 -0.000001
114230 -0.000011
114240 -0.000011
114250 -0.000000
114260 0.000005
114270 0.000008
114280 -0.000006
114290 -0.000001
114300 0.000013
114310 -0.000020
114320 -0.000003
114330 -0.000002
114340 0.000009
114350 0.000054
114360 -0.000005
114370 0.000001
114380 0.000011
114390 0.000019
114400 -0.000007
114410 0.000012
114420 -0.000014
114430 0.000047
114440 -0.000022
114450 0.000002
114460 -0.000002
114470 -0.000003
114480 -0.000003
114490 0.000002
114500 -0.000009
114510 -0.000006
114520 0.000005
114530 0.000009
114540 0.000008
114550 0.000002
114560 0.000003
114570 0.000003
114580 -0.000005
114590 0.000007
114600 0.000005
114610 0.000014
114620 0.000012
114630 0.000006
114640 0.000005
114650 0.000004
114660 -0.000002
114670 0.000007
114680 0.000018
114690 0.000000
114700 0.000002
114710 -0.000007
114720 0.000013
114730 0.000001
114740 -0.000005
114750 0.000014
114760 0.000001
114770 -0.000005
114780 -0.000010
114790 -0.000003
114800 0.000004
114810 -0.000020
114820 0.000002
114830 0.000000
114840 -0.000002
114850 -0.000005
114860 0.000012
114870 -0.000003
114880 0.000019
114890 0.000008
114900 -0.000002
114910 0.000004
114920 -0.000013
114930 0.000006
114940 -0.000003
114950 -0.000003
114960 -0.000004
114970 -0.000028
114980 0.000009
114990 -0.000006
115000 0.000006
115010 0.000010
115020 0.000008
115030 -0.000002
115040 -0.000004
115050 -0.000001
115060 0.000005
115070 -0.000000
115080 -0.000010
115090 0.000008
115100 -0.000008
115110 0.000004
115120 0.000002
115130 0.000005
115140 -0.000001
115150 0.000004
115160 -0.000005
115170 -0.000015
115180 0.000001
115190 -0.000007
115200 -0.000003
115210 -0.000018
115220 -0.000011
115230 0.000006
115240 0.000018
115250 0.000005
115260 0.000005
115270 0.000002
115280 -0.000003
115290 -0.000003
115300 0.000007
115310 -0.000007
115320 -0.000006
115330 -0.000001
115340 -0.000009
115350 0.000008
115360 -0.000008
115370 -0.000003
115380 -0.000010
115390 0.000005
115400 0.000008
115410 -0.000008
115420 0.000002
115430 -0.000016
115440 -0.000043
115450 0.000023
115460 -0.000001
115470 -0.000005
115480 -0.000001
115490 0.000015
115500 -0.000002
115510 0.000015
115520 0.000004
115530 -0.000001
115540 0.000029
115550 0.000003
115560 -0.000003
115570 0.000003
115580 -0.000001
115590 0.000005
115600 -0.000000
115610 0.000004
115620 0.000001
115630 -0.000014
115640 -0.000010
115650 0.000002
115660 -0.000011
115670 0.000002
115680 0.000010
115690 0.000010
115700 -0.000002
115710 0.000003
115720 -0.000010
115730 0.000011
115740 -0.000002
115750 0.000016
115760 0.000014
115770 0.011719
115780 0.000012
115790 -0.000010
115800 0.000013
115810 -0.000007
115820 -0.000001
115830 0.000030
115840 -0.000001
115850 0.000004
115860 0.000001
115870 -0.000012
115880 -0.000011
115890 -0.000005
115900 -0.000008
115910 -0.000010
115920 -0.000001
115930 -0.000005
115940 -0.000243
115950 0.000005
115960 -0.000003
115970 -0.000006
115980 0.000004
115990 -0.000004
116000 0.000006
116010 -0.000020
116020 0.000003
116030 0.000001
116040 0.000193
116050 -0.000009
116060 -0.000001
116070 0.000000
116080 0.000002
116090 0.000003
116100 0.000014
116110 -0.000008
116120 -0.000002
116130 0.000011
116140 0.000015
116150 0.000006
116160 -0.000003
116170 0.000013
116180 0.000003
116190 0.000002
116200 0.000036
116210 0.000015
116220 -0.000002
116230 0.000001
116240 0.000003
116250 -0.000004
116260 -0.000009
116270 0.000015
116280 -0.000004
116290 -0.000074
116300 -0.000003
116310 0.000004
116320 -0.000020
116330 -0.000010
116340 0.000006
116350 0.000040
116360 -0.000004
116370 -0.000011
116380 -0.000018
116390 0.000006
116400 0.000006
116410 0.000000
116420 0.000002
116430 0.000000
116440 -0.000006
116450 -0.000008
116460 0.000002
116470 -0.000005
116480 -0.000003
116490 0.000001
116500 -0.000015
116510 -0.000010
116520 -0.000004
116530 0.000001
116540 0.000005
116550 -0.000001
116560 0.000003
116570 0.000003
116580 0.000001
116590 0.000002
116600 0.000021
116610 -0.000000
116620 0.000008
116630 -0.000014
116640 -0.000004
116650 0.000012
116660 -0.000002
116670 0.000001
116680 0.000002
116690 0.000000
116700 -0.000022
116710 0.000011
116720 0.000004
116730 0.000015
116740 -0.000005
116750 -0.000001
116760 -0.000005
116770 -0.000003
116780 -0.000003
116790 -0.000015
116800 -0.000004
116810 -0.000003
116820 -0.000001
116830 -0.000073
116840 -0.000006
116850 -0.000010
116860 -0.000009
116870 0.000018
116880 -0.000000
116890 0.000002
116900 -0.000000
116910 0.000003
116920 -0.000013
116930 -0.000008
116940 -0.000007
116950 -0.000016
116960 -0.000009
116970 0.000013
116980 0.000011
116990 0.000002
117000 0.000010
117010 0.000007
117020 0.000009
117030 0.000080
117040 -0.000012
117050 -0.000005
117060 -0.000014
117070 0.000006
117080 0.000005
117090 0.000005
117100 0.000001
117110 0.000007
117120 0.000003
117130 -0.000011
117140 -0.000006
117150 0.000007
117160 -0.000001
117170 0.000006
117180 -0.000009
117190 -0.000002
117200 0.000001
117210 -0.000002
117220 0.000001
117230 0.000003
117240 -0.000022
117250 0.000006
117260 0.000003
117270 -0.000001
117280 0.000000
117290 -0.000003
117300 -0.000002
117310 0.000003
117320 -0.000001
117330 0.000017
117340 -0.000012
117350 -0.000006
117360 -0.000000
117370 -0.000012
117380 -0.000001
117390 -0.000004
117400 0.000020
117410 -0.000001
117420 0.000003
117430 0.000002
117440 -0.000004
117450 -0.000004
117460 0.000000
117470 0.000006
117480 -0.000017
117490 0.000011
117500 0.000004
117510 -0.000007
117520 0.000009
117530 0.000002
117540 -0.000001
117550 0.000007
117560 0.000005
117570 0.000004
117580 0.000001
117590 -0.000004
117600 0.000007
117610 0.000012
117620 -0.000006
117630 -0.000009
117640 0.000002
117650 -0.000011
117660 0.000002
117670 -0.000008
117680 -0.000002
117690 0.000000
117700 0.000011
117710 0.000009
117720 -0.000005
117730 -0.000010
117740 0.000000
117750 -0.000011
117760 -0.000004
117770 -0.000011
117780 -0.000006
117790 0.000000
117800 -0.000005
117810 0.000015
117820 -0.000006
117830 0.000001
117840 0.000003
117850 -0.000002
117860 -0.000003
117870 0.000021
117880 0.000000
117890 0.000005
117900 -0.000003
117910 -0.000001
117920 0.000009
117930 -0.000004
117940 0.000006
117950 0.000018
117960 -0.000012
117970 -0.000004
117980 -0.000005
117990 -0.000009
118000 -0.000004
118010 0.000005
118020 -0.000003
118030 0.000002
118040 0.000002
118050 0.000013
118060 -0.000013
118070 0.000009
118080 -0.000002
118090 0.000002
118100 -0.000012
118110 0.000004
118120 0.000005
118130 0.000003
118140 -0.000011
118150 -0.000001
118160 -0.000023
118170 0.000008
118180 -0.000021
118190 0.000000
118200 -0.000002
118210 0.000010
118220 -0.000003
118230 -0.000017
118240 0.000008
118250 -0.000002
118260 -0.000002
118270 -0.000004
118280 0.000003
118290 -0.000002
118300 0.000002
118310 -0.000008
118320 -0.000008
118330 0.000010
118340 0.000004
118350 -0.000000
118360 0.000005
118370 0.000002
118380 0.000013
118390 -0.000006
118400 0.000008
118410 -0.000002
118420 -0.000007
118430 -0.000016
118440 -0.000003
118450 0.000002
118460 0.000004
118470 0.000006
118480 -0.000011
118490 -0.000003
118500 0.000005
118510 -0.000002
118520 0.000005
118530 0.000009
118540 0.000020
118550 -0.000007
118560 -0.000013
118570 0.000005
118580 0.000001
118590 0.000004
118600 -0.000005
118610 0.000015
118620 -0.000005
118630 0.000006
118640 -0.000002
118650 0.000004
118660 -0.000003
118670 0.000003
118680 0.000009
118690 -0.000005
118700 0.000005
118710 0.000003
118720 -0.000012
118730 0.000013
118740 -0.000013
118750 -0.000001
118760 -0.000001
118770 -0.000005
118780 -0.000002
118790 -0.000005
118800 0.000006
118810 0.000012
118820 -0.000002
118830 0.000004
118840 0.000003
118850 -0.000001
118860 -0.000004
118870 0.000001
118880 -0.000001
118890 0.000006
118900 0.000003
118910 0.000013
118920 -0.000002
118930 -0.000009
118940 0.000005
118950 0.000005
118960 0.000005
118970 -0.000002
118980 0.000021
118990 -0.000002
119000 0.000006
119010 -0.000003
119020 -0.000003
119030 0.000007
119040 0.000012
119050 -0.000010
119060 -0.000005
119070 0.000008
119080 -0.000011
119090 0.000001
119100 -0.000001
119110 0.000021
119120 -0.000008
119130 0.000009
119140 0.000006
119150 0.000001
119160 -0.000003
119170 0.000001
119180 -0.000009
119190 0.000002
119200 0.000003
119210 0.000010
119220 0.000012
119230 0.000003
119240 0.000004
119250 -0.000005
119260 0.000013
119270 0.000008
119280 0.000006
119290 -0.000010
119300 0.000001
119310 -0.000021
119320 0.000004
119330 -0.000009
119340 -0.000002
119350 -0.000027
119360 0.000008
119370 -0.000002
119380 0.000014
119390 0.000152
119400 0.000008
119410 -0.000010
119420 0.000004
119430 0.000009
119440 -0.000010
119450 -0.000006
119460 0.000004
119470 0.000004
119480 -0.000024
119490 0.000011
119500 -0.000002
119510 -0.000015
119520 -0.000006
119530 -0.000014
119540 -0.000006
119550 -0.000010
119560 -0.000007
119570 -0.000008
119580 0.000005
119590 0.000017
119600 -0.000003
119610 -0.000007
119620 -0.000000
119630 -0.000003
119640 -0.000002
119650 -0.000011
119660 -0.000004
119670 0.000000
119680 -0.000005
119690 -0.000011
119700 0.000023
119710 0.000008
119720 0.000002
119730 0.000004
119740 -0.000002
119750 0.000016
119760 -0.000009
119770 -0.000018
119780 0.000011
119790 -0.000020
119800 0.000012
119810 0.000021
119820 -0.000007
119830 -0.000001
119840 -0.000008
119850 0.000007
119860 -0.000004
119870 0.000005
119880 -0.000000
119890 0.000075
119900 -0.000002
119910 -0.000009
119920 0.000004
119930 -0.000002
119940 0.000008
119950 0.000022
119960 0.000012
119970 -0.000003
119980 -0.000011
119990 -0.000052
120000 -0.000016
120010 -0.000010
120020 0.000003
120030 -0.000000
120040 0.000007
120050 0.000006
120060 -0.000005
120070 0.000003
120080 0.000041
120090 -0.000002
120100 0.000007
120110 0.000001
120120 -0.000007
120130 0.000004
120140 0.000007
120150 -0.000019
120160 -0.000002
120170 0.000007
120180 0.000001
120190 -0.000012
120200 -0.000000
120210 -0.000006
120220 0.000002
120230 0.000007
120240 0.000006
120250 -0.000008
120260 -0.000010
120270 -0.000005
120280 0.000004
120290 0.000003
120300 0.000004
120310 -0.000008
120320 -0.000014
120330 -0.000003
120340 -0.000009
120350 -0.000008
120360 0.000227
120370 0.000001
120380 -0.000007
120390 0.000487
120400 -0.000001
120410 0.000010
120420 0.000001
120430 0.000013
120440 0.000012
120450 0.000001
120460 0.000007
120470 0.000003
120480 0.000022
120490 -0.000002
120500 -0.000004
120510 -0.000009
120520 -0.000001
120530 -0.000001
120540 0.000003
120550 0.000010
120560 -0.000003
120570 0.000001
120580 0.000009
120590 0.000012
120600 0.000001
120610 -0.000000
120620 0.000000
120630 -0.000007
120640 0.000001
120650 0.000002
120660 0.000010
120670 0.000003
120680 0.000005
120690 0.000003
120700 0.000009
120710 -0.000002
120720 0.000005
120730 -0.000008
120740 -0.000014
120750 -0.000000
120760 0.000005
120770 0.000001
120780 -0.000006
120790 -0.000003
120800 -0.000002
120810 -0.000005
120820 -0.000011
120830 -0.000005
120840 -0.000016
120850 -0.000001
120860 -0.000010
120870 0.000009
120880 -0.000008
120890 -0.000000
120900 0.000007
120910 0.000001
120920 0.000003
120930 0.000001
120940 0.000019
120950 -0.000001
120960 0.000001
120970 0.000004
120980 -0.000002
120990 -0.000002
121000 0.000003
121010 0.000001
121020 -0.000010
121030 -0.000000
121040 -0.000007
121050 0.000004
121060 -0.000001
121070 0.000012
121080 0.000009
121090 -0.000003
121100 0.000000
121110 -0.000003
121120 0.000009
121130 -0.000006
121140 -0.000000
121150 -0.000014
121160 -0.000010
121170 0.000007
121180 0.000000
121190 -0.000005
121200 -0.000000
121210 -0.000005
121220 0.000002
121230 -0.000003
121240 -0.000001
121250 0.000008
121260 0.000001
121270 -0.000009
121280 0.000011
121290 0.000016
121300 -0.000012
121310 0.000002
121320 0.000002
121330 -0.000008
121340 -0.000009
121350 -0.000006
121360 0.000129
121370 0.000010
121380 -0.000006
121390 -0.000005
121400 0.000017
121410 -0.000004
121420 -0.000002
121430 0.000003
121440 0.000002
121450 0.000023
121460 0.000007
121470 0.000018
121480 0.000007
121490 0.000017
121500 -0.000011
121510 0.000009
121520 0.000007
121530 0.000002
121540 0.000006
121550 0.000003
121560 0.000006
121570 0.000003
121580 -0.000005
121590 0.000007
121600 0.000017
121610 0.000005
121620 0.000007
121630 -0.000003
121640 -0.000002
121650 -0.000010
121660 0.000001
121670 0.000002
121680 0.000010
121690 0.000002
121700 -0.000007
121710 -0.000005
121720 0.000011
121730 -0.000012
121740 -0.000009
121750 -0.000001
121760 -0.000004
121770 0.000008
121780 0.000008
121790 -0.000022
121800 -0.000003
121810 0.000004
121820 -0.000002
121830 0.000009
121840 0.000004
121850 0.000002
121860 -0.000007
121870 -0.000003
121880 0.000010
121890 0.000008
121900 -0.000011
121910 -0.000000
121920 0.000002
121930 -0.000004
121940 -0.000009
121950 0.000002
121960 0.000012
121970 0.000023
121980 0.000005
121990 0.000001
122000 0.000005
122010 0.000005
122020 -0.000008
122030 -0.000002
122040 -0.000007
122050 -0.000012
122060 0.000004
122070 -0.000001
122080 0.000012
122090 0.000001
122100 -0.000005
122110 0.000003
122120 -0.000002
122130 -0.000006
122140 -0.000009
122150 0.000005
122160 -0.000003
122170 0.000012
122180 0.000000
122190 -0.000012
122200 -0.000006
122210 -0.000006
122220 -0.000014
122230 0.000006
122240 -0.000006
122250 -0.000009
122260 0.000003
122270 -0.000004
122280 -0.000001
122290 0.000005
122300 -0.000004
122310 -0.000004
122320 0.000013
122330 -0.000003
122340 0.000008
122350 0.000034
122360 -0.000005
122370 0.000007
122380 0.000013
122390 -0.000008
122400 -0.000007
122410 0.000004
122420 -0.000422
122430 -0.000013
122440 0.000007
122450 -0.000006
122460 0.000008
122470 0.000006
122480 0.000004
122490 -0.000002
122500 0.000002
122510 0.000007
122520 0.000002
122530 -0.000003
122540 0.000008
122550 0.000003
122560 -0.000011
122570 -0.000005
122580 0.000000
122590 0.000015
122600 0.000004
122610 0.000008
122620 0.000014
122630 -0.000004
122640 0.000001
122650 -0.000001
122660 -0.000001
122670 0.000014
122680 -0.000015
122690 -0.000004
122700 0.000006
122710 -0.000007
122720 0.000002
122730 -0.000010
122740 -0.000005
122750 0.000003
122760 0.000004
122770 -0.000003
122780 -0.000012
122790 -0.000011
122800 -0.000007
122810 0.000009
122820 -0.000000
122830 -0.000008
122840 0.000000
122850 0.000003
122860 -0.000005
122870 -0.000001
122880 -0.000004
122890 0.000021
122900 -0.000011
122910 -0.000009
122920 0.000013
122930 -0.000008
122940 0.000008
122950 -0.000011
122960 -0.000001
122970 -0.000000
122980 0.000008
122990 -0.000004
123000 0.000004
123010 0.000002
123020 0.000019
123030 -0.000009
123040 0.000004
123050 0.000006
123060 0.000000
123070 -0.000004
123080 0.000013
123090 0.000012
123100 0.000046
123110 0.000022
123120 -0.000000
123130 -0.000002
123140 -0.000012
123150 0.000009
123160 -0.000004
123170 -0.000000
123180 0.000002
123190 0.000011
123200 -0.000005
123210 0.000001
123220 -0.000001
123230 -0.000004
123240 0.000000
123250 0.000004
123260 -0.000006
123270 0.000000
123280 -0.000003
123290 0.000007
123300 0.000063
123310 -0.000001
123320 0.000028
123330 -0.000000
123340 -0.000011
123350 -0.000004
123360 -0.000010
123370 -0.000013
123380 0.000002
123390 0.000011
123400 -0.000004
123410 0.000004
123420 0.000005
123430 0.000011
123440 0.000005
123450 -0.000005
123460 0.000002
123470 -0.000003
123480 0.000001
123490 0.000004
123500 0.000038
123510 -0.000007
123520 0.000006
123530 0.000010
123540 0.000004
123550 0.000003
123560 -0.000017
123570 0.000001
123580 -0.000022
123590 -0.000004
123600 0.000006
123610 -0.000005
123620 -0.000009
123630 -0.000004
123640 0.000014
123650 -0.000006
123660 -0.000005
123670 -0.000003
123680 -0.000012
123690 -0.000003
123700 -0.000008
123710 -0.000004
123720 0.000002
123730 -0.000001
123740 0.000001
123750 -0.000010
123760 -0.000003
123770 -0.000010
123780 -0.000007
123790 0.000003
123800 -0.000003
123810 0.000012
123820 0.000012
123830 0.000008
123840 -0.000002
123850 -0.000082
123860 -0.000005
123870 -0.000019
123880 0.000003
123890 -0.000006
123900 -0.000007
123910 -0.000005
123920 0.000029
123930 -0.000001
123940 -0.000012
123950 0.000001
123960 0.000004
123970 0.000002
123980 -0.000002
123990 0.000019
124000 -0.000007
124010 0.000013
124020 -0.000003
124030 0.000007
124040 -0.000009
124050 0.000001
124060 -0.000003
124070 0.000019
124080 0.000012
124090 -0.000009
124100 0.000003
124110 0.000003
124120 0.000007
124130 0.000001
124140 0.000010
124150 0.000003
124160 -0.000000
124170 -0.000011
124180 0.000001
124190 0.000001
124200 0.000005
124210 -0.000002
124220 0.000019
124230 0.000002
124240 -0.000007
124250 -0.000009
124260 0.000007
124270 -0.000010
124280 0.000007
124290 0.000004
124300 0.000112
124310 0.000001
124320 0.000003
124330 -0.000005
124340 0.000006
124350 -0.000005
124360 0.000014
124370 0.000004
124380 0.000015
124390 0.000008
124400 0.000001
124410 0.000002
124420 0.000001
124430 0.000005
124440 -0.000005
124450 0.000006
124460 -0.000001
124470 0.000019
124480 0.000028
124490 -0.000004
124500 0.000005
124510 0.000003
124520 -0.000016
124530 -0.000005
124540 -0.000002
124550 0.000003
124560 0.000002
124570 -0.000009
124580 -0.000003
124590 0.000014
124600 0.000004
124610 0.000021
124620 0.000001
124630 -0.000005
124640 0.000000
124650 -0.000011
124660 -0.000001
124670 -0.000009
124680 -0.000010
124690 0.000003
124700 0.000006
124710 -0.000005
124720 -0.000015
124730 -0.000004
124740 -0.000004
124750 -0.000004
124760 -0.000009
124770 0.000001
124780 0.000000
124790 -0.000009
124800 -0.000001
124810 -0.000006
124820 0.000007
124830 -0.000006
124840 0.000010
124850 -0.000020
124860 0.000010
124870 0.000006
124880 -0.000007
124890 -0.000004
124900 0.000001
124910 0.000011
124920 -0.000015
124930 0.000013
124940 -0.000002
124950 0.000012
124960 0.000009
124970 0.000005
124980 0.000009
124990 0.000010
125000 0.000014
125010 0.000001
125020 0.000000
125030 0.000039
125040 0.000001
125050 -0.000002
125060 -0.000004
125070 -0.000010
125080 0.000003
125090 0.000010
125100 -0.000001
125110 -0.000001
125120 0.000008
125130 0.000009
125140 0.000012
125150 0.000000
125160 0.000014
125170 0.000000
125180 0.000006
125190 0.000004
125200 -0.000006
125210 0.000008
125220 0.000002
125230 0.000010
125240 -0.000007
125250 0.000012
125260 0.000005
125270 0.000450
125280 -0.000009
125290 0.000014
125300 0.000010
125310 0.000005
125320 0.000007
125330 0.000012
125340 0.000003
125350 0.000008
125360 0.000002
125370 -0.000005
125380 -0.000007
125390 0.000005
125400 0.000001
125410 -0.000001
125420 0.000010
125430 -0.000005
125440 0.000005
125450 0.000005
125460 -0.000014
125470 0.000005
125480 0.000004
125490 -0.000003
125500 0.000003
125510 0.000006
125520 -0.000001
125530 -0.000002
125540 -0.000013
125550 0.000002
125560 0.000005
125570 0.000002
125580 0.000007
125590 -0.000022
125600 -0.000005
125610 0.000015
125620 -0.000013
125630 -0.000001
125640 0.000009
125650 0.000010
125660 0.000008
125670 0.000013
125680 0.000004
125690 0.000002
125700 -0.000004
125710 -0.000005
125720 0.000005
125730 -0.000008
125740 0.000011
125750 0.000014
125760 0.000012
125770 0.000007
125780 -0.000004
125790 0.000015
125800 0.000025
125810 -0.000005
125820 -0.000005
125830 -0.000002
125840 -0.000004
125850 0.000001
125860 -0.000007
125870 -0.000007
125880 0.000009
125890 0.000020
125900 0.000001
125910 0.000010
125920 -0.000004
125930 -0.000003
125940 0.000009
125950 -0.000001
125960 -0.000004
125970 0.000013
125980 0.000005
125990 -0.000001
126000 0.000001
126010 0.000004
126020 0.000002
126030 -0.000007
126040 0.000003
126050 0.000003
126060 -0.000001
126070 -0.000015
126080 0.000002
126090 0.000001
126100 -0.000002
126110 -0.000006
126120 -0.000003
126130 -0.000008
126140 -0.000008
126150 -0.000003
126160 -0.000005
126170 -0.000001
126180 -0.000001
126190 0.000007
126200 -0.000008
126210 -0.000002
126220 -0.000010
126230 0.000003
126240 0.000002
126250 0.000008
126260 0.000007
126270 0.000002
126280 -0.000006
126290 0.000005
126300 0.000005
126310 0.000008
126320 0.000003
126330 -0.000002
126340 -0.000005
126350 0.000028
126360 0.000003
126370 0.000008
126380 0.000018
126390 0.000005
126400 -0.000002
126410 0.000010
126420 -0.000005
126430 0.000003
126440 -0.000001
126450 -0.000007
126460 0.000004
126470 -0.000030
126480 -0.000014
126490 -0.000000
126500 0.000021
126510 0.000005
126520 0.000019
126530 0.000008
126540 -0.000007
126550 0.000004
126560 0.000002
126570 0.000002
126580 -0.000000
126590 0.000005
126600 -0.000004
126610 -0.000009
126620 -0.000005
126630 0.000005
126640 0.000012
126650 -0.000006
126660 -0.000006
126670 -0.000003
126680 0.000002
126690 0.000005
126700 -0.000000
126710 0.000014
126720 -0.000002
126730 0.000002
126740 0.000002
126750 0.000011
126760 -0.000002
126770 -0.000005
126780 0.000001
126790 0.000010
126800 0.000039
126810 0.000001
126820 -0.000003
126830 -0.000007
126840 -0.000008
126850 -0.000002
126860 0.000002
126870 -0.000016
126880 0.000023
126890 0.000009
126900 0.000008
126910 0.000009
126920 0.000001
126930 0.000004
126940 0.000001
126950 0.000005
126960 0.000000
126970 0.000020
126980 0.000001
126990 0.000010
127000 0.000012
127010 -0.000003
127020 -0.000012
127030 -0.000039
127040 0.000010
127050 -0.000004
127060 0.000010
127070 0.000012
127080 -0.000004
127090 -0.000038
127100 0.000006
127110 0.000000
127120 0.000008
127130 0.000018
127140 -0.000007
127150 -0.000001
127160 0.000006
127170 0.000003
127180 0.000001
127190 0.000001
127200 0.000000
127210 0.000002
127220 -0.000006
127230 0.000003
127240 0.000006
127250 -0.000005
127260 -0.000004
127270 -0.000055
127280 0.000033
127290 -0.000015
127300 0.000008
127310 0.000017
127320 -0.000009
127330 -0.000014
127340 0.000001
127350 0.000008
127360 -0.000004
127370 0.000003
127380 0.000000
127390 -0.000004
127400 0.000009
127410 0.000003
127420 -0.000000
127430 -0.000007
127440 0.000009
127450 -0.000007
127460 -0.000004
127470 0.000003
127480 -0.000002
127490 0.000013
127500 -0.000006
127510 -0.000001
127520 0.000014
127530 -0.000008
127540 -0.000017
127550 -0.000002
127560 -0.000003
127570 0.000005
127580 -0.000003
127590 0.000005
127600 0.000004
127610 0.000008
127620 -0.000002
127630 -0.000003
127640 -0.000009
127650 -0.000006
127660 -0.000000
127670 -0.000001
127680 -0.000008
127690 -0.000006
127700 -0.000004
127710 0.000003
127720 0.000009
127730 0.000002
127740 -0.000004
127750 0.000000
127760 -0.000001
127770 0.000009
127780 0.000003
127790 0.000017
127800 -0.000003
127810 -0.000017
127820 -0.000009
127830 0.000002
127840 -0.000001
127850 0.000013
127860 -0.000004
127870 -0.000003
127880 -0.000010
127890 0.000014
127900 -0.000010
127910 0.000007
127920 -0.000009
127930 0.000006
127940 0.000007
127950 -0.000179
127960 0.000000
127970 -0.000004
127980 0.000011
127990 -0.000009
128000 0.000009
128010 0.000007
128020 -0.000007
128030 0.000005
128040 -0.000008
128050 -0.000004
128060 -0.000032
128070 -0.000003
128080 -0.000007
128090 0.000007
128100 -0.000006
128110 0.000010
128120 0.000010
128130 -0.000017
128140 0.000000
128150 0.000009
128160 -0.000002
128170 -0.000007
128180 -0.000007
128190 -0.000004
128200 -0.000010
128210 0.000006
128220 -0.000013
128230 0.000002
128240 -0.000006
128250 0.000024
128260 -0.000007
128270 0.000014
128280 0.000000
128290 0.000000
128300 0.000005
128310 -0.000011
128320 0.000000
128330 -0.000002
128340 -0.000007
128350 0.000003
128360 0.000001
128370 -0.000000
128380 -0.000000
128390 0.000011
128400 -0.000004
128410 0.000000
128420 0.000002
128430 0.000003
128440 -0.000010
128450 -0.000021
128460 0.000003
128470 -0.000001
128480 0.000001
128490 0.000001
128500 -0.000001
128510 -0.000006
128520 0.000011
128530 -0.000001
128540 -0.000001
128550 0.000001
128560 0.000003
128570 0.000005
128580 0.000004
128590 -0.000015
128600 -0.000000
128610 -0.000001
128620 0.000001
128630 0.000015
128640 0.000004
128650 0.000012
128660 0.000000
128670 0.000011
128680 -0.000003
128690 0.000002
128700 -0.000004
128710 0.000000
128720 0.000011
128730 0.000001
128740 -0.000004
128750 -0.000008
128760 0.000010
128770 -0.000010
128780 -0.000008
128790 -0.000002
128800 -0.000008
128810 0.000006
128820 -0.000007
128830 0.000005
128840 0.000011
128850 0.000000
128860 -0.000016
128870 0.000001
128880 0.000001
128890 0.000014
128900 0.000001
128910 0.000001
128920 0.000002
128930 0.000004
128940 -0.000004
128950 0.000010
128960 0.000005
128970 -0.000001
128980 -0.000007
128990 0.000000
129000 -0.000004
129010 0.000008
129020 -0.000003
129030 0.000004
129040 -0.000012
129050 -0.000003
129060 -0.000006
129070 0.000009
129080 0.000005
129090 0.000006
129100 -0.000000
129110 0.000001
129120 -0.000005
129130 0.000004
129140 0.000009
129150 -0.000001
129160 -0.000031
129170 0.000001
129180 -0.000013
129190 0.000007
129200 0.000007
129210 -0.000012
129220 0.000012
129230 0.000007
129240 -0.000013
129250 -0.000108
129260 -0.000005
129270 0.000009
129280 0.000007
129290 -0.000002
129300 0.000007
129310 -0.000009
129320 0.000006
129330 -0.000002
129340 0.000003
129350 -0.000008
129360 -0.000014
129370 -0.000006
129380 0.000019
129390 -0.000014
129400 0.000002
129410 0.000019
129420 0.000000
129430 0.000002
129440 -0.000000
129450 -0.000005
129460 0.000009
129470 -0.000003
129480 -0.000011
129490 0.000003
129500 -0.000008
129510 -0.000008
129520 0.000005
129530 -0.000002
129540 0.000003
129550 -0.000009
129560 0.000005
129570 0.000003
129580 -0.000001
129590 0.000001
129600 0.000002
129610 -0.000003
129620 0.000009
129630 0.000005
129640 -0.000004
129650 0.000013
129660 0.000003
129670 -0.000003
129680 0.000005
129690 -0.000006
129700 0.000006
129710 -0.000018
129720 -0.000012
129730 0.000005
129740 -0.000003
129750 0.000051
129760 0.000001
129770 -0.000011
129780 -0.000004
129790 0.000002
129800 -0.000010
129810 -0.000004
129820 0.000000
129830 0.000009
129840 0.000011
129850 -0.000003
129860 -0.000003
129870 -0.000002
129880 0.000008
129890 0.000014
129900 0.000011
129910 -0.000015
129920 -0.000021
129930 0.000014
129940 0.000015
129950 -0.000001
129960 -0.000016
129970 0.000003
129980 -0.000004
129990 -0.000001
130000 0.000005
130010 0.000005
130020 -0.000006
130030 0.000008
130040 -0.000000
130050 0.000012
130060 0.000013
130070 0.000000
130080 0.000008
130090 0.000001
130100 -0.000000
130110 0.000095
130120 0.000003
130130 -0.000006
130140 -0.000006
130150 -0.000002
130160 0.000004
130170 -0.000007
130180 -0.000005
130190 -0.000006
130200 0.000002
130210 -0.000002
130220 0.000002
130230 0.000005
130240 0.000006
130250 -0.000005
130260 -0.000000
130270 -0.000001
130280 0.000004
130290 -0.000009
130300 0.000007
130310 0.000018
130320 0.000001
130330 -0.000012
130340 0.000004
130350 -0.000004
130360 -0.000011
130370 0.000022
130380 -0.000013
130390 0.000003
130400 0.000006
130410 -0.000003
130420 -0.000003
130430 -0.000003
130440 -0.000003
130450 -0.000008
130460 0.000003
130470 -0.000001
130480 -0.000002
130490 0.000000
130500 0.000003
130510 -0.000003
130520 -0.000006
130530 -0.000011
130540 -0.000006
130550 -0.000002
130560 0.000008
130570 0.000008
130580 -0.000000
130590 -0.000019
130600 -0.000002
130610 -0.000003
130620 0.000005
130630 0.000005
130640 -0.000003
130650 0.000001
130660 0.000019
130670 0.000000
130680 0.000004
130690 -0.000003
130700 -0.000004
130710 -0.000002
130720 -0.000007
130730 0.000008
130740 0.000000
130750 0.000002
130760 0.000004
130770 -0.000007
130780 -0.000001
130790 -0.000005
130800 0.000004
130810 -0.000007
130820 -0.000004
130830 -0.000000
130840 0.000104
130850 0.000002
130860 -0.000001
130870 -0.000003
130880 -0.000001
130890 0.000003
130900 0.000004
130910 0.000016
130920 0.000000
130930 -0.000000
130940 -0.000003
130950 0.000005
130960 0.000009
130970 -0.000000
130980 0.000006
130990 0.000004
131000 0.000007
131010 -0.000006
131020 0.000014
131030 0.000003
131040 -0.000005
131050 0.000003
131060 -0.000002
131070 -0.000001
131080 -0.000004
131090 -0.000169
131100 0.000011
131110 0.000008
131120 0.000008
131130 -0.000000
131140 0.000000
131150 0.000004
131160 0.000001
131170 0.000008
131180 0.000008
131190 -0.000006
131200 0.000001
131210 -0.000002
131220 -0.000007
131230 -0.000000
131240 -0.000004
131250 -0.000007
131260 -0.000000
131270 0.000007
131280 0.000006
131290 -0.000002
131300 0.000001
131310 0.000002
131320 0.000004
131330 -0.000009
131340 -0.000001
131350 -0.000024
131360 -0.000004
131370 -0.000012
131380 0.000003
131390 -0.000010
131400 0.000004
131410 -0.000003
131420 0.000007
131430 -0.000000
131440 -0.000006
131450 0.000003
131460 -0.000005
131470 -0.000003
131480 0.000003
131490 0.000003
131500 0.000005
131510 -0.000001
131520 -0.000010
131530 0.000004
131540 -0.000001
131550 0.000007
131560 -0.000186
131570 0.000008
131580 -0.000002
131590 0.000004
131600 0.000007
131610 0.000003
131620 0.000000
131630 0.000007
131640 0.000014
131650 -0.000004
131660 -0.000004
131670 0.000002
131680 0.000000
131690 0.000008
131700 0.000003
131710 -0.000002
131720 -0.000005
131730 -0.000015
131740 -0.000005
131750 0.000004
131760 0.000001
131770 -0.000003
131780 0.000009
131790 -0.000009
131800 -0.000010
131810 -0.000006
131820 -0.000017
131830 -0.000001
131840 0.000006
131850 -0.000004
131860 0.000001
131870 0.000009
131880 0.000002
131890 0.000014
131900 -0.000017
131910 0.000002
131920 0.000009
131930 0.000001
131940 -0.000004
131950 0.000001
131960 0.000008
131970 -0.000005
131980 -0.000005
131990 -0.000015
132000 -0.000005
132010 0.000012
132020 0.000009
132030 0.000002
132040 -0.000000
132050 0.000003
132060 0.000006
132070 -0.000000
132080 -0.000009
132090 -0.000003
132100 -0.000016
132110 0.000007
132120 0.000005
132130 -0.000008
132140 -0.000007
132150 0.000012
132160 0.000006
132170 -0.000002
132180 -0.000011
132190 -0.000003
132200 0.000004
132210 -0.000011
132220 -0.000010
132230 0.000005
132240 -0.000005
132250 -0.000007
132260 0.000004
132270 -0.000001
132280 0.000006
132290 0.000011
132300 0.000005
132310 0.000002
132320 -0.000004
132330 -0.000002
132340 -0.000013
132350 0.000018
132360 0.000004
132370 0.000003
132380 0.000001
132390 0.000003
132400 -0.000004
132410 -0.000003
132420 0.000010
132430 0.000007
132440 -0.000005
132450 0.000012
132460 -0.000011
132470 -0.000002
132480 0.000005
132490 0.000003
132500 -0.000003
132510 -0.000004
132520 0.000011
132530 0.000008
132540 0.000010
132550 -0.000005
132560 0.000003
132570 -0.000003
132580 -0.000008
132590 0.000021
132600 0.000008
132610 0.000002
132620 0.000002
132630 -0.000016
132640 0.000014
132650 -0.000003
132660 0.000014
132670 -0.000000
132680 -0.000004
132690 -0.000003
132700 -0.000011
132710 -0.000003
132720 0.000007
132730 0.000000
132740 -0.000009
132750 0.000004
132760 0.000001
132770 -0.000013
132780 0.000004
132790 -0.000010
132800 -0.000015
132810 0.000008
132820 0.000004
132830 -0.000008
132840 0.000000
132850 -0.000014
132860 0.000002
132870 -0.000006
132880 0.000000
132890 0.000002
132900 -0.000000
132910 -0.000016
132920 0.000009
132930 -0.000005
132940 0.000009
132950 -0.000007
132960 0.000003
132970 -0.000003
132980 -0.000008
132990 -0.000009
133000 -0.000000
133010 -0.000014
133020 0.000001
133030 0.000002
133040 -0.000016
133050 0.000001
133060 -0.000002
133070 0.000005
133080 -0.000009
133090 -0.000001
133100 0.000000
133110 0.000004
133120 0.000008
133130 0.000001
133140 0.000005
133150 -0.000007
133160 -0.000008
133170 -0.000025
133180 0.000014
133190 0.000017
133200 -0.000000
133210 -0.000003
133220 0.000003
133230 -0.000007
133240 0.000011
133250 -0.000012
133260 0.000004
133270 -0.000001
133280 -0.000017
133290 -0.000007
133300 -0.000009
133310 -0.000001
133320 -0.000019
133330 -0.000001
133340 -0.000004
133350 0.000005
133360 -0.000003
133370 0.000003
133380 -0.000005
133390 -0.000006
133400 0.000007
133410 0.000002
133420 0.000001
133430 0.000002
133440 -0.000006
133450 -0.000001
133460 -0.000000
133470 0.000007
133480 0.000005
133490 -0.000002
133500 -0.000004
133510 -0.000010
133520 0.000001
133530 -0.000003
133540 -0.000010
133550 0.000001
133560 0.000003
133570 -0.000000
133580 0.000003
133590 0.000006
133600 0.000006
133610 0.000004
133620 -0.000018
133630 0.000004
133640 -0.000013
133650 0.000008
133660 -0.000001
133670 -0.000011
133680 -0.000001
133690 0.000000
133700 -0.000006
133710 -0.000001
133720 0.000005
133730 0.000002
133740 -0.000001
133750 -0.000016
133760 0.000004
133770 0.000006
133780 0.000012
133790 -0.000004
133800 -0.000002
133810 0.000002
133820 -0.000006
133830 -0.000008
133840 0.000006
133850 -0.000006
133860 -0.000007
133870 0.000003
133880 0.000001
133890 0.000001
133900 -0.000010
133910 0.000002
133920 0.000018
133930 0.000002
133940 0.000004
133950 -0.000004
133960 -0.000007
133970 0.000001
133980 0.000004
133990 -0.000001
134000 -0.000002
134010 0.000001
134020 -0.000012
134030 -0.000012
134040 0.000007
134050 0.000008
134060 -0.000010
134070 0.000003
134080 -0.000016
134090 -0.000005
134100 -0.000006
134110 0.000006
134120 0.000005
134130 -0.000007
134140 0.000024
134150 -0.000006
134160 0.000003
134170 0.000002
134180 0.000002
134190 0.000003
134200 -0.000004
134210 -0.000008
134220 0.000009
134230 0.000002
134240 0.000025
134250 0.000009
134260 -0.000004
134270 -0.000001
134280 -0.000004
134290 0.000007
134300 0.000014
134310 0.000008
134320 0.000011
134330 0.000016
134340 -0.000015
134350 0.000005
134360 0.000009
134370 0.000005
134380 -0.000007
134390 0.000006
134400 -0.000010
134410 -0.000003
134420 -0.000005
134430 -0.000003
134440 -0.000002
134450 0.000001
134460 -0.000005
134470 0.000001
134480 -0.000022
134490 -0.000004
134500 0.000009
134510 -0.000003
134520 -0.000001
134530 0.000002
134540 -0.000006
134550 -0.000004
134560 -0.000001
134570 -0.000001
134580 -0.000013
134590 -0.000004
134600 -0.000001
134610 0.000003
134620 0.000003
134630 0.000072
134640 0.000003
134650 -0.000042
134660 -0.000013
134670 0.000010
134680 -0.000019
134690 0.000004
134700 0.000013
134710 0.000003
134720 -0.000008
134730 -0.000008
134740 -0.000001
134750 -0.000012
134760 -0.000007
134770 -0.000011
134780 -0.000006
134790 0.000008
134800 -0.000002
134810 0.000006
134820 -0.000001
134830 0.000005
134840 -0.000002
134850 -0.000020
134860 -0.000003
134870 -0.000000
134880 -0.000007
134890 -0.000002
134900 0.000016
134910 -0.000002
134920 0.000002
134930 -0.000014
134940 0.000001
134950 -0.000006
134960 -0.000001
134970 0.000002
134980 0.000009
134990 -0.000040
135000 -0.000011
135010 -0.000008
135020 0.000010
135030 -0.000019
135040 -0.000006
135050 -0.000012
135060 0.000010
135070 -0.000001
135080 0.000013
135090 0.000008
135100 -0.000010
135110 0.000012
135120 0.000001
135130 -0.000005
135140 0.000002
135150 -0.000005
135160 0.000001
135170 0.000002
135180 -0.000004
135190 -0.000002
135200 -0.000003
135210 -0.000003
135220 -0.000629
135230 -0.000008
135240 0.000011
135250 0.000010
135260 0.000003
135270 0.000004
135280 0.000007
135290 0.000002
135300 0.000464
135310 -0.000128
135320 0.000004
135330 -0.000003
135340 -0.000000
135350 -0.000012
135360 -0.000004
135370 0.000004
135380 -0.000004
135390 0.000005
135400 -0.000000
135410 0.000015
135420 -0.000003
135430 -0.000004
135440 0.000008
135450 -0.000006
135460 -0.000005
135470 -0.000003
135480 0.000000
135490 0.000008
135500 0.000004
135510 -0.000006
135520 0.000011
135530 0.000006
135540 -0.000006
135550 0.000001
135560 -0.000011
135570 -0.000011
135580 -0.000008
135590 -0.000007
135600 0.000008
135610 0.000010
135620 -0.000006
135630 0.000004
135640 0.000000
135650 0.000003
135660 -0.000001
135670 0.000008
135680 0.000005
135690 0.000011
135700 0.000006
135710 0.000001
135720 -0.000003
135730 0.000008
135740 0.000002
135750 -0.000008
135760 -0.000009
135770 -0.000006
135780 -0.000006
135790 0.000004
135800 -0.000007
135810 0.000001
135820 0.000005
135830 0.000002
135840 0.000003
135850 -0.000000
135860 -0.000005
135870 0.000004
135880 0.000006
135890 -0.000001
135900 -0.000005
135910 -0.000005
135920 0.000001
135930 -0.000009
135940 0.000004
135950 -0.000005
135960 -0.000046
135970 0.000002
135980 0.000020
135990 -0.000013
136000 -0.000011
136010 -0.000016
136020 -0.000006
136030 -0.000011
136040 -0.000003
136050 -0.000000
136060 0.000006
136070 -0.000013
136080 0.000005
136090 -0.000015
136100 0.000000
136110 -0.000012
136120 -0.000004
136130 -0.000003
136140 -0.000006
136150 0.000003
136160 0.000004
136170 -0.000005
136180 -0.000006
136190 0.000002
136200 -0.000002
136210 0.000006
136220 0.000006
136230 -0.000006
136240 -0.000009
136250 -0.000007
136260 0.000001
136270 0.000007
136280 0.000000
136290 -0.000004
136300 0.000007
136310 -0.000001
136320 0.000002
136330 -0.000007
136340 -0.000001
136350 -0.000007
136360 0.000006
136370 0.000005
136380 -0.000012
136390 -0.000002
136400 0.000009
136410 0.000012
136420 0.000002
136430 0.000006
136440 -0.000003
136450 -0.000000
136460 -0.000005
136470 -0.000002
136480 -0.000001
136490 -0.000002
136500 0.000005
136510 0.000000
136520 0.000002
136530 -0.000002
136540 -0.000001
136550 -0.000002
136560 -0.000006
136570 -0.000002
136580 -0.000001
136590 0.000008
136600 -0.000004
136610 -0.000007
136620 -0.000594
136630 -0.000004
136640 0.000018
136650 0.000097
136660 -0.000005
136670 -0.000005
136680 0.000002
136690 0.000006
136700 -0.000004
136710 0.000011
136720 0.000079
136730 0.000000
136740 0.000002
136750 0.000005
136760 0.000000
136770 -0.000014
136780 0.000005
136790 0.000005
136800 -0.000007
136810 0.000010
136820 0.000008
136830 -0.000004
136840 -0.000003
136850 -0.000012
136860 0.000013
136870 -0.000001
136880 -0.000009
136890 0.000001
136900 -0.000004
136910 -0.000004
136920 0.000005
136930 -0.000002
136940 0.000004
136950 0.000003
136960 -0.000008
136970 0.000005
136980 0.000007
136990 0.000005
137000 -0.000027
137010 -0.000002
137020 0.000000
137030 -0.000004
137040 -0.000002
137050 -0.000009
137060 -0.000004
137070 0.000006
137080 -0.000002
137090 -0.000002
137100 0.000007
137110 0.000001
137120 -0.000018
137130 0.000007
137140 -0.000005
137150 0.000009
137160 0.000014
137170 0.000145
137180 -0.000002
137190 -0.000005
137200 0.000000
137210 -0.000000
137220 -0.000000
137230 0.000000
137240 0.000003
137250 -0.000015
137260 0.000001
137270 -0.000011
137280 0.000015
137290 0.000004
137300 -0.000015
137310 0.000004
137320 0.000018
137330 0.000002
137340 0.000020
137350 -0.000020
137360 0.000006
137370 0.000012
137380 0.000009
137390 0.000000
137400 -0.000000
137410 0.000008
137420 0.000003
137430 0.000001
137440 -0.000006
137450 0.000004
137460 -0.000000
137470 0.000010
137480 0.000001
137490 -0.000004
137500 0.000002
137510 0.000003
137520 -0.000008
137530 0.000003
137540 -0.000006
137550 -0.000003
137560 -0.000005
137570 -0.000012
137580 0.000007
137590 0.000006
137600 0.000000
137610 -0.000000
137620 0.000004
137630 -0.000000
137640 0.000001
137650 -0.000008
137660 0.000007
137670 0.000002
137680 0.000003
137690 -0.000006
137700 0.000002
137710 -0.000014
137720 -0.000003
137730 0.000000
137740 0.000002
137750 -0.000003
137760 -0.000022
137770 -0.000011
137780 0.000001
137790 -0.000002
137800 0.000010
137810 -0.000015
137820 0.000005
137830 -0.000004
137840 0.000008
137850 0.000002
137860 0.000001
137870 -0.000004
137880 -0.000006
137890 0.000000
137900 0.000001
137910 -0.000000
137920 0.000008
137930 0.000002
137940 -0.000005
137950 -0.000006
137960 -0.000002
137970 -0.000007
137980 -0.000017
137990 0.000006
138000 -0.000006
138010 0.000008
138020 0.000012
138030 0.000001
138040 -0.000003
138050 0.000004
138060 0.000002
138070 0.000007
138080 0.000018
138090 0.000005
138100 0.000005
138110 -0.000001
138120 -0.000004
138130 -0.000002
138140 -0.000002
138150 0.000006
138160 0.000011
138170 0.000000
138180 0.000001
138190 -0.000005
138200 0.000002
138210 0.000012
138220 -0.000000
138230 -0.000003
138240 -0.000004
138250 0.000006
138260 -0.000004
138270 0.000016
138280 -0.000006
138290 0.000009
138300 0.000000
138310 -0.000006
138320 -0.000002
138330 -0.000003
138340 -0.000003
138350 -0.000013
138360 0.000001
138370 0.000011
138380 -0.000001
138390 0.000000
138400 0.000011
138410 -0.000004
138420 -0.000007
138430 0.000000
138440 -0.000005
138450 0.000011
138460 0.000002
138470 0.000001
138480 0.000074
138490 -0.000016
138500 0.000006
138510 0.000010
138520 0.000000
138530 0.000009
138540 -0.000011
138550 0.000006
138560 0.000007
138570 0.000008
138580 -0.000004
138590 0.000006
138600 -0.000005
138610 0.000000
138620 -0.000008
138630 0.000005
138640 0.000005
138650 0.000001
138660 0.000007
138670 0.000001
138680 0.000006
138690 0.000002
138700 0.000008
138710 0.000006
138720 0.000004
138730 -0.000004
138740 -0.000003
138750 -0.000001
138760 0.000001
138770 -0.000005
138780 -0.000002
138790 -0.000001
138800 0.000000
138810 0.000000
138820 0.000006
138830 -0.000007
138840 0.000007
138850 -0.000009
138860 -0.000001
138870 -0.000004
138880 0.000002
138890 -0.000009
138900 -0.000001
138910 0.000171
138920 -0.000004
138930 -0.000009
138940 0.000008
138950 -0.000020
138960 0.000006
138970 -0.000000
138980 0.000002
138990 0.000001
139000 0.000014
139010 -0.000008
139020 0.000016
139030 -0.000001
139040 -0.000012
139050 0.000001
139060 0.000002
139070 0.000010
139080 0.000004
139090 -0.000005
139100 0.000005
139110 -0.000001
139120 -0.000020
139130 -0.000004
139140 0.000005
139150 -0.000005
139160 0.000007
139170 0.000000
139180 0.000004
139190 -0.000003
139200 0.000003
139210 -0.000003
139220 0.000009
139230 0.000021
139240 -0.000007
139250 0.000002
139260 -0.000010
139270 0.000003
139280 -0.000005
139290 0.000009
139300 0.000006
139310 0.000005
139320 -0.000003
139330 -0.000003
139340 -0.000004
139350 -0.000001
139360 -0.000004
139370 0.000007
139380 0.000007
139390 0.000003
139400 0.000004
139410 -0.000007
139420 -0.000000
139430 -0.000002
139440 0.000006
139450 -0.000010
139460 -0.000008
139470 0.000006
139480 -0.000008
139490 0.000005
139500 -0.000020
139510 0.000008
139520 -0.000005
139530 0.000006
139540 0.000004
139550 0.000008
139560 -0.000003
139570 -0.000021
139580 0.000021
139590 0.000012
139600 0.000000
139610 0.000002
139620 0.000000
139630 -0.000000
139640 -0.000007
139650 0.000015
139660 0.000001
139670 -0.000001
139680 0.000006
139690 0.000003
139700 0.000009
139710 -0.000010
139720 -0.000003
139730 -0.000003
139740 0.000025
139750 0.000001
139760 -0.000007
139770 0.000002
139780 -0.000010
139790 -0.000000
139800 0.000001
139810 0.000005
139820 -0.000005
139830 -0.000005
139840 -0.000008
139850 0.000002
139860 -0.000004
139870 0.000004
139880 0.000009
139890 -0.000001
139900 -0.000006
139910 0.000010
139920 0.000003
139930 0.000008
139940 -0.000004
139950 0.000005
139960 0.000003
139970 -0.000003
139980 -0.000013
139990 -0.000008
140000 -0.000006
140010 -0.000008
140020 -0.000007
140030 -0.000006
140040 0.000009
140050 -0.000013
140060 0.000003
140070 0.000012
140080 -0.000006
140090 0.000021
140100 0.000006
140110 0.000006
140120 0.000003
140130 -0.000008
140140 0.000008
140150 -0.000011
140160 -0.000002
140170 0.000009
140180 -0.000003
140190 -0.000004
140200 -0.000000
140210 -0.000028
140220 0.000002
140230 -0.000004
140240 -0.000010
140250 -0.000001
140260 -0.000002
140270 0.000001
140280 -0.000001
140290 -0.000002
140300 0.000013
140310 0.000000
140320 0.000006
140330 -0.000006
140340 0.000000
140350 0.000003
140360 -0.000003
140370 -0.000001
140380 0.000004
140390 -0.000002
140400 -0.000003
140410 -0.000005
140420 -0.000000
140430 -0.000010
140440 -0.000015
140450 -0.000005
140460 0.000001
140470 0.000002
140480 0.000006
140490 0.000004
140500 0.000002
140510 -0.000001
140520 0.000000
140530 -0.000006
140540 0.000011
140550 -0.000012
140560 0.000013
140570 -0.000007
140580 -0.000001
140590 -0.000005
140600 -0.000008
140610 -0.000001
140620 0.000006
140630 0.000001
140640 0.000005
140650 0.000004
140660 -0.000004
140670 -0.000003
140680 0.000007
140690 -0.000007
140700 -0.000421
140710 0.000002
140720 0.000009
140730 0.000005
140740 -0.000003
140750 0.000005
140760 0.000009
140770 0.000005
140780 0.000007
140790 0.000023
140800 -0.000003
140810 -0.000002
140820 -0.000002
140830 0.000008
140840 -0.000003
140850 -0.000001
140860 0.000007
140870 -0.000007
140880 -0.000003
140890 -0.000000
140900 -0.000011
140910 -0.000009
140920 -0.000000
140930 0.000002
140940 -0.000003
140950 -0.000007
140960 0.000008
140970 0.000008
140980 0.000001
140990 -0.000005
141000 0.000003
141010 -0.000001
141020 0.000000
141030 -0.000000
141040 -0.000001
141050 -0.000026
141060 0.000007
141070 0.000044
141080 0.000006
141090 0.000002
141100 -0.000006
141110 -0.000011
141120 0.000002
141130 0.000006
141140 0.000008
141150 0.000010
141160 0.000003
141170 0.000001
141180 -0.000009
141190 0.000001
141200 -0.000006
141210 -0.000001
141220 -0.000001
141230 -0.000002
141240 0.000003
141250 0.000010
141260 -0.000002
141270 0.000002
141280 -0.000002
141290 0.000002
141300 0.000012
141310 -0.000004
141320 -0.000003
141330 -0.000000
141340 -0.000012
141350 -0.000000
141360 -0.000010
141370 0.000006
141380 0.000000
141390 0.000002
141400 0.000016
141410 -0.000004
141420 -0.000013
141430 -0.000002
141440 -0.000008
141450 0.000017
141460 0.000003
141470 -0.000005
141480 -0.000002
141490 0.000006
141500 0.000008
141510 0.000019
141520 -0.000005
141530 0.000005
141540 0.000002
141550 -0.000002
141560 -0.000002
141570 0.000006
141580 -0.000015
141590 -0.000005
141600 -0.000007
141610 -0.000008
141620 -0.000020
141630 0.000013
141640 0.000002
141650 0.000002
141660 0.000001
141670 0.000004
141680 -0.000005
141690 -0.000005
141700 -0.000009
141710 0.000006
141720 -0.000005
141730 0.000005
141740 -0.000002
141750 -0.000005
141760 0.000008
141770 0.000010
141780 0.000002
141790 -0.000006
141800 0.000005
141810 -0.000004
141820 -0.000004
141830 -0.000012
141840 0.000000
141850 -0.000000
141860 -0.000002
141870 -0.000000
141880 -0.000005
141890 0.000004
141900 0.000002
141910 0.000009
141920 0.000001
141930 0.000007
141940 -0.000003
141950 -0.000006
141960 -0.000005
141970 -0.000005
141980 -0.000007
141990 -0.000002
142000 0.000004
142010 -0.000006
142020 0.000004
142030 0.000008
142040 0.000011
142050 -0.000006
142060 -0.000006
142070 0.000000
142080 -0.000008
142090 0.000018
142100 0.000020
142110 0.000002
142120 0.000002
142130 -0.000003
142140 -0.000001
142150 -0.000006
142160 0.000009
142170 -0.000004
142180 -0.000013
142190 0.000003
142200 0.000004
142210 -0.000009
142220 0.000011
142230 -0.000007
142240 -0.000004
142250 0.000013
142260 0.000005
142270 0.000003
142280 0.000007
142290 0.000014
142300 0.000001
142310 0.000001
142320 0.000011
142330 0.000026
142340 -0.000017
142350 0.000006
142360 -0.000002
142370 0.000008
142380 -0.000004
142390 -0.000008
142400 0.000004
142410 -0.000003
142420 -0.000002
142430 -0.000002
142440 0.000005
142450 0.000012
142460 -0.000007
142470 -0.000013
142480 0.000004
142490 0.000000
142500 -0.000000
142510 -0.000003
142520 -0.000011
142530 -0.000016
142540 -0.000015
142550 0.000001
142560 0.000004
142570 -0.000007
142580 0.000041
142590 -0.000008
142600 0.000009
142610 0.000003
142620 -0.000013
142630 0.000003
142640 0.000002
142650 0.000008
142660 -0.000001
142670 0.000003
142680 0.000003
142690 -0.000001
142700 0.000001
142710 -0.000006
142720 0.000004
142730 -0.000012
142740 -0.000001
142750 -0.000006
142760 -0.000004
142770 0.000001
142780 -0.000002
142790 -0.000010
142800 -0.000006
142810 0.000007
142820 0.000001
142830 0.000010
142840 0.000014
142850 -0.000006
142860 -0.000001
142870 0.000006
142880 -0.000005
142890 -0.000004
142900 0.000004
142910 -0.000009
142920 0.000001
142930 -0.000010
142940 -0.000006
142950 -0.000003
142960 0.000001
142970 -0.000002
142980 0.000068
142990 -0.000002
143000 0.000011
143010 0.000000
143020 0.000005
143030 -0.000006
143040 0.000065
143050 0.000017
143060 -0.000004
143070 0.000008
143080 -0.000010
143090 0.000002
143100 -0.000006
143110 -0.000008
143120 0.000008
143130 0.000002
143140 -0.000002
143150 0.000021
143160 0.000001
143170 0.000006
143180 0.000027
143190 0.000008
143200 0.000005
143210 0.000002
143220 0.000003
143230 0.000004
143240 0.000011
143250 0.000015
143260 0.001098
143270 0.000001
143280 -0.000006
143290 -0.000000
143300 -0.000000
143310 -0.000022
143320 0.000002
143330 -0.000004
143340 -0.000004
143350 0.000006
143360 0.000007
143370 -0.000002
143380 -0.000005
143390 -0.000019
143400 0.000010
143410 0.000010
143420 0.000005
143430 -0.000003
143440 -0.000006
143450 -0.000012
143460 0.000011
143470 -0.000006
143480 0.000002
143490 -0.000050
143500 0.000001
143510 -0.000001
143520 -0.000009
143530 0.000016
143540 0.000007
143550 0.000003
143560 -0.000000
143570 0.000001
143580 -0.000003
143590 0.000015
143600 0.000001
143610 -0.000012
143620 0.000008
143630 -0.000008
143640 -0.000001
143650 -0.000004
143660 -0.000005
143670 -0.000011
143680 0.000005
143690 0.000006
143700 0.000010
143710 0.000000
143720 -0.000006
143730 0.000013
143740 0.000003
143750 -0.000002
143760 -0.000013
143770 0.000003
143780 -0.000003
143790 0.000014
143800 -0.000007
143810 -0.000002
143820 -0.000000
143830 0.000004
143840 -0.000018
143850 -0.000013
143860 -0.000008
143870 -0.000011
143880 0.000004
143890 -0.000002
143900 -0.000004
143910 0.000003
143920 -0.000001
143930 -0.000006
143940 0.000002
143950 0.000005
143960 0.000009
143970 -0.000009
143980 -0.000000
143990 -0.000002
144000 -0.000014
144010 0.000022
144020 -0.000005
144030 0.000009
144040 -0.000006
144050 -0.000006
144060 0.000002
144070 -0.000002
144080 -0.000299
144090 0.000002
144100 0.000014
144110 -0.000001
144120 0.000008
144130 -0.000005
144140 0.000011
144150 0.000014
144160 0.000004
144170 0.000007
144180 0.000010
144190 -0.000013
144200 0.000013
144210 -0.000000
144220 0.000003
144230 -0.000002
144240 0.000007
144250 -0.000002
144260 -0.000001
144270 0.000004
144280 0.000005
144290 0.000021
144300 0.000013
144310 -0.000007
144320 0.000005
144330 0.000001
144340 0.000001
144350 0.000009
144360 -0.000006
144370 0.000001
144380 0.000002
144390 -0.000011
144400 0.000003
144410 0.000004
144420 0.000011
144430 0.000002
144440 0.000002
144450 0.000005
144460 0.000000
144470 -0.000001
144480 -0.000004
144490 0.000003
144500 0.000002
144510 -0.000003
144520 0.000003
144530 0.000008
144540 -0.000004
144550 0.000018
144560 0.000011
144570 0.000012
144580 0.000007
144590 -0.000009
144600 -0.000000
144610 -0.000006
144620 -0.000005
144630 0.000001
144640 0.000006
144650 -0.000001
144660 -0.000008
144670 -0.000007
144680 0.000009
144690 -0.000004
144700 -0.000005
144710 0.000001
144720 0.000003
144730 -0.000000
144740 0.000003
144750 -0.000003
144760 -0.000000
144770 0.000006
144780 0.000002
144790 -0.000001
144800 0.000009
144810 0.000009
144820 0.000003
144830 0.000003
144840 0.000000
144850 -0.000002
144860 -0.000006
144870 -0.000001
144880 -0.000002
144890 -0.000000
144900 -0.000000
144910 0.000005
144920 -0.000005
144930 0.000005
144940 -0.000012
144950 0.000006
144960 0.000004
144970 0.000004
144980 0.000003
144990 -0.000002
145000 -0.000007
145010 -0.000004
145020 -0.000020
145030 -0.000004
145040 0.000010
145050 0.000031
145060 -0.000007
145070 -0.000003
145080 0.000003
145090 0.000007
145100 0.000006
145110 0.000012
145120 0.000002
145130 -0.000003
145140 0.000001
145150 0.000002
145160 0.000008
145170 -0.000006
145180 -0.000000
145190 -0.000009
145200 -0.000008
145210 -0.000009
145220 -0.000003
145230 0.000011
145240 0.000001
145250 -0.000003
145260 0.000001
145270 -0.000001
145280 0.000003
145290 0.000004
145300 -0.000004
145310 -0.000001
145320 0.000016
145330 -0.000013
145340 0.000008
145350 -0.000008
145360 0.000005
145370 0.000002
145380 -0.000004
145390 0.000005
145400 0.000001
145410 -0.000003
145420 0.000018
145430 0.000007
145440 0.000000
145450 -0.000011
145460 -0.000079
145470 0.000002
145480 -0.000002
145490 0.000000
145500 0.000006
145510 0.000000
145520 0.000004
145530 -0.000005
145540 -0.000003
145550 0.000005
145560 -0.000008
145570 0.000023
145580 0.000000
145590 -0.000005
145600 0.000003
145610 -0.000003
145620 0.000004
145630 0.000002
145640 -0.000001
145650 -0.000004
145660 0.000009
145670 0.000003
145680 0.000001
145690 0.000002
145700 -0.000001
145710 0.000008
145720 -0.000000
145730 0.000005
145740 0.000001
145750 0.000003
145760 -0.000002
145770 0.000013
145780 0.000005
145790 -0.000003
145800 -0.000001
145810 -0.000001
145820 0.000004
145830 -0.000007
145840 0.000001
145850 -0.000001
145860 -0.000003
145870 -0.000002
145880 0.000004
145890 0.000004
145900 0.000007
145910 0.000001
145920 -0.000000
145930 0.000002
145940 -0.000006
145950 -0.000002
145960 0.000008
145970 0.000006
145980 0.000004
145990 0.000003
146000 -0.000005
146010 -0.000001
146020 -0.000004
146030 0.000003
146040 -0.000006
146050 -0.000005
146060 -0.000002
146070 -0.000004
146080 0.000035
146090 -0.000007
146100 0.000006
146110 0.000004
146120 -0.000004
146130 0.000003
146140 0.000003
146150 0.000015
146160 0.000007
146170 -0.000019
146180 -0.000011
146190 0.000012
146200 0.000003
146210 -0.000003
146220 -0.000008
146230 0.000003
146240 -0.000008
146250 -0.000005
146260 -0.000007
146270 0.000004
146280 0.000005
146290 -0.000004
146300 0.000011
146310 0.000008
146320 -0.000011
146330 -0.000002
146340 0.000003
146350 -0.000003
146360 -0.000003
146370 -0.000008
146380 0.000001
146390 0.000009
146400 0.000001
146410 0.000005
146420 0.000005
146430 -0.000006
146440 -0.000011
146450 0.000008
146460 -0.000003
146470 0.000003
146480 -0.000004
146490 -0.000006
146500 -0.000001
146510 -0.000003
146520 -0.000014
146530 -0.000001
146540 0.000004
146550 0.000000
146560 0.000014
146570 0.000023
146580 0.000002
146590 0.000002
146600 0.000000
146610 0.000005
146620 0.000003
146630 -0.000005
146640 0.000024
146650 -0.000001
146660 0.000006
146670 0.000001
146680 -0.000003
146690 -0.000010
146700 0.000002
146710 0.000006
146720 0.000003
146730 -0.000006
146740 0.000009
146750 -0.000001
146760 0.000003
146770 -0.000006
146780 -0.000003
146790 -0.000005
146800 -0.000002
146810 0.000006
146820 0.000000
146830 0.000000
146840 0.000003
146850 -0.000001
146860 0.000010
146870 0.000006
146880 -0.000003
146890 0.000003
146900 0.000001
146910 0.000002
146920 0.000016
146930 0.000002
146940 -0.000001
146950 -0.000006
146960 -0.000004
146970 0.000015
146980 -0.000004
146990 -0.000004
147000 0.000006
147010 0.000003
147020 -0.000001
147030 -0.000002
147040 0.000007
147050 0.000003
147060 -0.000000
147070 0.000005
147080 -0.000004
147090 0.000010
147100 -0.000007
147110 0.000002
147120 -0.000008
147130 -0.000001
147140 -0.000002
147150 0.000012
147160 0.000006
147170 -0.000010
147180 0.000001
147190 0.000001
147200 0.000002
147210 -0.000005
147220 0.000000
147230 0.000005
147240 -0.000004
147250 -0.000013
147260 -0.000005
147270 -0.000003
147280 -0.000003
147290 -0.000005
147300 0.000004
147310 0.000024
147320 0.000001
147330 -0.000002
147340 0.000010
147350 -0.000013
147360 -0.000002
147370 0.000049
147380 0.000011
147390 0.000002
147400 0.000004
147410 -0.000005
147420 -0.000003
147430 -0.000000
147440 0.000002
147450 0.000001
147460 -0.000002
147470 0.000000
147480 0.000004
147490 -0.000008
147500 0.000003
147510 0.000009
147520 -0.000001
147530 0.000005
147540 0.000002
147550 0.000053
147560 0.000003
147570 0.000019
147580 0.000003
147590 -0.000002
147600 -0.000004
147610 0.000002
147620 -0.000001
147630 -0.000004
147640 -0.000004
147650 -0.000002
147660 0.000003
147670 0.000001
147680 0.000004
147690 -0.000003
147700 -0.000000
147710 0.000002
147720 0.000008
147730 -0.000000
147740 -0.000009
147750 0.000015
147760 0.000003
147770 0.000011
147780 -0.000002
147790 -0.000012
147800 0.000016
147810 -0.000003
147820 -0.000005
147830 0.000005
147840 -0.000001
147850 -0.000001
147860 0.000002
147870 -0.000001
147880 0.000004
147890 0.000006
147900 -0.000017
147910 -0.000005
147920 0.000008
147930 0.000002
147940 0.000000
147950 -0.000013
147960 -0.000009
147970 -0.000006
147980 -0.000002
147990 0.000010
148000 -0.000004
148010 -0.000001
148020 0.000006
148030 0.000006
148040 -0.000002
148050 -0.000002
148060 -0.000001
148070 -0.000010
148080 0.000004
148090 -0.000002
148100 -0.000017
148110 0.000002
148120 0.000010
148130 -0.000002
148140 0.000008
148150 0.000004
148160 -0.000014
148170 -0.000004
148180 -0.000009
148190 0.000001
148200 -0.000008
148210 0.000010
148220 -0.000004
148230 0.000003
148240 -0.000006
148250 0.000006
148260 0.000001
148270 -0.000003
148280 -0.000006
148290 -0.000508
148300 0.000008
148310 -0.000001
148320 -0.000004
148330 0.000001
148340 0.000006
148350 -0.000003
148360 0.000007
148370 0.000002
148380 -0.000008
148390 0.000002
148400 -0.000010
148410 0.000011
148420 -0.000006
148430 0.000004
148440 -0.000000
148450 0.000001
148460 -0.000000
148470 0.000004
148480 0.000015
148490 -0.000002
148500 -0.000009
148510 -0.000006
148520 0.000002
148530 0.000006
148540 -0.000007
148550 0.000004
148560 0.000002
148570 -0.000013
148580 -0.000001
148590 0.000003
148600 -0.000001
148610 -0.000009
148620 0.000002
148630 -0.000006
148640 0.000004
148650 -0.000002
148660 0.000003
148670 -0.000012
148680 0.000004
148690 -0.000006
148700 0.000003
148710 0.000004
148720 -0.000000
148730 0.000008
148740 0.000009
148750 -0.000000
148760 0.000003
148770 -0.000009
148780 0.000001
148790 -0.000002
148800 -0.000005
148810 -0.000009
148820 -0.000001
148830 -0.000006
148840 -0.000001
148850 0.000000
148860 -0.000014
148870 0.000012
148880 0.000003
148890 0.000012
148900 -0.000013
148910 0.000004
148920 -0.000001
148930 0.000013
148940 0.000010
148950 0.000000
148960 0.000007
148970 -0.000013
148980 0.000001
148990 0.000010
149000 -0.000028
149010 -0.000005
149020 -0.000000
149030 -0.000004
149040 -0.000002
149050 -0.000001
149060 -0.000010
149070 0.000004
149080 -0.000004
149090 0.000003
149100 -0.000008
149110 0.000003
149120 -0.000001
149130 0.000009
149140 -0.000005
149150 -0.000008
149160 -0.000003
149170 0.000004
149180 0.000035
149190 0.000007
149200 -0.000006
149210 0.000002
149220 0.000007
149230 0.000008
149240 0.000003
149250 -0.000004
149260 0.000007
149270 -0.000008
149280 0.000002
149290 -0.000000
149300 0.000000
149310 -0.000005
149320 -0.000000
149330 -0.000001
149340 0.000005
149350 -0.000004
149360 0.000003
149370 0.000001
149380 0.000006
149390 0.000010
149400 0.000001
149410 -0.000005
149420 -0.000001
149430 0.000003
149440 0.000002
149450 0.000001
149460 0.000003
149470 0.000002
149480 0.000005
149490 -0.000005
149500 0.000009
149510 -0.000001
149520 0.000003
149530 -0.000004
149540 0.000013
149550 0.000001
149560 0.000003
149570 0.000003
149580 -0.000001
149590 0.000095
149600 -0.000004
149610 0.000001
149620 -0.000012
149630 0.000009
149640 0.000050
149650 -0.000002
149660 -0.000005
149670 -0.000001
149680 0.000010
149690 -0.000003
149700 -0.000004
149710 0.000001
149720 0.000006
149730 0.000011
149740 -0.000007
149750 -0.000012
149760 -0.000004
149770 0.000020
149780 0.000015
149790 0.000001
149800 0.000010
149810 0.000031
149820 0.000002
149830 -0.000007
149840 -0.000007
149850 0.000005
149860 -0.000006
149870 -0.000013
149880 0.000014
149890 0.000013
149900 -0.000025
149910 -0.000001
149920 0.000007
149930 -0.000004
149940 0.000001
149950 -0.000006
149960 0.000008
149970 0.000003
149980 0.000003
149990 -0.000001
150000 -0.000003
150010 0.000003
150020 0.000002
150030 -0.000004
150040 0.000005
150050 -0.000002
150060 0.000003
150070 0.000004
150080 -0.000001
150090 -0.000001
150100 0.000001
150110 -0.000002
150120 -0.000003
150130 -0.000004
150140 0.000007
150150 -0.000008
150160 -0.000002
150170 0.000008
150180 -0.000001
150190 -0.000001
150200 0.000008
150210 0.000004
150220 0.000002
150230 0.000001
150240 0.000003
150250 0.000003
150260 0.000007
150270 0.000008
150280 0.000014
150290 -0.000009
150300 -0.000006
150310 0.000005
150320 0.000005
150330 0.000010
150340 0.000001
150350 0.000004
150360 -0.000003
150370 -0.000015
150380 -0.000003
150390 0.000001
150400 -0.000007
150410 0.000011
150420 -0.000000
150430 0.000004
150440 0.000008
150450 -0.000012
150460 0.000009
150470 -0.000001
150480 -0.000003
150490 0.000001
150500 0.000010
150510 0.000002
150520 -0.000003
150530 0.000004
150540 0.000002
150550 0.000016
150560 -0.000022
150570 -0.000008
150580 -0.000026
150590 -0.000001
150600 -0.000007
150610 -0.000004
150620 0.000009
150630 -0.000005
150640 -0.000004
150650 -0.000009
150660 -0.000002
150670 -0.000001
150680 -0.000006
150690 0.000009
150700 0.000003
150710 -0.000001
150720 -0.000002
150730 0.000003
150740 0.000002
150750 -0.000000
150760 -0.000004
150770 -0.000006
150780 -0.000008
150790 -0.000002
150800 0.000001
150810 0.000008
150820 0.000002
150830 -0.000003
150840 -0.000006
150850 0.000008
150860 0.000001
150870 -0.000001
150880 0.000008
150890 0.000004
150900 -0.000002
150910 -0.000003
150920 -0.000002
150930 0.000006
150940 -0.000000
150950 0.000006
150960 -0.000005
150970 0.000006
150980 -0.000004
150990 0.000002
151000 -0.000004
151010 -0.000008
151020 0.000113
151030 0.000000
151040 0.000115
151050 -0.000004
151060 -0.000007
151070 -0.000012
151080 -0.000007
151090 0.000005
151100 -0.000001
151110 -0.000008
151120 0.000001
151130 0.000004
151140 0.000002
151150 0.000001
151160 0.000068
151170 -0.000008
151180 -0.000002
151190 -0.000001
151200 0.000002
151210 -0.000000
151220 -0.000010
151230 -0.000004
151240 -0.000001
151250 0.000006
151260 0.000001
151270 0.000006
151280 -0.000005
151290 0.000008
151300 0.000004
151310 0.000003
151320 -0.000005
151330 0.000002
151340 -0.000007
151350 -0.000007
151360 0.000060
151370 0.000012
151380 -0.000010
151390 0.000006
151400 -0.000001
151410 0.000005
151420 -0.000000
151430 0.000001
151440 0.000003
151450 0.000003
151460 -0.000010
151470 0.000005
151480 -0.000006
151490 -0.000002
151500 -0.000017
151510 0.000007
151520 0.000006
151530 -0.000012
151540 0.000002
151550 0.000003
151560 0.000002
151570 -0.000001
151580 -0.000002
151590 0.000005
151600 0.000002
151610 -0.000008
151620 -0.000006
151630 -0.000001
151640 0.000003
151650 -0.000010
151660 -0.000002
151670 -0.000005
151680 0.000000
151690 0.000008
151700 0.000005
151710 -0.000000
151720 0.000007
151730 -0.000005
151740 0.000004
151750 0.000017
151760 -0.000001
151770 0.000002
151780 0.000284
151790 -0.000009
151800 0.000000
151810 0.000007
151820 -0.000001
151830 0.000002
151840 -0.000001
151850 0.000008
151860 0.000004
151870 -0.000005
151880 -0.000017
151890 0.000003
151900 -0.000001
151910 -0.000002
151920 0.000007
151930 -0.000011
151940 0.000006
151950 0.000004
151960 -0.000003
151970 0.000002
151980 -0.000001
151990 -0.000006
152000 -0.000001
152010 -0.000002
152020 0.000002
152030 -0.000009
152040 -0.000004
152050 -0.000022
152060 -0.000001
152070 -0.000008
152080 -0.000005
152090 0.000000
152100 0.000002
152110 -0.000002
152120 0.000003
152130 -0.000006
152140 -0.000000
152150 0.000004
152160 -0.000005
152170 -0.000007
152180 0.000009
152190 0.000000
152200 0.000008
152210 -0.000008
152220 -0.000007
152230 0.000005
152240 -0.000000
152250 -0.000007
152260 -0.000002
152270 -0.000005
152280 -0.000006
152290 0.000001
152300 0.000001
152310 -0.000010
152320 0.000009
152330 -0.000009
152340 -0.000005
152350 -0.000011
152360 -0.000009
152370 -0.000009
152380 0.000009
152390 0.000005
152400 -0.000000
152410 -0.000005
152420 0.000001
152430 -0.000009
152440 -0.000003
152450 -0.000000
152460 0.000006
152470 0.000003
152480 -0.000003
152490 0.000001
152500 -0.000002
152510 -0.000004
152520 -0.000003
152530 -0.000001
152540 -0.000001
152550 -0.000001
152560 -0.000009
152570 0.000003
152580 0.000005
152590 0.000001
152600 0.000000
152610 -0.000001
152620 0.000002
152630 -0.000005
152640 -0.000004
152650 -0.000008
152660 0.000009
152670 0.000002
152680 0.000007
152690 0.000001
152700 -0.000002
152710 -0.000001
152720 0.000001
152730 -0.000005
152740 0.000005
152750 0.000003
152760 0.000006
152770 0.000007
152780 -0.000002
152790 -0.000007
152800 -0.000001
152810 0.000002
152820 0.000001
152830 0.000001
152840 -0.000003
152850 -0.000007
152860 -0.000000
152870 -0.000009
152880 0.000008
152890 0.000007
152900 0.000000
152910 -0.000008
152920 0.000006
152930 -0.000003
152940 0.000009
152950 0.000005
152960 -0.000004
152970 -0.000006
152980 0.000001
152990 0.000017
153000 -0.000001
153010 0.000008
153020 0.000003
153030 -0.000002
153040 -0.000002
153050 -0.000007
153060 -0.000006
153070 0.000010
153080 -0.000002
153090 -0.000000
153100 -0.000007
153110 -0.000002
153120 -0.000002
153130 -0.000001
153140 -0.000008
153150 -0.000001
153160 -0.000006
153170 0.000008
153180 -0.000006
153190 0.000001
153200 -0.000004
153210 0.000000
153220 0.000000
153230 0.000010
153240 0.000004
153250 -0.000002
153260 0.000280
153270 -0.000019
153280 -0.000002
153290 -0.000003
153300 0.000013
153310 0.000000
153320 0.000002
153330 -0.000002
153340 -0.000007
153350 -0.000005
153360 -0.000017
153370 0.000001
153380 -0.000004
153390 -0.000005
153400 -0.000006
153410 -0.000000
153420 0.000008
153430 -0.000008
153440 -0.000010
153450 -0.000008
153460 0.000006
153470 0.000001
153480 0.000002
153490 0.000005
153500 0.000001
153510 0.000000
153520 0.000008
153530 0.000001
153540 0.000084
153550 0.000004
153560 0.000009
153570 0.000003
153580 -0.000008
153590 -0.000007
153600 0.000012
153610 -0.000006
153620 0.000008
153630 -0.000006
153640 0.000003
153650 -0.000004
153660 0.000002
153670 -0.000002
153680 0.000002
153690 0.000003
153700 -0.000007
153710 0.000001
153720 0.000009
153730 -0.000002
153740 -0.000012
153750 0.000000
153760 -0.000005
153770 -0.000002
153780 0.000005
153790 -0.000002
153800 -0.000002
153810 -0.000002
153820 -0.000008
153830 -0.000001
153840 0.000086
153850 -0.000006
153860 0.000002
153870 -0.000003
153880 0.000002
153890 -0.000004
153900 0.000004
153910 -0.000002
153920 -0.000006
153930 -0.000002
153940 0.000008
153950 -0.000014
153960 -0.000009
153970 0.000005
153980 -0.000004
153990 -0.000005
154000 0.000003
154010 0.000005
154020 0.000007
154030 0.000001
154040 -0.000003
154050 0.000002
154060 -0.000001
154070 0.000001
154080 -0.000014
154090 0.000007
154100 0.000009
154110 0.000003
154120 -0.000000
154130 0.000003
154140 -0.000002
154150 -0.000004
154160 0.000000
154170 -0.000000
154180 0.000002
154190 0.000011
154200 0.000014
154210 -0.000005
154220 -0.000007
154230 -0.000001
154240 0.000008
154250 0.000004
154260 -0.000000
154270 -0.000001
154280 0.000001
154290 -0.000021
154300 0.000000
154310 -0.000014
154320 0.000004
154330 -0.000001
154340 -0.000010
154350 0.000003
154360 0.000000
154370 0.000005
154380 -0.000004
154390 0.000009
154400 0.000007
154410 -0.000005
154420 -0.000001
154430 0.000001
154440 0.000007
154450 0.000004
154460 -0.000010
154470 -0.000000
154480 0.000002
154490 -0.000001
154500 0.000001
154510 0.000005
154520 -0.000009
154530 -0.000000
154540 0.000001
154550 0.000001
154560 -0.000011
154570 -0.000001
154580 0.000000
154590 0.000006
154600 0.000015
154610 0.000003
154620 -0.000005
154630 -0.000006
154640 -0.000003
154650 0.000001
154660 -0.000002
154670 -0.000002
154680 0.000004
154690 -0.000008
154700 -0.000002
154710 -0.000003
154720 0.000001
154730 -0.000003
154740 0.000001
154750 -0.000003
154760 0.000007
154770 -0.000001
154780 0.000004
154790 -0.000007
154800 0.000001
154810 0.000012
154820 -0.000001
154830 0.000002
154840 0.000005
154850 -0.000005
154860 -0.000005
154870 -0.000004
154880 0.000064
154890 -0.000006
154900 -0.000011
154910 0.000004
154920 0.000003
154930 -0.000002
154940 0.000004
154950 -0.000002
154960 0.000003
154970 0.000012
154980 0.000006
154990 -0.000004
155000 -0.000008
155010 -0.000000
155020 -0.000002
155030 -0.000003
155040 -0.000035
155050 0.000002
155060 -0.000008
155070 0.000004
155080 0.000001
155090 0.000001
155100 0.000004
155110 -0.000006
155120 -0.000002
155130 -0.000005
155140 -0.000010
155150 0.000005
155160 0.000002
155170 -0.000010
155180 0.000008
155190 0.000000
155200 0.000005
155210 0.000005
155220 -0.000009
155230 0.000000
155240 0.000025
155250 0.000003
155260 -0.000001
155270 -0.000004
155280 0.000002
155290 -0.000038
155300 -0.000023
155310 0.000002
155320 0.000000
155330 -0.000006
155340 -0.000000
155350 0.000001
155360 -0.000007
155370 0.000011
155380 -0.000006
155390 0.000008
155400 0.000002
155410 -0.000003
155420 -0.000001
155430 0.000004
155440 0.000003
155450 0.000003
155460 0.000007
155470 -0.000003
155480 -0.000016
155490 -0.000008
155500 -0.000000
155510 -0.000002
155520 0.000002
155530 0.000009
155540 0.000006
155550 -0.000001
155560 0.000005
155570 -0.000003
155580 0.000004
155590 0.000004
155600 0.000008
155610 0.000002
155620 0.000003
155630 0.000000
155640 0.000005
155650 -0.000003
155660 0.000011
155670 -0.000007
155680 -0.000001
155690 -0.000005
155700 -0.000007
155710 -0.000000
155720 0.000006
155730 0.000004
155740 -0.000002
155750 -0.000009
155760 -0.000005
155770 0.000010
155780 0.000001
155790 -0.000000
155800 -0.000004
155810 0.000011
155820 -0.000001
155830 0.000002
155840 0.000196
155850 -0.000002
155860 -0.000002
155870 0.000009
155880 -0.000007
155890 -0.000001
155900 0.000007
155910 0.000011
155920 0.000007
155930 0.000001
155940 -0.000002
155950 0.000013
155960 -0.000003
155970 0.000004
155980 0.000014
155990 0.000013
156000 -0.000000
156010 -0.000000
156020 -0.000008
156030 0.000004
156040 0.000015
156050 -0.000007
156060 0.000010
156070 0.000007
156080 -0.000000
156090 0.000002
156100 0.000002
156110 -0.000002
156120 -0.000002
156130 -0.000005
156140 0.000004
156150 0.000001
156160 0.000015
156170 0.000000
156180 0.000043
156190 -0.000010
156200 -0.000012
156210 -0.000005
156220 -0.000000
156230 -0.000009
156240 0.000008
156250 -0.000001
156260 0.000011
156270 -0.000005
156280 0.000007
156290 0.000001
156300 0.000001
156310 0.000008
156320 0.000001
156330 0.000008
156340 -0.000007
156350 -0.000006
156360 0.000003
156370 0.000010
156380 0.000004
156390 0.000004
156400 0.000001
156410 0.000001
156420 0.000004
156430 0.000001
156440 -0.000005
156450 -0.000001
156460 -0.000006
156470 0.000003
156480 0.000010
156490 -0.000001
156500 0.000002
156510 0.000009
156520 0.000001
156530 -0.000003
156540 -0.000002
156550 0.000009
156560 -0.000001
156570 -0.000008
156580 -0.000003
156590 -0.000004
156600 0.000001
156610 -0.000001
156620 -0.000001
156630 -0.000005
156640 0.000008
156650 0.000003
156660 0.000015
156670 0.000007
156680 0.000011
156690 0.000003
156700 -0.000004
156710 0.000000
156720 0.000002
156730 0.000001
156740 0.000159
156750 0.000007
156760 0.000007
156770 0.000008
156780 -0.000003
156790 -0.000002
156800 0.000003
156810 -0.000002
156820 0.000008
156830 0.000001
156840 0.000001
156850 0.000006
156860 0.000005
156870 -0.000007
156880 0.000009
156890 0.000004
156900 -0.000006
156910 -0.000000
156920 -0.000004
156930 -0.000004
156940 0.000002
156950 0.000004
156960 -0.000016
156970 -0.000001
156980 -0.000004
156990 0.000007
157000 0.000004
157010 -0.000001
157020 0.000014
157030 0.000001
157040 0.000000
157050 0.000001
157060 0.000000
157070 0.000011
157080 0.000003
157090 -0.000007
157100 -0.000019
157110 0.000002
157120 -0.000003
157130 0.000001
157140 0.000006
157150 0.000003
157160 -0.000002
157170 -0.000002
157180 -0.000002
157190 0.000004
157200 -0.000003
157210 0.000001
157220 -0.000003
157230 0.000001
157240 0.000007
157250 -0.000003
157260 -0.000001
157270 -0.000002
157280 0.000013
157290 0.000005
157300 -0.000001
157310 -0.000004
157320 0.000002
157330 -0.000003
157340 0.000011
157350 0.000003
157360 0.000006
157370 0.000001
157380 -0.000005
157390 0.000009
157400 -0.000009
157410 -0.000005
157420 -0.000001
157430 0.000000
157440 0.000002
157450 -0.000004
157460 0.000001
157470 -0.000001
157480 0.000012
157490 0.000011
157500 0.000006
157510 -0.000006
157520 -0.000009
157530 -0.000011
157540 0.000001
157550 0.000012
157560 -0.000002
157570 0.000004
157580 0.000007
157590 0.000007
157600 0.000002
157610 0.000095
157620 0.000009
157630 0.000006
157640 0.000004
157650 -0.000007
157660 -0.000000
157670 0.000004
157680 0.000002
157690 0.000000
157700 0.000003
157710 -0.000004
157720 -0.000000
157730 -0.000006
157740 0.000002
157750 0.000002
157760 -0.000001
157770 -0.000003
157780 -0.000010
157790 0.000009
157800 0.000006
157810 -0.000006
157820 -0.000002
157830 -0.000002
157840 0.000015
157850 -0.000001
157860 0.000002
157870 0.000007
157880 0.000005
157890 -0.000003
157900 -0.000003
157910 0.000006
157920 0.000007
157930 -0.000001
157940 0.000000
157950 -0.000007
157960 0.000002
157970 -0.000001
157980 -0.000005
157990 -0.000003
158000 0.000007
158010 -0.000001
158020 0.000008
158030 -0.000002
158040 -0.000004
158050 0.000002
158060 0.000007
158070 0.000000
158080 -0.000002
158090 0.000169
158100 -0.000012
158110 -0.000007
158120 -0.000004
158130 0.000000
158140 -0.000011
158150 -0.000004
158160 0.000007
158170 -0.000005
158180 -0.000001
158190 0.000004
158200 0.000001
158210 -0.000013
158220 -0.000001
158230 -0.000007
158240 -0.000009
158250 0.000004
158260 -0.000001
158270 0.000007
158280 0.000006
158290 -0.000008
158300 -0.000007
158310 0.000001
158320 -0.000004
158330 0.000002
158340 0.000002
158350 0.000012
158360 -0.000002
158370 0.000006
158380 0.000000
158390 -0.000003
158400 0.000007
158410 -0.000004
158420 0.000005
158430 -0.000005
158440 0.000003
158450 0.000001
158460 -0.000009
158470 -0.000005
158480 0.000013
158490 0.000008
158500 0.000007
158510 0.000001
158520 0.000007
158530 0.000001
158540 -0.000003
158550 0.000006
158560 -0.000006
158570 0.000001
158580 0.000002
158590 -0.000000
158600 -0.000000
158610 -0.000002
158620 0.000008
158630 -0.000001
158640 -0.000004
158650 0.000006
158660 -0.000003
158670 0.000003
158680 -0.000001
158690 -0.000001
158700 -0.000004
158710 0.000011
158720 -0.000006
158730 0.000003
158740 0.000003
158750 0.000001
158760 0.000010
158770 -0.000001
158780 0.000006
158790 0.000001
158800 0.000000
158810 0.000145
158820 0.000002
158830 -0.000007
158840 0.000001
158850 0.000002
158860 0.000006
158870 0.000001
158880 0.000009
158890 -0.000005
158900 0.000001
158910 -0.000000
158920 0.000002
158930 0.000001
158940 -0.000004
158950 0.000005
158960 0.000003
158970 0.000000
158980 0.000008
158990 0.000039
159000 0.000006
159010 0.000003
159020 0.000023
159030 0.000003
159040 0.000010
159050 -0.000003
159060 0.000007
159070 -0.000004
159080 0.000002
159090 0.000002
159100 0.000011
159110 0.000007
159120 0.000001
159130 0.000004
159140 0.000004
159150 0.000001
159160 -0.000004
159170 -0.000004
159180 -0.000006
159190 -0.000045
159200 0.000014
159210 0.000006
159220 -0.000004
159230 -0.000006
159240 -0.000007
159250 -0.000000
159260 0.000001
159270 -0.000001
159280 -0.000006
159290 -0.000006
159300 -0.000001
159310 0.000005
159320 -0.000000
159330 -0.000001
159340 0.000004
159350 -0.000000
159360 0.000002
159370 -0.000023
159380 -0.000004
159390 0.000002
159400 0.000007
159410 -0.000004
159420 0.000007
159430 0.000006
159440 0.000000
159450 0.000000
159460 0.000024
159470 0.000004
159480 -0.000006
159490 -0.000016
159500 0.000000
159510 0.000006
159520 0.000004
159530 0.000000
159540 0.000007
159550 -0.000003
159560 0.000004
159570 0.000001
159580 0.000004
159590 -0.000001
159600 -0.000004
159610 -0.000004
159620 0.000001
159630 -0.000000
159640 -0.000001
159650 -0.000002
159660 -0.000005
159670 0.000006
159680 -0.000007
159690 -0.000000
159700 -0.000005
159710 0.000009
159720 0.000003
159730 -0.000003
159740 -0.000004
159750 -0.000004
159760 0.000004
159770 -0.000010
159780 -0.000002
159790 0.000003
159800 -0.000002
159810 0.000001
159820 0.000002
159830 -0.000003
159840 0.000001
159850 -0.000002
159860 0.000000
159870 -0.000005
159880 0.000013
159890 0.000004
159900 0.000008
159910 0.000002
159920 0.000008
159930 0.000044
159940 -0.000000
159950 -0.000000
159960 -0.000002
159970 -0.000001
159980 -0.000001
159990 -0.000000
160000 0.000007
160010 0.000004
160020 0.000023
160030 0.000010
160040 -0.000003
160050 -0.000004
160060 0.000014
160070 -0.000002
160080 0.000001
160090 -0.000004
160100 -0.000010
160110 0.000000
160120 0.000001
160130 -0.000002
160140 0.000004
160150 0.000006
160160 -0.000003
160170 0.000005
160180 -0.000003
160190 -0.000003
160200 0.000000
160210 -0.000002
160220 -0.000001
160230 -0.000005
160240 -0.000006
160250 -0.000000
160260 0.000002
160270 -0.000001
160280 0.000010
160290 0.000005
160300 0.000002
160310 0.000012
160320 -0.000003
160330 -0.000003
160340 0.000005
160350 0.000005
160360 0.000000
160370 -0.000006
160380 -0.000003
160390 -0.000007
160400 0.000004
160410 -0.000001
160420 0.000004
160430 0.000001
160440 0.000006
160450 0.000007
160460 -0.000008
160470 0.000004
160480 -0.000005
160490 -0.000001
160500 -0.000001
160510 0.000004
160520 -0.000000
160530 -0.000003
160540 -0.000025
160550 0.000002
160560 0.000007
160570 -0.000002
160580 -0.000003
160590 -0.000002
160600 0.000005
160610 -0.000005
160620 -0.000015
160630 -0.000001
160640 -0.000006
160650 -0.000003
160660 -0.000001
160670 -0.000017
160680 -0.000000
160690 0.000005
160700 0.000005
160710 0.000027
160720 0.000873
160730 0.000005
160740 -0.000002
160750 -0.000005
160760 -0.000003
160770 -0.000002
160780 -0.000007
160790 0.000006
160800 0.000004
160810 -0.000011
160820 0.000006
160830 0.000009
160840 -0.000002
160850 -0.000002
160860 0.000003
160870 -0.000010
160880 0.000006
160890 0.000001
160900 0.000005
160910 -0.000006
160920 -0.000012
160930 0.000001
160940 0.000005
160950 0.000007
160960 0.000002
160970 0.000005
160980 0.000004
160990 0.000004
161000 -0.000002
161010 0.000003
161020 0.000001
161030 -0.000016
161040 -0.000006
161050 0.000002
161060 0.000001
161070 -0.000003
161080 0.000005
161090 0.000001
161100 -0.000001
161110 0.000002
161120 -0.000004
161130 -0.000019
161140 0.000007
161150 0.000003
161160 -0.000006
161170 0.000016
161180 0.000004
161190 -0.000006
161200 0.000213
161210 0.000001
161220 -0.000000
161230 -0.000003
161240 0.000002
161250 0.000002
161260 -0.000010
161270 -0.000000
161280 -0.000002
161290 0.000002
161300 -0.000000
161310 0.000005
161320 -0.000003
161330 0.000002
161340 0.000002
161350 0.000011
161360 -0.000008
161370 -0.000007
161380 0.000001
161390 0.000006
161400 0.000004
161410 0.000017
161420 -0.000002
161430 -0.000003
161440 0.000004
161450 -0.000004
161460 -0.000003
161470 0.000002
161480 -0.000008
161490 -0.000003
161500 0.000005
161510 -0.000008
161520 -0.000007
161530 0.000008
161540 -0.000001
161550 -0.000002
161560 0.000002
161570 -0.000004
161580 -0.000003
161590 -0.000002
161600 -0.000011
161610 -0.000000
161620 0.000007
161630 -0.000008
161640 -0.000017
161650 -0.000001
161660 -0.000009
161670 0.000005
161680 -0.000001
161690 -0.000003
161700 -0.000000
161710 -0.000005
161720 -0.000007
161730 -0.000005
161740 0.000004
161750 -0.000001
161760 -0.000013
161770 0.000009
161780 0.000001
161790 0.000005
161800 -0.000003
161810 -0.000003
161820 -0.000007
161830 0.000001
161840 0.000003
161850 0.000044
161860 0.000004
161870 -0.000007
161880 -0.000000
161890 -0.000002
161900 -0.000009
161910 0.000001
161920 0.000002
161930 -0.000002
161940 0.000001
161950 0.000005
161960 0.000001
161970 -0.000005
161980 0.000000
161990 -0.000005
162000 0.000005
162010 0.000004
162020 -0.000002
162030 -0.000002
162040 0.000013
162050 0.000009
162060 0.000000
162070 0.000005
162080 -0.000003
162090 0.000005
162100 0.000002
162110 -0.000003
162120 -0.000003
162130 -0.000009
162140 0.000011
162150 0.000004
162160 0.000010
162170 0.000007
162180 -0.000005
162190 -0.000003
162200 0.000002
162210 0.000010
162220 0.000005
162230 0.000000
162240 -0.000010
162250 -0.000002
162260 -0.000005
162270 0.000001
162280 -0.000001
162290 0.000007
162300 0.000410
162310 0.000000
162320 0.000001
162330 0.000003
162340 -0.000002
162350 0.000002
162360 0.000012
162370 -0.000000
162380 -0.000001
162390 -0.000004
162400 -0.000005
162410 -0.000005
162420 -0.000005
162430 -0.000002
162440 0.000009
162450 -0.000001
162460 -0.000014
162470 0.000001
162480 -0.000000
162490 -0.000004
162500 0.000000
162510 0.000003
162520 -0.000005
162530 -0.000004
162540 -0.000003
162550 -0.000005
162560 0.000215
162570 0.000011
162580 -0.000006
162590 -0.000002
162600 -0.000004
162610 0.000000
162620 0.000003
162630 0.000004
162640 0.000022
162650 0.000003
162660 -0.000007
162670 0.000001
162680 0.000006
162690 0.000002
162700 -0.000000
162710 -0.000006
162720 0.000008
162730 -0.000001
162740 0.000009
162750 0.000009
162760 0.000005
162770 0.000005
162780 -0.000003
162790 -0.000011
162800 0.000003
162810 0.000024
162820 -0.000000
162830 0.000005
162840 0.000009
162850 -0.000009
162860 0.000001
162870 -0.000005
162880 0.000016
162890 -0.000000
162900 -0.000006
162910 0.000010
162920 -0.000002
162930 0.000005
162940 -0.000012
162950 0.000004
162960 -0.000022
162970 0.000003
162980 -0.000002
162990 -0.000003
163000 0.000004
163010 0.000003
163020 0.000003
163030 -0.000007
163040 0.000197
163050 -0.000000
163060 0.000004
163070 -0.000001
163080 -0.000001
163090 -0.000006
163100 0.000002
163110 -0.000000
163120 -0.000006
163130 0.000003
163140 -0.000006
163150 -0.000007
163160 -0.000000
163170 0.000008
163180 0.000001
163190 -0.000006
163200 0.000002
163210 0.000002
163220 0.000008
163230 0.000000
163240 0.000001
163250 -0.000002
163260 0.000003
163270 0.000003
163280 0.000001
163290 -0.000002
163300 0.000006
163310 -0.000001
163320 0.000001
163330 0.000012
163340 -0.000005
163350 0.000000
163360 0.000009
163370 0.000006
163380 -0.000004
163390 -0.000015
163400 -0.000007
163410 0.000001
163420 0.000005
163430 0.000007
163440 0.000004
163450 0.000002
163460 0.000002
163470 -0.000002
163480 -0.000007
163490 0.000003
163500 0.000003
163510 -0.000008
163520 -0.000003
163530 0.000006
163540 0.000010
163550 0.000004
163560 -0.000002
163570 0.000002
163580 0.000001
163590 -0.000003
163600 0.000001
163610 0.000001
163620 -0.000003
163630 -0.000002
163640 -0.000001
163650 -0.000003
163660 0.000002
163670 -0.000003
163680 -0.000002
163690 0.000003
163700 -0.000000
163710 -0.000002
163720 0.000007
163730 0.000002
163740 0.000005
163750 -0.000002
163760 -0.000001
163770 0.000008
163780 -0.000009
163790 0.000003
163800 -0.000003
163810 -0.000001
163820 0.000010
163830 0.000002
163840 -0.000005
163850 -0.000007
163860 -0.000004
163870 -0.000012
163880 -0.000006
163890 0.000000
163900 0.000009
163910 -0.000004
163920 -0.000001
163930 0.000006
163940 0.000003
163950 0.000004
163960 -0.000008
163970 -0.000003
163980 -0.000006
163990 -0.000001
164000 -0.000003
164010 0.000006
164020 0.000003
164030 -0.000001
164040 -0.000003
164050 0.000008
164060 0.000003
164070 -0.000006
164080 -0.000003
164090 -0.000000
164100 -0.000004
164110 0.000000
164120 -0.000008
164130 0.000003
164140 -0.000001
164150 0.000006
164160 0.000009
164170 0.000008
164180 -0.000002
164190 -0.000003
164200 0.000015
164210 0.000002
164220 -0.000017
164230 0.000015
164240 -0.000047
164250 0.000002
164260 -0.000001
164270 0.000001
164280 0.000003
164290 -0.000002
164300 0.000002
164310 0.000009
164320 0.000003
164330 -0.000011
164340 -0.000003
164350 -0.000084
164360 -0.000008
164370 0.000010
164380 -0.000005
164390 0.000002
164400 0.000004
164410 0.000011
164420 0.000005
164430 0.000007
164440 0.000006
164450 -0.000008
164460 -0.000007
164470 0.000008
164480 -0.000002
164490 0.000005
164500 -0.000002
164510 0.000012
164520 0.000003
164530 -0.000002
164540 -0.000006
164550 0.000002
164560 0.000010
164570 0.000003
164580 -0.000003
164590 0.000000
164600 -0.000014
164610 -0.000003
164620 0.000039
164630 -0.000007
164640 -0.000007
164650 0.000004
164660 0.000007
164670 -0.000006
164680 -0.000008
164690 0.000003
164700 0.000010
164710 0.000001
164720 0.000011
164730 -0.000006
164740 0.000003
164750 0.000002
164760 -0.000001
164770 -0.000001
164780 0.000003
164790 -0.000002
164800 -0.000001
164810 0.000000
164820 0.000004
164830 -0.000007
164840 0.000013
164850 0.000031
164860 -0.000006
164870 -0.000004
164880 0.000005
164890 0.000011
164900 0.000004
164910 0.000000
164920 -0.000004
164930 0.000003
164940 0.000006
164950 -0.000000
164960 0.000004
164970 -0.000005
164980 -0.000003
164990 -0.000012
165000 -0.000001
165010 -0.000002
165020 -0.000002
165030 0.000005
165040 -0.000001
165050 -0.000004
165060 -0.000005
165070 -0.000003
165080 -0.000008
165090 0.000005
165100 0.000007
165110 0.000007
165120 0.000006
165130 0.000013
165140 -0.000003
165150 -0.000009
165160 0.000003
165170 -0.000001
165180 0.000010
165190 -0.000006
165200 -0.000002
165210 -0.000005
165220 0.000006
165230 0.000008
165240 -0.000011
165250 -0.000004
165260 0.000002
165270 -0.000001
165280 -0.000003
165290 -0.000005
165300 0.000007
165310 -0.000002
165320 0.000003
165330 -0.000005
165340 0.000001
165350 0.000009
165360 -0.000003
165370 0.000008
165380 0.000004
165390 0.000000
165400 -0.000010
165410 -0.000010
165420 0.000007
165430 -0.000003
165440 0.000005
165450 0.000006
165460 0.000025
165470 -0.000004
165480 -0.000001
165490 -0.000019
165500 -0.000009
165510 0.000003
165520 -0.000004
165530 0.000011
165540 0.000012
165550 -0.000001
165560 -0.000001
165570 -0.000001
165580 0.000003
165590 0.000011
165600 0.000002
165610 -0.000007
165620 -0.000005
165630 0.000002
165640 0.000006
165650 -0.000004
165660 -0.000011
165670 -0.000006
165680 -0.000005
165690 0.000004
165700 0.000002
165710 -0.000010
165720 -0.000008
165730 0.000010
165740 -0.000001
165750 -0.000005
165760 0.000002
165770 0.000003
165780 -0.000005
165790 -0.000007
165800 -0.000025
165810 -0.000004
165820 0.000001
165830 0.000007
165840 0.000007
165850 -0.000008
165860 -0.000005
165870 0.000005
165880 -0.000002
165890 0.000001
165900 0.000000
165910 -0.000002
165920 0.000001
165930 0.000001
165940 -0.000003
165950 -0.000045
165960 0.000000
165970 -0.000004
165980 0.000001
165990 -0.000007
166000 0.000003
166010 0.000013
166020 -0.000003
166030 -0.000002
166040 -0.000001
166050 0.000001
166060 0.000004
166070 0.000008
166080 -0.000001
166090 0.000001
166100 0.000007
166110 -0.000002
166120 -0.000006
166130 -0.000009
166140 -0.000005
166150 -0.000011
166160 0.000003
166170 0.000007
166180 0.000002
166190 0.000002
166200 0.000006
166210 0.000003
166220 -0.000008
166230 -0.000013
166240 -0.000004
166250 -0.000003
166260 -0.000004
166270 -0.000003
166280 -0.000009
166290 -0.000016
166300 -0.000014
166310 -0.000051
166320 -0.000004
166330 -0.000000
166340 -0.000006
166350 -0.000004
166360 -0.000001
166370 0.000006
166380 0.000001
166390 -0.000008
166400 0.000003
166410 -0.000003
166420 -0.000002
166430 0.000012
166440 -0.000004
166450 0.000001
166460 0.000006
166470 -0.000003
166480 -0.000005
166490 -0.000003
166500 -0.000005
166510 0.000002
166520 -0.000008
166530 -0.000001
166540 -0.000005
166550 0.000000
166560 -0.000006
166570 0.000000
166580 0.000001
166590 -0.000034
166600 -0.000000
166610 0.000006
166620 0.000003
166630 0.000002
166640 0.000007
166650 -0.000008
166660 -0.000005
166670 -0.000004
166680 0.000004
166690 0.000133
166700 -0.000028
166710 0.000002
166720 0.000012
166730 0.000006
166740 -0.000005
166750 -0.000010
166760 0.000001
166770 0.000000
166780 0.000003
166790 0.000018
166800 -0.000001
166810 -0.000002
166820 0.000003
166830 -0.000002
166840 0.000008
166850 -0.000009
166860 -0.000007
166870 -0.000000
166880 -0.000016
166890 0.000002
166900 -0.000004
166910 0.000005
166920 -0.000006
166930 -0.000171
166940 -0.000002
166950 0.000001
166960 -0.000005
166970 -0.000002
166980 -0.000007
166990 -0.000005
167000 -0.000003
167010 -0.000001
167020 0.000001
167030 0.000008
167040 0.000004
167050 -0.000006
167060 0.000016
167070 0.000005
167080 0.000009
167090 0.000001
167100 0.000012
167110 0.000007
167120 -0.000001
167130 -0.000009
167140 -0.000008
167150 -0.000003
167160 0.000005
167170 -0.000002
167180 -0.000003
167190 -0.000001
167200 -0.000002
167210 -0.000024
167220 -0.000010
167230 -0.000000
167240 -0.000005
167250 0.000006
167260 -0.000009
167270 0.000005
167280 -0.000000
167290 0.000007
167300 0.000008
167310 0.000001
167320 0.000001
167330 0.000013
167340 0.000010
167350 -0.000007
167360 -0.000002
167370 -0.000009
167380 -0.000005
167390 0.000008
167400 0.000001
167410 -0.000004
167420 -0.000002
167430 0.000004
167440 0.000005
167450 0.000014
167460 -0.000007
167470 0.000003
167480 -0.000005
167490 0.000001
167500 -0.000009
167510 -0.000007
167520 -0.000011
167530 -0.000003
167540 -0.000007
167550 -0.000006
167560 -0.000116
167570 0.000002
167580 -0.000004
167590 0.000010
167600 0.000002
167610 0.000006
167620 -0.000003
167630 0.000007
167640 0.000005
167650 0.000008
167660 0.000003
167670 -0.000003
167680 -0.000002
167690 -0.000007
167700 0.000001
167710 0.000006
167720 0.000005
167730 -0.000003
167740 0.000044
167750 0.000003
167760 -0.000012
167770 0.000002
167780 0.000005
167790 -0.000001
167800 -0.000009
167810 0.000002
167820 0.000001
167830 0.000008
167840 -0.000009
167850 0.000001
167860 -0.000001
167870 0.000002
167880 -0.000018
167890 0.000002
167900 -0.000010
167910 -0.000003
167920 -0.000008
167930 -0.000009
167940 0.000005
167950 0.000000
167960 -0.000002
167970 0.000006
167980 -0.000001
167990 0.000003
168000 -0.000008
168010 0.000004
168020 -0.000004
168030 -0.000005
168040 0.000001
168050 -0.000004
168060 -0.000003
168070 0.000003
168080 0.000011
168090 0.000011
168100 -0.000002
168110 -0.000002
168120 0.000000
168130 -0.000009
168140 -0.000002
168150 0.000000
168160 0.000008
168170 -0.000007
168180 -0.000010
168190 -0.000000
168200 -0.000008
168210 0.000009
168220 0.000006
168230 0.000001
168240 -0.000000
168250 0.000004
168260 0.000003
168270 -0.000016
168280 0.000014
168290 0.000001
168300 0.000010
168310 -0.000015
168320 -0.000003
168330 0.000003
168340 -0.000001
168350 0.000003
168360 0.000001
168370 0.000001
168380 0.000001
168390 -0.000006
168400 0.000005
168410 -0.000001
168420 0.000003
168430 0.000001
168440 0.000004
168450 0.000002
168460 -0.000005
168470 0.000007
168480 0.000031
168490 0.000007
168500 -0.000006
168510 -0.000004
168520 0.000005
168530 -0.000004
168540 0.000002
168550 0.000000
168560 0.000008
168570 -0.000004
168580 -0.000003
168590 0.000004
168600 0.000005
168610 0.000004
168620 -0.000006
168630 0.000002
168640 0.000005
168650 0.000011
168660 0.000001
168670 -0.000009
168680 -0.000004
168690 0.000005
168700 -0.000002
168710 -0.000001
168720 0.000009
168730 0.000001
168740 0.000007
168750 0.000005
168760 0.000004
168770 0.000004
168780 -0.000002
168790 0.000003
168800 -0.000117
168810 -0.000004
168820 0.000004
168830 0.000002
168840 -0.000001
168850 0.000002
168860 -0.000005
168870 0.000002
168880 -0.000009
168890 -0.000006
168900 0.000004
168910 0.000004
168920 0.000013
168930 -0.000002
168940 0.000002
168950 0.000010
168960 -0.000014
168970 0.000000
168980 -0.000008
168990 0.000002
169000 -0.000036
169010 -0.000015
169020 -0.000003
169030 0.000003
169040 -0.000000
169050 -0.000002
169060 -0.000006
169070 0.000002
169080 0.000011
169090 0.000004
169100 -0.000006
169110 0.000001
169120 0.000005
169130 0.000003
169140 -0.000003
169150 -0.000005
169160 -0.000005
169170 -0.000002
169180 -0.000010
169190 0.000000
169200 0.000007
169210 0.000011
169220 0.000006
169230 0.000010
169240 0.000001
169250 -0.000007
169260 0.000003
169270 0.000003
169280 0.000001
169290 0.000001
169300 -0.000005
169310 -0.000007
169320 0.000001
169330 0.000031
169340 -0.000012
169350 0.000017
169360 0.000002
169370 0.000001
169380 0.000001
169390 -0.000004
169400 -0.000003
169410 -0.000002
169420 0.000003
169430 0.000002
169440 -0.000002
169450 -0.000029
169460 0.000003
169470 -0.000002
169480 0.000002
169490 -0.000007
169500 0.000002
169510 -0.000004
169520 0.000004
169530 -0.000006
169540 0.000006
169550 0.000007
169560 -0.000004
169570 -0.000007
169580 -0.000004
169590 -0.000008
169600 0.000005
169610 0.000001
169620 0.000000
169630 -0.000002
169640 -0.000003
169650 0.000003
169660 0.000002
169670 -0.000001
169680 0.000003
169690 -0.000001
169700 -0.000004
169710 0.000008
169720 0.000007
169730 -0.000002
169740 -0.000010
169750 0.000000
169760 -0.000005
169770 -0.000001
169780 0.000004
169790 -0.000002
169800 0.000027
169810 -0.000006
169820 0.000009
169830 -0.000014
169840 0.000001
169850 -0.000008
169860 -0.000011
169870 -0.000005
169880 0.000003
169890 -0.000001
169900 -0.000009
169910 -0.000010
169920 -0.000006
169930 0.000009
169940 -0.000003
169950 0.000003
169960 0.000010
169970 -0.000009
169980 -0.000005
169990 0.000004
170000 -0.000001
170010 0.000000
170020 0.000205
170030 -0.000009
170040 0.000003
170050 0.000001
170060 -0.000010
170070 0.000002
170080 0.000003
170090 0.000004
170100 0.000008
170110 0.000003
170120 0.000004
170130 0.000001
170140 -0.000010
170150 0.000008
170160 0.000002
170170 0.000001
170180 0.000000
170190 0.000002
170200 0.000007
170210 0.000000
170220 0.000004
170230 -0.000000
170240 -0.000003
170250 -0.000005
170260 -0.000000
170270 -0.000018
170280 0.000002
170290 0.000008
170300 0.000024
170310 0.000003
170320 -0.000000
170330 0.000005
170340 0.000001
170350 0.000010
170360 -0.000001
170370 -0.000002
170380 0.000001
170390 0.000006
170400 -0.000007
170410 0.000008
170420 -0.000004
170430 -0.000014
170440 0.000002
170450 -0.000010
170460 -0.000004
170470 0.000010
170480 -0.000006
170490 0.000028
170500 -0.000001
170510 0.000016
170520 0.000020
170530 -0.000010
170540 0.000002
170550 -0.000004
170560 -0.000003
170570 0.000002
170580 -0.000001
170590 -0.000016
170600 -0.000004
170610 0.000002
170620 0.000003
170630 0.000003
170640 -0.000001
170650 -0.000005
170660 0.000008
170670 -0.000000
170680 0.000001
170690 0.000003
170700 0.000003
170710 -0.000002
170720 0.000004
170730 -0.000001
170740 0.000006
170750 -0.000004
170760 0.000000
170770 -0.000001
170780 0.000222
170790 -0.000001
170800 -0.000008
170810 -0.000000
170820 -0.000002
170830 -0.000002
170840 -0.000003
170850 0.000017
170860 -0.000001
170870 0.000000
170880 0.000042
170890 -0.000001
170900 0.000009
170910 0.000004
170920 -0.000000
170930 0.000030
170940 0.000002
170950 0.000002
170960 -0.000001
170970 0.000003
170980 0.000001
170990 -0.000007
171000 0.000001
171010 0.000012
171020 0.000014
171030 -0.000006
171040 -0.000001
171050 0.000016
171060 -0.000004
171070 0.000003
171080 -0.000010
171090 -0.000003
171100 0.000008
171110 -0.000001
171120 -0.000017
171130 -0.000000
171140 -0.000014
171150 -0.000003
171160 0.000006
171170 -0.000006
171180 0.000008
171190 0.000003
171200 -0.000018
171210 0.000002
171220 0.000000
171230 0.000005
171240 -0.000006
171250 -0.000015
171260 0.000002
171270 -0.000000
171280 -0.000004
171290 0.000007
171300 -0.000005
171310 0.000010
171320 -0.000001
171330 0.000008
171340 0.000007
171350 -0.000001
171360 -0.000007
171370 -0.000004
171380 -0.000005
171390 0.000004
171400 -0.000003
171410 0.000007
171420 -0.000006
171430 -0.000010
171440 0.000007
171450 -0.000007
171460 -0.000006
171470 0.000004
171480 -0.000008
171490 0.000001
171500 -0.000008
171510 -0.000000
171520 0.000001
171530 -0.000004
171540 -0.000002
171550 -0.000008
171560 0.000003
171570 0.000003
171580 -0.000004
171590 -0.000000
171600 -0.000035
171610 -0.000008
171620 -0.000005
171630 0.000007
171640 0.000006
171650 -0.000027
171660 0.000005
171670 -0.000003
171680 0.000070
171690 -0.000001
171700 -0.000008
171710 -0.000007
171720 -0.000003
171730 -0.000005
171740 0.000000
171750 0.000001
171760 0.000008
171770 -0.000009
171780 -0.000002
171790 -0.000002
171800 -0.000007
171810 0.000007
171820 -0.000001
171830 -0.000002
171840 0.000007
171850 0.000002
171860 -0.000006
171870 0.000004
171880 -0.000002
171890 -0.000004
171900 0.000001
171910 -0.000420
171920 0.000002
171930 -0.000008
171940 0.000006
171950 0.000002
171960 -0.000100
171970 0.000000
171980 -0.000011
171990 -0.000007
172000 -0.000001
172010 -0.000008
172020 0.000002
172030 0.000009
172040 0.000020
172050 -0.000005
172060 -0.000006
172070 0.000002
172080 -0.000000
172090 0.000005
172100 -0.000000
172110 -0.000006
172120 -0.000004
172130 0.000000
172140 0.000004
172150 -0.000007
172160 -0.000016
172170 -0.000022
172180 0.000004
172190 0.000091
172200 -0.000014
172210 -0.000004
172220 0.000005
172230 -0.000002
172240 0.000002
172250 0.000001
172260 0.000005
172270 0.000005
172280 -0.000048
172290 -0.000011
172300 0.000003
172310 0.000002
172320 -0.000003
172330 0.000001
172340 0.000008
172350 0.000001
172360 -0.000010
172370 0.000011
172380 0.000002
172390 -0.000007
172400 -0.000002
172410 0.000003
172420 -0.000003
172430 0.000003
172440 0.000001
172450 0.000005
172460 0.000011
172470 -0.000006
172480 -0.000001
172490 0.000001
172500 -0.000003
172510 -0.000001
172520 -0.000009
172530 0.000002
172540 0.000009
172550 -0.000002
172560 -0.000011
172570 -0.000008
172580 0.000002
172590 -0.000004
172600 0.000001
172610 -0.000001
172620 -0.000002
172630 -0.000004
172640 0.000008
172650 -0.000003
172660 0.000015
172670 -0.000001
172680 -0.000004
172690 -0.000006
172700 0.000003
172710 0.000007
172720 0.000002
172730 -0.000008
172740 -0.000004
172750 -0.000001
172760 0.000009
172770 -0.000006
172780 -0.000003
172790 -0.000008
172800 -0.000002
172810 -0.000003
172820 0.000006
172830 0.000001
172840 -0.000003
172850 -0.000007
172860 -0.000004
172870 0.000005
172880 0.000005
172890 -0.000004
172900 0.000012
172910 -0.000002
172920 0.000001
172930 0.000008
172940 -0.000001
172950 0.000007
172960 0.000002
172970 0.000004
172980 -0.000001
172990 0.000006
173000 0.000006
173010 -0.000000
173020 -0.000004
173030 0.000007
173040 -0.000009
173050 0.000007
173060 -0.000001
173070 -0.000003
173080 0.000007
173090 0.000009
173100 -0.000005
173110 0.000017
173120 0.000007
173130 -0.000006
173140 -0.000002
173150 0.000001
173160 -0.000001
173170 -0.000001
173180 0.000003
173190 0.000025
173200 0.000006
173210 0.000027
173220 0.000005
173230 -0.000007
173240 -0.000009
173250 -0.000007
173260 -0.000001
173270 0.000005
173280 -0.000008
173290 0.000001
173300 -0.000001
173310 0.000966
173320 0.000004
173330 0.000005
173340 0.000007
173350 -0.000002
173360 0.000005
173370 0.000002
173380 0.000006
173390 0.000011
173400 0.000006
173410 -0.000004
173420 0.000003
173430 0.000004
173440 -0.000004
173450 -0.000001
173460 0.000000
173470 0.000002
173480 -0.000003
173490 -0.000001
173500 -0.000003
173510 -0.000006
173520 -0.000001
173530 0.000005
173540 0.000005
173550 -0.000001
173560 -0.000012
173570 -0.000006
173580 0.000002
173590 0.000005
173600 -0.000004
173610 0.000018
173620 0.000001
173630 0.000002
173640 -0.000006
173650 -0.000005
173660 -0.000002
173670 0.000018
173680 -0.000005
173690 0.000006
173700 -0.000003
173710 -0.000002
173720 -0.000002
173730 -0.000002
173740 -0.000004
173750 0.000009
173760 0.000009
173770 -0.000001
173780 0.000003
173790 0.000000
173800 -0.000002
173810 0.000008
173820 -0.000002
173830 -0.000001
173840 0.000008
173850 0.000002
173860 -0.000011
173870 -0.000004
173880 0.000000
173890 -0.000001
173900 -0.000006
173910 -0.000010
173920 0.000003
173930 -0.000004
173940 -0.000001
173950 0.000002
173960 0.000007
173970 0.000001
173980 0.000008
173990 0.000628
174000 0.000004
174010 -0.000001
174020 0.000002
174030 -0.000005
174040 0.000003
174050 -0.000001
174060 -0.000004
174070 -0.000009
174080 0.000002
174090 0.000002
174100 -0.000012
174110 -0.000002
174120 0.000004
174130 -0.000020
174140 0.000002
174150 -0.000005
174160 -0.000006
174170 -0.000002
174180 0.000001
174190 0.000000
174200 -0.000006
174210 -0.000003
174220 0.000003
174230 -0.000001
174240 0.000007
174250 -0.000004
174260 0.000003
174270 -0.000003
174280 -0.000001
174290 -0.000002
174300 -0.000002
174310 0.000005
174320 -0.000009
174330 0.000001
174340 0.000003
174350 -0.000014
174360 -0.000003
174370 -0.000004
174380 0.000023
174390 0.000002
174400 0.000000
174410 -0.000001
174420 -0.000005
174430 0.000002
174440 -0.000004
174450 0.000002
174460 0.000007
174470 -0.000001
174480 0.000001
174490 -0.000003
174500 -0.000006
174510 0.000005
174520 0.000001
174530 0.000002
174540 0.000008
174550 0.000004
174560 -0.000001
174570 0.000007
174580 -0.000006
174590 0.000008
174600 0.000009
174610 0.000000
174620 0.000001
174630 0.000005
174640 -0.000001
174650 -0.000003
174660 0.000001
174670 -0.000007
174680 -0.000005
174690 -0.000001
174700 0.000036
174710 0.000008
174720 -0.000008
174730 -0.000002
174740 0.000007
174750 0.000014
174760 0.000007
174770 0.000007
174780 0.000009
174790 0.000014
174800 -0.000000
174810 0.000006
174820 -0.000001
174830 -0.000007
174840 -0.000006
174850 0.000007
174860 -0.000000
174870 -0.000002
174880 0.000017
174890 0.000004
174900 0.000009
174910 -0.000005
174920 0.000002
174930 0.000002
174940 0.000005
174950 -0.000017
174960 -0.000003
174970 0.000006
174980 -0.000015
174990 -0.000004
175000 0.000000
175010 0.000210
175020 -0.000003
175030 -0.000009
175040 0.000011
175050 0.000000
175060 -0.000010
175070 -0.000009
175080 -0.000004
175090 -0.000012
175100 -0.000003
175110 0.000003
175120 -0.000001
175130 0.000007
175140 0.000008
175150 0.000001
175160 0.000002
175170 0.000001
175180 0.000001
175190 0.000011
175200 -0.000002
175210 0.000002
175220 -0.000008
175230 0.000000
175240 0.000025
175250 0.000014
175260 0.000015
175270 -0.000002
175280 0.000005
175290 0.000002
175300 -0.000003
175310 -0.000001
175320 0.000012
175330 0.000002
175340 0.000011
175350 -0.000003
175360 -0.000003
175370 -0.000005
175380 0.000005
175390 0.000001
175400 0.000001
175410 -0.000008
175420 -0.000004
175430 0.000009
175440 0.000010
175450 0.000000
175460 0.000004
175470 -0.000005
175480 -0.000009
175490 0.000014
175500 0.000003
175510 0.000005
175520 0.000267
175530 0.000004
175540 0.000008
175550 -0.000027
175560 -0.000002
175570 0.000006
175580 -0.000005
175590 0.000004
175600 -0.000003
175610 0.000001
175620 -0.000005
175630 -0.000030
175640 0.000010
175650 0.000005
175660 0.000002
175670 -0.000003
175680 0.000005
175690 0.000000
175700 0.000006
175710 0.000008
175720 0.000002
175730 0.000002
175740 -0.000003
175750 -0.000009
175760 -0.000001
175770 0.000007
175780 -0.000004
175790 -0.000002
175800 0.000008
175810 -0.000004
175820 -0.000003
175830 0.000004
175840 0.000000
175850 0.000003
175860 -0.000002
175870 0.000004
175880 0.000004
175890 -0.000007
175900 0.000001
175910 0.000009
175920 -0.000001
175930 0.000003
175940 0.000005
175950 -0.000002
175960 -0.000006
175970 0.000014
175980 -0.000001
175990 0.000017
176000 0.000002
176010 -0.000003
176020 -0.000002
176030 0.000001
176040 -0.000014
176050 0.000002
176060 -0.000006
176070 0.000012
176080 0.000000
176090 0.000001
176100 0.000003
176110 0.000001
176120 0.000006
176130 0.000005
176140 -0.000001
176150 0.000008
176160 0.000005
176170 -0.000006
176180 -0.000008
176190 0.000012
176200 -0.000004
176210 0.000003
176220 -0.000002
176230 0.000001
176240 0.000017
176250 0.000005
176260 -0.000006
176270 0.000003
176280 0.000248
176290 0.000006
176300 -0.000005
176310 0.000001
176320 0.000003
176330 -0.000002
176340 -0.000009
176350 -0.000003
176360 -0.000002
176370 -0.000006
176380 -0.000000
176390 0.000015
176400 0.000005
176410 0.000003
176420 0.000004
176430 0.000001
176440 0.000000
176450 0.000008
176460 0.000003
176470 -0.000002
176480 -0.000005
176490 0.000004
176500 0.000007
176510 0.000014
176520 0.000002
176530 -0.000008
176540 0.000107
176550 -0.000001
176560 0.000005
176570 0.000004
176580 0.000004
176590 0.000001
176600 -0.000000
176610 -0.000003
176620 -0.000001
176630 -0.000010
176640 0.000003
176650 -0.000005
176660 0.000000
176670 -0.000001
176680 -0.000004
176690 -0.000003
176700 -0.000000
176710 0.000001
176720 0.000001
176730 0.000003
176740 0.000009
176750 0.000004
176760 -0.000005
176770 -0.000007
176780 0.000005
176790 0.000001
176800 -0.000001
176810 0.000001
176820 0.000000
176830 -0.000002
176840 0.000010
176850 -0.000003
176860 0.000004
176870 -0.000008
176880 -0.000005
176890 -0.000011
176900 -0.000002
176910 -0.000001
176920 -0.000001
176930 0.000003
176940 -0.000001
176950 -0.000014
176960 0.000003
176970 -0.000004
176980 0.000008
176990 0.000007
177000 -0.000001
177010 0.000005
177020 0.000004
177030 -0.000000
177040 -0.000012
177050 0.000001
177060 0.000004
177070 0.000005
177080 0.000003
177090 -0.000001
177100 0.000005
177110 0.000002
177120 -0.000002
177130 -0.000001
177140 0.000008
177150 0.000004
177160 -0.000006
177170 0.000001
177180 0.000003
177190 0.000007
177200 0.000002
177210 0.000017
177220 0.000012
177230 0.000003
177240 0.000001
177250 -0.000000
177260 0.000008
177270 -0.000002
177280 0.000000
177290 -0.000010
177300 -0.000001
177310 0.000002
177320 -0.000003
177330 0.000007
177340 0.000002
177350 0.000005
177360 -0.000011
177370 -0.000006
177380 0.000002
177390 -0.000004
177400 0.000009
177410 0.000004
177420 0.000003
177430 0.000003
177440 0.000005
177450 -0.000002
177460 -0.000002
177470 -0.000007
177480 -0.000001
177490 -0.000004
177500 0.000003
177510 0.000002
177520 0.000000
177530 -0.000003
177540 0.000004
177550 -0.000000
177560 0.000002
177570 -0.000003
177580 -0.000007
177590 0.000005
177600 0.000008
177610 0.000013
177620 0.000000
177630 -0.000002
177640 0.000001
177650 0.000003
177660 -0.000012
177670 -0.000000
177680 0.000003
177690 0.000011
177700 0.000012
177710 0.000001
177720 0.000001
177730 -0.000000
177740 -0.000001
177750 -0.000008
177760 0.000002
177770 0.000001
177780 -0.000002
177790 0.000006
177800 0.000007
177810 -0.000004
177820 0.000002
177830 0.000007
177840 -0.000010
177850 -0.000005
177860 -0.000290
177870 -0.000002
177880 -0.000003
177890 0.000002
177900 -0.000004
177910 -0.000001
177920 -0.000008
177930 -0.000001
177940 0.000027
177950 0.000004
177960 -0.000002
177970 0.000005
177980 -0.000001
177990 -0.000003
178000 -0.000000
178010 0.000001
178020 -0.000016
178030 0.000007
178040 0.000002
178050 0.000003
178060 -0.000011
178070 0.000007
178080 -0.000001
178090 0.000002
178100 -0.000002
178110 0.000004
178120 0.000006
178130 -0.000007
178140 -0.000006
178150 -0.000001
178160 -0.000002
178170 0.000235
178180 -0.000002
178190 -0.000003
178200 -0.000002
178210 -0.000011
178220 0.000009
178230 -0.000006
178240 0.000004
178250 -0.000000
178260 -0.000004
178270 0.000031
178280 -0.000008
178290 -0.000004
178300 0.000002
178310 -0.000000
178320 0.000010
178330 0.000002
178340 -0.000003
178350 -0.000003
178360 0.000004
178370 0.000008
178380 -0.000015
178390 0.000004
178400 0.000008
178410 0.000000
178420 0.000003
178430 -0.000002
178440 -0.000005
178450 -0.000003
178460 -0.000006
178470 0.000000
178480 0.000002
178490 0.000003
178500 -0.000003
178510 -0.000003
178520 -0.000008
178530 0.000002
178540 0.000010
178550 0.000001
178560 0.000001
178570 0.000005
178580 0.000004
178590 0.000004
178600 -0.000009
178610 0.000003
178620 0.000013
178630 -0.000001
178640 -0.000005
178650 0.000009
178660 -0.000001
178670 -0.000009
178680 0.000002
178690 0.000008
178700 0.000003
178710 -0.000004
178720 0.000006
178730 -0.000002
178740 0.000002
178750 0.000120
178760 -0.000005
178770 0.000003
178780 -0.000001
178790 0.000024
178800 -0.000008
178810 -0.000002
178820 0.000004
178830 -0.000001
178840 -0.000005
178850 -0.000005
178860 0.000003
178870 0.000002
178880 -0.000009
178890 -0.000001
178900 -0.000003
178910 -0.000006
178920 -0.000005
178930 0.000001
178940 0.000009
178950 -0.000009
178960 0.000011
178970 -0.000000
178980 0.000001
178990 -0.000003
179000 0.000003
179010 -0.000004
179020 -0.000004
179030 -0.000004
179040 -0.000002
179050 -0.000001
179060 0.000000
179070 -0.000003
179080 -0.000000
179090 0.000007
179100 -0.000003
179110 -0.000342
179120 -0.000003
179130 -0.000000
179140 -0.000003
179150 -0.000041
179160 -0.000003
179170 -0.000005
179180 -0.000008
179190 -0.000001
179200 0.000004
179210 0.000003
179220 0.000001
179230 -0.000013
179240 -0.000004
179250 0.000000
179260 -0.000002
179270 0.000002
179280 0.000002
179290 0.000018
179300 -0.000005
179310 -0.000005
179320 0.000002
179330 0.000001
179340 0.000003
179350 -0.000001
179360 -0.000001
179370 -0.000002
179380 0.000008
179390 -0.000001
179400 0.000003
179410 0.000002
179420 0.000001
179430 0.000000
179440 0.000001
179450 0.000001
179460 0.000004
179470 0.000004
179480 0.000006
179490 -0.000004
179500 0.000002
179510 -0.000024
179520 -0.000005
179530 0.000004
179540 -0.000000
179550 -0.000003
179560 0.000001
179570 0.000002
179580 0.000002
179590 -0.000001
179600 0.000012
179610 0.000007
179620 -0.000009
179630 -0.000004
179640 0.000006
179650 -0.000014
179660 0.000003
179670 0.000003
179680 -0.000054
179690 0.000010
179700 -0.000009
179710 0.000003
179720 0.000002
179730 0.000005
179740 -0.000005
179750 0.000001
179760 -0.000007
179770 -0.000005
179780 -0.000004
179790 0.000012
179800 -0.000001
179810 -0.000002
179820 -0.000003
179830 -0.000004
179840 0.000006
179850 -0.000008
179860 0.000003
179870 -0.000002
179880 0.000003
179890 -0.000004
179900 0.000007
179910 0.000006
179920 -0.000005
179930 -0.000002
179940 0.000011
179950 0.000002
179960 0.000002
179970 0.000006
179980 -0.000009
179990 0.000009
180000 -0.000006
180010 -0.000018
180020 -0.000003
180030 0.000005
180040 0.000001
180050 0.000007
180060 -0.000002
180070 -0.000000
180080 0.000004
180090 -0.000003
180100 -0.000006
180110 -0.000003
180120 0.000008
180130 -0.000006
180140 0.000012
180150 -0.000001
180160 -0.000002
180170 -0.000002
180180 -0.000002
180190 -0.000001
180200 -0.000001
180210 0.000002
180220 0.000008
180230 0.000003
180240 0.000008
180250 0.000007
180260 0.000014
180270 -0.000004
180280 -0.000004
180290 -0.000001
180300 -0.000000
180310 0.000000
180320 0.000001
180330 -0.000006
180340 0.000001
180350 0.000001
180360 0.000004
180370 0.000010
180380 0.000006
180390 -0.000008
180400 -0.000010
180410 -0.000002
180420 -0.000016
180430 0.000006
180440 0.000006
180450 -0.000022
180460 -0.000001
180470 -0.000001
180480 -0.000001
180490 -0.000001
180500 0.000004
180510 0.000006
180520 0.000000
180530 -0.000008
180540 -0.000008
180550 0.000020
180560 -0.000004
180570 0.000006
180580 -0.000002
180590 0.000009
180600 0.000009
180610 0.000011
180620 -0.000003
180630 0.000006
180640 0.000005
180650 0.000002
180660 0.000002
180670 0.000006
180680 -0.000002
180690 0.000010
180700 0.000004
180710 -0.000003
180720 0.000013
180730 -0.000002
180740 0.000001
180750 0.000008
180760 0.000006
180770 -0.000001
180780 0.000004
180790 -0.000007
180800 -0.000005
180810 0.000003
180820 -0.000002
180830 0.000002
180840 0.000003
180850 0.000001
180860 0.000002
180870 -0.000003
180880 0.000020
180890 0.000003
180900 0.000002
180910 -0.000002
180920 -0.000002
180930 0.000002
180940 -0.000006
180950 0.000001
180960 -0.000001
180970 -0.000016
180980 0.000005
180990 -0.000002
181000 0.000004
181010 0.000002
181020 -0.000000
181030 -0.000009
181040 0.000001
181050 -0.000007
181060 -0.000006
181070 -0.000001
181080 0.000000
181090 -0.000001
181100 -0.000005
181110 -0.000002
181120 -0.000001
181130 -0.000005
181140 -0.000000
181150 -0.000004
181160 0.000016
181170 -0.000001
181180 -0.000003
181190 0.000015
181200 -0.000001
181210 -0.000000
181220 -0.000004
181230 -0.000005
181240 -0.000003
181250 -0.000000
181260 -0.000018
181270 0.000000
181280 -0.000010
181290 -0.000005
181300 0.000010
181310 -0.000011
181320 -0.000012
181330 -0.000003
181340 0.000004
181350 0.000012
181360 0.000004
181370 -0.000001
181380 0.000000
181390 0.000001
181400 0.000001
181410 -0.000001
181420 -0.000003
181430 0.000018
181440 -0.000003
181450 -0.000007
181460 0.000005
181470 0.000002
181480 0.000003
181490 -0.000010
181500 -0.000003
181510 -0.000002
181520 -0.000002
181530 0.000002
181540 0.000009
181550 0.000003
181560 -0.000008
181570 -0.000009
181580 0.000003
181590 -0.000002
181600 0.000004
181610 0.000003
181620 0.000001
181630 0.000002
181640 0.000005
181650 0.000007
181660 -0.000001
181670 -0.000002
181680 0.000001
181690 0.000002
181700 -0.000002
181710 0.000000
181720 0.000001
181730 0.000005
181740 -0.000003
181750 0.000012
181760 -0.000004
181770 0.000004
181780 0.000001
181790 -0.000002
181800 -0.000002
181810 0.000002
181820 -0.000005
181830 -0.000005
181840 0.000017
181850 -0.000005
181860 0.000002
181870 0.000009
181880 -0.000002
181890 -0.000001
181900 0.000002
181910 -0.000002
181920 0.000002
181930 0.000001
181940 -0.000001
181950 0.000003
181960 0.000002
181970 0.000004
181980 -0.000004
181990 0.000009
182000 -0.000000
182010 -0.000004
182020 -0.000005
182030 0.000007
182040 -0.000001
182050 -0.000001
182060 0.000002
182070 -0.000001
182080 0.000008
182090 0.000060
182100 0.000002
182110 -0.000005
182120 0.000002
182130 -0.000007
182140 -0.000000
182150 -0.000003
182160 -0.000003
182170 0.000001
182180 0.000009
182190 -0.000002
182200 -0.000001
182210 0.000132
182220 0.000003
182230 0.000010
182240 0.000000
182250 -0.000006
182260 0.000002
182270 -0.000003
182280 0.000006
182290 0.000005
182300 -0.000002
182310 0.000003
182320 -0.000006
182330 0.000002
182340 -0.000005
182350 -0.000008
182360 -0.000006
182370 -0.000003
182380 0.000009
182390 -0.000003
182400 -0.000007
182410 -0.000000
182420 -0.000008
182430 0.000008
182440 -0.000267
182450 -0.000004
182460 0.000001
182470 0.000002
182480 -0.000001
182490 -0.000001
182500 -0.000002
182510 -0.000005
182520 0.000000
182530 0.000005
182540 0.000008
182550 0.000005
182560 0.000007
182570 -0.000004
182580 0.000008
182590 -0.000330
182600 0.000006
182610 -0.000007
182620 -0.000003
182630 0.000008
182640 -0.000003
182650 -0.000010
182660 0.000005
182670 0.000002
182680 -0.000001
182690 -0.000003
182700 -0.000005
182710 0.000001
182720 0.000004
182730 0.000001
182740 -0.000004
182750 0.000001
182760 -0.000001
182770 0.000004
182780 0.000010
182790 -0.000004
182800 -0.000002
182810 -0.000011
182820 -0.000001
182830 0.000000
182840 0.000001
182850 -0.000006
182860 0.000001
182870 0.000006
182880 -0.000002
182890 0.000002
182900 -0.000002
182910 -0.000001
182920 -0.000005
182930 -0.000005
182940 -0.000012
182950 0.000004
182960 0.000005
182970 0.000004
182980 0.000005
182990 0.000002
183000 -0.000007
183010 -0.000001
183020 0.000006
183030 0.000002
183040 -0.000002
183050 0.000002
183060 -0.000008
183070 -0.000001
183080 -0.000002
183090 -0.000006
183100 -0.000006
183110 0.000000
183120 -0.000004
183130 -0.000003
183140 -0.000002
183150 -0.000007
183160 -0.000001
183170 0.000007
183180 0.000003
183190 -0.000007
183200 -0.000001
183210 0.000009
183220 -0.000010
183230 -0.000012
183240 -0.000008
183250 0.000010
183260 0.000006
183270 -0.000001
183280 -0.000011
183290 -0.000002
183300 0.000001
183310 0.000016
183320 0.000017
183330 0.000002
183340 -0.000001
183350 -0.000007
183360 -0.000009
183370 -0.000002
183380 -0.000005
183390 0.000001
183400 -0.000004
183410 0.000001
183420 -0.000005
183430 -0.000008
183440 0.000002
183450 -0.000006
183460 0.000000
183470 -0.000015
183480 0.000003
183490 -0.000002
183500 0.000007
183510 -0.000005
183520 0.000017
183530 0.000004
183540 0.000009
183550 0.000005
183560 0.000002
183570 -0.000001
183580 0.000001
183590 0.000000
183600 0.000001
183610 -0.000005
183620 0.000001
183630 0.000010
183640 0.000002
183650 0.000002
183660 0.000006
183670 0.000014
183680 0.000005
183690 -0.000000
183700 -0.000009
183710 0.000002
183720 0.000009
183730 0.000008
183740 -0.000004
183750 0.000003
183760 -0.000004
183770 -0.000003
183780 0.000000
183790 0.000001
183800 0.000003
183810 0.000003
183820 -0.000011
183830 -0.000004
183840 0.000001
183850 0.000006
183860 0.000000
183870 0.000002
183880 0.000005
183890 0.000013
183900 0.000007
183910 -0.000009
183920 -0.000003
183930 -0.000004
183940 0.000004
183950 0.000009
183960 0.000011
183970 -0.000002
183980 -0.000002
183990 -0.000006
184000 0.000001
184010 0.000002
184020 -0.000002
184030 0.000008
184040 0.000007
184050 -0.000002
184060 0.000004
184070 0.000004
184080 0.000007
184090 0.000005
184100 0.000008
184110 -0.000006
184120 -0.000006
184130 -0.000006
184140 0.000001
184150 -0.000000
184160 0.000015
184170 -0.000004
184180 -0.000005
184190 0.000005
184200 -0.000002
184210 -0.000005
184220 -0.000001
184230 -0.000001
184240 0.000006
184250 -0.000000
184260 0.000010
184270 0.000005
184280 -0.000006
184290 0.000002
184300 -0.000011
184310 0.000024
184320 0.000000
184330 -0.000001
184340 0.000001
184350 -0.000001
184360 -0.000005
184370 0.000004
184380 0.000063
184390 0.000002
184400 0.000001
184410 0.000003
184420 0.000004
184430 0.000004
184440 -0.000000
184450 -0.000003
184460 0.000020
184470 0.000007
184480 -0.000002
184490 0.000001
184500 0.000002
184510 0.000005
184520 0.000001
184530 -0.000013
184540 -0.000008
184550 0.000003
184560 0.000006
184570 -0.000002
184580 0.000007
184590 -0.000007
184600 0.000008
184610 -0.000009
184620 0.000001
184630 -0.000002
184640 -0.000009
184650 0.000195
184660 -0.000003
184670 0.000004
184680 -0.000011
184690 0.000005
184700 -0.000006
184710 -0.000004
184720 -0.000004
184730 -0.000008
184740 -0.000007
184750 -0.000226
184760 0.000001
184770 -0.000009
184780 -0.000001
184790 -0.000003
184800 0.000003
184810 0.000006
184820 -0.000011
184830 0.000000
184840 -0.000004
184850 0.000000
184860 0.000000
184870 0.000005
184880 -0.000002
184890 -0.000008
184900 -0.000003
184910 0.000005
184920 -0.000002
184930 -0.000000
184940 0.000003
184950 0.000002
184960 0.000004
184970 -0.000001
184980 0.000011
184990 0.000000
185000 0.000007
185010 -0.000006
185020 0.000001
185030 0.000004
185040 0.000004
185050 0.000009
185060 0.000011
185070 0.000002
185080 -0.000014
185090 -0.000003
185100 0.000001
185110 -0.000006
185120 -0.000002
185130 0.000001
185140 -0.000004
185150 0.000010
185160 -0.000005
185170 0.000001
185180 0.000003
185190 -0.000001
185200 -0.000007
185210 0.000002
185220 -0.000270
185230 -0.000009
185240 0.000003
185250 0.000002
185260 0.000004
185270 -0.000003
185280 -0.000000
185290 0.000010
185300 -0.000005
185310 0.000004
185320 0.000007
185330 -0.000001
185340 -0.000007
185350 0.000008
185360 0.000002
185370 -0.000002
185380 0.000003
185390 0.000001
185400 0.000007
185410 0.000016
185420 0.000006
185430 0.000003
185440 -0.000007
185450 -0.000002
185460 -0.000004
185470 0.000001
185480 -0.000006
185490 0.000002
185500 0.000002
185510 0.000001
185520 0.000001
185530 -0.000002
185540 0.000003
185550 0.000007
185560 0.000006
185570 -0.000013
185580 -0.000006
185590 0.000002
185600 -0.000010
185610 -0.000009
185620 -0.000001
185630 -0.000002
185640 -0.000003
185650 0.000013
185660 -0.000001
185670 -0.000001
185680 0.000004
185690 -0.000009
185700 -0.000004
185710 -0.000011
185720 -0.000002
185730 -0.000003
185740 -0.000007
185750 0.000001
185760 -0.000005
185770 0.000006
185780 -0.000014
185790 -0.000008
185800 0.000001
185810 0.000001
185820 -0.000015
185830 -0.000001
185840 -0.000025
185850 0.000000
185860 0.000007
185870 0.000004
185880 -0.000016
185890 0.000010
185900 -0.000003
185910 -0.000007
185920 -0.000005
185930 -0.000003
185940 0.000007
185950 -0.000000
185960 -0.000004
185970 -0.000001
185980 -0.000005
185990 0.000006
186000 0.000007
186010 0.000045
186020 -0.000002
186030 -0.000001
186040 0.000002
186050 -0.000003
186060 0.000004
186070 -0.000002
186080 0.000002
186090 0.000002
186100 -0.000000
186110 0.000000
186120 0.000002
186130 0.000013
186140 0.000003
186150 -0.000002
186160 0.000001
186170 0.000009
186180 0.000002
186190 0.000011
186200 -0.000005
186210 0.000002
186220 -0.000000
186230 0.000001
186240 -0.000018
186250 0.000007
186260 0.000001
186270 -0.000006
186280 0.000000
186290 0.000002
186300 0.000001
186310 -0.000004
186320 -0.000005
186330 -0.000005
186340 0.000004
186350 0.000007
186360 0.000000
186370 0.000003
186380 -0.000002
186390 -0.000001
186400 -0.000001
186410 0.000028
186420 0.000003
186430 0.000003
186440 0.000011
186450 0.000098
186460 0.000008
186470 0.000001
186480 0.000003
186490 -0.000000
186500 0.000082
186510 -0.000019
186520 -0.000004
186530 -0.000006
186540 0.000004
186550 -0.000002
186560 -0.000001
186570 0.000011
186580 0.000004
186590 0.000003
186600 -0.000007
186610 0.000010
186620 -0.000004
186630 0.000006
186640 0.000004
186650 -0.000003
186660 0.000005
186670 -0.000001
186680 0.000005
186690 0.000004
186700 0.000025
186710 0.000005
186720 0.000003
186730 0.000125
186740 0.000006
186750 -0.000007
186760 -0.000002
186770 0.000005
186780 0.000005
186790 -0.000009
186800 0.000000
186810 0.000000
186820 -0.000009
186830 0.000001
186840 -0.000005
186850 -0.000003
186860 -0.000006
186870 0.000017
186880 -0.000000
186890 -0.000004
186900 -0.000005
186910 -0.000002
186920 -0.000000
186930 0.000003
186940 0.000009
186950 -0.000005
186960 0.000006
186970 -0.000000
186980 0.000007
186990 0.000002
187000 -0.000000
187010 -0.000000
187020 -0.000002
187030 0.000003
187040 0.000001
187050 0.000002
187060 0.000002
187070 0.000005
187080 0.000004
187090 0.000002
187100 0.000000
187110 -0.000000
187120 -0.000004
187130 0.000003
187140 -0.000001
187150 -0.000003
187160 0.000001
187170 0.000000
187180 -0.000002
187190 0.000001
187200 -0.000000
187210 -0.000003
187220 -0.000004
187230 0.000004
187240 0.000004
187250 -0.000003
187260 -0.000011
187270 0.000000
187280 0.000009
187290 0.000002
187300 -0.000001
187310 0.000003
187320 -0.000003
187330 0.000001
187340 0.000002
187350 0.000003
187360 0.000005
187370 0.000001
187380 -0.000002
187390 0.000011
187400 -0.000004
187410 -0.000004
187420 0.000001
187430 -0.000005
187440 0.000004
187450 -0.000001
187460 -0.000002
187470 -0.000008
187480 0.000007
187490 0.000002
187500 -0.000002
187510 -0.000001
187520 -0.000007
187530 0.000002
187540 0.000002
187550 0.000001
187560 -0.000004
187570 -0.000000
187580 0.000002
187590 0.000004
187600 0.000001
187610 -0.000000
187620 0.000000
187630 -0.000008
187640 -0.000000
187650 -0.000000
187660 -0.000001
187670 -0.000005
187680 0.000013
187690 0.000001
187700 -0.000004
187710 0.000002
187720 -0.000007
187730 0.000000
187740 0.000003
187750 0.000005
187760 -0.000001
187770 0.000006
187780 -0.000001
187790 0.000000
187800 0.000005
187810 0.000001
187820 -0.000009
187830 0.000001
187840 0.000006
187850 0.000006
187860 0.000001
187870 0.000001
187880 0.000009
187890 -0.000005
187900 0.000004
187910 0.000007
187920 0.000001
187930 0.000001
187940 -0.000001
187950 0.000002
187960 0.000002
187970 0.000004
187980 -0.000005
187990 -0.000002
188000 -0.000005
188010 -0.000008
188020 0.000004
188030 -0.000003
188040 0.000010
188050 0.000005
188060 -0.000005
188070 -0.000004
188080 -0.000004
188090 -0.000001
188100 -0.000003
188110 -0.000007
188120 -0.000002
188130 0.000005
188140 0.000003
188150 -0.000002
188160 -0.000001
188170 -0.000002
188180 -0.000028
188190 0.000001
188200 -0.000004
188210 0.000002
188220 -0.000001
188230 0.000000
188240 -0.000004
188250 -0.000006
188260 0.000007
188270 0.000012
188280 0.000018
188290 0.000001
188300 -0.000000
188310 -0.000003
188320 0.000001
188330 -0.000002
188340 0.000009
188350 0.000009
188360 0.000004
188370 -0.000000
188380 -0.000003
188390 -0.000001
188400 0.000003
188410 0.000002
188420 0.000001
188430 0.000002
188440 0.000009
188450 -0.000002
188460 0.000013
188470 0.000012
188480 0.000001
188490 0.000001
188500 -0.000002
188510 0.000019
188520 0.000003
188530 0.000000
188540 0.000002
188550 -0.000004
188560 0.000005
188570 -0.000000
188580 -0.000001
188590 -0.000003
188600 -0.000032
188610 0.000005
188620 -0.000007
188630 0.000012
188640 -0.000004
188650 0.000010
188660 0.000001
188670 -0.000000
188680 -0.000002
188690 0.000006
188700 0.000004
188710 -0.000000
188720 -0.000000
188730 -0.000003
188740 -0.000006
188750 0.000000
188760 -0.000005
188770 0.000001
188780 0.000004
188790 -0.000023
188800 -0.000003
188810 0.000013
188820 0.000003
188830 -0.000002
188840 -0.000002
188850 0.000004
188860 -0.000002
188870 0.000007
188880 -0.000020
188890 -0.000004
188900 -0.000001
188910 0.000003
188920 0.000005
188930 0.000006
188940 0.000005
188950 0.000011
188960 0.000007
188970 0.000004
188980 0.000011
188990 -0.000001
189000 0.000005
189010 0.000002
189020 0.000004
189030 0.000001
189040 -0.000004
189050 -0.000000
189060 0.000000
189070 0.000005
189080 -0.000002
189090 -0.000038
189100 0.000003
189110 0.000011
189120 -0.000001
189130 -0.000014
189140 -0.000004
189150 -0.000004
189160 0.000004
189170 -0.000000
189180 0.000004
189190 0.000000
189200 0.000004
189210 0.000002
189220 -0.000000
189230 0.000005
189240 0.000003
189250 0.000003
189260 0.000003
189270 0.000002
189280 0.000000
189290 0.000000
189300 0.000004
189310 0.000008
189320 -0.000011
189330 0.000001
189340 0.000002
189350 -0.000009
189360 -0.000014
189370 0.000001
189380 0.000006
189390 -0.000002
189400 0.000006
189410 0.000001
189420 0.000000
189430 0.000002
189440 -0.000001
189450 -0.000001
189460 -0.000004
189470 -0.000001
189480 0.000004
189490 0.000001
189500 0.000001
189510 0.000001
189520 -0.000007
189530 -0.000008
189540 0.000003
189550 0.000002
189560 -0.000001
189570 -0.000010
189580 -0.000005
189590 -0.000002
189600 0.000004
189610 0.000006
189620 0.000010
189630 0.000001
189640 -0.000007
189650 0.000002
189660 0.000002
189670 -0.000003
189680 0.000001
189690 0.000003
189700 -0.000003
189710 -0.000001
189720 0.000005
189730 0.000002
189740 -0.000005
189750 0.000004
189760 0.000013
189770 -0.000005
189780 0.000005
189790 -0.000001
189800 0.000001
189810 0.000007
189820 -0.000001
189830 -0.000015
189840 0.000001
189850 -0.000022
189860 0.000005
189870 -0.000056
189880 0.000005
189890 0.000008
189900 0.000002
189910 0.000004
189920 -0.000000
189930 0.000005
189940 -0.000005
189950 0.000001
189960 0.000001
189970 0.000014
189980 -0.000003
189990 -0.000000
190000 0.000007
190010 -0.000001
190020 0.000002
190030 -0.000007
190040 -0.000000
190050 0.000003
190060 0.000004
190070 0.000005
190080 0.000014
190090 -0.000002
190100 -0.000002
190110 -0.000007
190120 -0.000005
190130 0.000008
190140 0.000002
190150 0.000012
190160 -0.000004
190170 -0.000002
190180 -0.000003
190190 0.000003
190200 -0.000003
190210 0.000001
190220 0.000000
190230 0.000003
190240 -0.000003
190250 -0.000002
190260 -0.000008
190270 -0.000001
190280 0.000006
190290 -0.000007
190300 0.000003
190310 -0.000000
190320 -0.000005
190330 -0.000003
190340 0.000005
190350 0.000002
190360 0.000000
190370 -0.000003
190380 0.000000
190390 0.000018
190400 0.000016
190410 -0.000006
190420 0.000011
190430 -0.000000
190440 0.000001
190450 -0.000006
190460 0.000002
190470 0.000003
190480 0.000010
190490 0.000002
190500 -0.000006
190510 -0.000002
190520 -0.000003
190530 -0.000004
190540 -0.000006
190550 -0.000004
190560 0.000004
190570 0.000007
190580 -0.000002
190590 0.000005
190600 0.000020
190610 -0.000003
190620 -0.000006
190630 -0.000003
190640 -0.000006
190650 0.000005
190660 0.000001
190670 0.000003
190680 -0.000002
190690 0.000002
190700 0.000002
190710 0.000002
190720 -0.000002
190730 0.000003
190740 -0.000002
190750 -0.000007
190760 0.000006
190770 0.000007
190780 -0.000001
190790 -0.000005
190800 -0.000008
190810 0.000000
190820 -0.000008
190830 0.000009
190840 0.000005
190850 -0.000003
190860 0.000001
190870 -0.000001
190880 0.000005
190890 0.000000
190900 0.000004
190910 -0.000002
190920 0.000009
190930 0.000003
190940 0.000002
190950 -0.000010
190960 0.000005
190970 -0.000003
190980 0.000003
190990 0.000001
191000 -0.000006
191010 0.000000
191020 0.000007
191030 0.000005
191040 0.000007
191050 -0.000004
191060 0.000004
191070 0.000004
191080 -0.000002
191090 -0.000005
191100 -0.000005
191110 -0.000005
191120 -0.000005
191130 0.000007
191140 -0.000006
191150 0.000001
191160 -0.000003
191170 -0.000002
191180 0.000012
191190 -0.000006
191200 0.000003
191210 0.000065
191220 0.000002
191230 0.000002
191240 0.000004
191250 0.000002
191260 0.000004
191270 -0.000005
191280 0.000004
191290 0.000011
191300 0.000000
191310 0.000004
191320 0.000014
191330 0.000002
191340 -0.000003
191350 -0.000012
191360 0.000001
191370 -0.000000
191380 0.000001
191390 -0.000002
191400 -0.000001
191410 -0.000006
191420 -0.000003
191430 -0.000013
191440 0.000003
191450 -0.000004
191460 0.000006
191470 0.000002
191480 -0.000007
191490 0.000007
191500 0.000004
191510 -0.000001
191520 0.000008
191530 -0.000002
191540 0.000001
191550 -0.000002
191560 0.000003
191570 -0.000002
191580 -0.000004
191590 -0.000004
191600 -0.000000
191610 0.000001
191620 0.000002
191630 0.000009
191640 -0.000004
191650 0.000006
191660 -0.000007
191670 0.000003
191680 0.000005
191690 0.000005
191700 -0.000001
191710 0.000005
191720 -0.000006
191730 -0.000004
191740 0.000005
191750 0.000000
191760 0.000004
191770 0.000003
191780 0.000003
191790 -0.000005
191800 -0.000004
191810 0.000008
191820 -0.000004
191830 -0.000006
191840 -0.000004
191850 -0.000001
191860 -0.000000
191870 0.000000
191880 -0.000004
191890 -0.000003
191900 0.000009
191910 -0.000011
191920 0.000006
191930 0.000001
191940 -0.000002
191950 -0.000004
191960 -0.000000
191970 0.000008
191980 0.000005
191990 0.000004
192000 -0.000004
192010 0.000008
192020 -0.000001
192030 -0.000002
192040 -0.000002
192050 -0.000001
192060 0.000003
192070 0.000008
192080 -0.000003
192090 0.000001
192100 0.000002
192110 -0.000002
192120 0.000001
192130 -0.000001
192140 0.000002
192150 -0.000003
192160 0.000006
192170 -0.000000
192180 -0.000001
192190 0.000000
192200 -0.000003
192210 0.000002
192220 0.000018
192230 0.000003
192240 -0.000012
192250 -0.000014
192260 0.000002
192270 0.000113
192280 0.000017
192290 0.000003
192300 -0.000002
192310 0.000003
192320 -0.000001
192330 -0.000001
192340 0.000001
192350 0.000002
192360 0.000001
192370 -0.000006
192380 -0.000001
192390 -0.000002
192400 -0.000001
192410 -0.000005
192420 -0.000003
192430 0.000007
192440 -0.000001
192450 -0.000041
192460 0.000039
192470 0.000001
192480 0.000005
192490 0.000016
192500 -0.000002
192510 -0.000016
192520 0.000005
192530 0.000000
192540 0.000004
192550 -0.000002
192560 0.000003
192570 -0.000003
192580 -0.000002
192590 -0.000002
192600 -0.000001
192610 0.000002
192620 0.000001
192630 -0.000001
192640 -0.000006
192650 0.000014
192660 -0.000003
192670 0.000001
192680 -0.000004
192690 -0.000002
192700 0.000001
192710 -0.000002
192720 -0.000009
192730 -0.000004
192740 0.000003
192750 0.000001
192760 -0.000010
192770 -0.000005
192780 0.000001
192790 0.000009
192800 -0.000011
192810 0.000006
192820 0.000006
192830 -0.000003
192840 0.000002
192850 0.000002
192860 0.000001
192870 -0.000006
192880 0.000001
192890 -0.000002
192900 0.000004
192910 0.000006
192920 0.000001
192930 -0.000002
192940 0.000002
192950 0.000006
192960 0.000007
192970 -0.000007
192980 -0.000001
192990 -0.000005
193000 -0.000001
193010 -0.000002
193020 -0.000016
193030 0.000004
193040 -0.000000
193050 -0.000002
193060 -0.000002
193070 0.000000
193080 -0.000006
193090 -0.000002
193100 0.000001
193110 0.000002
193120 0.000014
193130 -0.000003
193140 0.000003
193150 -0.000000
193160 0.000002
193170 -0.000002
193180 0.000004
193190 0.000006
193200 0.000003
193210 -0.000267
193220 0.000001
193230 -0.000007
193240 0.000008
193250 0.000003
193260 -0.000005
193270 0.000005
193280 0.000001
193290 0.000001
193300 0.000001
193310 -0.000001
193320 0.000010
193330 0.000005
193340 -0.000010
193350 0.000004
193360 0.000000
193370 -0.000009
193380 -0.000005
193390 0.000000
193400 0.000006
193410 0.000009
193420 0.000006
193430 0.000002
193440 -0.000005
193450 -0.000013
193460 0.000004
193470 -0.000008
193480 0.000008
193490 0.000001
193500 -0.000001
193510 0.000002
193520 0.000030
193530 -0.000001
193540 0.000001
193550 0.000005
193560 0.000001
193570 -0.000007
193580 0.000004
193590 0.000006
193600 -0.000003
193610 -0.000001
193620 -0.000000
193630 -0.000000
193640 -0.000003
193650 -0.000006
193660 0.000010
193670 0.000000
193680 0.000002
193690 0.000001
193700 0.000001
193710 -0.000001
193720 -0.000004
193730 -0.000007
193740 -0.000014
193750 -0.000002
193760 -0.000002
193770 0.000002
193780 0.000011
193790 -0.000006
193800 0.000008
193810 -0.000001
193820 -0.000004
193830 -0.000001
193840 0.000008
193850 0.000000
193860 0.000003
193870 0.000002
193880 0.000001
193890 0.000005
193900 0.000003
193910 -0.000006
193920 0.000010
193930 0.000002
193940 -0.000005
193950 -0.000004
193960 -0.000013
193970 0.000004
193980 -0.000011
193990 0.000004
194000 -0.000000
194010 -0.000002
194020 0.000011
194030 -0.000004
194040 0.000004
194050 -0.000009
194060 0.000008
194070 -0.000001
194080 0.000002
194090 0.000003
194100 -0.000002
194110 -0.000017
194120 0.000003
194130 0.000004
194140 -0.000004
194150 -0.000017
194160 0.000003
194170 0.000002
194180 -0.000001
194190 0.000001
194200 -0.000007
194210 -0.000000
194220 -0.000002
194230 0.000003
194240 0.000003
194250 -0.000003
194260 0.000007
194270 0.000007
194280 -0.000005
194290 -0.000014
194300 0.000007
194310 0.000000
194320 0.000000
194330 0.000002
194340 0.000005
194350 0.000005
194360 0.000004
194370 0.000001
194380 -0.000351
194390 0.000002
194400 0.000001
194410 0.000006
194420 -0.000002
194430 0.000002
194440 0.000002
194450 -0.000004
194460 0.000005
194470 0.000002
194480 0.000002
194490 0.000002
194500 0.000028
194510 0.000006
194520 0.000006
194530 -0.000003
194540 -0.000005
194550 -0.000002
194560 0.000004
194570 -0.000004
194580 -0.000003
194590 -0.000010
194600 0.000002
194610 0.000000
194620 0.000001
194630 0.000005
194640 0.000004
194650 0.000003
194660 0.000001
194670 -0.000004
194680 -0.000002
194690 -0.000002
194700 0.000005
194710 -0.000004
194720 0.000002
194730 -0.000010
194740 0.000013
194750 -0.000023
194760 -0.000001
194770 -0.000007
194780 0.000004
194790 0.000003
194800 0.000001
194810 0.000002
194820 -0.000013
194830 0.000003
194840 0.000006
194850 -0.000000
194860 -0.000002
194870 0.000004
194880 0.000009
194890 0.000006
194900 0.000003
194910 -0.000002
194920 -0.000005
194930 0.000004
194940 -0.000002
194950 0.000011
194960 0.000004
194970 0.000001
194980 0.000005
194990 -0.000001
195000 -0.000003
195010 -0.000010
195020 0.000004
195030 0.000004
195040 -0.000001
195050 -0.000011
195060 -0.000007
195070 0.000004
195080 -0.000001
195090 0.000007
195100 -0.000008
195110 0.000004
195120 -0.000008
195130 0.000005
195140 0.000006
195150 -0.000004
195160 -0.000006
195170 0.000005
195180 -0.000003
195190 0.000006
195200 0.000000
195210 -0.000018
195220 0.000001
195230 -0.000003
195240 -0.000011
195250 -0.000002
195260 -0.000008
195270 -0.000007
195280 -0.000007
195290 -0.000002
195300 0.000007
195310 -0.000002
195320 -0.000002
195330 -0.000005
195340 -0.000003
195350 -0.000004
195360 0.000003
195370 0.000006
195380 0.000034
195390 0.000003
195400 -0.000004
195410 -0.000003
195420 0.000023
195430 0.000001
195440 -0.000003
195450 0.000006
195460 -0.000009
195470 -0.000008
195480 -0.000003
195490 -0.000010
195500 0.000000
195510 -0.000003
195520 0.000004
195530 0.000010
195540 -0.000014
195550 0.000003
195560 -0.000001
195570 -0.000002
195580 0.000001
195590 0.000001
195600 -0.000001
195610 0.000001
195620 0.000009
195630 0.000023
195640 0.000006
195650 -0.000002
195660 -0.000005
195670 -0.000003
195680 0.000009
195690 -0.000002
195700 0.000005
195710 0.000005
195720 0.000003
195730 0.000002
195740 0.000002
195750 0.000001
195760 0.000004
195770 -0.000003
195780 0.000028
195790 0.000005
195800 0.000006
195810 0.000001
195820 0.000007
195830 -0.000003
195840 0.000010
195850 0.000001
195860 0.000024
195870 0.000002
195880 -0.000002
195890 -0.000001
195900 -0.000005
195910 0.000008
195920 -0.000009
195930 0.000004
195940 -0.000011
195950 0.000002
195960 0.000006
195970 -0.000004
195980 -0.000002
195990 0.000001
196000 -0.000005
196010 0.000002
196020 -0.000004
196030 -0.000002
196040 0.000006
196050 0.000008
196060 0.000004
196070 0.000852
196080 0.000001
196090 -0.000001
196100 0.000007
196110 -0.000001
196120 -0.000001
196130 0.000003
196140 0.000008
196150 0.000001
196160 0.000002
196170 -0.000001
196180 -0.000002
196190 0.000007
196200 0.000002
196210 -0.000002
196220 0.000003
196230 -0.000001
196240 -0.000002
196250 0.000006
196260 0.000001
196270 -0.000010
196280 0.000008
196290 0.000001
196300 -0.000003
196310 0.000003
196320 0.000000
196330 -0.000004
196340 -0.000010
196350 -0.000006
196360 -0.000031
196370 -0.000010
196380 -0.000005
196390 -0.000006
196400 0.000004
196410 -0.000017
196420 -0.000007
196430 0.000004
196440 -0.000007
196450 -0.000012
196460 -0.000001
196470 -0.000005
196480 -0.000005
196490 0.000003
196500 -0.000006
196510 -0.000002
196520 0.000002
196530 0.000002
196540 0.000004
196550 0.000005
196560 -0.000004
196570 0.000005
196580 -0.000010
196590 -0.000007
196600 0.000003
196610 -0.000003
196620 0.000004
196630 -0.000006
196640 -0.000005
196650 0.000001
196660 0.000010
196670 -0.000001
196680 0.000001
196690 -0.000003
196700 -0.000002
196710 -0.000005
196720 0.000007
196730 0.000000
196740 0.000016
196750 -0.000003
196760 -0.000003
196770 -0.000002
196780 -0.000003
196790 0.000002
196800 -0.000000
196810 -0.000001
196820 0.000005
196830 -0.000004
196840 -0.000004
196850 -0.000008
196860 0.000003
196870 0.000005
196880 0.000011
196890 0.000005
196900 0.000003
196910 0.000147
196920 -0.000001
196930 0.000006
196940 -0.000005
196950 -0.000004
196960 -0.000002
196970 0.000001
196980 -0.000005
196990 -0.000001
197000 -0.000004
197010 0.000011
197020 0.000006
197030 -0.000000
197040 -0.000001
197050 -0.000009
197060 -0.000005
197070 -0.000011
197080 -0.000004
197090 0.000001
197100 0.000002
197110 0.000002
197120 0.000001
197130 -0.000004
197140 0.000000
197150 0.000002
197160 0.000172
197170 0.000002
197180 -0.000002
197190 0.000001
197200 0.000007
197210 -0.000003
197220 -0.000002
197230 -0.000032
197240 -0.000002
197250 0.000004
197260 0.000002
197270 0.000005
197280 0.000003
197290 -0.000002
197300 -0.000014
197310 0.000003
197320 0.000007
197330 -0.000003
197340 0.000004
197350 0.000003
197360 0.000003
197370 -0.000001
197380 -0.000004
197390 0.000000
197400 0.000002
197410 0.000009
197420 -0.000002
197430 -0.000001
197440 -0.000011
197450 0.000001
197460 -0.000000
197470 0.000004
197480 0.000002
197490 0.000001
197500 0.000003
197510 -0.000000
197520 -0.000003
197530 -0.000001
197540 -0.000002
197550 -0.000007
197560 -0.000001
197570 -0.000003
197580 0.000061
197590 -0.000008
197600 0.000008
197610 -0.000006
197620 -0.000002
197630 0.000000
197640 -0.000008
197650 -0.000000
197660 0.000001
197670 0.000008
197680 -0.000003
197690 0.000007
197700 0.000004
197710 -0.000004
197720 0.000005
197730 -0.000004
197740 0.000012
197750 -0.000007
197760 -0.000004
197770 -0.000005
197780 0.000004
197790 0.000013
197800 0.000001
197810 -0.000009
197820 -0.000007
197830 -0.000004
197840 -0.000004
197850 0.000931
197860 0.000002
197870 0.000008
197880 0.000005
197890 -0.000002
197900 -0.000009
197910 0.000007
197920 0.000000
197930 0.000010
197940 0.000003
197950 -0.000304
197960 -0.000003
197970 -0.000000
197980 -0.000010
197990 -0.000003
198000 0.000003
198010 -0.000073
198020 -0.000005
198030 -0.000001
198040 -0.000002
198050 0.000002
198060 -0.000000
198070 0.000000
198080 0.000002
198090 0.000213
198100 -0.000007
198110 -0.000001
198120 -0.000002
198130 0.000010
198140 0.000007
198150 0.000000
198160 -0.000002
198170 0.000001
198180 0.000004
198190 -0.000005
198200 0.000001
198210 -0.000002
198220 0.000003
198230 0.000197
198240 0.000001
198250 -0.000003
198260 -0.000001
198270 -0.000000
198280 0.000004
198290 0.000002
198300 -0.000002
198310 0.000002
198320 -0.000001
198330 0.000011
198340 -0.000004
198350 -0.000002
198360 -0.000004
198370 0.000002
198380 0.000001
198390 0.000005
198400 -0.000003
198410 0.000004
198420 -0.000002
198430 -0.000002
198440 -0.000001
198450 0.000009
198460 0.000005
198470 -0.000000
198480 0.000004
198490 0.000002
198500 -0.000002
198510 -0.000001
198520 0.000004
198530 -0.000001
198540 -0.000007
198550 -0.000000
198560 0.000000
198570 0.000000
198580 0.000006
198590 0.000003
198600 0.000004
198610 -0.000002
198620 -0.000008
198630 -0.000003
198640 0.000000
198650 0.000011
198660 -0.000010
198670 -0.000006
198680 0.000005
198690 -0.000001
198700 0.000006
198710 -0.000003
198720 0.000001
198730 -0.000010
198740 0.000008
198750 -0.000000
198760 -0.000003
198770 0.000001
198780 -0.000001
198790 -0.000009
198800 0.000002
198810 -0.000000
198820 -0.000002
198830 0.000003
198840 0.000035
198850 -0.000002
198860 -0.000001
198870 0.000006
198880 0.000014
198890 0.000003
198900 0.000007
198910 0.000002
198920 -0.000003
198930 0.000013
198940 -0.000002
198950 0.000004
198960 -0.000001
198970 0.000002
198980 -0.000005
198990 0.000006
199000 -0.000006
199010 -0.000006
199020 0.000004
199030 0.000006
199040 -0.000002
199050 0.000005
199060 -0.000001
199070 0.000008
199080 0.000012
199090 -0.000002
199100 0.000002
199110 0.000003
199120 0.000002
199130 0.000000
199140 0.000000
199150 0.000007
199160 0.000009
199170 0.000003
199180 -0.000011
199190 -0.000001
199200 -0.000001
199210 0.000007
199220 -0.000001
199230 -0.000003
199240 0.000003
199250 0.000001
199260 0.000000
199270 0.000005
199280 -0.000005
199290 -0.000000
199300 -0.000005
199310 -0.000004
199320 0.000002
199330 -0.000017
199340 -0.000002
199350 0.000010
199360 0.000006
199370 0.000740
199380 -0.000003
199390 0.000002
199400 -0.000004
199410 0.000000
199420 -0.000001
199430 0.000003
199440 0.000005
199450 0.000003
199460 0.000005
199470 -0.000007
199480 -0.000001
199490 -0.000002
199500 0.000001
199510 -0.000005
199520 -0.000004
199530 -0.000001
199540 -0.000000
199550 0.000002
199560 -0.000009
199570 0.000000
199580 -0.000000
199590 0.000030
199600 0.000006
199610 -0.000008
199620 -0.000005
199630 0.000004
199640 0.000002
199650 0.000003
199660 -0.000002
199670 -0.000009
199680 -0.000000
199690 0.000004
199700 -0.000000
199710 0.000002
199720 0.000014
199730 0.000013
199740 0.000001
199750 -0.000007
199760 -0.000004
199770 -0.000005
199780 0.000010
199790 -0.000007
199800 -0.000002
199810 -0.000003
199820 0.000002
199830 -0.000000
199840 0.000008
199850 0.000003
199860 -0.000002
199870 -0.000002
199880 0.000004
199890 -0.000002
199900 0.000000
199910 -0.000001
199920 -0.000005
199930 -0.000002
199940 -0.000005
199950 -0.000005
199960 0.000002
199970 -0.000010
199980 -0.000003
199990 -0.000008
200000 -0.000000
200010 -0.000005
200020 -0.000003
200030 -0.000001
200040 -0.000001
200050 -0.000500
200060 -0.000004
200070 -0.000002
200080 -0.000009
200090 -0.000011
200100 -0.000002
200110 -0.000004
200120 -0.000003
200130 0.000001
200140 0.000003
200150 0.000015
200160 -0.000000
200170 0.000000
200180 -0.000003
200190 -0.000008
200200 0.000004
200210 0.000003
200220 0.000006
200230 0.000000
200240 -0.000004
200250 -0.000002
200260 0.000003
200270 0.000001
200280 -0.000007
200290 0.000004
200300 0.000001
200310 -0.000005
200320 0.000002
200330 -0.000007
200340 0.000017
200350 0.000002
200360 -0.000006
200370 -0.000002
200380 0.000003
200390 -0.000003
200400 -0.000000
200410 -0.000001
200420 0.000004
200430 -0.000005
200440 -0.000001
200450 -0.000007
200460 -0.000003
200470 0.000000
200480 -0.000007
200490 0.000000
200500 -0.000004
200510 0.000000
200520 -0.000005
200530 0.000007
200540 0.000003
200550 -0.000002
200560 0.000002
200570 0.000014
200580 -0.000003
200590 0.000022
200600 -0.000002
200610 0.000001
200620 0.000011
200630 -0.000007
200640 0.000002
200650 -0.000000
200660 -0.000001
200670 -0.000007
200680 0.000001
200690 -0.000004
200700 0.000001
200710 -0.000001
200720 0.000003
200730 0.000004
200740 -0.000003
200750 -0.000009
200760 -0.000004
200770 0.000006
200780 -0.000000
200790 -0.000010
200800 -0.000005
200810 0.000004
200820 -0.000006
200830 0.000002
200840 0.000006
200850 -0.000009
200860 -0.000001
200870 0.000005
200880 -0.000005
200890 -0.000011
200900 0.000005
200910 0.000002
200920 -0.000004
200930 0.000001
200940 -0.000002
200950 -0.000001
200960 0.000006
200970 -0.000001
200980 -0.000006
200990 0.000001
201000 -0.000004
201010 0.000535
201020 -0.000006
201030 0.000005
201040 0.000001
201050 -0.000002
201060 -0.000006
201070 -0.000003
201080 0.000005
201090 -0.000011
201100 -0.000001
201110 0.000003
201120 -0.000001
201130 0.000000
201140 -0.000002
201150 0.000227
201160 -0.000010
201170 0.000001
201180 -0.000004
201190 0.000006
201200 -0.000014
201210 0.000006
201220 0.000005
201230 -0.000004
201240 0.000002
201250 -0.000003
201260 -0.000004
201270 0.000007
201280 0.000005
201290 -0.000002
201300 -0.000002
201310 0.000010
201320 0.000008
201330 -0.000000
201340 -0.000001
201350 0.000008
201360 0.000001
201370 0.000003
201380 0.000003
201390 -0.000004
201400 -0.000008
201410 0.000003
201420 -0.000003
201430 0.000006
201440 -0.000001
201450 0.000001
201460 -0.000002
201470 -0.000001
201480 -0.000003
201490 -0.000008
201500 -0.000024
201510 0.000005
201520 -0.000003
201530 -0.000002
201540 -0.000003
201550 0.000002
201560 0.000004
201570 0.000005
201580 -0.000009
201590 -0.000002
201600 -0.000004
201610 -0.000004
201620 0.000536
201630 0.000006
201640 -0.000003
201650 0.000007
201660 0.000000
201670 0.000007
201680 -0.000004
201690 0.000003
201700 0.000146
201710 -0.000004
201720 0.000001
201730 0.000002
201740 0.000002
201750 0.000001
201760 -0.000001
201770 -0.000007
201780 0.000007
201790 0.000011
201800 -0.000005
201810 0.000003
201820 -0.000001
201830 0.000001
201840 0.000003
201850 0.000007
201860 0.000003
201870 0.000002
201880 0.000020
201890 -0.000002
201900 -0.000003
201910 -0.000005
201920 0.000002
201930 -0.000001
201940 -0.000001
201950 0.000001
201960 0.000004
201970 0.000004
201980 0.000005
201990 0.000004
202000 0.000006
202010 -0.000003
202020 0.000007
202030 -0.000002
202040 -0.000000
202050 -0.000001
202060 -0.000002
202070 0.000008
202080 -0.000001
202090 -0.000005
202100 -0.000003
202110 -0.000029
202120 0.000001
202130 -0.000001
202140 0.000201
202150 -0.000000
202160 -0.000001
202170 -0.000002
202180 0.000001
202190 -0.000003
202200 0.000002
202210 0.000003
202220 -0.000013
202230 0.000001
202240 -0.000005
202250 0.000003
202260 -0.000004
202270 0.000004
202280 -0.000002
202290 0.000007
202300 0.000006
202310 0.000007
202320 0.000015
202330 -0.000008
202340 -0.000001
202350 0.000001
202360 0.000003
202370 0.000004
202380 0.000001
202390 -0.000002
202400 0.000011
202410 -0.000014
202420 -0.000000
202430 0.000002
202440 -0.000003
202450 -0.000001
202460 -0.000006
202470 0.000006
202480 -0.000008
202490 -0.000006
202500 -0.000002
202510 0.000003
202520 -0.000002
202530 -0.000002
202540 -0.000002
202550 0.000000
202560 0.000011
202570 0.000001
202580 -0.000001
202590 -0.000005
202600 -0.000004
202610 0.000001
202620 -0.000002
202630 -0.000001
202640 -0.000000
202650 0.000001
202660 0.000003
202670 0.000008
202680 -0.000002
202690 0.000000
202700 -0.000000
202710 -0.000005
202720 0.000011
202730 -0.000022
202740 0.000001
202750 0.000007
202760 -0.000002
202770 -0.000000
202780 -0.000004
202790 -0.000002
202800 0.000004
202810 0.000001
202820 -0.000002
202830 0.000005
202840 0.000005
202850 -0.000004
202860 0.000008
202870 0.000001
202880 0.000004
202890 -0.000002
202900 0.000004
202910 0.000009
202920 -0.000002
202930 0.000000
202940 0.000003
202950 0.000052
202960 -0.000006
202970 -0.000001
202980 -0.000006
202990 -0.000004
203000 -0.000001
203010 0.000010
203020 -0.000002
203030 0.000007
203040 0.000002
203050 -0.000004
203060 0.000002
203070 0.000278
203080 0.000001
203090 -0.000001
203100 0.000005
203110 0.000009
203120 0.000001
203130 0.000008
203140 -0.000006
203150 -0.000000
203160 -0.000003
203170 -0.000002
203180 0.000000
203190 -0.000004
203200 -0.000010
203210 0.000003
203220 -0.000009
203230 -0.000002
203240 0.000003
203250 0.000000
203260 0.000003
203270 -0.000004
203280 0.000003
203290 -0.000002
203300 0.000008
203310 0.000000
203320 -0.000008
203330 0.000004
203340 -0.000004
203350 0.000002
203360 -0.000011
203370 0.000005
203380 -0.000000
203390 0.000013
203400 0.000006
203410 0.000001
203420 -0.000003
203430 -0.000003
203440 -0.000003
203450 0.000001
203460 -0.000000
203470 -0.000001
203480 -0.000001
203490 -0.000000
203500 -0.000000
203510 -0.000003
203520 0.000001
203530 -0.000001
203540 0.000009
203550 0.000002
203560 0.000003
203570 -0.000000
203580 0.000001
203590 0.000002
203600 0.000002
203610 -0.000001
203620 0.000002
203630 -0.000000
203640 0.000217
203650 0.000010
203660 -0.000002
203670 -0.000008
203680 0.000002
203690 -0.000018
203700 -0.000003
203710 -0.000005
203720 0.000003
203730 0.000001
203740 0.000006
203750 0.000004
203760 0.000005
203770 -0.000004
203780 -0.000004
203790 0.000001
203800 0.000017
203810 -0.000010
203820 0.000000
203830 -0.000005
203840 0.000002
203850 0.000003
203860 0.000001
203870 0.000001
203880 0.000002
203890 0.000002
203900 -0.000000
203910 -0.000000
203920 0.000004
203930 0.000001
203940 0.000000
203950 0.000002
203960 -0.000002
203970 -0.000000
203980 -0.000001
203990 0.000004
204000 -0.000004
204010 0.000003
204020 0.000002
204030 -0.000000
204040 -0.000004
204050 -0.000000
204060 -0.000001
204070 0.000005
204080 0.000006
204090 0.000002
204100 0.000008
204110 0.000000
204120 0.000004
204130 -0.000000
204140 -0.000006
204150 0.000004
204160 -0.000006
204170 -0.000006
204180 -0.000008
204190 0.000001
204200 -0.000005
204210 0.000001
204220 0.000005
204230 -0.000004
204240 -0.000002
204250 0.000004
204260 0.000003
204270 -0.000000
204280 -0.000005
204290 -0.000000
204300 -0.000003
204310 0.000007
204320 0.000002
204330 0.000008
204340 -0.000002
204350 0.000009
204360 0.000003
204370 0.000007
204380 -0.000001
204390 0.000008
204400 -0.000014
204410 -0.000005
204420 -0.000005
204430 0.000006
204440 -0.000007
204450 -0.000003
204460 0.000000
204470 -0.000002
204480 -0.000009
204490 -0.000000
204500 -0.000000
204510 -0.000001
204520 0.000001
204530 0.000006
204540 -0.000001
204550 -0.000000
204560 0.000004
204570 0.000004
204580 0.000003
204590 0.000001
204600 0.000002
204610 -0.000001
204620 0.000000
204630 -0.000006
204640 0.000001
204650 -0.000008
204660 0.000008
204670 0.000072
204680 -0.000001
204690 0.000002
204700 -0.000004
204710 0.000003
204720 0.000010
204730 -0.000006
204740 -0.000004
204750 -0.000005
204760 -0.000005
204770 0.000003
204780 0.000001
204790 0.000000
204800 -0.000007
204810 -0.000003
204820 0.000008
204830 0.000004
204840 0.000007
204850 -0.000007
204860 -0.000002
204870 0.000003
204880 -0.000009
204890 -0.000003
204900 0.000008
204910 -0.000003
204920 0.000000
204930 -0.000004
204940 0.000003
204950 0.000001
204960 -0.000000
204970 0.000007
204980 0.000000
204990 -0.000003
205000 -0.000001
205010 0.000007
205020 -0.000004
205030 -0.000003
205040 0.000003
205050 -0.000000
205060 -0.000004
205070 0.000002
205080 0.000014
205090 -0.000003
205100 0.000005
205110 0.000010
205120 0.000012
205130 -0.000007
205140 0.000005
205150 -0.000001
205160 0.000001
205170 0.000005
205180 0.000005
205190 -0.000001
205200 -0.000002
205210 0.000004
205220 0.000005
205230 -0.000004
205240 0.000001
205250 -0.000000
205260 0.000001
205270 0.000002
205280 -0.000006
205290 0.000003
205300 -0.000007
205310 -0.000006
205320 -0.000008
205330 0.000002
205340 -0.000001
205350 -0.000002
205360 -0.000003
205370 0.000006
205380 0.000001
205390 0.000010
205400 -0.000005
205410 0.000000
205420 0.000003
205430 -0.000006
205440 0.000012
205450 0.000006
205460 0.000000
205470 0.000006
205480 0.000002
205490 -0.000003
205500 -0.000002
205510 -0.000003
205520 -0.000005
205530 0.000001
205540 0.000008
205550 -0.000003
205560 0.000006
205570 0.000001
205580 -0.000002
205590 -0.000000
205600 0.000005
205610 -0.000005
205620 0.000004
205630 0.000002
205640 -0.000000
205650 -0.000003
205660 -0.000001
205670 -0.000001
205680 -0.000005
205690 0.000730
205700 0.000006
205710 -0.000007
205720 -0.000001
205730 -0.000003
205740 0.000027
205750 0.000004
205760 0.000001
205770 0.000017
205780 0.000003
205790 0.000155
205800 -0.000005
205810 -0.000006
205820 0.000003
205830 -0.000006
205840 -0.000000
205850 -0.000005
205860 -0.000000
205870 0.000006
205880 -0.000001
205890 -0.000001
205900 0.000132
205910 -0.000002
205920 -0.000008
205930 -0.000004
205940 -0.000002
205950 -0.000003
205960 0.000006
205970 0.000002
205980 -0.000004
205990 -0.000001
206000 -0.000005
206010 0.000002
206020 -0.000002
206030 -0.000003
206040 0.000005
206050 -0.000002
206060 0.000004
206070 0.000002
206080 -0.000000
206090 0.000004
206100 0.000005
206110 0.000003
206120 -0.000001
206130 -0.000004
206140 0.000002
206150 -0.000006
206160 0.000012
206170 0.000007
206180 -0.000003
206190 0.000003
206200 -0.000001
206210 -0.000000
206220 -0.000006
206230 -0.000000
206240 -0.000008
206250 0.000004
206260 0.000005
206270 0.000000
206280 -0.000005
206290 0.000005
206300 -0.000006
206310 -0.000004
206320 -0.000001
206330 0.000003
206340 0.000005
206350 0.000042
206360 -0.000001
206370 -0.000004
206380 0.000006
206390 0.000000
206400 -0.000001
206410 -0.000004
206420 0.000003
206430 -0.000001
206440 -0.000000
206450 0.000004
206460 -0.000003
206470 0.000006
206480 0.000002
206490 0.000008
206500 0.000001
206510 -0.000003
206520 0.000004
206530 -0.000002
206540 0.000008
206550 -0.000004
206560 0.000003
206570 0.000004
206580 -0.000003
206590 0.000001
206600 0.000006
206610 -0.000005
206620 -0.000004
206630 0.000001
206640 0.000002
206650 -0.000002
206660 -0.000006
206670 -0.000006
206680 0.000113
206690 0.000002
206700 -0.000003
206710 -0.000007
206720 -0.000001
206730 0.000002
206740 0.000003
206750 -0.000010
206760 -0.000070
206770 -0.000001
206780 0.000015
206790 0.000000
206800 -0.000001
206810 0.000000
206820 0.000006
206830 0.000005
206840 -0.000008
206850 0.000002
206860 -0.000003
206870 0.000005
206880 0.000002
206890 0.000001
206900 -0.000045
206910 0.000007
206920 0.000002
206930 0.000004
206940 0.000005
206950 0.000000
206960 0.000004
206970 -0.000003
206980 -0.000000
206990 0.000005
207000 -0.000003
207010 -0.000005
207020 -0.000001
207030 -0.000004
207040 0.000000
207050 -0.000007
207060 -0.000003
207070 0.000006
207080 0.000004
207090 -0.000040
207100 0.000002
207110 0.000007
207120 0.000006
207130 -0.000003
207140 -0.000010
207150 0.000002
207160 0.000000
207170 -0.000001
207180 0.000003
207190 -0.000001
207200 0.000010
207210 -0.000000
207220 0.000003
207230 -0.000003
207240 0.000005
207250 -0.000003
207260 0.000006
207270 -0.000001
207280 -0.000012
207290 -0.000008
207300 0.000022
207310 0.000000
207320 -0.000005
207330 -0.000003
207340 0.000002
207350 -0.000004
207360 -0.000011
207370 0.000001
207380 0.000001
207390 0.000001
207400 -0.000001
207410 0.000000
207420 0.000002
207430 0.000007
207440 -0.000003
207450 0.000002
207460 -0.000004
207470 0.000083
207480 -0.000003
207490 0.000003
207500 -0.000000
207510 0.000003
207520 0.000008
207530 -0.000003
207540 -0.000006
207550 0.000003
207560 -0.000009
207570 -0.000005
207580 0.000009
207590 -0.000003
207600 -0.000003
207610 -0.000000
207620 0.000002
207630 0.000012
207640 0.000001
207650 0.000006
207660 0.000000
207670 0.000019
207680 -0.000003
207690 -0.000001
207700 0.000002
207710 -0.000007
207720 0.000006
207730 -0.000007
207740 -0.000003
207750 -0.000001
207760 0.000003
207770 0.000008
207780 0.000008
207790 0.000005
207800 -0.000006
207810 0.000003
207820 0.000009
207830 0.000007
207840 -0.000010
207850 -0.000002
207860 0.000002
207870 0.000002
207880 -0.000000
207890 0.000002
207900 -0.000001
207910 0.000001
207920 0.000001
207930 -0.000001
207940 -0.000002
207950 -0.000003
207960 -0.000006
207970 -0.000006
207980 -0.000008
207990 0.000002
208000 -0.000008
208010 -0.000003
208020 -0.000005
208030 0.000002
208040 -0.000003
208050 -0.000002
208060 0.000002
208070 0.000002
208080 -0.000000
208090 -0.000010
208100 -0.000007
208110 -0.000000
208120 -0.000011
208130 -0.000002
208140 -0.000003
208150 -0.000001
208160 -0.000010
208170 0.000007
208180 -0.000001
208190 0.000003
208200 -0.000001
208210 0.000003
208220 -0.000002
208230 -0.000003
208240 -0.000002
208250 -0.000004
208260 0.000007
208270 0.000004
208280 -0.000000
208290 -0.000004
208300 -0.000003
208310 0.000005
208320 -0.000003
208330 -0.000008
208340 -0.000003
208350 0.000000
208360 -0.000005
208370 0.000001
208380 -0.000002
208390 0.000006
208400 -0.000002
208410 0.000001
208420 -0.000000
208430 -0.000002
208440 0.000004
208450 -0.000006
208460 -0.000007
208470 0.000003
208480 0.000003
208490 -0.000004
208500 0.000003
208510 0.000005
208520 0.000004
208530 -0.000002
208540 -0.000004
208550 0.000002
208560 0.000004
208570 -0.000002
208580 -0.000004
208590 -0.000010
208600 0.000001
208610 0.000004
208620 0.000001
208630 -0.000004
208640 -0.000008
208650 0.000002
208660 0.000451
208670 -0.000009
208680 -0.000001
208690 -0.000005
208700 0.000004
208710 -0.000010
208720 0.000227
208730 -0.000006
208740 -0.000005
208750 0.000345
208760 -0.000003
208770 -0.000002
208780 0.000006
208790 -0.000003
208800 0.000002
208810 0.000013
208820 0.000000
208830 0.000005
208840 -0.000006
208850 -0.000007
208860 -0.000003
208870 -0.000010
208880 -0.000001
208890 -0.000001
208900 0.000017
208910 0.000006
208920 0.000004
208930 0.000001
208940 0.000001
208950 -0.000000
208960 -0.000002
208970 0.000003
208980 -0.000001
208990 0.000005
209000 0.000005
209010 -0.000004
209020 0.000003
209030 0.000000
209040 0.000006
209050 -0.000026
209060 0.000009
209070 0.000007
209080 -0.000001
209090 0.000013
209100 0.000008
209110 -0.000005
209120 0.000000
209130 0.000006
209140 0.000001
209150 -0.000001
209160 0.000001
209170 0.000001
209180 -0.000001
209190 0.000003
209200 -0.000006
209210 0.000003
209220 -0.000003
209230 0.000005
209240 0.000002
209250 -0.000015
209260 0.000002
209270 0.000002
209280 0.000004
209290 0.000004
209300 0.000001
209310 0.000002
209320 -0.000005
209330 0.000002
209340 0.000005
209350 -0.000000
209360 -0.000004
209370 0.000010
209380 0.000003
209390 0.000002
209400 0.000008
209410 0.000002
209420 0.000199
209430 -0.000005
209440 -0.000000
209450 0.000011
209460 0.000001
209470 -0.000002
209480 -0.000000
209490 -0.000002
209500 0.000008
209510 -0.000008
209520 0.000003
209530 -0.000011
209540 -0.000006
209550 0.000000
209560 -0.000000
209570 0.000005
209580 -0.000002
209590 0.000004
209600 0.000001
209610 0.000008
209620 0.000004
209630 -0.000002
209640 -0.000004
209650 0.000000
209660 0.000002
209670 -0.000009
209680 0.000015
209690 -0.000003
209700 -0.000004
209710 -0.000002
209720 0.000005
209730 -0.000004
209740 0.000000
209750 0.000003
209760 0.000001
209770 -0.000001
209780 0.000002
209790 -0.000002
209800 -0.000001
209810 -0.000013
209820 0.000002
209830 -0.000003
209840 -0.000002
209850 -0.000002
209860 -0.000003
209870 0.000004
209880 0.000002
209890 0.000001
209900 0.000008
209910 0.000003
209920 -0.000002
209930 -0.000006
209940 0.000002
209950 -0.000000
209960 0.000000
209970 0.000004
209980 -0.000001
209990 -0.000003
210000 -0.000003
210010 -0.000001
210020 0.000002
210030 0.000002
210040 0.000003
210050 -0.000001
210060 0.000004
210070 0.000027
210080 -0.000005
210090 -0.000006
210100 0.000006
210110 0.000006
210120 0.000002
210130 -0.000008
210140 -0.000001
210150 0.000008
210160 0.000013
210170 -0.000004
210180 -0.000003
210190 -0.000002
210200 0.000001
210210 0.000000
210220 -0.000002
210230 0.000001
210240 -0.000000
210250 -0.000001
210260 0.000009
210270 -0.000001
210280 -0.000000
210290 0.000000
210300 -0.000072
210310 0.000004
210320 -0.000002
210330 0.000002
210340 -0.000003
210350 -0.000001
210360 0.000001
210370 0.000004
210380 -0.000004
210390 -0.000276
210400 0.000006
210410 0.000062
210420 0.000005
210430 0.000005
210440 0.000018
210450 -0.000003
210460 -0.000006
210470 -0.000003
210480 0.000002
210490 0.000003
210500 0.000002
210510 0.000004
210520 0.000003
210530 -0.000005
210540 0.000002
210550 0.000006
210560 -0.000010
210570 0.000004
210580 -0.000002
210590 0.000005
210600 -0.000008
210610 0.000002
210620 -0.000001
210630 0.000005
210640 -0.000002
210650 -0.000004
210660 -0.000002
210670 -0.000004
210680 -0.000012
210690 -0.000001
210700 -0.000004
210710 -0.000005
210720 0.000002
210730 -0.000001
210740 -0.000021
210750 -0.000003
210760 -0.000046
210770 -0.000004
210780 0.000001
210790 -0.000001
210800 -0.000000
210810 0.000009
210820 0.000002
210830 0.000004
210840 -0.000000
210850 -0.000010
210860 -0.000001
210870 -0.000002
210880 -0.000007
210890 -0.000000
210900 -0.000001
210910 -0.000001
210920 -0.000003
210930 0.000005
210940 0.000001
210950 0.000001
210960 0.000003
210970 -0.000001
210980 -0.000001
210990 -0.000017
211000 0.000022
211010 -0.000007
211020 0.000077
211030 0.000004
211040 0.000000
211050 0.000005
211060 0.000002
211070 -0.000000
211080 -0.000005
211090 0.000006
211100 0.000012
211110 -0.000005
211120 -0.000003
211130 0.000002
211140 0.000002
211150 -0.000001
211160 0.000001
211170 -0.000004
211180 0.000003
211190 -0.000001
211200 -0.000004
211210 0.000003
211220 -0.000000
211230 0.000002
211240 -0.000002
211250 0.000008
211260 -0.000016
211270 -0.000048
211280 0.000057
211290 -0.000000
211300 0.000004
211310 -0.000001
211320 0.000005
211330 -0.000006
211340 0.000001
211350 0.000004
211360 -0.000009
211370 -0.000000
211380 0.000013
211390 0.000014
211400 0.000004
211410 -0.000004
211420 -0.000000
211430 -0.000012
211440 0.000000
211450 -0.000003
211460 -0.000002
211470 -0.000006
211480 -0.000005
211490 -0.000000
211500 0.000002
211510 -0.000003
211520 0.000006
211530 -0.000005
211540 0.000001
211550 0.000224
211560 0.000010
211570 0.000000
211580 -0.000892
211590 0.000000
211600 0.000002
211610 0.000001
211620 0.000003
211630 0.000004
211640 -0.000000
211650 0.000005
211660 -0.000004
211670 0.000001
211680 0.000003
211690 -0.000006
211700 0.000006
211710 0.000003
211720 0.000011
211730 -0.000002
211740 -0.000008
211750 -0.000007
211760 0.000007
211770 0.000008
211780 -0.000005
211790 -0.000007
211800 0.000000
211810 -0.000001
211820 0.000002
211830 0.000004
211840 0.000019
211850 -0.000014
211860 -0.000006
211870 -0.000006
211880 0.000012
211890 0.000008
211900 0.000002
211910 0.000004
211920 0.000004
211930 -0.000005
211940 -0.000003
211950 0.000002
211960 -0.000000
211970 0.000005
211980 0.000068
211990 -0.000000
212000 0.000002
212010 0.000000
212020 -0.000003
212030 0.000000
212040 -0.000007
212050 0.000005
212060 0.000005
212070 -0.000001
212080 0.000002
212090 -0.000013
212100 -0.000002
212110 0.000002
212120 0.000008
212130 -0.000001
212140 -0.000001
212150 -0.000001
212160 -0.000005
212170 0.000017
212180 0.000002
212190 -0.000004
212200 0.000001
212210 -0.000003
212220 0.000008
212230 -0.000003
212240 0.000003
212250 -0.000003
212260 0.000017
212270 0.000001
212280 -0.000004
212290 0.000003
212300 -0.000003
212310 0.000003
212320 0.000005
212330 0.000004
212340 -0.000001
212350 0.000001
212360 -0.000005
212370 0.000001
212380 0.000001
212390 0.000118
212400 0.000007
212410 0.000006
212420 0.000005
212430 -0.000005
212440 0.000003
212450 -0.000005
212460 -0.000000
212470 0.000001
212480 0.000003
212490 -0.000002
212500 0.000017
212510 -0.000003
212520 0.000002
212530 0.000009
212540 -0.000174
212550 -0.000003
212560 0.000012
212570 -0.000001
212580 -0.000010
212590 0.000000
212600 0.000005
212610 -0.000000
212620 -0.000008
212630 0.000008
212640 0.000001
212650 -0.000000
212660 -0.000005
212670 -0.000001
212680 -0.000004
212690 -0.000002
212700 0.000001
212710 -0.000002
212720 -0.000002
212730 -0.000000
212740 -0.000010
212750 -0.000004
212760 0.000004
212770 -0.000001
212780 0.000002
212790 -0.000011
212800 -0.000001
212810 -0.000002
212820 -0.000008
212830 -0.000000
212840 0.000002
212850 -0.000002
212860 -0.000004
212870 0.000002
212880 0.000001
212890 -0.000005
212900 -0.000005
212910 -0.000002
212920 0.000000
212930 -0.000019
212940 0.000002
212950 -0.000002
212960 -0.000004
212970 0.000008
212980 -0.000006
212990 0.000000
213000 -0.000003
213010 -0.000000
213020 0.000001
213030 0.000003
213040 -0.000002
213050 0.000005
213060 -0.000005
213070 0.000003
213080 0.000004
213090 0.000004
213100 0.000000
213110 0.000007
213120 0.000004
213130 -0.000002
213140 -0.000001
213150 -0.000015
213160 -0.000029
213170 0.000005
213180 0.000002
213190 0.000002
213200 -0.000004
213210 0.000011
213220 -0.000007
213230 -0.000006
213240 0.000001
213250 -0.000003
213260 -0.000008
213270 -0.000009
213280 0.000001
213290 0.000006
213300 -0.000000
213310 0.000001
213320 0.000004
213330 -0.000004
213340 0.000004
213350 -0.000003
213360 0.000005
213370 0.000000
213380 0.000009
213390 0.000001
213400 -0.000004
213410 -0.000008
213420 0.000001
213430 -0.000005
213440 -0.000001
213450 0.000009
213460 -0.000006
213470 -0.000006
213480 -0.000368
213490 0.000003
213500 -0.000003
213510 -0.000005
213520 0.000000
213530 -0.000004
213540 -0.000006
213550 0.000003
213560 -0.000001
213570 0.000000
213580 -0.000005
213590 0.000003
213600 0.000001
213610 0.000001
213620 -0.000137
213630 -0.000000
213640 0.000075
213650 -0.000006
213660 -0.000004
213670 0.000004
213680 -0.000011
213690 0.000002
213700 -0.000003
213710 0.000007
213720 -0.000001
213730 0.000003
213740 0.000010
213750 0.000003
213760 0.000005
213770 0.000000
213780 0.000005
213790 0.000002
213800 0.000001
213810 -0.000001
213820 0.000004
213830 0.000000
213840 0.000010
213850 0.000083
213860 -0.000001
213870 -0.000006
213880 0.000000
213890 -0.000002
213900 -0.000002
213910 -0.000006
213920 -0.000008
213930 0.000002
213940 0.000003
213950 0.000000
213960 0.000007
213970 0.000002
213980 0.000000
213990 0.000003
214000 0.000002
214010 0.000006
214020 -0.000003
214030 -0.000003
214040 0.000003
214050 -0.000001
214060 0.000002
214070 0.000001
214080 0.000006
214090 0.000006
214100 -0.000004
214110 -0.000000
214120 -0.000001
214130 0.000003
214140 0.000004
214150 0.000001
214160 -0.000002
214170 -0.000000
214180 0.000002
214190 -0.000003
214200 0.000004
214210 0.000005
214220 0.000021
214230 -0.000000
214240 -0.000005
214250 -0.000009
214260 0.000005
214270 -0.000002
214280 0.000008
214290 -0.000001
214300 0.000004
214310 0.000003
214320 0.000004
214330 -0.000003
214340 0.000002
214350 0.000006
214360 0.000002
214370 -0.000006
214380 0.000011
214390 0.000005
214400 -0.000000
214410 -0.000003
214420 -0.000000
214430 -0.000008
214440 0.000003
214450 0.000002
214460 0.000000
214470 0.000004
214480 0.000005
214490 0.000001
214500 -0.000004
214510 -0.000000
214520 0.000008
214530 0.000005
214540 0.000002
214550 0.000006
214560 -0.000009
214570 -0.000005
214580 0.000007
214590 -0.000002
214600 -0.000000
214610 -0.000003
214620 -0.000000
214630 0.000001
214640 -0.000005
214650 -0.000003
214660 -0.000003
214670 0.000002
214680 -0.000001
214690 -0.000000
214700 0.000002
214710 0.000007
214720 -0.000003
214730 0.000006
214740 0.000002
214750 0.000001
214760 0.000004
214770 -0.000005
214780 0.000031
214790 -0.000005
214800 0.000004
214810 0.000002
214820 0.000014
214830 0.000009
214840 -0.000004
214850 0.000003
214860 0.000004
214870 -0.000009
214880 0.000005
214890 -0.000002
214900 0.000000
214910 0.000000
214920 -0.000007
214930 0.000000
214940 -0.000004
214950 0.000011
214960 -0.000005
214970 0.000006
214980 -0.000001
214990 -0.000001
215000 0.000031
215010 0.000000
215020 0.000002
215030 -0.000013
215040 -0.000001
215050 -0.000001
215060 0.000003
215070 -0.000000
215080 -0.000002
215090 -0.000007
215100 -0.000000
215110 0.000002
215120 0.000006
215130 0.000000
215140 -0.000003
215150 0.000001
215160 0.000005
215170 -0.000009
215180 -0.000002
215190 0.000005
215200 -0.000016
215210 -0.000004
215220 -0.000005
215230 -0.000001
215240 -0.000000
215250 -0.000000
215260 0.000008
215270 0.000001
215280 0.000005
215290 -0.000006
215300 0.000002
215310 0.000001
215320 0.000008
215330 -0.000007
215340 0.000001
215350 0.000003
215360 -0.000001
215370 0.000003
215380 0.000003
215390 -0.000000
215400 -0.000001
215410 -0.000001
215420 0.000001
215430 0.000005
215440 0.000009
215450 0.000005
215460 0.000001
215470 0.000020
215480 0.000001
215490 -0.000014
215500 -0.000005
215510 0.000002
215520 -0.000003
215530 0.000002
215540 0.000002
215550 -0.000000
215560 0.000003
215570 0.000002
215580 0.000006
215590 0.000011
215600 -0.000001
215610 -0.000004
215620 0.000000
215630 -0.000270
215640 -0.000005
215650 0.000004
215660 0.000004
215670 -0.000001
215680 -0.000007
215690 0.000001
215700 -0.000001
215710 -0.000005
215720 0.000008
215730 0.000003
215740 0.000007
215750 -0.000005
215760 0.000006
215770 0.000002
215780 -0.000009
215790 -0.000001
215800 -0.000005
215810 0.000003
215820 -0.000003
215830 -0.000001
215840 -0.000002
215850 -0.000004
215860 -0.000005
215870 -0.000006
215880 0.000003
215890 -0.000003
215900 -0.000019
215910 0.000007
215920 0.000009
215930 -0.000009
215940 -0.000024
215950 0.000002
215960 -0.000003
215970 -0.000000
215980 -0.000008
215990 -0.000002
216000 -0.000003
216010 -0.000002
216020 -0.000007
216030 0.000001
216040 0.000004
216050 -0.000005
216060 0.000003
216070 0.000003
216080 0.000016
216090 0.000004
216100 -0.000008
216110 0.000001
216120 -0.000003
216130 -0.000004
216140 0.000009
216150 -0.000003
216160 0.000000
216170 0.000001
216180 0.000002
216190 -0.000037
216200 -0.000003
216210 0.000002
216220 0.000002
216230 0.000006
216240 -0.000001
216250 0.000001
216260 0.000002
216270 0.000002
216280 -0.000003
216290 0.000001
216300 0.000009
216310 0.000006
216320 -0.000007
216330 -0.000003
216340 -0.000004
216350 -0.000002
216360 -0.000001
216370 -0.000001
216380 -0.000002
216390 0.000073
216400 -0.000028
216410 0.000001
216420 0.000001
216430 0.000001
216440 0.000001
216450 0.000010
216460 -0.000001
216470 0.000007
216480 -0.000001
216490 -0.000002
216500 0.000006
216510 0.000000
216520 -0.000000
216530 0.000002
216540 0.000003
216550 -0.000001
216560 0.000007
216570 0.000001
216580 -0.000002
216590 -0.000006
216600 0.000000
216610 0.000003
216620 0.000007
216630 -0.000001
216640 -0.000002
216650 0.000005
216660 -0.000000
216670 -0.000000
216680 0.000001
216690 0.000007
216700 -0.000001
216710 -0.000003
216720 0.000013
216730 0.000001
216740 0.000010
216750 0.000002
216760 0.000003
216770 -0.000008
216780 -0.000006
216790 -0.000001
216800 0.000003
216810 -0.000000
216820 0.000003
216830 -0.000006
216840 0.000002
216850 0.000004
216860 0.000006
216870 0.000003
216880 -0.000003
216890 -0.000004
216900 0.000009
216910 0.000002
216920 0.000002
216930 0.000002
216940 -0.000004
216950 0.000000
216960 -0.000003
216970 0.000001
216980 -0.000000
216990 0.000001
217000 0.000000
217010 0.000002
217020 0.000002
217030 -0.000001
217040 -0.000004
217050 0.000001
217060 0.000002
217070 0.000004
217080 0.000002
217090 0.000002
217100 0.000003
217110 -0.000000
217120 -0.000003
217130 0.000001
217140 0.000003
217150 0.000010
217160 0.000006
217170 -0.000001
217180 -0.000003
217190 0.000002
217200 0.000003
217210 -0.000002
217220 -0.000000
217230 0.000004
217240 0.000005
217250 -0.000005
217260 -0.000001
217270 -0.000000
217280 0.000000
217290 -0.000002
217300 -0.000001
217310 -0.000002
217320 0.000008
217330 0.000006
217340 -0.000002
217350 0.000001
217360 -0.000002
217370 -0.000004
217380 -0.000003
217390 0.000007
217400 0.000007
217410 -0.000001
217420 0.000004
217430 -0.000002
217440 0.000001
217450 0.000000
217460 0.000009
217470 -0.000001
217480 -0.000001
217490 -0.000001
217500 0.000004
217510 0.000001
217520 -0.000000
217530 0.000010
217540 -0.000004
217550 0.000001
217560 0.000014
217570 0.000003
217580 0.000002
217590 0.000001
217600 -0.000009
217610 -0.000002
217620 0.000002
217630 0.000003
217640 0.000003
217650 0.000006
217660 -0.000002
217670 0.000000
217680 -0.000002
217690 -0.000007
217700 -0.000005
217710 0.000006
217720 -0.000006
217730 0.000009
217740 0.000012
217750 -0.000001
217760 -0.000006
217770 -0.000001
217780 0.000002
217790 0.000010
217800 0.000006
217810 -0.000006
217820 0.000013
217830 -0.000000
217840 -0.000001
217850 -0.000004
217860 0.000004
217870 0.000006
217880 0.000004
217890 0.000006
217900 -0.000004
217910 0.000004
217920 -0.000003
217930 -0.000004
217940 -0.000008
217950 -0.000001
217960 -0.000000
217970 0.000004
217980 0.000002
217990 0.000009
218000 0.000006
218010 -0.000001
218020 0.000000
218030 -0.000003
218040 0.000008
218050 -0.000014
218060 -0.000001
218070 0.000000
218080 0.000011
218090 -0.000002
218100 -0.000003
218110 0.000001
218120 -0.000002
218130 0.000001
218140 -0.000004
218150 0.000006
218160 0.000004
218170 -0.000002
218180 0.000002
218190 0.000003
218200 0.000019
218210 0.000000
218220 -0.000001
218230 0.000003
218240 0.000002
218250 -0.000002
218260 -0.000004
218270 -0.000005
218280 -0.000001
218290 0.000002
218300 0.000001
218310 -0.000005
218320 -0.000005
218330 -0.000001
218340 0.000005
218350 -0.000002
218360 0.000003
218370 -0.000029
218380 -0.000002
218390 0.000008
218400 -0.000001
218410 0.000001
218420 0.000001
218430 -0.000003
218440 0.000001
218450 0.000004
218460 -0.000003
218470 0.000002
218480 -0.000007
218490 0.000004
218500 -0.000004
218510 -0.000000
218520 -0.000002
218530 -0.000011
218540 0.000002
218550 -0.000008
218560 0.000002
218570 -0.000001
218580 -0.000003
218590 0.000007
218600 -0.000004
218610 -0.000013
218620 -0.000002
218630 -0.000003
218640 0.000009
218650 -0.000004
218660 0.000005
218670 -0.000003
218680 0.000002
218690 0.000001
218700 0.000004
218710 -0.000001
218720 0.000001
218730 -0.000004
218740 -0.000000
218750 0.000002
218760 0.000001
218770 -0.000002
218780 -0.000006
218790 0.000003
218800 -0.000001
218810 0.000004
218820 -0.000003
218830 0.000003
218840 -0.000010
218850 0.000025
218860 0.000009
218870 -0.000003
218880 0.000041
218890 -0.000004
218900 -0.000010
218910 -0.000012
218920 0.000005
218930 -0.000002
218940 -0.000007
218950 0.000003
218960 0.000002
218970 -0.000006
218980 -0.000006
218990 -0.000006
219000 -0.000002
219010 -0.000000
219020 0.000001
219030 -0.000001
219040 0.000002
219050 -0.000008
219060 0.000012
219070 -0.000000
219080 -0.000002
219090 0.000000
219100 0.000001
219110 0.000002
219120 0.000003
219130 0.000002
219140 0.000000
219150 0.000004
219160 0.000001
219170 -0.000006
219180 -0.000008
219190 0.000006
219200 0.000004
219210 0.000003
219220 -0.000003
219230 0.000001
219240 0.000005
219250 0.000005
219260 -0.000001
219270 -0.000002
219280 0.000001
219290 0.000000
219300 -0.000008
219310 0.000002
219320 -0.000009
219330 0.000011
219340 -0.000004
219350 -0.000006
219360 -0.000009
219370 0.000008
219380 -0.000008
219390 -0.000002
219400 0.000001
219410 -0.000006
219420 -0.000006
219430 0.000001
219440 0.000002
219450 0.000004
219460 -0.000008
219470 0.000002
219480 0.000003
219490 0.000008
219500 -0.000005
219510 0.000000
219520 -0.000000
219530 -0.000004
219540 -0.000004
219550 -0.000011
219560 -0.000005
219570 0.000006
219580 -0.000008
219590 0.000001
219600 0.000003
219610 -0.000004
219620 0.000002
219630 0.000008
219640 0.000002
219650 0.000006
219660 0.000003
219670 0.000005
219680 -0.000001
219690 0.000006
219700 0.000000
219710 -0.000002
219720 0.000003
219730 -0.000004
219740 0.000004
219750 -0.000000
219760 -0.000006
219770 0.000006
219780 -0.000002
219790 -0.000008
219800 -0.000004
219810 -0.000001
219820 -0.000006
219830 0.000003
219840 -0.000002
219850 -0.000005
219860 -0.000001
219870 0.000001
219880 0.000008
219890 -0.000009
219900 0.000008
219910 -0.000002
219920 -0.000001
219930 -0.000001
219940 0.000005
219950 -0.000001
219960 0.000004
219970 0.000002
219980 0.000206
219990 0.000002
220000 0.000000
220010 0.000009
220020 -0.000009
220030 0.000008
220040 -0.000009
220050 0.000002
220060 -0.000001
220070 -0.000003
220080 0.000008
220090 -0.000001
220100 0.000002
220110 -0.000012
220120 0.000004
220130 -0.000000
220140 -0.000005
220150 0.000000
220160 0.000001
220170 -0.000000
220180 -0.000001
220190 -0.000002
220200 -0.000001
220210 -0.000008
220220 0.000005
220230 0.000005
220240 0.000003
220250 0.000008
220260 0.000008
220270 -0.000007
220280 -0.000004
220290 0.000008
220300 -0.000004
220310 0.000011
220320 -0.000007
220330 -0.000250
220340 -0.000001
220350 0.000006
220360 0.000001
220370 0.000005
220380 0.000005
220390 0.000001
220400 0.000008
220410 -0.000003
220420 0.000007
220430 -0.000003
220440 -0.000007
220450 0.000007
220460 -0.000001
220470 0.000001
220480 0.000006
220490 -0.000003
220500 0.000004
220510 -0.000004
220520 -0.000007
220530 0.000001
220540 -0.000002
220550 -0.000001
220560 0.000004
220570 0.000004
220580 0.000002
220590 0.000005
220600 -0.000010
220610 0.000005
220620 0.000010
220630 0.000005
220640 -0.000000
220650 -0.000004
220660 0.000004
220670 0.000002
220680 -0.000000
220690 -0.000001
220700 0.000002
220710 -0.000007
220720 0.000006
220730 0.000182
220740 0.000000
220750 -0.000002
220760 0.000002
220770 -0.000002
220780 0.000008
220790 0.000003
220800 0.000006
220810 0.000005
220820 0.000001
220830 -0.000001
220840 -0.000004
220850 -0.000006
220860 -0.000002
220870 0.000003
220880 -0.000009
220890 -0.000010
220900 -0.000010
220910 -0.000000
220920 0.000003
220930 0.000004
220940 0.000005
220950 -0.000004
220960 0.000005
220970 -0.000038
220980 -0.000001
220990 -0.000029
221000 -0.000001
221010 -0.000004
221020 0.000009
221030 0.000001
221040 -0.000000
221050 0.000019
221060 0.000002
221070 0.000003
221080 0.000001
221090 0.000005
221100 0.000002
221110 0.000002
221120 -0.000004
221130 0.000003
221140 0.000004
221150 0.000002
221160 -0.000001
221170 -0.000009
221180 -0.000010
221190 -0.000004
221200 -0.000009
221210 -0.000002
221220 0.000002
221230 -0.000003
221240 -0.000000
221250 0.000003
221260 0.000003
221270 -0.000002
221280 -0.000002
221290 0.000008
221300 0.000005
221310 -0.000005
221320 0.000001
221330 -0.000003
221340 0.000006
221350 0.000008
221360 -0.000003
221370 -0.000004
221380 0.000000
221390 -0.000022
221400 -0.000046
221410 -0.000002
221420 -0.000005
221430 0.000001
221440 0.000000
221450 0.000002
221460 0.000005
221470 0.000013
221480 0.000007
221490 0.000001
221500 -0.000001
221510 0.000000
221520 0.000001
221530 -0.000009
221540 -0.000003
221550 -0.000009
221560 0.000003
221570 0.000005
221580 0.000005
221590 0.000002
221600 0.000001
221610 -0.000003
221620 -0.000008
221630 -0.000000
221640 0.000013
221650 0.000001
221660 0.000006
221670 0.000008
221680 -0.000002
221690 0.000002
221700 -0.000004
221710 0.000011
221720 0.000002
221730 0.000018
221740 -0.000002
221750 -0.000003
221760 0.000001
221770 -0.000000
221780 -0.000003
221790 0.000000
221800 0.000001
221810 0.000190
221820 -0.000004
221830 0.000000
221840 0.000010
221850 -0.000001
221860 0.000007
221870 0.000001
221880 0.000008
221890 -0.000006
221900 0.000008
221910 0.000003
221920 0.000000
221930 -0.000003
221940 0.000008
221950 -0.000000
221960 0.000000
221970 -0.000004
221980 0.000000
221990 0.000002
222000 -0.000001
222010 0.000020
222020 -0.000007
222030 -0.000000
222040 -0.000002
222050 0.000000
222060 -0.000001
222070 -0.000011
222080 0.000004
222090 -0.000000
222100 0.000000
222110 0.000006
222120 -0.000008
222130 0.000006
222140 -0.000002
222150 -0.000002
222160 0.000000
222170 -0.000003
222180 -0.000005
222190 0.000004
222200 -0.000004
222210 -0.000003
222220 0.000007
222230 -0.000095
222240 0.000002
222250 0.000003
222260 -0.000000
222270 -0.000007
222280 -0.000004
222290 -0.000004
222300 0.000097
222310 -0.000004
222320 -0.000000
222330 0.000008
222340 0.000000
222350 -0.000002
222360 -0.000003
222370 0.000002
222380 -0.000002
222390 -0.000005
222400 0.000001
222410 0.000001
222420 -0.000006
222430 -0.000004
222440 0.000001
222450 -0.000002
222460 0.000003
222470 0.000001
222480 -0.000003
222490 0.000098
222500 0.000008
222510 -0.000003
222520 -0.000001
222530 -0.000003
222540 -0.000002
222550 0.000003
222560 0.000005
222570 -0.000004
222580 0.000000
222590 0.000003
222600 -0.000003
222610 0.000005
222620 0.000006
222630 0.000002
222640 -0.000010
222650 0.000004
222660 0.000008
222670 -0.000002
222680 0.000011
222690 0.000003
222700 -0.000005
222710 0.000003
222720 0.000005
222730 0.000000
222740 -0.000006
222750 -0.000000
222760 -0.000004
222770 0.000003
222780 0.000005
222790 -0.000002
222800 0.000006
222810 0.000003
222820 0.000005
222830 0.000001
222840 -0.000002
222850 -0.000002
222860 -0.000001
222870 -0.000008
222880 0.000005
222890 0.000001
222900 -0.000004
222910 0.000003
222920 -0.000009
222930 0.000002
222940 0.000001
222950 -0.000005
222960 -0.000002
222970 0.000003
222980 -0.000006
222990 -0.000002
223000 0.000003
223010 -0.000002
223020 -0.000006
223030 -0.000002
223040 0.000004
223050 -0.000007
223060 0.000002
223070 0.000011
223080 0.000002
223090 0.000007
223100 0.000008
223110 -0.000000
223120 0.000003
223130 0.000002
223140 -0.000002
223150 0.000001
223160 -0.000001
223170 -0.000001
223180 -0.000001
223190 -0.000001
223200 -0.000003
223210 0.000002
223220 0.000001
223230 0.000006
223240 -0.000004
223250 -0.000016
223260 0.000011
223270 0.000003
223280 -0.000007
223290 -0.000003
223300 0.000003
223310 -0.000002
223320 0.000002
223330 -0.000002
223340 -0.000001
223350 -0.000003
223360 -0.000010
223370 -0.000013
223380 -0.000011
223390 -0.000000
223400 -0.000001
223410 -0.000001
223420 0.000004
223430 -0.000001
223440 -0.000007
223450 -0.000005
223460 -0.000004
223470 0.000001
223480 0.000002
223490 -0.000002
223500 0.000002
223510 -0.000005
223520 0.000003
223530 0.000003
223540 0.000007
223550 -0.000005
223560 0.000001
223570 -0.000008
223580 0.000000
223590 -0.000006
223600 -0.000001
223610 0.000004
223620 0.000022
223630 -0.000010
223640 -0.000005
223650 0.000001
223660 0.000000
223670 0.000004
223680 0.000003
223690 -0.000004
223700 -0.000002
223710 -0.000002
223720 0.000001
223730 -0.000005
223740 -0.000000
223750 0.000069
223760 -0.000000
223770 -0.000003
223780 0.000005
223790 -0.000010
223800 0.000011
223810 -0.000000
223820 0.000002
223830 -0.000001
223840 0.000003
223850 -0.000005
223860 -0.000004
223870 -0.000001
223880 -0.000006
223890 -0.000004
223900 0.000001
223910 0.000003
223920 0.000002
223930 0.000009
223940 -0.000009
223950 -0.000003
223960 -0.000002
223970 -0.000023
223980 -0.000004
223990 0.000002
224000 0.000010
224010 -0.000004
224020 -0.000010
224030 0.000009
224040 -0.000000
224050 0.000005
224060 -0.000000
224070 -0.000001
224080 -0.000004
224090 -0.000002
224100 0.000002
224110 0.000003
224120 -0.000002
224130 -0.000000
224140 0.000004
224150 -0.000002
224160 -0.000003
224170 -0.000013
224180 -0.000003
224190 0.000003
224200 -0.000001
224210 0.000003
224220 -0.000003
224230 -0.000000
224240 -0.000003
224250 0.000001
224260 -0.000004
224270 -0.000005
224280 -0.000002
224290 0.000001
224300 0.000008
224310 0.000000
224320 0.000001
224330 0.000002
224340 0.000003
224350 -0.000008
224360 0.000001
224370 -0.000005
224380 -0.000001
224390 0.000003
224400 0.000004
224410 -0.000000
224420 -0.000001
224430 0.000002
224440 0.000002
224450 0.000002
224460 -0.000013
224470 0.000006
224480 -0.000005
224490 0.000002
224500 -0.000000
224510 0.000001
224520 -0.000002
224530 0.000006
224540 0.000001
224550 -0.000001
224560 -0.000003
224570 0.000002
224580 -0.000003
224590 0.000002
224600 0.000011
224610 -0.000000
224620 -0.000006
224630 -0.000295
224640 0.000011
224650 -0.000007
224660 -0.000008
224670 0.000002
224680 0.000001
224690 -0.000010
224700 -0.000004
224710 0.000003
224720 0.000000
224730 -0.000005
224740 0.000018
224750 0.000003
224760 -0.000002
224770 0.000005
224780 0.000010
224790 -0.000009
224800 0.000001
224810 0.000008
224820 -0.000001
224830 0.000010
224840 -0.000001
224850 0.000001
224860 0.000002
224870 0.000005
224880 0.000006
224890 0.000004
224900 0.000002
224910 -0.000001
224920 -0.000004
224930 0.000005
224940 -0.000001
224950 -0.000136
224960 -0.000007
224970 -0.000012
224980 0.000004
224990 -0.000002
225000 -0.000010
225010 0.000001
225020 0.000003
225030 -0.000003
225040 -0.000005
225050 -0.000003
225060 0.000002
225070 -0.000005
225080 0.000006
225090 0.000000
225100 0.000005
225110 -0.000001
225120 0.000006
225130 0.000001
225140 -0.000006
225150 0.000005
225160 -0.000004
225170 -0.000002
225180 0.000002
225190 -0.000001
225200 0.000009
225210 0.000001
225220 0.000010
225230 0.000003
225240 0.000000
225250 0.000002
225260 0.000000
225270 -0.000002
225280 0.000002
225290 -0.000004
225300 0.000001
225310 0.000000
225320 0.000036
225330 -0.000003
225340 0.000003
225350 -0.000004
225360 0.000000
225370 -0.000002
225380 -0.000008
225390 0.000005
225400 -0.000037
225410 0.000002
225420 -0.000000
225430 -0.000005
225440 -0.000003
225450 0.000010
225460 0.000014
225470 -0.000003
225480 -0.000003
225490 0.000003
225500 0.000001
225510 0.000001
225520 -0.000003
225530 -0.000004
225540 0.000000
225550 0.000012
225560 -0.000002
225570 0.000003
225580 0.000002
225590 -0.000006
225600 0.000010
225610 0.000006
225620 0.000002
225630 -0.000000
225640 0.000004
225650 0.000001
225660 0.000000
225670 0.000003
225680 0.000001
225690 -0.000004
225700 0.000003
225710 -0.000007
225720 -0.000002
225730 -0.000002
225740 0.000001
225750 -0.000010
225760 -0.000012
225770 -0.000002
225780 0.000006
225790 -0.000003
225800 0.000003
225810 0.000016
225820 -0.000004
225830 0.000012
225840 -0.000001
225850 -0.000008
225860 -0.000004
225870 -0.000026
225880 -0.000007
225890 -0.000004
225900 -0.000006
225910 0.000006
225920 -0.000004
225930 0.000005
225940 0.000001
225950 -0.000003
225960 -0.000007
225970 0.000006
225980 0.000001
225990 -0.000007
226000 -0.000002
226010 0.000003
226020 0.000004
226030 -0.000001
226040 -0.000002
226050 0.000002
226060 0.000000
226070 -0.000001
226080 -0.000000
226090 0.000006
226100 0.000001
226110 -0.000004
226120 0.000004
226130 -0.000001
226140 -0.000003
226150 -0.000004
226160 0.000002
226170 -0.000003
226180 -0.000009
226190 0.000004
226200 -0.000004
226210 -0.000003
226220 -0.000000
226230 0.000002
226240 -0.000001
226250 -0.000005
226260 -0.000001
226270 0.000001
226280 -0.000002
226290 0.000005
226300 0.000002
226310 0.000005
226320 0.000004
226330 0.000002
226340 -0.000003
226350 0.000005
226360 0.000001
226370 0.000006
226380 -0.000002
226390 0.000015
226400 0.000006
226410 -0.000002
226420 -0.000001
226430 0.000005
226440 -0.000006
226450 0.000003
226460 -0.000004
226470 -0.000011
226480 -0.000002
226490 0.000002
226500 -0.000005
226510 0.000000
226520 0.000002
226530 0.000007
226540 -0.000001
226550 0.000009
226560 0.000004
226570 0.000000
226580 -0.000003
226590 0.000012
226600 -0.000002
226610 -0.000004
226620 -0.000006
226630 -0.000001
226640 0.000004
226650 0.000004
226660 0.000000
226670 0.000005
226680 0.000006
226690 -0.000015
226700 0.000000
226710 0.000002
226720 -0.000001
226730 -0.000010
226740 -0.000005
226750 0.000002
226760 0.000002
226770 -0.000000
226780 0.000002
226790 0.000004
226800 -0.000001
226810 0.000000
226820 -0.000002
226830 -0.000010
226840 0.000002
226850 -0.000003
226860 0.000004
226870 0.000005
226880 0.000003
226890 0.000005
226900 -0.000000
226910 -0.000002
226920 0.000002
226930 0.000001
226940 0.000005
226950 0.000000
226960 -0.000007
226970 -0.000002
226980 -0.000001
226990 0.000004
227000 0.000002
227010 0.000007
227020 0.000004
227030 -0.000000
227040 0.000005
227050 0.000004
227060 0.000000
227070 0.000002
227080 0.000001
227090 -0.000016
227100 0.000002
227110 0.000003
227120 -0.000003
227130 -0.000007
227140 -0.000002
227150 0.000032
227160 -0.000002
227170 0.000002
227180 -0.000001
227190 0.000002
227200 0.000001
227210 0.000001
227220 0.000001
227230 -0.000000
227240 0.000001
227250 0.000002
227260 0.000011
227270 -0.000006
227280 0.000000
227290 0.000001
227300 -0.000010
227310 0.000015
227320 0.000001
227330 0.000006
227340 0.000001
227350 -0.000005
227360 -0.000002
227370 0.000000
227380 -0.000003
227390 0.000007
227400 0.000014
227410 -0.000000
227420 0.000005
227430 0.000011
227440 0.000002
227450 0.000002
227460 -0.000003
227470 -0.000002
227480 0.000003
227490 0.000003
227500 -0.000002
227510 -0.000002
227520 0.000003
227530 -0.000002
227540 0.000010
227550 -0.000000
227560 -0.000025
227570 0.000003
227580 0.000007
227590 -0.000005
227600 -0.000003
227610 0.000005
227620 0.000002
227630 -0.000001
227640 0.000005
227650 -0.000011
227660 -0.000004
227670 0.000001
227680 -0.000004
227690 0.000002
227700 -0.000004
227710 -0.000002
227720 -0.000002
227730 -0.000003
227740 0.000003
227750 0.000002
227760 0.000002
227770 0.000002
227780 0.000002
227790 0.000001
227800 0.000003
227810 0.000001
227820 -0.000001
227830 0.000002
227840 0.000050
227850 0.000021
227860 -0.000003
227870 0.000036
227880 -0.000003
227890 0.000013
227900 -0.000004
227910 0.000000
227920 -0.000004
227930 0.000004
227940 -0.000001
227950 0.000003
227960 -0.000002
227970 0.000004
227980 -0.000002
227990 -0.000009
228000 0.000005
228010 -0.000003
228020 0.000003
228030 0.000006
228040 -0.000019
228050 -0.000011
228060 0.000004
228070 -0.000004
228080 0.000002
228090 0.000003
228100 -0.000002
228110 0.000010
228120 0.000007
228130 -0.000000
228140 0.000005
228150 -0.000002
228160 0.000006
228170 -0.000001
228180 -0.000001
228190 -0.000007
228200 0.000001
228210 0.000001
228220 0.000008
228230 -0.000001
228240 0.000006
228250 0.000005
228260 -0.000003
228270 0.000001
228280 0.000002
228290 0.000005
228300 -0.000007
228310 -0.000025
228320 0.000000
228330 -0.000005
228340 0.000001
228350 -0.000006
228360 0.000007
228370 -0.000007
228380 -0.000004
228390 -0.000003
228400 0.000006
228410 0.000004
228420 -0.000010
228430 -0.000005
228440 0.000002
228450 0.000010
228460 -0.000003
228470 -0.000004
228480 0.000083
228490 0.000000
228500 -0.000002
228510 0.000003
228520 -0.000002
228530 0.000003
228540 -0.000006
228550 0.000006
228560 -0.000003
228570 -0.000004
228580 0.000002
228590 0.000007
228600 0.000001
228610 0.000006
228620 -0.000004
228630 0.000000
228640 -0.000003
228650 -0.000006
228660 0.000004
228670 -0.000001
228680 0.000000
228690 -0.000006
228700 0.000007
228710 -0.000029
228720 -0.000003
228730 0.000002
228740 0.000001
228750 0.000005
228760 0.000010
228770 0.000000
228780 0.000013
228790 0.000003
228800 -0.000002
228810 -0.000007
228820 0.000000
228830 -0.000000
228840 0.000004
228850 0.000005
228860 0.000002
228870 -0.000022
228880 0.000006
228890 -0.000007
228900 -0.000000
228910 -0.000000
228920 0.000006
228930 -0.000003
228940 0.000009
228950 0.000005
228960 -0.000005
228970 -0.000002
228980 0.000001
228990 -0.000001
229000 -0.000001
229010 -0.000001
229020 -0.000002
229030 -0.000009
229040 0.000004
229050 -0.000002
229060 0.000005
229070 -0.000005
229080 0.000001
229090 -0.000050
229100 0.000005
229110 -0.000001
229120 -0.000004
229130 -0.000006
229140 -0.000001
229150 -0.000006
229160 -0.000004
229170 -0.000001
229180 0.000003
229190 0.000003
229200 -0.000004
229210 0.000004
229220 -0.000001
229230 0.000003
229240 0.000009
229250 0.000004
229260 0.000004
229270 -0.000004
229280 -0.000000
229290 0.000001
229300 0.000001
229310 -0.000000
229320 0.000011
229330 -0.000003
229340 0.000000
229350 0.000008
229360 0.000002
229370 -0.000002
229380 0.000002
229390 -0.000005
229400 0.000004
229410 0.000007
229420 0.000009
229430 0.000001
229440 -0.000001
229450 -0.000003
229460 -0.000003
229470 0.000003
229480 0.000002
229490 0.000006
229500 0.000001
229510 -0.000121
229520 0.000003
229530 -0.000004
229540 -0.000014
229550 -0.000002
229560 0.000009
229570 -0.000004
229580 0.000004
229590 0.000002
229600 0.000001
229610 -0.000000
229620 -0.000005
229630 0.000004
229640 -0.000008
229650 -0.000001
229660 0.000013
229670 -0.000000
229680 0.000004
229690 0.000004
229700 -0.000006
229710 -0.000005
229720 0.000001
229730 0.000005
229740 -0.000003
229750 -0.000004
229760 0.000007
229770 0.000001
229780 -0.000002
229790 0.000002
229800 -0.000005
229810 -0.000003
229820 0.000005
229830 0.000005
229840 0.000003
229850 -0.000004
229860 0.000001
229870 -0.000007
229880 0.000009
229890 -0.000008
229900 0.000002
229910 -0.000003
229920 -0.000003
229930 0.000001
229940 0.000014
229950 -0.000006
229960 0.000001
229970 0.000008
229980 -0.000001
229990 0.000001
230000 0.000005
230010 0.000001
230020 0.000001
230030 -0.000001
230040 0.000000
230050 0.000001
230060 -0.000004
230070 0.000005
230080 0.000002
230090 -0.000034
230100 0.000003
230110 0.000001
230120 0.000003
230130 -0.000003
230140 -0.000009
230150 0.000002
230160 0.000008
230170 -0.000011
230180 -0.000010
230190 -0.000000
230200 0.000006
230210 0.000004
230220 -0.000003
230230 0.000004
230240 0.000007
230250 -0.000003
230260 0.000005
230270 0.000001
230280 0.000010
230290 0.000002
230300 0.000005
230310 -0.000004
230320 0.000004
230330 0.000005
230340 -0.000031
230350 -0.000008
230360 0.000000
230370 0.000002
230380 -0.000001
230390 0.000006
230400 0.000008
230410 0.000001
230420 -0.000000
230430 -0.000010
230440 -0.000000
230450 0.000001
230460 -0.000000
230470 0.000005
230480 0.000007
230490 0.000000
230500 -0.000009
230510 0.000004
230520 -0.000007
230530 0.000005
230540 0.000008
230550 0.000003
230560 0.000006
230570 0.000002
230580 -0.000003
230590 -0.000002
230600 0.000004
230610 0.000011
230620 -0.000008
230630 -0.000006
230640 0.000003
230650 -0.000006
230660 -0.000009
230670 0.000004
230680 -0.000000
230690 0.000000
230700 -0.000004
230710 -0.000006
230720 -0.000001
230730 -0.000002
230740 -0.000017
230750 0.000001
230760 -0.000003
230770 0.000004
230780 0.000000
230790 -0.000008
230800 0.000001
230810 -0.000011
230820 0.000009
230830 0.000001
230840 -0.000007
230850 -0.000001
230860 -0.000002
230870 0.000004
230880 -0.000006
230890 0.000007
230900 -0.000006
230910 -0.000004
230920 -0.000003
230930 -0.000002
230940 -0.000002
230950 0.000003
230960 -0.000002
230970 0.000001
230980 0.000451
230990 -0.000006
231000 0.000000
231010 0.000004
231020 0.000006
231030 0.000006
231040 -0.000003
231050 -0.000005
231060 -0.000015
231070 0.000005
231080 0.000010
231090 0.000004
231100 0.000011
231110 -0.000000
231120 -0.000000
231130 -0.000003
231140 -0.000002
231150 0.000001
231160 -0.000001
231170 0.000001
231180 -0.000009
231190 0.000014
231200 0.000003
231210 0.000004
231220 -0.000003
231230 0.000004
231240 0.000001
231250 0.000000
231260 0.000012
231270 0.000005
231280 -0.000000
231290 0.000001
231300 -0.000002
231310 0.000003
231320 0.000003
231330 0.000002
231340 -0.000005
231350 0.000002
231360 -0.000004
231370 0.000004
231380 -0.000007
231390 -0.000001
231400 -0.000001
231410 -0.000001
231420 0.000002
231430 0.000004
231440 0.000022
231450 -0.000002
231460 -0.000000
231470 -0.000003
231480 -0.000003
231490 0.000000
231500 0.000005
231510 -0.000007
231520 0.000002
231530 0.000002
231540 0.000002
231550 -0.000075
231560 -0.000009
231570 -0.000001
231580 -0.000002
231590 0.000005
231600 0.000001
231610 0.000027
231620 0.000009
231630 -0.000004
231640 0.000001
231650 0.000008
231660 0.000010
231670 0.000010
231680 0.000014
231690 0.000000
231700 0.000003
231710 -0.000004
231720 -0.000003
231730 -0.000001
231740 0.000005
231750 0.000002
231760 -0.000003
231770 0.000006
231780 0.000000
231790 0.000007
231800 -0.000004
231810 0.000001
231820 -0.000001
231830 0.000001
231840 -0.000001
231850 -0.000000
231860 -0.000004
231870 -0.000002
231880 -0.000003
231890 -0.000005
231900 0.000001
231910 -0.000004
231920 -0.000001
231930 -0.000005
231940 -0.000001
231950 0.000004
231960 -0.000010
231970 0.000037
231980 0.000001
231990 -0.000002
232000 0.000008
232010 0.000002
232020 -0.000001
232030 -0.000003
232040 0.000020
232050 -0.000004
232060 0.000002
232070 -0.000000
232080 -0.000003
232090 -0.000003
232100 0.000002
232110 -0.000005
232120 0.000001
232130 -0.000001
232140 -0.000004
232150 -0.000007
232160 0.000001
232170 0.000006
232180 0.000004
232190 -0.000001
232200 0.000003
232210 -0.000004
232220 0.000004
232230 0.000004
232240 -0.000003
232250 0.000002
232260 0.000005
232270 -0.000000
232280 -0.000000
232290 0.000007
232300 -0.000003
232310 -0.000007
232320 0.000002
232330 -0.000004
232340 0.000010
232350 -0.000010
232360 0.000000
232370 0.000004
232380 -0.000003
232390 0.000003
232400 -0.000005
232410 -0.000002
232420 -0.000009
232430 -0.000000
232440 -0.000004
232450 -0.000003
232460 0.000001
232470 0.000002
232480 -0.000003
232490 0.000170
232500 0.000005
232510 -0.000006
232520 -0.000002
232530 -0.000002
232540 0.000010
232550 -0.000001
232560 -0.000001
232570 -0.000009
232580 -0.000002
232590 0.000007
232600 0.000008
232610 -0.000000
232620 0.000005
232630 -0.000003
232640 -0.000006
232650 -0.000003
232660 0.000011
232670 0.000005
232680 0.000001
232690 -0.000005
232700 0.000010
232710 0.000003
232720 -0.000002
232730 -0.000009
232740 -0.000003
232750 -0.000002
232760 0.000004
232770 0.000003
232780 0.000002
232790 -0.000001
232800 0.000001
232810 0.000002
232820 -0.000014
232830 0.000002
232840 -0.000007
232850 0.000001
232860 -0.000111
232870 0.000000
232880 0.000002
232890 -0.000004
232900 0.000001
232910 0.000004
232920 -0.000006
232930 0.000000
232940 -0.000003
232950 -0.000002
232960 -0.000008
232970 -0.000013
232980 -0.000002
232990 -0.000000
233000 0.000003
233010 -0.000001
233020 -0.000001
233030 0.000001
233040 -0.000005
233050 -0.000004
233060 -0.000000
233070 0.000001
233080 0.000003
233090 0.000003
233100 0.000001
233110 -0.000003
233120 0.000004
233130 0.000010
233140 -0.000002
233150 -0.000006
233160 0.000007
233170 -0.000005
233180 0.000000
233190 -0.000001
233200 0.000002
233210 -0.000004
233220 0.000005
233230 -0.000001
233240 -0.000011
233250 -0.000002
233260 -0.000002
233270 -0.000001
233280 -0.000010
233290 -0.000001
233300 0.000004
233310 -0.000002
233320 0.000006
233330 0.000004
233340 0.000002
233350 -0.000000
233360 -0.000010
233370 0.000001
233380 0.000001
233390 -0.000001
233400 -0.000006
233410 -0.000006
233420 -0.000003
233430 0.000002
233440 -0.000001
233450 0.000005
233460 -0.000004
233470 -0.000008
233480 -0.000000
233490 0.000010
233500 -0.000000
233510 0.000006
233520 -0.000002
233530 -0.000000
233540 0.000001
233550 0.000000
233560 0.000002
233570 0.000006
233580 -0.000001
233590 0.000001
233600 -0.000009
233610 0.000002
233620 -0.000000
233630 -0.000003
233640 0.000000
233650 -0.000001
233660 0.000006
233670 -0.000003
233680 0.000000
233690 0.000000
233700 0.000003
233710 0.000004
233720 -0.000006
233730 0.000001
233740 -0.000003
233750 -0.000006
233760 -0.000001
233770 0.000000
233780 0.000009
233790 -0.000002
233800 0.000001
233810 0.000003
233820 0.000001
233830 -0.000004
233840 0.000003
233850 0.000003
233860 -0.000000
233870 -0.000000
233880 0.000004
233890 -0.000003
233900 0.000002
233910 -0.000001
233920 0.000005
233930 -0.000000
233940 0.000004
233950 -0.000001
233960 -0.000007
233970 0.000008
233980 0.000001
233990 0.000002
234000 0.000002
234010 -0.000002
234020 0.000001
234030 0.000003
234040 0.000002
234050 0.000002
234060 -0.000004
234070 0.000006
234080 0.000003
234090 -0.000000
234100 0.000003
234110 -0.000001
234120 0.000158
234130 0.000002
234140 -0.000012
234150 0.000003
234160 0.000002
234170 0.000001
234180 0.000002
234190 -0.000003
234200 -0.000006
234210 0.000008
234220 0.000002
234230 0.000019
234240 -0.000001
234250 0.000001
234260 0.000014
234270 -0.000000
234280 0.000005
234290 0.000002
234300 -0.000003
234310 0.000001
234320 -0.000001
234330 0.000003
234340 -0.000002
234350 0.000002
234360 0.000001
234370 0.000004
234380 -0.000001
234390 0.000001
234400 0.000007
234410 0.000008
234420 0.000001
234430 -0.000002
234440 0.000003
234450 -0.000009
234460 -0.000008
234470 0.000008
234480 -0.000009
234490 -0.000002
234500 0.000001
234510 0.000005
234520 0.000014
234530 0.000005
234540 0.000008
234550 -0.000003
234560 -0.000004
234570 -0.000004
234580 -0.000000
234590 0.000008
234600 -0.000004
234610 -0.000009
234620 0.000002
234630 0.000003
234640 -0.000001
234650 0.000024
234660 -0.000001
234670 -0.000002
234680 0.000001
234690 0.000004
234700 0.000005
234710 0.000003
234720 -0.000008
234730 -0.000002
234740 0.000007
234750 0.000002
234760 0.000002
234770 0.000003
234780 0.000002
234790 -0.000002
234800 -0.000005
234810 0.000003
234820 0.000004
234830 -0.000002
234840 -0.000002
234850 0.000001
234860 0.000016
234870 -0.000014
234880 -0.000004
234890 0.000005
234900 0.000003
234910 0.000006
234920 -0.000000
234930 0.000003
234940 0.000001
234950 -0.000000
234960 -0.000171
234970 0.000005
234980 -0.000004
234990 0.000011
235000 0.000001
235010 -0.000003
235020 0.000004
235030 -0.000010
235040 -0.000002
235050 0.000000
235060 -0.000007
235070 0.000003
235080 0.000010
235090 -0.000000
235100 0.000008
235110 0.000003
235120 -0.000010
235130 -0.000004
235140 -0.000006
235150 0.000000
235160 0.000002
235170 0.000001
235180 -0.000001
235190 -0.000003
235200 -0.000005
235210 0.000001
235220 0.000003
235230 -0.000037
235240 0.000001
235250 0.000002
235260 0.000001
235270 0.000004
235280 0.000002
235290 0.000001
235300 -0.000006
235310 0.000008
235320 -0.000009
235330 0.000001
235340 -0.000009
235350 -0.000001
235360 0.000006
235370 -0.000002
235380 -0.000002
235390 -0.000004
235400 0.000004
235410 -0.000002
235420 -0.000000
235430 0.000007
235440 -0.000002
235450 -0.000005
235460 0.000004
235470 0.000004
235480 -0.000009
235490 0.000000
235500 0.000002
235510 0.000004
235520 -0.000001
235530 -0.000002
235540 -0.000001
235550 -0.000001
235560 0.000003
235570 -0.000001
235580 0.000015
235590 -0.000004
235600 0.000004
235610 -0.000001
235620 -0.000006
235630 -0.000004
235640 0.000008
235650 -0.000003
235660 -0.000003
235670 0.000007
235680 0.000040
235690 -0.000007
235700 -0.000000
235710 -0.000000
235720 0.000000
235730 -0.000007
235740 -0.000005
235750 0.000003
235760 -0.000005
235770 -0.000001
235780 0.000004
235790 0.000004
235800 -0.000009
235810 -0.000005
235820 -0.000001
235830 0.000001
235840 0.000003
235850 0.000003
235860 -0.000006
235870 -0.000008
235880 0.000001
235890 0.000001
235900 0.000002
235910 0.000008
235920 -0.000000
235930 -0.000002
235940 -0.000009
235950 0.000003
235960 -0.000000
235970 -0.000004
235980 0.000001
235990 -0.000001
236000 -0.000008
236010 -0.000003
236020 0.000003
236030 -0.000007
236040 0.000006
236050 0.000001
236060 0.000003
236070 0.000007
236080 -0.000004
236090 -0.000000
236100 0.000001
236110 0.000005
236120 -0.000011
236130 -0.000008
236140 -0.000001
236150 0.000001
236160 0.000004
236170 0.000000
236180 0.000006
236190 0.000004
236200 -0.000000
236210 -0.000003
236220 0.000002
236230 0.000002
236240 0.000001
236250 0.000009
236260 0.000001
236270 -0.000004
236280 -0.000002
236290 0.000003
236300 0.000003
236310 0.000005
236320 0.000000
236330 0.000001
236340 -0.000004
236350 -0.000000
236360 -0.000004
236370 0.000000
236380 0.000002
236390 -0.000012
236400 -0.000002
236410 -0.000003
236420 0.000006
236430 -0.000003
236440 -0.000002
236450 -0.000000
236460 0.000001
236470 -0.000001
236480 0.000002
236490 0.000005
236500 0.000002
236510 -0.000007
236520 0.000004
236530 0.000001
236540 0.000000
236550 0.000008
236560 0.000016
236570 -0.000006
236580 -0.000004
236590 0.000004
236600 0.000004
236610 0.000008
236620 -0.000007
236630 -0.000001
236640 -0.000003
236650 -0.000004
236660 0.000001
236670 -0.000032
236680 -0.000002
236690 -0.000000
236700 0.000003
236710 0.000002
236720 -0.000002
236730 -0.000006
236740 -0.000005
236750 0.000022
236760 0.000000
236770 -0.000000
236780 0.000005
236790 0.000002
236800 -0.000010
236810 -0.000006
236820 0.000002
236830 0.000003
236840 0.000004
236850 -0.000001
236860 0.000004
236870 -0.000004
236880 -0.000001
236890 -0.000001
236900 0.000007
236910 -0.000004
236920 -0.000005
236930 -0.000002
236940 -0.000002
236950 -0.000004
236960 -0.000002
236970 0.000002
236980 0.000002
236990 -0.000004
237000 0.000009
237010 -0.000002
237020 0.000002
237030 -0.000004
237040 -0.000001
237050 -0.000003
237060 0.000004
237070 -0.000003
237080 0.000004
237090 0.000004
237100 -0.000005
237110 -0.000005
237120 0.000002
237130 -0.000002
237140 0.000000
237150 -0.000001
237160 0.000000
237170 -0.000001
237180 0.000000
237190 -0.000004
237200 -0.000001
237210 0.000005
237220 -0.000002
237230 -0.000000
237240 0.000006
237250 0.000004
237260 -0.000012
237270 0.000002
237280 0.000001
237290 0.000007
237300 -0.000004
237310 -0.000001
237320 -0.000095
237330 0.000014
237340 0.000002
237350 -0.000002
237360 -0.000003
237370 -0.000004
237380 0.000005
237390 -0.000000
237400 -0.000003
237410 -0.000002
237420 0.000004
237430 -0.000001
237440 0.000006
237450 -0.000007
237460 -0.000005
237470 0.000007
237480 -0.000002
237490 0.000004
237500 -0.000014
237510 -0.000003
237520 0.000008
237530 -0.000005
237540 -0.000004
237550 0.000007
237560 0.000004
237570 -0.000000
237580 0.000001
237590 0.000003
237600 -0.000006
237610 0.000007
237620 -0.000002
237630 -0.000005
237640 0.000001
237650 -0.000005
237660 -0.000003
237670 -0.000011
237680 -0.000002
237690 -0.000000
237700 0.000001
237710 0.000000
237720 0.000005
237730 -0.000000
237740 -0.000004
237750 0.000003
237760 -0.000003
237770 -0.000007
237780 -0.000001
237790 0.000003
237800 -0.000003
237810 -0.000005
237820 -0.000144
237830 0.000012
237840 0.000000
237850 0.000000
237860 0.000003
237870 0.000004
237880 0.000006
237890 0.000002
237900 -0.000001
237910 -0.000205
237920 0.000004
237930 -0.000000
237940 -0.000007
237950 -0.000002
237960 -0.000001
237970 0.000006
237980 -0.000002
237990 -0.000002
238000 -0.000001
238010 -0.000005
238020 0.000005
238030 -0.000003
238040 0.000008
238050 0.000006
238060 -0.000001
238070 0.000005
238080 -0.000002
238090 0.000002
238100 0.000003
238110 0.000006
238120 0.000004
238130 -0.000004
238140 -0.000011
238150 0.000006
238160 -0.000003
238170 -0.000001
238180 -0.000006
238190 0.000004
238200 -0.000000
238210 -0.000005
238220 0.000002
238230 0.000008
238240 -0.000001
238250 -0.000001
238260 0.000001
238270 -0.000001
238280 -0.000000
238290 -0.000002
238300 0.000007
238310 0.000002
238320 -0.000003
238330 0.000002
238340 0.000003
238350 0.000001
238360 0.000005
238370 0.000001
238380 -0.000001
238390 -0.000001
238400 0.000009
238410 -0.000004
238420 -0.000002
238430 0.000003
238440 0.000022
238450 0.000004
238460 -0.000008
238470 0.000002
238480 -0.000042
238490 0.000008
238500 -0.000005
238510 0.000001
238520 0.000008
238530 0.000003
238540 -0.000004
238550 0.000001
238560 0.000003
238570 -0.000005
238580 0.000016
238590 -0.000003
238600 0.000000
238610 -0.000006
238620 -0.000002
238630 0.000001
238640 0.000002
238650 -0.000010
238660 -0.000003
238670 0.000002
238680 -0.000004
238690 0.000004
238700 0.000014
238710 0.000007
238720 0.000002
238730 -0.000000
238740 0.000002
238750 -0.000001
238760 -0.000008
238770 0.000002
238780 0.000003
238790 -0.000005
238800 0.000000
238810 -0.000003
238820 0.000008
238830 0.000002
238840 0.000005
238850 -0.000002
238860 0.000000
238870 0.000001
238880 -0.000008
238890 0.000012
238900 0.000001
238910 -0.000004
238920 -0.000007
238930 -0.000006
238940 -0.000006
238950 0.000003
238960 0.000001
238970 -0.000007
238980 0.000008
238990 0.000007
239000 0.000006
239010 -0.000006
239020 0.000003
239030 -0.000002
239040 0.000006
239050 0.000000
239060 -0.000000
239070 -0.000000
239080 0.000010
239090 -0.000003
239100 0.000003
239110 -0.000004
239120 0.000135
239130 0.000010
239140 0.000002
239150 0.000002
239160 0.000001
239170 0.000002
239180 0.000001
239190 0.000005
239200 0.000005
239210 -0.000000
239220 0.000000
239230 -0.000006
239240 0.000007
239250 -0.000002
239260 0.000001
239270 -0.000000
239280 -0.000001
239290 -0.000003
239300 -0.000002
239310 0.000005
239320 -0.000001
239330 -0.000003
239340 -0.000007
239350 -0.000003
239360 -0.000000
239370 0.000006
239380 -0.000004
239390 -0.000000
239400 0.000004
239410 -0.000001
239420 0.000006
239430 0.000000
239440 -0.000021
239450 -0.000002
239460 -0.000004
239470 -0.000003
239480 0.000009
239490 -0.000006
239500 0.000001
239510 0.000001
239520 0.000004
239530 -0.000013
239540 -0.000002
239550 -0.000001
239560 -0.000000
239570 0.000001
239580 -0.000008
239590 0.000006
239600 0.000003
239610 -0.000001
239620 -0.000000
239630 0.000016
239640 0.000002
239650 -0.000002
239660 -0.000001
239670 0.000006
239680 -0.000001
239690 0.000015
239700 -0.000015
239710 -0.000002
239720 -0.000001
239730 0.000002
239740 -0.000011
239750 -0.000007
239760 -0.000005
239770 0.000004
239780 -0.000007
239790 0.000005
239800 0.000005
239810 -0.000004
239820 -0.000000
239830 0.000002
239840 0.000002
239850 0.000000
239860 0.000000
239870 -0.000006
239880 -0.000001
239890 0.000007
239900 0.000000
239910 0.000002
239920 0.000005
239930 -0.000005
239940 -0.000002
239950 -0.000001
239960 -0.000012
239970 -0.000005
239980 0.000000
239990 -0.000013
240000 0.000010
240010 -0.000002
240020 -0.000003
240030 0.000003
240040 -0.000000
240050 0.000007
240060 0.000001
240070 0.000000
240080 -0.000000
240090 0.000008
240100 0.000006
240110 -0.000005
240120 -0.000006
240130 0.000001
240140 0.000000
240150 -0.000009
240160 -0.000001
240170 0.000004
240180 -0.000002
240190 -0.000010
240200 -0.000038
240210 -0.000001
240220 0.000004
240230 -0.000010
240240 -0.000006
240250 -0.000004
240260 0.000002
240270 -0.000003
240280 -0.000003
240290 0.000001
240300 0.000002
240310 0.000001
240320 -0.000000
240330 0.000001
240340 -0.000007
240350 0.000013
240360 -0.000010
240370 -0.000002
240380 0.000017
240390 0.000006
240400 0.000006
240410 -0.000015
240420 -0.000001
240430 -0.000003
240440 -0.000002
240450 0.000005
240460 -0.000003
240470 -0.000001
240480 0.000005
240490 0.000000
240500 -0.000004
240510 0.000002
240520 -0.000005
240530 -0.000002
240540 -0.000002
240550 -0.000002
240560 -0.000006
240570 0.000001
240580 -0.000002
240590 -0.000005
240600 0.000009
240610 -0.000010
240620 -0.000002
240630 -0.000001
240640 0.000003
240650 0.000004
240660 -0.000003
240670 -0.000002
240680 0.000001
240690 0.000001
240700 0.000000
240710 0.000006
240720 -0.000000
240730 -0.000009
240740 0.000002
240750 -0.000006
240760 0.000001
240770 0.000002
240780 0.000002
240790 0.000003
240800 -0.000000
240810 -0.000002
240820 -0.000003
240830 0.000001
240840 0.000029
240850 -0.000006
240860 0.000000
240870 0.000008
240880 0.000000
240890 -0.000001
240900 0.000001
240910 0.000000
240920 -0.000008
240930 0.000006
240940 0.000010
240950 -0.000000
240960 -0.000001
240970 0.000002
240980 0.000004
240990 0.000002
241000 0.000001
241010 -0.000005
241020 -0.000003
241030 -0.000002
241040 -0.000006
241050 -0.000001
241060 -0.000002
241070 0.000002
241080 -0.000013
241090 0.000007
241100 0.000002
241110 -0.000002
241120 -0.000005
241130 -0.000002
241140 0.000005
241150 0.000001
241160 -0.000004
241170 0.000010
241180 -0.000000
241190 -0.000002
241200 0.000122
241210 0.000005
241220 -0.000005
241230 0.000004
241240 -0.000003
241250 0.000004
241260 0.000002
241270 -0.000010
241280 -0.000004
241290 0.000003
241300 -0.000001
241310 -0.000001
241320 -0.000001
241330 0.000000
241340 0.000002
241350 0.000001
241360 0.000004
241370 0.000001
241380 -0.000007
241390 -0.000005
241400 0.000003
241410 -0.000005
241420 0.000005
241430 0.000011
241440 0.000004
241450 0.000007
241460 0.000001
241470 -0.000001
241480 -0.000002
241490 0.000007
241500 0.000001
241510 0.000002
241520 -0.000001
241530 0.000004
241540 -0.000001
241550 -0.000004
241560 0.000008
241570 0.000006
241580 -0.000007
241590 -0.000002
241600 -0.000001
241610 0.000009
241620 0.000012
241630 0.000005
241640 0.000006
241650 -0.000001
241660 0.000000
241670 0.000007
241680 0.000005
241690 -0.000016
241700 0.000003
241710 -0.000003
241720 -0.000007
241730 -0.000002
241740 0.000008
241750 0.000001
241760 -0.000001
241770 0.000002
241780 0.000005
241790 0.000004
241800 -0.000001
241810 0.000000
241820 -0.000003
241830 0.000011
241840 -0.000005
241850 0.000004
241860 0.000005
241870 0.000004
241880 0.000003
241890 0.000002
241900 0.000002
241910 0.000006
241920 0.000002
241930 -0.000002
241940 -0.000004
241950 -0.000006
241960 0.000009
241970 -0.000006
241980 0.000004
241990 -0.000001
242000 0.000000
242010 -0.000005
242020 0.000002
242030 -0.000001
242040 0.000005
242050 -0.000001
242060 0.000005
242070 0.000002
242080 0.000008
242090 -0.000005
242100 -0.000001
242110 0.000006
242120 -0.000007
242130 0.000002
242140 -0.000002
242150 -0.000006
242160 -0.000010
242170 -0.000012
242180 0.000009
242190 0.000007
242200 0.000003
242210 0.000002
242220 -0.000001
242230 -0.000003
242240 -0.000001
242250 0.000001
242260 0.000004
242270 -0.000011
242280 -0.000001
242290 -0.000003
242300 -0.000001
242310 0.000001
242320 -0.000003
242330 0.000009
242340 0.000004
242350 -0.000009
242360 0.000078
242370 0.000005
242380 0.000001
242390 -0.000005
242400 0.000008
242410 0.000004
242420 0.000001
242430 0.000000
242440 -0.000006
242450 0.000007
242460 0.000005
242470 0.000005
242480 0.000002
242490 0.000001
242500 -0.000005
242510 -0.000004
242520 -0.000009
242530 -0.000008
242540 -0.000005
242550 -0.000002
242560 0.000004
242570 0.000002
242580 -0.000007
242590 -0.000004
242600 0.000005
242610 -0.000015
242620 -0.000001
242630 0.000004
242640 0.000003
242650 0.000001
242660 0.000006
242670 -0.000000
242680 -0.000002
242690 -0.000001
242700 0.000004
242710 0.000008
242720 0.000003
242730 -0.000004
242740 0.000009
242750 0.000001
242760 -0.000001
242770 0.000000
242780 -0.000004
242790 -0.000009
242800 0.000003
242810 0.000004
242820 0.000003
242830 0.000000
242840 -0.000007
242850 -0.000003
242860 0.000001
242870 0.000002
242880 -0.000001
242890 0.000003
242900 -0.000011
242910 0.000002
242920 -0.000009
242930 0.000001
242940 0.000000
242950 -0.000000
242960 -0.000000
242970 -0.000006
242980 -0.000008
242990 0.000002
243000 -0.000004
243010 0.000007
243020 0.000000
243030 -0.000008
243040 -0.000004
243050 0.000001
243060 -0.000014
243070 0.000005
243080 -0.000000
243090 0.000004
243100 0.000005
243110 -0.000162
243120 -0.000164
243130 0.000000
243140 0.000008
243150 -0.000001
243160 0.000004
243170 -0.000002
243180 -0.000006
243190 -0.000001
243200 -0.000003
243210 -0.000001
243220 0.000007
243230 -0.000008
243240 0.000002
243250 0.000002
243260 -0.000002
243270 0.000010
243280 0.000003
243290 0.000001
243300 -0.000003
243310 -0.000000
243320 -0.000004
243330 0.000006
243340 0.000002
243350 0.000004
243360 0.000007
243370 -0.000001
243380 0.000005
243390 -0.000001
243400 -0.000002
243410 0.000000
243420 -0.000002
243430 0.000002
243440 0.000001
243450 -0.000001
243460 0.000001
243470 -0.000000
243480 -0.000004
243490 0.000003
243500 -0.000002
243510 -0.000002
243520 0.000010
243530 -0.000000
243540 0.000008
243550 0.000011
243560 0.000005
243570 -0.000059
243580 -0.000003
243590 -0.000005
243600 0.000007
243610 0.000003
243620 0.000006
243630 -0.000003
243640 -0.000003
243650 0.000005
243660 0.000004
243670 0.000001
243680 -0.000007
243690 0.000001
243700 0.000003
243710 0.000003
243720 -0.000001
243730 -0.000002
243740 -0.000003
243750 -0.000002
243760 -0.000003
243770 0.000004
243780 -0.000000
243790 0.000000
243800 -0.000002
243810 -0.000001
243820 0.000001
243830 0.000003
243840 -0.000003
243850 -0.000005
243860 -0.000001
243870 0.000002
243880 0.000003
243890 -0.000012
243900 0.000002
243910 -0.000001
243920 0.000002
243930 0.000000
243940 0.000004
243950 0.000030
243960 0.000000
243970 0.000002
243980 -0.000001
243990 0.000012
244000 0.000001
244010 -0.000008
244020 0.000003
244030 -0.000002
244040 -0.000003
244050 -0.000000
244060 0.000009
244070 0.000002
244080 -0.000001
244090 0.000006
244100 0.000001
244110 0.000010
244120 0.000008
244130 0.000002
244140 0.000001
244150 0.000010
244160 -0.000001
244170 -0.000002
244180 0.000001
244190 0.000001
244200 -0.000011
244210 0.000001
244220 -0.000001
244230 0.000004
244240 -0.000001
244250 -0.000001
244260 0.000002
244270 0.000003
244280 -0.000001
244290 -0.000018
244300 0.000005
244310 0.000000
244320 0.000000
244330 0.000002
244340 0.000005
244350 -0.000008
244360 -0.000002
244370 -0.000005
244380 0.000001
244390 0.000004
244400 0.000000
244410 -0.000002
244420 -0.000003
244430 0.000007
244440 0.000003
244450 -0.000001
244460 -0.000004
244470 0.000003
244480 0.000002
244490 0.000001
244500 0.000001
244510 -0.000002
244520 -0.000007
244530 0.000006
244540 0.000001
244550 -0.000005
244560 0.000006
244570 -0.000001
244580 0.000002
244590 0.000003
244600 0.000002
244610 0.000008
244620 -0.000001
244630 0.000002
244640 -0.000003
244650 -0.000003
244660 0.000005
244670 -0.000001
244680 0.000002
244690 0.000005
244700 -0.000004
244710 0.000001
244720 -0.000004
244730 -0.000004
244740 0.000000
244750 0.000005
244760 0.000000
244770 -0.000000
244780 0.000002
244790 -0.000003
244800 0.000001
244810 0.000001
244820 -0.000373
244830 -0.000003
244840 -0.000002
244850 0.000003
244860 0.000002
244870 -0.000002
244880 -0.000000
244890 0.000011
244900 -0.000000
244910 0.000003
244920 0.000001
244930 0.000016
244940 0.000011
244950 -0.000003
244960 -0.000013
244970 0.000001
244980 0.000000
244990 0.000004
245000 -0.000002
245010 0.000000
245020 -0.000000
245030 -0.000005
245040 -0.000004
245050 0.000017
245060 0.000003
245070 0.000002
245080 -0.000000
245090 -0.000002
245100 -0.000002
245110 0.000004
245120 -0.000002
245130 0.000006
245140 -0.000003
245150 -0.000000
245160 -0.000000
245170 -0.000008
245180 0.000007
245190 -0.000001
245200 0.000001
245210 0.000005
245220 -0.000000
245230 0.000005
245240 0.000011
245250 0.000005
245260 -0.000007
245270 0.000004
245280 -0.000001
245290 -0.000001
245300 0.000007
245310 0.000009
245320 -0.000001
245330 -0.000002
245340 0.000008
245350 -0.000004
245360 -0.000002
245370 0.000004
245380 0.000003
245390 -0.000008
245400 -0.000002
245410 0.000001
245420 0.000002
245430 -0.000001
245440 -0.000000
245450 -0.000005
245460 -0.000004
245470 -0.000005
245480 -0.000003
245490 0.000004
245500 -0.000001
245510 -0.000010
245520 -0.000002
245530 0.000008
245540 -0.000005
245550 -0.000000
245560 0.000002
245570 -0.000007
245580 0.000009
245590 -0.000009
245600 0.000001
245610 -0.000000
245620 -0.000003
245630 0.000001
245640 0.000008
245650 -0.000004
245660 0.000006
245670 -0.000005
245680 -0.000003
245690 -0.000003
245700 0.000005
245710 0.000003
245720 0.000001
245730 0.000002
245740 -0.000000
245750 0.000004
245760 0.000002
245770 -0.000008
245780 -0.000001
245790 -0.000001
245800 0.000001
245810 0.000004
245820 -0.000003
245830 -0.000000
245840 0.000004
245850 0.000003
245860 -0.000006
245870 -0.000007
245880 0.000010
245890 -0.000011
245900 0.000005
245910 -0.000001
245920 -0.000002
245930 0.000009
245940 -0.000001
245950 0.000002
245960 0.000006
245970 -0.000001
245980 0.000002
245990 0.000005
246000 -0.000005
246010 -0.000001
246020 0.000002
246030 0.000001
246040 -0.000001
246050 -0.000004
246060 0.000003
246070 -0.000003
246080 0.000008
246090 -0.000006
246100 -0.000004
246110 -0.000007
246120 -0.000009
246130 -0.000006
246140 -0.000000
246150 0.000000
246160 -0.000001
246170 0.000003
246180 0.000003
246190 -0.000005
246200 0.000009
246210 -0.000002
246220 -0.000003
246230 0.000006
246240 -0.000002
246250 -0.000001
246260 -0.000003
246270 -0.000002
246280 -0.000002
246290 0.000000
246300 -0.000000
246310 -0.000003
246320 0.000000
246330 -0.000002
246340 -0.000005
246350 -0.000007
246360 0.000007
246370 0.000002
246380 -0.000000
246390 -0.000001
246400 -0.000002
246410 0.000000
246420 -0.000005
246430 -0.000050
246440 -0.000001
246450 -0.000005
246460 -0.000005
246470 -0.000001
246480 -0.000006
246490 0.000004
246500 -0.000002
246510 -0.000004
246520 0.000004
246530 0.000001
246540 0.000002
246550 -0.000015
246560 -0.000000
246570 -0.000003
246580 0.000013
246590 0.000002
246600 0.000004
246610 0.000013
246620 -0.000002
246630 -0.000002
246640 0.000008
246650 -0.000010
246660 0.000002
246670 0.000000
246680 -0.000003
246690 0.000003
246700 0.000006
246710 0.000007
246720 -0.000006
246730 -0.000002
246740 -0.000007
246750 0.000004
246760 -0.000004
246770 0.000006
246780 0.000004
246790 0.000003
246800 -0.000003
246810 -0.000001
246820 0.000007
246830 0.000005
246840 -0.000001
246850 0.000004
246860 0.000003
246870 -0.000005
246880 -0.000001
246890 0.000004
246900 -0.000002
246910 0.000005
246920 0.000003
246930 0.000006
246940 -0.000004
246950 0.000003
246960 -0.000001
246970 -0.000005
246980 0.000002
246990 -0.000006
247000 0.000000
247010 -0.000002
247020 0.000004
247030 0.000007
247040 0.000000
247050 0.000004
247060 -0.000005
247070 -0.000000
247080 0.000013
247090 -0.000002
247100 -0.000001
247110 -0.000003
247120 0.000002
247130 -0.000002
247140 -0.000004
247150 0.000001
247160 -0.000003
247170 0.000004
247180 -0.000005
247190 -0.000005
247200 -0.000004
247210 0.000007
247220 0.000007
247230 0.000001
247240 -0.000001
247250 -0.000001
247260 0.000004
247270 0.000002
247280 0.000001
247290 0.000004
247300 0.000000
247310 -0.000002
247320 0.000006
247330 -0.000003
247340 0.000002
247350 0.000000
247360 0.000002
247370 0.000007
247380 -0.000007
247390 -0.000003
247400 -0.000001
247410 -0.000004
247420 0.000003
247430 0.000002
247440 0.000009
247450 0.000003
247460 0.000004
247470 0.000006
247480 -0.000002
247490 -0.000008
247500 0.000004
247510 0.000001
247520 0.000001
247530 0.000010
247540 0.000007
247550 -0.000005
247560 -0.000005
247570 0.000001
247580 -0.000001
247590 -0.000005
247600 0.000001
247610 -0.000003
247620 0.000006
247630 -0.000004
247640 -0.000014
247650 0.000007
247660 0.000000
247670 0.000001
247680 -0.000003
247690 0.000009
247700 0.000007
247710 0.000004
247720 -0.000002
247730 -0.000007
247740 -0.000010
247750 -0.000000
247760 0.000003
247770 -0.000001
247780 -0.000002
247790 -0.000004
247800 -0.000001
247810 -0.000003
247820 0.000002
247830 0.000003
247840 -0.000003
247850 -0.000001
247860 -0.000001
247870 0.000006
247880 -0.000000
247890 -0.000001
247900 -0.000005
247910 0.000003
247920 0.000001
247930 -0.000008
247940 0.000008
247950 -0.000008
247960 -0.000005
247970 -0.000005
247980 0.000003
247990 0.000002
248000 -0.000002
248010 0.000001
248020 0.000003
248030 -0.000001
248040 0.000004
248050 0.000000
248060 -0.000002
248070 -0.000000
248080 -0.000003
248090 0.000001
248100 -0.000001
248110 0.000003
248120 0.000003
248130 0.000003
248140 0.000003
248150 -0.000011
248160 -0.000002
248170 -0.000002
248180 -0.000001
248190 -0.000009
248200 0.000007
248210 0.000003
248220 -0.000001
248230 0.000002
248240 -0.000004
248250 0.000001
248260 0.000003
248270 -0.000016
248280 -0.000003
248290 -0.000001
248300 0.000000
248310 0.000001
248320 -0.000002
248330 0.000001
248340 -0.000000
248350 0.000006
248360 -0.000012
248370 0.000003
248380 -0.000008
248390 0.000000
248400 -0.000003
248410 0.000001
248420 -0.000004
248430 -0.000003
248440 0.000009
248450 0.000005
248460 0.000001
248470 -0.000002
248480 0.000003
248490 -0.000005
248500 0.000000
248510 -0.000001
248520 0.000003
248530 0.000003
248540 0.000001
248550 0.000001
248560 -0.000008
248570 0.000001
248580 -0.000009
248590 -0.000002
248600 -0.000005
248610 -0.000001
248620 -0.000002
248630 0.000005
248640 0.000008
248650 -0.000002
248660 -0.000007
248670 0.000009
248680 0.000001
248690 0.000004
248700 -0.000006
248710 -0.000004
248720 -0.000002
248730 0.000002
248740 -0.000000
248750 0.000006
248760 -0.000003
248770 0.000000
248780 -0.000000
248790 0.000003
248800 0.000006
248810 -0.000000
248820 -0.000006
248830 -0.000012
248840 0.000011
248850 -0.000003
248860 -0.000002
248870 0.000001
248880 0.000008
248890 -0.000046
248900 -0.000003
248910 -0.000000
248920 -0.000008
248930 -0.000438
248940 0.000008
248950 0.000001
248960 0.000003
248970 -0.000024
248980 -0.000002
248990 -0.000026
249000 -0.000002
249010 0.000006
249020 0.000002
249030 -0.000002
249040 0.000000
249050 0.000007
249060 -0.000001
249070 0.000005
249080 -0.000003
249090 0.000000
249100 -0.000002
249110 0.000003
249120 -0.000003
249130 0.000008
249140 -0.000000
249150 -0.000000
249160 0.000004
249170 0.000004
249180 -0.000003
249190 0.000004
249200 -0.000005
249210 0.000003
249220 -0.000006
249230 -0.000004
249240 0.000015
249250 0.000003
249260 0.000002
249270 -0.000001
249280 0.000004
249290 -0.000000
249300 0.000002
249310 0.000002
249320 0.000009
249330 -0.000001
249340 -0.000007
249350 0.000001
249360 0.000010
249370 -0.000003
249380 0.000005
249390 0.000000
249400 -0.000007
249410 -0.000004
249420 -0.000002
249430 0.000001
249440 -0.000004
249450 0.000009
249460 0.000002
249470 0.000008
249480 -0.000001
249490 -0.000002
249500 -0.000008
249510 -0.000002
249520 -0.000005
249530 -0.000005
249540 -0.000008
249550 -0.000001
249560 -0.000009
249570 0.000001
249580 -0.000006
249590 -0.000006
249600 0.000003
249610 0.000010
249620 0.000007
249630 0.000000
249640 0.000001
249650 0.000004
249660 0.000001
249670 0.000006
249680 0.000002
249690 0.000001
249700 0.000006
249710 -0.000000
249720 -0.000001
249730 -0.000000
249740 -0.000002
249750 -0.000011
249760 -0.000003
249770 -0.000002
249780 0.000003
249790 -0.000002
249800 0.000007
249810 -0.000001
249820 0.000004
249830 0.000008
249840 0.000005
249850 -0.000005
249860 0.000003
249870 -0.000011
249880 0.000004
249890 -0.000004
249900 0.000003
249910 -0.000000
249920 0.000008
249930 -0.000000
249940 0.000001
249950 -0.000001
249960 -0.000008
249970 -0.000005
249980 0.000001
249990 0.000002
250000 0.000002
250010 -0.000001
250020 -0.000003
250030 -0.000004
250040 0.000004
250050 -0.000000
250060 -0.000004
250070 -0.000001
250080 0.000007
250090 0.000000
250100 -0.000006
250110 -0.000002
250120 0.000008
250130 0.000004
250140 -0.000002
250150 0.000010
250160 -0.000008
250170 -0.000009
250180 0.000005
250190 -0.000004
250200 0.000004
250210 -0.000005
250220 0.000005
250230 0.000003
250240 0.000007
250250 0.000001
250260 0.000008
250270 0.000004
250280 0.000002
250290 0.000001
250300 -0.000005
250310 -0.000008
250320 -0.000003
250330 -0.000001
250340 -0.000007
250350 0.000004
250360 0.000002
250370 0.000002
250380 -0.000002
250390 -0.000002
250400 -0.000003
250410 0.000009
250420 -0.000002
250430 -0.000001
250440 0.000003
250450 0.000001
250460 0.000001
250470 0.000005
250480 -0.000003
250490 -0.000007
250500 -0.000002
250510 -0.000001
250520 -0.000017
250530 -0.000001
250540 0.000001
250550 0.000010
250560 -0.000003
250570 -0.000000
250580 0.000002
250590 0.000004
250600 -0.000027
250610 0.000001
250620 -0.000003
250630 -0.000012
250640 -0.000010
250650 0.000014
250660 0.000007
250670 -0.000001
250680 0.000001
250690 0.000000
250700 -0.000002
250710 -0.000003
250720 -0.000000
250730 0.000004
250740 -0.000002
250750 -0.000007
250760 0.000001
250770 -0.000006
250780 0.000002
250790 0.000001
250800 -0.000006
250810 -0.000001
250820 -0.000010
250830 0.000000
250840 -0.000001
250850 0.000002
250860 0.000004
250870 0.000001
250880 -0.000050
250890 0.000003
250900 -0.000001
250910 -0.000000
250920 0.000006
250930 0.000005
250940 0.000012
250950 -0.000004
250960 0.000005
250970 -0.000003
250980 -0.000003
250990 -0.000004
251000 0.000010
251010 0.000004
251020 0.000001
251030 0.000007
251040 -0.000003
251050 0.000001
251060 0.000001
251070 0.000004
251080 0.000001
251090 -0.000001
251100 -0.000004
251110 0.000003
251120 0.000006
251130 -0.000000
251140 -0.000004
251150 -0.000004
251160 -0.000004
251170 -0.000002
251180 0.000004
251190 0.000000
251200 -0.000000
251210 0.000001
251220 0.000001
251230 0.000004
251240 0.000000
251250 -0.000004
251260 0.000000
251270 -0.000003
251280 0.000004
251290 0.000004
251300 0.000006
251310 0.000003
251320 -0.000016
251330 0.000000
251340 -0.000003
251350 -0.000002
251360 0.000001
251370 -0.000003
251380 -0.000001
251390 -0.000008
251400 -0.000002
251410 0.000005
251420 -0.000002
251430 -0.000000
251440 -0.000001
251450 0.000004
251460 -0.000013
251470 0.000001
251480 -0.000003
251490 0.000002
251500 -0.000002
251510 -0.000001
251520 -0.000002
251530 -0.000002
251540 -0.000000
251550 0.000000
251560 0.000002
251570 -0.000003
251580 0.000000
251590 0.000004
251600 0.000005
251610 -0.000005
251620 -0.000010
251630 -0.000001
251640 -0.000002
251650 0.000001
251660 0.000001
251670 0.000005
251680 -0.000000
251690 0.000003
251700 0.000002
251710 -0.000007
251720 0.000001
251730 -0.000002
251740 -0.000008
251750 0.000004
251760 0.000007
251770 0.000016
251780 0.000006
251790 -0.000004
251800 0.000005
251810 -0.000002
251820 0.000000
251830 0.000002
251840 0.000010
251850 -0.000000
251860 -0.000004
251870 -0.000004
251880 -0.000001
251890 -0.000000
251900 0.000001
251910 -0.000006
251920 0.000004
251930 0.000004
251940 0.000008
251950 0.000000
251960 -0.000001
251970 0.000001
251980 0.000009
251990 -0.000002
252000 0.000002
252010 -0.000007
252020 -0.000002
252030 0.000004
252040 0.000012
252050 -0.000019
252060 -0.000014
252070 -0.000002
252080 -0.000002
252090 -0.000000
252100 0.000008
252110 -0.000000
252120 -0.000054
252130 -0.000002
252140 0.000002
252150 0.000007
252160 0.000000
252170 -0.000000
252180 -0.000006
252190 -0.000003
252200 0.000027
252210 -0.000001
252220 -0.000004
252230 0.000000
252240 0.000004
252250 -0.000004
252260 -0.000002
252270 0.000002
252280 -0.000007
252290 0.000002
252300 0.000002
252310 -0.000004
252320 -0.000002
252330 -0.000005
252340 0.000000
252350 0.000001
252360 0.000005
252370 0.000003
252380 0.000007
252390 0.000008
252400 0.000007
252410 -0.000012
252420 -0.000005
252430 0.000013
252440 -0.000001
252450 0.000004
252460 0.000002
252470 0.000001
252480 0.000015
252490 -0.000001
252500 -0.000002
252510 -0.000001
252520 -0.000001
252530 -0.000009
252540 0.000010
252550 -0.000002
252560 -0.000006
252570 -0.000005
252580 0.000003
252590 -0.000045
252600 -0.000010
252610 0.000002
252620 -0.000001
252630 0.000011
252640 -0.000008
252650 0.000003
252660 0.000002
252670 -0.000001
252680 -0.000002
252690 -0.000038
252700 0.000011
252710 -0.000001
252720 -0.000006
252730 0.000004
252740 -0.000002
252750 -0.000000
252760 -0.000002
252770 -0.000002
252780 -0.000001
252790 0.000012
252800 0.000001
252810 0.000004
252820 -0.000000
252830 0.000001
252840 0.000005
252850 0.000000
252860 0.000003
252870 -0.000001
252880 -0.000005
252890 -0.000002
252900 -0.000004
252910 -0.000001
252920 -0.000000
252930 -0.000002
252940 0.000008
252950 -0.000003
252960 -0.000006
252970 0.000021
252980 -0.000001
252990 -0.000002
253000 0.000003
253010 -0.000010
253020 -0.000000
253030 0.000003
253040 0.000012
253050 0.000001
253060 -0.000004
253070 0.000002
253080 0.000007
253090 -0.000005
253100 0.000005
253110 0.000000
253120 0.000009
253130 -0.000002
253140 -0.000003
253150 0.000002
253160 0.000018
253170 0.000001
253180 -0.000002
253190 0.000011
253200 -0.000005
253210 0.000003
253220 0.000003
253230 -0.000002
253240 -0.000003
253250 -0.000004
253260 0.000005
253270 -0.000003
253280 -0.000006
253290 0.000006
253300 0.000010
253310 -0.000003
253320 0.000001
253330 0.000004
253340 0.000003
253350 -0.000002
253360 -0.000001
253370 0.000000
253380 0.000004
253390 -0.000002
253400 -0.000003
253410 -0.000003
253420 -0.000005
253430 0.000002
253440 0.000002
253450 -0.000008
253460 0.000002
253470 0.000002
253480 0.000003
253490 -0.000000
253500 0.000003
253510 -0.000004
253520 0.000005
253530 0.000002
253540 -0.000004
253550 -0.000002
253560 0.000001
253570 -0.000001
253580 -0.000001
253590 0.000002
253600 0.000002
253610 -0.000005
253620 -0.000002
253630 -0.000002
253640 0.000000
253650 -0.000003
253660 0.000001
253670 0.000013
253680 0.000003
253690 -0.000004
253700 -0.000000
253710 0.000001
253720 -0.000003
253730 -0.000006
253740 -0.000001
253750 -0.000001
253760 0.000002
253770 0.000000
253780 -0.000005
253790 -0.000005
253800 0.000003
253810 -0.000003
253820 0.000022
253830 -0.000001
253840 0.000000
253850 -0.000001
253860 0.000005
253870 -0.000006
253880 -0.000003
253890 0.000013
253900 0.000013
253910 0.000001
253920 -0.000003
253930 -0.000010
253940 -0.000001
253950 -0.000003
253960 -0.000000
253970 0.000001
253980 -0.000003
253990 0.000001
254000 -0.000001
254010 -0.000007
254020 -0.000005
254030 -0.000001
254040 -0.000001
254050 0.000001
254060 -0.000004
254070 0.000000
254080 -0.000001
254090 0.000001
254100 0.000006
254110 -0.000001
254120 0.000013
254130 0.000001
254140 -0.000001
254150 0.000003
254160 -0.000001
254170 0.000002
254180 0.000002
254190 0.000001
254200 -0.000000
254210 -0.000003
254220 -0.000006
254230 0.000002
254240 -0.000006
254250 -0.000004
254260 -0.000007
254270 -0.000002
254280 0.000002
254290 0.000003
254300 -0.000006
254310 -0.000002
254320 0.000006
254330 -0.000005
254340 0.000001
254350 0.000002
254360 0.000007
254370 0.000006
254380 -0.000002
254390 -0.000002
254400 0.000002
254410 0.000001
254420 0.000004
254430 -0.000002
254440 0.000001
254450 0.000001
254460 0.000003
254470 0.000000
254480 0.000005
254490 -0.000003
254500 0.000005
254510 -0.000001
254520 0.000008
254530 -0.000004
254540 0.000000
254550 0.000001
254560 -0.000020
254570 -0.000002
254580 0.000000
254590 0.000010
254600 0.000000
254610 0.000004
254620 0.000001
254630 -0.000003
254640 0.000005
254650 0.000006
254660 -0.000014
254670 -0.000005
254680 0.000003
254690 0.000001
254700 0.000001
254710 0.000002
254720 0.000001
254730 0.000004
254740 0.000001
254750 -0.000003
254760 -0.000013
254770 0.000011
254780 0.000108
254790 -0.000005
254800 0.000007
254810 -0.000001
254820 0.000003
254830 -0.000006
254840 -0.000000
254850 -0.000001
254860 0.000002
254870 -0.000005
254880 0.000007
254890 0.000009
254900 0.000005
254910 0.000002
254920 0.000002
254930 -0.000002
254940 0.000002
254950 0.000001
254960 0.000000
254970 0.000000
254980 0.000003
254990 0.000009
255000 -0.000005
255010 -0.000000
255020 0.000002
255030 -0.000002
255040 0.000008
255050 0.000010
255060 0.000000
255070 0.000002
255080 0.000010
255090 0.000003
255100 -0.000016
255110 0.000002
255120 0.000004
255130 0.000004
255140 -0.000008
255150 -0.000002
255160 -0.000007
255170 0.000001
255180 0.000002
255190 0.000004
255200 0.000003
255210 0.000012
255220 0.000039
255230 -0.000002
255240 0.000005
255250 -0.000004
255260 -0.000008
255270 0.000002
255280 -0.000012
255290 0.000003
255300 0.000004
255310 0.000027
255320 -0.000005
255330 -0.000004
255340 0.000004
255350 -0.000003
255360 -0.000032
255370 -0.000001
255380 0.000005
255390 0.000004
255400 -0.000011
255410 0.000010
255420 0.000001
255430 0.000001
255440 0.000004
255450 0.000000
255460 0.000002
255470 0.000001
255480 -0.000005
255490 0.000005
255500 0.000001
255510 -0.000005
255520 0.000006
255530 0.000004
255540 -0.000001
255550 0.000005
255560 -0.000000
255570 0.000003
255580 -0.000001
255590 -0.000003
255600 0.000004
255610 -0.000002
255620 -0.000003
255630 0.000002
255640 -0.000004
255650 -0.000000
255660 -0.000000
255670 -0.000001
255680 -0.000008
255690 0.000015
255700 -0.000005
255710 -0.000006
255720 -0.000000
255730 -0.000004
255740 -0.000002
255750 -0.000000
255760 0.000004
255770 -0.000000
255780 0.000001
255790 -0.000002
255800 0.000003
255810 -0.000004
255820 -0.000004
255830 -0.000000
255840 0.000002
255850 0.000001
255860 -0.000006
255870 0.000006
255880 -0.000003
255890 -0.000004
255900 0.000000
255910 -0.000006
255920 -0.000008
255930 -0.000002
255940 -0.000010
255950 -0.000000
255960 -0.000002
255970 -0.000003
255980 0.000002
255990 -0.000011
256000 0.000005
256010 0.000001
256020 0.000001
256030 -0.000009
256040 0.000002
256050 0.000003
256060 0.000002
256070 0.000007
256080 -0.000007
256090 -0.000009
256100 -0.000003
256110 -0.000002
256120 0.000008
256130 -0.000002
256140 -0.000002
256150 0.000004
256160 0.000004
256170 0.000001
256180 -0.000004
256190 -0.000004
256200 0.000000
256210 -0.000000
256220 0.000001
256230 -0.000003
256240 0.000004
256250 -0.000008
256260 0.000005
256270 0.000040
256280 -0.000001
256290 -0.000001
256300 -0.000001
256310 0.000006
256320 -0.000004
256330 0.000004
256340 0.000006
256350 -0.000005
256360 -0.000007
256370 -0.000001
256380 -0.000001
256390 -0.000001
256400 -0.000001
256410 0.000003
256420 0.000002
256430 0.000005
256440 0.000000
256450 0.000004
256460 0.000002
256470 0.000001
256480 -0.000001
256490 0.000005
256500 0.000123
256510 0.000007
256520 0.000006
256530 0.000001
256540 -0.000009
256550 0.000000
256560 -0.000002
256570 0.000008
256580 0.000002
256590 0.000000
256600 0.000002
256610 -0.000001
256620 -0.000003
256630 -0.000005
256640 -0.000005
256650 0.000002
256660 -0.000006
256670 0.000007
256680 0.000003
256690 0.000002
256700 0.000005
256710 -0.000002
256720 0.000002
256730 -0.000003
256740 0.000003
256750 -0.000003
256760 -0.000000
256770 0.000038
256780 -0.000005
256790 -0.000012
256800 -0.000002
256810 0.000001
256820 0.000002
256830 -0.000005
256840 0.000002
256850 -0.000001
256860 -0.000003
256870 0.000002
256880 -0.000002
256890 0.000012
256900 -0.000003
256910 -0.000003
256920 -0.000002
256930 0.000002
256940 -0.000006
256950 -0.000004
256960 -0.000007
256970 -0.000005
256980 0.000003
256990 0.000000
257000 -0.000007
257010 0.000005
257020 0.000012
257030 0.000003
257040 -0.000001
257050 0.000000
257060 0.000005
257070 0.000006
257080 0.000003
257090 -0.000001
257100 -0.000002
257110 -0.000003
257120 0.000005
257130 0.000009
257140 -0.000007
257150 0.000000
257160 0.000003
257170 0.000010
257180 -0.000004
257190 0.000004
257200 -0.000001
257210 0.000002
257220 0.000001
257230 -0.000003
257240 0.000009
257250 0.000003
257260 0.000068
257270 0.000000
257280 0.000001
257290 0.000004
257300 0.000013
257310 0.000002
257320 0.000012
257330 -0.000004
257340 0.000001
257350 0.000000
257360 -0.000000
257370 0.000003
257380 0.000002
257390 0.000004
257400 -0.000005
257410 -0.000000
257420 0.000006
257430 -0.000010
257440 -0.000002
257450 -0.000004
257460 -0.000008
257470 0.000003
257480 0.000000
257490 -0.000003
257500 0.000003
257510 0.000004
257520 0.000003
257530 -0.000003
257540 0.000001
257550 0.000003
257560 0.000005
257570 -0.000000
257580 0.000013
257590 -0.000005
257600 0.000002
257610 0.000003
257620 -0.000002
257630 0.000002
257640 -0.000001
257650 -0.000002
257660 -0.000002
257670 -0.000007
257680 0.000004
257690 0.000006
257700 -0.000006
257710 -0.000005
257720 0.000004
257730 0.000009
257740 -0.000005
257750 -0.000002
257760 -0.000002
257770 -0.000013
257780 -0.000005
257790 0.000004
257800 0.000006
257810 0.000001
257820 -0.000002
257830 0.000001
257840 -0.000002
257850 0.000002
257860 -0.000006
257870 0.000000
257880 0.000001
257890 0.000006
257900 0.000005
257910 -0.000003
257920 0.000002
257930 -0.000003
257940 0.000005
257950 -0.000000
257960 0.000001
257970 -0.000005
257980 0.000002
257990 -0.000004
258000 -0.000000
258010 0.000005
258020 0.000002
258030 -0.000004
258040 0.000003
258050 0.000000
258060 0.000006
258070 -0.000001
258080 -0.000005
258090 0.000001
258100 0.000003
258110 0.000006
258120 -0.000001
258130 0.000004
258140 -0.000010
258150 -0.000000
258160 -0.000003
258170 -0.000001
258180 -0.000008
258190 -0.000004
258200 0.000000
258210 -0.000003
258220 0.000002
258230 0.000006
258240 -0.000002
258250 0.000001
258260 -0.000002
258270 0.000030
258280 0.000001
258290 -0.000010
258300 -0.000006
258310 0.000003
258320 0.000002
258330 -0.000000
258340 -0.000000
258350 -0.000002
258360 -0.000003
258370 0.000001
258380 0.000005
258390 0.000019
258400 -0.000002
258410 -0.000002
258420 -0.000006
258430 -0.000002
258440 -0.000004
258450 -0.000002
258460 0.000002
258470 0.000009
258480 0.000001
258490 0.000003
258500 0.000011
258510 -0.000003
258520 0.000004
258530 0.000006
258540 0.000002
258550 0.000001
258560 -0.000010
258570 0.000004
258580 0.000004
258590 -0.000007
258600 0.000001
258610 -0.000007
258620 0.000005
258630 -0.000001
258640 0.000001
258650 0.000001
258660 0.000003
258670 -0.000000
258680 0.000005
258690 0.000003
258700 0.000003
258710 -0.000007
258720 0.000000
258730 0.000000
258740 -0.000000
258750 0.000000
258760 -0.000000
258770 0.000001
258780 0.000006
258790 0.000000
258800 -0.000000
258810 0.000004
258820 0.000008
258830 0.000001
258840 0.000001
258850 0.000003
258860 0.000000
258870 0.000006
258880 0.000008
258890 -0.000001
258900 -0.000003
258910 -0.000003
258920 0.000004
258930 0.000002
258940 -0.000000
258950 0.000003
258960 0.000003
258970 0.000004
258980 0.000004
258990 0.000002
259000 -0.000002
259010 0.000002
259020 -0.000138
259030 -0.000007
259040 0.000001
259050 -0.000005
259060 -0.000007
259070 -0.000001
259080 -0.000002
259090 -0.000002
259100 0.000001
259110 0.000006
259120 0.000010
259130 0.000003
259140 -0.000001
259150 -0.000003
259160 0.000002
259170 -0.000008
259180 0.000005
259190 -0.000005
259200 0.000003
259210 0.000001
259220 -0.000002
259230 0.000009
259240 -0.000004
259250 -0.000000
259260 0.000001
259270 -0.000007
259280 -0.000001
259290 -0.000002
259300 -0.000007
259310 0.000005
259320 0.000001
259330 -0.000000
259340 0.000007
259350 -0.000004
259360 -0.000017
259370 -0.000002
259380 0.000000
259390 -0.000007
259400 -0.000001
259410 0.000004
259420 0.000001
259430 -0.000002
259440 -0.000002
259450 -0.000003
259460 0.000001
259470 0.000011
259480 0.000005
259490 0.000004
259500 0.000004
259510 0.000002
259520 -0.000002
259530 -0.000006
259540 -0.000006
259550 -0.000002
259560 -0.000005
259570 -0.000004
259580 0.000002
259590 0.000007
259600 -0.000002
259610 0.000004
259620 -0.000002
259630 -0.000000
259640 -0.000000
259650 0.000011
259660 -0.000000
259670 0.000000
259680 -0.000001
259690 -0.000000
259700 0.000002
259710 -0.000001
259720 -0.000004
259730 0.000003
259740 -0.000000
259750 0.000006
259760 0.000004
259770 0.000006
259780 -0.000001
259790 -0.000002
259800 0.000003
259810 0.000004
259820 0.000042
259830 0.000002
259840 -0.000002
259850 0.000004
259860 0.000003
259870 0.000004
259880 0.000001
259890 -0.000002
259900 0.000002
259910 0.000002
259920 -0.000004
259930 0.000010
259940 -0.000004
259950 0.000001
259960 0.000002
259970 0.000002
259980 -0.000006
259990 -0.000003
260000 0.000004
260010 -0.000002
260020 0.000004
260030 0.000003
260040 0.000002
260050 0.000000
260060 0.000001
260070 0.000001
260080 -0.000001
260090 0.000006
260100 0.000002
260110 0.000009
260120 -0.000022
260130 -0.000003
260140 0.000000
260150 0.000002
260160 -0.000000
260170 -0.000003
260180 0.000003
260190 0.000003
260200 0.000001
260210 0.000001
260220 -0.000001
260230 0.000000
260240 -0.000002
260250 0.000001
260260 0.000000
260270 0.000005
260280 0.000004
260290 0.000002
260300 -0.000001
260310 -0.000001
260320 0.000003
260330 0.000002
260340 0.000013
260350 0.000005
260360 -0.000003
260370 -0.000014
260380 -0.000140
260390 -0.000004
260400 -0.000005
260410 0.000005
260420 -0.000002
260430 -0.000004
260440 0.000022
260450 0.000006
260460 0.000005
260470 0.000002
260480 0.000001
260490 -0.000013
260500 -0.000026
260510 -0.000001
260520 0.000000
260530 -0.000000
260540 0.000006
260550 0.000000
260560 0.000003
260570 0.000009
260580 0.000002
260590 -0.000002
260600 0.000001
260610 0.000002
260620 -0.000001
260630 0.000008
260640 0.000001
260650 -0.000003
260660 0.000002
260670 -0.000006
260680 -0.000004
260690 -0.000009
260700 0.000000
260710 -0.000015
260720 0.000005
260730 0.000000
260740 -0.000000
260750 -0.000004
260760 0.000005
260770 -0.000007
260780 0.000004
260790 -0.000012
260800 0.000000
260810 -0.000006
260820 -0.000013
260830 0.000005
260840 -0.000001
260850 0.000002
260860 -0.000007
260870 0.000003
260880 -0.000000
260890 -0.000001
260900 -0.000004
260910 -0.000001
260920 0.000001
260930 -0.000004
260940 0.000000
260950 0.000003
260960 -0.000001
260970 0.000014
260980 -0.000006
260990 0.000000
261000 0.000001
261010 0.000001
261020 -0.000001
261030 -0.000005
261040 0.000000
261050 0.000001
261060 0.000002
261070 0.000012
261080 0.000010
261090 0.000007
261100 0.000005
261110 0.000024
261120 -0.000003
261130 0.000000
261140 0.000005
261150 0.000001
261160 0.000003
261170 0.000002
261180 0.000002
261190 0.000002
261200 0.000003
261210 0.000005
261220 -0.000002
261230 0.000009
261240 -0.000002
261250 0.000001
261260 0.000004
261270 -0.000005
261280 0.000002
261290 -0.000004
261300 -0.000006
261310 0.000010
261320 0.000003
261330 -0.000000
261340 -0.000009
261350 -0.000001
261360 -0.000033
261370 -0.000001
261380 0.000001
261390 0.000001
261400 0.000005
261410 -0.000074
261420 -0.000011
261430 -0.000012
261440 0.000007
261450 0.000005
261460 0.000008
261470 0.000001
261480 -0.000001
261490 0.000003
261500 -0.000004
261510 -0.000010
261520 -0.000002
261530 0.000000
261540 0.000002
261550 -0.000005
261560 0.000001
261570 0.000005
261580 0.000004
261590 -0.000007
261600 0.000007
261610 0.000005
261620 -0.000002
261630 -0.000007
261640 -0.000003
261650 -0.000000
261660 0.000001
261670 -0.000001
261680 -0.000001
261690 0.000004
261700 -0.000001
261710 0.000006
261720 0.000007
261730 -0.000002
261740 0.000018
261750 -0.000004
261760 0.000005
261770 -0.000000
261780 0.000004
261790 -0.000003
261800 -0.000003
261810 -0.000000
261820 -0.000001
261830 -0.000003
261840 0.000006
261850 0.000000
261860 0.000003
261870 -0.000015
261880 -0.000002
261890 -0.000002
261900 0.000000
261910 0.000001
261920 -0.000003
261930 -0.000004
261940 0.000009
261950 -0.000007
261960 0.000008
261970 0.000001
261980 0.000003
261990 -0.000009
262000 0.000021
262010 0.000007
262020 0.000004
262030 0.000004
262040 0.000000
262050 0.000000
262060 0.000007
262070 0.000011
262080 -0.000001
262090 0.000006
262100 -0.000009
262110 -0.000001
262120 0.000010
262130 0.000001
262140 -0.000001
262150 -0.000000
262160 0.000003
262170 0.000005
262180 -0.000013
262190 -0.000008
262200 0.000003
262210 -0.000002
262220 0.000003
262230 -0.000008
262240 -0.000001
262250 -0.000003
262260 -0.000000
262270 -0.000003
262280 -0.000000
262290 -0.000002
262300 -0.000004
262310 -0.000004
262320 -0.000001
262330 0.000001
262340 0.000004
262350 -0.000006
262360 -0.000001
262370 0.000001
262380 0.000002
262390 -0.000001
262400 0.000002
262410 0.000428
262420 -0.000010
262430 0.000004
262440 -0.000004
262450 -0.000001
262460 0.000002
262470 -0.000001
262480 0.000003
262490 -0.000002
262500 -0.000006
262510 0.000001
262520 -0.000004
262530 0.000005
262540 -0.000002
262550 0.000001
262560 -0.000001
262570 0.000001
262580 -0.000002
262590 -0.000012
262600 0.000002
262610 0.000008
262620 0.000009
262630 -0.000001
262640 0.000004
262650 -0.000001
262660 -0.000006
262670 0.000000
262680 -0.000001
262690 0.000006
262700 -0.000003
262710 -0.000012
262720 -0.000000
262730 -0.000003
262740 0.000003
262750 -0.000002
262760 -0.000003
262770 0.000004
262780 0.000012
262790 -0.000002
262800 0.000003
262810 -0.000006
262820 -0.000270
262830 -0.000007
262840 0.000000
262850 -0.000000
262860 -0.000004
262870 -0.000001
262880 0.000003
262890 -0.000002
262900 0.000002
262910 0.000007
262920 -0.000011
262930 -0.000002
262940 -0.000001
262950 -0.000006
262960 -0.000000
262970 -0.000000
262980 -0.000002
262990 -0.000000
263000 -0.000004
263010 -0.000006
263020 -0.000001
263030 0.000005
263040 -0.000003
263050 -0.000004
263060 0.000016
263070 -0.000001
263080 -0.000003
263090 0.000002
263100 -0.000010
263110 0.000003
263120 -0.000000
263130 -0.000003
263140 0.000005
263150 0.000007
263160 0.000008
263170 0.000002
263180 0.000005
263190 -0.000004
263200 0.000013
263210 -0.000001
263220 -0.000007
263230 -0.000010
263240 -0.000010
263250 -0.000002
263260 -0.000000
263270 0.000011
263280 -0.000000
263290 0.000001
263300 0.000014
263310 0.000002
263320 0.000001
263330 0.000001
263340 -0.000007
263350 -0.000001
263360 -0.000003
263370 -0.000000
263380 0.000022
263390 -0.000007
263400 0.000000
263410 -0.000003
263420 -0.000000
263430 0.000002
263440 -0.000007
263450 0.000003
263460 -0.000004
263470 0.000010
263480 -0.000034
263490 0.000009
263500 -0.000002
263510 0.000004
263520 -0.000003
263530 -0.000000
263540 0.000000
263550 -0.000002
263560 0.000008
263570 0.000006
263580 0.000009
263590 0.000001
263600 -0.000002
263610 0.000000
263620 -0.000004
263630 0.000009
263640 0.000000
263650 -0.000001
263660 -0.000002
263670 0.000000
263680 -0.000001
263690 0.000006
263700 0.000002
263710 -0.000004
263720 -0.000001
263730 0.000002
263740 0.000002
263750 -0.000004
263760 0.000002
263770 0.000012
263780 0.000005
263790 0.000007
263800 -0.000006
263810 0.000002
263820 -0.000001
263830 0.000009
263840 0.000001
263850 -0.000003
263860 0.000001
263870 0.000001
263880 0.000004
263890 -0.000000
263900 -0.000001
263910 0.000002
263920 -0.000002
263930 -0.000001
263940 -0.000002
263950 0.000001
263960 0.000000
263970 0.000006
263980 -0.000004
263990 0.000005
264000 -0.000001
264010 -0.000002
264020 -0.000003
264030 0.000007
264040 -0.000000
264050 -0.000004
264060 -0.000001
264070 -0.000006
264080 -0.000008
264090 -0.000002
264100 -0.000012
264110 0.000004
264120 0.000019
264130 0.000003
264140 -0.000005
264150 0.000000
264160 0.000009
264170 0.000005
264180 -0.000011
264190 -0.000001
264200 0.000008
264210 -0.000003
264220 0.000000
264230 0.000006
264240 0.000000
264250 -0.000004
264260 0.000000
264270 0.000002
264280 -0.000003
264290 -0.000002
264300 0.000000
264310 0.000001
264320 0.000405
264330 0.000004
264340 0.000003
264350 0.000002
264360 0.000001
264370 -0.000023
264380 -0.000002
264390 0.000001
264400 0.000001
264410 -0.000002
264420 -0.000010
264430 0.000004
264440 -0.000003
264450 -0.000004
264460 0.000006
264470 0.000002
264480 -0.000001
264490 -0.000003
264500 0.000005
264510 0.000001
264520 0.000006
264530 0.000000
264540 0.000001
264550 -0.000003
264560 -0.000001
264570 0.000004
264580 -0.000002
264590 -0.000001
264600 0.000000
264610 -0.000010
264620 0.000010
264630 0.000005
264640 0.000001
264650 -0.000004
264660 -0.000006
264670 0.000009
264680 0.000003
264690 0.000004
264700 -0.000000
264710 0.000007
264720 0.000001
264730 -0.000003
264740 0.000001
264750 -0.000013
264760 0.000006
264770 0.000010
264780 -0.000009
264790 -0.000001
264800 0.000002
264810 -0.000005
264820 -0.000004
264830 0.000000
264840 -0.000002
264850 0.000001
264860 0.000003
264870 -0.000002
264880 -0.000002
264890 0.000001
264900 -0.000005
264910 -0.000002
264920 0.000008
264930 0.000015
264940 -0.000003
264950 0.000001
264960 0.000003
264970 0.000012
264980 0.000002
264990 -0.000000
265000 -0.000004
265010 0.000007
265020 0.000004
265030 0.000006
265040 -0.000002
265050 0.000003
265060 -0.000021
265070 -0.000002
265080 0.000000
265090 -0.000003
265100 0.000004
265110 -0.000001
265120 -0.000005
265130 -0.000011
265140 -0.000002
265150 -0.000000
265160 0.000002
265170 0.000004
265180 -0.000004
265190 -0.000045
265200 0.000002
265210 0.000001
265220 0.000004
265230 0.000005
265240 0.000004
265250 0.000002
265260 -0.000001
265270 -0.000004
265280 0.000006
265290 0.000004
265300 -0.000027
265310 0.000008
265320 -0.000004
265330 0.000001
265340 0.000005
265350 0.000002
265360 -0.000000
265370 -0.000001
265380 0.000003
265390 0.000003
265400 -0.000006
265410 0.000005
265420 0.000000
265430 0.000004
265440 0.000003
265450 -0.000004
265460 -0.000000
265470 -0.000001
265480 -0.000002
265490 0.000008
265500 0.000001
265510 0.000002
265520 0.000001
265530 0.000002
265540 -0.000000
265550 -0.000007
265560 0.000004
265570 -0.000000
265580 0.000001
265590 -0.000002
265600 -0.000004
265610 0.000006
265620 -0.000001
265630 0.000008
265640 0.000004
265650 0.000001
265660 -0.000002
265670 -0.000002
265680 -0.000001
265690 -0.000001
265700 -0.000001
265710 0.000003
265720 0.000006
265730 -0.000002
265740 0.000001
265750 0.000004
265760 -0.000001
265770 -0.000008
265780 -0.000001
265790 0.000003
265800 0.000005
265810 0.000002
265820 0.000001
265830 0.000007
265840 -0.000004
265850 0.000003
265860 0.000002
265870 -0.000000
265880 0.000003
265890 -0.000008
265900 0.000000
265910 0.000003
265920 -0.000003
265930 -0.000003
265940 0.000006
265950 -0.000004
265960 0.000005
265970 0.000004
265980 -0.000004
265990 -0.000003
266000 0.000001
266010 0.000003
266020 0.000072
266030 0.000005
266040 0.000002
266050 -0.000004
266060 0.000003
266070 0.000000
266080 -0.000001
266090 -0.000005
266100 -0.000001
266110 0.000004
266120 0.000003
266130 0.000001
266140 0.000001
266150 -0.000011
266160 0.000002
266170 0.000003
266180 -0.000002
266190 -0.000003
266200 -0.000008
266210 0.000004
266220 -0.000002
266230 -0.000005
266240 0.000002
266250 0.000004
266260 -0.000008
266270 0.000001
266280 -0.000003
266290 -0.000004
266300 -0.000003
266310 -0.000006
266320 0.000006
266330 0.000001
266340 0.000007
266350 0.000004
266360 0.000000
266370 -0.000001
266380 -0.000006
266390 -0.000009
266400 -0.000002
266410 -0.000000
266420 0.000000
266430 -0.000003
266440 0.000000
266450 -0.000001
266460 0.000001
266470 -0.000009
266480 0.000001
266490 -0.000004
266500 0.000001
266510 0.000004
266520 0.000002
266530 0.000007
266540 -0.000000
266550 0.000005
266560 0.000001
266570 -0.000006
266580 0.000019
266590 0.000006
266600 0.000006
266610 -0.000004
266620 0.000000
266630 -0.000004
266640 -0.000002
266650 -0.000003
266660 -0.000004
266670 -0.000005
266680 0.000007
266690 0.000009
266700 0.000000
266710 -0.000006
266720 -0.000000
266730 -0.000003
266740 0.000001
266750 -0.000003
266760 -0.000002
266770 -0.000002
266780 0.000003
266790 0.000001
266800 -0.000003
266810 0.000006
266820 0.000000
266830 -0.000001
266840 0.000003
266850 0.000001
266860 0.000004
266870 -0.000003
266880 -0.000002
266890 0.000001
266900 0.000010
266910 0.000005
266920 -0.000005
266930 0.000006
266940 -0.000005
266950 0.000020
266960 0.000004
266970 -0.000004
266980 -0.000022
266990 -0.000001
267000 -0.000007
267010 0.000004
267020 0.000020
267030 -0.000003
267040 0.000008
267050 0.000003
267060 0.000001
267070 0.000003
267080 0.000003
267090 0.000005
267100 -0.000001
267110 0.000004
267120 0.000035
267130 -0.000001
267140 0.000002
267150 0.000005
267160 0.000004
267170 0.000010
267180 0.000002
267190 0.000007
267200 0.000001
267210 -0.000000
267220 -0.000004
267230 0.000003
267240 0.000006
267250 0.000005
267260 0.000002
267270 0.000002
267280 -0.000003
267290 0.000010
267300 0.000002
267310 -0.000001
267320 -0.000002
267330 0.000000
267340 -0.000001
267350 0.000008
267360 0.000000
267370 0.000002
267380 -0.000007
267390 -0.000002
267400 -0.000003
267410 0.000002
267420 -0.000004
267430 -0.000004
267440 0.000001
267450 0.000003
267460 0.000008
267470 -0.000001
267480 -0.000003
267490 0.000008
267500 0.000005
267510 -0.000004
267520 -0.000004
267530 -0.000001
267540 0.000003
267550 0.000002
267560 -0.000001
267570 0.000003
267580 0.000005
267590 0.000001
267600 0.000002
267610 0.000002
267620 0.000000
267630 -0.000006
267640 -0.000003
267650 0.000001
267660 -0.000001
267670 -0.000006
267680 0.000003
267690 -0.000003
267700 0.000002
267710 0.000201
267720 0.000004
267730 -0.000005
267740 0.000004
267750 -0.000010
267760 -0.000001
267770 0.000157
267780 0.000008
267790 -0.000004
267800 -0.000005
267810 0.000003
267820 0.000002
267830 0.000001
267840 0.000001
267850 0.000001
267860 -0.000004
267870 0.000009
267880 -0.000011
267890 -0.000004
267900 0.000004
267910 0.000001
267920 -0.000000
267930 0.000001
267940 0.000003
267950 -0.000000
267960 0.000001
267970 -0.000002
267980 0.000003
267990 0.000004
268000 0.000001
268010 -0.000002
268020 0.000002
268030 -0.000003
268040 0.000004
268050 0.000002
268060 0.000010
268070 0.000004
268080 0.000002
268090 -0.000000
268100 0.000000
268110 0.000007
268120 0.000014
268130 0.000003
268140 0.000004
268150 0.000003
268160 -0.000003
268170 0.000002
268180 0.000000
268190 0.000006
268200 -0.000003
268210 -0.000000
268220 -0.000003
268230 -0.000001
268240 -0.000001
268250 0.000001
268260 -0.000006
268270 -0.000001
268280 0.000003
268290 -0.000011
268300 -0.000000
268310 -0.000001
268320 -0.000010
268330 -0.000006
268340 -0.000000
268350 -0.000002
268360 -0.000003
268370 0.000001
268380 -0.000000
268390 -0.000003
268400 0.000002
268410 -0.000006
268420 -0.000004
268430 -0.000003
268440 0.000002
268450 0.000002
268460 0.000006
268470 -0.000001
268480 0.000006
268490 -0.000000
268500 0.000001
268510 0.000003
268520 -0.000000
268530 0.000005
268540 -0.000002
268550 -0.000000
268560 -0.000009
268570 -0.000005
268580 0.000005
268590 0.000001
268600 0.000008
268610 0.000000
268620 -0.000003
268630 -0.000002
268640 0.000003
268650 -0.000001
268660 0.000002
268670 0.000006
268680 0.000005
268690 -0.000003
268700 -0.000001
268710 0.000004
268720 0.000007
268730 0.000002
268740 -0.000000
268750 -0.000002
268760 0.000001
268770 0.000002
268780 0.000013
268790 -0.000005
268800 -0.000003
268810 -0.000001
268820 -0.000002
268830 -0.000003
268840 0.000001
268850 0.000001
268860 0.000004
268870 -0.000000
268880 -0.000003
268890 -0.000008
268900 0.000002
268910 -0.000004
268920 0.000003
268930 0.000002
268940 -0.000003
268950 -0.000002
268960 0.000007
268970 -0.000005
268980 0.000004
268990 -0.000005
269000 -0.000001
269010 0.000012
269020 -0.000001
269030 -0.000013
269040 0.000001
269050 0.000003
269060 0.000002
269070 -0.000008
269080 -0.000002
269090 -0.000001
269100 -0.000012
269110 -0.000010
269120 -0.000006
269130 0.000001
269140 0.000007
269150 -0.000001
269160 0.000001
269170 -0.000001
269180 0.000007
269190 -0.000003
269200 -0.000006
269210 -0.000002
269220 -0.000001
269230 0.000000
269240 0.000008
269250 -0.000002
269260 -0.000012
269270 0.000005
269280 0.000009
269290 -0.000004
269300 0.000000
269310 0.000003
269320 -0.000003
269330 0.000006
269340 -0.000000
269350 0.000002
269360 -0.000007
269370 -0.000001
269380 0.000007
269390 0.000000
269400 -0.000003
269410 -0.000004
269420 0.000001
269430 0.000003
269440 -0.000003
269450 0.000003
269460 0.000001
269470 0.000001
269480 0.000003
269490 -0.000004
269500 0.000012
269510 -0.000015
269520 -0.000001
269530 -0.000003
269540 0.000009
269550 0.000005
269560 0.000002
269570 0.000008
269580 -0.000005
269590 0.000002
269600 0.000005
269610 -0.000005
269620 0.000002
269630 0.000006
269640 0.000010
269650 0.000005
269660 0.000013
269670 -0.000001
269680 -0.000007
269690 0.000002
269700 0.000004
269710 -0.000005
269720 -0.000002
269730 0.000003
269740 0.000009
269750 0.000008
269760 0.000003
269770 -0.000001
269780 -0.000003
269790 0.000000
269800 0.000005
269810 -0.000007
269820 -0.000001
269830 0.000002
269840 0.000000
269850 -0.000005
269860 -0.000000
269870 0.000008
269880 -0.000003
269890 -0.000001
269900 0.000000
269910 -0.000007
269920 -0.000006
269930 -0.000003
269940 -0.000000
269950 0.000001
269960 0.000008
269970 -0.000002
269980 -0.000000
269990 -0.000002
270000 -0.000001
270010 -0.000002
270020 0.000005
270030 -0.000000
270040 0.000002
270050 0.000002
270060 0.000000
270070 -0.000002
270080 0.000003
270090 -0.000000
270100 -0.000003
270110 -0.000006
270120 0.000003
270130 0.000003
270140 -0.000000
270150 -0.000003
270160 -0.000001
270170 0.000009
270180 -0.000000
270190 0.000002
270200 0.000000
270210 -0.000001
270220 0.000006
270230 0.000030
270240 0.000001
270250 -0.000007
270260 -0.000002
270270 -0.000002
270280 0.000003
270290 0.000004
270300 0.000004
270310 -0.000001
270320 0.000008
270330 0.000003
270340 0.000002
270350 -0.000000
270360 -0.000007
270370 -0.000005
270380 0.000005
270390 0.000003
270400 -0.000002
270410 0.000001
270420 0.000005
270430 0.000000
270440 -0.000013
270450 -0.000001
270460 -0.000000
270470 -0.000010
270480 0.000002
270490 -0.000008
270500 0.000007
270510 -0.000001
270520 -0.000006
270530 -0.000001
270540 -0.000001
270550 -0.000000
270560 0.000005
270570 0.000003
270580 0.000004
270590 -0.000005
270600 -0.000001
270610 0.000000
270620 -0.000003
270630 0.000005
270640 0.000015
270650 0.000003
270660 -0.000014
270670 -0.000003
270680 -0.000000
270690 -0.000000
270700 -0.000004
270710 -0.000004
270720 0.000001
270730 -0.000002
270740 -0.000002
270750 -0.000002
270760 0.000005
270770 0.000006
270780 0.000001
270790 -0.000001
270800 0.000004
270810 -0.000001
270820 -0.000009
270830 -0.000002
270840 0.000004
270850 0.000003
270860 -0.000004
270870 -0.000001
270880 -0.000003
270890 0.000003
270900 -0.000001
270910 0.000007
270920 0.000001
270930 0.000001
270940 0.000002
270950 0.000002
270960 -0.000001
270970 -0.000002
270980 -0.000000
270990 0.000002
271000 -0.000009
271010 0.000001
271020 -0.000001
271030 0.000002
271040 -0.000001
271050 0.000005
271060 0.000003
271070 0.000002
271080 -0.000001
271090 -0.000000
271100 -0.000000
271110 0.000000
271120 -0.000000
271130 -0.000004
271140 -0.000003
271150 -0.000009
271160 -0.000007
271170 -0.000003
271180 -0.000001
271190 -0.000005
271200 -0.000001
271210 0.000001
271220 0.000000
271230 0.000147
271240 0.000009
271250 -0.000000
271260 -0.000005
271270 0.000006
271280 0.000001
271290 0.000002
271300 0.000001
271310 -0.000006
271320 0.000002
271330 0.000001
271340 0.000001
271350 -0.000002
271360 0.000008
271370 0.000006
271380 -0.000000
271390 -0.000013
271400 -0.000002
271410 0.000002
271420 0.000000
271430 -0.000005
271440 0.000003
271450 0.000001
271460 0.000006
271470 -0.000002
271480 -0.000001
271490 -0.000000
271500 0.000002
271510 -0.000002
271520 -0.000002
271530 -0.000003
271540 0.000001
271550 0.000007
271560 0.000015
271570 0.000003
271580 0.000003
271590 0.000002
271600 -0.000001
271610 0.000003
271620 0.000004
271630 -0.000008
271640 -0.000002
271650 -0.000000
271660 -0.000000
271670 0.000001
271680 -0.000008
271690 0.000002
271700 -0.000004
271710 -0.000004
271720 0.000004
271730 -0.000005
271740 0.000003
271750 0.000002
271760 -0.000004
271770 0.000001
271780 0.000004
271790 -0.000003
271800 -0.000001
271810 0.000005
271820 -0.000006
271830 -0.000003
271840 0.000008
271850 0.000003
271860 0.000002
271870 0.000004
271880 0.000008
271890 0.000002
271900 0.000001
271910 0.000004
271920 0.000002
271930 0.000008
271940 -0.000001
271950 -0.000009
271960 -0.000003
271970 0.000006
271980 -0.000004
271990 0.000001
272000 0.000000
272010 -0.000008
272020 -0.000003
272030 -0.000027
272040 -0.000002
272050 0.000000
272060 -0.000000
272070 -0.000001
272080 0.000007
272090 -0.000002
272100 0.000000
272110 -0.000015
272120 -0.000000
272130 0.000000
272140 0.000003
272150 0.000011
272160 -0.000000
272170 -0.000005
272180 0.000004
272190 0.000000
272200 0.000015
272210 -0.000000
272220 -0.000007
272230 -0.000000
272240 0.000006
272250 -0.000000
272260 -0.000001
272270 0.000004
272280 -0.000006
272290 -0.000003
272300 -0.000007
272310 0.000001
272320 -0.000000
272330 0.000004
272340 -0.000000
272350 -0.000004
272360 -0.000001
272370 0.000005
272380 -0.000000
272390 -0.000001
272400 -0.000004
272410 -0.000005
272420 0.000003
272430 -0.000001
272440 -0.000002
272450 0.000005
272460 -0.000000
272470 -0.000007
272480 -0.000002
272490 -0.000001
272500 -0.000002
272510 -0.000002
272520 0.000009
272530 -0.000000
272540 0.000005
272550 0.000066
272560 0.000008
272570 0.000006
272580 -0.000003
272590 0.000001
272600 -0.000000
272610 -0.000002
272620 -0.000004
272630 -0.000001
272640 -0.000005
272650 -0.000003
272660 0.000001
272670 -0.000003
272680 -0.000003
272690 -0.000006
272700 0.000002
272710 0.000001
272720 0.000002
272730 -0.000005
272740 0.000007
272750 0.000006
272760 -0.000000
272770 -0.000005
272780 -0.000004
272790 0.000000
272800 -0.000014
272810 0.000001
272820 -0.000009
272830 -0.000000
272840 -0.000003
272850 0.000000
272860 -0.000002
272870 0.000006
272880 -0.000000
272890 -0.000035
272900 -0.000004
272910 0.000005
272920 0.000004
272930 -0.000009
272940 -0.000003
272950 0.000003
272960 -0.000001
272970 0.000094
272980 -0.000003
272990 0.000005
273000 -0.000010
273010 -0.000001
273020 -0.000002
273030 -0.000003
273040 0.000000
273050 -0.000008
273060 0.000003
273070 -0.000000
273080 -0.000004
273090 0.000008
273100 0.000004
273110 -0.000005
273120 0.000005
273130 -0.000003
273140 -0.000007
273150 -0.000002
273160 0.000001
273170 0.000005
273180 -0.000001
273190 0.000005
273200 -0.000001
273210 -0.000001
273220 -0.000006
273230 -0.000005
273240 0.000003
273250 0.000002
273260 0.000001
273270 -0.000001
273280 0.000000
273290 0.000004
273300 0.000003
273310 0.000009
273320 0.000005
273330 0.000002
273340 0.000002
273350 0.000002
273360 -0.000054
273370 0.000005
273380 0.000000
273390 -0.000005
273400 0.000005
273410 -0.000003
273420 -0.000001
273430 0.000006
273440 0.000005
273450 -0.000001
273460 0.000003
273470 -0.000002
273480 0.000003
273490 0.000626
273500 -0.000003
273510 -0.000001
273520 0.000622
273530 0.000001
273540 -0.000003
273550 0.000030
273560 0.000001
273570 0.000005
273580 0.000005
273590 0.000000
273600 -0.000001
273610 -0.000001
273620 -0.000004
273630 -0.000006
273640 -0.000001
273650 -0.000006
273660 -0.000005
273670 -0.000002
273680 -0.000006
273690 0.000004
273700 -0.000001
273710 -0.000002
273720 -0.000002
273730 -0.000003
273740 0.000006
273750 0.000000
273760 0.000002
273770 -0.000005
273780 -0.000003
273790 -0.000001
273800 -0.000014
273810 -0.000005
273820 -0.000004
273830 0.000001
273840 -0.000006
273850 0.000467
273860 0.000004
273870 -0.000001
273880 -0.000002
273890 0.000009
273900 0.000001
273910 0.000006
273920 -0.000002
273930 -0.000003
273940 -0.000003
273950 0.000011
273960 -0.000000
273970 -0.000001
273980 0.000000
273990 0.000003
274000 -0.000005
274010 0.000013
274020 -0.000002
274030 0.000006
274040 -0.000001
274050 -0.000006
274060 -0.000000
274070 0.000157
274080 0.000001
274090 0.000138
274100 -0.000000
274110 -0.000011
274120 -0.000007
274130 -0.000003
274140 0.000001
274150 -0.000001
274160 0.000000
274170 0.000002
274180 0.000000
274190 -0.000003
274200 0.000001
274210 -0.000001
274220 0.000008
274230 0.000001
274240 0.000007
274250 -0.000001
274260 -0.000002
274270 -0.000006
274280 -0.000006
274290 -0.000011
274300 -0.000001
274310 -0.000001
274320 0.000005
274330 -0.000004
274340 0.000002
274350 0.000005
274360 0.000005
274370 -0.000002
274380 0.000003
274390 0.000000
274400 -0.000004
274410 -0.000010
274420 -0.000006
274430 0.000005
274440 -0.000002
274450 0.000002
274460 -0.000007
274470 0.000005
274480 0.000002
274490 0.000003
274500 -0.000000
274510 0.000000
274520 0.000001
274530 0.000003
274540 0.000005
274550 -0.000002
274560 -0.000003
274570 -0.000101
274580 -0.000001
274590 -0.000003
274600 0.000000
274610 -0.000002
274620 -0.000012
274630 -0.000002
274640 -0.000004
274650 -0.000000
274660 0.000000
274670 -0.000004
274680 0.000008
274690 -0.000004
274700 -0.000003
274710 0.000097
274720 0.000002
274730 -0.000001
274740 0.000001
274750 0.000002
274760 0.000004
274770 -0.000004
274780 -0.000001
274790 -0.000002
274800 0.000006
274810 0.000007
274820 0.000000
274830 -0.000007
274840 -0.000005
274850 0.000005
274860 0.000001
274870 0.000003
274880 0.000003
274890 0.000002
274900 0.000000
274910 -0.000002
274920 0.000002
274930 0.000002
274940 -0.000001
274950 -0.000008
274960 -0.000001
274970 -0.000004
274980 -0.000001
274990 0.000004
275000 0.000001
275010 0.000002
275020 0.000000
275030 0.000004
275040 -0.000300
275050 -0.000005
275060 0.000004
275070 -0.000001
275080 0.000004
275090 -0.000001
275100 0.000004
275110 0.000002
275120 -0.000002
275130 -0.000001
275140 0.000000
275150 -0.000009
275160 -0.000003
275170 0.000001
275180 0.000002
275190 -0.000005
275200 -0.000006
275210 -0.000000
275220 -0.000001
275230 -0.000000
275240 0.000004
275250 0.000000
275260 -0.000002
275270 -0.000002
275280 0.000007
275290 0.000003
275300 0.000001
275310 -0.000000
275320 0.000002
275330 0.000013
275340 -0.000005
275350 0.000010
275360 0.000001
275370 0.000003
275380 -0.000012
275390 -0.000000
275400 0.000002
275410 -0.000001
275420 -0.000007
275430 0.000007
275440 0.000007
275450 0.000001
275460 0.000002
275470 0.000004
275480 -0.000110
275490 -0.000005
275500 -0.000003
275510 -0.000003
275520 0.000006
275530 0.000004
275540 -0.000004
275550 -0.000004
275560 0.000005
275570 0.000004
275580 0.000002
275590 0.000003
275600 -0.000000
275610 -0.000006
275620 -0.000001
275630 -0.000000
275640 0.000001
275650 -0.000000
275660 0.000003
275670 0.000004
275680 0.000001
275690 0.000053
275700 0.000006
275710 -0.000000
275720 -0.000002
275730 -0.000002
275740 0.000006
275750 -0.000004
275760 -0.000000
275770 0.000002
275780 0.000003
275790 -0.000002
275800 -0.000000
275810 0.000003
275820 -0.000006
275830 -0.000003
275840 -0.000000
275850 0.000002
275860 -0.000007
275870 0.000003
275880 0.000000
275890 -0.000001
275900 -0.000002
275910 0.000014
275920 -0.000001
275930 -0.000001
275940 0.000002
275950 -0.000071
275960 0.000009
275970 -0.000006
275980 0.000017
275990 0.000004
276000 0.000004
276010 -0.000005
276020 -0.000004
276030 -0.000002
276040 -0.000001
276050 0.000004
276060 -0.000004
276070 0.000002
276080 0.000001
276090 0.000000
276100 0.000002
276110 -0.000003
276120 0.000013
276130 0.000003
276140 -0.000001
276150 0.000001
276160 -0.000000
276170 0.000001
276180 0.000011
276190 0.000001
276200 -0.000001
276210 0.000001
276220 -0.000001
276230 -0.000007
276240 0.000001
276250 -0.000010
276260 0.000002
276270 0.000004
276280 -0.000002
276290 0.000012
276300 0.000003
276310 0.000001
276320 0.000001
276330 0.000001
276340 -0.000000
276350 0.000000
276360 0.000002
276370 0.000000
276380 0.000004
276390 0.000000
276400 -0.000003
276410 0.000003
276420 -0.000004
276430 -0.000000
276440 0.000005
276450 -0.000001
276460 -0.000000
276470 0.000002
276480 0.000000
276490 -0.000000
276500 0.000001
276510 0.000000
276520 0.000005
276530 0.000006
276540 0.000003
276550 -0.000004
276560 -0.000000
276570 -0.000000
276580 0.000001
276590 -0.000004
276600 0.000001
276610 0.000001
276620 0.000000
276630 0.000006
276640 0.000044
276650 0.000002
276660 -0.000001
276670 0.000005
276680 -0.000002
276690 -0.000002
276700 -0.000000
276710 0.000006
276720 -0.000004
276730 0.000004
276740 0.000003
276750 -0.000005
276760 0.000004
276770 -0.000003
276780 -0.000002
276790 0.000002
276800 0.000000
276810 0.000001
276820 0.000013
276830 -0.000000
276840 0.000000
276850 -0.000011
276860 -0.000002
276870 -0.000006
276880 -0.000001
276890 0.000000
276900 0.000002
276910 0.000000
276920 0.000007
276930 0.000004
276940 0.000004
276950 0.000002
276960 0.000004
276970 -0.000002
276980 -0.000000
276990 0.000006
277000 0.000002
277010 -0.000003
277020 -0.000002
277030 -0.000005
277040 0.000001
277050 0.000001
277060 0.000009
277070 -0.000005
277080 0.000000
277090 -0.000001
277100 -0.000001
277110 -0.000002
277120 -0.000001
277130 0.000001
277140 0.000007
277150 -0.000004
277160 0.000000
277170 0.000005
277180 0.000001
277190 -0.000002
277200 0.000007
277210 -0.000000
277220 -0.000001
277230 -0.000000
277240 -0.000003
277250 -0.000000
277260 -0.000005
277270 -0.000002
277280 -0.000000
277290 -0.000001
277300 -0.000007
277310 -0.000002
277320 -0.000002
277330 0.000002
277340 0.000003
277350 -0.000002
277360 -0.000002
277370 0.000001
277380 -0.000000
277390 0.000006
277400 0.000007
277410 0.000006
277420 0.000001
277430 0.000003
277440 0.000012
277450 0.000002
277460 0.000002
277470 -0.000002
277480 -0.000003
277490 -0.000002
277500 0.000002
277510 -0.000001
277520 -0.000002
277530 0.000000
277540 -0.000002
277550 0.000000
277560 -0.000001
277570 -0.000003
277580 0.000002
277590 0.000006
277600 0.000002
277610 0.000005
277620 0.000007
277630 -0.000002
277640 -0.000000
277650 -0.000002
277660 -0.000021
277670 0.000007
277680 0.000008
277690 0.000005
277700 -0.000001
277710 -0.000000
277720 0.000001
277730 -0.000008
277740 -0.000007
277750 -0.000003
277760 0.000003
277770 -0.000004
277780 0.000007
277790 0.000001
277800 -0.000004
277810 -0.000001
277820 0.000001
277830 -0.000008
277840 -0.000004
277850 0.000005
277860 -0.000003
277870 0.000002
277880 0.000001
277890 0.000003
277900 -0.000004
277910 -0.000002
277920 0.000003
277930 0.000002
277940 -0.000003
277950 -0.000003
277960 0.000001
277970 -0.000001
277980 -0.000006
277990 0.000005
278000 0.000003
278010 0.000003
278020 0.000002
278030 0.000146
278040 -0.000002
278050 0.000011
278060 0.000004
278070 0.000004
278080 -0.000007
278090 -0.000002
278100 -0.000009
278110 -0.000001
278120 0.000003
278130 0.000002
278140 -0.000001
278150 0.000002
278160 0.000002
278170 -0.000002
278180 0.000017
278190 0.000004
278200 -0.000001
278210 0.000007
278220 0.000007
278230 0.000001
278240 -0.000003
278250 -0.000005
278260 0.000004
278270 0.000002
278280 0.000000
278290 0.000000
278300 -0.000003
278310 -0.000003
278320 0.000001
278330 -0.000006
278340 -0.000008
278350 0.000004
278360 0.000003
278370 -0.000012
278380 -0.000003
278390 -0.000001
278400 0.000002
278410 0.000008
278420 0.000003
278430 -0.000004
278440 -0.000005
278450 0.000002
278460 0.000000
278470 -0.000004
278480 0.000002
278490 0.000002
278500 0.000026
278510 0.000001
278520 -0.000012
278530 -0.000009
278540 -0.000001
278550 0.000011
278560 -0.000008
278570 -0.000001
278580 -0.000008
278590 -0.000011
278600 0.000002
278610 0.000009
278620 0.000003
278630 -0.000000
278640 -0.000001
278650 0.000003
278660 0.000002
278670 -0.000005
278680 0.000013
278690 -0.000007
278700 0.000003
278710 -0.000002
278720 -0.000001
278730 0.000002
278740 -0.000006
278750 0.000020
278760 -0.000003
278770 -0.000004
278780 0.000001
278790 -0.000002
278800 0.000003
278810 0.000001
278820 0.000007
278830 -0.000006
278840 -0.000007
278850 -0.000004
278860 0.000003
278870 -0.000006
278880 -0.000002
278890 -0.000000
278900 0.000002
278910 0.000004
278920 -0.000002
278930 0.000001
278940 0.000003
278950 0.000002
278960 0.000001
278970 -0.000004
278980 0.000000
278990 0.000005
279000 -0.000003
279010 0.000003
279020 0.000002
279030 -0.000001
279040 -0.000002
279050 -0.000003
279060 0.000012
279070 -0.000001
279080 -0.000006
279090 0.000004
279100 0.000001
279110 -0.000000
279120 -0.000001
279130 0.000005
279140 -0.000004
279150 -0.000008
279160 0.000001
279170 0.000004
279180 -0.000032
279190 0.000001
279200 -0.000000
279210 0.000004
279220 -0.000004
279230 0.000001
279240 -0.000003
279250 0.000007
279260 -0.000000
279270 0.000007
279280 0.000005
279290 -0.000005
279300 0.000002
279310 -0.000003
279320 0.000003
279330 -0.000002
279340 0.000004
279350 -0.000001
279360 0.000006
279370 0.000006
279380 -0.000003
279390 0.000003
279400 -0.000001
279410 -0.000003
279420 -0.000003
279430 0.000005
279440 0.000011
279450 -0.000001
279460 -0.000004
279470 0.000003
279480 -0.000006
279490 0.000005
279500 -0.000003
279510 -0.000004
279520 0.000004
279530 -0.000003
279540 0.000001
279550 -0.000002
279560 0.000000
279570 -0.000001
279580 -0.000007
279590 -0.000000
279600 0.000003
279610 0.000001
279620 0.000004
279630 0.000001
279640 0.000006
279650 0.000005
279660 -0.000001
279670 -0.000001
279680 -0.000001
279690 0.000005
279700 -0.000003
279710 0.000002
279720 -0.000002
279730 0.000012
279740 0.000007
279750 -0.000000
279760 0.000002
279770 0.000001
279780 0.000004
279790 -0.000005
279800 -0.000005
279810 -0.000000
279820 -0.000003
279830 0.000004
279840 -0.000006
279850 -0.000006
279860 0.000003
279870 -0.000005
279880 0.000003
279890 -0.000008
279900 -0.000004
279910 -0.000004
279920 -0.000000
279930 0.000003
279940 0.000002
279950 0.000002
279960 -0.000003
279970 -0.000011
279980 -0.000008
279990 0.000002
280000 -0.000004
280010 0.000000
280020 0.000002
280030 0.000000
280040 -0.000004
280050 0.000002
280060 0.000001
280070 -0.000004
280080 -0.000002
280090 0.000011
280100 0.000000
280110 0.000015
280120 0.000002
280130 0.000011
280140 -0.000003
280150 0.000005
280160 -0.000001
280170 -0.000007
280180 0.000001
280190 0.000003
280200 -0.000007
280210 -0.000002
280220 -0.000003
280230 0.000001
280240 -0.000000
280250 -0.000007
280260 0.000002
280270 0.000002
280280 0.000004
280290 -0.000002
280300 0.000001
280310 -0.000000
280320 -0.000004
280330 -0.000008
280340 -0.000000
280350 -0.000005
280360 0.000003
280370 -0.000004
280380 -0.000001
280390 -0.000124
280400 0.000002
280410 -0.000001
280420 0.000001
280430 0.000003
280440 0.000001
280450 -0.000003
280460 0.000007
280470 -0.000004
280480 0.000000
280490 -0.000007
280500 -0.000006
280510 0.000022
280520 0.000007
280530 0.000004
280540 0.000002
280550 0.000006
280560 0.000002
280570 -0.000009
280580 -0.000000
280590 -0.000011
280600 -0.000002
280610 0.000002
280620 0.000001
280630 -0.000002
280640 0.000003
280650 0.000012
280660 0.000007
280670 0.000015
280680 -0.000003
280690 0.000000
280700 0.000010
280710 0.000002
280720 -0.000002
280730 -0.000003
280740 0.000007
280750 0.000004
280760 0.000004
280770 0.000000
280780 0.000000
280790 0.000008
280800 -0.000004
280810 0.000007
280820 -0.000005
280830 0.000009
280840 0.000004
280850 0.000005
280860 0.000001
280870 -0.000006
280880 0.000020
280890 -0.000002
280900 -0.000005
280910 -0.000003
280920 -0.000005
280930 0.000007
280940 0.000005
280950 -0.000000
280960 -0.000000
280970 -0.000020
280980 0.000003
280990 0.000004
281000 -0.000002
281010 -0.000021
281020 0.000002
281030 0.000000
281040 0.000001
281050 -0.000001
281060 -0.000008
281070 -0.000001
281080 0.000003
281090 -0.000004
281100 -0.000008
281110 -0.000030
281120 -0.000001
281130 -0.000001
281140 -0.000001
281150 0.000001
281160 -0.000004
281170 0.000007
281180 -0.000007
281190 0.000006
281200 0.000002
281210 0.000004
281220 -0.000000
281230 -0.000002
281240 0.000006
281250 -0.000002
281260 -0.000001
281270 0.000001
281280 -0.000006
281290 0.000000
281300 0.000002
281310 0.000005
281320 -0.000003
281330 0.000006
281340 -0.000004
281350 0.000004
281360 0.000005
281370 0.000004
281380 -0.000000
281390 -0.000007
281400 -0.000001
281410 -0.000004
281420 0.000001
281430 0.000002
281440 -0.000004
281450 -0.000019
281460 0.000001
281470 0.000001
281480 -0.000000
281490 0.000007
281500 -0.000001
281510 0.000003
281520 0.000002
281530 -0.000001
281540 0.000002
281550 -0.000000
281560 0.000003
281570 0.000004
281580 -0.000002
281590 -0.000003
281600 -0.000005
281610 -0.000002
281620 -0.000005
281630 0.000004
281640 0.000003
281650 0.000003
281660 -0.000002
281670 -0.000001
281680 0.000003
281690 0.000001
281700 -0.000003
281710 0.000003
281720 -0.000001
281730 0.000004
281740 -0.000001
281750 -0.000003
281760 0.000002
281770 0.000000
281780 -0.000001
281790 0.000007
281800 0.000007
281810 0.000002
281820 -0.000004
281830 -0.000009
281840 -0.000001
281850 0.000006
281860 -0.000000
281870 0.000000
281880 0.000017
281890 0.000002
281900 0.000001
281910 0.000005
281920 -0.000007
281930 -0.000003
281940 0.000001
281950 0.000002
281960 0.000000
281970 0.000005
281980 0.000001
281990 0.000011
282000 -0.000001
282010 0.000010
282020 0.000003
282030 0.000007
282040 0.000001
282050 -0.000005
282060 0.000001
282070 0.000002
282080 -0.000000
282090 -0.000000
282100 0.000003
282110 0.000002
282120 0.000007
282130 -0.000002
282140 0.000001
282150 -0.000002
282160 -0.000079
282170 0.000006
282180 0.000001
282190 -0.000003
282200 0.000000
282210 0.000003
282220 0.000002
282230 0.000004
282240 0.000002
282250 -0.000001
282260 0.000004
282270 -0.000010
282280 -0.000001
282290 0.000000
282300 -0.000006
282310 -0.000003
282320 -0.000013
282330 0.000001
282340 -0.000035
282350 0.000003
282360 0.000004
282370 0.000003
282380 -0.000000
282390 0.000003
282400 -0.000004
282410 -0.000001
282420 0.000007
282430 0.000001
282440 0.000002
282450 0.000001
282460 -0.000034
282470 -0.000001
282480 0.000002
282490 0.000005
282500 -0.000006
282510 -0.000006
282520 0.000009
282530 0.000003
282540 -0.000000
282550 -0.000009
282560 0.000002
282570 0.000000
282580 -0.000010
282590 0.000010
282600 -0.000000
282610 -0.000006
282620 -0.000011
282630 0.000001
282640 0.000012
282650 -0.000003
282660 -0.000002
282670 -0.000000
282680 0.000005
282690 0.000001
282700 -0.000006
282710 -0.000002
282720 -0.000000
282730 0.000054
282740 0.000010
282750 0.000008
282760 -0.000007
282770 -0.000001
282780 -0.000007
282790 0.000003
282800 0.000000
282810 0.000001
282820 0.000002
282830 -0.000010
282840 0.000001
282850 -0.000002
282860 -0.000006
282870 0.000000
282880 0.000004
282890 0.000008
282900 -0.000003
282910 -0.000001
282920 0.000002
282930 -0.000002
282940 -0.000003
282950 -0.000008
282960 0.000008
282970 -0.000002
282980 -0.000004
282990 0.000033
283000 -0.000001
283010 0.000006
283020 -0.000003
283030 0.000001
283040 -0.000002
283050 -0.000010
283060 -0.000009
283070 -0.000002
283080 -0.000009
283090 0.000000
283100 -0.000004
283110 0.000012
283120 -0.000006
283130 -0.000002
283140 0.000015
283150 -0.000006
283160 0.000001
283170 -0.000007
283180 -0.000003
283190 0.000000
283200 0.000007
283210 0.000001
283220 -0.000001
283230 -0.000004
283240 -0.000003
283250 -0.000003
283260 -0.000001
283270 0.000007
283280 -0.000004
283290 0.000004
283300 -0.000010
283310 0.000001
283320 0.000002
283330 -0.000003
283340 -0.000007
283350 -0.000003
283360 -0.000002
283370 0.000005
283380 0.000011
283390 0.000002
283400 0.000000
283410 0.000002
283420 0.000000
283430 0.000016
283440 0.000001
283450 -0.000005
283460 -0.000004
283470 -0.000007
283480 0.000005
283490 0.000003
283500 -0.000005
283510 0.000005
283520 -0.000000
283530 -0.000003
283540 0.000001
283550 0.000000
283560 0.000004
283570 0.000006
283580 -0.000002
283590 0.000004
283600 0.000002
283610 0.000003
283620 0.000001
283630 0.000003
283640 0.000001
283650 0.000003
283660 -0.000001
283670 -0.000003
283680 -0.000003
283690 0.000001
283700 -0.000013
283710 0.000000
283720 0.000005
283730 -0.000000
283740 0.000004
283750 0.000003
283760 0.000004
283770 -0.000001
283780 -0.000003
283790 0.000000
283800 -0.000002
283810 -0.000001
283820 0.000010
283830 -0.000016
283840 0.000003
283850 0.000003
283860 0.000029
283870 -0.000008
283880 0.000008
283890 0.000003
283900 -0.000006
283910 -0.000001
283920 -0.000002
283930 0.000000
283940 0.000013
283950 0.000003
283960 0.000008
283970 0.000019
283980 0.000005
283990 0.000006
284000 0.000002
284010 0.000004
284020 -0.000003
284030 0.000023
284040 -0.000006
284050 0.000000
284060 -0.000000
284070 0.000001
284080 0.000004
284090 0.000030
284100 -0.000042
284110 -0.000003
284120 -0.000000
284130 0.000004
284140 -0.000002
284150 0.000004
284160 -0.000004
284170 0.000009
284180 0.000003
284190 0.000000
284200 -0.000004
284210 0.000001
284220 0.000002
284230 0.000001
284240 -0.000004
284250 0.000002
284260 0.000004
284270 0.000002
284280 0.000002
284290 -0.000005
284300 0.000004
284310 -0.000007
284320 -0.000003
284330 0.000002
284340 0.000018
284350 -0.000003
284360 -0.000003
284370 0.000006
284380 -0.000001
284390 0.000002
284400 0.000005
284410 -0.000001
284420 0.000002
284430 0.000001
284440 0.000002
284450 -0.000001
284460 -0.000005
284470 0.000031
284480 0.000006
284490 -0.000001
284500 0.000005
284510 0.000004
284520 -0.000004
284530 -0.000002
284540 -0.000000
284550 -0.000001
284560 0.000004
284570 -0.000003
284580 -0.000008
284590 0.000001
284600 0.000002
284610 0.000003
284620 -0.000002
284630 0.000004
284640 -0.000002
284650 0.000002
284660 0.000001
284670 0.000002
284680 0.000010
284690 -0.000000
284700 -0.000002
284710 -0.000002
284720 -0.000001
284730 -0.000007
284740 0.000001
284750 0.000002
284760 -0.000007
284770 -0.000002
284780 0.000000
284790 -0.000006
284800 0.000000
284810 0.000001
284820 -0.000002
284830 0.000004
284840 -0.000001
284850 0.000000
284860 -0.000009
284870 -0.000002
284880 -0.000002
284890 0.000780
284900 0.000004
284910 0.000001
284920 0.000005
284930 -0.000001
284940 0.000004
284950 -0.000010
284960 -0.000003
284970 0.000007
284980 -0.000004
284990 0.000002
285000 -0.000003
285010 0.000002
285020 -0.000002
285030 0.000004
285040 -0.000002
285050 -0.000011
285060 -0.000002
285070 0.000001
285080 0.000000
285090 0.000002
285100 -0.000004
285110 0.000001
285120 0.000000
285130 -0.000006
285140 0.000000
285150 -0.000003
285160 0.000002
285170 0.000003
285180 -0.000001
285190 -0.000008
285200 -0.000003
285210 0.000003
285220 0.000001
285230 -0.000005
285240 -0.000002
285250 0.000005
285260 0.000008
285270 0.000008
285280 0.000002
285290 0.000004
285300 -0.000000
285310 0.000005
285320 -0.000001
285330 -0.000001
285340 -0.000006
285350 0.000005
285360 0.000006
285370 0.000006
285380 0.000013
285390 -0.000000
285400 -0.000448
285410 -0.000002
285420 -0.000003
285430 0.000001
285440 0.000003
285450 0.000002
285460 0.000001
285470 -0.000005
285480 -0.000002
285490 0.000003
285500 -0.000002
285510 0.000005
285520 0.000006
285530 -0.000002
285540 0.000000
285550 -0.000002
285560 0.000004
285570 -0.000001
285580 -0.000001
285590 0.000012
285600 -0.000001
285610 0.000000
285620 -0.000001
285630 -0.000003
285640 -0.000000
285650 -0.000004
285660 0.000000
285670 -0.000003
285680 -0.000004
285690 0.000003
285700 0.000003
285710 -0.000000
285720 -0.000001
285730 0.000001
285740 -0.000030
285750 0.000006
285760 0.000003
285770 -0.000000
285780 -0.000000
285790 0.000001
285800 -0.000008
285810 0.000003
285820 -0.000001
285830 -0.000004
285840 -0.000001
285850 -0.000002
285860 -0.000003
285870 -0.000001
285880 -0.000003
285890 0.000001
285900 -0.000003
285910 0.000001
285920 -0.000003
285930 -0.000000
285940 0.000001
285950 0.000001
285960 -0.000001
285970 -0.000003
285980 -0.000000
285990 -0.000003
286000 0.000008
286010 0.000007
286020 -0.000001
286030 -0.000002
286040 -0.000005
286050 -0.000001
286060 -0.000005
286070 -0.000000
286080 -0.000001
286090 0.000002
286100 0.000002
286110 0.000000
286120 -0.000132
286130 0.000003
286140 0.000003
286150 -0.000002
286160 0.000003
286170 0.000004
286180 -0.000002
286190 -0.000001
286200 0.000004
286210 -0.000002
286220 0.000001
286230 -0.000011
286240 -0.000002
286250 0.000005
286260 -0.000008
286270 0.000001
286280 -0.000002
286290 0.000019
286300 0.000008
286310 -0.000000
286320 0.000001
286330 0.000000
286340 0.000001
286350 0.000003
286360 -0.000001
286370 0.000000
286380 0.000006
286390 0.000000
286400 0.000011
286410 -0.000002
286420 0.000005
286430 -0.000001
286440 -0.000004
286450 -0.000006
286460 -0.000000
286470 0.000001
286480 -0.000000
286490 0.000006
286500 0.000003
286510 -0.000008
286520 -0.000000
286530 -0.000001
286540 -0.000005
286550 -0.000002
286560 0.000001
286570 -0.000001
286580 -0.000000
286590 -0.000003
286600 -0.000004
286610 0.000004
286620 -0.000001
286630 -0.000004
286640 -0.000005
286650 0.000005
286660 -0.000018
286670 -0.000001
286680 0.000004
286690 -0.000003
286700 -0.000003
286710 -0.000001
286720 0.000002
286730 0.000013
286740 0.000002
286750 -0.000000
286760 0.000006
286770 0.000002
286780 0.000006
286790 -0.000001
286800 -0.000002
286810 -0.000019
286820 0.000002
286830 0.000002
286840 -0.000000
286850 -0.000004
286860 -0.000000
286870 0.000005
286880 0.000005
286890 0.000002
286900 0.000001
286910 0.000010
286920 -0.000001
286930 -0.000008
286940 0.000002
286950 0.000001
286960 0.000000
286970 0.000002
286980 0.000001
286990 0.000008
287000 0.000002
287010 -0.000002
287020 0.000001
287030 -0.000004
287040 -0.000001
287050 0.000001
287060 -0.000002
287070 -0.000001
287080 0.000001
287090 0.000004
287100 -0.000009
287110 -0.000008
287120 -0.000001
287130 -0.000004
287140 0.000001
287150 -0.000006
287160 0.000006
287170 0.000004
287180 -0.000000
287190 0.000002
287200 0.000008
287210 -0.000003
287220 0.000002
287230 0.000002
287240 0.000005
287250 -0.000004
287260 -0.000004
287270 0.000001
287280 0.000003
287290 0.000001
287300 -0.000001
287310 0.000008
287320 0.000001
287330 -0.000001
287340 0.000004
287350 0.000002
287360 -0.000001
287370 0.000001
287380 0.000003
287390 0.000001
287400 0.000003
287410 -0.000011
287420 0.000001
287430 0.000002
287440 0.000000
287450 -0.000125
287460 0.000000
287470 0.000001
287480 0.000004
287490 -0.000004
287500 0.000002
287510 -0.000004
287520 -0.000014
287530 0.000001
287540 0.000012
287550 -0.000002
287560 0.000000
287570 0.000007
287580 0.000007
287590 -0.000000
287600 0.000002
287610 -0.000007
287620 -0.000001
287630 0.000001
287640 0.000002
287650 0.000004
287660 -0.000003
287670 0.000002
287680 0.000002
287690 0.000004
287700 0.000006
287710 -0.000004
287720 0.000004
287730 -0.000002
287740 0.000005
287750 -0.000003
287760 -0.000006
287770 -0.000004
287780 -0.000001
287790 0.000002
287800 0.000001
287810 -0.000003
287820 0.000000
287830 0.000001
287840 -0.000000
287850 -0.000003
287860 0.000003
287870 -0.000002
287880 -0.000004
287890 -0.000006
287900 -0.000001
287910 -0.000000
287920 0.000000
287930 0.000001
287940 0.000001
287950 0.000003
287960 0.000005
287970 0.000001
287980 -0.000008
287990 -0.000007
288000 -0.000006
288010 -0.000005
288020 -0.000001
288030 0.000000
288040 -0.000001
288050 -0.000007
288060 -0.000065
288070 -0.000002
288080 0.000004
288090 0.000000
288100 -0.000585
288110 0.000007
288120 0.000003
288130 0.000004
288140 -0.000003
288150 -0.000003
288160 0.000002
288170 0.000005
288180 0.000007
288190 0.000001
288200 -0.000000
288210 0.000001
288220 -0.000005
288230 0.000002
288240 -0.000003
288250 -0.000001
288260 -0.000000
288270 -0.000008
288280 0.000000
288290 0.000002
288300 -0.000001
288310 -0.000001
288320 0.000006
288330 -0.000001
288340 -0.000004
288350 -0.000006
288360 -0.000005
288370 -0.000002
288380 0.000001
288390 0.000002
288400 0.000003
288410 0.000003
288420 -0.000001
288430 0.000002
288440 0.000003
288450 0.000001
288460 -0.000002
288470 0.000007
288480 0.000002
288490 0.000004
288500 0.000004
288510 -0.000005
288520 0.000009
288530 0.000002
288540 0.000002
288550 0.000005
288560 0.000006
288570 0.000004
288580 0.000012
288590 0.000001
288600 0.000004
288610 0.000002
288620 -0.000002
288630 0.000002
288640 -0.000007
288650 -0.000004
288660 -0.000002
288670 0.000005
288680 0.000001
288690 -0.000004
288700 0.000000
288710 0.000001
288720 -0.000012
288730 0.000008
288740 0.000001
288750 0.000010
288760 -0.000001
288770 -0.000003
288780 -0.000004
288790 -0.000003
288800 -0.000010
288810 -0.000001
288820 -0.000003
288830 0.000001
288840 -0.000001
288850 -0.000008
288860 -0.000003
288870 0.000000
288880 0.000002
288890 -0.000001
288900 -0.000001
288910 -0.000001
288920 0.000001
288930 0.000007
288940 -0.000002
288950 0.000008
288960 -0.000002
288970 0.000003
288980 0.000001
288990 -0.000004
289000 -0.000000
289010 0.000024
289020 -0.000003
289030 0.000000
289040 0.000001
289050 0.000000
289060 -0.000001
289070 -0.000006
289080 -0.000006
289090 -0.000001
289100 0.000001
289110 0.000003
289120 -0.000001
289130 -0.000005
289140 -0.000001
289150 0.000002
289160 0.000004
289170 0.000005
289180 -0.000001
289190 -0.000000
289200 -0.000003
289210 0.000006
289220 0.000001
289230 0.000001
289240 0.000004
289250 -0.000002
289260 0.000000
289270 0.000013
289280 0.000001
289290 0.000087
289300 -0.000002
289310 0.000012
289320 -0.000002
289330 0.000005
289340 -0.000000
289350 0.000012
289360 0.000005
289370 -0.000000
289380 0.000002
289390 -0.000008
289400 -0.000001
289410 0.000003
289420 0.000003
289430 0.000003
289440 0.000013
289450 0.000002
289460 -0.000000
289470 0.000001
289480 0.000044
289490 0.000001
289500 0.000004
289510 0.000003
289520 -0.000001
289530 0.000006
289540 0.000002
289550 -0.000002
289560 0.000003
289570 0.000002
289580 0.000003
289590 0.000001
289600 -0.000015
289610 -0.000002
289620 0.000002
289630 -0.000001
289640 0.000009
289650 0.000003
289660 -0.000011
289670 0.000003
289680 0.000000
289690 -0.000003
289700 -0.000001
289710 0.000001
289720 0.000013
289730 -0.000001
289740 0.000002
289750 0.000000
289760 -0.000008
289770 0.000001
289780 -0.000004
289790 0.000001
289800 -0.000001
289810 -0.000004
289820 -0.000000
289830 0.000000
289840 0.000006
289850 -0.000001
289860 0.000001
289870 -0.000001
289880 0.000003
289890 -0.000004
289900 0.000004
289910 -0.000001
289920 -0.000001
289930 -0.000001
289940 -0.000002
289950 0.000003
289960 0.000004
289970 -0.000001
289980 -0.000001
289990 -0.000001
290000 0.000003
290010 -0.000004
290020 -0.000001
290030 -0.000002
290040 0.000002
290050 -0.000008
290060 0.000003
290070 -0.000005
290080 -0.000013
290090 0.000005
290100 0.000002
290110 0.000002
290120 -0.000004
290130 0.000002
290140 0.000002
290150 0.000005
290160 0.000003
290170 0.000007
290180 0.000001
290190 0.000001
290200 -0.000004
290210 -0.000009
290220 0.000001
290230 -0.000001
290240 -0.000002
290250 -0.000004
290260 0.000003
290270 0.000001
290280 -0.000003
290290 0.000007
290300 0.000002
290310 0.000000
290320 0.000005
290330 0.000004
290340 -0.000003
290350 0.000001
290360 0.000008
290370 0.000003
290380 -0.000007
290390 0.000002
290400 -0.000004
290410 -0.000000
290420 -0.000001
290430 -0.000007
290440 -0.000003
290450 0.000006
290460 0.000001
290470 0.000003
290480 -0.000002
290490 -0.000002
290500 -0.000002
290510 0.000012
290520 -0.000003
290530 0.000000
290540 0.000000
290550 0.000005
290560 -0.000004
290570 -0.000001
290580 0.000000
290590 0.000001
290600 -0.000000
290610 0.000002
290620 0.000005
290630 0.000004
290640 0.000006
290650 -0.000000
290660 -0.000002
290670 0.000002
290680 0.000009
290690 0.000003
290700 0.000002
290710 -0.000004
290720 0.000002
290730 0.000002
290740 -0.000000
290750 0.000011
290760 0.000006
290770 0.000009
290780 -0.000000
290790 -0.000005
290800 -0.000001
290810 -0.000003
290820 0.000006
290830 -0.000004
290840 -0.000003
290850 -0.000001
290860 0.000000
290870 -0.000002
290880 -0.000002
290890 0.000015
290900 -0.000006
290910 0.000006
290920 0.000005
290930 0.000002
290940 -0.000004
290950 -0.000002
290960 -0.000002
290970 -0.000004
290980 -0.000000
290990 -0.000004
291000 0.000002
291010 -0.000004
291020 0.000002
291030 -0.000002
291040 0.000000
291050 0.000003
291060 -0.000001
291070 -0.000002
291080 0.000001
291090 -0.000003
291100 0.000002
291110 -0.000007
291120 0.000006
291130 0.000000
291140 0.000004
291150 -0.000003
291160 0.000002
291170 0.000002
291180 0.000002
291190 0.000001
291200 -0.000001
291210 -0.000002
291220 0.000012
291230 0.000006
291240 0.000001
291250 0.000004
291260 -0.000011
291270 -0.000001
291280 0.000003
291290 -0.000008
291300 0.000004
291310 -0.000001
291320 0.000002
291330 0.000002
291340 0.000032
291350 0.000006
291360 0.000001
291370 -0.000001
291380 0.000005
291390 -0.000006
291400 0.000003
291410 -0.000009
291420 -0.000015
291430 -0.000005
291440 -0.000003
291450 0.000004
291460 0.000001
291470 0.000000
291480 0.000008
291490 0.000003
291500 0.000003
291510 0.000004
291520 -0.000000
291530 -0.000001
291540 0.000003
291550 -0.000005
291560 0.000003
291570 0.000004
291580 -0.000005
291590 0.000002
291600 0.000005
291610 0.000004
291620 0.000000
291630 0.000014
291640 0.000000
291650 0.000001
291660 -0.000001
291670 -0.000001
291680 -0.000104
291690 -0.000002
291700 0.000010
291710 -0.000000
291720 0.000003
291730 -0.000001
291740 0.000009
291750 0.000078
291760 -0.000001
291770 0.000001
291780 0.000003
291790 0.000002
291800 -0.000002
291810 0.000001
291820 -0.000002
291830 0.000000
291840 -0.000017
291850 0.000001
291860 0.000007
291870 0.000069
291880 0.000002
291890 0.000002
291900 -0.000007
291910 -0.000006
291920 0.000001
291930 -0.000009
291940 0.000001
291950 -0.000007
291960 -0.000001
291970 0.000004
291980 -0.000001
291990 -0.000006
292000 -0.000006
292010 0.000004
292020 0.000002
292030 0.000004
292040 -0.000003
292050 0.000003
292060 0.000000
292070 0.000007
292080 0.000007
292090 -0.000000
292100 -0.000004
292110 0.000002
292120 0.000004
292130 0.000026
292140 -0.000004
292150 -0.000006
292160 -0.000004
292170 -0.000002
292180 -0.000001
292190 0.000000
292200 -0.000001
292210 -0.000028
292220 0.000000
292230 0.000007
292240 -0.000001
292250 -0.000008
292260 0.000002
292270 0.000000
292280 -0.000001
292290 0.000004
292300 -0.000002
292310 0.000009
292320 0.000000
292330 0.000004
292340 0.000002
292350 -0.000013
292360 0.000005
292370 -0.000005
292380 0.000008
292390 0.000004
292400 -0.000003
292410 -0.000156
292420 0.000007
292430 0.000006
292440 -0.000000
292450 0.000010
292460 -0.000000
292470 -0.000002
292480 -0.000009
292490 -0.000002
292500 0.000000
292510 -0.000057
292520 0.000007
292530 -0.000000
292540 -0.000003
292550 -0.000000
292560 0.000001
292570 -0.000004
292580 0.000027
292590 0.000004
292600 -0.000001
292610 -0.000000
292620 0.000003
292630 0.000002
292640 -0.000004
292650 0.000005
292660 0.000002
292670 0.000005
292680 0.000001
292690 -0.000004
292700 0.000002
292710 0.000001
292720 -0.000001
292730 -0.000001
292740 0.000011
292750 0.000005
292760 -0.000003
292770 0.000001
292780 -0.000002
292790 0.000001
292800 0.000002
292810 -0.000003
292820 -0.000014
292830 -0.000005
292840 0.000000
292850 0.000005
292860 0.000005
292870 0.000001
292880 -0.000003
292890 0.000003
292900 -0.000012
292910 -0.000021
292920 0.000006
292930 0.000000
292940 -0.000008
292950 -0.000004
292960 -0.000002
292970 -0.000000
292980 0.000003
292990 0.000001
293000 0.000001
293010 0.000005
293020 -0.000013
293030 0.000006
293040 -0.000001
293050 -0.000001
293060 0.000004
293070 0.000001
293080 -0.000005
293090 0.000003
293100 0.000003
293110 0.000003
293120 -0.000004
293130 0.000009
293140 0.000004
293150 0.000002
293160 0.000000
293170 -0.000001
293180 -0.000001
293190 0.000016
293200 -0.000004
293210 0.000001
293220 0.000001
293230 -0.000004
293240 0.000003
293250 -0.000002
293260 0.000001
293270 -0.000002
293280 0.000003
293290 -0.000000
293300 0.000003
293310 0.000004
293320 0.000025
293330 -0.000001
293340 -0.000003
293350 0.000001
293360 -0.000000
293370 -0.000003
293380 0.000003
293390 0.000006
293400 0.000001
293410 0.000001
293420 -0.000004
293430 0.000001
293440 -0.000002
293450 0.000001
293460 -0.000000
293470 0.000005
293480 -0.000009
293490 -0.000001
293500 0.000050
293510 0.000003
293520 0.000001
293530 -0.000005
293540 -0.000004
293550 0.000001
293560 -0.000001
293570 0.000001
293580 -0.000001
293590 -0.000004
293600 -0.000000
293610 0.000006
293620 -0.000001
293630 0.000001
293640 -0.000005
293650 0.000001
293660 0.000006
293670 -0.000004
293680 -0.000002
293690 -0.000001
293700 -0.000002
293710 -0.000001
293720 0.000000
293730 0.000003
293740 0.000003
293750 -0.000001
293760 0.000001
293770 -0.000003
293780 0.000005
293790 -0.000004
293800 0.000003
293810 -0.000005
293820 0.000000
293830 -0.000002
293840 -0.000001
293850 -0.000003
293860 0.000002
293870 0.000001
293880 -0.000002
293890 0.000002
293900 0.000003
293910 0.000006
293920 0.000002
293930 0.000003
293940 0.000008
293950 -0.000002
293960 -0.000000
293970 -0.000004
293980 -0.000009
293990 0.000002
294000 0.000005
294010 0.000001
294020 0.000001
294030 -0.000005
294040 -0.000002
294050 0.000002
294060 -0.000002
294070 0.000002
294080 0.000001
294090 0.000002
294100 -0.000004
294110 -0.000000
294120 -0.000001
294130 -0.000001
294140 -0.000001
294150 0.000001
294160 0.000004
294170 0.000003
294180 -0.000003
294190 -0.000000
294200 -0.000003
294210 -0.000002
294220 0.000001
294230 -0.000003
294240 -0.000000
294250 -0.000004
294260 -0.000001
294270 -0.000002
294280 0.000000
294290 0.000002
294300 0.000002
294310 -0.000003
294320 -0.000004
294330 -0.000007
294340 -0.000001
294350 -0.000002
294360 0.000006
294370 0.000003
294380 -0.000003
294390 0.000007
294400 -0.000007
294410 -0.000003
294420 0.000002
294430 -0.000005
294440 0.000002
294450 -0.000012
294460 -0.000001
294470 -0.000006
294480 -0.000002
294490 -0.000003
294500 0.000003
294510 -0.000043
294520 0.000000
294530 -0.000005
294540 0.000006
294550 0.000006
294560 -0.000006
294570 -0.000007
294580 0.000001
294590 0.000003
294600 0.000002
294610 0.000004
294620 0.000008
294630 -0.000003
294640 0.000002
294650 0.000004
294660 -0.000006
294670 -0.000005
294680 0.000003
294690 0.000008
294700 -0.000005
294710 -0.000005
294720 0.000001
294730 -0.000006
294740 -0.000006
294750 -0.000004
294760 0.000001
294770 0.000007
294780 0.000005
294790 0.000002
294800 0.000000
294810 -0.000001
294820 0.000009
294830 0.000009
294840 0.000005
294850 0.000001
294860 -0.000000
294870 -0.000002
294880 0.000004
294890 -0.000001
294900 -0.000009
294910 0.000003
294920 0.000003
294930 0.000000
294940 0.000000
294950 -0.000001
294960 -0.000008
294970 -0.000010
294980 -0.000003
294990 0.000003
295000 -0.000003
295010 0.000002
295020 0.000000
295030 -0.000014
295040 -0.000010
295050 0.000004
295060 0.000003
295070 -0.000005
295080 -0.000001
295090 0.000005
295100 0.000004
295110 0.000003
295120 -0.000001
295130 -0.000002
295140 0.000002
295150 0.000001
295160 -0.000007
295170 -0.000001
295180 0.000006
295190 -0.000006
295200 0.000001
295210 0.000001
295220 -0.000001
295230 0.000000
295240 0.000001
295250 0.000004
295260 0.000001
295270 -0.000007
295280 -0.000001
295290 -0.000001
295300 -0.000002
295310 0.000001
295320 -0.000003
295330 0.000006
295340 0.000004
295350 0.000006
295360 0.000004
295370 -0.000007
295380 -0.000003
295390 -0.000009
295400 -0.000001
295410 -0.000010
295420 0.000006
295430 0.000008
295440 0.000001
295450 -0.000003
295460 -0.000002
295470 -0.000003
295480 -0.000000
295490 -0.000021
295500 -0.000010
295510 0.000001
295520 -0.000001
295530 0.000002
295540 -0.000001
295550 0.000011
295560 0.000000
295570 0.000003
295580 -0.000003
295590 0.000001
295600 0.000001
295610 0.000006
295620 0.000003
295630 -0.000001
295640 0.000002
295650 -0.000001
295660 -0.000004
295670 0.000001
295680 0.000002
295690 -0.000006
295700 0.000001
295710 -0.000008
295720 0.000004
295730 -0.000016
295740 0.000003
295750 0.000002
295760 -0.000003
295770 -0.000002
295780 -0.000006
295790 0.000007
295800 0.000003
295810 -0.000003
295820 -0.000006
295830 -0.000001
295840 -0.000002
295850 -0.000002
295860 0.000001
295870 -0.000002
295880 -0.000003
295890 -0.000000
295900 -0.000010
295910 0.000007
295920 0.000009
295930 -0.000004
295940 0.000005
295950 0.000010
295960 -0.000002
295970 0.000001
295980 0.000004
295990 0.000003
296000 -0.000012
296010 -0.000001
296020 -0.000001
296030 -0.000002
296040 -0.000000
296050 -0.000000
296060 0.000001
296070 -0.000000
296080 -0.000003
296090 -0.000009
296100 -0.000006
296110 0.000004
296120 -0.000003
296130 -0.000002
296140 -0.000003
296150 -0.000007
296160 -0.000003
296170 -0.000006
296180 -0.000003
296190 0.000003
296200 0.000002
296210 0.000000
296220 -0.000007
296230 -0.000000
296240 -0.000001
296250 0.000005
296260 -0.000003
296270 0.000018
296280 0.000002
296290 0.000000
296300 0.000003
296310 -0.000025
296320 0.000002
296330 -0.000002
296340 0.000004
296350 -0.000006
296360 -0.000004
296370 0.000003
296380 -0.000000
296390 -0.000002
296400 0.000002
296410 0.000000
296420 -0.000004
296430 0.000003
296440 -0.000003
296450 -0.000003
296460 -0.000002
296470 -0.000004
296480 -0.000004
296490 -0.000006
296500 0.000004
296510 -0.000008
296520 0.000001
296530 -0.000001
296540 0.000001
296550 0.000006
296560 -0.000011
296570 0.000003
296580 -0.000002
296590 -0.000001
296600 -0.000002
296610 0.000001
296620 -0.000003
296630 -0.000000
296640 0.000008
296650 0.000003
296660 -0.000003
296670 -0.000003
296680 -0.000002
296690 0.000002
296700 0.000002
296710 0.000004
296720 0.000001
296730 -0.000004
296740 0.000004
296750 0.000000
296760 -0.000001
296770 -0.000005
296780 0.000006
296790 -0.000003
296800 -0.000001
296810 0.000003
296820 -0.000004
296830 0.000008
296840 -0.000003
296850 0.000000
296860 0.000004
296870 0.000000
296880 -0.000009
296890 0.000003
296900 0.000001
296910 -0.000002
296920 0.000004
296930 0.000004
296940 -0.000019
296950 -0.000013
296960 0.000002
296970 0.000003
296980 0.000000
296990 -0.000000
297000 -0.000002
297010 -0.000001
297020 -0.000002
297030 -0.000005
297040 -0.000003
297050 -0.000002
297060 -0.000001
297070 -0.000001
297080 -0.000000
297090 0.000001
297100 -0.000001
297110 -0.000006
297120 0.000005
297130 -0.000001
297140 0.000015
297150 0.000001
297160 0.000005
297170 0.000001
297180 -0.000000
297190 0.000006
297200 0.000004
297210 0.000008
297220 0.000005
297230 -0.000002
297240 0.000001
297250 0.000004
297260 -0.000000
297270 -0.000003
297280 -0.000002
297290 -0.000001
297300 0.000001
297310 0.000004
297320 -0.000008
297330 -0.000009
297340 -0.000003
297350 -0.000002
297360 -0.000001
297370 -0.000001
297380 -0.000005
297390 0.000001
297400 -0.000003
297410 -0.000004
297420 0.000000
297430 -0.000000
297440 0.000001
297450 -0.000000
297460 0.000001
297470 -0.000002
297480 0.000001
297490 -0.000003
297500 0.000003
297510 -0.000003
297520 0.000001
297530 0.000006
297540 -0.000004
297550 0.000001
297560 0.000002
297570 0.000007
297580 0.000001
297590 0.000007
297600 0.000000
297610 -0.000004
297620 0.000003
297630 0.000000
297640 -0.000006
297650 0.000001
297660 -0.000004
297670 0.000002
297680 0.000012
297690 0.000000
297700 0.000002
297710 0.000002
297720 0.000001
297730 -0.000007
297740 -0.000003
297750 -0.000003
297760 0.000004
297770 -0.000004
297780 0.000003
297790 -0.000002
297800 0.000003
297810 0.000001
297820 -0.000004
297830 -0.000003
297840 0.000001
297850 0.000004
297860 0.000002
297870 0.000002
297880 0.000006
297890 -0.000003
297900 0.000005
297910 -0.000001
297920 -0.000001
297930 -0.000001
297940 0.000004
297950 -0.000002
297960 0.000008
297970 0.000012
297980 -0.000000
297990 -0.000001
298000 0.000000
298010 0.000003
298020 0.000001
298030 0.000018
298040 0.000003
298050 -0.000005
298060 -0.000001
298070 0.000001
298080 -0.000007
298090 -0.000002
298100 -0.000002
298110 -0.000002
298120 -0.000004
298130 0.000003
298140 -0.000001
298150 0.000001
298160 0.000003
298170 -0.000000
298180 0.000002
298190 0.000003
298200 -0.000006
298210 0.000000
298220 -0.000001
298230 -0.000003
298240 -0.000006
298250 -0.000008
298260 0.000002
298270 0.000008
298280 -0.000003
298290 0.000001
298300 0.000004
298310 0.000007
298320 0.000002
298330 -0.000001
298340 0.000001
298350 0.000002
298360 -0.000001
298370 -0.000005
298380 -0.000009
298390 -0.000194
298400 -0.000000
298410 -0.000004
298420 0.000000
298430 0.000012
298440 -0.000002
298450 -0.000008
298460 0.000005
298470 0.000008
298480 0.000003
298490 0.000008
298500 0.000003
298510 0.000001
298520 -0.000002
298530 -0.000001
298540 0.000000
298550 -0.000004
298560 0.000003
298570 0.000004
298580 -0.000000
298590 0.000000
298600 0.000007
298610 0.000003
298620 0.000001
298630 0.000003
298640 0.000001
298650 -0.000002
298660 0.000005
298670 0.000001
298680 0.000001
298690 0.000003
298700 0.000010
298710 -0.000002
298720 0.000002
298730 0.000006
298740 0.000002
298750 -0.000000
298760 0.000009
298770 0.000004
298780 -0.000014
298790 0.000007
298800 -0.000007
298810 0.000011
298820 -0.000000
298830 0.000019
298840 -0.000001
298850 -0.000003
298860 0.000000
298870 0.000006
298880 0.000001
298890 -0.000007
298900 -0.000006
298910 0.000003
298920 0.000007
298930 -0.000000
298940 0.000004
298950 -0.000008
298960 0.000002
298970 0.000007
298980 0.000000
298990 0.000006
299000 0.000000
299010 0.000008
299020 0.000003
299030 0.000002
299040 -0.000004
299050 -0.000004
299060 -0.000001
299070 -0.000004
299080 -0.000003
299090 -0.000003
299100 -0.000001
299110 -0.000003
299120 -0.000000
299130 0.000005
299140 -0.000006
299150 -0.000003
299160 0.000002
299170 -0.000002
299180 -0.000002
299190 0.000004
299200 -0.000005
299210 -0.000001
299220 0.000001
299230 0.000002
299240 0.000003
299250 0.000001
299260 -0.000004
299270 -0.000001
299280 -0.000002
299290 -0.000001
299300 -0.000004
299310 -0.000009
299320 -0.000001
299330 -0.000003
299340 0.000001
299350 0.000003
299360 -0.000002
299370 0.000004
299380 0.000001
299390 -0.000004
299400 -0.000003
299410 0.000000
299420 0.000007
299430 -0.000001
299440 0.000003
299450 -0.000004
299460 0.000000
299470 0.000000
299480 0.000005
299490 0.000002
299500 -0.000002
299510 -0.000001
299520 0.000001
299530 -0.000003
299540 0.000004
299550 0.000001
299560 -0.000000
299570 -0.000009
299580 -0.000000
299590 -0.000004
299600 -0.000012
299610 -0.000011
299620 0.000004
299630 0.000000
299640 -0.000156
299650 0.000001
299660 0.000001
299670 0.000002
299680 0.000002
299690 -0.000006
299700 -0.000003
299710 0.000001
299720 0.000000
299730 -0.000014
299740 -0.000001
299750 -0.000069
299760 0.000002
299770 -0.000000
299780 -0.000031
299790 -0.000002
299800 0.000004
299810 0.000001
299820 -0.000001
299830 0.000002
299840 0.000002
299850 0.000001
299860 0.000002
299870 -0.000005
299880 0.000001
299890 -0.000003
299900 -0.000002
299910 0.000004
299920 0.000001
299930 -0.000001
299940 0.000006
299950 0.000003
299960 0.000002
299970 -0.000003
299980 -0.000004
299990 0.000002
300000 0.000003
300010 0.000005
300020 0.000000
300030 -0.000005
300040 0.000005
300050 0.000004
300060 -0.000001
300070 -0.000001
300080 0.000002
300090 -0.000009
300100 -0.000001
300110 0.000002
300120 -0.000000
300130 -0.000004
300140 -0.000004
300150 -0.000007
300160 0.000002
300170 0.000004
300180 0.000005
300190 -0.000001
300200 0.000002
300210 0.000001
300220 -0.000001
300230 -0.000003
300240 0.000004
300250 -0.000001
300260 -0.000001
300270 -0.000000
300280 -0.000001
300290 0.000000
300300 -0.000007
300310 0.000005
300320 0.000001
300330 -0.000008
300340 -0.000012
300350 0.000001
300360 -0.000001
300370 0.000002
300380 -0.000005
300390 0.000001
300400 0.000005
300410 0.000003
300420 -0.000004
300430 -0.000001
300440 -0.000023
300450 0.000000
300460 0.000000
300470 -0.000004
300480 -0.000013
300490 -0.000007
300500 0.000000
300510 0.000008
300520 0.000004
300530 -0.000002
300540 -0.000002
300550 0.000016
300560 -0.000005
300570 0.000001
300580 0.000002
300590 0.000000
300600 0.000003
300610 -0.000003
300620 0.000000
300630 0.000011
300640 -0.000077
300650 -0.000005
300660 -0.000002
300670 -0.000005
300680 0.000004
300690 -0.000001
300700 -0.000010
300710 -0.000000
300720 0.000002
300730 0.000001
300740 -0.000003
300750 0.000001
300760 0.000007
300770 -0.000004
300780 0.000005
300790 0.000002
300800 0.000001
300810 -0.000001
300820 -0.000002
300830 -0.000003
300840 0.000003
300850 0.000004
300860 -0.000003
300870 0.000003
300880 -0.000001
300890 -0.000004
300900 0.000006
300910 -0.000006
300920 0.000004
300930 0.000004
300940 0.000005
300950 0.000004
300960 0.000000
300970 -0.000001
300980 0.000001
300990 -0.000002
301000 0.000006
301010 -0.000001
301020 0.000003
301030 -0.000003
301040 0.000002
301050 -0.000004
301060 0.000003
301070 0.000010
301080 -0.000004
301090 -0.000006
301100 -0.000002
301110 -0.000004
301120 0.000002
301130 -0.000003
301140 0.000004
301150 0.000000
301160 -0.000001
301170 0.000003
301180 0.000001
301190 0.000000
301200 -0.000011
301210 0.000007
301220 -0.000003
301230 -0.000001
301240 -0.000000
301250 0.000001
301260 0.000003
301270 0.000002
301280 -0.000005
301290 -0.000002
301300 0.000000
301310 0.000001
301320 0.000004
301330 0.000002
301340 -0.000004
301350 -0.000012
301360 0.000001
301370 -0.000010
301380 -0.000000
301390 -0.000001
301400 -0.000003
301410 -0.000001
301420 -0.000000
301430 0.000001
301440 -0.000001
301450 0.000003
301460 -0.000002
301470 -0.000003
301480 -0.000003
301490 -0.000001
301500 -0.000002
301510 0.000006
301520 -0.000002
301530 0.000003
301540 -0.000006
301550 0.000001
301560 -0.000002
301570 -0.000002
301580 0.000001
301590 -0.000000
301600 0.000003
301610 -0.000003
301620 0.000001
301630 -0.000013
301640 0.000001
301650 -0.000000
301660 -0.000001
301670 -0.000003
301680 -0.000113
301690 0.000006
301700 0.000006
301710 0.000004
301720 0.000001
301730 -0.000001
301740 0.000007
301750 -0.000008
301760 -0.000004
301770 -0.000004
301780 -0.000002
301790 0.000014
301800 0.000008
301810 0.000000
301820 0.000001
301830 -0.000000
301840 0.000004
301850 -0.000001
301860 -0.000005
301870 0.000002
301880 0.000002
301890 -0.000004
301900 0.000009
301910 0.000000
301920 -0.000007
301930 0.000007
301940 -0.000003
301950 0.000006
301960 -0.000002
301970 -0.000001
301980 -0.000001
301990 -0.000000
302000 -0.000005
302010 -0.000285
302020 0.000001
302030 0.000010
302040 -0.000001
302050 -0.000019
302060 0.000006
302070 0.000007
302080 0.000006
302090 -0.000002
302100 -0.000006
302110 -0.000001
302120 0.000002
302130 0.000008
302140 -0.000002
302150 -0.000002
302160 -0.000003
302170 -0.000001
302180 0.000003
302190 0.000000
302200 0.000000
302210 0.000002
302220 -0.000002
302230 0.000002
302240 0.000011
302250 0.000005
302260 0.000005
302270 0.000006
302280 -0.000003
302290 0.000004
302300 -0.000002
302310 -0.000011
302320 -0.000000
302330 -0.000004
302340 0.000003
302350 0.000002
302360 -0.000004
302370 0.000003
302380 -0.000007
302390 0.000002
302400 -0.000001
302410 -0.000001
302420 0.000005
302430 -0.000003
302440 -0.000006
302450 0.000000
302460 -0.000001
302470 -0.000004
302480 -0.000000
302490 0.000003
302500 -0.000001
302510 0.000008
302520 -0.000000
302530 -0.000007
302540 0.000004
302550 -0.000012
302560 -0.000002
302570 -0.000001
302580 0.000001
302590 0.000001
302600 0.000027
302610 -0.000002
302620 0.000003
302630 -0.000004
302640 0.000005
302650 -0.000003
302660 -0.000000
302670 0.000096
302680 -0.000001
302690 -0.000002
302700 -0.000016
302710 -0.000001
302720 -0.000007
302730 0.000005
302740 -0.000002
302750 0.000001
302760 0.000007
302770 -0.000002
302780 -0.000004
302790 0.000001
302800 -0.000000
302810 0.000001
302820 -0.000001
302830 0.000003
302840 -0.000005
302850 -0.000003
302860 0.000001
302870 0.000005
302880 0.000001
302890 0.000002
302900 0.000001
302910 -0.000001
302920 0.000000
302930 -0.000001
302940 0.000002
302950 -0.000006
302960 -0.000004
302970 0.000032
302980 -0.000000
302990 0.000007
303000 0.000001
303010 -0.000002
303020 0.000005
303030 0.000005
303040 -0.000001
303050 -0.000003
303060 0.000003
303070 0.000010
303080 0.000011
303090 -0.000002
303100 0.000004
303110 0.000015
303120 -0.000003
303130 -0.000003
303140 0.000009
303150 0.000003
303160 0.000002
303170 -0.000003
303180 -0.000004
303190 0.000001
303200 -0.000003
303210 -0.000001
303220 0.000001
303230 0.000004
303240 -0.000001
303250 -0.000001
303260 0.000002
303270 0.000005
303280 0.000001
303290 0.000004
303300 0.000001
303310 -0.000025
303320 -0.000000
303330 -0.000003
303340 -0.000005
303350 -0.000003
303360 -0.000002
303370 -0.000002
303380 0.000001
303390 0.000003
303400 -0.000006
303410 -0.000003
303420 0.000002
303430 0.000003
303440 0.000002
303450 0.000005
303460 0.000005
303470 -0.000005
303480 -0.000016
303490 -0.000001
303500 -0.000000
303510 0.000000
303520 -0.000005
303530 -0.000000
303540 0.000005
303550 -0.000001
303560 -0.000005
303570 -0.000002
303580 -0.000001
303590 0.000000
303600 -0.000006
303610 0.000001
303620 -0.000001
303630 -0.000002
303640 -0.000009
303650 0.000006
303660 -0.000002
303670 0.000001
303680 0.000002
303690 -0.000003
303700 -0.000001
303710 -0.000001
303720 0.000001
303730 -0.000004
303740 -0.000001
303750 0.000001
303760 -0.000003
303770 -0.000019
303780 0.000008
303790 0.000005
303800 -0.000002
303810 0.000001
303820 0.000004
303830 -0.000002
303840 0.000003
303850 0.000003
303860 0.000008
303870 0.000000
303880 -0.000005
303890 0.000007
303900 -0.000006
303910 0.000004
303920 -0.000001
303930 -0.000003
303940 0.000002
303950 0.000001
303960 -0.000005
303970 -0.000001
303980 0.000001
303990 -0.000002
304000 -0.000003
304010 -0.000011
304020 0.000002
304030 0.000002
304040 -0.000000
304050 0.000002
304060 -0.000007
304070 0.000013
304080 -0.000006
304090 -0.000007
304100 0.000009
304110 0.000003
304120 0.000004
304130 0.000002
304140 -0.000002
304150 0.000009
304160 0.000001
304170 -0.000001
304180 0.000004
304190 -0.000007
304200 0.000003
304210 0.000010
304220 0.000001
304230 0.000004
304240 -0.000001
304250 0.000000
304260 -0.000002
304270 0.000011
304280 0.000001
304290 0.000010
304300 0.000002
304310 -0.000004
304320 -0.000000
304330 0.000001
304340 -0.000008
304350 0.000007
304360 -0.000002
304370 -0.000001
304380 0.000004
304390 0.000009
304400 -0.000000
304410 -0.000000
304420 0.000007
304430 0.000018
304440 -0.000002
304450 -0.000001
304460 -0.000001
304470 -0.000004
304480 0.000005
304490 0.000002
304500 0.000002
304510 0.000003
304520 0.000007
304530 0.000004
304540 0.000006
304550 0.000000
304560 -0.000001
304570 0.000003
304580 0.000000
304590 0.000001
304600 0.000000
304610 0.000002
304620 -0.000001
304630 -0.000002
304640 0.000001
304650 0.000000
304660 0.000022
304670 -0.000008
304680 0.000001
304690 -0.000027
304700 0.000001
304710 -0.000000
304720 0.000002
304730 0.000005
304740 0.000000
304750 -0.000004
304760 -0.000006
304770 0.000011
304780 0.000002
304790 0.000000
304800 -0.000006
304810 0.000001
304820 0.000000
304830 0.000001
304840 0.000003
304850 -0.000002
304860 -0.000004
304870 0.000001
304880 0.000007
304890 -0.000003
304900 0.000003
304910 -0.000001
304920 -0.000010
304930 -0.000008
304940 -0.000001
304950 -0.000002
304960 -0.000003
304970 0.000003
304980 0.000003
304990 0.000001
305000 0.000005
305010 0.000004
305020 0.000006
305030 0.000001
305040 -0.000003
305050 0.000003
305060 0.000006
305070 -0.000002
305080 -0.000007
305090 -0.000010
305100 -0.000001
305110 0.000002
305120 -0.000009
305130 0.000002
305140 -0.000004
305150 0.000000
305160 -0.000004
305170 -0.000002
305180 -0.000003
305190 0.000002
305200 -0.000005
305210 -0.000008
305220 -0.000003
305230 0.000010
305240 0.000002
305250 -0.000002
305260 -0.000000
305270 0.000001
305280 0.000001
305290 -0.000005
305300 0.000003
305310 0.000001
305320 -0.000046
305330 0.000001
305340 -0.000002
305350 -0.000003
305360 0.000001
305370 -0.000001
305380 0.000003
305390 0.000001
305400 -0.000007
305410 -0.000001
305420 -0.000000
305430 -0.000003
305440 0.000007
305450 -0.000004
305460 -0.000003
305470 0.000001
305480 -0.000001
305490 0.000006
305500 0.000004
305510 0.000001
305520 0.000007
305530 0.000001
305540 -0.000000
305550 -0.000001
305560 -0.000004
305570 -0.000006
305580 -0.000000
305590 0.000005
305600 0.000011
305610 -0.000005
305620 0.000002
305630 0.000004
305640 0.000002
305650 -0.000004
305660 -0.000003
305670 -0.000011
305680 -0.000003
305690 0.000001
305700 -0.000001
305710 -0.000005
305720 0.000001
305730 0.000001
305740 -0.000010
305750 -0.000001
305760 -0.000004
305770 -0.000001
305780 0.000003
305790 -0.000005
305800 0.000004
305810 0.000001
305820 -0.000007
305830 0.000000
305840 -0.000013
305850 0.000004
305860 -0.000008
305870 -0.000001
305880 -0.000001
305890 0.000001
305900 0.000002
305910 0.000024
305920 0.000002
305930 0.000004
305940 -0.000000
305950 0.000001
305960 0.000094
305970 -0.000004
305980 -0.000007
305990 0.000000
306000 -0.000001
306010 0.000001
306020 0.000003
306030 -0.000002
306040 -0.000003
306050 0.000006
306060 -0.000007
306070 -0.000002
306080 0.000000
306090 -0.000003
306100 0.000001
306110 0.000003
306120 -0.000003
306130 0.000017
306140 0.000001
306150 -0.000003
306160 -0.000006
306170 0.000001
306180 -0.000002
306190 -0.000002
306200 -0.000005
306210 0.000001
306220 0.000004
306230 0.000001
306240 0.000010
306250 0.000002
306260 -0.000006
306270 -0.000006
306280 -0.000035
306290 0.000019
306300 0.000002
306310 -0.000002
306320 -0.000002
306330 0.000001
306340 0.000001
306350 0.000004
306360 0.000001
306370 0.000004
306380 -0.000014
306390 0.000007
306400 -0.000150
306410 0.000005
306420 0.000005
306430 -0.000000
306440 -0.000004
306450 -0.000004
306460 -0.000003
306470 0.000000
306480 -0.000027
306490 -0.000000
306500 0.000000
306510 -0.000004
306520 0.000002
306530 -0.000006
306540 -0.000001
306550 0.000002
306560 -0.000002
306570 -0.000005
306580 0.000001
306590 0.000011
306600 0.000001
306610 0.000002
306620 -0.000002
306630 0.000000
306640 0.000000
306650 0.000257
306660 0.000002
306670 -0.000002
306680 0.000002
306690 -0.000002
306700 -0.000006
306710 -0.000012
306720 -0.000007
306730 -0.000001
306740 0.000005
306750 -0.000003
306760 0.000002
306770 0.000003
306780 -0.000001
306790 0.000009
306800 0.000004
306810 0.000010
306820 -0.000004
306830 0.000004
306840 -0.000005
306850 0.000003
306860 0.000012
306870 -0.000003
306880 0.000003
306890 0.000002
306900 -0.000001
306910 0.000004
306920 0.000002
306930 -0.000004
306940 0.000001
306950 0.000001
306960 0.000001
306970 -0.000001
306980 -0.000002
306990 -0.000020
307000 -0.000003
307010 -0.000001
307020 0.000001
307030 -0.000004
307040 0.000021
307050 -0.000010
307060 -0.000002
307070 0.000004
307080 0.000028
307090 -0.000004
307100 0.000007
307110 0.000014
307120 0.000003
307130 0.000007
307140 0.000003
307150 0.000007
307160 -0.000012
307170 -0.000001
307180 -0.000004
307190 -0.000001
307200 0.000002
307210 -0.000001
307220 0.000006
307230 0.000002
307240 0.000001
307250 -0.000001
307260 0.000002
307270 0.000000
307280 0.000006
307290 0.000002
307300 0.000001
307310 -0.000001
307320 0.000000
307330 -0.000002
307340 0.000002
307350 -0.000007
307360 0.000007
307370 0.000001
307380 -0.000002
307390 -0.000004
307400 0.000001
307410 -0.000002
307420 0.000001
307430 0.000011
307440 0.000003
307450 -0.000001
307460 -0.000003
307470 -0.000000
307480 -0.000001
307490 0.000016
307500 -0.000000
307510 0.000003
307520 0.000004
307530 0.000002
307540 0.000001
307550 0.000015
307560 -0.000001
307570 -0.000006
307580 -0.000003
307590 -0.000001
307600 -0.000004
307610 0.000020
307620 0.000000
307630 0.000000
307640 -0.000003
307650 -0.000001
307660 -0.000004
307670 0.000001
307680 0.000002
307690 0.000001
307700 -0.000001
307710 0.000002
307720 -0.000004
307730 -0.000004
307740 0.000001
307750 -0.000002
307760 0.000003
307770 -0.000002
307780 -0.000003
307790 -0.000009
307800 0.000002
307810 -0.000005
307820 0.000003
307830 0.000004
307840 0.000001
307850 -0.000005
307860 -0.000001
307870 -0.000003
307880 0.000001
307890 0.000021
307900 0.000002
307910 -0.000000
307920 0.000003
307930 -0.000002
307940 -0.000000
307950 0.000004
307960 -0.000001
307970 0.000002
307980 -0.000002
307990 -0.000002
308000 -0.000001
308010 0.000001
308020 -0.000007
308030 0.000001
308040 0.000007
308050 0.000002
308060 -0.000006
308070 0.000004
308080 0.000004
308090 0.000002
308100 0.000003
308110 0.000003
308120 0.000002
308130 -0.000014
308140 0.000007
308150 0.000000
308160 -0.000004
308170 0.000004
308180 0.000001
308190 -0.000003
308200 0.000003
308210 0.000000
308220 -0.000003
308230 0.000000
308240 -0.000014
308250 0.000004
308260 -0.000003
308270 0.000006
308280 0.000002
308290 0.000001
308300 0.000000
308310 0.000001
308320 0.000002
308330 -0.000002
308340 -0.000003
308350 0.000002
308360 0.000006
308370 -0.000001
308380 0.000009
308390 -0.000000
308400 -0.000004
308410 0.000000
308420 0.000005
308430 -0.000002
308440 0.000376
308450 -0.000001
308460 -0.000002
308470 -0.000091
308480 -0.000018
308490 -0.000006
308500 -0.000001
308510 -0.000003
308520 -0.000001
308530 0.000005
308540 -0.000003
308550 0.000005
308560 0.000001
308570 0.000000
308580 0.000001
308590 0.000001
308600 0.000006
308610 -0.000002
308620 -0.000003
308630 -0.000003
308640 -0.000001
308650 0.000013
308660 -0.000001
308670 -0.000000
308680 -0.000002
308690 -0.000002
308700 -0.000001
308710 0.000001
308720 0.000003
308730 0.000002
308740 0.000003
308750 -0.000005
308760 -0.000000
308770 -0.000000
308780 0.000005
308790 0.000005
308800 -0.000000
308810 0.000003
308820 0.000002
308830 0.000002
308840 0.000006
308850 0.000012
308860 -0.000014
308870 0.000002
308880 -0.000009
308890 0.000002
308900 0.000004
308910 0.000001
308920 -0.000000
308930 -0.000001
308940 0.000002
308950 -0.000001
308960 0.000001
308970 0.000001
308980 0.000006
308990 0.000002
309000 0.000001
309010 -0.000001
309020 0.000004
309030 -0.000001
309040 -0.000025
309050 0.000007
309060 -0.000003
309070 0.000002
309080 -0.000002
309090 -0.000005
309100 0.000004
309110 0.000005
309120 -0.000002
309130 0.000003
309140 -0.000002
309150 0.000001
309160 0.000008
309170 0.000011
309180 0.000007
309190 -0.000001
309200 0.000003
309210 0.000005
309220 0.000002
309230 -0.000004
309240 0.000001
309250 -0.000002
309260 0.000003
309270 0.000004
309280 -0.000005
309290 -0.000004
309300 -0.000002
309310 -0.000005
309320 -0.000003
309330 0.000002
309340 0.000006
309350 -0.000002
309360 0.000005
309370 -0.000002
309380 0.000005
309390 0.000002
309400 0.000001
309410 -0.000002
309420 -0.000009
309430 0.000003
309440 -0.000002
309450 -0.000000
309460 -0.000001
309470 -0.000006
309480 -0.000004
309490 0.000003
309500 -0.000003
309510 -0.000007
309520 -0.000000
309530 0.000003
309540 0.000003
309550 -0.000006
309560 -0.000004
309570 -0.000000
309580 -0.000003
309590 0.000003
309600 0.000002
309610 -0.000007
309620 0.000008
309630 -0.000005
309640 0.000002
309650 -0.000002
309660 0.000003
309670 -0.000001
309680 -0.000003
309690 -0.000001
309700 0.000006
309710 0.000004
309720 0.000003
309730 0.000003
309740 0.000001
309750 0.000004
309760 -0.000001
309770 0.000002
309780 0.000005
309790 0.000003
309800 0.000001
309810 0.000004
309820 -0.000001
309830 0.000008
309840 0.000004
309850 -0.000007
309860 -0.000004
309870 -0.000000
309880 0.000001
309890 0.000007
309900 -0.000005
309910 -0.000003
309920 -0.000007
309930 -0.000003
309940 0.000001
309950 -0.000002
309960 0.000003
309970 0.000004
309980 -0.000001
309990 -0.000003
310000 0.000012
310010 0.000002
310020 -0.000004
310030 0.000005
310040 0.000003
310050 -0.000006
310060 0.000001
310070 -0.000000
310080 -0.000001
310090 0.000005
310100 -0.000002
310110 0.000002
310120 -0.000003
310130 0.000004
310140 -0.000018
310150 -0.000058
310160 0.000003
310170 0.000001
310180 -0.000006
310190 -0.000013
310200 0.000001
310210 0.000002
310220 0.000000
310230 -0.000001
310240 0.000003
310250 0.000004
310260 0.000000
310270 0.000010
310280 0.000009
310290 -0.000007
310300 -0.000000
310310 0.000001
310320 0.000005
310330 0.000007
310340 -0.000003
310350 0.000006
310360 -0.000001
310370 -0.000003
310380 -0.000001
310390 -0.000002
310400 -0.000000
310410 0.000000
310420 0.000001
310430 -0.000003
310440 -0.000003
310450 0.000000
310460 -0.000002
310470 -0.000003
310480 -0.000000
310490 -0.000008
310500 0.000105
310510 0.000006
310520 -0.000001
310530 0.000002
310540 0.000001
310550 0.000050
310560 0.000001
310570 0.000014
310580 0.000001
310590 -0.000003
310600 0.000001
310610 0.000009
310620 -0.000006
310630 0.000009
310640 -0.000007
310650 0.000002
310660 -0.000004
310670 -0.000006
310680 0.000001
310690 0.000001
310700 -0.000006
310710 0.000004
310720 -0.000010
310730 -0.000001
310740 -0.000004
310750 -0.000000
310760 0.000002
310770 0.000003
310780 -0.000000
310790 -0.000005
310800 0.000002
310810 -0.000003
310820 0.000004
310830 -0.000005
310840 -0.000000
310850 -0.000000
310860 -0.000006
310870 0.000001
310880 0.000005
310890 -0.000000
310900 0.000000
310910 -0.000003
310920 -0.000005
310930 0.000007
310940 -0.000005
310950 0.000001
310960 -0.000016
310970 -0.000005
310980 -0.000004
310990 0.000004
311000 0.000003
311010 -0.000000
311020 -0.000003
311030 0.000003
311040 -0.000004
311050 0.000004
311060 -0.000011
311070 0.000001
311080 -0.000001
311090 0.000000
311100 -0.000000
311110 0.000000
311120 0.000004
311130 -0.000002
311140 0.000000
311150 0.000001
311160 -0.000002
311170 -0.000003
311180 -0.000004
311190 0.000005
311200 0.000007
311210 0.000004
311220 0.000005
311230 -0.000000
311240 -0.000001
311250 -0.000242
311260 0.000003
311270 0.000007
311280 0.000001
311290 0.000005
311300 0.000001
311310 -0.000003
311320 0.000002
311330 -0.000001
311340 0.000005
311350 -0.000002
311360 0.000003
311370 0.000001
311380 0.000005
311390 0.000001
311400 -0.000002
311410 -0.000003
311420 -0.000009
311430 -0.000008
311440 0.000004
311450 0.000001
311460 0.000009
311470 0.000009
311480 -0.000002
311490 -0.000015
311500 -0.000002
311510 0.000000
311520 0.000004
311530 -0.000001
311540 0.000001
311550 0.000003
311560 -0.000002
311570 0.000002
311580 -0.000001
311590 -0.000001
311600 0.000006
311610 0.000002
311620 -0.000004
311630 -0.000002
311640 0.000003
311650 -0.000001
311660 0.000004
311670 -0.000003
311680 -0.000000
311690 0.000002
311700 -0.000003
311710 -0.000001
311720 0.000003
311730 0.000004
311740 0.000000
311750 0.000001
311760 0.000004
311770 -0.000002
311780 -0.000000
311790 0.000000
311800 0.000004
311810 -0.000001
311820 0.000000
311830 -0.000002
311840 -0.000002
311850 0.000002
311860 0.000005
311870 0.000000
311880 0.000002
311890 -0.000000
311900 -0.000001
311910 0.000012
311920 0.000002
311930 -0.000001
311940 -0.000005
311950 0.000001
311960 0.000002
311970 0.000001
311980 -0.000001
311990 -0.000011
312000 0.000002
312010 0.000001
312020 0.000013
312030 0.000001
312040 0.000012
312050 -0.000002
312060 -0.000004
312070 0.000003
312080 -0.000003
312090 -0.000007
312100 -0.000004
312110 -0.000001
312120 -0.000002
312130 0.000002
312140 0.000000
312150 0.000005
312160 0.000007
312170 0.000002
312180 -0.000002
312190 -0.000000
312200 -0.000000
312210 -0.000002
312220 -0.000000
312230 0.000001
312240 -0.000002
312250 -0.000001
312260 0.000010
312270 0.000000
312280 0.000002
312290 -0.000002
312300 -0.000001
312310 -0.000005
312320 -0.000005
312330 -0.000006
312340 -0.000010
312350 0.000000
312360 0.000002
312370 -0.000007
312380 0.000008
312390 0.000002
312400 -0.000002
312410 -0.000007
312420 0.000001
312430 0.000002
312440 -0.000003
312450 0.000001
312460 -0.000004
312470 -0.000000
312480 0.000001
312490 -0.000004
312500 0.000002
312510 -0.000002
312520 -0.000006
312530 -0.000004
312540 0.000000
312550 0.000001
312560 -0.000006
312570 0.000005
312580 0.000001
312590 -0.000001
312600 -0.000006
312610 -0.000005
312620 -0.000110
312630 -0.000001
312640 0.000009
312650 0.000001
312660 0.000000
312670 -0.000001
312680 -0.000001
312690 0.000001
312700 -0.000101
312710 -0.000010
312720 0.000002
312730 0.000001
312740 0.000000
312750 0.000001
312760 0.000013
312770 0.000008
312780 0.000006
312790 0.000002
312800 -0.000007
312810 0.000000
312820 -0.000002
312830 0.000003
312840 -0.000000
312850 0.000002
312860 0.000002
312870 -0.000003
312880 -0.000006
312890 -0.000008
312900 -0.000001
312910 0.000001
312920 0.000001
312930 -0.000005
312940 0.000005
312950 0.000000
312960 0.000001
312970 -0.000003
312980 -0.000002
312990 -0.000000
313000 0.000004
313010 0.000001
313020 -0.000006
313030 0.000005
313040 -0.000002
313050 0.000003
313060 -0.000004
313070 -0.000001
313080 -0.000014
313090 0.000022
313100 0.000003
313110 -0.000006
313120 0.000004
313130 -0.000009
313140 -0.000007
313150 -0.000003
313160 -0.000001
313170 0.000023
313180 0.000003
313190 0.000005
313200 0.000003
313210 0.000003
313220 0.000002
313230 0.000001
313240 0.000001
313250 0.000008
313260 0.000002
313270 -0.000003
313280 0.000001
313290 -0.000004
313300 -0.000003
313310 0.000005
313320 0.000001
313330 0.000002
313340 -0.000002
313350 -0.000001
313360 0.000003
313370 0.000013
313380 -0.000002
313390 0.000004
313400 0.000003
313410 0.000003
313420 -0.000005
313430 -0.000012
313440 0.000244
313450 0.000004
313460 0.000003
313470 0.000001
313480 -0.000002
313490 -0.000003
313500 -0.000002
313510 -0.000004
313520 0.000009
313530 0.000002
313540 -0.000002
313550 -0.000011
313560 -0.000004
313570 0.000003
313580 -0.000002
313590 0.000005
313600 -0.000007
313610 0.000001
313620 -0.000002
313630 -0.000003
313640 0.000002
313650 -0.000002
313660 -0.000000
313670 0.000001
313680 -0.000006
313690 -0.000001
313700 -0.000019
313710 0.000000
313720 0.000002
313730 0.000404
313740 0.000009
313750 -0.000000
313760 -0.000004
313770 0.000003
313780 -0.000000
313790 -0.000001
313800 0.000005
313810 0.000010
313820 -0.000003
313830 -0.000010
313840 0.000002
313850 0.000000
313860 -0.000003
313870 0.000002
313880 -0.000001
313890 0.000011
313900 0.000004
313910 -0.000005
313920 -0.000001
313930 -0.000001
313940 -0.000006
313950 -0.000002
313960 -0.000004
313970 -0.000004
313980 -0.000000
313990 0.000001
314000 -0.000002
314010 0.000002
314020 0.000000
314030 0.000002
314040 -0.000001
314050 -0.000002
314060 0.000003
314070 0.000004
314080 0.000005
314090 -0.000020
314100 0.000002
314110 -0.000002
314120 0.000010
314130 -0.000002
314140 -0.000006
314150 0.000001
314160 -0.000001
314170 -0.000001
314180 -0.000016
314190 0.000003
314200 -0.000004
314210 -0.000001
314220 -0.000003
314230 0.000000
314240 0.000001
314250 -0.000001
314260 -0.000001
314270 0.000009
314280 0.000007
314290 0.000006
314300 -0.000007
314310 -0.000000
314320 -0.000001
314330 0.000009
314340 0.000001
314350 0.000010
314360 0.000000
314370 -0.000004
314380 0.000003
314390 0.000001
314400 -0.000001
314410 -0.000001
314420 0.000001
314430 -0.000001
314440 0.000000
314450 -0.000001
314460 0.000001
314470 -0.000003
314480 -0.000003
314490 0.000002
314500 0.000000
314510 0.000004
314520 -0.000003
314530 -0.000013
314540 0.000001
314550 0.000003
314560 0.000000
314570 -0.000002
314580 0.000004
314590 -0.000004
314600 -0.000006
314610 0.000001
314620 -0.000006
314630 0.000000
314640 0.000000
314650 0.000005
314660 -0.000004
314670 -0.000005
314680 0.000006
314690 0.000002
314700 -0.000004
314710 0.000002
314720 0.000013
314730 -0.000002
314740 -0.000003
314750 -0.000010
314760 -0.000003
314770 0.000003
314780 0.000003
314790 0.000001
314800 0.000000
314810 -0.000002
314820 -0.000001
314830 0.000001
314840 -0.000001
314850 -0.000003
314860 -0.000001
314870 0.000002
314880 -0.000004
314890 0.000000
314900 -0.000000
314910 0.000005
314920 -0.000000
314930 -0.000002
314940 -0.000002
314950 0.000004
314960 0.000003
314970 0.000011
314980 0.000004
314990 -0.000002
315000 0.000000
315010 -0.000006
315020 -0.000000
315030 0.000003
315040 -0.000020
315050 -0.000001
315060 -0.000001
315070 -0.000000
315080 0.000002
315090 -0.000002
315100 0.000001
315110 -0.000001
315120 0.000007
315130 -0.000012
315140 -0.000009
315150 0.000002
315160 0.000000
315170 -0.000001
315180 0.000001
315190 0.000004
315200 -0.000001
315210 0.000001
315220 -0.000003
315230 0.000005
315240 0.000002
315250 -0.000002
315260 0.000539
315270 -0.000004
315280 -0.000011
315290 -0.000002
315300 -0.000001
315310 0.000002
315320 0.000002
315330 -0.000003
315340 0.000004
315350 0.000001
315360 -0.000000
315370 0.000003
315380 -0.000005
315390 -0.000002
315400 -0.000005
315410 0.000002
315420 -0.000001
315430 -0.000008
315440 -0.000000
315450 -0.000002
315460 -0.000000
315470 0.000000
315480 -0.000003
315490 0.000000
315500 0.000004
315510 -0.000001
315520 0.000002
315530 0.000019
315540 -0.000003
315550 -0.000000
315560 -0.000001
315570 -0.000003
315580 -0.000003
315590 -0.000002
315600 0.000001
315610 -0.000003
315620 -0.000002
315630 0.000000
315640 -0.000004
315650 0.000004
315660 0.000003
315670 0.000002
315680 0.000000
315690 0.000002
315700 -0.000002
315710 0.000001
315720 -0.000005
315730 0.000141
315740 -0.000006
315750 -0.000001
315760 -0.000000
315770 -0.000000
315780 -0.000001
315790 -0.000001
315800 0.000005
315810 0.000002
315820 -0.000006
315830 -0.000003
315840 -0.000001
315850 0.000006
315860 0.000002
315870 -0.000002
315880 0.000003
315890 0.000002
315900 -0.000004
315910 -0.000006
315920 0.000003
315930 0.000003
315940 -0.000000
315950 -0.000002
315960 0.000003
315970 0.000007
315980 0.000000
315990 -0.000008
316000 0.000003
316010 -0.000003
316020 0.000000
316030 -0.000006
316040 -0.000008
316050 -0.000001
316060 -0.000000
316070 0.000000
316080 0.000003
316090 -0.000002
316100 -0.000005
316110 0.000002
316120 -0.000003
316130 -0.000004
316140 0.000002
316150 0.000016
316160 0.000130
316170 -0.000002
316180 0.000004
316190 0.000002
316200 -0.000005
316210 0.000001
316220 -0.000001
316230 -0.000000
316240 0.000004
316250 0.000002
316260 0.000001
316270 0.000011
316280 -0.000002
316290 0.000002
316300 -0.000001
316310 0.000000
316320 -0.000006
316330 -0.000002
316340 0.000003
316350 -0.000024
316360 0.000004
316370 0.000002
316380 -0.000001
316390 0.000007
316400 0.000006
316410 0.000004
316420 0.000002
316430 -0.000006
316440 -0.000005
316450 0.000002
316460 0.000001
316470 -0.000000
316480 -0.000001
316490 -0.000007
316500 0.000002
316510 0.000000
316520 -0.000006
316530 -0.000033
316540 0.000004
316550 -0.000001
316560 0.000005
316570 0.000001
316580 0.000003
316590 -0.000001
316600 0.000002
316610 0.000003
316620 0.000000
316630 0.000001
316640 0.000000
316650 0.000004
316660 0.000004
316670 0.000000
316680 0.000003
316690 -0.000003
316700 0.000001
316710 0.000011
316720 0.000001
316730 0.000002
316740 -0.000016
316750 -0.000001
316760 -0.000008
316770 -0.000004
316780 0.000001
316790 0.000003
316800 0.000000
316810 0.000002
316820 0.000005
316830 -0.000003
316840 -0.000003
316850 -0.000001
316860 -0.000004
316870 0.000000
316880 -0.000002
316890 -0.000001
316900 -0.000001
316910 0.000004
316920 -0.000000
316930 0.000015
316940 -0.000001
316950 -0.000001
316960 -0.000003
316970 0.000005
316980 -0.000001
316990 0.000000
317000 -0.000058
317010 -0.000003
317020 0.000008
317030 -0.000002
317040 -0.000001
317050 0.000008
317060 -0.000003
317070 -0.000001
317080 -0.000008
317090 -0.000004
317100 -0.000003
317110 0.000003
317120 -0.000001
317130 -0.000001
317140 0.000005
317150 0.000005
317160 0.000002
317170 0.000001
317180 0.000002
317190 0.000004
317200 -0.000002
317210 -0.000008
317220 0.000000
317230 -0.000000
317240 -0.000001
317250 0.000002
317260 -0.000001
317270 -0.000003
317280 0.000005
317290 0.000002
317300 -0.000001
317310 0.000010
317320 -0.000003
317330 -0.000002
317340 -0.000015
317350 0.000008
317360 0.000006
317370 -0.000301
317380 -0.000007
317390 -0.000004
317400 0.000004
317410 0.000041
317420 0.000001
317430 0.000073
317440 0.000002
317450 -0.000001
317460 -0.000003
317470 -0.000004
317480 -0.000006
317490 0.000019
317500 0.000001
317510 0.000003
317520 0.000000
317530 -0.000001
317540 -0.000001
317550 0.000000
317560 -0.000004
317570 -0.000004
317580 0.000001
317590 0.000005
317600 0.000091
317610 0.000006
317620 -0.000002
317630 -0.000004
317640 -0.000009
317650 -0.000002
317660 0.000000
317670 0.000005
317680 -0.000002
317690 0.000003
317700 0.000001
317710 -0.000001
317720 0.000004
317730 -0.000003
317740 0.000002
317750 -0.000011
317760 -0.000002
317770 0.000003
317780 0.000009
317790 -0.000007
317800 0.000003
317810 0.000003
317820 -0.000005
317830 0.000005
317840 -0.000006
317850 0.000004
317860 0.000002
317870 -0.000003
317880 -0.000000
317890 -0.000001
317900 0.000048
317910 0.000516
317920 -0.000000
317930 0.000008
317940 0.000001
317950 0.000005
317960 0.000003
317970 0.000002
317980 0.000000
317990 0.000001
318000 0.000004
318010 -0.000000
318020 -0.000004
318030 0.000003
318040 -0.000000
318050 0.000002
318060 -0.000000
318070 -0.000005
318080 0.000000
318090 0.000005
318100 -0.000001
318110 0.000001
318120 -0.000007
318130 -0.000004
318140 -0.000001
318150 0.000002
318160 0.000001
318170 -0.000003
318180 0.000005
318190 0.000001
318200 0.000003
318210 0.000003
318220 0.000002
318230 0.000002
318240 0.000006
318250 -0.000000
318260 0.000002
318270 0.000001
318280 -0.000003
318290 -0.000005
318300 -0.000002
318310 -0.000007
318320 -0.000002
318330 0.000003
318340 -0.000006
318350 0.000001
318360 -0.000011
318370 -0.000002
318380 0.000006
318390 -0.000001
318400 0.000007
318410 -0.000005
318420 -0.000002
318430 0.000004
318440 -0.000002
318450 0.000004
318460 -0.000001
318470 0.000021
318480 -0.000002
318490 -0.000001
318500 0.000001
318510 0.000000
318520 -0.000000
318530 0.000001
318540 0.000037
318550 0.000002
318560 -0.000008
318570 -0.000006
318580 0.000001
318590 -0.000010
318600 0.000002
318610 -0.000006
318620 -0.000003
318630 -0.000003
318640 0.000001
318650 0.000001
318660 -0.000000
318670 -0.000003
318680 0.000003
318690 -0.000004
318700 0.000003
318710 -0.000001
318720 -0.000002
318730 0.000001
318740 0.000004
318750 0.000002
318760 0.000001
318770 -0.000001
318780 0.000001
318790 0.000005
318800 0.000005
318810 0.000002
318820 0.000013
318830 0.000007
318840 -0.000004
318850 -0.000008
318860 -0.000011
318870 -0.000047
318880 -0.000002
318890 -0.000008
318900 0.000007
318910 -0.000004
318920 -0.000002
318930 0.000003
318940 -0.000002
318950 -0.000008
318960 -0.000004
318970 -0.000000
318980 0.000003
318990 -0.000001
319000 -0.000004
319010 0.000004
319020 -0.000000
319030 0.000005
319040 -0.000001
319050 0.000004
319060 0.000003
319070 -0.000003
319080 0.000004
319090 0.000007
319100 -0.000004
319110 0.000007
319120 -0.000000
319130 -0.000237
319140 -0.000000
319150 0.000003
319160 0.000003
319170 -0.000021
319180 -0.000007
319190 0.000000
319200 0.000003
319210 0.000002
319220 -0.000004
319230 -0.000003
319240 -0.000001
319250 -0.000002
319260 0.000008
319270 -0.000003
319280 -0.000004
319290 -0.000000
319300 -0.000010
319310 0.000006
319320 0.000000
319330 -0.000008
319340 -0.000003
319350 0.000002
319360 -0.000003
319370 0.000002
319380 -0.000003
319390 0.000001
319400 -0.000002
319410 0.000004
319420 0.000008
319430 0.000004
319440 -0.000001
319450 0.000004
319460 -0.000003
319470 -0.000000
319480 -0.000005
319490 0.000001
319500 0.000002
319510 -0.000003
319520 0.000001
319530 0.000001
319540 0.000000
319550 0.000001
319560 0.000004
319570 -0.000000
319580 0.000000
319590 0.000001
319600 -0.000001
319610 -0.000007
319620 -0.000022
319630 0.000030
319640 -0.000002
319650 0.000006
319660 0.000004
319670 -0.000000
319680 0.000002
319690 0.000000
319700 -0.000002
319710 -0.000004
319720 0.000000
319730 -0.000003
319740 0.000001
319750 -0.000004
319760 0.000004
319770 -0.000002
319780 0.000007
319790 -0.000003
319800 0.000001
319810 0.000007
319820 0.000001
319830 -0.000004
319840 -0.000001
319850 0.000001
319860 -0.000002
319870 -0.000004
319880 0.000002
319890 -0.000003
319900 -0.000005
319910 -0.000002
319920 -0.000000
319930 0.000001
319940 0.000005
319950 -0.000002
319960 -0.000001
319970 0.000001
319980 0.000012
319990 0.000001
320000 -0.000002
320010 0.000002
320020 0.000005
320030 -0.000002
320040 0.000001
320050 -0.000002
320060 0.000002
320070 -0.000005
320080 -0.000003
320090 0.000002
320100 0.000001
320110 -0.000005
320120 0.000000
320130 -0.000001
320140 -0.000002
320150 0.000005
320160 0.000003
320170 0.000003
320180 0.000006
320190 0.000000
320200 0.000001
320210 -0.000002
320220 -0.000005
320230 -0.000004
320240 0.000003
320250 0.000000
320260 0.000004
320270 0.000001
320280 0.000004
320290 -0.000009
320300 -0.000005
320310 -0.000004
320320 -0.000002
320330 -0.000020
320340 -0.000007
320350 -0.000006
320360 -0.000002
320370 0.000002
320380 -0.000003
320390 0.000000
320400 0.000000
320410 0.000006
320420 0.000001
320430 -0.000004
320440 -0.000001
320450 0.000003
320460 0.000001
320470 -0.000003
320480 -0.000005
320490 0.000006
320500 0.000002
320510 -0.000005
320520 0.000004
320530 -0.000003
320540 -0.000002
320550 -0.000002
320560 0.000018
320570 0.000002
320580 -0.000001
320590 -0.000001
320600 0.000001
320610 0.000014
320620 -0.000001
320630 0.000001
320640 -0.000003
320650 0.000001
320660 -0.000001
320670 -0.000000
320680 0.000002
320690 0.000001
320700 0.000012
320710 -0.000002
320720 0.000002
320730 0.000003
320740 -0.000000
320750 -0.000002
320760 -0.000004
320770 -0.000004
320780 -0.000001
320790 0.000003
320800 0.000007
320810 -0.000002
320820 0.000012
320830 -0.000008
320840 -0.000000
320850 0.000001
320860 -0.000014
320870 0.000005
320880 -0.000003
320890 -0.000001
320900 -0.000114
320910 0.000002
320920 -0.000001
320930 0.000006
320940 0.000001
320950 0.000000
320960 0.000009
320970 0.000004
320980 0.000000
320990 -0.000005
321000 0.000006
321010 0.000001
321020 -0.000004
321030 -0.000002
321040 0.000002
321050 -0.000007
321060 0.000001
321070 0.000002
321080 -0.000001
321090 0.000000
321100 0.000000
321110 0.000002
321120 -0.000007
321130 0.000005
321140 0.000006
321150 -0.000003
321160 0.000006
321170 0.000005
321180 -0.000001
321190 0.000004
321200 -0.000000
321210 0.000002
321220 0.000001
321230 -0.000000
321240 -0.000001
321250 0.000001
321260 -0.000003
321270 0.000005
321280 0.000001
321290 0.000000
321300 -0.000013
321310 0.000003
321320 0.000006
321330 -0.000016
321340 -0.000012
321350 0.000005
321360 -0.000002
321370 0.000002
321380 -0.000002
321390 0.000008
321400 -0.000005
321410 0.000005
321420 0.000001
321430 -0.000006
321440 -0.000002
321450 0.000004
321460 0.000011
321470 -0.000008
321480 -0.000001
321490 -0.000008
321500 -0.000008
321510 0.000001
321520 -0.000001
321530 0.000002
321540 0.000001
321550 -0.000004
321560 0.000002
321570 0.000006
321580 -0.000002
321590 -0.000000
321600 0.000005
321610 -0.000000
321620 0.000007
321630 0.000001
321640 -0.000003
321650 -0.000003
321660 0.000002
321670 -0.000006
321680 0.000013
321690 -0.000003
321700 -0.000000
321710 0.000000
321720 0.000009
321730 -0.000003
321740 0.000000
321750 0.000003
321760 -0.000003
321770 -0.000003
321780 -0.000006
321790 0.000004
321800 -0.000002
321810 0.000003
321820 -0.000012
321830 -0.000012
321840 0.000002
321850 -0.000001
321860 -0.000001
321870 -0.000002
321880 0.000001
321890 -0.000010
321900 0.000004
321910 0.000002
321920 0.000002
321930 0.000002
321940 -0.000004
321950 -0.000001
321960 -0.000002
321970 -0.000002
321980 0.000007
321990 0.000004
322000 0.000003
322010 -0.000004
322020 0.000002
322030 -0.000000
322040 0.000006
322050 -0.000002
322060 -0.000000
322070 0.000009
322080 -0.000001
322090 0.000001
322100 -0.000001
322110 -0.000002
322120 -0.000001
322130 -0.000002
322140 0.000003
322150 -0.000004
322160 -0.000006
322170 -0.000000
322180 0.000002
322190 -0.000011
322200 0.000001
322210 -0.000007
322220 -0.000000
322230 -0.000003
322240 0.000002
322250 -0.000003
322260 -0.000002
322270 -0.000002
322280 0.000002
322290 -0.000001
322300 -0.000005
322310 0.000008
322320 -0.000003
322330 -0.000001
322340 0.000001
322350 -0.000001
322360 -0.000001
322370 -0.000000
322380 -0.000003
322390 -0.000002
322400 0.000002
322410 -0.000001
322420 0.000002
322430 0.000003
322440 0.000002
322450 -0.000000
322460 -0.000001
322470 -0.000006
322480 0.000001
322490 0.000001
322500 0.000003
322510 0.000002
322520 0.000053
322530 -0.000000
322540 0.000006
322550 -0.000001
322560 -0.000003
322570 -0.000003
322580 -0.000007
322590 -0.000006
322600 0.000008
322610 -0.000004
322620 -0.000004
322630 0.000001
322640 -0.000000
322650 0.000000
322660 0.000004
322670 -0.000002
322680 0.000001
322690 -0.000003
322700 0.000002
322710 0.000004
322720 -0.000000
322730 -0.000000
322740 0.000004
322750 0.000003
322760 -0.000002
322770 -0.000003
322780 0.000002
322790 0.000003
322800 0.000003
322810 0.000004
322820 0.000000
322830 -0.000001
322840 0.000002
322850 -0.000004
322860 0.000089
322870 -0.000008
322880 0.000003
322890 0.000004
322900 -0.000002
322910 -0.000001
322920 -0.000002
322930 -0.000002
322940 0.000001
322950 -0.000006
322960 0.000001
322970 0.000003
322980 0.000004
322990 -0.000001
323000 0.000004
323010 -0.000004
323020 0.000005
323030 -0.000004
323040 -0.000001
323050 0.000002
323060 -0.000001
323070 -0.000002
323080 -0.000002
323090 0.000001
323100 0.000002
323110 0.000000
323120 0.000006
323130 -0.000000
323140 -0.000000
323150 -0.000003
323160 0.000001
323170 0.000001
323180 0.000000
323190 -0.000000
323200 0.000011
323210 -0.000000
323220 0.000003
323230 0.000000
323240 -0.000007
323250 -0.000002
323260 -0.000004
323270 -0.000002
323280 0.000005
323290 0.000006
323300 -0.000001
323310 0.000004
323320 0.000004
323330 -0.000005
323340 0.000003
323350 0.000004
323360 -0.000010
323370 -0.000001
323380 -0.000003
323390 -0.000002
323400 0.000001
323410 0.000002
323420 0.000000
323430 -0.000122
323440 0.000000
323450 0.000003
323460 -0.000003
323470 0.000010
323480 0.000004
323490 0.000005
323500 -0.000005
323510 0.000005
323520 -0.000003
323530 0.000001
323540 -0.000004
323550 -0.000003
323560 -0.000006
323570 0.000097
323580 -0.000000
323590 0.000001
323600 -0.000002
323610 0.000003
323620 -0.000001
323630 -0.000002
323640 -0.000000
323650 0.000000
323660 0.000001
323670 0.000002
323680 -0.000002
323690 0.000000
323700 0.000001
323710 0.000002
323720 -0.000005
323730 -0.000005
323740 0.000005
323750 -0.000002
323760 -0.000011
323770 0.000000
323780 -0.000001
323790 0.000001
323800 0.000001
323810 -0.000000
323820 0.000004
323830 -0.000001
323840 -0.000003
323850 0.000002
323860 -0.000006
323870 -0.000003
323880 0.000001
323890 0.000000
323900 0.000001
323910 -0.000004
323920 -0.000008
323930 -0.000023
323940 0.000002
323950 0.000003
323960 0.000011
323970 0.000003
323980 0.000002
323990 0.000002
324000 0.000030
324010 0.000001
324020 -0.000004
324030 -0.000001
324040 0.000002
324050 -0.000007
324060 -0.000000
324070 0.000005
324080 -0.000007
324090 0.000011
324100 0.000005
324110 -0.000002
324120 0.000003
324130 0.000002
324140 0.000003
324150 -0.000005
324160 -0.000002
324170 -0.000001
324180 -0.000005
324190 0.000005
324200 0.000004
324210 -0.000001
324220 0.000002
324230 0.000003
324240 -0.000002
324250 -0.000002
324260 -0.000005
324270 0.000002
324280 0.000033
324290 0.000000
324300 -0.000001
324310 -0.000002
324320 0.000005
324330 -0.000001
324340 -0.000000
324350 -0.000001
324360 0.000004
324370 0.000025
324380 0.000002
324390 -0.000004
324400 0.000002
324410 0.000000
324420 0.000004
324430 -0.000002
324440 -0.000009
324450 0.000002
324460 0.000001
324470 0.000000
324480 0.000006
324490 -0.000003
324500 -0.000001
324510 0.000001
324520 -0.000001
324530 0.000003
324540 0.000000
324550 -0.000008
324560 0.000003
324570 0.000001
324580 0.000000
324590 0.000005
324600 -0.000001
324610 0.000002
324620 0.000001
324630 0.000004
324640 0.000002
324650 0.000004
324660 0.000005
324670 0.000003
324680 0.000019
324690 -0.000003
324700 0.000004
324710 0.000000
324720 0.000007
324730 -0.000002
324740 -0.000005
324750 -0.000000
324760 0.000001
324770 0.000002
324780 0.000001
324790 -0.000005
324800 0.000011
324810 0.000001
324820 0.000002
324830 -0.000001
324840 0.000001
324850 -0.000001
324860 -0.000002
324870 -0.000004
324880 -0.000002
324890 0.000003
324900 -0.000001
324910 0.000004
324920 0.000001
324930 -0.000001
324940 0.000001
324950 0.000002
324960 -0.000001
324970 -0.000009
324980 -0.000004
324990 -0.000003
325000 -0.000001
325010 0.000001
325020 0.000001
325030 -0.000002
325040 -0.000003
325050 -0.000007
325060 0.000004
325070 -0.000004
325080 -0.000010
325090 -0.000000
325100 0.000002
325110 0.000000
325120 0.000003
325130 -0.000020
325140 0.000002
325150 0.000001
325160 0.000003
325170 -0.000000
325180 0.000006
325190 -0.000005
325200 0.000001
325210 -0.000009
325220 0.000000
325230 0.000001
325240 0.000000
325250 0.000001
325260 0.000001
325270 -0.000000
325280 0.000001
325290 -0.000002
325300 0.000003
325310 -0.000003
325320 -0.000001
325330 0.000008
325340 0.000003
325350 -0.000004
325360 0.000006
325370 -0.000004
325380 0.000004
325390 -0.000002
325400 -0.000006
325410 -0.000002
325420 -0.000002
325430 0.000004
325440 0.000000
325450 -0.000002
325460 0.000000
325470 -0.000002
325480 -0.000005
325490 -0.000001
325500 -0.000001
325510 -0.000001
325520 -0.000003
325530 -0.000001
325540 0.000000
325550 0.000005
325560 0.000003
325570 -0.000002
325580 0.000001
325590 0.000003
325600 -0.000006
325610 0.000000
325620 0.000000
325630 -0.000001
325640 -0.000004
325650 0.000011
325660 -0.000001
325670 -0.000002
325680 -0.000002
325690 0.000002
325700 -0.000004
325710 -0.000003
325720 0.000001
325730 0.000000
325740 0.000000
325750 0.000005
325760 0.000002
325770 0.000005
325780 -0.000001
325790 0.000006
325800 0.000000
325810 0.000007
325820 0.000001
325830 0.000000
325840 0.000003
325850 0.000003
325860 0.000014
325870 0.000001
325880 0.000006
325890 0.000001
325900 0.000002
325910 0.000001
325920 -0.000001
325930 -0.000003
325940 0.000008
325950 0.000013
325960 0.000004
325970 -0.000002
325980 -0.000000
325990 0.000001
326000 -0.000003
326010 -0.000001
326020 0.000006
326030 -0.000004
326040 -0.000008
326050 0.000001
326060 0.000014
326070 0.000000
326080 0.000001
326090 0.000000
326100 0.000007
326110 0.000000
326120 -0.000000
326130 -0.000005
326140 -0.000002
326150 0.000003
326160 -0.000002
326170 0.000007
326180 -0.000002
326190 -0.000003
326200 0.000006
326210 0.000005
326220 -0.000001
326230 0.000001
326240 0.000003
326250 -0.000001
326260 0.000001
326270 0.000003
326280 0.000001
326290 -0.000004
326300 -0.000005
326310 0.000001
326320 -0.000002
326330 0.000000
326340 0.000002
326350 0.000005
326360 0.000002
326370 0.000000
326380 -0.000017
326390 -0.000009
326400 0.000003
326410 -0.000001
326420 0.000006
326430 0.000000
326440 0.000001
326450 -0.000000
326460 -0.000001
326470 0.000000
326480 0.000011
326490 -0.000005
326500 0.000003
326510 -0.000002
326520 0.000002
326530 -0.000001
326540 0.000000
326550 0.000004
326560 0.000003
326570 0.000005
326580 0.000001
326590 0.000003
326600 -0.000007
326610 -0.000001
326620 0.000004
326630 -0.000134
326640 -0.000002
326650 -0.000001
326660 -0.000002
326670 0.000000
326680 -0.000001
326690 -0.000000
326700 0.000004
326710 0.000002
326720 0.000001
326730 -0.000001
326740 0.000002
326750 -0.000005
326760 -0.000002
326770 0.000003
326780 0.000001
326790 -0.000008
326800 -0.000001
326810 -0.000001
326820 0.000003
326830 0.000008
326840 -0.000002
326850 -0.000005
326860 0.000000
326870 0.000003
326880 -0.000006
326890 0.000003
326900 0.000001
326910 -0.000002
326920 -0.000000
326930 0.000000
326940 0.000021
326950 -0.000004
326960 0.000006
326970 0.000002
326980 -0.000001
326990 -0.000004
327000 0.000001
327010 0.000004
327020 -0.000006
327030 0.000002
327040 -0.000002
327050 -0.000001
327060 0.000002
327070 -0.000000
327080 -0.000008
327090 -0.000000
327100 0.000002
327110 0.000002
327120 0.000001
327130 0.000002
327140 -0.000002
327150 -0.000010
327160 0.000004
327170 -0.000001
327180 -0.000003
327190 0.000002
327200 0.000020
327210 -0.000005
327220 -0.000000
327230 -0.000012
327240 -0.000004
327250 0.000001
327260 0.000004
327270 0.000005
327280 -0.000001
327290 -0.000007
327300 0.000002
327310 0.000005
327320 0.000002
327330 0.000001
327340 0.000002
327350 0.000002
327360 -0.000002
327370 0.000003
327380 0.000005
327390 -0.000000
327400 -0.000003
327410 0.000001
327420 0.000001
327430 -0.000001
327440 0.000003
327450 -0.000005
327460 0.000004
327470 0.000002
327480 0.000000
327490 -0.000001
327500 0.000003
327510 0.000011
327520 -0.000000
327530 0.000008
327540 -0.000001
327550 0.000002
327560 -0.000002
327570 0.000001
327580 -0.000003
327590 -0.000002
327600 -0.000001
327610 -0.000000
327620 0.000005
327630 0.000006
327640 -0.000005
327650 0.000001
327660 -0.000000
327670 0.000005
327680 0.000003
327690 -0.000004
327700 0.000001
327710 0.000002
327720 0.000004
327730 0.000002
327740 -0.000005
327750 -0.000001
327760 -0.000009
327770 0.000002
327780 -0.000001
327790 0.000001
327800 -0.000003
327810 0.000020
327820 0.000004
327830 0.000001
327840 0.000004
327850 0.000002
327860 0.000003
327870 0.000017
327880 -0.000003
327890 0.000001
327900 -0.000003
327910 0.000000
327920 -0.000005
327930 -0.000001
327940 0.000000
327950 -0.000004
327960 0.000007
327970 0.000002
327980 -0.000002
327990 -0.000002
328000 0.000002
328010 -0.000001
328020 0.000004
328030 -0.000003
328040 -0.000002
328050 0.000003
328060 -0.000003
328070 0.000005
328080 -0.000000
328090 -0.000002
328100 0.000001
328110 0.000003
328120 0.000003
328130 -0.000002
328140 0.000004
328150 -0.000002
328160 0.000002
328170 0.000000
328180 -0.000005
328190 -0.000001
328200 -0.000004
328210 -0.000002
328220 -0.000001
328230 -0.000001
328240 0.000001
328250 -0.000003
328260 -0.000001
328270 -0.000003
328280 0.000004
328290 -0.000000
328300 -0.000063
328310 0.000003
328320 0.000003
328330 0.000004
328340 -0.000007
328350 -0.000006
328360 -0.000005
328370 -0.000006
328380 0.000001
328390 0.000008
328400 0.000025
328410 0.000002
328420 -0.000001
328430 0.000002
328440 -0.000002
328450 -0.000002
328460 -0.000003
328470 0.000000
328480 0.000003
328490 0.000003
328500 0.000001
328510 0.000002
328520 -0.000001
328530 -0.000000
328540 0.000002
328550 -0.000003
328560 -0.000003
328570 -0.000001
328580 -0.000002
328590 -0.000001
328600 -0.000000
328610 0.000004
328620 -0.000006
328630 -0.000000
328640 0.000003
328650 0.000001
328660 0.000005
328670 -0.000006
328680 0.000000
328690 -0.000004
328700 0.000005
328710 0.000001
328720 -0.000001
328730 -0.000002
328740 0.000001
328750 0.000000
328760 -0.000016
328770 0.000000
328780 -0.000003
328790 -0.000001
328800 -0.000002
328810 0.000007
328820 -0.000019
328830 0.000004
328840 0.000006
328850 0.000008
328860 -0.000001
328870 0.000003
328880 0.000005
328890 0.000000
328900 -0.000003
328910 -0.000002
328920 -0.000001
328930 0.000006
328940 0.000000
328950 -0.000003
328960 0.000003
328970 -0.000004
328980 -0.000008
328990 -0.000000
329000 -0.000001
329010 0.000004
329020 -0.000005
329030 -0.000004
329040 0.000001
329050 0.000007
329060 0.000002
329070 -0.000003
329080 0.000001
329090 -0.000008
329100 0.000002
329110 -0.000004
329120 -0.000001
329130 -0.000005
329140 0.000001
329150 0.000004
329160 -0.000001
329170 -0.000001
329180 -0.000000
329190 -0.000010
329200 -0.000002
329210 0.000017
329220 -0.000002
329230 0.000009
329240 0.000002
329250 0.000003
329260 0.000002
329270 -0.000000
329280 0.000002
329290 0.000001
329300 0.000002
329310 0.000000
329320 0.000000
329330 0.000002
329340 0.000001
329350 -0.000005
329360 -0.000003
329370 0.000004
329380 0.000001
329390 0.000005
329400 -0.000003
329410 0.000003
329420 -0.000004
329430 0.000001
329440 -0.000000
329450 -0.000002
329460 0.000000
329470 0.000001
329480 0.000013
329490 0.000007
329500 0.000005
329510 0.000005
329520 -0.000000
329530 -0.000002
329540 -0.000001
329550 0.000002
329560 0.000000
329570 0.000003
329580 -0.000006
329590 -0.000002
329600 -0.000001
329610 0.000003
329620 -0.000003
329630 -0.000002
329640 -0.000002
329650 0.000001
329660 0.000000
329670 -0.000001
329680 0.000004
329690 -0.000002
329700 0.000003
329710 0.000008
329720 0.000001
329730 0.000001
329740 0.000001
329750 -0.000009
329760 -0.000091
329770 -0.000001
329780 0.000001
329790 0.000001
329800 -0.000002
329810 -0.000001
329820 0.000002
329830 0.000004
329840 0.000001
329850 -0.000001
329860 0.000004
329870 0.000001
329880 -0.000003
329890 0.000002
329900 0.000002
329910 -0.000001
329920 -0.000002
329930 0.000002
329940 0.000005
329950 0.000000
329960 0.000000
329970 -0.000002
329980 -0.000002
329990 0.000001
330000 0.000001
330010 0.000003
330020 -0.000002
330030 0.000000
330040 0.000005
330050 -0.000001
330060 0.000004
330070 0.000000
330080 -0.000001
330090 0.000001
330100 0.000005
330110 0.000003
330120 0.000002
330130 0.000002
330140 -0.000006
330150 -0.000001
330160 0.000001
330170 -0.000004
330180 0.000188
330190 -0.000049
330200 -0.000005
330210 0.000003
330220 -0.000001
330230 -0.000003
330240 0.000002
330250 -0.000003
330260 -0.000004
330270 0.000002
330280 -0.000002
330290 -0.000003
330300 0.000003
330310 -0.000019
330320 -0.000002
330330 -0.000003
330340 -0.000001
330350 -0.000008
330360 0.000002
330370 -0.000006
330380 0.000001
330390 0.000047
330400 0.000000
330410 0.000001
330420 0.000000
330430 0.000002
330440 -0.000006
330450 -0.000002
330460 0.000000
330470 -0.000002
330480 0.000001
330490 -0.000003
330500 0.000000
330510 0.000000
330520 -0.000007
330530 -0.000004
330540 0.000002
330550 0.000001
330560 -0.000002
330570 0.000003
330580 -0.000002
330590 -0.000001
330600 -0.000002
330610 0.000000
330620 -0.000004
330630 -0.000001
330640 0.000004
330650 -0.000001
330660 0.000010
330670 0.000001
330680 0.000007
330690 -0.000001
330700 0.000005
330710 -0.000001
330720 -0.000002
330730 -0.000001
330740 0.000000
330750 -0.000002
330760 -0.000002
330770 -0.000002
330780 0.000002
330790 0.000001
330800 0.000006
330810 0.000006
330820 0.000003
330830 0.000000
330840 0.000000
330850 -0.000001
330860 -0.000002
330870 -0.000003
330880 0.000014
330890 0.000003
330900 -0.000002
330910 -0.000002
330920 -0.000001
330930 0.000002
330940 -0.000003
330950 -0.000001
330960 -0.000001
330970 -0.000004
330980 -0.000003
330990 0.000002
331000 0.000003
331010 -0.000002
331020 -0.000001
331030 0.000002
331040 -0.000005
331050 -0.000003
331060 0.000009
331070 -0.000006
331080 0.000006
331090 -0.000000
331100 -0.000001
331110 -0.000004
331120 -0.000005
331130 -0.000006
331140 -0.000005
331150 -0.000003
331160 0.000005
331170 0.000003
331180 0.000021
331190 0.000005
331200 -0.000002
331210 0.000001
331220 0.000003
331230 0.000003
331240 0.000002
331250 -0.000002
331260 -0.000000
331270 0.000003
331280 -0.000002
331290 -0.000001
331300 -0.000008
331310 -0.000006
331320 -0.000003
331330 -0.000002
331340 0.000002
331350 -0.000002
331360 0.000002
331370 0.000003
331380 0.000003
331390 -0.000003
331400 0.000001
331410 -0.000004
331420 0.000001
331430 -0.000029
331440 0.000005
331450 0.000001
331460 -0.000006
331470 0.000002
331480 0.000000
331490 -0.000000
331500 0.000004
331510 0.000002
331520 -0.000004
331530 -0.000006
331540 -0.000004
331550 -0.000000
331560 -0.000000
331570 -0.000004
331580 0.000003
331590 0.000003
331600 0.000005
331610 -0.000002
331620 0.000001
331630 -0.000004
331640 0.000000
331650 -0.000001
331660 -0.000002
331670 0.000002
331680 0.000002
331690 0.000001
331700 0.000001
331710 -0.000002
331720 -0.000002
331730 -0.000005
331740 0.000002
331750 -0.000001
331760 0.000003
331770 -0.000002
331780 -0.000009
331790 0.000031
331800 -0.000001
331810 0.000002
331820 0.000005
331830 0.000003
331840 -0.000001
331850 0.000008
331860 0.000002
331870 -0.000003
331880 0.000004
331890 -0.000001
331900 0.000006
331910 -0.000006
331920 -0.000001
331930 0.000006
331940 -0.000002
331950 0.000003
331960 0.000003
331970 0.000006
331980 -0.000006
331990 0.000003
332000 0.000002
332010 0.000001
332020 -0.000003
332030 0.000002
332040 -0.000004
332050 0.000001
332060 0.000003
332070 -0.000001
332080 -0.000000
332090 -0.000000
332100 0.000002
332110 -0.000008
332120 0.000003
332130 0.000003
332140 -0.000004
332150 -0.000002
332160 0.000003
332170 -0.000001
332180 0.000003
332190 -0.000005
332200 0.000010
332210 -0.000000
332220 -0.000003
332230 -0.000001
332240 -0.000002
332250 -0.000002
332260 -0.000000
332270 -0.000006
332280 0.000005
332290 -0.000002
332300 -0.000004
332310 -0.000000
332320 -0.000003
332330 -0.000004
332340 -0.000002
332350 -0.000003
332360 0.000000
332370 -0.000002
332380 -0.000002
332390 -0.000002
332400 -0.000001
332410 -0.000001
332420 0.000005
332430 0.000003
332440 0.000005
332450 -0.000005
332460 -0.000004
332470 0.000004
332480 0.000004
332490 -0.000002
332500 0.000000
332510 -0.000004
332520 -0.000005
332530 -0.000025
332540 0.000006
332550 0.000001
332560 0.000002
332570 0.000010
332580 0.000005
332590 0.000005
332600 -0.000006
332610 0.000004
332620 0.000003
332630 0.000000
332640 -0.000003
332650 0.000001
332660 0.000001
332670 -0.000003
332680 0.000008
332690 -0.000005
332700 -0.000000
332710 -0.000003
332720 -0.000008
332730 0.000004
332740 0.000004
332750 0.000001
332760 0.000002
332770 -0.000008
332780 0.000003
332790 -0.000003
332800 0.000002
332810 0.000002
332820 -0.000001
332830 0.000002
332840 0.000002
332850 -0.000003
332860 0.000004
332870 -0.000000
332880 -0.000004
332890 -0.000006
332900 0.000000
332910 0.000005
332920 -0.000007
332930 -0.000001
332940 -0.000001
332950 0.000003
332960 -0.000002
332970 0.000004
332980 0.000001
332990 -0.000005
333000 0.000000
333010 0.000186
333020 -0.000008
333030 -0.000002
333040 0.000004
333050 0.000003
333060 -0.000002
333070 0.000005
333080 0.000000
333090 -0.000001
333100 0.000006
333110 0.000003
333120 0.000041
333130 0.000001
333140 -0.000003
333150 0.000003
333160 -0.000004
333170 -0.000000
333180 0.000002
333190 -0.000008
333200 -0.000000
333210 -0.000000
333220 -0.000001
333230 0.000004
333240 0.000002
333250 -0.000001
333260 0.000002
333270 -0.000001
333280 -0.000005
333290 -0.000002
333300 -0.000000
333310 0.000011
333320 -0.000002
333330 0.000001
333340 0.000000
333350 0.000003
333360 0.000007
333370 -0.000002
333380 -0.000002
333390 0.000001
333400 -0.000001
333410 0.000004
333420 -0.000001
333430 0.000001
333440 0.000004
333450 -0.000000
333460 0.000004
333470 -0.000003
333480 -0.000002
333490 0.000006
333500 -0.000004
333510 0.000000
333520 0.000003
333530 0.000004
333540 -0.000004
333550 -0.000003
333560 -0.000005
333570 0.000004
333580 -0.000001
333590 0.000003
333600 0.000001
333610 0.000002
333620 0.000010
333630 -0.000002
333640 -0.000002
333650 -0.000018
333660 0.000002
333670 -0.000001
333680 -0.000001
333690 -0.000004
333700 0.000001
333710 -0.000003
333720 -0.000004
333730 0.000001
333740 0.000003
333750 -0.000001
333760 0.000000
333770 0.000004
333780 -0.000002
333790 -0.000003
333800 -0.000003
333810 -0.000002
333820 -0.000005
333830 -0.000004
333840 -0.000001
333850 -0.000000
333860 0.000005
333870 0.000014
333880 0.000003
333890 0.000006
333900 -0.000004
333910 0.000007
333920 -0.000017
333930 -0.000001
333940 0.000008
333950 -0.000000
333960 -0.000002
333970 0.000001
333980 -0.000002
333990 0.000004
334000 0.000001
334010 0.000003
334020 -0.000000
334030 0.000003
334040 -0.000002
334050 0.000002
334060 -0.000011
334070 -0.000003
334080 0.000003
334090 0.000002
334100 0.000002
334110 0.000003
334120 -0.000001
334130 -0.000004
334140 -0.000008
334150 -0.000002
334160 0.000006
334170 -0.000000
334180 -0.000005
334190 0.000001
334200 0.000004
334210 0.000004
334220 -0.000001
334230 -0.000004
334240 -0.000004
334250 0.000003
334260 -0.000021
334270 -0.000004
334280 0.000003
334290 0.000003
334300 0.000008
334310 0.000001
334320 0.000001
334330 -0.000002
334340 -0.000001
334350 -0.000000
334360 0.000000
334370 0.000002
334380 -0.000000
334390 -0.000008
334400 -0.000003
334410 -0.000003
334420 -0.000007
334430 0.000002
334440 -0.000006
334450 -0.000002
334460 0.000002
334470 0.000005
334480 -0.000002
334490 -0.000003
334500 0.000005
334510 0.000000
334520 0.000000
334530 -0.000004
334540 0.000003
334550 -0.000013
334560 0.000000
334570 -0.000002
334580 0.000003
334590 -0.000000
334600 0.000004
334610 0.000001
334620 -0.000002
334630 0.000003
334640 0.000000
334650 -0.000004
334660 0.000004
334670 0.000006
334680 -0.000001
334690 0.000002
334700 0.000007
334710 -0.000004
334720 0.000004
334730 0.000006
334740 -0.000001
334750 0.000002
334760 0.000005
334770 -0.000000
334780 -0.000007
334790 -0.000004
334800 -0.000001
334810 -0.000001
334820 0.000003
334830 0.000004
334840 0.000000
334850 -0.000004
334860 -0.000001
334870 -0.000007
334880 0.000008
334890 0.000004
334900 -0.000007
334910 0.000011
334920 0.000000
334930 0.000002
334940 -0.000008
334950 -0.000004
334960 -0.000001
334970 0.000004
334980 -0.000002
334990 -0.000005
335000 -0.000001
335010 -0.000002
335020 0.000007
335030 -0.000001
335040 -0.000000
335050 0.000000
335060 0.000003
335070 0.000002
335080 -0.000002
335090 0.000004
335100 -0.000000
335110 -0.000004
335120 0.000002
335130 -0.000015
335140 -0.000003
335150 0.000001
335160 -0.000006
335170 0.000001
335180 0.000002
335190 0.000000
335200 0.000005
335210 -0.000009
335220 0.000002
335230 0.000006
335240 -0.000006
335250 -0.000001
335260 -0.000004
335270 -0.000002
335280 -0.000001
335290 0.000001
335300 -0.000005
335310 0.000000
335320 -0.000001
335330 -0.000017
335340 -0.000004
335350 -0.000026
335360 -0.000002
335370 -0.000000
335380 0.000002
335390 0.000005
335400 0.000002
335410 -0.000002
335420 0.000001
335430 -0.000000
335440 -0.000002
335450 0.000004
335460 -0.000004
335470 0.000003
335480 -0.000005
335490 -0.000000
335500 -0.000002
335510 0.000001
335520 0.000001
335530 -0.000000
335540 -0.000005
335550 -0.000001
335560 0.000003
335570 -0.000000
335580 -0.000010
335590 -0.000008
335600 -0.000002
335610 0.000001
335620 0.000005
335630 -0.000002
335640 -0.000002
335650 0.000001
335660 0.000003
335670 0.000001
335680 0.000001
335690 -0.000000
335700 0.000006
335710 0.000006
335720 -0.000002
335730 -0.000001
335740 0.000003
335750 -0.000000
335760 -0.000002
335770 -0.000002
335780 0.000002
335790 0.000006
335800 -0.000004
335810 0.000001
335820 -0.000003
335830 -0.000001
335840 -0.000001
335850 0.000005
335860 0.000002
335870 -0.000004
335880 0.000002
335890 0.000000
335900 0.000000
335910 -0.000001
335920 -0.000002
335930 -0.000009
335940 0.000001
335950 0.000000
335960 0.000003
335970 0.000003
335980 0.000036
335990 0.000009
336000 0.000002
336010 0.000003
336020 -0.000000
336030 -0.000001
336040 -0.000005
336050 -0.000000
336060 -0.000004
336070 -0.000009
336080 -0.000005
336090 -0.000002
336100 0.000004
336110 -0.000001
336120 -0.000002
336130 0.000004
336140 0.000007
336150 0.000008
336160 -0.000015
336170 0.000006
336180 0.000004
336190 -0.000006
336200 -0.000002
336210 -0.000004
336220 0.000001
336230 0.000001
336240 -0.000001
336250 -0.000004
336260 0.000007
336270 0.000003
336280 -0.000002
336290 0.000004
336300 -0.000002
336310 0.000000
336320 -0.000001
336330 0.000005
336340 -0.000003
336350 0.000002
336360 0.000000
336370 0.000022
336380 -0.000002
336390 -0.000001
336400 0.000005
336410 0.000002
336420 0.000010
336430 -0.000001
336440 -0.000002
336450 -0.000000
336460 0.000000
336470 -0.000059
336480 0.000003
336490 0.000006
336500 0.000002
336510 0.000002
336520 -0.000000
336530 0.000004
336540 -0.000002
336550 -0.000002
336560 0.000002
336570 -0.000002
336580 -0.000002
336590 -0.000001
336600 -0.000002
336610 0.000003
336620 -0.000007
336630 0.000008
336640 -0.000000
336650 0.000001
336660 0.000003
336670 -0.000002
336680 -0.000002
336690 0.000005
336700 0.000003
336710 -0.000002
336720 0.000002
336730 0.000004
336740 -0.000002
336750 0.000000
336760 -0.000001
336770 -0.000004
336780 0.000009
336790 -0.000010
336800 -0.000004
336810 -0.000001
336820 -0.000001
336830 -0.000002
336840 0.000004
336850 0.000005
336860 0.000002
336870 -0.000002
336880 0.000000
336890 0.000000
336900 -0.000001
336910 -0.000001
336920 -0.000004
336930 0.000000
336940 -0.000001
336950 0.000005
336960 -0.000003
336970 -0.000001
336980 0.000001
336990 0.000003
337000 0.000001
337010 -0.000004
337020 0.000001
337030 -0.000002
337040 0.000005
337050 -0.000003
337060 -0.000009
337070 -0.000002
337080 -0.000001
337090 -0.000001
337100 -0.000001
337110 0.000002
337120 0.000001
337130 -0.000001
337140 -0.000001
337150 0.000004
337160 -0.000011
337170 -0.000002
337180 -0.000004
337190 0.000001
337200 0.000001
337210 0.000005
337220 -0.000004
337230 0.000003
337240 0.000005
337250 -0.000004
337260 0.000005
337270 -0.000010
337280 -0.000004
337290 -0.000001
337300 0.000005
337310 0.000000
337320 0.000003
337330 -0.000005
337340 -0.000003
337350 0.000002
337360 -0.000003
337370 0.000002
337380 0.000005
337390 0.000010
337400 -0.000005
337410 -0.000002
337420 -0.000001
337430 0.000001
337440 0.000007
337450 -0.000006
337460 -0.000008
337470 -0.000000
337480 0.000003
337490 0.000001
337500 0.000003
337510 0.000005
337520 0.000002
337530 -0.000004
337540 0.000001
337550 -0.000008
337560 -0.000005
337570 0.000003
337580 -0.000002
337590 -0.000003
337600 0.000004
337610 0.000003
337620 -0.000000
337630 -0.000002
337640 -0.000003
337650 0.000000
337660 -0.000002
337670 0.000002
337680 0.000000
337690 -0.000004
337700 -0.000006
337710 0.000149
337720 -0.000005
337730 -0.000004
337740 -0.000003
337750 0.000005
337760 0.000009
337770 0.000003
337780 -0.000003
337790 0.000003
337800 -0.000000
337810 -0.000078
337820 -0.000006
337830 0.000015
337840 -0.000007
337850 0.000006
337860 -0.000002
337870 -0.000003
337880 0.000004
337890 -0.000003
337900 0.000001
337910 -0.000005
337920 0.000002
337930 -0.000011
337940 -0.000002
337950 -0.000003
337960 -0.000004
337970 0.000005
337980 0.000001
337990 -0.000000
338000 -0.000002
338010 -0.000000
338020 0.000001
338030 0.000003
338040 0.000001
338050 0.000001
338060 -0.000008
338070 -0.000001
338080 -0.000009
338090 -0.000002
338100 0.000000
338110 0.000001
338120 -0.000000
338130 -0.000003
338140 0.000008
338150 0.000002
338160 -0.000003
338170 -0.000005
338180 -0.000001
338190 -0.000005
338200 -0.000030
338210 -0.000001
338220 0.000006
338230 0.000019
338240 0.000003
338250 0.000000
338260 -0.000005
338270 -0.000001
338280 -0.000001
338290 0.000001
338300 -0.000002
338310 -0.000003
338320 0.000005
338330 0.000002
338340 0.000007
338350 0.000001
338360 -0.000002
338370 0.000003
338380 0.000002
338390 0.000001
338400 -0.000003
338410 0.000001
338420 -0.000001
338430 0.000001
338440 -0.000005
338450 -0.000007
338460 0.000000
338470 0.000005
338480 -0.000001
338490 0.000009
338500 0.000002
338510 -0.000004
338520 0.000007
338530 0.000008
338540 0.000003
338550 -0.000001
338560 0.000005
338570 0.000014
338580 -0.000004
338590 0.000006
338600 0.000005
338610 -0.000002
338620 0.000009
338630 0.000002
338640 0.000004
338650 -0.000001
338660 -0.000004
338670 -0.000001
338680 0.000002
338690 -0.000002
338700 0.000005
338710 0.000000
338720 -0.000002
338730 -0.000006
338740 0.000000
338750 -0.000004
338760 0.000000
338770 0.000003
338780 -0.000001
338790 0.000002
338800 -0.000005
338810 0.000026
338820 0.000000
338830 -0.000000
338840 -0.000001
338850 -0.000001
338860 0.000005
338870 0.000000
338880 -0.000002
338890 -0.000007
338900 -0.000002
338910 0.000007
338920 -0.000007
338930 -0.000003
338940 -0.000238
338950 0.000003
338960 -0.000001
338970 0.000003
338980 0.000003
338990 -0.000002
339000 0.000006
339010 0.000002
339020 0.000006
339030 -0.000001
339040 -0.000002
339050 -0.000000
339060 0.000004
339070 -0.000004
339080 -0.000005
339090 0.000005
339100 0.000001
339110 -0.000002
339120 -0.000007
339130 0.000006
339140 -0.000004
339150 -0.000001
339160 0.000001
339170 -0.000004
339180 -0.000002
339190 -0.000003
339200 -0.000000
339210 0.000004
339220 -0.000002
339230 0.000007
339240 -0.000003
339250 -0.000001
339260 0.000005
339270 0.000006
339280 0.000001
339290 -0.000014
339300 -0.000001
339310 0.000001
339320 -0.000006
339330 -0.000053
339340 -0.000000
339350 -0.000000
339360 0.000002
339370 0.000004
339380 0.000001
339390 0.000000
339400 -0.000005
339410 -0.000002
339420 0.000001
339430 0.000003
339440 0.000002
339450 0.000001
339460 0.000000
339470 0.000002
339480 0.000004
339490 0.000002
339500 0.000002
339510 0.000011
339520 0.000001
339530 -0.000000
339540 -0.000004
339550 0.000011
339560 -0.000002
339570 0.000002
339580 0.000001
339590 0.000000
339600 0.000001
339610 0.000003
339620 -0.000008
339630 0.000005
339640 0.000001
339650 -0.000003
339660 -0.000005
339670 0.000003
339680 0.000000
339690 0.000000
339700 0.000001
339710 0.000003
339720 0.000002
339730 0.000001
339740 0.000002
339750 -0.000000
339760 -0.000000
339770 0.000001
339780 -0.000004
339790 -0.000012
339800 0.000001
339810 -0.000002
339820 0.000002
339830 0.000003
339840 -0.000010
339850 -0.000002
339860 0.000003
339870 0.000001
339880 -0.000002
339890 -0.000002
339900 -0.000001
339910 -0.000002
339920 -0.000002
339930 0.000004
339940 0.000121
339950 -0.000106
339960 -0.000004
339970 0.000004
339980 0.000001
339990 0.000002
340000 -0.000003
340010 0.000002
340020 0.000003
340030 -0.000000
340040 0.000003
340050 0.000015
340060 -0.000002
340070 0.000003
340080 0.000005
340090 -0.000009
340100 -0.000000
340110 0.000001
340120 -0.000000
340130 -0.000004
340140 -0.000001
340150 -0.000000
340160 0.000005
340170 0.000002
340180 0.000000
340190 0.000003
340200 0.000005
340210 0.000003
340220 0.000002
340230 0.000008
340240 -0.000002
340250 -0.000029
340260 0.000017
340270 0.000003
340280 -0.000003
340290 -0.000000
340300 -0.000000
340310 0.000000
340320 -0.000005
340330 -0.000002
340340 -0.000005
340350 -0.000004
340360 0.000597
340370 0.000005
340380 0.000011
340390 0.000002
340400 0.000006
340410 -0.000005
340420 0.000001
340430 -0.000002
340440 0.000004
340450 -0.000000
340460 -0.000000
340470 -0.000004
340480 0.000001
340490 -0.000004
340500 0.000007
340510 -0.000003
340520 0.000000
340530 0.000004
340540 -0.000002
340550 0.000003
340560 0.000005
340570 -0.000001
340580 0.000020
340590 -0.000000
340600 -0.000002
340610 -0.000027
340620 -0.000003
340630 0.000001
340640 -0.000005
340650 0.000004
340660 0.000012
340670 0.000006
340680 -0.000007
340690 0.000026
340700 0.000000
340710 0.000003
340720 0.000007
340730 -0.000004
340740 -0.000005
340750 0.000034
340760 -0.000348
340770 0.000002
340780 0.000001
340790 0.000001
340800 0.000000
340810 0.000004
340820 -0.000004
340830 0.000006
340840 0.000005
340850 0.000004
340860 0.000012
340870 -0.000004
340880 -0.000000
340890 -0.000010
340900 0.000002
340910 -0.000001
340920 0.000047
340930 -0.000000
340940 0.000006
340950 0.000000
340960 0.000120
340970 -0.000002
340980 0.000004
340990 -0.000006
341000 -0.000001
341010 0.000004
341020 0.000006
341030 0.000006
341040 -0.000001
341050 -0.000002
341060 0.000002
341070 0.000003
341080 0.000001
341090 -0.000001
341100 0.000006
341110 0.000001
341120 -0.000005
341130 0.000001
341140 -0.000004
341150 0.000023
341160 -0.000008
341170 0.000003
341180 0.000005
341190 0.000001
341200 -0.000002
341210 0.000006
341220 0.000004
341230 -0.000001
341240 -0.000000
341250 -0.000002
341260 0.000000
341270 -0.000001
341280 0.000002
341290 -0.000005
341300 0.000001
341310 -0.000006
341320 -0.000003
341330 -0.000001
341340 0.000004
341350 0.000002
341360 0.000014
341370 -0.000006
341380 0.000002
341390 0.000001
341400 -0.000002
341410 0.000003
341420 0.000001
341430 -0.000000
341440 -0.000002
341450 -0.000002
341460 -0.000001
341470 0.000008
341480 -0.000007
341490 0.000010
341500 -0.000045
341510 -0.000007
341520 0.000001
341530 0.000002
341540 0.000008
341550 0.000010
341560 0.000000
341570 -0.000002
341580 0.000004
341590 -0.000008
341600 0.000012
341610 0.000001
341620 0.000001
341630 0.000001
341640 0.000007
341650 0.000001
341660 -0.000002
341670 -0.000003
341680 0.000004
341690 -0.000002
341700 0.000005
341710 0.000002
341720 0.000001
341730 0.000004
341740 -0.000002
341750 -0.000006
341760 0.000001
341770 -0.000001
341780 -0.000003
341790 0.000002
341800 0.000001
341810 -0.000003
341820 -0.000000
341830 0.000003
341840 -0.000001
341850 -0.000001
341860 0.000002
341870 0.000000
341880 0.000001
341890 -0.000015
341900 -0.000001
341910 -0.000000
341920 0.000001
341930 -0.000004
341940 -0.000004
341950 -0.000002
341960 -0.000000
341970 0.000003
341980 0.000001
341990 -0.000000
342000 -0.000002
342010 0.000015
342020 0.000011
342030 -0.000000
342040 0.000000
342050 -0.000002
342060 0.000002
342070 0.000004
342080 -0.000023
342090 0.000003
342100 -0.000002
342110 -0.000000
342120 0.000006
342130 -0.000001
342140 -0.000003
342150 0.000004
342160 -0.000003
342170 0.000001
342180 -0.000003
342190 -0.000006
342200 -0.000002
342210 0.000000
342220 -0.000003
342230 0.000004
342240 -0.000001
342250 -0.000003
342260 0.000001
342270 -0.000002
342280 -0.000001
342290 -0.000001
342300 -0.000007
342310 0.000010
342320 0.000005
342330 -0.000000
342340 -0.000002
342350 -0.000001
342360 -0.000004
342370 0.000010
342380 0.000001
342390 -0.000002
342400 0.000002
342410 0.000088
342420 0.000001
342430 -0.000003
342440 0.000001
342450 -0.000002
342460 0.000000
342470 -0.000003
342480 -0.000004
342490 -0.000003
342500 0.000002
342510 -0.000004
342520 -0.000003
342530 0.000002
342540 0.000007
342550 -0.000002
342560 0.000001
342570 -0.000008
342580 -0.000003
342590 -0.000001
342600 -0.000003
342610 0.000001
342620 -0.000006
342630 -0.000002
342640 -0.000003
342650 0.000001
342660 0.000001
342670 0.000003
342680 -0.000001
342690 -0.000000
342700 0.000000
342710 0.000003
342720 -0.000001
342730 -0.000001
342740 0.000002
342750 0.000001
342760 0.000011
342770 0.000000
342780 0.000003
342790 -0.000000
342800 -0.000004
342810 -0.000001
342820 0.000002
342830 -0.000005
342840 0.000023
342850 -0.000003
342860 0.000001
342870 -0.000123
342880 0.000004
342890 -0.000005
342900 -0.000002
342910 0.000002
342920 -0.000004
342930 -0.000004
342940 0.000003
342950 0.000002
342960 0.000003
342970 0.000001
342980 -0.000004
342990 -0.000003
343000 -0.000004
343010 -0.000004
343020 0.000001
343030 0.000001
343040 0.000000
343050 0.000001
343060 0.000001
343070 -0.000002
343080 -0.000003
343090 -0.000000
343100 -0.000007
343110 -0.000003
343120 -0.000001
343130 -0.000001
343140 0.000000
343150 -0.000002
343160 -0.000002
343170 0.000003
343180 -0.000006
343190 0.000002
343200 -0.000001
343210 0.000006
343220 0.000005
343230 0.000001
343240 0.000002
343250 0.000006
343260 -0.000004
343270 0.000003
343280 -0.000000
343290 -0.000003
343300 0.000003
343310 0.000001
343320 0.000003
343330 -0.000003
343340 0.000002
343350 0.000000
343360 -0.000001
343370 0.000007
343380 -0.000003
343390 -0.000003
343400 0.000000
343410 -0.000001
343420 -0.000001
343430 -0.000004
343440 0.000002
343450 0.000009
343460 -0.000001
343470 0.000000
343480 0.000001
343490 0.000003
343500 0.000002
343510 -0.000001
343520 -0.000002
343530 -0.000001
343540 -0.000003
343550 -0.000000
343560 0.000005
343570 -0.000004
343580 -0.000000
343590 0.000004
343600 0.000004
343610 0.000061
343620 -0.000001
343630 0.000001
343640 -0.000001
343650 0.000002
343660 -0.000000
343670 0.000002
343680 0.000001
343690 -0.000009
343700 0.000001
343710 -0.000001
343720 0.000003
343730 -0.000002
343740 0.000003
343750 -0.000001
343760 0.000000
343770 -0.000003
343780 0.000002
343790 0.000003
343800 -0.000001
343810 0.000001
343820 0.000005
343830 0.000005
343840 -0.000001
343850 -0.000023
343860 0.000001
343870 0.000028
343880 0.000005
343890 -0.000002
343900 -0.000005
343910 0.000002
343920 0.000008
343930 0.000006
343940 0.000000
343950 -0.000006
343960 -0.000001
343970 0.000011
343980 -0.000004
343990 0.000004
344000 0.000002
344010 -0.000005
344020 0.000003
344030 0.000002
344040 -0.000002
344050 -0.000003
344060 0.000001
344070 0.000004
344080 0.000004
344090 -0.000002
344100 -0.000001
344110 -0.000001
344120 -0.000006
344130 0.000001
344140 -0.000001
344150 -0.000005
344160 0.000004
344170 0.000005
344180 0.000004
344190 0.000002
344200 -0.000005
344210 0.000000
344220 0.000003
344230 -0.000011
344240 -0.000000
344250 0.000000
344260 0.000006
344270 0.000004
344280 0.000001
344290 0.000003
344300 0.000002
344310 -0.000008
344320 -0.000002
344330 -0.000002
344340 -0.000004
344350 0.000002
344360 0.000000
344370 0.000001
344380 -0.000005
344390 0.000005
344400 0.000088
344410 0.000004
344420 0.000001
344430 -0.000000
344440 0.000004
344450 -0.000002
344460 -0.000015
344470 -0.000001
344480 -0.000003
344490 -0.000006
344500 -0.000007
344510 -0.000001
344520 -0.000002
344530 -0.000002
344540 0.000005
344550 0.000001
344560 -0.000023
344570 -0.000005
344580 -0.000005
344590 -0.000000
344600 0.000002
344610 0.000004
344620 -0.000001
344630 0.000001
344640 0.000001
344650 -0.000002
344660 0.000005
344670 -0.000003
344680 -0.000004
344690 0.000007
344700 -0.000001
344710 -0.000000
344720 -0.000002
344730 0.000003
344740 0.000000
344750 0.000001
344760 -0.000003
344770 -0.000005
344780 -0.000004
344790 0.000004
344800 0.000003
344810 -0.000003
344820 -0.000001
344830 0.000001
344840 0.000009
344850 0.000001
344860 -0.000000
344870 0.000010
344880 -0.000003
344890 -0.000009
344900 0.000001
344910 -0.000000
344920 -0.000006
344930 0.000004
344940 0.000005
344950 -0.000000
344960 -0.000003
344970 0.000000
344980 0.000001
344990 0.000003
345000 0.000007
345010 0.000005
345020 0.000002
345030 0.000001
345040 -0.000001
345050 0.000003
345060 0.000009
345070 0.000001
345080 -0.000002
345090 0.000002
345100 0.000003
345110 -0.000006
345120 0.000001
345130 0.000000
345140 -0.000001
345150 -0.000006
345160 -0.000000
345170 0.000003
345180 -0.000009
345190 0.000003
345200 -0.000011
345210 -0.000006
345220 -0.000006
345230 -0.000007
345240 -0.000002
345250 0.000021
345260 0.000002
345270 -0.000001
345280 0.000004
345290 -0.000000
345300 0.000002
345310 0.000001
345320 -0.000000
345330 0.000010
345340 0.000002
345350 0.000003
345360 -0.000004
345370 -0.000001
345380 0.000001
345390 0.000000
345400 0.000002
345410 -0.000005
345420 -0.000004
345430 0.000001
345440 -0.000001
345450 -0.000001
345460 0.000003
345470 -0.000009
345480 -0.000003
345490 0.000001
345500 -0.000002
345510 -0.000001
345520 -0.000003
345530 -0.000002
345540 -0.000007
345550 -0.000002
345560 -0.000000
345570 -0.000003
345580 -0.000001
345590 -0.000000
345600 0.000005
345610 -0.000000
345620 0.000002
345630 -0.000002
345640 -0.000000
345650 0.000004
345660 -0.000001
345670 0.000005
345680 0.000000
345690 -0.000005
345700 -0.000002
345710 -0.000001
345720 0.000001
345730 -0.000001
345740 -0.000004
345750 0.000001
345760 0.000008
345770 -0.000004
345780 -0.000006
345790 0.000006
345800 -0.000004
345810 -0.000001
345820 -0.000001
345830 -0.000004
345840 0.000002
345850 0.000001
345860 0.000002
345870 0.000006
345880 0.000002
345890 0.000010
345900 -0.000007
345910 -0.000000
345920 0.000002
345930 -0.000002
345940 -0.000000
345950 0.000002
345960 -0.000002
345970 0.000006
345980 0.000010
345990 -0.000001
346000 0.000002
346010 0.000003
346020 -0.000008
346030 -0.000001
346040 -0.000001
346050 0.000002
346060 0.000001
346070 0.000001
346080 -0.000003
346090 0.000016
346100 -0.000009
346110 -0.000004
346120 0.000005
346130 0.000009
346140 0.000001
346150 -0.000002
346160 0.000003
346170 -0.000003
346180 -0.000017
346190 -0.000001
346200 0.000001
346210 -0.000004
346220 0.000000
346230 -0.000001
346240 0.000001
346250 -0.000002
346260 0.000002
346270 0.000001
346280 -0.000000
346290 -0.000005
346300 0.000002
346310 0.000005
346320 0.000014
346330 -0.000003
346340 -0.000007
346350 -0.000003
346360 -0.000000
346370 0.000001
346380 0.000001
346390 0.000001
346400 -0.000000
346410 -0.000001
346420 0.000003
346430 -0.000003
346440 -0.000001
346450 0.000000
346460 -0.000004
346470 -0.000000
346480 0.000001
346490 0.000002
346500 -0.000005
346510 0.000001
346520 0.000010
346530 0.000014
346540 -0.000005
346550 0.000007
346560 0.000000
346570 -0.000002
346580 0.000001
346590 0.000002
346600 -0.000003
346610 0.000004
346620 0.000001
346630 0.000002
346640 0.000004
346650 -0.000001
346660 0.000002
346670 0.000004
346680 -0.000002
346690 0.000001
346700 0.000001
346710 -0.000001
346720 0.000001
346730 0.000003
346740 0.000001
346750 -0.000001
346760 0.000001
346770 0.000005
346780 -0.000010
346790 -0.000003
346800 -0.000004
346810 0.000005
346820 -0.000000
346830 0.000001
346840 -0.000001
346850 -0.000004
346860 -0.000001
346870 0.000004
346880 0.000010
346890 0.000000
346900 -0.000015
346910 0.000000
346920 0.000001
346930 0.000049
346940 0.000007
346950 0.000001
346960 0.000005
346970 -0.000001
346980 0.000003
346990 -0.000003
347000 -0.000002
347010 -0.000007
347020 -0.000002
347030 -0.000003
347040 -0.000006
347050 -0.000009
347060 0.000005
347070 0.000000
347080 0.000000
347090 0.000005
347100 -0.000002
347110 0.000003
347120 -0.000013
347130 -0.000008
347140 0.000004
347150 -0.000006
347160 0.000006
347170 0.000001
347180 -0.000002
347190 -0.000019
347200 -0.000002
347210 -0.000002
347220 -0.000015
347230 0.000003
347240 -0.000002
347250 -0.000000
347260 0.000028
347270 0.000002
347280 -0.000000
347290 0.000012
347300 -0.000001
347310 0.000000
347320 -0.000000
347330 -0.000010
347340 -0.000003
347350 0.000002
347360 0.000003
347370 0.000001
347380 0.000000
347390 -0.000001
347400 0.000003
347410 -0.000002
347420 0.000001
347430 0.000002
347440 0.000003
347450 0.000003
347460 0.000005
347470 -0.000000
347480 0.000001
347490 0.000004
347500 -0.000001
347510 -0.000002
347520 0.000002
347530 -0.000006
347540 -0.000001
347550 -0.000001
347560 0.000002
347570 0.000000
347580 -0.000002
347590 -0.000008
347600 -0.000000
347610 -0.000002
347620 -0.000003
347630 0.000005
347640 0.000001
347650 0.000000
347660 0.000003
347670 -0.000002
347680 0.000001
347690 0.000001
347700 0.000002
347710 -0.000001
347720 0.000000
347730 -0.000004
347740 0.000000
347750 0.000001
347760 -0.000002
347770 -0.000001
347780 -0.000000
347790 -0.000001
347800 0.000002
347810 -0.000003
347820 -0.000002
347830 0.000002
347840 0.000001
347850 0.000001
347860 0.000007
347870 0.000005
347880 -0.000005
347890 -0.000008
347900 -0.000000
347910 -0.000002
347920 -0.000004
347930 -0.000010
347940 0.000003
347950 -0.000001
347960 -0.000002
347970 -0.000005
347980 0.000002
347990 0.000004
348000 0.000006
348010 -0.000005
348020 0.000010
348030 0.000004
348040 0.000000
348050 0.000003
348060 0.000003
348070 0.000011
348080 -0.000004
348090 -0.000003
348100 -0.000002
348110 0.000001
348120 0.000001
348130 -0.000001
348140 0.000000
348150 0.000004
348160 0.000003
348170 0.000002
348180 0.000003
348190 0.000001
348200 -0.000001
348210 0.000004
348220 -0.000003
348230 0.000003
348240 0.000000
348250 0.000002
348260 -0.000005
348270 -0.000003
348280 0.000001
348290 -0.000003
348300 0.000006
348310 -0.000013
348320 0.000002
348330 0.000000
348340 0.000002
348350 0.000003
348360 0.000000
348370 -0.000000
348380 0.000005
348390 -0.000003
348400 0.000001
348410 -0.000010
348420 0.000006
348430 -0.000001
348440 -0.000002
348450 0.000003
348460 0.000007
348470 -0.000003
348480 0.000000
348490 -0.000001
348500 -0.000001
348510 -0.000001
348520 0.000003
348530 0.000008
348540 0.000000
348550 0.000001
348560 0.000004
348570 0.000003
348580 0.000005
348590 0.000006
348600 0.000002
348610 -0.000003
348620 -0.000003
348630 -0.000003
348640 -0.000005
348650 0.000001
348660 -0.000010
348670 0.000008
348680 0.000005
348690 -0.000000
348700 -0.000005
348710 0.000001
348720 -0.000002
348730 0.000005
348740 -0.000000
348750 0.000004
348760 0.000003
348770 -0.000002
348780 0.000001
348790 0.000007
348800 -0.000001
348810 -0.000039
348820 0.000003
348830 0.000001
348840 0.000006
348850 0.000001
348860 0.000003
348870 -0.000001
348880 0.000010
348890 -0.000011
348900 0.000004
348910 0.000002
348920 -0.000006
348930 0.000002
348940 -0.000015
348950 0.000008
348960 0.000005
348970 -0.000000
348980 0.000002
348990 0.000001
349000 0.000001
349010 0.000002
349020 -0.000001
349030 0.000007
349040 0.000005
349050 0.000003
349060 -0.000004
349070 0.000004
349080 -0.000002
349090 -0.000005
349100 -0.000011
349110 -0.000003
349120 -0.000000
349130 -0.000004
349140 -0.000001
349150 -0.000003
349160 -0.000003
349170 0.000001
349180 -0.000000
349190 0.000001
349200 -0.000000
349210 -0.000001
349220 -0.000004
349230 0.000118
349240 -0.000001
349250 -0.000000
349260 -0.000007
349270 -0.000001
349280 0.000004
349290 -0.000003
349300 -0.000005
349310 -0.000001
349320 -0.000001
349330 -0.000005
349340 0.000000
349350 -0.000000
349360 -0.000030
349370 -0.000012
349380 0.000003
349390 0.000002
349400 -0.000001
349410 -0.000027
349420 -0.000001
349430 0.000002
349440 0.000002
349450 0.000003
349460 -0.000001
349470 -0.000009
349480 -0.000003
349490 -0.000002
349500 0.000002
349510 -0.000002
349520 0.000004
349530 -0.000002
349540 -0.000003
349550 0.000000
349560 -0.000003
349570 0.000001
349580 -0.000006
349590 0.000004
349600 -0.000002
349610 0.000002
349620 -0.000000
349630 0.000000
349640 -0.000003
349650 0.000004
349660 0.000003
349670 0.000001
349680 -0.000003
349690 0.000001
349700 -0.000001
349710 0.000005
349720 0.000002
349730 -0.000002
349740 -0.000001
349750 -0.000001
349760 -0.000003
349770 0.000003
349780 0.000002
349790 0.000004
349800 -0.000017
349810 -0.000000
349820 0.000014
349830 0.000001
349840 -0.000000
349850 0.000000
349860 0.000001
349870 -0.000002
349880 0.000006
349890 0.000000
349900 0.000001
349910 -0.000000
349920 -0.000017
349930 0.000009
349940 0.000002
349950 0.000003
349960 0.000006
349970 -0.000002
349980 -0.000002
349990 0.000021
350000 0.000002
350010 0.000006
350020 0.000000
350030 0.000003
350040 -0.000007
350050 0.000000
350060 0.000001
350070 0.000000
350080 0.000003
350090 -0.000002
350100 -0.000004
350110 0.000003
350120 -0.000003
350130 -0.000006
350140 -0.000006
350150 0.000000
350160 0.000001
350170 0.000001
350180 -0.000006
350190 0.000002
350200 -0.000003
350210 0.000002
350220 0.000004
350230 0.000001
350240 0.000002
350250 0.000006
350260 0.000004
350270 -0.000001
350280 -0.000001
350290 -0.000005
350300 0.000001
350310 -0.000004
350320 -0.000002
350330 0.000002
350340 -0.000001
350350 0.000003
350360 0.000004
350370 0.000002
350380 -0.000000
350390 -0.000004
350400 0.000083
350410 0.000001
350420 -0.000012
350430 0.000001
350440 0.000012
350450 -0.000002
350460 -0.000003
350470 -0.000007
350480 -0.000006
350490 -0.000005
350500 0.000000
350510 0.000002
350520 0.000004
350530 -0.000003
350540 -0.000002
350550 0.000000
350560 -0.000001
350570 -0.000009
350580 0.000001
350590 0.000004
350600 -0.000001
350610 0.000004
350620 -0.000004
350630 0.000004
350640 -0.000001
350650 -0.000001
350660 -0.000000
350670 0.000004
350680 -0.000005
350690 0.000003
350700 0.000000
350710 0.000008
350720 0.000001
350730 0.000001
350740 0.000001
350750 0.000002
350760 0.000003
350770 -0.000009
350780 0.000000
350790 -0.000002
350800 -0.000001
350810 0.000006
350820 0.000004
350830 -0.000002
350840 -0.000003
350850 0.000003
350860 -0.000000
350870 0.000000
350880 -0.000003
350890 -0.000004
350900 -0.000000
350910 0.000001
350920 -0.000002
350930 -0.000000
350940 -0.000007
350950 -0.000000
350960 0.000002
350970 0.000003
350980 -0.000004
350990 -0.000003
351000 0.000000
351010 0.000000
351020 0.000003
351030 -0.000008
351040 0.000002
351050 -0.000000
351060 -0.000002
351070 0.000005
351080 0.000003
351090 -0.000004
351100 0.000002
351110 0.000004
351120 -0.000002
351130 -0.000002
351140 -0.000000
351150 0.000009
351160 0.000009
351170 0.000005
351180 -0.000001
351190 0.000001
351200 -0.000003
351210 0.000006
351220 -0.000002
351230 -0.000002
351240 -0.000002
351250 0.000001
351260 -0.000001
351270 -0.000004
351280 -0.000002
351290 0.000001
351300 0.000003
351310 -0.000002
351320 0.000003
351330 0.000004
351340 0.000003
351350 -0.000000
351360 0.000018
351370 0.000005
351380 0.000007
351390 0.000003
351400 -0.000005
351410 -0.000000
351420 -0.000001
351430 -0.000003
351440 0.000003
351450 0.000002
351460 0.000006
351470 0.000000
351480 0.000005
351490 -0.000004
351500 -0.000000
351510 -0.000002
351520 0.000001
351530 0.000004
351540 -0.000001
351550 -0.000003
351560 -0.000002
351570 0.000002
351580 -0.000003
351590 -0.000000
351600 -0.000003
351610 0.000000
351620 0.000003
351630 0.000003
351640 0.000001
351650 -0.000001
351660 0.000002
351670 -0.000002
351680 -0.000004
351690 -0.000002
351700 -0.000000
351710 -0.000004
351720 -0.000001
351730 -0.000001
351740 0.000005
351750 0.000002
351760 0.000004
351770 -0.000001
351780 -0.000007
351790 0.000002
351800 0.000102
351810 0.000003
351820 -0.000001
351830 0.000004
351840 -0.000000
351850 -0.000008
351860 -0.000002
351870 0.000002
351880 0.000070
351890 -0.000003
351900 -0.000004
351910 0.000003
351920 -0.000001
351930 0.000002
351940 -0.000000
351950 0.000005
351960 0.000012
351970 0.000005
351980 -0.000002
351990 -0.000002
352000 -0.000001
352010 0.000024
352020 0.000005
352030 0.000002
352040 0.000000
352050 -0.000003
352060 -0.000002
352070 -0.000002
352080 0.000003
352090 0.000002
352100 -0.000001
352110 -0.000001
352120 0.000001
352130 -0.000001
352140 -0.000004
352150 -0.000002
352160 -0.000001
352170 -0.000000
352180 0.000003
352190 0.000002
352200 -0.000001
352210 0.000001
352220 -0.000012
352230 0.000002
352240 0.000001
352250 -0.000004
352260 -0.000013
352270 0.000002
352280 0.000003
352290 0.000003
352300 0.000001
352310 0.000002
352320 0.000003
352330 -0.000001
352340 -0.000001
352350 -0.000001
352360 -0.000003
352370 -0.000001
352380 0.000001
352390 0.000000
352400 -0.000001
352410 -0.000001
352420 0.000000
352430 -0.000004
352440 0.000004
352450 0.000001
352460 -0.000003
352470 0.000000
352480 -0.000003
352490 -0.000003
352500 -0.000001
352510 -0.000001
352520 0.000002
352530 0.000001
352540 -0.000000
352550 -0.000006
352560 0.000000
352570 -0.000001
352580 0.000001
352590 -0.000264
352600 0.000002
352610 -0.000149
352620 0.000002
352630 -0.000007
352640 -0.000001
352650 -0.000000
352660 -0.000002
352670 0.000003
352680 0.000002
352690 0.000000
352700 -0.000007
352710 -0.000004
352720 0.000000
352730 0.000002
352740 0.000004
352750 -0.000001
352760 -0.000004
352770 -0.000001
352780 0.000008
352790 -0.000000
352800 -0.000001
352810 0.000001
352820 0.000006
352830 -0.000000
352840 -0.000005
352850 0.000004
352860 -0.000002
352870 -0.000001
352880 0.000001
352890 0.000006
352900 0.000003
352910 -0.000006
352920 0.000003
352930 -0.000001
352940 0.000003
352950 -0.000003
352960 -0.000041
352970 0.000000
352980 0.000003
352990 -0.000001
353000 -0.000001
353010 0.000001
353020 0.000001
353030 0.000004
353040 -0.000001
353050 0.000001
353060 -0.000001
353070 -0.000001
353080 -0.000002
353090 0.000001
353100 -0.000001
353110 -0.000004
353120 -0.000002
353130 -0.000001
353140 -0.000004
353150 0.000001
353160 0.000006
353170 -0.000004
353180 0.000002
353190 0.000003
353200 -0.000110
353210 0.000003
353220 -0.000006
353230 -0.000030
353240 0.000000
353250 0.000000
353260 0.000003
353270 -0.000007
353280 0.000015
353290 -0.000001
353300 -0.000002
353310 0.000005
353320 0.000002
353330 0.000000
353340 0.000005
353350 -0.000001
353360 -0.000004
353370 -0.000005
353380 -0.000001
353390 0.000001
353400 -0.000003
353410 -0.000001
353420 -0.000000
353430 0.000001
353440 0.000001
353450 0.000005
353460 0.000002
353470 -0.000012
353480 0.000001
353490 -0.000003
353500 -0.000000
353510 -0.000001
353520 0.000000
353530 -0.000003
353540 -0.000006
353550 -0.000002
353560 -0.000004
353570 -0.000002
353580 -0.000001
353590 0.000000
353600 -0.000003
353610 -0.000001
353620 -0.000003
353630 0.000004
353640 -0.000002
353650 0.000228
353660 -0.000004
353670 0.000004
353680 0.000001
353690 -0.000005
353700 -0.000001
353710 0.000003
353720 -0.000003
353730 0.000002
353740 0.000001
353750 0.000001
353760 -0.000005
353770 0.000003
353780 -0.000001
353790 -0.000000
353800 -0.000003
353810 0.000001
353820 -0.000002
353830 0.000003
353840 0.000000
353850 -0.000003
353860 -0.000002
353870 0.000003
353880 0.000001
353890 -0.000004
353900 -0.000004
353910 -0.000003
353920 -0.000003
353930 0.000006
353940 -0.000003
353950 -0.000001
353960 0.000005
353970 0.000003
353980 -0.000003
353990 0.000000
354000 0.000004
354010 -0.000000
354020 -0.000012
354030 -0.000002
354040 -0.000000
354050 -0.000005
354060 -0.000001
354070 -0.000002
354080 -0.000000
354090 -0.000001
354100 0.000009
354110 -0.000003
354120 -0.000000
354130 0.000001
354140 0.000001
354150 -0.000001
354160 0.000004
354170 0.000001
354180 -0.000005
354190 0.000001
354200 -0.000004
354210 0.000007
354220 -0.000001
354230 -0.000002
354240 -0.000001
354250 0.000002
354260 0.000003
354270 0.000001
354280 -0.000002
354290 0.000006
354300 -0.000005
354310 0.000015
354320 -0.000001
354330 0.000002
354340 0.000008
354350 -0.000002
354360 -0.000002
354370 0.000004
354380 -0.000001
354390 0.000005
354400 0.000001
354410 0.000004
354420 0.000004
354430 0.000003
354440 0.000001
354450 -0.000001
354460 0.000001
354470 0.000002
354480 0.000012
354490 0.000002
354500 -0.000002
354510 0.000000
354520 0.000002
354530 0.000003
354540 -0.000004
354550 0.000006
354560 -0.000001
354570 -0.000001
354580 0.000000
354590 0.000000
354600 -0.000001
354610 0.000002
354620 0.000001
354630 0.000001
354640 -0.000002
354650 0.000006
354660 0.000005
354670 -0.000001
354680 0.000005
354690 -0.000001
354700 -0.000001
354710 0.000002
354720 0.000000
354730 -0.000002
354740 -0.000003
354750 -0.000003
354760 0.000001
354770 0.000000
354780 -0.000005
354790 0.000001
354800 0.000002
354810 -0.000004
354820 0.000005
354830 0.000003
354840 0.000000
354850 0.000006
354860 0.000001
354870 -0.000003
354880 -0.000003
354890 0.000005
354900 -0.000002
354910 -0.000001
354920 -0.000004
354930 -0.000004
354940 -0.000008
354950 -0.000005
354960 -0.000001
354970 -0.000008
354980 -0.000001
354990 -0.000003
355000 0.000003
355010 -0.000006
355020 0.000005
355030 -0.000001
355040 0.000000
355050 -0.000002
355060 0.000005
355070 0.000001
355080 -0.000000
355090 -0.000004
355100 -0.000004
355110 0.000002
355120 0.000003
355130 -0.000000
355140 -0.000001
355150 -0.000004
355160 -0.000003
355170 -0.000003
355180 0.000001
355190 -0.000003
355200 -0.000005
355210 -0.000002
355220 0.000003
355230 -0.000002
355240 0.000002
355250 -0.000001
355260 0.000002
355270 -0.000004
355280 -0.000003
355290 -0.000000
355300 -0.000003
355310 0.000003
355320 -0.000002
355330 -0.000003
355340 0.000001
355350 -0.000002
355360 -0.000004
355370 -0.000002
355380 0.000001
355390 0.000004
355400 0.000005
355410 -0.000005
355420 -0.000006
355430 0.000003
355440 0.000001
355450 -0.000001
355460 -0.000001
355470 0.000000
355480 -0.000004
355490 -0.000004
355500 0.000000
355510 -0.000005
355520 0.000003
355530 -0.000002
355540 -0.000090
355550 0.000001
355560 -0.000000
355570 0.000006
355580 -0.000002
355590 0.000002
355600 0.000004
355610 0.000007
355620 -0.000001
355630 -0.000001
355640 -0.000003
355650 -0.000003
355660 0.000002
355670 0.000003
355680 0.000023
355690 -0.000005
355700 0.000003
355710 -0.000000
355720 -0.000003
355730 0.000004
355740 -0.000001
355750 -0.000004
355760 -0.000002
355770 0.000002
355780 -0.000002
355790 0.000003
355800 0.000031
355810 -0.000012
355820 0.000008
355830 -0.000004
355840 0.000000
355850 0.000007
355860 0.000002
355870 0.000005
355880 0.000000
355890 0.000002
355900 -0.000001
355910 0.000004
355920 0.000000
355930 0.000001
355940 -0.000003
355950 -0.000004
355960 -0.000002
355970 -0.000000
355980 0.000004
355990 0.000021
356000 -0.000006
356010 -0.000001
356020 0.000005
356030 -0.000005
356040 -0.000000
356050 0.000003
356060 0.000004
356070 -0.000020
356080 0.000002
356090 0.000001
356100 -0.000006
356110 -0.000000
356120 -0.000000
356130 -0.000001
356140 -0.000000
356150 0.000004
356160 0.000000
356170 0.000004
356180 0.000001
356190 -0.000001
356200 0.000002
356210 0.000003
356220 0.000000
356230 -0.000001
356240 -0.000002
356250 0.000003
356260 0.000001
356270 -0.000001
356280 0.000002
356290 0.000007
356300 -0.000002
356310 -0.000001
356320 0.000002
356330 -0.000000
356340 -0.000003
356350 -0.000003
356360 0.000001
356370 0.000003
356380 0.000000
356390 -0.000004
356400 0.000001
356410 -0.000009
356420 -0.000007
356430 0.000003
356440 -0.000000
356450 -0.000000
356460 -0.000001
356470 0.000001
356480 -0.000000
356490 0.000003
356500 0.000004
356510 -0.000001
356520 -0.000000
356530 -0.000003
356540 0.000000
356550 -0.000002
356560 0.000000
356570 -0.000002
356580 -0.000004
356590 0.000004
356600 -0.000002
356610 -0.000002
356620 -0.000001
356630 0.000005
356640 -0.000001
356650 -0.000004
356660 0.000003
356670 -0.000004
356680 -0.000000
356690 -0.000000
356700 0.000001
356710 -0.000009
356720 0.000005
356730 -0.000293
356740 -0.000001
356750 -0.000001
356760 0.000003
356770 -0.000000
356780 0.000001
356790 0.000001
356800 -0.000002
356810 -0.000006
356820 0.000007
356830 0.000001
356840 0.000002
356850 0.000003
356860 0.000007
356870 0.000001
356880 0.000001
356890 -0.000006
356900 -0.000004
356910 -0.000002
356920 -0.000000
356930 -0.000002
356940 -0.000001
356950 -0.000002
356960 0.000002
356970 0.000004
356980 0.000044
356990 -0.000005
357000 -0.000001
357010 -0.000003
357020 -0.000001
357030 0.000003
357040 0.000003
357050 -0.000003
357060 0.000042
357070 -0.000007
357080 0.000002
357090 -0.000001
357100 0.000001
357110 -0.000006
357120 -0.000001
357130 -0.000011
357140 0.000002
357150 0.000046
357160 -0.000001
357170 0.000003
357180 0.000001
357190 0.000001
357200 0.000003
357210 0.000001
357220 -0.000000
357230 0.000001
357240 0.000002
357250 -0.000002
357260 -0.000007
357270 -0.000002
357280 -0.000001
357290 -0.000002
357300 -0.000001
357310 -0.000004
357320 -0.000002
357330 0.000002
357340 -0.000000
357350 0.000001
357360 -0.000000
357370 0.000001
357380 -0.000010
357390 -0.000001
357400 0.000001
357410 -0.000003
357420 0.000004
357430 0.000001
357440 0.000010
357450 -0.000006
357460 0.000005
357470 -0.000001
357480 0.000001
357490 -0.000003
357500 -0.000005
357510 -0.000002
357520 0.000002
357530 0.000004
357540 0.000002
357550 0.000000
357560 -0.000004
357570 -0.000004
357580 -0.000001
357590 -0.000001
357600 -0.000003
357610 -0.000004
357620 -0.000004
357630 0.000001
357640 0.000043
357650 -0.000005
357660 -0.000002
357670 0.000001
357680 -0.000005
357690 -0.000002
357700 0.000004
357710 -0.000002
357720 0.000002
357730 0.000005
357740 0.000005
357750 0.000001
357760 0.000001
357770 0.000000
357780 0.000004
357790 -0.000007
357800 -0.000002
357810 -0.000008
357820 0.000006
357830 0.000002
357840 -0.000007
357850 -0.000001
357860 -0.000017
357870 -0.000002
357880 0.000002
357890 0.000004
357900 0.000002
357910 -0.000002
357920 0.000004
357930 -0.000001
357940 0.000002
357950 0.000002
357960 0.000004
357970 -0.000005
357980 -0.000001
357990 0.000000
358000 0.000001
358010 -0.000002
358020 0.000003
358030 -0.000007
358040 -0.000002
358050 0.000005
358060 -0.000006
358070 -0.000000
358080 -0.000004
358090 0.000005
358100 0.000000
358110 -0.000002
358120 -0.000003
358130 -0.000010
358140 -0.000002
358150 0.000001
358160 0.000004
358170 0.000001
358180 -0.000001
358190 -0.000002
358200 -0.000012
358210 -0.000000
358220 -0.000003
358230 -0.000003
358240 0.000005
358250 -0.000005
358260 -0.000000
358270 0.000005
358280 -0.000002
358290 -0.000001
358300 -0.000000
358310 0.000002
358320 0.000000
358330 -0.000001
358340 0.000002
358350 -0.000004
358360 -0.000001
358370 0.000005
358380 -0.000004
358390 0.000003
358400 -0.000002
358410 -0.000006
358420 -0.000002
358430 -0.000003
358440 0.000001
358450 0.000000
358460 0.000003
358470 0.000001
358480 0.000005
358490 -0.000004
358500 0.000010
358510 0.000000
358520 -0.000007
358530 -0.000003
358540 -0.000002
358550 -0.000003
358560 -0.000000
358570 0.000005
358580 0.000004
358590 0.000010
358600 -0.000003
358610 -0.000006
358620 -0.000004
358630 -0.000002
358640 0.000001
358650 -0.000003
358660 0.000002
358670 0.000001
358680 0.000003
358690 0.000004
358700 -0.000016
358710 -0.000002
358720 0.000005
358730 0.000000
358740 -0.000003
358750 0.000002
358760 -0.000000
358770 0.000004
358780 0.000005
358790 0.000002
358800 0.000000
358810 -0.000002
358820 0.000002
358830 0.000000
358840 0.000003
358850 -0.000001
358860 -0.000000
358870 0.000001
358880 0.000000
358890 0.000002
358900 -0.000001
358910 0.000000
358920 -0.000003
358930 0.000001
358940 0.000008
358950 0.000000
358960 0.000000
358970 -0.000001
358980 0.000002
358990 0.000019
359000 0.000001
359010 -0.000002
359020 0.000002
359030 -0.000003
359040 -0.000002
359050 -0.000001
359060 -0.000001
359070 0.000000
359080 0.000004
359090 -0.000003
359100 0.000004
359110 -0.000005
359120 -0.000001
359130 0.000001
359140 0.000003
359150 0.000003
359160 0.000001
359170 0.000000
359180 0.000001
359190 -0.000007
359200 -0.000000
359210 0.000001
359220 -0.000001
359230 -0.000002
359240 0.000005
359250 0.000001
359260 0.000001
359270 0.000004
359280 0.000002
359290 0.000002
359300 0.000002
359310 -0.000000
359320 -0.000002
359330 0.000000
359340 -0.000001
359350 -0.000005
359360 0.000001
359370 -0.000005
359380 0.000006
359390 0.000005
359400 0.000001
359410 -0.000007
359420 -0.000005
359430 -0.000002
359440 -0.000001
359450 -0.000001
359460 -0.000008
359470 0.000006
359480 -0.000002
359490 0.000001
359500 0.000001
359510 -0.000002
359520 0.000003
359530 0.000000
359540 -0.000035
359550 0.000006
359560 -0.000000
359570 0.000001
359580 -0.000002
359590 0.000003
359600 0.000002
359610 0.000006
359620 -0.000138
359630 0.000002
359640 -0.000004
359650 0.000003
359660 0.000000
359670 0.000001
359680 -0.000000
359690 -0.000001
359700 -0.000005
359710 -0.000007
359720 0.000000
359730 0.000004
359740 -0.000001
359750 0.000004
359760 0.000003
359770 0.000003
359780 -0.000001
359790 0.000000
359800 0.000001
359810 -0.000002
359820 0.000003
359830 -0.000002
359840 0.000005
359850 -0.000003
359860 0.000003
359870 0.000001
359880 0.000001
359890 -0.000011
359900 -0.000003
359910 -0.000004
359920 0.000001
359930 -0.000005
359940 -0.000000
359950 0.000004
359960 -0.000004
359970 -0.000002
359980 -0.000003
359990 0.000002
360000 0.000002
360010 0.000003
360020 0.000012
360030 -0.000002
360040 0.000004
360050 -0.000001
360060 -0.000004
360070 0.000000
360080 -0.000002
360090 0.000003
360100 0.000001
360110 0.000002
360120 0.000001
360130 -0.000002
360140 -0.000000
360150 0.000007
360160 0.000009
360170 -0.000002
360180 -0.000027
360190 0.000000
360200 0.000007
360210 -0.000004
360220 0.000002
360230 0.000006
360240 0.000003
360250 -0.000001
360260 -0.000001
360270 -0.000004
360280 -0.000002
360290 -0.000004
360300 0.000004
360310 0.000000
360320 0.000001
360330 0.000005
360340 0.000004
360350 -0.000003
360360 -0.000000
360370 0.000010
360380 0.000003
360390 0.000004
360400 0.000001
360410 -0.000002
360420 0.000001
360430 -0.000000
360440 0.000000
360450 -0.000004
360460 0.000000
360470 0.000015
360480 -0.000004
360490 0.000004
360500 0.000005
360510 -0.000037
360520 -0.000002
360530 0.000003
360540 -0.000005
360550 0.000001
360560 -0.000002
360570 0.000000
360580 -0.000001
360590 -0.000002
360600 -0.000010
360610 0.000004
360620 -0.000002
360630 0.000001
360640 0.000001
360650 -0.000009
360660 0.000000
360670 -0.000002
360680 -0.000007
360690 -0.000001
360700 -0.000005
360710 0.000000
360720 0.000001
360730 -0.000003
360740 0.000001
360750 -0.000001
360760 0.000002
360770 0.000000
360780 0.000098
360790 -0.000000
360800 -0.000005
360810 -0.000003
360820 -0.000004
360830 0.000003
360840 -0.000001
360850 0.000000
360860 0.000002
360870 -0.000004
360880 -0.000001
360890 0.000007
360900 -0.000004
360910 -0.000004
360920 -0.000019
360930 -0.000004
360940 -0.000001
360950 -0.000001
360960 0.000000
360970 0.000002
360980 0.000002
360990 0.000002
361000 0.000012
361010 0.000004
361020 0.000004
361030 0.000005
361040 -0.000004
361050 0.000005
361060 0.000003
361070 0.000001
361080 -0.000002
361090 0.000004
361100 0.000002
361110 0.000005
361120 -0.000002
361130 0.000000
361140 0.000002
361150 0.000002
361160 0.000009
361170 0.000001
361180 0.000000
361190 0.000002
361200 -0.000001
361210 -0.000003
361220 0.000004
361230 -0.000000
361240 0.000000
361250 0.000001
361260 -0.000003
361270 -0.000005
361280 0.000001
361290 -0.000003
361300 0.000002
361310 -0.000002
361320 0.000006
361330 -0.000002
361340 -0.000002
361350 -0.000000
361360 -0.000000
361370 0.000004
361380 0.000001
361390 0.000002
361400 0.000000
361410 -0.000030
361420 0.000002
361430 -0.000002
361440 0.000001
361450 0.000000
361460 -0.000004
361470 -0.000000
361480 -0.000002
361490 -0.000003
361500 0.000004
361510 0.000000
361520 -0.000000
361530 -0.000005
361540 -0.000001
361550 0.000001
361560 -0.000007
361570 0.000006
361580 0.000006
361590 0.000004
361600 -0.000005
361610 0.000004
361620 0.000003
361630 -0.000004
361640 -0.000002
361650 -0.000002
361660 0.000005
361670 -0.000001
361680 -0.000004
361690 -0.000001
361700 -0.000026
361710 0.000005
361720 0.000006
361730 -0.000002
361740 0.000001
361750 0.000001
361760 0.000000
361770 0.000000
361780 0.000002
361790 0.000002
361800 0.000001
361810 0.000001
361820 -0.000003
361830 -0.000002
361840 0.000005
361850 0.000007
361860 -0.000003
361870 0.000001
361880 0.000005
361890 -0.000001
361900 0.000002
361910 0.000001
361920 -0.000004
361930 0.000005
361940 0.000006
361950 0.000080
361960 -0.000005
361970 -0.000000
361980 0.000004
361990 0.000001
362000 -0.000002
362010 -0.000004
362020 0.000005
362030 0.000003
362040 0.000002
362050 -0.000001
362060 0.000003
362070 -0.000000
362080 0.000003
362090 0.000001
362100 0.000001
362110 -0.000001
362120 -0.000008
362130 -0.000000
362140 0.000005
362150 -0.000001
362160 -0.000001
362170 0.000000
362180 0.000001
362190 0.000003
362200 0.000002
362210 0.000001
362220 -0.000001
362230 -0.000004
362240 -0.000002
362250 -0.000000
362260 0.000000
362270 0.000002
362280 0.000010
362290 0.000006
362300 -0.000002
362310 0.000003
362320 -0.000009
362330 0.000005
362340 -0.000003
362350 -0.000002
362360 -0.000003
362370 -0.000002
362380 -0.000000
362390 0.000002
362400 -0.000004
362410 -0.000001
362420 -0.000002
362430 0.000004
362440 -0.000009
362450 0.000001
362460 -0.000003
362470 0.000001
362480 -0.000002
362490 -0.000003
362500 0.000006
362510 -0.000000
362520 0.000001
362530 0.000001
362540 0.000003
362550 0.000002
362560 0.000002
362570 0.000002
362580 0.000002
362590 0.000002
362600 -0.000003
362610 0.000003
362620 0.000005
362630 0.000003
362640 0.000003
362650 -0.000001
362660 -0.000003
362670 0.000000
362680 -0.000005
362690 -0.000001
362700 -0.000001
362710 -0.000000
362720 0.000001
362730 0.000004
362740 0.000002
362750 -0.000004
362760 0.000001
362770 -0.000001
362780 0.000001
362790 -0.000005
362800 -0.000004
362810 -0.000005
362820 0.000002
362830 -0.000003
362840 -0.000006
362850 -0.000002
362860 0.000004
362870 0.000001
362880 -0.000001
362890 -0.000001
362900 -0.000002
362910 -0.000003
362920 -0.000008
362930 0.000007
362940 -0.000002
362950 0.000071
362960 0.000001
362970 -0.000002
362980 0.000002
362990 -0.000008
363000 0.000010
363010 0.000002
363020 -0.000001
363030 0.000007
363040 0.000006
363050 0.000004
363060 -0.000000
363070 -0.000003
363080 0.000006
363090 -0.000001
363100 0.000004
363110 0.000002
363120 -0.000001
363130 0.000007
363140 -0.000001
363150 0.000004
363160 -0.000000
363170 0.000004
363180 0.000006
363190 0.000000
363200 -0.000003
363210 0.000004
363220 0.000007
363230 0.000005
363240 -0.000002
363250 0.000001
363260 0.000002
363270 0.000003
363280 0.000001
363290 -0.000001
363300 -0.000003
363310 -0.000000
363320 0.000007
363330 -0.000001
363340 -0.000000
363350 -0.000003
363360 -0.000009
363370 -0.000001
363380 -0.000002
363390 0.000004
363400 0.000000
363410 0.000003
363420 0.000000
363430 -0.000005
363440 -0.000006
363450 0.000003
363460 0.000000
363470 -0.000002
363480 0.000001
363490 0.000003
363500 0.000005
363510 0.000003
363520 -0.000004
363530 -0.000001
363540 0.000001
363550 0.000499
363560 -0.000001
363570 -0.000003
363580 -0.000001
363590 0.000000
363600 0.000004
363610 -0.000004
363620 0.000005
363630 -0.000009
363640 0.000003
363650 0.000001
363660 0.000499
363670 -0.000006
363680 0.000000
363690 -0.000002
363700 0.000002
363710 0.000004
363720 0.000001
363730 -0.000008
363740 -0.000002
363750 -0.000001
363760 -0.000004
363770 -0.000003
363780 0.000001
363790 -0.000005
363800 -0.000003
363810 0.000382
363820 -0.000000
363830 -0.000003
363840 0.000001
363850 0.000003
363860 0.000001
363870 -0.000001
363880 0.000006
363890 -0.000005
363900 -0.000004
363910 -0.000002
363920 -0.000000
363930 0.000004
363940 0.000002
363950 0.000451
363960 0.000011
363970 -0.000000
363980 0.000005
363990 -0.000002
364000 -0.000005
364010 -0.000004
364020 0.000000
364030 0.000004
364040 0.000001
364050 0.000008
364060 0.000000
364070 -0.000001
364080 0.000002
364090 -0.000001
364100 -0.000004
364110 0.000002
364120 -0.000001
364130 0.000000
364140 0.000007
364150 -0.000001
364160 -0.000005
364170 0.000006
364180 0.000001
364190 -0.000003
364200 -0.000003
364210 0.000002
364220 0.000001
364230 -0.000003
364240 -0.000008
364250 -0.000003
364260 0.000007
364270 -0.000005
364280 0.000005
364290 0.000006
364300 -0.000000
364310 -0.000003
364320 0.000000
364330 -0.000004
364340 0.000003
364350 0.000002
364360 -0.000002
364370 0.000002
364380 0.000005
364390 -0.000002
364400 0.000002
364410 -0.000000
364420 0.000009
364430 -0.000003
364440 0.000002
364450 0.000002
364460 0.000002
364470 0.000003
364480 0.000005
364490 0.000027
364500 0.000003
364510 0.000001
364520 -0.000001
364530 0.000004
364540 -0.000010
364550 -0.000004
364560 0.000010
364570 -0.000005
364580 -0.000002
364590 0.000002
364600 0.000000
364610 -0.000000
364620 -0.000000
364630 0.000012
364640 -0.000000
364650 0.000003
364660 0.000006
364670 0.000008
364680 0.000004
364690 0.000104
364700 -0.000001
364710 -0.000010
364720 0.000001
364730 -0.000000
364740 0.000003
364750 -0.000001
364760 0.000001
364770 0.000001
364780 -0.000003
364790 -0.000004
364800 0.000000
364810 -0.000001
364820 0.000002
364830 -0.000000
364840 -0.000003
364850 -0.000000
364860 0.000002
364870 0.000002
364880 -0.000001
364890 -0.000004
364900 -0.000001
364910 0.000003
364920 0.000000
364930 0.000093
364940 -0.000003
364950 0.000002
364960 0.000001
364970 0.000005
364980 -0.000003
364990 -0.000006
365000 -0.000005
365010 0.000000
365020 0.000001
365030 0.000003
365040 0.000005
365050 0.000001
365060 -0.000000
365070 0.000007
365080 0.000002
365090 0.000002
365100 0.000011
365110 -0.000008
365120 -0.000012
365130 0.000072
365140 -0.000001
365150 -0.000001
365160 -0.000001
365170 -0.000002
365180 0.000002
365190 0.000004
365200 -0.000007
365210 -0.000010
365220 0.000001
365230 -0.000012
365240 -0.000001
365250 -0.000000
365260 0.000002
365270 -0.000004
365280 0.000002
365290 -0.000001
365300 0.000001
365310 0.000001
365320 -0.000000
365330 -0.000006
365340 0.000003
365350 -0.000000
365360 0.000008
365370 0.000061
365380 -0.000093
365390 -0.000003
365400 0.000001
365410 0.000000
365420 -0.000001
365430 -0.000004
365440 -0.000005
365450 -0.000008
365460 -0.000001
365470 -0.000005
365480 0.000004
365490 0.000002
365500 0.000001
365510 0.000000
365520 0.000003
365530 0.000001
365540 0.000006
365550 0.000000
365560 0.000004
365570 -0.000002
365580 0.000005
365590 -0.000002
365600 -0.000006
365610 0.000010
365620 -0.000001
365630 -0.000005
365640 0.000003
365650 -0.000000
365660 0.000002
365670 0.000005
365680 0.000002
365690 -0.000003
365700 0.000001
365710 -0.000001
365720 -0.000000
365730 0.000000
365740 0.000009
365750 0.000031
365760 0.000000
365770 -0.000001
365780 -0.000002
365790 -0.000000
365800 0.000001
365810 0.000007
365820 -0.000004
365830 0.000002
365840 -0.000002
365850 0.000004
365860 -0.000005
365870 0.000001
365880 0.000000
365890 -0.000006
365900 -0.000000
365910 0.000001
365920 0.000002
365930 -0.000005
365940 -0.000001
365950 -0.000001
365960 -0.000002
365970 0.000007
365980 0.000001
365990 0.000003
366000 -0.000002
366010 0.000003
366020 0.000006
366030 0.000000
366040 0.000001
366050 0.000002
366060 -0.000002
366070 0.000001
366080 0.000005
366090 -0.000002
366100 0.000012
366110 -0.000002
366120 -0.000004
366130 0.000006
366140 0.000009
366150 -0.000002
366160 -0.000001
366170 -0.000001
366180 0.000002
366190 0.000006
366200 -0.000005
366210 -0.000004
366220 -0.000001
366230 -0.000007
366240 -0.000002
366250 -0.000002
366260 0.000005
366270 0.000009
366280 -0.000006
366290 -0.000008
366300 -0.000002
366310 -0.000000
366320 -0.000010
366330 -0.000001
366340 -0.000005
366350 0.000004
366360 0.000000
366370 0.000001
366380 -0.000008
366390 0.000002
366400 0.000001
366410 -0.000002
366420 -0.000003
366430 0.000000
366440 -0.000005
366450 0.000003
366460 -0.000000
366470 -0.000001
366480 0.000003
366490 0.000003
366500 0.000003
366510 -0.000000
366520 -0.000002
366530 -0.000000
366540 -0.000002
366550 0.000001
366560 -0.000001
366570 0.000001
366580 0.000001
366590 -0.000001
366600 0.000000
366610 -0.000008
366620 0.000038
366630 -0.000002
366640 -0.000006
366650 0.000002
366660 -0.000001
366670 -0.000003
366680 -0.000000
366690 0.000007
366700 -0.000001
366710 0.000001
366720 -0.000001
366730 0.000000
366740 -0.000000
366750 -0.000002
366760 0.000003
366770 -0.000004
366780 -0.000009
366790 0.000001
366800 -0.000006
366810 0.000000
366820 0.000001
366830 -0.000000
366840 0.000002
366850 -0.000003
366860 0.000015
366870 -0.000007
366880 -0.000003
366890 -0.000002
366900 0.000002
366910 -0.000004
366920 0.000004
366930 -0.000001
366940 0.000003
366950 -0.000001
366960 0.000009
366970 -0.000007
366980 0.000001
366990 0.000002
367000 -0.000004
367010 0.000002
367020 -0.000004
367030 -0.000011
367040 -0.000006
367050 -0.000001
367060 0.000004
367070 -0.000008
367080 -0.000000
367090 -0.000001
367100 -0.000001
367110 -0.000001
367120 -0.000002
367130 -0.000001
367140 -0.000005
367150 -0.000003
367160 0.000009
367170 0.000011
367180 0.000004
367190 -0.000006
367200 -0.000000
367210 0.000002
367220 -0.000001
367230 -0.000006
367240 -0.000006
367250 0.000000
367260 0.000003
367270 -0.000004
367280 0.000003
367290 -0.000001
367300 -0.000002
367310 -0.000011
367320 0.000002
367330 0.000004
367340 -0.000001
367350 0.000004
367360 -0.000001
367370 -0.000000
367380 -0.000003
367390 -0.000002
367400 0.000007
367410 0.000006
367420 0.000080
367430 -0.000001
367440 -0.000001
367450 -0.000000
367460 0.000001
367470 -0.000000
367480 0.000002
367490 0.000001
367500 0.000005
367510 0.000002
367520 0.000001
367530 0.000003
367540 -0.000002
367550 -0.000001
367560 -0.000003
367570 0.000002
367580 -0.000007
367590 0.000002
367600 -0.000011
367610 -0.000002
367620 -0.000007
367630 -0.000010
367640 -0.000004
367650 -0.000003
367660 0.000001
367670 -0.000000
367680 0.000007
367690 -0.000009
367700 -0.000000
367710 0.000003
367720 0.000001
367730 0.000008
367740 -0.000003
367750 0.000001
367760 0.000008
367770 -0.000004
367780 -0.000000
367790 -0.000001
367800 0.000006
367810 -0.000003
367820 0.000001
367830 0.000001
367840 0.000003
367850 0.000002
367860 -0.000000
367870 0.000000
367880 -0.000000
367890 0.000002
367900 0.000007
367910 0.000013
367920 0.000002
367930 -0.000004
367940 -0.000000
367950 0.000002
367960 0.000008
367970 0.000000
367980 0.000000
367990 -0.000002
368000 0.000000
368010 0.000007
368020 0.000001
368030 0.000003
368040 0.000001
368050 0.000000
368060 -0.000000
368070 -0.000033
368080 0.000005
368090 -0.000001
368100 0.000009
368110 -0.000000
368120 0.000004
368130 0.000002
368140 0.000000
368150 0.000007
368160 -0.000001
368170 -0.000006
368180 0.000001
368190 0.000001
368200 -0.000006
368210 0.000007
368220 0.000008
368230 0.000013
368240 -0.000000
368250 0.000003
368260 -0.000003
368270 0.000003
368280 -0.000001
368290 0.000003
368300 0.000002
368310 -0.000010
368320 0.000009
368330 -0.000001
368340 0.000000
368350 -0.000000
368360 -0.000000
368370 -0.000001
368380 -0.000001
368390 0.000006
368400 -0.000000
368410 0.000004
368420 0.000000
368430 0.000003
368440 0.000006
368450 -0.000002
368460 -0.000005
368470 0.000002
368480 0.000003
368490 0.000002
368500 0.000003
368510 0.000003
368520 0.000002
368530 -0.000004
368540 -0.000001
368550 -0.000003
368560 -0.000005
368570 0.000002
368580 0.000000
368590 0.000005
368600 -0.000003
368610 0.000005
368620 0.000007
368630 -0.000003
368640 0.000003
368650 0.000003
368660 0.000011
368670 0.000001
368680 0.000005
368690 -0.000002
368700 0.000001
368710 -0.000002
368720 0.000000
368730 0.000001
368740 -0.000005
368750 -0.000000
368760 -0.000000
368770 0.000001
368780 -0.000004
368790 -0.000000
368800 -0.000002
368810 -0.000000
368820 -0.000002
368830 -0.000003
368840 -0.000005
368850 0.000004
368860 0.000000
368870 0.000010
368880 0.000001
368890 -0.000005
368900 -0.000002
368910 -0.000001
368920 -0.000004
368930 0.000000
368940 -0.000019
368950 0.000006
368960 0.000002
368970 -0.000003
368980 0.000002
368990 -0.000002
369000 -0.000001
369010 0.000003
369020 0.000003
369030 -0.000005
369040 -0.000001
369050 0.000005
369060 0.000006
369070 0.000002
369080 -0.000004
369090 -0.000008
369100 -0.000001
369110 -0.000002
369120 0.000001
369130 0.000004
369140 0.000003
369150 0.000007
369160 0.000004
369170 0.000002
369180 0.000003
369190 0.000005
369200 -0.000003
369210 -0.000000
369220 -0.000004
369230 -0.000002
369240 0.000006
369250 0.000000
369260 0.000002
369270 -0.000003
369280 -0.000007
369290 -0.000002
369300 -0.000002
369310 0.000001
369320 0.000002
369330 0.000002
369340 0.000001
369350 -0.000000
369360 0.000005
369370 -0.000004
369380 0.000001
369390 -0.000000
369400 -0.000000
369410 -0.000002
369420 0.000003
369430 0.000001
369440 -0.000000
369450 -0.000000
369460 -0.000003
369470 -0.000001
369480 -0.000000
369490 0.000003
369500 -0.000001
369510 0.000002
369520 0.000012
369530 0.000004
369540 0.000002
369550 -0.000002
369560 0.000001
369570 0.000005
369580 0.000005
369590 -0.000001
369600 -0.000001
369610 -0.000003
369620 -0.000029
369630 0.000002
369640 0.000001
369650 -0.000002
369660 -0.000006
369670 -0.000001
369680 -0.000001
369690 -0.000002
369700 0.000001
369710 0.000002
369720 0.000001
369730 -0.000005
369740 -0.000002
369750 0.000004
369760 0.000003
369770 0.000000
369780 0.000001
369790 0.000004
369800 -0.000005
369810 -0.000000
369820 -0.000040
369830 0.000001
369840 0.000005
369850 -0.000001
369860 -0.000001
369870 0.000002
369880 0.000003
369890 -0.000006
369900 0.000001
369910 -0.000011
369920 0.000000
369930 0.000002
369940 -0.000001
369950 0.000007
369960 0.000004
369970 0.000002
369980 0.000001
369990 0.000005
370000 0.000002
370010 -0.000009
370020 -0.000025
370030 -0.000002
370040 0.000002
370050 -0.000001
370060 0.000001
370070 -0.000041
370080 -0.000001
370090 0.000000
370100 -0.000001
370110 -0.000007
370120 0.000001
370130 -0.000001
370140 0.000001
370150 0.000005
370160 0.000000
370170 -0.000006
370180 -0.000001
370190 0.000002
370200 0.000004
370210 0.000001
370220 -0.000001
370230 -0.000003
370240 -0.000002
370250 -0.000002
370260 -0.000002
370270 0.000000
370280 -0.000001
370290 0.000006
370300 -0.000001
370310 -0.000001
370320 -0.000003
370330 0.000002
370340 0.000000
370350 0.000009
370360 0.000072
370370 0.000009
370380 0.000000
370390 -0.000001
370400 0.000002
370410 0.000001
370420 0.000001
370430 0.000003
370440 0.000003
370450 0.000001
370460 -0.000002
370470 0.000002
370480 -0.000006
370490 -0.000001
370500 0.000002
370510 0.000000
370520 -0.000004
370530 0.000001
370540 -0.000002
370550 0.000003
370560 0.000003
370570 -0.000003
370580 0.000003
370590 0.000001
370600 0.000004
370610 -0.000014
370620 0.000004
370630 0.000003
370640 -0.000004
370650 -0.000001
370660 0.000000
370670 0.000000
370680 -0.000003
370690 0.000131
370700 -0.000001
370710 0.000003
370720 -0.000003
370730 -0.000000
370740 -0.000005
370750 -0.000000
370760 0.000001
370770 -0.000001
370780 -0.000000
370790 -0.000003
370800 0.000001
370810 -0.000004
370820 -0.000001
370830 -0.000003
370840 -0.000002
370850 0.000001
370860 -0.000002
370870 0.000002
370880 -0.000003
370890 -0.000002
370900 -0.000003
370910 -0.000005
370920 -0.000002
370930 -0.000000
370940 0.000001
370950 0.000001
370960 -0.000004
370970 0.000031
370980 0.000001
370990 -0.000003
371000 -0.000003
371010 0.000003
371020 -0.000000
371030 -0.000001
371040 -0.000000
371050 -0.000002
371060 -0.000002
371070 0.000002
371080 -0.000002
371090 0.000005
371100 -0.000001
371110 0.000003
371120 -0.000011
371130 0.000000
371140 0.000000
371150 0.000003
371160 -0.000002
371170 0.000000
371180 0.000006
371190 -0.000000
371200 -0.000009
371210 -0.000005
371220 0.000002
371230 -0.000005
371240 -0.000001
371250 0.000004
371260 0.000002
371270 0.000001
371280 -0.000005
371290 -0.000003
371300 0.000003
371310 -0.000001
371320 0.000001
371330 0.000001
371340 -0.000002
371350 0.000000
371360 0.000002
371370 0.000001
371380 -0.000001
371390 0.000029
371400 -0.000000
371410 -0.000001
371420 0.000015
371430 0.000002
371440 -0.000002
371450 0.000003
371460 0.000002
371470 0.000001
371480 0.000001
371490 0.000005
371500 -0.000005
371510 0.000000
371520 0.000000
371530 -0.000000
371540 -0.000005
371550 -0.000004
371560 -0.000002
371570 -0.000007
371580 -0.000006
371590 0.000002
371600 0.000004
371610 -0.000002
371620 0.000006
371630 0.000001
371640 -0.000002
371650 -0.000004
371660 0.000001
371670 -0.000001
371680 -0.000003
371690 0.000009
371700 0.000003
371710 0.000001
371720 0.000002
371730 0.000003
371740 -0.000013
371750 0.000000
371760 -0.000005
371770 0.000003
371780 -0.000001
371790 -0.000002
371800 0.000002
371810 0.000005
371820 -0.000010
371830 -0.000001
371840 0.000002
371850 -0.000005
371860 0.000002
371870 -0.000000
371880 -0.000000
371890 0.000006
371900 0.000039
371910 0.000000
371920 -0.000002
371930 -0.000013
371940 -0.000002
371950 -0.000021
371960 -0.000000
371970 -0.000006
371980 -0.000001
371990 -0.000001
372000 -0.000002
372010 -0.000000
372020 0.000000
372030 0.000010
372040 -0.000003
372050 0.000001
372060 0.000001
372070 -0.000005
372080 -0.000001
372090 -0.000000
372100 -0.000000
372110 0.000003
372120 0.000001
372130 -0.000001
372140 0.000001
372150 -0.000004
372160 0.000009
372170 -0.000001
372180 0.000000
372190 0.000001
372200 0.000050
372210 0.000003
372220 0.000002
372230 -0.000002
372240 0.000000
372250 -0.000000
372260 -0.000001
372270 0.000000
372280 -0.000001
372290 0.000005
372300 0.000001
372310 -0.000001
372320 -0.000002
372330 0.000000
372340 0.000004
372350 -0.000002
372360 -0.000000
372370 0.000005
372380 -0.000002
372390 0.000002
372400 0.000000
372410 0.000000
372420 -0.000000
372430 -0.000000
372440 -0.000001
372450 -0.000005
372460 0.000005
372470 0.000003
372480 -0.000004
372490 -0.000000
372500 0.000000
372510 0.000002
372520 -0.000002
372530 -0.000002
372540 -0.000001
372550 0.000002
372560 -0.000001
372570 0.000004
372580 -0.000019
372590 0.000002
372600 0.000000
372610 -0.000002
372620 -0.000006
372630 -0.000000
372640 0.000002
372650 -0.000007
372660 -0.000002
372670 0.000004
372680 0.000005
372690 -0.000004
372700 -0.000001
372710 0.000000
372720 0.000006
372730 -0.000036
372740 0.000007
372750 -0.000001
372760 -0.000002
372770 0.000001
372780 0.000001
372790 0.000002
372800 -0.000001
372810 -0.000003
372820 -0.000003
372830 0.000000
372840 0.000001
372850 0.000004
372860 0.000000
372870 0.000001
372880 0.000000
372890 0.000006
372900 0.000004
372910 -0.000004
372920 -0.000000
372930 -0.000003
372940 -0.000002
372950 -0.000003
372960 0.000006
372970 -0.000004
372980 -0.000002
372990 -0.000002
373000 0.000003
373010 -0.000003
373020 -0.000006
373030 0.000022
373040 -0.000003
373050 -0.000001
373060 -0.000006
373070 0.000001
373080 0.000007
373090 0.000002
373100 0.000002
373110 0.000002
373120 0.000002
373130 -0.000006
373140 -0.000005
373150 0.000004
373160 -0.000007
373170 -0.000002
373180 -0.000002
373190 -0.000003
373200 -0.000003
373210 0.000003
373220 -0.000002
373230 -0.000100
373240 0.000004
373250 0.000006
373260 0.000020
373270 0.000011
373280 -0.000001
373290 0.000002
373300 0.000001
373310 0.000005
373320 -0.000003
373330 0.000002
373340 0.000002
373350 -0.000006
373360 0.000002
373370 0.000001
373380 0.000076
373390 0.000002
373400 0.000002
373410 0.000004
373420 -0.000002
373430 -0.000001
373440 0.000001
373450 0.000001
373460 -0.000001
373470 0.000003
373480 0.000002
373490 -0.000002
373500 0.000001
373510 -0.000003
373520 0.000001
373530 0.000004
373540 0.000001
373550 0.000004
373560 0.000002
373570 0.000001
373580 0.000000
373590 0.000001
373600 -0.000006
373610 -0.000000
373620 0.000011
373630 -0.000002
373640 0.000007
373650 0.000003
373660 0.000001
373670 -0.000000
373680 0.000001
373690 0.000007
373700 0.000005
373710 0.000002
373720 0.000004
373730 -0.000001
373740 0.000005
373750 -0.000001
373760 0.000003
373770 0.000001
373780 0.000001
373790 0.000003
373800 -0.000001
373810 0.000001
373820 -0.000009
373830 -0.000001
373840 0.000003
373850 0.000007
373860 0.000003
373870 -0.000001
373880 -0.000001
373890 0.000004
373900 -0.000003
373910 0.000003
373920 0.000002
373930 -0.000001
373940 -0.000000
373950 0.000092
373960 0.000003
373970 0.000004
373980 -0.000006
373990 -0.000002
374000 -0.000001
374010 0.000005
374020 0.000212
374030 0.000002
374040 -0.000013
374050 0.000001
374060 -0.000003
374070 -0.000011
374080 -0.000003
374090 -0.000004
374100 0.000001
374110 0.000010
374120 0.000003
374130 -0.000001
374140 -0.000002
374150 0.000003
374160 -0.000006
374170 -0.000004
374180 0.000002
374190 0.000005
374200 0.000001
374210 -0.000004
374220 -0.000001
374230 0.000004
374240 -0.000002
374250 -0.000003
374260 0.000000
374270 0.000007
374280 -0.000001
374290 0.000005
374300 -0.000004
374310 0.000003
374320 -0.000052
374330 0.000001
374340 -0.000003
374350 -0.000006
374360 0.000005
374370 -0.000003
374380 0.000005
374390 -0.000003
374400 0.000004
374410 -0.000001
374420 0.000003
374430 -0.000002
374440 -0.000000
374450 -0.000006
374460 -0.000002
374470 0.000004
374480 0.000003
374490 -0.000002
374500 0.000000
374510 -0.000002
374520 0.000012
374530 0.000006
374540 0.000002
374550 -0.000007
374560 -0.000009
374570 -0.000001
374580 0.000005
374590 -0.000001
374600 0.000000
374610 -0.000002
374620 0.000007
374630 -0.000001
374640 -0.000001
374650 0.000002
374660 -0.000000
374670 -0.000001
374680 -0.000000
374690 0.000004
374700 -0.000003
374710 0.000011
374720 -0.000002
374730 0.000006
374740 -0.000002
374750 0.000000
374760 0.000004
374770 0.000001
374780 0.000008
374790 0.000003
374800 -0.000002
374810 -0.000000
374820 -0.000000
374830 0.000003
374840 -0.000003
374850 0.000000
374860 -0.000001
374870 0.000001
374880 0.000002
374890 -0.000000
374900 -0.000006
374910 0.000002
374920 -0.000002
374930 -0.000007
374940 0.000002
374950 -0.000002
374960 0.000003
374970 0.000004
374980 -0.000003
374990 0.000001
375000 -0.000006
375010 -0.000004
375020 -0.000001
375030 0.000002
375040 -0.000002
375050 -0.000003
375060 -0.000005
375070 -0.000001
375080 -0.000002
375090 0.000000
375100 -0.000005
375110 -0.000002
375120 0.000000
375130 -0.000002
375140 -0.000000
375150 -0.000262
375160 -0.000001
375170 0.000002
375180 0.000002
375190 -0.000002
375200 0.000002
375210 -0.000001
375220 0.000002
375230 0.000004
375240 -0.000002
375250 0.000004
375260 -0.000004
375270 -0.000008
375280 0.000003
375290 0.000001
375300 -0.000002
375310 0.000000
375320 -0.000000
375330 0.000006
375340 -0.000007
375350 -0.000003
375360 0.000001
375370 -0.000001
375380 0.000004
375390 -0.000005
375400 0.000007
375410 0.000001
375420 0.000004
375430 -0.000001
375440 0.000000
375450 -0.000002
375460 0.000000
375470 0.000004
375480 -0.000001
375490 -0.000000
375500 0.000003
375510 0.000002
375520 0.000000
375530 -0.000001
375540 -0.000009
375550 0.000005
375560 -0.000000
375570 0.000004
375580 0.000001
375590 -0.000001
375600 0.000001
375610 0.000005
375620 0.000001
375630 0.000001
375640 -0.000003
375650 0.000002
375660 -0.000001
375670 -0.000006
375680 -0.000002
375690 0.000001
375700 -0.000002
375710 0.000002
375720 -0.000004
375730 -0.000000
375740 0.000001
375750 -0.000005
375760 0.000006
375770 -0.000002
375780 -0.000003
375790 0.000001
375800 0.000003
375810 0.000002
375820 0.000001
375830 -0.000001
375840 0.000006
375850 -0.000000
375860 -0.000001
375870 -0.000010
375880 0.000000
375890 -0.000004
375900 0.000001
375910 0.000007
375920 0.000003
375930 -0.000001
375940 0.000006
375950 0.000006
375960 -0.000008
375970 -0.000004
375980 0.000002
375990 0.000003
376000 0.000002
376010 -0.000006
376020 0.000009
376030 0.000001
376040 0.000003
376050 0.000003
376060 0.000000
376070 0.000005
376080 -0.000000
376090 -0.000001
376100 0.000005
376110 0.000001
376120 0.000002
376130 0.000003
376140 -0.000004
376150 -0.000006
376160 0.000003
376170 0.000003
376180 -0.000003
376190 -0.000001
376200 -0.000001
376210 0.000001
376220 -0.000010
376230 0.000000
376240 -0.000015
376250 -0.000001
376260 -0.000000
376270 0.000002
376280 -0.000007
376290 -0.000001
376300 -0.000001
376310 0.000002
376320 -0.000003
376330 0.000004
376340 -0.000001
376350 -0.000001
376360 0.000002
376370 -0.000007
376380 -0.000001
376390 0.000002
376400 0.000004
376410 -0.000002
376420 0.000003
376430 0.000013
376440 0.000000
376450 0.000002
376460 0.000005
376470 -0.000002
376480 -0.000001
376490 -0.000003
376500 -0.000000
376510 0.000003
376520 0.000001
376530 -0.000002
376540 0.000000
376550 -0.000001
376560 0.000002
376570 -0.000003
376580 0.000003
376590 -0.000002
376600 -0.000001
376610 0.000001
376620 0.000002
376630 -0.000001
376640 0.000003
376650 -0.000059
376660 0.000006
376670 0.000011
376680 0.000002
376690 -0.000002
376700 -0.000001
376710 -0.000009
376720 -0.000003
376730 -0.000001
376740 -0.000004
376750 -0.000008
376760 0.000001
376770 -0.000001
376780 0.000003
376790 -0.000002
376800 -0.000002
376810 0.000006
376820 -0.000004
376830 0.000003
376840 -0.000002
376850 0.000003
376860 0.000001
376870 0.000002
376880 -0.000000
376890 0.000004
376900 0.000002
376910 0.000000
376920 -0.000006
376930 0.000004
376940 -0.000002
376950 0.000000
376960 0.000002
376970 -0.000001
376980 0.000009
376990 0.000003
377000 0.000001
377010 0.000003
377020 0.000001
377030 0.000010
377040 -0.000001
377050 0.000005
377060 -0.000001
377070 -0.000002
377080 0.000000
377090 -0.000001
377100 -0.000003
377110 -0.000002
377120 0.000074
377130 0.000009
377140 0.000001
377150 0.000000
377160 -0.000001
377170 -0.000002
377180 -0.000006
377190 -0.000004
377200 -0.000002
377210 -0.000001
377220 -0.000003
377230 -0.000000
377240 -0.000001
377250 0.000000
377260 0.000004
377270 0.000005
377280 -0.000002
377290 -0.000002
377300 0.000132
377310 0.000001
377320 0.000001
377330 -0.000000
377340 -0.000002
377350 -0.000007
377360 0.000001
377370 -0.000003
377380 0.000004
377390 0.000000
377400 0.000004
377410 0.000000
377420 0.000002
377430 0.000001
377440 -0.000003
377450 0.000005
377460 0.000000
377470 0.000003
377480 -0.000002
377490 -0.000000
377500 -0.000000
377510 0.000002
377520 0.000007
377530 -0.000003
377540 -0.000001
377550 0.000002
377560 -0.000004
377570 -0.000002
377580 -0.000001
377590 -0.000000
377600 0.000005
377610 0.000003
377620 -0.000002
377630 0.000000
377640 0.000003
377650 0.000004
377660 0.000003
377670 0.000003
377680 -0.000000
377690 -0.000037
377700 0.000001
377710 -0.000004
377720 0.000000
377730 0.000001
377740 0.000003
377750 0.000074
377760 0.000059
377770 0.000002
377780 0.000001
377790 0.000000
377800 0.000001
377810 0.000002
377820 -0.000001
377830 0.000002
377840 0.000007
377850 -0.000000
377860 0.000002
377870 -0.000002
377880 0.000001
377890 -0.000000
377900 0.000002
377910 -0.000003
377920 -0.000001
377930 0.000003
377940 -0.000004
377950 -0.000001
377960 0.000001
377970 -0.000001
377980 -0.000002
377990 0.000003
378000 -0.000003
378010 0.000009
378020 0.000001
378030 0.000003
378040 0.000002
378050 0.000002
378060 0.000002
378070 -0.000003
378080 -0.000001
378090 0.000003
378100 -0.000018
378110 -0.000004
378120 -0.000003
378130 -0.000026
378140 0.000002
378150 0.000003
378160 0.000003
378170 -0.000001
378180 0.000002
378190 0.000003
378200 -0.000002
378210 0.000000
378220 0.000001
378230 0.000009
378240 -0.000002
378250 -0.000011
378260 0.000002
378270 0.000002
378280 -0.000004
378290 0.000001
378300 0.000003
378310 0.000004
378320 0.000003
378330 0.000004
378340 -0.000001
378350 -0.000001
378360 0.000002
378370 0.000001
378380 -0.000000
378390 -0.000001
378400 -0.000109
378410 -0.000001
378420 -0.000001
378430 -0.000008
378440 -0.000001
378450 -0.000009
378460 -0.000001
378470 -0.000003
378480 -0.000003
378490 0.000001
378500 -0.000000
378510 0.000003
378520 -0.000001
378530 -0.000001
378540 0.000003
378550 -0.000012
378560 -0.000003
378570 0.000003
378580 0.000000
378590 0.000001
378600 0.000004
378610 0.000003
378620 -0.000003
378630 0.000000
378640 0.000003
378650 -0.000002
378660 0.000003
378670 -0.000001
378680 -0.000003
378690 0.000001
378700 0.000005
378710 -0.000001
378720 -0.000003
378730 0.000006
378740 0.000002
378750 -0.000003
378760 0.000004
378770 0.000015
378780 0.000001
378790 0.000004
378800 -0.000001
378810 -0.000002
378820 0.000001
378830 0.000003
378840 0.000001
378850 -0.000005
378860 -0.000001
378870 -0.000005
378880 -0.000003
378890 -0.000000
378900 0.000004
378910 -0.000002
378920 0.000003
378930 -0.000006
378940 -0.000093
378950 -0.000004
378960 0.000003
378970 0.000001
378980 -0.000009
378990 0.000005
379000 -0.000005
379010 -0.000014
379020 0.000004
379030 0.000003
379040 0.000002
379050 0.000002
379060 0.000002
379070 -0.000002
379080 0.000005
379090 0.000001
379100 0.000004
379110 -0.000000
379120 -0.000003
379130 -0.000003
379140 -0.000017
379150 0.000007
379160 0.000002
379170 0.000006
379180 0.000007
379190 0.000001
379200 -0.000002
379210 0.000004
379220 -0.000005
379230 0.000000
379240 0.000002
379250 -0.000002
379260 0.000001
379270 -0.000001
379280 0.000003
379290 0.000002
379300 -0.000002
379310 -0.000003
379320 -0.000001
379330 -0.000003
379340 0.000005
379350 -0.000003
379360 0.000002
379370 0.000003
379380 0.000003
379390 0.000003
379400 -0.000004
379410 -0.000002
379420 0.000005
379430 0.000004
379440 -0.000000
379450 -0.000001
379460 0.000009
379470 -0.000000
379480 -0.000006
379490 0.000002
379500 -0.000003
379510 0.000001
379520 0.000008
379530 -0.000002
379540 0.000002
379550 -0.000009
379560 0.000001
379570 -0.000008
379580 0.000002
379590 0.000003
379600 0.000003
379610 -0.000001
379620 -0.000002
379630 -0.000002
379640 -0.000002
379650 -0.000002
379660 -0.000010
379670 0.000001
379680 -0.000001
379690 0.000002
379700 0.000001
379710 0.000004
379720 -0.000003
379730 0.000001
379740 -0.000001
379750 -0.000000
379760 0.000003
379770 0.000002
379780 0.000001
379790 0.000001
379800 -0.000003
379810 -0.000001
379820 -0.000001
379830 0.000006
379840 0.000003
379850 0.000008
379860 0.000000
379870 -0.000001
379880 0.000002
379890 0.000002
379900 0.000003
379910 0.000001
379920 -0.000046
379930 -0.000002
379940 0.000012
379950 0.000001
379960 0.000007
379970 -0.000004
379980 0.000002
379990 0.000001
380000 -0.000001
380010 -0.000001
380020 0.000005
380030 0.000000
380040 0.000006
380050 0.000000
380060 0.000001
380070 0.000003
380080 -0.000003
380090 -0.000001
380100 0.000001
380110 0.000002
380120 -0.000005
380130 0.000008
380140 -0.000001
380150 0.000000
380160 0.000002
380170 -0.000001
380180 -0.000002
380190 -0.000000
380200 0.000006
380210 0.000003
380220 0.000003
380230 0.000001
380240 0.000004
380250 0.000002
380260 0.000000
380270 -0.000002
380280 -0.000002
380290 0.000001
380300 -0.000001
380310 0.000003
380320 0.000004
380330 -0.000001
380340 0.000001
380350 -0.000002
380360 -0.000004
380370 -0.000002
380380 0.000012
380390 0.000000
380400 0.000003
380410 0.000003
380420 0.000004
380430 0.000003
380440 0.000000
380450 -0.000003
380460 0.000008
380470 0.000001
380480 0.000002
380490 0.000001
380500 0.000004
380510 0.000004
380520 -0.000002
380530 -0.000005
380540 0.000008
380550 0.000002
380560 0.000002
380570 0.000001
380580 0.000002
380590 0.000006
380600 0.000003
380610 -0.000006
380620 -0.000001
380630 0.000007
380640 -0.000008
380650 0.000002
380660 -0.000003
380670 -0.000003
380680 -0.000006
380690 0.000002
380700 0.000004
380710 -0.000002
380720 0.000001
380730 -0.000003
380740 -0.000004
380750 0.000001
380760 0.000004
380770 -0.000003
380780 -0.000000
380790 -0.000002
380800 -0.000019
380810 0.000002
380820 0.000000
380830 0.000002
380840 -0.000004
380850 -0.000004
380860 -0.000002
380870 0.000005
380880 0.000002
380890 -0.000011
380900 0.000002
380910 -0.000010
380920 0.000010
380930 -0.000001
380940 0.000006
380950 0.000012
380960 -0.000007
380970 -0.000001
380980 0.000002
380990 0.000000
381000 -0.000000
381010 0.000002
381020 -0.000000
381030 0.000000
381040 -0.000004
381050 0.000004
381060 0.000001
381070 0.000005
381080 -0.000002
381090 0.000001
381100 -0.000002
381110 0.000004
381120 -0.000001
381130 -0.000001
381140 0.000007
381150 -0.000003
381160 -0.000000
381170 0.000004
381180 0.000000
381190 0.000004
381200 -0.000000
381210 -0.000003
381220 0.000004
381230 0.000004
381240 0.000002
381250 -0.000002
381260 0.000007
381270 0.000000
381280 0.000010
381290 -0.000010
381300 -0.000008
381310 0.000002
381320 0.000000
381330 -0.000005
381340 -0.000008
381350 -0.000002
381360 -0.000001
381370 0.000001
381380 0.000000
381390 0.000002
381400 0.000004
381410 -0.000001
381420 0.000008
381430 0.000001
381440 0.000004
381450 -0.000006
381460 0.000004
381470 -0.000001
381480 0.000003
381490 -0.000004
381500 -0.000001
381510 -0.000021
381520 -0.000000
381530 0.000003
381540 -0.000003
381550 -0.000011
381560 0.000007
381570 -0.000023
381580 0.000002
381590 0.000000
381600 0.000004
381610 0.000000
381620 0.000014
381630 -0.000001
381640 -0.000001
381650 0.000000
381660 -0.000037
381670 -0.000001
381680 0.000001
381690 -0.000009
381700 -0.000001
381710 -0.000000
381720 0.000003
381730 -0.000001
381740 0.000006
381750 0.000005
381760 -0.000000
381770 -0.000001
381780 -0.000001
381790 -0.000000
381800 -0.000010
381810 -0.000002
381820 -0.000002
381830 0.000003
381840 -0.000002
381850 -0.000002
381860 0.000003
381870 0.000003
381880 0.000001
381890 -0.000004
381900 -0.000000
381910 0.000000
381920 0.000010
381930 -0.000004
381940 -0.000003
381950 0.000022
381960 0.000006
381970 -0.000001
381980 -0.000001
381990 0.000001
382000 -0.000004
382010 0.000006
382020 -0.000002
382030 0.000007
382040 0.000009
382050 0.000002
382060 0.000004
382070 0.000004
382080 0.000005
382090 -0.000000
382100 0.000001
382110 0.000001
382120 -0.000001
382130 0.000009
382140 -0.000002
382150 0.000006
382160 -0.000006
382170 -0.000003
382180 0.000002
382190 -0.000001
382200 0.000003
382210 0.000001
382220 0.000002
382230 0.000000
382240 0.000008
382250 -0.000003
382260 -0.000005
382270 -0.000001
382280 0.000001
382290 -0.000002
382300 0.000004
382310 -0.000006
382320 -0.000002
382330 0.000002
382340 -0.000003
382350 -0.000005
382360 -0.000002
382370 0.000006
382380 0.000003
382390 -0.000004
382400 0.000002
382410 0.000010
382420 0.000000
382430 -0.000002
382440 -0.000004
382450 0.000005
382460 -0.000003
382470 -0.000002
382480 0.000004
382490 0.000002
382500 0.000001
382510 0.000002
382520 0.000003
382530 0.000000
382540 -0.000000
382550 -0.000003
382560 -0.000004
382570 0.000001
382580 0.000000
382590 -0.000006
382600 0.000001
382610 0.000002
382620 -0.000003
382630 0.000000
382640 -0.000004
382650 -0.000003
382660 -0.000002
382670 0.000008
382680 0.000004
382690 -0.000000
382700 -0.000001
382710 0.000001
382720 0.000001
382730 -0.000000
382740 -0.000003
382750 -0.000001
382760 -0.000000
382770 0.000002
382780 -0.000006
382790 0.000002
382800 0.000003
382810 -0.000004
382820 -0.000002
382830 -0.000003
382840 0.000002
382850 -0.000003
382860 -0.000002
382870 -0.000003
382880 0.000001
382890 0.000005
382900 -0.000001
382910 0.000002
382920 -0.000001
382930 -0.000002
382940 0.000002
382950 0.000003
382960 0.000016
382970 0.000004
382980 0.000004
382990 -0.000004
383000 0.000001
383010 0.000001
383020 0.000003
383030 -0.000001
383040 0.000001
383050 -0.000002
383060 -0.000002
383070 0.000001
383080 -0.000010
383090 -0.000002
383100 0.000000
383110 -0.000002
383120 -0.000006
383130 -0.000002
383140 -0.000011
383150 0.000018
383160 -0.000003
383170 0.000004
383180 -0.000000
383190 -0.000002
383200 -0.000007
383210 -0.000003
383220 0.000002
383230 0.000003
383240 -0.000016
383250 0.000001
383260 -0.000000
383270 -0.000004
383280 -0.000036
383290 -0.000003
383300 -0.000004
383310 0.000008
383320 -0.000001
383330 -0.000000
383340 0.000002
383350 -0.000009
383360 0.000007
383370 0.000005
383380 -0.000000
383390 0.000001
383400 0.000001
383410 -0.000022
383420 -0.000002
383430 0.000002
383440 0.000001
383450 0.000000
383460 -0.000012
383470 -0.000002
383480 0.000005
383490 -0.000003
383500 0.000006
383510 0.000006
383520 -0.000004
383530 0.000011
383540 0.000002
383550 -0.000001
383560 0.000001
383570 0.000010
383580 0.000006
383590 0.000001
383600 -0.000000
383610 0.000002
383620 -0.000009
383630 -0.000013
383640 0.000009
383650 0.000001
383660 -0.000001
383670 -0.000003
383680 -0.000000
383690 0.000001
383700 0.000002
383710 -0.000003
383720 0.000003
383730 0.000001
383740 -0.000003
383750 -0.000000
383760 0.000001
383770 -0.000001
383780 -0.000000
383790 0.000001
383800 0.000002
383810 -0.000000
383820 0.000002
383830 -0.000002
383840 0.000008
383850 0.000004
383860 -0.000003
383870 0.000003
383880 0.000002
383890 0.000001
383900 0.000001
383910 -0.000001
383920 -0.000001
383930 -0.000001
383940 -0.000002
383950 -0.000001
383960 0.000003
383970 0.000002
383980 -0.000000
383990 0.000009
384000 -0.000000
384010 -0.000003
384020 -0.000002
384030 -0.000005
384040 -0.000004
384050 -0.000003
384060 -0.000002
384070 -0.000005
384080 -0.000003
384090 0.000001
384100 -0.000004
384110 0.000001
384120 0.000003
384130 -0.000002
384140 -0.000002
384150 -0.000003
384160 -0.000000
384170 0.000001
384180 0.000002
384190 0.000010
384200 -0.000002
384210 -0.000001
384220 0.000001
384230 -0.000001
384240 -0.000000
384250 -0.000001
384260 0.000004
384270 -0.000006
384280 -0.000001
384290 0.000002
384300 0.000005
384310 -0.000007
384320 0.000001
384330 0.000004
384340 0.000000
384350 0.000002
384360 -0.000005
384370 0.000007
384380 -0.000002
384390 -0.000001
384400 0.000003
384410 -0.000002
384420 -0.000001
384430 -0.000007
384440 0.000001
384450 0.000003
384460 -0.000001
384470 0.000000
384480 0.000001
384490 -0.000001
384500 0.000006
384510 -0.000002
384520 -0.000004
384530 -0.000006
384540 0.000006
384550 -0.000017
384560 0.000001
384570 -0.000007
384580 -0.000002
384590 0.000001
384600 -0.000000
384610 0.000008
384620 -0.000001
384630 -0.000001
384640 0.000004
384650 0.000004
384660 0.000003
384670 0.000002
384680 -0.000001
384690 0.000002
384700 -0.000005
384710 0.000016
384720 -0.000001
384730 0.000003
384740 0.000003
384750 -0.000000
384760 -0.000008
384770 0.000001
384780 0.000005
384790 0.000005
384800 -0.000001
384810 -0.000014
384820 0.000001
384830 0.000003
384840 0.000005
384850 -0.000003
384860 0.000013
384870 0.000001
384880 0.000000
384890 0.000003
384900 0.000001
384910 -0.000001
384920 -0.000004
384930 0.000002
384940 0.000007
384950 -0.000001
384960 -0.000001
384970 0.000004
384980 0.000005
384990 -0.000002
385000 -0.000001
385010 0.000003
385020 0.000000
385030 0.000003
385040 0.000003
385050 -0.000004
385060 0.000004
385070 -0.000002
385080 0.000005
385090 0.000000
385100 0.000001
385110 -0.000000
385120 -0.000000
385130 -0.000006
385140 0.000005
385150 -0.000006
385160 -0.000040
385170 0.000004
385180 -0.000008
385190 -0.000003
385200 0.000002
385210 0.000000
385220 -0.000003
385230 -0.000002
385240 0.000002
385250 -0.000001
385260 0.000004
385270 -0.000003
385280 0.000002
385290 0.000004
385300 -0.000004
385310 0.000005
385320 0.000003
385330 -0.000003
385340 -0.000000
385350 -0.000000
385360 -0.000001
385370 -0.000000
385380 0.000004
385390 0.000004
385400 0.000007
385410 -0.000002
385420 0.000000
385430 -0.000001
385440 -0.000005
385450 -0.000002
385460 0.000003
385470 0.000003
385480 0.000004
385490 0.000001
385500 0.000001
385510 -0.000003
385520 0.000002
385530 0.000001
385540 -0.000002
385550 0.000001
385560 0.000002
385570 0.000001
385580 0.000010
385590 -0.000007
385600 -0.000003
385610 0.000004
385620 -0.000002
385630 -0.000004
385640 -0.000004
385650 -0.000007
385660 0.000005
385670 0.000025
385680 -0.000006
385690 0.000001
385700 0.000005
385710 -0.000002
385720 -0.000006
385730 0.000005
385740 0.000005
385750 0.000002
385760 -0.000001
385770 0.000000
385780 -0.000002
385790 0.000004
385800 -0.000001
385810 0.000001
385820 0.000002
385830 -0.000004
385840 -0.000002
385850 -0.000004
385860 0.000002
385870 0.000001
385880 -0.000003
385890 -0.000003
385900 0.000003
385910 0.000003
385920 -0.000003
385930 -0.000001
385940 -0.000002
385950 0.000004
385960 -0.000002
385970 0.000003
385980 0.000001
385990 -0.000001
386000 -0.000005
386010 0.000003
386020 0.000000
386030 -0.000002
386040 -0.000003
386050 0.000000
386060 -0.000000
386070 0.000004
386080 0.000000
386090 0.000002
386100 0.000003
386110 0.000003
386120 0.000002
386130 -0.000004
386140 -0.000001
386150 0.000004
386160 0.000002
386170 -0.000003
386180 -0.000002
386190 -0.000000
386200 -0.000003
386210 -0.000009
386220 -0.000004
386230 0.000003
386240 0.000006
386250 0.000003
386260 -0.000000
386270 0.000005
386280 0.000006
386290 0.000003
386300 -0.000002
386310 -0.000001
386320 -0.000008
386330 -0.000002
386340 -0.000002
386350 0.000001
386360 0.000000
386370 -0.000003
386380 0.000000
386390 -0.000001
386400 -0.000000
386410 -0.000002
386420 0.000000
386430 -0.000003
386440 -0.000117
386450 -0.000001
386460 0.000003
386470 0.000000
386480 0.000008
386490 0.000002
386500 0.000001
386510 -0.000052
386520 0.000007
386530 0.000004
386540 -0.000005
386550 -0.000003
386560 0.000000
386570 -0.000000
386580 0.000008
386590 -0.000002
386600 -0.000001
386610 -0.000002
386620 -0.000002
386630 0.000002
386640 0.000002
386650 -0.000007
386660 -0.000003
386670 0.000003
386680 0.000003
386690 0.000053
386700 0.000000
386710 -0.000009
386720 0.000003
386730 -0.000001
386740 -0.000002
386750 -0.000003
386760 0.000001
386770 -0.000002
386780 -0.000003
386790 -0.000000
386800 0.000002
386810 -0.000000
386820 -0.000002
386830 -0.000009
386840 -0.000006
386850 0.000002
386860 -0.000044
386870 0.000003
386880 0.000002
386890 -0.000002
386900 -0.000005
386910 0.000000
386920 -0.000001
386930 -0.000003
386940 0.000003
386950 -0.000007
386960 -0.000002
386970 0.000002
386980 0.000006
386990 -0.000002
387000 0.000001
387010 0.000002
387020 -0.000001
387030 -0.000000
387040 -0.000001
387050 -0.000000
387060 -0.000000
387070 0.000000
387080 0.000000
387090 -0.000003
387100 0.000001
387110 -0.000000
387120 -0.000001
387130 -0.000001
387140 -0.000004
387150 0.000002
387160 0.000000
387170 0.000003
387180 -0.000008
387190 0.000003
387200 0.000009
387210 0.000011
387220 0.000002
387230 -0.000003
387240 -0.000001
387250 -0.000005
387260 0.000004
387270 -0.000004
387280 0.000003
387290 0.000009
387300 0.000001
387310 0.000000
387320 0.000025
387330 0.000002
387340 0.000012
387350 0.000002
387360 0.000003
387370 -0.000004
387380 0.000000
387390 -0.000001
387400 0.000004
387410 0.000004
387420 -0.000001
387430 -0.000002
387440 0.000003
387450 0.000000
387460 -0.000001
387470 0.000002
387480 0.000002
387490 -0.000001
387500 -0.000006
387510 -0.000002
387520 0.000003
387530 -0.000006
387540 -0.000008
387550 0.000094
387560 0.000001
387570 -0.000001
387580 0.000000
387590 -0.000002
387600 0.000016
387610 -0.000133
387620 -0.000002
387630 -0.000002
387640 0.000001
387650 0.000002
387660 0.000000
387670 -0.000003
387680 -0.000007
387690 -0.000000
387700 -0.000006
387710 -0.000004
387720 -0.000000
387730 -0.000003
387740 0.000000
387750 -0.000006
387760 0.000004
387770 -0.000001
387780 -0.000004
387790 0.000003
387800 -0.000001
387810 -0.000001
387820 -0.000004
387830 -0.000000
387840 -0.000002
387850 0.000002
387860 0.000003
387870 -0.000001
387880 -0.000001
387890 -0.000001
387900 -0.000000
387910 -0.000006
387920 0.000002
387930 -0.000005
387940 0.000000
387950 -0.000003
387960 -0.000005
387970 0.000001
387980 -0.000003
387990 0.000011
388000 -0.000004
388010 0.000000
388020 0.000000
388030 0.000002
388040 0.000001
388050 -0.000001
388060 0.000002
388070 0.000001
388080 -0.000001
388090 -0.000001
388100 0.000003
388110 -0.000001
388120 -0.000002
388130 0.000003
388140 0.000003
388150 -0.000001
388160 -0.000004
388170 -0.000001
388180 -0.000007
388190 -0.000005
388200 0.000005
388210 0.000003
388220 0.000017
388230 0.000002
388240 -0.000007
388250 0.000002
388260 0.000002
388270 0.000003
388280 -0.000001
388290 -0.000002
388300 0.000002
388310 0.000079
388320 -0.000000
388330 0.000001
388340 -0.000001
388350 -0.000002
388360 -0.000002
388370 0.000002
388380 -0.000001
388390 0.000005
388400 0.000001
388410 -0.000004
388420 -0.000004
388430 0.000003
388440 0.000006
388450 0.000001
388460 -0.000002
388470 0.000004
388480 -0.000001
388490 0.000005
388500 -0.000004
388510 0.000002
388520 0.000003
388530 -0.000000
388540 0.000136
388550 -0.000002
388560 -0.000004
388570 0.000002
388580 -0.000005
388590 0.000001
388600 0.000005
388610 -0.000005
388620 -0.000046
388630 -0.000008
388640 -0.000002
388650 0.000004
388660 0.000001
388670 0.000000
388680 0.000004
388690 0.000000
388700 0.000126
388710 0.000007
388720 -0.000002
388730 -0.000002
388740 -0.000001
388750 0.000001
388760 0.000000
388770 -0.000002
388780 0.000008
388790 0.000004
388800 0.000000
388810 0.000002
388820 -0.000001
388830 0.000009
388840 0.000003
388850 0.000008
388860 -0.000001
388870 -0.000000
388880 -0.000001
388890 -0.000000
388900 0.000004
388910 -0.000003
388920 0.000001
388930 -0.000003
388940 0.000009
388950 -0.000001
388960 0.000003
388970 -0.000053
388980 -0.000002
388990 -0.000000
389000 0.000004
389010 -0.000003
389020 -0.000015
389030 -0.000004
389040 -0.000002
389050 -0.000008
389060 0.000003
389070 0.000002
389080 -0.000007
389090 0.000002
389100 -0.000000
389110 0.000000
389120 0.000001
389130 0.000001
389140 0.000010
389150 0.000001
389160 0.000007
389170 0.000001
389180 0.000002
389190 -0.000006
389200 -0.000004
389210 -0.000010
389220 -0.000002
389230 0.000001
389240 -0.000003
389250 0.000006
389260 0.000003
389270 0.000017
389280 -0.000003
389290 0.000001
389300 0.000002
389310 0.000005
389320 -0.000007
389330 0.000010
389340 -0.000001
389350 0.000000
389360 -0.000000
389370 0.000001
389380 -0.000002
389390 0.000000
389400 0.000004
389410 0.000002
389420 -0.000001
389430 0.000001
389440 0.000002
389450 0.000008
389460 0.000008
389470 0.000005
389480 -0.000004
389490 0.000002
389500 0.000000
389510 -0.000004
389520 -0.000000
389530 -0.000001
389540 -0.000004
389550 0.000006
389560 -0.000002
389570 -0.000004
389580 0.000001
389590 0.000003
389600 0.000003
389610 -0.000000
389620 0.000001
389630 -0.000002
389640 0.000005
389650 0.000000
389660 0.000003
389670 -0.000001
389680 0.000005
389690 0.000001
389700 0.000018
389710 -0.000005
389720 0.000003
389730 0.000013
389740 0.000003
389750 0.000000
389760 -0.000088
389770 0.000004
389780 -0.000003
389790 -0.000001
389800 0.000006
389810 0.000000
389820 0.000001
389830 -0.000001
389840 -0.000002
389850 -0.000000
389860 -0.000002
389870 -0.000001
389880 0.000003
389890 -0.000000
389900 -0.000002
389910 0.000004
389920 -0.000000
389930 0.000003
389940 0.000003
389950 0.000001
389960 0.000006
389970 0.000001
389980 -0.000020
389990 -0.000004
390000 0.000006
390010 -0.000004
390020 -0.000001
390030 -0.000003
390040 -0.000001
390050 0.000000
390060 -0.000028
390070 -0.000009
390080 0.000004
390090 -0.000004
390100 -0.000001
390110 -0.000001
390120 0.000001
390130 -0.000005
390140 0.000002
390150 0.000002
390160 0.000009
390170 0.000002
390180 0.000001
390190 -0.000001
390200 0.000000
390210 0.000001
390220 0.000002
390230 -0.000033
390240 0.000002
390250 0.000000
390260 -0.000001
390270 -0.000001
390280 0.000004
390290 -0.000002
390300 -0.000000
390310 0.000000
390320 -0.000002
390330 0.000005
390340 -0.000003
390350 0.000008
390360 -0.000006
390370 -0.000001
390380 0.000002
390390 -0.000002
390400 0.000001
390410 0.000002
390420 0.000001
390430 -0.000001
390440 0.000004
390450 -0.000001
390460 0.000001
390470 0.000007
390480 0.000000
390490 -0.000003
390500 -0.000005
390510 -0.000001
390520 -0.000003
390530 0.000003
390540 0.000001
390550 -0.000002
390560 0.000004
390570 -0.000003
390580 -0.000004
390590 -0.000004
390600 0.000001
390610 -0.000003
390620 -0.000004
390630 -0.000004
390640 -0.000003
390650 -0.000000
390660 0.000001
390670 -0.000002
390680 0.000002
390690 0.000002
390700 -0.000002
390710 0.000001
390720 0.000064
390730 -0.000003
390740 0.000005
390750 -0.000003
390760 -0.000002
390770 0.000001
390780 0.000005
390790 -0.000001
390800 0.000003
390810 0.000003
390820 0.000005
390830 -0.000000
390840 -0.000003
390850 -0.000004
390860 -0.000001
390870 0.000008
390880 -0.000002
390890 -0.000004
390900 0.000000
390910 0.000007
390920 -0.000005
390930 -0.000006
390940 -0.000000
390950 -0.000002
390960 -0.000009
390970 0.000001
390980 -0.000003
390990 0.000003
391000 0.000002
391010 0.000004
391020 0.000004
391030 0.000005
391040 -0.000004
391050 -0.000004
391060 -0.000003
391070 -0.000003
391080 0.000001
391090 0.000003
391100 -0.000000
391110 -0.000003
391120 0.000004
391130 0.000030
391140 0.000012
391150 0.000001
391160 -0.000094
391170 -0.000001
391180 0.000001
391190 -0.000008
391200 0.000000
391210 0.000002
391220 0.000002
391230 0.000006
391240 -0.000002
391250 -0.000002
391260 0.000000
391270 -0.000005
391280 -0.000004
391290 -0.000002
391300 0.000003
391310 0.000001
391320 0.000002
391330 -0.000001
391340 0.000000
391350 0.000007
391360 -0.000001
391370 -0.000003
391380 -0.000000
391390 0.000002
391400 0.000000
391410 -0.000001
391420 -0.000002
391430 0.000000
391440 0.000002
391450 0.000028
391460 0.000003
391470 -0.000006
391480 0.000002
391490 0.000000
391500 -0.000005
391510 -0.000007
391520 0.000005
391530 -0.000001
391540 0.000031
391550 -0.000003
391560 -0.000004
391570 0.000002
391580 0.000000
391590 0.000002
391600 -0.000002
391610 -0.000004
391620 0.000001
391630 -0.000006
391640 0.000001
391650 0.000009
391660 0.000003
391670 -0.000004
391680 0.000005
391690 0.000000
391700 -0.000000
391710 -0.000001
391720 -0.000000
391730 0.000001
391740 0.000001
391750 -0.000010
391760 -0.000000
391770 0.000001
391780 0.000001
391790 -0.000001
391800 -0.000003
391810 -0.000000
391820 -0.000003
391830 -0.000001
391840 -0.000003
391850 0.000004
391860 -0.000010
391870 -0.000002
391880 -0.000003
391890 0.000005
391900 0.000025
391910 0.000001
391920 0.000001
391930 0.000007
391940 0.000008
391950 0.000003
391960 -0.000001
391970 0.000003
391980 -0.000003
391990 -0.000001
392000 0.000001
392010 -0.000003
392020 -0.000000
392030 0.000000
392040 -0.000003
392050 0.000002
392060 -0.000001
392070 -0.000000
392080 -0.000006
392090 -0.000001
392100 0.000010
392110 0.000003
392120 -0.000006
392130 0.000002
392140 0.000001
392150 -0.000001
392160 -0.000002
392170 0.000000
392180 0.000001
392190 -0.000003
392200 0.000001
392210 -0.000004
392220 0.000002
392230 -0.000001
392240 0.000002
392250 0.000004
392260 0.000001
392270 -0.000005
392280 -0.000004
392290 0.000002
392300 -0.000008
392310 -0.000003
392320 0.000000
392330 -0.000000
392340 0.000005
392350 -0.000004
392360 -0.000002
392370 0.000001
392380 0.000000
392390 0.000001
392400 0.000006
392410 -0.000002
392420 0.000000
392430 -0.000002
392440 -0.000003
392450 0.000002
392460 0.000001
392470 0.000001
392480 -0.000002
392490 -0.000000
392500 -0.000004
392510 0.000002
392520 -0.000003
392530 0.000003
392540 0.000001
392550 0.000000
392560 -0.000005
392570 -0.000002
392580 -0.000000
392590 -0.000004
392600 -0.000000
392610 -0.000002
392620 -0.000001
392630 0.000002
392640 0.000008
392650 0.000006
392660 0.000003
392670 -0.000000
392680 -0.000003
392690 0.000004
392700 -0.000000
392710 -0.000000
392720 0.000006
392730 0.000002
392740 0.000000
392750 0.000000
392760 0.000001
392770 -0.000000
392780 0.000002
392790 0.000000
392800 -0.000002
392810 -0.000002
392820 -0.000001
392830 -0.000000
392840 -0.000000
392850 -0.000101
392860 -0.000006
392870 -0.000003
392880 -0.000001
392890 0.000005
392900 0.000012
392910 -0.000003
392920 0.000012
392930 -0.000001
392940 0.000002
392950 0.000001
392960 -0.000001
392970 0.000025
392980 -0.000004
392990 0.000002
393000 -0.000004
393010 -0.000008
393020 -0.000044
393030 0.000000
393040 0.000001
393050 -0.000003
393060 -0.000001
393070 -0.000001
393080 -0.000000
393090 0.000014
393100 -0.000002
393110 -0.000000
393120 -0.000003
393130 0.000001
393140 -0.000005
393150 -0.000002
393160 -0.000001
393170 -0.000005
393180 -0.000001
393190 -0.000000
393200 0.000009
393210 -0.000000
393220 0.000002
393230 0.000004
393240 -0.000001
393250 0.000007
393260 -0.000042
393270 0.000001
393280 0.000007
393290 0.000001
393300 0.000006
393310 -0.000003
393320 0.000001
393330 -0.000004
393340 -0.000010
393350 0.000003
393360 0.000009
393370 0.000001
393380 0.000008
393390 -0.000001
393400 -0.000001
393410 -0.000003
393420 0.000004
393430 0.000005
393440 0.000001
393450 -0.000005
393460 -0.000003
393470 -0.000002
393480 -0.000007
393490 -0.000006
393500 0.000003
393510 -0.000004
393520 -0.000002
393530 -0.000002
393540 -0.000000
393550 0.000002
393560 -0.000002
393570 0.000003
393580 0.000008
393590 -0.000001
393600 -0.000006
393610 -0.000005
393620 -0.000005
393630 -0.000002
393640 -0.000004
393650 -0.000001
393660 0.000001
393670 0.000001
393680 -0.000005
393690 0.000006
393700 -0.000006
393710 0.000000
393720 -0.000005
393730 0.000000
393740 -0.000002
393750 -0.000001
393760 0.000004
393770 -0.000005
393780 0.000003
393790 0.000001
393800 -0.000002
393810 0.000002
393820 0.000001
393830 0.000002
393840 0.000001
393850 0.000003
393860 0.000003
393870 -0.000005
393880 -0.000002
393890 -0.000002
393900 0.000002
393910 -0.000000
393920 0.000008
393930 -0.000017
393940 -0.000006
393950 0.000000
393960 0.000001
393970 0.000000
393980 -0.000002
393990 -0.000005
394000 -0.000002
394010 0.000002
394020 -0.000005
394030 -0.000001
394040 0.000000
394050 -0.000003
394060 -0.000001
394070 -0.000001
394080 0.000005
394090 -0.000001
394100 0.000002
394110 -0.000009
394120 -0.000004
394130 0.000004
394140 -0.000000
394150 -0.000003
394160 -0.000000
394170 0.000003
394180 -0.000002
394190 0.000005
394200 0.000000
394210 -0.000001
394220 0.000007
394230 0.000007
394240 -0.000008
394250 0.000002
394260 0.000001
394270 0.000006
394280 0.000000
394290 0.000001
394300 -0.000000
394310 -0.000005
394320 0.000009
394330 -0.000000
394340 -0.000001
394350 -0.000000
394360 -0.000003
394370 0.000005
394380 0.000001
394390 -0.000004
394400 -0.000004
394410 0.000005
394420 -0.000001
394430 -0.000000
394440 -0.000005
394450 0.000003
394460 -0.000002
394470 -0.000057
394480 -0.000001
394490 0.000002
394500 -0.000001
394510 -0.000000
394520 -0.000004
394530 0.000004
394540 -0.000023
394550 0.000002
394560 0.000001
394570 -0.000002
394580 0.000004
394590 -0.000002
394600 -0.000000
394610 -0.000000
394620 0.000001
394630 -0.000003
394640 0.000009
394650 0.000000
394660 -0.000010
394670 -0.000003
394680 -0.000000
394690 -0.000003
394700 0.000001
394710 0.000001
394720 0.000001
394730 0.000001
394740 0.000009
394750 -0.000004
394760 -0.000002
394770 -0.000002
394780 0.000000
394790 0.000074
394800 0.000002
394810 0.000000
394820 -0.000002
394830 0.000001
394840 0.000002
394850 0.000001
394860 0.000019
394870 -0.000009
394880 0.000001
394890 -0.000000
394900 -0.000004
394910 -0.000000
394920 0.000001
394930 0.000001
394940 0.000001
394950 -0.000000
394960 0.000002
394970 -0.000008
394980 0.000002
394990 0.000001
395000 0.000003
395010 -0.000006
395020 -0.000003
395030 0.000002
395040 -0.000000
395050 0.000002
395060 -0.000002
395070 -0.000021
395080 0.000000
395090 -0.000001
395100 0.000001
395110 0.000002
395120 0.000003
395130 -0.000018
395140 0.000003
395150 -0.000001
395160 -0.000000
395170 0.000000
395180 0.000000
395190 -0.000004
395200 -0.000002
395210 -0.000001
395220 0.000001
395230 -0.000000
395240 0.000000
395250 -0.000001
395260 -0.000002
395270 0.000001
395280 0.000009
395290 0.000004
395300 0.000004
395310 0.000007
395320 -0.000003
395330 0.000006
395340 -0.000000
395350 0.000001
395360 -0.000002
395370 -0.000001
395380 -0.000003
395390 0.000002
395400 0.000000
395410 -0.000001
395420 0.000005
395430 -0.000002
395440 0.000021
395450 0.000001
395460 0.000057
395470 -0.000002
395480 0.000000
395490 0.000003
395500 -0.000083
395510 0.000003
395520 0.000002
395530 0.000000
395540 0.000002
395550 -0.000000
395560 0.000004
395570 0.000000
395580 -0.000004
395590 0.000000
395600 0.000009
395610 0.000027
395620 0.000004
395630 0.000001
395640 0.000002
395650 -0.000002
395660 0.000006
395670 -0.000002
395680 0.000006
395690 0.000002
395700 0.000002
395710 0.000007
395720 0.000004
395730 -0.000000
395740 0.000000
395750 0.000005
395760 0.000002
395770 0.000004
395780 0.000003
395790 0.000003
395800 0.000001
395810 -0.000005
395820 -0.000000
395830 -0.000001
395840 0.000001
395850 -0.000002
395860 0.000003
395870 0.000003
395880 0.000001
395890 0.000001
395900 0.000003
395910 0.000001
395920 -0.000001
395930 -0.000002
395940 0.000004
395950 -0.000001
395960 0.000003
395970 0.000004
395980 0.000006
395990 0.000006
396000 0.000005
396010 -0.000001
396020 0.000003
396030 -0.000002
396040 0.000002
396050 -0.000011
396060 0.000003
396070 0.000002
396080 -0.000005
396090 -0.000009
396100 -0.000001
396110 -0.000003
396120 -0.000000
396130 -0.000002
396140 0.000004
396150 -0.000000
396160 -0.000000
396170 0.000003
396180 -0.000001
396190 0.000000
396200 -0.000000
396210 0.000001
396220 -0.000001
396230 0.000000
396240 0.000002
396250 -0.000001
396260 0.000000
396270 0.000000
396280 -0.000008
396290 0.000002
396300 0.000003
396310 0.000007
396320 -0.000001
396330 0.000003
396340 -0.000005
396350 -0.000001
396360 -0.000008
396370 0.000003
396380 0.000000
396390 -0.000001
396400 0.000006
396410 0.000000
396420 0.000004
396430 0.000005
396440 0.000014
396450 0.000002
396460 0.000007
396470 0.000001
396480 0.000000
396490 0.000002
396500 -0.000001
396510 -0.000005
396520 -0.000001
396530 0.000003
396540 0.000000
396550 0.000001
396560 -0.000002
396570 0.000002
396580 0.000001
396590 -0.000005
396600 0.000001
396610 0.000016
396620 0.000005
396630 0.000002
396640 0.000002
396650 0.000003
396660 -0.000060
396670 -0.000077
396680 -0.000004
396690 -0.000002
396700 -0.000003
396710 0.000003
396720 0.000001
396730 -0.000003
396740 -0.000005
396750 -0.000009
396760 -0.000000
396770 0.000006
396780 -0.000005
396790 0.000002
396800 0.000001
396810 0.000009
396820 -0.000009
396830 0.000005
396840 -0.000002
396850 0.000000
396860 0.000005
396870 -0.000001
396880 0.000004
396890 0.000000
396900 -0.000001
396910 0.000036
396920 0.000002
396930 0.000000
396940 0.000005
396950 -0.000001
396960 -0.000001
396970 0.000004
396980 0.000008
396990 0.000002
397000 0.000002
397010 0.000003
397020 -0.000002
397030 -0.000009
397040 -0.000001
397050 0.000007
397060 -0.000005
397070 -0.000003
397080 -0.000000
397090 0.000000
397100 -0.000001
397110 0.000002
397120 0.000000
397130 -0.000001
397140 -0.000004
397150 0.000003
397160 -0.000003
397170 0.000003
397180 -0.000001
397190 0.000002
397200 -0.000002
397210 -0.000003
397220 0.000001
397230 0.000003
397240 0.000000
397250 0.000001
397260 0.000004
397270 0.000002
397280 -0.000009
397290 -0.000004
397300 0.000005
397310 0.000005
397320 -0.000001
397330 0.000003
397340 0.000002
397350 0.000003
397360 0.000001
397370 -0.000013
397380 -0.000003
397390 -0.000004
397400 0.000177
397410 0.000002
397420 -0.000003
397430 0.000004
397440 -0.000002
397450 -0.000001
397460 -0.000002
397470 -0.000005
397480 -0.000002
397490 0.000000
397500 0.000005
397510 0.000001
397520 -0.000004
397530 -0.000001
397540 0.000007
397550 0.000001
397560 -0.000001
397570 -0.000002
397580 -0.000003
397590 -0.000000
397600 -0.000000
397610 0.000009
397620 0.000011
397630 0.000001
397640 0.000001
397650 -0.000001
397660 0.000004
397670 -0.000001
397680 -0.000001
397690 0.000001
397700 0.000001
397710 -0.000001
397720 0.000004
397730 -0.000007
397740 -0.000002
397750 -0.000002
397760 -0.000000
397770 0.000003
397780 -0.000001
397790 -0.000005
397800 -0.000002
397810 0.000003
397820 0.000000
397830 -0.000003
397840 -0.000001
397850 -0.000003
397860 0.000000
397870 -0.000001
397880 -0.000001
397890 0.000002
397900 -0.000000
397910 -0.000002
397920 0.000005
397930 0.000008
397940 -0.000001
397950 -0.000002
397960 0.000002
397970 -0.000001
397980 -0.000000
397990 -0.000006
398000 0.000005
398010 -0.000000
398020 0.000001
398030 -0.000001
398040 -0.000004
398050 -0.000000
398060 0.000001
398070 -0.000002
398080 0.000003
398090 -0.000001
398100 -0.000002
398110 0.000000
398120 0.000004
398130 -0.000001
398140 -0.000003
398150 -0.000002
398160 -0.000002
398170 0.000001
398180 -0.000004
398190 0.000001
398200 -0.000001
398210 0.000001
398220 -0.000005
398230 0.000012
398240 0.000015
398250 -0.000002
398260 0.000002
398270 -0.000006
398280 0.000002
398290 0.000002
398300 -0.000002
398310 -0.000002
398320 0.000002
398330 0.000001
398340 0.000002
398350 0.000002
398360 0.000004
398370 0.000002
398380 0.000000
398390 -0.000001
398400 0.000425
398410 -0.000004
398420 -0.000001
398430 -0.000003
398440 0.000002
398450 0.000001
398460 0.000006
398470 -0.000365
398480 0.000000
398490 -0.000002
398500 -0.000000
398510 -0.000004
398520 0.000002
398530 -0.000000
398540 -0.000002
398550 0.000002
398560 0.000001
398570 -0.000004
398580 -0.000002
398590 0.000002
398600 -0.000002
398610 0.000000
398620 0.000000
398630 0.000000
398640 -0.000011
398650 0.000001
398660 0.000001
398670 -0.000000
398680 -0.000222
398690 -0.000003
398700 0.000007
398710 -0.000001
398720 0.000002
398730 0.000001
398740 0.000001
398750 -0.000002
398760 -0.000001
398770 -0.000010
398780 -0.000002
398790 0.000002
398800 -0.000001
398810 0.000001
398820 -0.000001
398830 -0.000003
398840 -0.000001
398850 0.000001
398860 0.000000
398870 0.000014
398880 0.000002
398890 -0.000001
398900 -0.000003
398910 -0.000005
398920 -0.000003
398930 -0.000001
398940 0.000002
398950 0.000001
398960 0.000004
398970 0.000002
398980 0.000005
398990 0.000001
399000 0.000007
399010 0.000002
399020 -0.000007
399030 0.000006
399040 -0.000001
399050 0.000001
399060 0.000004
399070 -0.000001
399080 -0.000002
399090 0.000002
399100 0.000003
399110 0.000001
399120 -0.000022
399130 -0.000004
399140 -0.000003
399150 0.000004
399160 -0.000001
399170 -0.000006
399180 -0.000010
399190 0.000001
399200 -0.000002
399210 0.000001
399220 0.000002
399230 -0.000004
399240 0.000001
399250 -0.000001
399260 0.000002
399270 -0.000007
399280 0.000003
399290 0.000002
399300 -0.000004
399310 -0.000005
399320 0.000003
399330 -0.000092
399340 0.000002
399350 0.000006
399360 -0.000006
399370 0.000001
399380 0.000003
399390 -0.000006
399400 -0.000001
399410 -0.000004
399420 -0.000002
399430 -0.000001
399440 0.000002
399450 0.000001
399460 0.000000
399470 -0.000079
399480 -0.000001
399490 0.000000
399500 -0.000001
399510 -0.000002
399520 -0.000000
399530 0.000000
399540 -0.000001
399550 0.000006
399560 0.000002
399570 0.000005
399580 0.000003
399590 -0.000003
399600 -0.000000
399610 -0.000002
399620 -0.000001
399630 -0.000006
399640 0.000000
399650 -0.000003
399660 -0.000005
399670 -0.000006
399680 0.000003
399690 0.000006
399700 -0.000002
399710 -0.000054
399720 -0.000002
399730 -0.000000
399740 0.000001
399750 -0.000002
399760 -0.000001
399770 0.000001
399780 0.000006
399790 -0.000001
399800 -0.000007
399810 -0.000001
399820 -0.000001
399830 -0.000015
399840 0.000002
399850 -0.000000
399860 -0.000002
399870 -0.000001
399880 0.000003
399890 -0.000001
399900 0.000002
399910 0.000008
399920 0.000003
399930 -0.000450
399940 0.000057
399950 0.000004
399960 0.000002
399970 -0.000005
399980 -0.000002
399990 0.000001
400000 -0.000001
400010 0.000001
400020 -0.000002
400030 -0.000002
400040 -0.000000
400050 0.000019
400060 0.000000
400070 0.000003
400080 0.000002
400090 -0.000004
400100 0.000000
400110 -0.000000
400120 0.000002
400130 -0.000000
400140 0.000000
400150 0.000001
400160 0.000000
400170 -0.000001
400180 0.000002
400190 0.000000
400200 -0.000004
400210 -0.000000
400220 0.000001
400230 0.000002
400240 -0.000008
400250 -0.000004
400260 -0.000002
400270 0.000000
400280 -0.000003
400290 -0.000000
400300 0.000002
400310 -0.000000
400320 0.000000
400330 -0.000002
400340 -0.000004
400350 0.000004
400360 0.000002
400370 -0.000001
400380 0.000001
400390 -0.000006
400400 -0.000000
400410 0.000001
400420 0.000007
400430 -0.000001
400440 -0.000001
400450 -0.000002
400460 -0.000003
400470 0.000000
400480 -0.000002
400490 0.000004
400500 -0.000000
400510 0.000004
400520 -0.000005
400530 -0.000005
400540 0.000011
400550 0.000000
400560 -0.000001
400570 -0.000001
400580 -0.000024
400590 0.000002
400600 -0.000004
400610 -0.000000
400620 0.000000
400630 -0.000002
400640 0.000002
400650 -0.000000
400660 0.000002
400670 0.000000
400680 -0.000000
400690 0.000006
400700 0.000000
400710 0.000001
400720 -0.000003
400730 0.000000
400740 0.000000
400750 -0.000004
400760 0.000000
400770 -0.000002
400780 0.000000
400790 0.000002
400800 -0.000002
400810 -0.000000
400820 0.000000
400830 -0.000003
400840 -0.000001
400850 -0.000001
400860 0.000002
400870 0.000004
400880 0.000002
400890 0.000000
400900 -0.000003
400910 0.000001
400920 -0.000003
400930 -0.000000
400940 0.000003
400950 0.000003
400960 -0.000000
400970 -0.000001
400980 0.000006
400990 0.000001
401000 -0.000005
401010 0.000003
401020 -0.000002
401030 -0.000002
401040 0.000003
401050 -0.000001
401060 0.000011
401070 0.000004
401080 -0.000003
401090 -0.000000
401100 0.000002
401110 -0.000003
401120 0.000004
401130 0.000001
401140 0.000001
401150 0.000000
401160 0.000003
401170 -0.000002
401180 0.000001
401190 0.000003
401200 0.000001
401210 -0.000002
401220 0.000001
401230 0.000002
401240 -0.000006
401250 -0.000003
401260 0.000001
401270 0.000003
401280 0.000019
401290 -0.000026
401300 0.000003
401310 -0.000002
401320 -0.000005
401330 0.000006
401340 0.000002
401350 -0.000003
401360 0.000004
401370 -0.000000
401380 -0.000000
401390 0.000005
401400 0.000002
401410 -0.000002
401420 0.000037
401430 -0.000003
401440 -0.000006
401450 -0.000009
401460 0.000003
401470 0.000002
401480 0.000002
401490 0.000006
401500 0.000001
401510 -0.000000
401520 0.000002
401530 -0.000001
401540 -0.000002
401550 0.000000
401560 0.000002
401570 0.000004
401580 0.000003
401590 -0.000001
401600 0.000000
401610 0.000015
401620 -0.000000
401630 0.000002
401640 -0.000002
401650 -0.000001
401660 -0.000005
401670 -0.000002
401680 -0.000002
401690 0.000000
401700 0.000004
401710 0.000002
401720 -0.000001
401730 -0.000001
401740 -0.000004
401750 -0.000000
401760 -0.000000
401770 -0.000009
401780 0.000001
401790 0.000003
401800 0.000051
401810 -0.000000
401820 -0.000000
401830 -0.000003
401840 0.000003
401850 -0.000001
401860 -0.000004
401870 0.000003
401880 0.000003
401890 -0.000000
401900 0.000005
401910 0.000004
401920 0.000002
401930 -0.000006
401940 0.000007
401950 -0.000002
401960 0.000002
401970 0.000002
401980 -0.000005
401990 0.000001
402000 -0.000003
402010 0.000001
402020 0.000001
402030 -0.000002
402040 0.000010
402050 0.000002
402060 -0.000002
402070 -0.000001
402080 -0.000002
402090 0.000001
402100 -0.000004
402110 -0.000000
402120 0.000001
402130 0.000000
402140 -0.000005
402150 0.000007
402160 0.000002
402170 0.000003
402180 0.000006
402190 -0.000003
402200 -0.000005
402210 0.000002
402220 -0.000001
402230 -0.000001
402240 -0.000000
402250 0.000016
402260 -0.000002
402270 0.000002
402280 -0.000000
402290 -0.000000
402300 0.000001
402310 -0.000003
402320 -0.000001
402330 -0.000000
402340 -0.000004
402350 -0.000001
402360 0.000006
402370 -0.000004
402380 0.000004
402390 0.000004
402400 0.000031
402410 0.000002
402420 -0.000002
402430 0.000002
402440 -0.000001
402450 -0.000001
402460 -0.000003
402470 0.000002
402480 0.000000
402490 0.000001
402500 0.000002
402510 0.000004
402520 0.000004
402530 -0.000005
402540 -0.000000
402550 0.000006
402560 -0.000004
402570 0.000005
402580 0.000001
402590 0.000010
402600 0.000002
402610 0.000010
402620 -0.000000
402630 -0.000002
402640 0.000004
402650 0.000002
402660 -0.000001
402670 0.000001
402680 -0.000001
402690 -0.000015
402700 -0.000001
402710 0.000010
402720 -0.000002
402730 -0.000006
402740 -0.000000
402750 0.000002
402760 0.000000
402770 0.000002
402780 -0.000002
402790 0.000002
402800 -0.000002
402810 -0.000000
402820 -0.000003
402830 0.000001
402840 0.000005
402850 -0.000001
402860 0.000000
402870 -0.000002
402880 -0.000000
402890 0.000001
402900 0.000001
402910 0.000001
402920 0.000006
402930 0.000002
402940 -0.000005
402950 0.000001
402960 -0.000004
402970 -0.000005
402980 0.000000
402990 0.000003
403000 0.000001
403010 0.000007
403020 -0.000003
403030 -0.000003
403040 -0.000002
403050 0.000002
403060 -0.000001
403070 0.000000
403080 -0.000002
403090 -0.000003
403100 -0.000001
403110 0.000002
403120 -0.000001
403130 0.000001
403140 0.000001
403150 0.000005
403160 0.000005
403170 -0.000004
403180 0.000003
403190 -0.000004
403200 -0.000001
403210 0.000001
403220 0.000003
403230 -0.000002
403240 -0.000007
403250 0.000002
403260 0.000000
403270 0.000002
403280 0.000003
403290 0.000000
403300 0.000004
403310 0.000003
403320 -0.000000
403330 -0.000002
403340 0.000002
403350 -0.000002
403360 0.000001
403370 0.000002
403380 -0.000003
403390 -0.000002
403400 -0.000002
403410 0.000000
403420 0.000002
403430 0.000000
403440 -0.000002
403450 0.000005
403460 0.000005
403470 -0.000000
403480 -0.000022
403490 0.000001
403500 0.000009
403510 -0.000011
403520 0.000003
403530 -0.000003
403540 -0.000001
403550 0.000009
403560 0.000001
403570 0.000000
403580 -0.000001
403590 0.000002
403600 -0.000005
403610 -0.000005
403620 0.000002
403630 0.000004
403640 0.000003
403650 0.000004
403660 -0.000001
403670 0.000002
403680 -0.000000
403690 -0.000008
403700 -0.000001
403710 -0.000002
403720 0.000002
403730 0.000002
403740 0.000002
403750 -0.000006
403760 -0.000001
403770 -0.000002
403780 0.000001
403790 -0.000008
403800 -0.000005
403810 -0.000001
403820 0.000002
403830 -0.000002
403840 0.000001
403850 0.000001
403860 0.000002
403870 0.000002
403880 -0.000007
403890 -0.000002
403900 -0.000004
403910 -0.000004
403920 -0.000001
403930 -0.000001
403940 0.000001
403950 -0.000030
403960 0.000005
403970 0.000008
403980 0.000003
403990 -0.000002
404000 0.000006
404010 0.000003
404020 -0.000001
404030 0.000000
404040 0.000002
404050 -0.000005
404060 0.000002
404070 0.000008
404080 -0.000005
404090 -0.000001
404100 -0.000001
404110 0.000002
404120 0.000001
404130 0.000004
404140 -0.000001
404150 -0.000011
404160 0.000004
404170 0.000001
404180 -0.000003
404190 0.000001
404200 -0.000004
404210 -0.000003
404220 -0.000002
404230 -0.000009
404240 0.000001
404250 -0.000000
404260 -0.000003
404270 0.000000
404280 0.000030
404290 -0.000008
404300 -0.000001
404310 0.000002
404320 0.000006
404330 0.000009
404340 0.000004
404350 0.000002
404360 0.000000
404370 -0.000001
404380 0.000002
404390 -0.000003
404400 0.000002
404410 -0.000004
404420 -0.000004
404430 -0.000003
404440 0.000003
404450 0.000003
404460 -0.000001
404470 -0.000001
404480 -0.000004
404490 0.000003
404500 0.000001
404510 0.000001
404520 -0.000001
404530 0.000003
404540 0.000000
404550 0.000005
404560 -0.000001
404570 -0.000005
404580 -0.000003
404590 0.000023
404600 -0.000001
404610 0.000004
404620 -0.000004
404630 -0.000001
404640 -0.000003
404650 -0.000001
404660 -0.000002
404670 0.000006
404680 -0.000012
404690 0.000001
404700 0.000004
404710 -0.000005
404720 0.000001
404730 0.000002
404740 -0.000000
404750 -0.000008
404760 -0.000003
404770 -0.000420
404780 -0.000002
404790 0.000005
404800 -0.000001
404810 -0.000001
404820 0.000001
404830 -0.000004
404840 0.000002
404850 -0.000001
404860 0.000004
404870 0.000002
404880 -0.000001
404890 0.000000
404900 -0.000000
404910 -0.000001
404920 0.000000
404930 0.000000
404940 0.000008
404950 0.000008
404960 0.000001
404970 0.000000
404980 -0.000002
404990 0.000004
405000 0.000005
405010 -0.000000
405020 -0.000001
405030 0.000004
405040 0.000002
405050 0.000005
405060 -0.000007
405070 0.000001
405080 0.000001
405090 0.000004
405100 0.000003
405110 0.000004
405120 -0.000000
405130 0.000005
405140 -0.000004
405150 -0.000003
405160 -0.000000
405170 0.000002
405180 0.000001
405190 -0.000003
405200 0.000002
405210 -0.000000
405220 0.000002
405230 -0.000003
405240 0.000002
405250 -0.000003
405260 -0.000002
405270 0.000004
405280 -0.000003
405290 -0.000003
405300 -0.000003
405310 -0.000002
405320 0.000001
405330 0.000118
405340 -0.000003
405350 0.000000
405360 0.000005
405370 -0.000000
405380 0.000003
405390 0.000004
405400 0.000001
405410 0.000001
405420 -0.000001
405430 0.000003
405440 -0.000003
405450 0.000001
405460 0.000003
405470 0.000003
405480 -0.000003
405490 0.000001
405500 -0.000003
405510 0.000002
405520 0.000002
405530 0.000006
405540 -0.000004
405550 -0.000032
405560 0.000004
405570 -0.000003
405580 -0.000000
405590 0.000002
405600 0.000004
405610 0.000002
405620 0.000001
405630 0.000002
405640 -0.000006
405650 0.000006
405660 -0.000004
405670 -0.000001
405680 0.000006
405690 0.000237
405700 0.000001
405710 0.000001
405720 0.000001
405730 0.000004
405740 0.000001
405750 0.000011
405760 -0.000001
405770 -0.000003
405780 -0.000002
405790 -0.000001
405800 -0.000001
405810 0.000003
405820 -0.000005
405830 0.000004
405840 0.000002
405850 -0.000001
405860 -0.000000
405870 -0.000000
405880 0.000000
405890 0.000004
405900 -0.000004
405910 0.000001
405920 -0.000001
405930 -0.000000
405940 -0.000001
405950 -0.000004
405960 0.000003
405970 -0.000003
405980 0.000001
405990 -0.000008
406000 -0.000000
406010 0.000004
406020 -0.000006
406030 0.000002
406040 0.000002
406050 -0.000001
406060 0.000009
406070 -0.000001
406080 -0.000001
406090 0.000000
406100 0.000000
406110 0.000001
406120 -0.000002
406130 -0.000002
406140 0.000006
406150 -0.000003
406160 -0.000002
406170 0.000001
406180 -0.000004
406190 0.000003
406200 -0.000005
406210 0.000003
406220 0.000005
406230 0.000005
406240 -0.000002
406250 0.000009
406260 -0.000001
406270 -0.000001
406280 -0.000001
406290 0.000002
406300 -0.000001
406310 0.000025
406320 0.000011
406330 -0.000002
406340 0.000008
406350 0.000000
406360 -0.000016
406370 0.000000
406380 0.000003
406390 0.000000
406400 -0.000012
406410 0.000003
406420 0.000002
406430 0.000008
406440 -0.000003
406450 0.000000
406460 0.000001
406470 0.000002
406480 0.000010
406490 0.000000
406500 0.000003
406510 0.000002
406520 0.000001
406530 -0.000000
406540 0.000002
406550 0.000005
406560 0.000005
406570 0.000003
406580 0.000004
406590 -0.000002
406600 0.000001
406610 0.000010
406620 0.000003
406630 0.000030
406640 -0.000007
406650 0.000001
406660 0.000002
406670 0.000003
406680 -0.000003
406690 0.000002
406700 0.000002
406710 -0.000001
406720 -0.000002
406730 -0.000000
406740 -0.000004
406750 -0.000002
406760 0.000001
406770 0.000001
406780 0.000005
406790 -0.000000
406800 -0.000001
406810 0.000005
406820 0.000001
406830 0.000001
406840 0.000004
406850 -0.000001
406860 0.000000
406870 0.000002
406880 -0.000002
406890 0.000003
406900 0.000003
406910 -0.000006
406920 -0.000003
406930 0.000001
406940 0.000002
406950 0.000008
406960 0.000003
406970 -0.000002
406980 -0.000003
406990 0.000000
407000 -0.000306
407010 -0.000003
407020 -0.000001
407030 -0.000008
407040 -0.000004
407050 -0.000000
407060 -0.000001
407070 -0.000006
407080 0.000003
407090 0.000002
407100 0.000003
407110 0.000002
407120 -0.000001
407130 0.000003
407140 -0.000001
407150 0.000003
407160 0.000002
407170 0.000003
407180 0.000002
407190 -0.000002
407200 0.000002
407210 -0.000001
407220 -0.000001
407230 0.000001
407240 -0.000004
407250 0.000000
407260 0.000002
407270 0.000003
407280 -0.000002
407290 0.000006
407300 -0.000046
407310 0.000012
407320 0.000001
407330 0.000000
407340 0.000001
407350 0.000000
407360 0.000003
407370 -0.000007
407380 0.000004
407390 -0.000007
407400 0.000002
407410 0.000002
407420 -0.000003
407430 0.000000
407440 0.000005
407450 -0.000004
407460 0.000003
407470 0.000001
407480 0.000002
407490 -0.000001
407500 0.000002
407510 -0.000002
407520 -0.000001
407530 0.000006
407540 -0.000004
407550 -0.000002
407560 -0.000001
407570 0.000003
407580 0.000001
407590 -0.000004
407600 -0.000003
407610 -0.000154
407620 0.000002
407630 0.000003
407640 -0.000002
407650 0.000002
407660 -0.000012
407670 -0.000001
407680 0.000002
407690 -0.000002
407700 -0.000001
407710 -0.000000
407720 -0.000003
407730 0.000002
407740 0.000001
407750 -0.000001
407760 -0.000001
407770 -0.000006
407780 0.000008
407790 -0.000000
407800 0.000001
407810 0.000004
407820 -0.000002
407830 -0.000002
407840 -0.000003
407850 0.000001
407860 0.000006
407870 -0.000002
407880 0.000004
407890 -0.000087
407900 0.000006
407910 0.000002
407920 0.000004
407930 0.000006
407940 0.000002
407950 -0.000001
407960 0.000001
407970 -0.000001
407980 -0.000008
407990 0.000005
408000 -0.000003
408010 -0.000012
408020 -0.000054
408030 -0.000002
408040 0.000001
408050 0.000006
408060 -0.000000
408070 0.000003
408080 0.000000
408090 0.000002
408100 -0.000002
408110 0.000002
408120 -0.000002
408130 -0.000002
408140 -0.000003
408150 0.000001
408160 0.000006
408170 0.000002
408180 -0.000001
408190 -0.000002
408200 0.000000
408210 0.000007
408220 -0.000000
408230 -0.000001
408240 -0.000002
408250 0.000004
408260 0.000005
408270 0.000008
408280 -0.000000
408290 0.000000
408300 -0.000007
408310 -0.000015
408320 0.000001
408330 0.000000
408340 0.000001
408350 -0.000004
408360 -0.000007
408370 0.000003
408380 0.000002
408390 0.000003
408400 -0.000004
408410 -0.000002
408420 0.000001
408430 -0.000004
408440 -0.000000
408450 -0.000000
408460 0.000001
408470 -0.000000
408480 -0.000000
408490 0.000001
408500 0.000000
408510 -0.000001
408520 0.000002
408530 0.000005
408540 0.000002
408550 0.000000
408560 -0.000002
408570 0.000002
408580 0.000000
408590 0.000004
408600 0.000003
408610 0.000000
408620 0.000004
408630 0.000001
408640 -0.000001
408650 -0.000001
408660 0.000003
408670 -0.000001
408680 0.000001
408690 0.000000
408700 0.000002
408710 -0.000002
408720 -0.000000
408730 -0.000001
408740 -0.000005
408750 -0.000004
408760 -0.000003
408770 -0.000000
408780 0.000005
408790 -0.000002
408800 0.000015
408810 -0.000003
408820 -0.000001
408830 -0.000002
408840 0.000003
408850 0.000017
408860 -0.000001
408870 0.000009
408880 0.000000
408890 0.000002
408900 0.000005
408910 0.000004
408920 0.000002
408930 -0.000001
408940 0.000009
408950 -0.000001
408960 0.000001
408970 0.000005
408980 -0.000002
408990 -0.000001
409000 0.000000
409010 -0.000002
409020 0.000001
409030 0.000002
409040 0.000004
409050 0.000001
409060 -0.000002
409070 0.000000
409080 -0.000001
409090 0.000001
409100 0.000002
409110 0.000006
409120 0.000001
409130 -0.000000
409140 -0.000003
409150 0.000001
409160 -0.000000
409170 -0.000000
409180 0.000005
409190 0.000003
409200 0.000002
409210 0.000005
409220 0.000000
409230 -0.000005
409240 0.000003
409250 0.000003
409260 -0.000004
409270 -0.000003
409280 0.000004
409290 0.000007
409300 -0.000001
409310 0.000006
409320 0.000003
409330 -0.000002
409340 0.000004
409350 -0.000001
409360 -0.000003
409370 -0.000001
409380 0.000002
409390 0.000002
409400 0.000002
409410 -0.000001
409420 -0.000001
409430 -0.000006
409440 -0.000001
409450 -0.000000
409460 0.000000
409470 -0.000002
409480 0.000001
409490 -0.000002
409500 -0.000001
409510 -0.000001
409520 -0.000002
409530 0.000003
409540 -0.000011
409550 -0.000000
409560 -0.000001
409570 -0.000001
409580 -0.000003
409590 -0.000002
409600 0.000004
409610 -0.000066
409620 0.000008
409630 0.000015
409640 -0.000001
409650 -0.000006
409660 0.000004
409670 0.000001
409680 0.000004
409690 0.000001
409700 -0.000000
409710 0.000003
409720 -0.000001
409730 -0.000000
409740 0.000003
409750 0.000003
409760 0.000000
409770 -0.000001
409780 0.000000
409790 0.000001
409800 0.000002
409810 -0.000000
409820 -0.000003
409830 -0.000009
409840 -0.000001
409850 0.000001
409860 -0.000005
409870 0.000009
409880 0.000003
409890 -0.000002
409900 -0.000004
409910 0.000001
409920 -0.000002
409930 0.000002
409940 0.000001
409950 -0.000000
409960 -0.000002
409970 0.000002
409980 0.000000
409990 0.000013
410000 -0.000002
410010 0.000005
410020 0.000004
410030 -0.000002
410040 -0.000006
410050 0.000018
410060 0.000003
410070 -0.000007
410080 -0.000004
410090 -0.000007
410100 0.000001
410110 0.000001
410120 0.000004
410130 -0.000003
410140 -0.000001
410150 -0.000004
410160 0.000001
410170 0.000002
410180 -0.000023
410190 -0.000002
410200 0.000001
410210 -0.000002
410220 0.000003
410230 0.000004
410240 0.000003
410250 0.000004
410260 0.000004
410270 -0.000004
410280 -0.000004
410290 -0.000002
410300 0.000007
410310 0.000003
410320 -0.000001
410330 -0.000002
410340 -0.000001
410350 -0.000001
410360 0.000001
410370 0.000005
410380 -0.000002
410390 -0.000000
410400 0.000002
410410 -0.000000
410420 0.000004
410430 -0.000000
410440 -0.000005
410450 0.000001
410460 0.000005
410470 -0.000001
410480 0.000003
410490 -0.000000
410500 -0.000002
410510 -0.000001
410520 0.000003
410530 0.000002
410540 0.000004
410550 -0.000005
410560 -0.000002
410570 -0.000003
410580 -0.000001
410590 0.000009
410600 -0.000000
410610 0.000001
410620 0.000012
410630 0.000002
410640 0.000001
410650 0.000006
410660 0.000001
410670 -0.000004
410680 0.000003
410690 -0.000001
410700 0.000002
410710 -0.000004
410720 -0.000001
410730 0.000002
410740 0.000003
410750 0.000004
410760 0.000004
410770 -0.000000
410780 0.000004
410790 -0.000000
410800 -0.000003
410810 -0.000022
410820 0.000005
410830 0.000001
410840 0.000003
410850 0.000000
410860 -0.000002
410870 0.000004
410880 0.000001
410890 -0.000000
410900 -0.000001
410910 0.000002
410920 -0.000001
410930 0.000003
410940 0.000004
410950 -0.000001
410960 0.000001
410970 -0.000010
410980 0.000003
410990 -0.000001
411000 -0.000004
411010 0.000003
411020 -0.000003
411030 -0.000003
411040 0.000002
411050 0.000002
411060 -0.000001
411070 0.000002
411080 -0.000004
411090 0.000003
411100 0.000001
411110 0.000001
411120 -0.000001
411130 0.000006
411140 -0.000003
411150 -0.000001
411160 -0.000000
411170 0.000002
411180 -0.000001
411190 -0.000004
411200 0.000001
411210 0.000006
411220 0.000007
411230 -0.000001
411240 0.000003
411250 -0.000021
411260 -0.000002
411270 -0.000003
411280 0.000001
411290 0.000001
411300 0.000001
411310 0.000001
411320 -0.000006
411330 -0.000001
411340 -0.000001
411350 -0.000004
411360 0.000002
411370 0.000002
411380 0.000002
411390 0.000012
411400 -0.000001
411410 -0.000000
411420 0.000001
411430 0.000002
411440 0.000007
411450 0.000002
411460 0.000003
411470 -0.000004
411480 -0.000002
411490 -0.000002
411500 0.000000
411510 -0.000000
411520 -0.000002
411530 0.000000
411540 0.000004
411550 0.000000
411560 -0.000002
411570 -0.000006
411580 -0.000006
411590 0.000004
411600 0.000002
411610 -0.000001
411620 -0.000012
411630 0.000005
411640 -0.000001
411650 0.000003
411660 0.000004
411670 -0.000001
411680 -0.000004
411690 -0.000001
411700 0.000000
411710 0.000004
411720 0.000001
411730 -0.000002
411740 -0.000003
411750 -0.000004
411760 0.000003
411770 -0.000003
411780 0.000001
411790 -0.000002
411800 -0.000011
411810 0.000002
411820 0.000002
411830 0.000000
411840 0.000011
411850 0.000004
411860 0.000002
411870 0.000001
411880 0.000002
411890 0.000002
411900 0.000003
411910 0.000004
411920 0.000002
411930 0.000007
411940 0.000004
411950 -0.000001
411960 -0.000000
411970 0.000001
411980 -0.000001
411990 0.000003
412000 -0.000008
412010 -0.000002
412020 -0.000004
412030 -0.000003
412040 0.000005
412050 0.000001
412060 0.000003
412070 0.000003
412080 -0.000003
412090 0.000000
412100 0.000003
412110 -0.000012
412120 -0.000002
412130 -0.000017
412140 -0.000003
412150 -0.000002
412160 -0.000000
412170 0.000007
412180 -0.000000
412190 -0.000002
412200 0.000001
412210 -0.000002
412220 -0.000002
412230 0.000001
412240 -0.000003
412250 -0.000005
412260 0.000002
412270 -0.000000
412280 0.000002
412290 0.000001
412300 -0.000004
412310 -0.000004
412320 0.000006
412330 -0.000003
412340 -0.000002
412350 -0.000002
412360 -0.000002
412370 -0.000003
412380 -0.000003
412390 0.000000
412400 -0.000005
412410 0.000001
412420 0.000002
412430 0.000000
412440 -0.000000
412450 0.000003
412460 0.000002
412470 -0.000001
412480 0.000008
412490 -0.000001
412500 -0.000001
412510 -0.000002
412520 0.000000
412530 0.000002
412540 -0.000002
412550 0.000001
412560 0.000001
412570 0.000000
412580 -0.000001
412590 -0.000003
412600 0.000000
412610 -0.000001
412620 0.000004
412630 -0.000003
412640 0.000002
412650 -0.000001
412660 -0.000004
412670 0.000097
412680 0.000000
412690 -0.000005
412700 -0.000003
412710 -0.000003
412720 0.000023
412730 -0.000001
412740 0.000024
412750 -0.000001
412760 -0.000007
412770 -0.000001
412780 0.000001
412790 0.000002
412800 0.000000
412810 0.000002
412820 -0.000001
412830 0.000145
412840 -0.000002
412850 -0.000005
412860 0.000004
412870 0.000004
412880 0.000001
412890 -0.000002
412900 -0.000001
412910 0.000001
412920 -0.000001
412930 -0.000001
412940 -0.000002
412950 -0.000002
412960 0.000001
412970 -0.000003
412980 -0.000000
412990 0.000002
413000 -0.000002
413010 0.000002
413020 -0.000003
413030 0.000002
413040 0.000005
413050 0.000004
413060 0.000000
413070 0.000002
413080 -0.000000
413090 -0.000004
413100 -0.000001
413110 0.000001
413120 0.000001
413130 -0.000021
413140 -0.000005
413150 0.000007
413160 -0.000002
413170 0.000002
413180 -0.000002
413190 0.000000
413200 -0.000002
413210 -0.000006
413220 -0.000001
413230 0.000004
413240 0.000002
413250 -0.000003
413260 -0.000002
413270 -0.000012
413280 0.000001
413290 -0.000006
413300 0.000002
413310 0.000002
413320 -0.000001
413330 0.000000
413340 0.000007
413350 0.000006
413360 -0.000002
413370 0.000005
413380 -0.000005
413390 -0.000005
413400 -0.000000
413410 0.000003
413420 -0.000004
413430 -0.000003
413440 0.000012
413450 -0.000000
413460 0.000002
413470 0.000002
413480 0.000001
413490 -0.000001
413500 -0.000000
413510 0.000003
413520 -0.000003
413530 0.000001
413540 -0.000001
413550 0.000003
413560 0.000002
413570 -0.000003
413580 -0.000003
413590 0.000002
413600 0.000006
413610 -0.000011
413620 0.000004
413630 0.000000
413640 0.000001
413650 0.000002
413660 -0.000005
413670 0.000073
413680 0.000009
413690 -0.000000
413700 -0.000000
413710 0.000002
413720 -0.000000
413730 -0.000002
413740 -0.000001
413750 0.000003
413760 0.000000
413770 -0.000000
413780 0.000001
413790 0.000001
413800 -0.000001
413810 0.000001
413820 0.000005
413830 -0.000002
413840 0.000006
413850 -0.000003
413860 -0.000003
413870 0.000006
413880 -0.000001
413890 0.000003
413900 -0.000004
413910 -0.000003
413920 0.000004
413930 -0.000005
413940 -0.000002
413950 0.000004
413960 -0.000002
413970 0.000004
413980 0.000004
413990 -0.000003
414000 -0.000082
414010 -0.000001
414020 -0.000001
414030 0.000001
414040 -0.000002
414050 0.000001
414060 -0.000000
414070 0.000003
414080 0.000002
414090 0.000005
414100 0.000001
414110 -0.000008
414120 -0.000001
414130 0.000001
414140 0.000002
414150 0.000000
414160 0.000005
414170 -0.000009
414180 0.000003
414190 0.000000
414200 0.000001
414210 0.000002
414220 -0.000001
414230 -0.000002
414240 -0.000008
414250 0.000002
414260 -0.000002
414270 0.000005
414280 0.000002
414290 0.000011
414300 -0.000002
414310 -0.000008
414320 -0.000002
414330 -0.000003
414340 -0.000002
414350 -0.000003
414360 0.000002
414370 0.000001
414380 0.000001
414390 0.000003
414400 0.000163
414410 0.000002
414420 -0.000002
414430 0.000006
414440 0.000004
414450 0.000000
414460 -0.000002
414470 0.000000
414480 0.000004
414490 -0.000002
414500 -0.000006
414510 -0.000000
414520 -0.000012
414530 -0.000041
414540 -0.000004
414550 -0.000001
414560 0.000002
414570 0.000000
414580 -0.000001
414590 0.000001
414600 -0.000002
414610 -0.000010
414620 -0.000002
414630 -0.000001
414640 -0.000007
414650 0.000002
414660 0.000001
414670 0.000002
414680 0.000003
414690 0.000001
414700 -0.000001
414710 0.000001
414720 0.000006
414730 -0.000004
414740 -0.000001
414750 -0.000001
414760 0.000002
414770 -0.000004
414780 0.000001
414790 0.000002
414800 0.000000
414810 -0.000000
414820 0.000002
414830 -0.000000
414840 -0.000001
414850 0.000003
414860 0.000005
414870 0.000005
414880 0.000002
414890 0.000001
414900 0.000002
414910 0.000019
414920 -0.000001
414930 -0.000002
414940 0.000004
414950 0.000013
414960 0.000002
414970 0.000004
414980 0.000002
414990 0.000002
415000 -0.000002
415010 0.000000
415020 0.000002
415030 0.000003
415040 0.000009
415050 0.000001
415060 0.000002
415070 0.000003
415080 0.000003
415090 -0.000005
415100 -0.000000
415110 -0.000000
415120 0.000001
415130 -0.000000
415140 -0.000001
415150 -0.000002
415160 -0.000002
415170 0.000000
415180 0.000003
415190 0.000001
415200 0.000006
415210 0.000001
415220 -0.000000
415230 -0.000004
415240 0.000006
415250 -0.000007
415260 -0.000001
415270 -0.000002
415280 0.000000
415290 0.000001
415300 -0.000000
415310 -0.000004
415320 -0.000002
415330 -0.000002
415340 -0.000005
415350 0.000004
415360 0.000000
415370 -0.000001
415380 -0.000002
415390 -0.000000
415400 -0.000003
415410 -0.000001
415420 -0.000004
415430 0.000003
415440 0.000000
415450 -0.000001
415460 -0.000001
415470 0.000001
415480 0.000001
415490 -0.000000
415500 0.000007
415510 0.000000
415520 -0.000007
415530 -0.000002
415540 -0.000002
415550 0.000001
415560 -0.000004
415570 -0.000002
415580 0.000001
415590 -0.000004
415600 0.000008
415610 0.000001
415620 0.000007
415630 0.000004
415640 -0.000002
415650 -0.000003
415660 -0.000001
415670 -0.000000
415680 -0.000002
415690 0.000001
415700 0.000002
415710 -0.000001
415720 -0.000008
415730 -0.000002
415740 -0.000005
415750 0.000135
415760 0.000001
415770 -0.000001
415780 0.000002
415790 0.000008
415800 -0.000039
415810 -0.000001
415820 -0.000000
415830 -0.000002
415840 -0.000003
415850 0.000004
415860 0.000005
415870 0.000001
415880 -0.000002
415890 -0.000001
415900 0.000000
415910 -0.000001
415920 -0.000000
415930 0.000770
415940 0.000002
415950 -0.000005
415960 0.000003
415970 -0.000002
415980 -0.000003
415990 -0.000000
416000 -0.000005
416010 -0.000003
416020 0.000002
416030 0.000000
416040 -0.000002
416050 -0.000004
416060 0.000001
416070 -0.000000
416080 0.000000
416090 0.000000
416100 0.000004
416110 -0.000000
416120 -0.000001
416130 -0.000005
416140 -0.000001
416150 0.000002
416160 -0.000001
416170 0.000003
416180 -0.000001
416190 -0.000001
416200 0.000001
416210 0.000005
416220 -0.000000
416230 -0.000000
416240 -0.000000
416250 0.000002
416260 0.000000
416270 -0.000004
416280 0.000003
416290 -0.000003
416300 -0.000011
416310 -0.000006
416320 0.000004
416330 0.000004
416340 0.000001
416350 0.000013
416360 0.000004
416370 -0.000001
416380 0.000008
416390 0.000013
416400 -0.000008
416410 0.000001
416420 0.000002
416430 -0.000001
416440 0.000003
416450 -0.000002
416460 -0.000000
416470 0.000005
416480 -0.000000
416490 -0.000000
416500 0.000004
416510 -0.000001
416520 0.000004
416530 0.000002
416540 -0.000003
416550 -0.000003
416560 -0.000000
416570 -0.000001
416580 -0.000001
416590 0.000005
416600 0.000004
416610 0.000002
416620 -0.000002
416630 0.000002
416640 -0.000001
416650 -0.000001
416660 -0.000002
416670 0.000005
416680 0.000002
416690 -0.000001
416700 -0.000001
416710 -0.000003
416720 0.000000
416730 0.000000
416740 0.000006
416750 0.000001
416760 -0.000001
416770 -0.000002
416780 0.000004
416790 0.000000
416800 -0.000005
416810 0.000001
416820 -0.000002
416830 0.000002
416840 0.000001
416850 0.000001
416860 0.000003
416870 0.000000
416880 -0.000001
416890 -0.000003
416900 0.000310
416910 -0.000008
416920 0.000006
416930 0.000002
416940 0.000004
416950 0.000000
416960 -0.000005
416970 0.000002
416980 -0.000003
416990 -0.000006
417000 0.000002
417010 0.000001
417020 -0.000002
417030 -0.000002
417040 0.000000
417050 -0.000000
417060 0.000001
417070 -0.000003
417080 0.000003
417090 -0.000007
417100 0.000002
417110 -0.000001
417120 -0.000000
417130 -0.000002
417140 -0.000005
417150 0.000003
417160 -0.000009
417170 0.000004
417180 0.000032
417190 -0.000001
417200 -0.000003
417210 0.000003
417220 0.000000
417230 -0.000000
417240 -0.000001
417250 -0.000004
417260 0.000002
417270 -0.000001
417280 0.000000
417290 0.000002
417300 -0.000002
417310 -0.000006
417320 -0.000003
417330 -0.000002
417340 0.000000
417350 -0.000001
417360 0.000002
417370 0.000002
417380 -0.000003
417390 -0.000003
417400 0.000011
417410 -0.000002
417420 0.000005
417430 -0.000000
417440 0.000002
417450 0.000000
417460 -0.000006
417470 0.000004
417480 0.000000
417490 -0.000000
417500 0.000002
417510 -0.000006
417520 0.000006
417530 0.000006
417540 -0.000001
417550 -0.000001
417560 0.000003
417570 -0.000007
417580 0.000002
417590 -0.000002
417600 0.000000
417610 0.000008
417620 0.000007
417630 -0.000000
417640 0.000000
417650 0.000005
417660 -0.000000
417670 -0.000004
417680 -0.000002
417690 -0.000003
417700 -0.000000
417710 0.000003
417720 0.000005
417730 -0.000002
417740 -0.000003
417750 -0.000002
417760 0.000001
417770 -0.000000
417780 -0.000003
417790 -0.000000
417800 -0.000004
417810 0.000007
417820 -0.000001
417830 0.000001
417840 -0.000003
417850 0.000004
417860 -0.000002
417870 0.000001
417880 0.000001
417890 0.000002
417900 -0.000004
417910 0.000002
417920 0.000000
417930 0.000004
417940 0.000002
417950 -0.000002
417960 0.000003
417970 0.000005
417980 -0.000002
417990 -0.000001
418000 0.000002
418010 0.000004
418020 -0.000003
418030 -0.000002
418040 -0.000001
418050 -0.000001
418060 0.000003
418070 0.000002
418080 0.000001
418090 -0.000002
418100 0.000003
418110 -0.000001
418120 -0.000004
418130 -0.000004
418140 0.000002
418150 0.000003
418160 0.000003
418170 -0.000000
418180 0.000003
418190 -0.000000
418200 0.000003
418210 0.000003
418220 0.000006
418230 -0.000004
418240 -0.000000
418250 0.000002
418260 0.000003
418270 -0.000003
418280 0.000002
418290 -0.000000
418300 0.000001
418310 -0.000000
418320 0.000003
418330 0.000002
418340 -0.000001
418350 0.000000
418360 0.000002
418370 0.000001
418380 -0.000001
418390 0.000005
418400 -0.000003
418410 0.000002
418420 0.000023
418430 0.000003
418440 0.000000
418450 0.000000
418460 0.000003
418470 -0.000003
418480 -0.000004
418490 -0.000008
418500 0.000007
418510 -0.000002
418520 -0.000001
418530 -0.000001
418540 0.000003
418550 -0.000002
418560 -0.000004
418570 -0.000000
418580 0.000001
418590 0.000002
418600 -0.000008
418610 -0.000000
418620 -0.000004
418630 0.000001
418640 -0.000001
418650 0.000001
418660 0.000002
418670 0.000001
418680 -0.000002
418690 0.000003
418700 -0.000006
418710 -0.000004
418720 -0.000005
418730 -0.000003
418740 0.000038
418750 -0.000006
418760 -0.000002
418770 0.000005
418780 -0.000000
418790 0.000002
418800 -0.000001
418810 -0.000000
418820 0.000000
418830 0.000001
418840 -0.000000
418850 0.000002
418860 -0.000007
418870 0.000004
418880 -0.000001
418890 0.000003
418900 0.000004
418910 -0.000001
418920 -0.000005
418930 -0.000002
418940 0.000004
418950 0.000003
418960 -0.000006
418970 0.000002
418980 -0.000003
418990 0.000001
419000 -0.000004
419010 -0.000003
419020 -0.000002
419030 0.000003
419040 -0.000005
419050 0.000003
419060 0.000001
419070 -0.000001
419080 0.000000
419090 -0.000001
419100 -0.000003
419110 -0.000001
419120 0.000002
419130 -0.000042
419140 0.000008
419150 -0.000002
419160 -0.000001
419170 0.000000
419180 -0.000003
419190 -0.000012
419200 0.000003
419210 -0.000007
419220 -0.000003
419230 -0.000003
419240 -0.000005
419250 0.000002
419260 -0.000003
419270 -0.000004
419280 -0.000002
419290 0.000002
419300 -0.000002
419310 0.000000
419320 0.000001
419330 0.000001
419340 -0.000003
419350 0.000001
419360 -0.000005
419370 -0.000005
419380 -0.000003
419390 -0.000003
419400 0.000002
419410 -0.000008
419420 0.000005
419430 -0.000001
419440 0.000001
419450 -0.000002
419460 -0.000001
419470 0.000002
419480 0.000031
419490 0.000002
419500 -0.000000
419510 -0.000002
419520 0.000002
419530 0.000003
419540 0.000004
419550 -0.000004
419560 0.000003
419570 -0.000004
419580 0.000001
419590 0.000004
419600 -0.000001
419610 -0.000000
419620 -0.000002
419630 0.000001
419640 -0.000000
419650 0.000001
419660 0.000002
419670 0.000002
419680 -0.000002
419690 -0.000002
419700 0.000003
419710 0.000007
419720 -0.000002
419730 0.000003
419740 -0.000001
419750 0.000003
419760 0.000008
419770 -0.000003
419780 -0.000000
419790 0.000001
419800 0.000001
419810 -0.000002
419820 -0.000000
419830 -0.000001
419840 0.000003
419850 -0.000002
419860 -0.000001
419870 0.000000
419880 -0.000003
419890 0.000002
419900 -0.000001
419910 0.000002
419920 -0.000008
419930 0.000007
419940 0.000001
419950 -0.000002
419960 -0.000004
419970 -0.000001
419980 -0.000001
419990 -0.000000
420000 0.000001
420010 0.000002
420020 0.000002
420030 -0.000002
420040 -0.000007
420050 0.000002
420060 0.000002
420070 -0.000001
420080 -0.000003
420090 0.000005
420100 0.000001
420110 -0.000003
420120 -0.000002
420130 -0.000002
420140 -0.000001
420150 -0.000001
420160 -0.000002
420170 -0.000001
420180 -0.000002
420190 -0.000000
420200 0.000001
420210 0.000002
420220 -0.000002
420230 -0.000006
420240 0.000001
420250 -0.000011
420260 0.000007
420270 0.000005
420280 -0.000000
420290 -0.000004
420300 -0.000004
420310 0.000002
420320 0.000016
420330 -0.000000
420340 0.000008
420350 -0.000001
420360 0.000001
420370 0.000000
420380 -0.000002
420390 -0.000004
420400 -0.000006
420410 0.000005
420420 -0.000000
420430 -0.000002
420440 -0.000000
420450 -0.000001
420460 -0.000004
420470 0.000004
420480 -0.000000
420490 0.000212
420500 -0.000000
420510 -0.000004
420520 0.000004
420530 0.000001
420540 -0.000002
420550 0.000003
420560 -0.000004
420570 -0.000003
420580 0.000002
420590 0.000004
420600 0.000000
420610 0.000005
420620 0.000002
420630 -0.000000
420640 -0.000007
420650 0.000005
420660 -0.000002
420670 0.000010
420680 0.000004
420690 0.000004
420700 0.000001
420710 0.000001
420720 0.000005
420730 0.000001
420740 0.000002
420750 -0.000001
420760 0.000002
420770 -0.000000
420780 0.000000
420790 0.000010
420800 0.000056
420810 -0.000000
420820 0.000003
420830 0.000000
420840 0.000001
420850 -0.000001
420860 -0.000009
420870 0.000007
420880 0.000005
420890 0.000001
420900 -0.000003
420910 -0.000002
420920 -0.000000
420930 0.000007
420940 -0.000001
420950 -0.000023
420960 -0.000000
420970 0.000002
420980 0.000004
420990 0.000001
421000 0.000003
421010 -0.000003
421020 -0.000003
421030 0.000001
421040 -0.000003
421050 0.000004
421060 -0.000002
421070 -0.000000
421080 0.000005
421090 -0.000007
421100 0.000001
421110 -0.000003
421120 -0.000002
421130 0.000004
421140 -0.000002
421150 -0.000002
421160 0.000001
421170 0.000002
421180 0.000000
421190 -0.000003
421200 -0.000001
421210 -0.000003
421220 0.000005
421230 -0.000001
421240 -0.000002
421250 0.000001
421260 -0.000004
421270 0.000001
421280 0.000003
421290 -0.000081
421300 0.000000
421310 -0.000007
421320 -0.000002
421330 0.000002
421340 -0.000002
421350 0.000001
421360 -0.000001
421370 -0.000004
421380 0.000004
421390 -0.000006
421400 -0.000008
421410 0.000002
421420 0.000006
421430 0.000002
421440 0.000000
421450 -0.000001
421460 0.000005
421470 -0.000001
421480 -0.000013
421490 0.000005
421500 -0.000003
421510 -0.000005
421520 0.000003
421530 0.000001
421540 -0.000000
421550 -0.000003
421560 0.000011
421570 -0.000001
421580 0.000001
421590 0.000003
421600 0.000001
421610 -0.000001
421620 0.000000
421630 -0.000001
421640 0.000004
421650 0.000005
421660 0.000018
421670 0.000001
421680 -0.000005
421690 -0.000003
421700 -0.000004
421710 -0.000003
421720 0.000004
421730 -0.000004
421740 0.000010
421750 0.000000
421760 0.000189
421770 0.000002
421780 -0.000000
421790 0.000002
421800 0.000000
421810 0.000000
421820 -0.000002
421830 0.000000
421840 0.000001
421850 0.000004
421860 -0.000002
421870 0.000002
421880 0.000002
421890 0.000004
421900 0.000009
421910 0.000002
421920 0.000006
421930 -0.000004
421940 -0.000052
421950 -0.000001
421960 -0.000002
421970 -0.000002
421980 0.000002
421990 0.000003
422000 0.000000
422010 -0.000000
422020 -0.000003
422030 0.000010
422040 -0.000184
422050 0.000001
422060 0.000004
422070 -0.000001
422080 -0.000003
422090 -0.000005
422100 -0.000003
422110 -0.000006
422120 0.000004
422130 0.000003
422140 -0.000159
422150 0.000004
422160 0.000006
422170 -0.000002
422180 -0.000001
422190 0.000003
422200 0.000007
422210 0.000002
422220 -0.000001
422230 -0.000005
422240 0.000001
422250 -0.000001
422260 0.000003
422270 0.000000
422280 0.000005
422290 -0.000170
422300 0.000001
422310 0.000001
422320 0.000003
422330 0.000000
422340 -0.000000
422350 0.000003
422360 -0.000003
422370 -0.000002
422380 -0.000050
422390 0.000000
422400 0.000005
422410 0.000007
422420 -0.000002
422430 -0.000002
422440 -0.000002
422450 -0.000001
422460 -0.000004
422470 0.000000
422480 0.000002
422490 0.000004
422500 -0.000002
422510 0.000009
422520 -0.000000
422530 0.000004
422540 0.000004
422550 -0.000001
422560 -0.000004
422570 0.000001
422580 0.000000
422590 -0.000002
422600 -0.000018
422610 -0.000002
422620 0.000003
422630 0.000009
422640 0.000002
422650 0.000002
422660 -0.000000
422670 -0.000005
422680 -0.000001
422690 0.000004
422700 -0.000001
422710 -0.000000
422720 0.000001
422730 0.000006
422740 -0.000002
422750 -0.000002
422760 0.000000
422770 0.000001
422780 -0.000009
422790 -0.000020
422800 -0.000007
422810 -0.000001
422820 -0.000002
422830 0.000002
422840 -0.000003
422850 0.000005
422860 0.000005
422870 0.000001
422880 -0.000002
422890 0.000001
422900 0.000001
422910 -0.000003
422920 0.000006
422930 0.000001
422940 -0.000003
422950 0.000000
422960 0.000001
422970 -0.000001
422980 -0.000001
422990 -0.000002
423000 -0.000001
423010 0.000000
423020 0.000000
423030 0.000001
423040 -0.000000
423050 0.000002
423060 0.000004
423070 0.000001
423080 0.000003
423090 0.000001
423100 0.000003
423110 0.000004
423120 0.000001
423130 0.000005
423140 0.000001
423150 0.000004
423160 0.000001
423170 -0.000000
423180 0.000002
423190 -0.000017
423200 -0.000004
423210 -0.000002
423220 -0.000001
423230 -0.000002
423240 0.000001
423250 -0.000001
423260 0.000002
423270 -0.000001
423280 0.000002
423290 -0.000001
423300 0.000002
423310 0.000004
423320 0.000004
423330 0.000003
423340 0.000001
423350 -0.000002
423360 0.000003
423370 0.000003
423380 -0.000006
423390 0.000001
423400 0.000001
423410 0.000004
423420 -0.000004
423430 -0.000001
423440 0.000001
423450 -0.000000
423460 0.000002
423470 0.000001
423480 -0.000001
423490 -0.000000
423500 -0.000001
423510 0.000000
423520 -0.000004
423530 0.000002
423540 -0.000002
423550 0.000002
423560 -0.000001
423570 -0.000001
423580 -0.000002
423590 0.000003
423600 -0.000001
423610 0.000001
423620 -0.000006
423630 -0.000001
423640 -0.000005
423650 -0.000001
423660 0.000002
423670 -0.000003
423680 -0.000001
423690 0.000001
423700 -0.000002
423710 0.000005
423720 0.000005
423730 -0.000001
423740 -0.000003
423750 -0.000002
423760 -0.000008
423770 -0.000000
423780 0.000001
423790 -0.000002
423800 0.000001
423810 -0.000000
423820 -0.000003
423830 0.000002
423840 -0.000004
423850 -0.000001
423860 -0.000003
423870 0.000002
423880 -0.000005
423890 0.000004
423900 0.000002
423910 0.000004
423920 0.000001
423930 -0.000001
423940 0.000003
423950 0.000000
423960 0.000004
423970 0.000004
423980 -0.000003
423990 0.000001
424000 -0.000006
424010 -0.000001
424020 0.000002
424030 -0.000003
424040 -0.000004
424050 0.000000
424060 0.000001
424070 -0.000003
424080 -0.000001
424090 0.000001
424100 -0.000001
424110 -0.000005
424120 -0.000002
424130 0.000002
424140 -0.000002
424150 0.000002
424160 -0.000002
424170 0.000004
424180 -0.000002
424190 0.000001
424200 0.000002
424210 -0.000006
424220 -0.000000
424230 0.000000
424240 -0.000004
424250 0.000001
424260 -0.000000
424270 0.000002
424280 0.000005
424290 0.000004
424300 -0.000003
424310 0.000001
424320 -0.000003
424330 0.000001
424340 0.000001
424350 -0.000002
424360 -0.000001
424370 0.000004
424380 0.000003
424390 0.000001
424400 -0.000000
424410 0.000003
424420 0.000000
424430 0.000001
424440 0.000006
424450 -0.000001
424460 -0.000042
424470 0.000001
424480 -0.000001
424490 0.000005
424500 -0.000001
424510 0.000006
424520 0.000000
424530 0.000002
424540 0.000000
424550 0.000004
424560 0.000002
424570 0.000002
424580 -0.000008
424590 0.000004
424600 0.000001
424610 0.000003
424620 -0.000001
424630 -0.000007
424640 0.000004
424650 -0.000001
424660 0.000004
424670 -0.000002
424680 -0.000004
424690 0.000001
424700 -0.000000
424710 -0.000006
424720 0.000004
424730 -0.000001
424740 -0.000001
424750 -0.000002
424760 0.000000
424770 -0.000006
424780 -0.000001
424790 -0.000011
424800 -0.000001
424810 0.000000
424820 0.000005
424830 -0.000007
424840 -0.000002
424850 -0.000002
424860 0.000003
424870 -0.000002
424880 -0.000002
424890 -0.000001
424900 0.000004
424910 -0.000000
424920 -0.000001
424930 0.000000
424940 0.000001
424950 -0.000002
424960 0.000002
424970 0.000003
424980 0.000001
424990 0.000030
425000 -0.000001
425010 -0.000000
425020 0.000003
425030 -0.000007
425040 0.000006
425050 0.000000
425060 0.000000
425070 -0.000005
425080 0.000003
425090 -0.000006
425100 0.000007
425110 0.000000
425120 0.000000
425130 0.000003
425140 0.000001
425150 -0.000001
425160 0.000001
425170 -0.000002
425180 0.000001
425190 0.000006
425200 0.000003
425210 -0.000007
425220 0.000004
425230 0.000002
425240 -0.000002
425250 -0.000003
425260 0.000001
425270 -0.000004
425280 -0.000000
425290 -0.000003
425300 0.000000
425310 -0.000000
425320 0.000007
425330 -0.000004
425340 -0.000001
425350 0.000001
425360 -0.000001
425370 0.000000
425380 0.000003
425390 0.000004
425400 0.000000
425410 -0.000009
425420 -0.000001
425430 0.000007
425440 -0.000023
425450 -0.000004
425460 -0.000001
425470 -0.000002
425480 0.000000
425490 -0.000001
425500 0.000001
425510 -0.000002
425520 0.000001
425530 0.000003
425540 0.000012
425550 -0.000003
425560 -0.000002
425570 -0.000001
425580 0.000002
425590 0.000004
425600 0.000003
425610 -0.000001
425620 0.000001
425630 0.000001
425640 0.000000
425650 0.000002
425660 0.000001
425670 0.000000
425680 -0.000006
425690 -0.000002
425700 0.000002
425710 0.000007
425720 -0.000006
425730 0.000000
425740 -0.000005
425750 -0.000001
425760 -0.000006
425770 0.000001
425780 -0.000010
425790 0.000001
425800 0.000002
425810 -0.000036
425820 -0.000004
425830 -0.000008
425840 0.000005
425850 -0.000001
425860 -0.000002
425870 0.000000
425880 -0.000002
425890 -0.000005
425900 0.000000
425910 -0.000001
425920 0.000005
425930 0.000001
425940 -0.000002
425950 0.000012
425960 -0.000001
425970 -0.000004
425980 0.000001
425990 0.000018
426000 -0.000002
426010 -0.000001
426020 -0.000000
426030 0.000000
426040 -0.000000
426050 -0.000002
426060 0.000002
426070 0.000004
426080 -0.000000
426090 0.000000
426100 0.000002
426110 -0.000000
426120 0.000001
426130 0.000008
426140 -0.000002
426150 0.000006
426160 0.000011
426170 0.000001
426180 -0.000004
426190 0.000001
426200 0.000001
426210 0.000004
426220 0.000001
426230 0.000002
426240 -0.000007
426250 -0.000001
426260 0.000003
426270 0.000002
426280 0.000003
426290 0.000004
426300 0.000021
426310 0.000001
426320 -0.000006
426330 0.000003
426340 -0.000000
426350 0.000012
426360 -0.000005
426370 -0.000000
426380 0.000001
426390 0.000003
426400 0.000004
426410 -0.000000
426420 0.000002
426430 0.000001
426440 -0.000001
426450 -0.000000
426460 0.000002
426470 -0.000003
426480 0.000002
426490 -0.000005
426500 -0.000003
426510 0.000003
426520 0.000001
426530 0.000011
426540 0.000001
426550 0.000004
426560 -0.000002
426570 -0.000003
426580 0.000001
426590 0.000001
426600 -0.000000
426610 0.000001
426620 0.000002
426630 0.000013
426640 0.000003
426650 -0.000003
426660 0.000002
426670 0.000002
426680 -0.000002
426690 0.000005
426700 0.000003
426710 -0.000001
426720 -0.000004
426730 0.000000
426740 -0.000006
426750 -0.000004
426760 0.000001
426770 0.000001
426780 0.000002
426790 -0.000003
426800 0.000001
426810 -0.000003
426820 0.000002
426830 -0.000001
426840 -0.000003
426850 0.000007
426860 0.000002
426870 0.000002
426880 0.000000
426890 0.000001
426900 -0.000003
426910 -0.000004
426920 -0.000003
426930 -0.000001
426940 -0.000001
426950 -0.000002
426960 -0.000000
426970 0.000003
426980 0.000002
426990 -0.000000
427000 -0.000002
427010 0.000001
427020 0.000010
427030 0.000002
427040 0.000004
427050 -0.000001
427060 0.000001
427070 -0.000001
427080 0.000002
427090 0.000003
427100 0.000001
427110 0.000003
427120 0.000005
427130 -0.000000
427140 0.000003
427150 -0.000005
427160 0.000000
427170 0.000004
427180 0.000000
427190 0.000001
427200 -0.000005
427210 -0.000001
427220 -0.000004
427230 0.000007
427240 0.000002
427250 0.000000
427260 0.000002
427270 0.000001
427280 0.000001
427290 0.000011
427300 -0.000353
427310 0.000001
427320 0.000006
427330 -0.000004
427340 0.000001
427350 0.000004
427360 -0.000001
427370 0.000001
427380 0.000073
427390 -0.000000
427400 -0.000003
427410 0.000003
427420 0.000006
427430 -0.000002
427440 0.000001
427450 -0.000006
427460 -0.000002
427470 -0.000006
427480 0.000004
427490 0.000003
427500 -0.000001
427510 -0.000001
427520 0.000002
427530 -0.000003
427540 -0.000000
427550 0.000004
427560 -0.000004
427570 -0.000001
427580 -0.000007
427590 0.000002
427600 0.000002
427610 -0.000003
427620 -0.000005
427630 0.000009
427640 0.000000
427650 0.000000
427660 0.000006
427670 -0.000000
427680 -0.000003
427690 -0.000001
427700 -0.000002
427710 -0.000001
427720 0.000253
427730 0.000002
427740 -0.000004
427750 0.000002
427760 -0.000000
427770 0.000001
427780 0.000001
427790 -0.000005
427800 -0.000010
427810 -0.000001
427820 0.000001
427830 0.000004
427840 0.000006
427850 -0.000000
427860 -0.000001
427870 0.000002
427880 0.000013
427890 -0.000003
427900 0.000008
427910 0.000004
427920 -0.000002
427930 0.000005
427940 0.000000
427950 0.000000
427960 -0.000010
427970 0.000004
427980 -0.000001
427990 -0.000005
428000 -0.000000
428010 -0.000000
428020 -0.000004
428030 0.000003
428040 -0.000004
428050 -0.000003
428060 -0.000006
428070 -0.000000
428080 0.000003
428090 -0.000001
428100 -0.000001
428110 -0.000003
428120 -0.000001
428130 -0.000001
428140 -0.000000
428150 -0.000002
428160 -0.000002
428170 0.000063
428180 0.000005
428190 -0.000003
428200 -0.000004
428210 -0.000012
428220 -0.000006
428230 0.000000
428240 -0.000002
428250 0.000002
428260 0.000003
428270 0.000004
428280 -0.000000
428290 0.000006
428300 0.000002
428310 -0.000002
428320 0.000001
428330 0.000002
428340 -0.000046
428350 -0.000000
428360 -0.000001
428370 -0.000034
428380 -0.000001
428390 0.000002
428400 -0.000005
428410 0.000004
428420 -0.000002
428430 0.000000
428440 -0.000003
428450 -0.000004
428460 0.000002
428470 -0.000003
428480 -0.000007
428490 0.000004
428500 0.000001
428510 -0.000009
428520 0.000002
428530 -0.000001
428540 -0.000002
428550 0.000001
428560 0.000002
428570 -0.000009
428580 -0.000006
428590 0.000002
428600 0.000006
428610 0.000006
428620 -0.000002
428630 -0.000008
428640 -0.000000
428650 -0.000002
428660 0.000003
428670 -0.000006
428680 0.000000
428690 0.000003
428700 0.000001
428710 0.000001
428720 0.000046
428730 -0.000003
428740 -0.000002
428750 -0.000007
428760 -0.000003
428770 0.000002
428780 0.000001
428790 0.000000
428800 0.000015
428810 -0.000001
428820 -0.000003
428830 0.000004
428840 0.000005
428850 0.000005
428860 -0.000003
428870 0.000000
428880 -0.000001
428890 -0.000003
428900 0.000009
428910 -0.000002
428920 -0.000009
428930 -0.000001
428940 -0.000000
428950 0.000001
428960 0.000001
428970 -0.000007
428980 -0.000002
428990 -0.000006
429000 0.000005
429010 0.000003
429020 0.000002
429030 0.000001
429040 0.000001
429050 -0.000002
429060 0.000002
429070 -0.000001
429080 0.000027
429090 0.000053
429100 -0.000002
429110 -0.000001
429120 -0.000000
429130 0.000003
429140 0.000000
429150 0.000002
429160 0.000002
429170 -0.000002
429180 -0.000001
429190 0.000005
429200 0.000004
429210 -0.000001
429220 0.000004
429230 -0.000004
429240 -0.000000
429250 0.000001
429260 0.000001
429270 -0.000003
429280 0.000001
429290 -0.000003
429300 -0.000001
429310 0.000009
429320 -0.000003
429330 0.000000
429340 -0.000002
429350 0.000000
429360 0.000000
429370 -0.000002
429380 -0.000001
429390 0.010071
429400 -0.000004
429410 -0.000003
429420 0.000000
429430 0.000009
429440 -0.000017
429450 -0.000000
429460 -0.000000
429470 -0.000005
429480 0.000001
429490 0.000001
429500 0.000003
429510 -0.000008
429520 0.000003
429530 0.000002
429540 0.000001
429550 -0.000000
429560 -0.000002
429570 -0.000002
429580 -0.000003
429590 -0.000003
429600 0.000003
429610 0.000001
429620 -0.000001
429630 -0.000002
429640 -0.000011
429650 0.000002
429660 -0.000001
429670 -0.000002
429680 0.000168
429690 0.000003
429700 -0.000003
429710 -0.000001
429720 0.000002
429730 0.000002
429740 -0.000002
429750 0.000004
429760 0.000001
429770 -0.000002
429780 -0.000002
429790 -0.000000
429800 -0.000000
429810 0.000002
429820 -0.000002
429830 0.000012
429840 0.000002
429850 0.000001
429860 -0.000005
429870 0.000007
429880 -0.000000
429890 -0.000001
429900 0.000003
429910 -0.000004
429920 0.000000
429930 -0.000001
429940 0.000003
429950 -0.000005
429960 0.000005
429970 0.000000
429980 0.000044
429990 0.000000
430000 0.000000
430010 0.000002
430020 0.000003
430030 -0.000001
430040 -0.000002
430050 0.000002
430060 0.000005
430070 0.000001
430080 0.000009
430090 0.000000
430100 0.000001
430110 0.000003
430120 0.000006
430130 -0.000001
430140 -0.000002
430150 -0.000001
430160 0.000003
430170 -0.000004
430180 0.000001
430190 0.000002
430200 0.000003
430210 0.000000
430220 -0.000007
430230 -0.000002
430240 -0.000000
430250 0.000003
430260 -0.000002
430270 0.000005
430280 0.000004
430290 -0.000004
430300 0.000001
430310 -0.000001
430320 0.000001
430330 -0.000001
430340 -0.000006
430350 -0.000001
430360 0.000007
430370 -0.000238
430380 -0.000002
430390 -0.000000
430400 -0.000003
430410 -0.000003
430420 -0.000002
430430 0.000002
430440 -0.000001
430450 -0.000000
430460 0.000001
430470 0.000005
430480 0.000003
430490 0.000000
430500 0.000008
430510 -0.000000
430520 0.000002
430530 0.000002
430540 -0.000002
430550 -0.000002
430560 -0.000004
430570 0.000001
430580 -0.000003
430590 0.000000
430600 -0.000028
430610 -0.000005
430620 0.000002
430630 0.000003
430640 -0.000003
430650 0.000005
430660 0.000004
430670 0.000007
430680 -0.000005
430690 0.000004
430700 0.000002
430710 -0.000002
430720 -0.000000
430730 -0.000058
430740 -0.000005
430750 -0.000002
430760 -0.000000
430770 -0.000005
430780 0.000007
430790 0.000012
430800 0.000002
430810 0.000006
430820 -0.000000
430830 -0.000026
430840 -0.000003
430850 0.000002
430860 0.000002
430870 -0.000001
430880 0.000001
430890 -0.000002
430900 -0.000003
430910 -0.000009
430920 0.000009
430930 0.000003
430940 0.000007
430950 -0.000018
430960 -0.000000
430970 0.000005
430980 -0.000002
430990 -0.000001
431000 0.000003
431010 0.000001
431020 -0.000001
431030 -0.000000
431040 0.000000
431050 -0.000002
431060 -0.000001
431070 0.000001
431080 0.000005
431090 0.000001
431100 0.000002
431110 0.000001
431120 0.000019
431130 -0.000001
431140 -0.000005
431150 -0.000004
431160 -0.000002
431170 0.000007
431180 -0.000003
431190 0.000004
431200 0.000001
431210 -0.000000
431220 0.000001
431230 -0.000001
431240 -0.000001
431250 0.000002
431260 0.000002
431270 0.000000
431280 0.000001
431290 0.000004
431300 -0.000000
431310 0.000005
431320 0.000001
431330 0.000001
431340 -0.000001
431350 0.000001
431360 -0.000000
431370 0.000003
431380 0.000004
431390 -0.000001
431400 -0.000001
431410 0.000003
431420 0.000004
431430 -0.000002
431440 -0.000000
431450 -0.000005
431460 -0.000001
431470 0.000000
431480 -0.000007
431490 0.000004
431500 0.000006
431510 0.000002
431520 -0.000002
431530 -0.000000
431540 -0.000005
431550 0.000001
431560 0.000002
431570 0.000025
431580 0.000003
431590 -0.000008
431600 -0.000004
431610 -0.000002
431620 -0.000004
431630 0.000003
431640 0.000000
431650 0.000000
431660 -0.000003
431670 0.000001
431680 -0.000003
431690 -0.000005
431700 -0.000000
431710 0.000005
431720 -0.000007
431730 0.000012
431740 0.000001
431750 0.000001
431760 -0.000001
431770 0.000004
431780 0.000004
431790 0.000002
431800 -0.000007
431810 0.000006
431820 0.000002
431830 -0.000003
431840 -0.000004
431850 0.000003
431860 0.000002
431870 -0.000003
431880 0.000001
431890 -0.000002
431900 -0.000001
431910 0.000001
431920 -0.000002
431930 0.000005
431940 -0.000004
431950 0.000001
431960 -0.000007
431970 -0.000001
431980 0.000004
431990 0.000001
432000 -0.000009
432010 0.000001
432020 -0.000001
432030 -0.000003
432040 -0.000004
432050 0.000001
432060 0.000003
432070 0.000002
432080 0.000002
432090 -0.000001
432100 -0.000001
432110 0.000004
432120 -0.000001
432130 0.000001
432140 -0.000001
432150 -0.000001
432160 0.000010
432170 0.000001
432180 -0.000006
432190 0.000005
432200 0.000002
432210 0.000001
432220 -0.000000
432230 0.000001
432240 -0.000002
432250 0.000002
432260 -0.000002
432270 0.000002
432280 0.000001
432290 -0.000002
432300 -0.000004
432310 0.000005
432320 -0.000006
432330 0.000003
432340 -0.000003
432350 -0.000002
432360 0.000002
432370 -0.000000
432380 -0.000000
432390 0.000000
432400 -0.000000
432410 0.000001
432420 0.000004
432430 0.000002
432440 0.000001
432450 -0.000002
432460 0.000002
432470 0.000002
432480 0.000002
432490 0.000001
432500 -0.000006
432510 0.000019
432520 -0.000002
432530 -0.000005
432540 0.000031
432550 0.000001
432560 -0.000001
432570 0.000001
432580 0.000002
432590 0.000003
432600 0.000001
432610 0.000002
432620 -0.000005
432630 0.000001
432640 0.000001
432650 -0.000001
432660 -0.000002
432670 0.000000
432680 -0.000001
432690 -0.000003
432700 0.000002
432710 0.000006
432720 -0.000000
432730 0.000001
432740 0.000004
432750 -0.000002
432760 0.000001
432770 0.000002
432780 -0.000006
432790 0.000004
432800 -0.000002
432810 0.000004
432820 0.000013
432830 0.000001
432840 -0.000001
432850 0.000002
432860 0.000002
432870 0.000002
432880 0.000002
432890 0.000002
432900 0.000001
432910 -0.000004
432920 0.000004
432930 -0.000000
432940 -0.000005
432950 -0.000001
432960 -0.000001
432970 -0.000005
432980 0.000000
432990 0.000005
433000 -0.000007
433010 0.000000
433020 -0.000003
433030 -0.000002
433040 0.000002
433050 -0.000002
433060 0.000000
433070 0.000003
433080 0.000001
433090 -0.000014
433100 0.000001
433110 0.000003
433120 0.000008
433130 -0.000000
433140 -0.000000
433150 -0.000001
433160 -0.000008
433170 0.000001
433180 0.000005
433190 0.000003
433200 -0.000003
433210 -0.000004
433220 -0.000002
433230 -0.000000
433240 0.000000
433250 0.000002
433260 0.000002
433270 -0.000003
433280 -0.000002
433290 0.000012
433300 -0.000001
433310 -0.000001
433320 0.000002
433330 0.000001
433340 -0.000005
433350 0.000000
433360 -0.000005
433370 -0.000001
433380 0.000001
433390 0.000000
433400 0.000006
433410 -0.000004
433420 -0.000002
433430 -0.000003
433440 0.000001
433450 -0.000002
433460 -0.000005
433470 0.000006
433480 0.000001
433490 0.000002
433500 0.000001
433510 0.000001
433520 0.000002
433530 0.000006
433540 -0.000003
433550 -0.000005
433560 -0.000003
433570 0.000004
433580 -0.000001
433590 -0.000001
433600 0.000000
433610 -0.000005
433620 0.000000
433630 0.000002
433640 0.000003
433650 -0.000001
433660 0.000001
433670 -0.000001
433680 0.000001
433690 -0.000008
433700 -0.000003
433710 0.000003
433720 0.000001
433730 0.000001
433740 -0.000005
433750 -0.000005
433760 0.000001
433770 -0.000002
433780 0.000000
433790 0.000009
433800 -0.000001
433810 -0.000000
433820 0.000002
433830 -0.000005
433840 -0.000001
433850 -0.000001
433860 -0.000001
433870 -0.000001
433880 0.000078
433890 0.000000
433900 0.000001
433910 -0.000001
433920 0.000002
433930 0.000003
433940 -0.000001
433950 -0.000002
433960 0.000002
433970 0.000002
433980 -0.000001
433990 0.000001
434000 0.000000
434010 -0.000006
434020 0.000007
434030 -0.000001
434040 0.000004
434050 0.000002
434060 -0.000001
434070 0.000001
434080 0.000001
434090 0.000000
434100 0.000003
434110 -0.000001
434120 0.000000
434130 -0.000001
434140 -0.000002
434150 -0.000004
434160 0.000002
434170 -0.000003
434180 -0.000002
434190 0.000004
434200 0.000002
434210 -0.000000
434220 -0.000000
434230 -0.000002
434240 -0.000003
434250 0.000002
434260 0.000001
434270 0.000001
434280 -0.000001
434290 0.000003
434300 0.000000
434310 -0.000000
434320 -0.000001
434330 0.000002
434340 -0.000005
434350 0.000001
434360 -0.000008
434370 0.000001
434380 -0.000003
434390 -0.000006
434400 -0.000001
434410 -0.000003
434420 -0.000001
434430 0.000000
434440 0.000000
434450 0.000003
434460 -0.000002
434470 -0.000003
434480 -0.000000
434490 0.000003
434500 0.000007
434510 0.000014
434520 -0.000000
434530 0.000004
434540 -0.000000
434550 -0.000006
434560 0.000002
434570 0.000004
434580 -0.000000
434590 0.000002
434600 0.000002
434610 -0.000001
434620 0.000004
434630 0.000000
434640 0.000002
434650 0.000003
434660 -0.000005
434670 -0.000022
434680 -0.000004
434690 -0.000003
434700 -0.000001
434710 0.000000
434720 -0.000001
434730 -0.000000
434740 -0.000003
434750 -0.000000
434760 -0.000001
434770 0.000001
434780 -0.000001
434790 0.000003
434800 -0.000002
434810 -0.000003
434820 0.000003
434830 0.000001
434840 -0.000001
434850 -0.000000
434860 -0.000002
434870 -0.000002
434880 0.000005
434890 0.000012
434900 -0.000001
434910 -0.000001
434920 0.000005
434930 0.000002
434940 0.000000
434950 0.000002
434960 -0.000015
434970 -0.000003
434980 -0.000003
434990 0.000001
435000 0.000006
435010 -0.000001
435020 -0.000001
435030 0.000001
435040 0.000001
435050 -0.000002
435060 -0.000002
435070 -0.000196
435080 0.000002
435090 0.000000
435100 0.000000
435110 -0.000000
435120 -0.000003
435130 -0.000001
435140 -0.000004
435150 -0.000007
435160 -0.000002
435170 -0.000004
435180 0.000002
435190 -0.000001
435200 0.000000
435210 0.000006
435220 -0.000005
435230 -0.000002
435240 -0.000001
435250 -0.000003
435260 -0.000010
435270 0.000009
435280 0.000008
435290 -0.000004
435300 -0.000002
435310 0.000104
435320 0.000002
435330 -0.000003
435340 0.000006
435350 0.000004
435360 0.000003
435370 -0.000002
435380 -0.000007
435390 -0.000008
435400 -0.000001
435410 0.000001
435420 -0.000005
435430 -0.000003
435440 0.000004
435450 -0.000007
435460 -0.000002
435470 0.000004
435480 0.000000
435490 -0.000003
435500 0.000006
435510 -0.000005
435520 0.000001
435530 -0.000001
435540 -0.000000
435550 -0.000000
435560 -0.000002
435570 -0.000000
435580 -0.000003
435590 0.000007
435600 0.000003
435610 0.000001
435620 0.000001
435630 -0.000004
435640 -0.000004
435650 -0.000004
435660 0.000004
435670 0.000001
435680 -0.000005
435690 -0.000010
435700 -0.000004
435710 -0.000001
435720 0.000005
435730 0.000004
435740 0.000005
435750 -0.000003
435760 -0.000001
435770 0.000033
435780 0.000001
435790 0.000001
435800 0.000001
435810 0.000002
435820 -0.000003
435830 -0.000002
435840 -0.000006
435850 -0.000001
435860 -0.000001
435870 0.000004
435880 0.000002
435890 -0.000000
435900 0.000001
435910 -0.000002
435920 -0.000004
435930 0.000004
435940 0.000001
435950 0.000003
435960 -0.000002
435970 -0.000003
435980 0.000000
435990 0.000000
436000 -0.000000
436010 0.000001
436020 -0.000000
436030 -0.000005
436040 0.000005
436050 0.000001
436060 0.000001
436070 -0.000000
436080 -0.000001
436090 0.000003
436100 0.000004
436110 -0.000000
436120 0.000001
436130 0.000001
436140 0.000000
436150 0.000003
436160 0.000002
436170 -0.000001
436180 -0.000002
436190 0.000001
436200 0.000008
436210 -0.000002
436220 0.000006
436230 0.000003
436240 0.000008
436250 -0.000001
436260 0.000002
436270 0.000002
436280 -0.000001
436290 0.000001
436300 0.000004
436310 -0.000002
436320 -0.000002
436330 -0.000001
436340 0.000003
436350 0.000000
436360 0.000006
436370 0.000010
436380 0.000004
436390 -0.000002
436400 0.000000
436410 -0.000002
436420 0.000000
436430 -0.000007
436440 0.000000
436450 0.000003
436460 -0.000001
436470 0.000001
436480 -0.000001
436490 0.000010
436500 -0.000005
436510 0.000001
436520 0.000005
436530 0.007192
436540 -0.000003
436550 -0.000000
436560 -0.000005
436570 -0.000001
436580 0.000001
436590 0.000001
436600 0.000003
436610 0.000006
436620 -0.000001
436630 0.000011
436640 -0.000006
436650 -0.000001
436660 -0.000004
436670 0.000000
436680 -0.000004
436690 0.000321
436700 -0.000000
436710 0.000000
436720 0.000002
436730 -0.000000
436740 -0.000004
436750 -0.000004
436760 0.000004
436770 0.000005
436780 0.000001
436790 -0.000001
436800 0.000000
436810 -0.000000
436820 0.000000
436830 0.000000
436840 0.000004
436850 -0.000000
436860 0.000001
436870 -0.000002
436880 -0.000001
436890 -0.000032
436900 0.000002
436910 0.000003
436920 0.000002
436930 -0.000002
436940 0.000002
436950 0.000002
436960 -0.000002
436970 0.000002
436980 0.000002
436990 0.000005
437000 -0.000005
437010 0.000002
437020 -0.000006
437030 -0.000005
437040 -0.000003
437050 0.000007
437060 -0.000003
437070 0.000000
437080 -0.000009
437090 -0.000000
437100 0.000000
437110 0.000105
437120 0.000005
437130 -0.000000
437140 -0.000006
437150 0.000004
437160 0.000000
437170 0.000001
437180 -0.000001
437190 0.000002
437200 -0.000002
437210 -0.000002
437220 0.000003
437230 0.000000
437240 0.000003
437250 0.000008
437260 0.000004
437270 -0.000018
437280 -0.000001
437290 0.000003
437300 -0.000002
437310 -0.000000
437320 0.000004
437330 0.000001
437340 0.000000
437350 -0.000003
437360 0.000002
437370 0.000001
437380 -0.000032
437390 -0.000000
437400 0.000003
437410 -0.000002
437420 0.000000
437430 0.000006
437440 0.000006
437450 -0.000001
437460 -0.000002
437470 0.000001
437480 -0.000002
437490 -0.000001
437500 -0.000001
437510 0.000001
437520 -0.000009
437530 0.000000
437540 -0.000004
437550 -0.000009
437560 -0.000001
437570 0.000001
437580 -0.000000
437590 -0.000001
437600 -0.000001
437610 0.000001
437620 -0.000003
437630 -0.000000
437640 -0.000002
437650 0.000002
437660 -0.000000
437670 0.000000
437680 0.000003
437690 -0.000004
437700 -0.000002
437710 -0.000002
437720 -0.000001
437730 -0.000006
437740 -0.000000
437750 -0.000009
437760 0.000005
437770 -0.000001
437780 0.000004
437790 -0.000001
437800 -0.000001
437810 0.000002
437820 0.000001
437830 0.000013
437840 0.000001
437850 -0.000001
437860 0.000001
437870 0.000001
437880 0.000005
437890 0.000003
437900 -0.000011
437910 -0.000000
437920 -0.000002
437930 0.000002
437940 -0.000000
437950 -0.000001
437960 0.000004
437970 0.000002
437980 0.000009
437990 -0.000001
438000 -0.000001
438010 -0.000003
438020 -0.000002
438030 -0.000002
438040 -0.000004
438050 0.000032
438060 0.000003
438070 0.000002
438080 -0.000003
438090 0.000002
438100 -0.000003
438110 -0.000003
438120 0.000001
438130 0.000001
438140 0.000000
438150 0.000000
438160 -0.000001
438170 0.000001
438180 0.000000
438190 0.000002
438200 -0.000004
438210 0.000000
438220 0.000002
438230 0.000005
438240 -0.000003
438250 0.000002
438260 -0.000001
438270 0.000008
438280 0.000003
438290 -0.000002
438300 0.000003
438310 0.000002
438320 0.000001
438330 -0.000004
438340 -0.000001
438350 0.000000
438360 -0.000002
438370 -0.000001
438380 0.000000
438390 -0.000000
438400 -0.000001
438410 -0.000003
438420 -0.000001
438430 0.000005
438440 -0.000004
438450 -0.000004
438460 -0.000001
438470 0.000004
438480 -0.000000
438490 0.000019
438500 0.000002
438510 -0.000005
438520 0.000001
438530 0.000004
438540 0.000005
438550 -0.000001
438560 0.000006
438570 -0.000002
438580 0.000001
438590 0.000002
438600 0.000001
438610 -0.000001
438620 -0.000003
438630 -0.000002
438640 -0.000004
438650 -0.000002
438660 0.000001
438670 0.000002
438680 0.000001
438690 -0.000015
438700 0.000002
438710 0.000003
438720 -0.000000
438730 -0.000006
438740 0.000001
438750 -0.000004
438760 0.000000
438770 -0.000000
438780 -0.000003
438790 0.000001
438800 -0.000000
438810 0.000001
438820 0.000003
438830 -0.000001
438840 -0.000001
438850 -0.000000
438860 -0.000001
438870 -0.000001
438880 0.000000
438890 0.000004
438900 0.000001
438910 0.000001
438920 0.000002
438930 -0.000000
438940 0.000002
438950 -0.000002
438960 -0.000003
438970 0.000000
438980 -0.000000
438990 -0.000004
439000 -0.000004
439010 -0.000001
439020 0.000004
439030 -0.000008
439040 0.000002
439050 -0.000001
439060 0.000003
439070 -0.000000
439080 0.000005
439090 -0.000003
439100 0.000000
439110 0.000007
439120 0.000002
439130 -0.000002
439140 -0.000002
439150 0.000002
439160 -0.000001
439170 -0.000006
439180 -0.000001
439190 -0.000000
439200 0.000007
439210 0.000003
439220 0.000004
439230 -0.000000
439240 0.000000
439250 0.000002
439260 -0.000010
439270 -0.000001
439280 0.000002
439290 -0.000001
439300 0.000002
439310 -0.000006
439320 -0.000002
439330 -0.000001
439340 -0.000008
439350 0.000001
439360 -0.000000
439370 0.000002
439380 -0.000001
439390 0.000007
439400 0.000005
439410 0.000005
439420 -0.000002
439430 0.000003
439440 -0.000002
439450 -0.000000
439460 -0.000004
439470 0.000002
439480 -0.000007
439490 0.000002
439500 0.000001
439510 0.000003
439520 -0.000001
439530 -0.000001
439540 -0.000003
439550 -0.000002
439560 -0.000003
439570 -0.000000
439580 0.000002
439590 0.000001
439600 0.000001
439610 -0.000006
439620 -0.000002
439630 -0.000003
439640 0.000002
439650 -0.000001
439660 0.000003
439670 0.000004
439680 0.000003
439690 -0.000000
439700 -0.000002
439710 0.000002
439720 -0.000007
439730 0.000002
439740 0.000002
439750 -0.000000
439760 0.000003
439770 -0.000000
439780 -0.000001
439790 -0.000000
439800 -0.000003
439810 -0.000001
439820 0.000002
439830 0.000002
439840 0.000003
439850 -0.000002
439860 0.000001
439870 0.000007
439880 -0.000003
439890 -0.000002
439900 0.000001
439910 -0.000002
439920 -0.000012
439930 -0.000003
439940 -0.000003
439950 0.000000
439960 0.000001
439970 0.000001
439980 -0.000001
439990 -0.000003
440000 0.000001
440010 0.000003
440020 0.000005
440030 -0.000006
440040 0.000001
440050 0.000000
440060 0.000001
440070 0.000007
440080 0.000002
440090 0.000002
440100 0.000006
440110 -0.000000
440120 -0.000001
440130 -0.000002
440140 -0.000002
440150 0.000003
440160 0.000004
440170 -0.000002
440180 0.000003
440190 0.000007
440200 0.000002
440210 0.000003
440220 0.000009
440230 0.000005
440240 0.000004
440250 -0.000002
440260 -0.000003
440270 0.000002
440280 0.000000
440290 0.000000
440300 -0.000006
440310 -0.000001
440320 0.000000
440330 0.000002
440340 0.000003
440350 0.000003
440360 0.000001
440370 0.000002
440380 0.000003
440390 -0.000002
440400 0.000006
440410 -0.000004
440420 -0.000017
440430 -0.000001
440440 0.000002
440450 -0.000020
440460 0.000002
440470 -0.000002
440480 -0.000005
440490 -0.000000
440500 0.000001
440510 -0.000011
440520 0.000004
440530 0.000004
440540 -0.000001
440550 0.000001
440560 -0.000002
440570 -0.000007
440580 -0.000001
440590 0.000003
440600 0.000008
440610 -0.000000
440620 -0.000002
440630 -0.000000
440640 0.000001
440650 0.000001
440660 0.000002
440670 0.000000
440680 -0.000002
440690 -0.000001
440700 0.000001
440710 0.000005
440720 -0.000000
440730 -0.000000
440740 0.000002
440750 0.000002
440760 -0.000001
440770 -0.000000
440780 -0.000002
440790 -0.000001
440800 -0.000001
440810 0.000001
440820 0.000006
440830 -0.000003
440840 -0.000002
440850 0.000004
440860 -0.000004
440870 -0.000002
440880 -0.000000
440890 -0.000002
440900 0.000002
440910 0.000002
440920 0.000004
440930 -0.000002
440940 0.000015
440950 -0.000007
440960 0.000001
440970 0.000005
440980 -0.000000
440990 -0.000002
441000 -0.000000
441010 -0.000004
441020 -0.000002
441030 -0.000001
441040 -0.000002
441050 -0.000006
441060 -0.000003
441070 0.000001
441080 0.000002
441090 -0.000000
441100 -0.000001
441110 -0.000002
441120 0.000003
441130 -0.000002
441140 0.000001
441150 0.000002
441160 0.000002
441170 0.000005
441180 -0.000002
441190 0.000009
441200 0.000005
441210 -0.000007
441220 -0.000002
441230 -0.000005
441240 0.000001
441250 -0.000013
441260 0.000000
441270 0.000004
441280 0.000012
441290 -0.000003
441300 -0.000002
441310 -0.000001
441320 -0.000000
441330 -0.000004
441340 -0.000003
441350 0.000003
441360 -0.000001
441370 -0.000001
441380 -0.000007
441390 -0.000000
441400 -0.000002
441410 0.000001
441420 -0.000002
441430 -0.000001
441440 0.000003
441450 0.000002
441460 0.000003
441470 0.000004
441480 0.000001
441490 0.000003
441500 -0.000002
441510 0.000003
441520 0.000003
441530 0.000005
441540 -0.000004
441550 -0.000002
441560 0.000003
441570 -0.000020
441580 -0.000001
441590 -0.000001
441600 0.000002
441610 -0.000001
441620 0.000007
441630 -0.000001
441640 0.000001
441650 -0.000001
441660 0.000103
441670 0.000001
441680 0.000002
441690 -0.000000
441700 0.000007
441710 0.000003
441720 0.000004
441730 -0.000000
441740 0.000006
441750 -0.000004
441760 -0.000007
441770 0.000004
441780 -0.000005
441790 -0.000001
441800 -0.000002
441810 0.000003
441820 0.000001
441830 0.000001
441840 -0.000002
441850 -0.000006
441860 -0.000004
441870 -0.000004
441880 0.000000
441890 -0.000003
441900 0.000001
441910 0.000003
441920 0.000002
441930 0.000001
441940 -0.000001
441950 0.000005
441960 0.000003
441970 -0.000000
441980 -0.000020
441990 0.000001
442000 -0.000020
442010 -0.000001
442020 0.000003
442030 0.000000
442040 -0.000001
442050 0.000009
442060 -0.000001
442070 -0.000003
442080 0.000002
442090 -0.000006
442100 0.000001
442110 0.000002
442120 -0.000008
442130 0.000004
442140 -0.000003
442150 -0.000000
442160 0.000001
442170 -0.000002
442180 0.000004
442190 -0.000003
442200 -0.000001
442210 0.000001
442220 -0.000005
442230 0.000000
442240 -0.000070
442250 -0.000001
442260 0.000002
442270 0.000003
442280 0.000002
442290 0.000005
442300 0.000002
442310 -0.000005
442320 -0.000001
442330 0.000004
442340 -0.000002
442350 0.000008
442360 -0.000000
442370 0.000002
442380 -0.000001
442390 0.000004
442400 0.000001
442410 0.000002
442420 0.000002
442430 -0.000000
442440 0.000003
442450 0.000004
442460 0.000002
442470 -0.000002
442480 0.000001
442490 0.000012
442500 -0.000000
442510 0.000001
442520 0.000002
442530 0.000001
442540 0.000000
442550 0.000000
442560 -0.000000
442570 -0.000003
442580 -0.000001
442590 0.000004
442600 0.000003
442610 -0.000002
442620 -0.000003
442630 0.000005
442640 0.000003
442650 -0.000003
442660 0.000004
442670 -0.000002
442680 -0.000005
442690 -0.000001
442700 0.000002
442710 0.000002
442720 0.000002
442730 0.000002
442740 0.000005
442750 -0.000002
442760 0.000007
442770 0.000004
442780 -0.000002
442790 0.000004
442800 -0.000024
442810 -0.000000
442820 0.000005
442830 0.000000
442840 -0.000003
442850 0.000004
442860 0.000001
442870 -0.000000
442880 -0.000002
442890 -0.000006
442900 0.000001
442910 -0.000004
442920 0.000003
442930 -0.000002
442940 0.000001
442950 0.000004
442960 0.000002
442970 0.000001
442980 -0.000001
442990 -0.000001
443000 -0.000008
443010 -0.000005
443020 0.000003
443030 0.000003
443040 0.000003
443050 -0.000000
443060 0.000000
443070 -0.000002
443080 -0.000008
443090 -0.000003
443100 0.000003
443110 -0.000005
443120 0.000004
443130 -0.000002
443140 -0.000001
443150 -0.000005
443160 -0.000003
443170 0.000005
443180 0.000005
443190 -0.000000
443200 0.000000
443210 0.000005
443220 -0.000000
443230 -0.000018
443240 -0.000002
443250 -0.000003
443260 -0.000001
443270 -0.000005
443280 -0.000003
443290 0.000006
443300 0.000007
443310 -0.000005
443320 0.000009
443330 0.000004
443340 -0.000006
443350 -0.000001
443360 -0.000002
443370 -0.000001
443380 -0.000002
443390 -0.000000
443400 -0.000004
443410 -0.000001
443420 -0.000003
443430 0.000002
443440 -0.000002
443450 0.000002
443460 -0.000000
443470 -0.000002
443480 0.000001
443490 -0.000000
443500 0.000001
443510 0.000004
443520 0.000004
443530 -0.000002
443540 -0.000009
443550 0.000002
443560 -0.000000
443570 -0.000001
443580 0.000002
443590 0.000000
443600 -0.000006
443610 0.000001
443620 0.000005
443630 -0.000001
443640 0.000001
443650 -0.000000
443660 0.000005
443670 0.000008
443680 -0.000007
443690 -0.000001
443700 -0.000006
443710 -0.000001
443720 0.000004
443730 -0.000002
443740 0.000001
443750 0.000001
443760 0.000010
443770 0.000002
443780 0.000000
443790 -0.000001
443800 0.000000
443810 0.000003
443820 0.000002
443830 0.000003
443840 0.000004
443850 0.000002
443860 0.000000
443870 0.000001
443880 -0.000018
443890 -0.000000
443900 -0.000003
443910 -0.000002
443920 -0.000007
443930 -0.000002
443940 -0.000004
443950 0.000003
443960 0.000002
443970 -0.000005
443980 -0.000009
443990 -0.000000
444000 0.000001
444010 -0.000001
444020 -0.000002
444030 -0.000001
444040 -0.000002
444050 0.000005
444060 0.000002
444070 -0.000001
444080 0.000001
444090 0.000007
444100 0.000002
444110 -0.000009
444120 -0.000003
444130 -0.000000
444140 -0.000001
444150 0.000002
444160 0.000001
444170 -0.000004
444180 0.000001
444190 -0.000007
444200 0.000001
444210 -0.000004
444220 -0.000000
444230 0.000004
444240 -0.000001
444250 0.000001
444260 0.000003
444270 0.000001
444280 0.000003
444290 -0.000002
444300 -0.000001
444310 -0.000001
444320 0.000003
444330 0.000001
444340 0.000002
444350 0.000037
444360 0.000005
444370 0.000000
444380 -0.000002
444390 0.000003
444400 -0.000001
444410 -0.000000
444420 0.000003
444430 0.000002
444440 0.000006
444450 -0.000002
444460 0.000004
444470 0.000001
444480 0.000004
444490 -0.000001
444500 0.000007
444510 -0.000001
444520 -0.000002
444530 -0.000001
444540 -0.000001
444550 0.000005
444560 0.000016
444570 0.000001
444580 -0.000001
444590 -0.000000
444600 -0.000004
444610 0.000005
444620 0.000001
444630 -0.000001
444640 -0.000003
444650 -0.000001
444660 -0.000005
444670 -0.000003
444680 -0.000000
444690 0.000002
444700 0.000004
444710 0.000005
444720 -0.000002
444730 -0.000003
444740 -0.000001
444750 -0.000001
444760 0.000002
444770 -0.000003
444780 -0.000001
444790 0.000002
444800 0.000001
444810 -0.000003
444820 -0.000002
444830 -0.000005
444840 -0.000000
444850 0.000003
444860 0.000003
444870 -0.000000
444880 -0.000000
444890 -0.000004
444900 -0.000001
444910 0.000003
444920 0.000002
444930 0.000006
444940 -0.000000
444950 0.000000
444960 0.000001
444970 0.000003
444980 -0.000002
444990 -0.000002
445000 0.000004
445010 -0.000006
445020 0.000066
445030 -0.000002
445040 -0.000009
445050 -0.000000
445060 0.000102
445070 -0.000001
445080 -0.000000
445090 0.000005
445100 0.000002
445110 -0.000001
445120 0.000045
445130 -0.000001
445140 -0.000001
445150 0.000003
445160 0.000010
445170 0.000005
445180 -0.000001
445190 -0.000007
445200 0.000000
445210 0.000001
445220 0.000001
445230 0.000007
445240 -0.000002
445250 -0.000005
445260 0.000000
445270 -0.000002
445280 0.000000
445290 0.000005
445300 0.000005
445310 0.000002
445320 -0.000001
445330 -0.000001
445340 -0.000002
445350 0.000001
445360 0.000003
445370 -0.000006
445380 0.000003
445390 -0.000000
445400 0.000000
445410 -0.000000
445420 -0.000003
445430 -0.000000
445440 -0.000002
445450 0.000002
445460 0.000000
445470 -0.000004
445480 -0.000001
445490 0.000007
445500 0.000004
445510 0.000001
445520 -0.000002
445530 -0.000007
445540 -0.000001
445550 -0.000002
445560 -0.000005
445570 -0.000001
445580 -0.000001
445590 -0.000001
445600 -0.000004
445610 -0.000003
445620 0.000002
445630 0.000003
445640 -0.000002
445650 -0.000002
445660 0.000009
445670 0.000000
445680 0.000244
445690 0.000003
445700 0.000001
445710 -0.000006
445720 0.000002
445730 -0.000001
445740 -0.000001
445750 0.000004
445760 0.000003
445770 0.000018
445780 -0.000000
445790 -0.000002
445800 -0.000002
445810 0.000001
445820 -0.000000
445830 -0.000000
445840 0.000000
445850 0.000002
445860 0.000005
445870 -0.000002
445880 0.000003
445890 0.000004
445900 0.000000
445910 0.000010
445920 -0.000019
445930 0.000003
445940 -0.000001
445950 -0.000000
445960 0.000003
445970 0.000003
445980 0.000001
445990 -0.000002
446000 0.000001
446010 -0.000004
446020 -0.000002
446030 0.000002
446040 -0.000005
446050 -0.000000
446060 0.000002
446070 -0.000004
446080 -0.000001
446090 0.000005
446100 0.000007
446110 0.000001
446120 -0.000002
446130 -0.000003
446140 0.000000
446150 0.000000
446160 -0.000001
446170 0.000046
446180 -0.000005
446190 -0.000002
446200 -0.000001
446210 0.000001
446220 0.000003
446230 0.000002
446240 0.000003
446250 0.000006
446260 -0.000001
446270 0.000001
446280 0.000002
446290 0.000001
446300 -0.000000
446310 0.000001
446320 -0.000001
446330 -0.000000
446340 0.000000
446350 -0.000005
446360 -0.000001
446370 0.000003
446380 -0.000004
446390 -0.000001
446400 -0.000004
446410 -0.000000
446420 0.000000
446430 -0.000002
446440 -0.000002
446450 -0.000001
446460 -0.000000
446470 0.000001
446480 -0.000002
446490 -0.000006
446500 -0.000000
446510 0.000001
446520 0.000001
446530 -0.000003
446540 -0.000000
446550 0.000006
446560 0.000000
446570 0.000001
446580 0.000002
446590 0.000004
446600 0.000002
446610 -0.000012
446620 -0.000005
446630 0.000003
446640 -0.000004
446650 0.000001
446660 -0.000003
446670 0.000003
446680 -0.000001
446690 0.000000
446700 -0.000005
446710 0.000001
446720 0.000000
446730 -0.000001
446740 -0.000004
446750 -0.000001
446760 0.000010
446770 0.000001
446780 0.000000
446790 -0.000005
446800 -0.000033
446810 0.000004
446820 0.000003
446830 0.000004
446840 -0.000001
446850 -0.000001
446860 0.000001
446870 0.000006
446880 0.000000
446890 -0.000001
446900 0.000004
446910 0.000007
446920 0.000008
446930 -0.000005
446940 0.000001
446950 -0.000006
446960 0.000001
446970 0.000006
446980 -0.000001
446990 0.000004
447000 -0.000001
447010 -0.000006
447020 0.000001
447030 -0.000004
447040 -0.000002
447050 -0.000003
447060 0.000001
447070 -0.000001
447080 0.000000
447090 0.000010
447100 -0.000003
447110 -0.000000
447120 -0.000002
447130 0.000001
447140 0.000004
447150 -0.000002
447160 -0.000001
447170 0.000004
447180 0.000004
447190 0.000001
447200 -0.000003
447210 0.000000
447220 0.000003
447230 -0.000003
447240 -0.000005
447250 0.000000
447260 0.000000
447270 0.000001
447280 -0.000000
447290 -0.000008
447300 0.000003
447310 -0.000002
447320 -0.000013
447330 0.000000
447340 -0.000001
447350 -0.000005
447360 -0.000001
447370 -0.000009
447380 0.000004
447390 -0.000002
447400 -0.000003
447410 -0.000002
447420 0.000024
447430 0.000001
447440 -0.000004
447450 0.000001
447460 0.000005
447470 0.000003
447480 0.000002
447490 -0.000002
447500 0.000000
447510 -0.000001
447520 0.000002
447530 -0.000006
447540 -0.000001
447550 0.000002
447560 0.000002
447570 0.000002
447580 -0.000001
447590 0.000001
447600 0.000003
447610 0.000001
447620 0.000000
447630 0.000001
447640 0.000001
447650 -0.000000
447660 -0.000003
447670 0.000003
447680 0.000001
447690 -0.000000
447700 0.000000
447710 0.000000
447720 -0.000004
447730 -0.000002
447740 0.000002
447750 -0.000004
447760 0.000001
447770 -0.000000
447780 -0.000001
447790 -0.000003
447800 0.000002
447810 -0.000000
447820 -0.000001
447830 -0.000001
447840 0.000001
447850 -0.000003
447860 -0.000001
447870 0.000003
447880 -0.000000
447890 -0.000003
447900 -0.000003
447910 -0.000003
447920 0.000004
447930 0.000002
447940 0.000005
447950 0.000004
447960 -0.000001
447970 -0.000001
447980 -0.000000
447990 -0.000003
448000 -0.000023
448010 -0.000010
448020 -0.000000
448030 0.000001
448040 0.000004
448050 -0.000002
448060 -0.000001
448070 -0.000001
448080 -0.000005
448090 -0.000000
448100 0.000000
448110 -0.000009
448120 -0.000002
448130 0.000003
448140 0.000001
448150 -0.000009
448160 -0.000003
448170 0.000001
448180 0.000004
448190 -0.000002
448200 -0.000001
448210 -0.000002
448220 0.000001
448230 -0.000001
448240 0.000009
448250 0.000005
448260 0.009895
448270 0.000001
448280 -0.000002
448290 -0.000001
448300 0.000004
448310 0.000010
448320 -0.000001
448330 -0.000001
448340 0.000002
448350 0.000001
448360 0.000005
448370 0.000000
448380 -0.000001
448390 0.000002
448400 0.000002
448410 0.000001
448420 -0.000000
448430 -0.000022
448440 0.000005
448450 0.000001
448460 0.000004
448470 -0.000024
448480 -0.000004
448490 -0.000018
448500 0.000000
448510 0.000007
448520 -0.000002
448530 -0.000004
448540 0.000001
448550 -0.000002
448560 0.000002
448570 -0.000002
448580 0.000001
448590 -0.000003
448600 0.000001
448610 -0.000001
448620 0.000001
448630 0.000002
448640 0.000334
448650 -0.000002
448660 0.000004
448670 -0.000000
448680 -0.000001
448690 0.000003
448700 0.000002
448710 -0.000002
448720 0.000001
448730 -0.000004
448740 0.000004
448750 -0.000004
448760 0.000001
448770 0.000003
448780 0.000003
448790 -0.000000
448800 -0.000004
448810 0.000000
448820 -0.000001
448830 0.000001
448840 -0.000001
448850 -0.000001
448860 0.000002
448870 -0.000001
448880 0.000000
448890 -0.000000
448900 0.000002
448910 0.000000
448920 0.000001
448930 0.000001
448940 0.000002
448950 -0.000001
448960 0.000000
448970 -0.000004
448980 0.000002
448990 0.000002
449000 -0.000001
449010 -0.000003
449020 0.000002
449030 0.000003
449040 -0.000001
449050 -0.000000
449060 0.000002
449070 -0.000000
449080 -0.000002
449090 -0.000000
449100 -0.000002
449110 -0.000051
449120 0.000000
449130 -0.000001
449140 -0.000003
449150 0.000001
449160 0.000004
449170 0.000001
449180 -0.000001
449190 0.000001
449200 -0.000004
449210 0.000002
449220 0.000002
449230 0.000000
449240 0.000000
449250 0.000001
449260 0.000005
449270 -0.000001
449280 0.000000
449290 0.000002
449300 0.000001
449310 0.000003
449320 0.000005
449330 -0.000011
449340 -0.000001
449350 -0.000008
449360 -0.000003
449370 -0.000003
449380 -0.000020
449390 0.000001
449400 -0.000001
449410 0.000033
449420 -0.000002
449430 0.000004
449440 0.000002
449450 -0.000001
449460 -0.000004
449470 -0.000004
449480 0.000000
449490 0.000006
449500 0.000006
449510 -0.000003
449520 0.000004
449530 0.000001
449540 -0.000000
449550 0.000001
449560 0.000003
449570 0.000000
449580 0.000233
449590 0.000004
449600 0.000000
449610 -0.000001
449620 -0.000004
449630 -0.000001
449640 0.000000
449650 0.000005
449660 -0.000005
449670 0.000002
449680 0.000000
449690 0.000003
449700 -0.000004
449710 -0.000001
449720 0.000007
449730 0.000002
449740 -0.000002
449750 -0.000002
449760 0.000028
449770 0.000001
449780 -0.000000
449790 0.000000
449800 -0.000000
449810 -0.000000
449820 -0.000005
449830 -0.000003
449840 -0.000003
449850 -0.000007
449860 -0.000003
449870 -0.000003
449880 0.000000
449890 0.000005
449900 0.000002
449910 -0.000001
449920 -0.000000
449930 0.000003
449940 0.000002
449950 -0.000003
449960 0.000001
449970 -0.000006
449980 0.000003
449990 0.000021
450000 0.000005
450010 0.000006
450020 0.000003
450030 0.000000
450040 0.000002
450050 -0.000005
450060 -0.000003
450070 0.000001
450080 -0.000004
450090 -0.000002
450100 0.000002
450110 -0.000000
450120 -0.000001
450130 -0.000001
450140 -0.000000
450150 -0.000000
450160 -0.000001
450170 0.000002
450180 0.000001
450190 -0.000004
450200 -0.000002
450210 0.000001
450220 0.000013
450230 -0.000004
450240 0.000004
450250 -0.000000
450260 0.000006
450270 0.000002
450280 -0.000005
450290 -0.000003
450300 -0.000006
450310 -0.000003
450320 0.000003
450330 0.000000
450340 0.000000
450350 -0.000001
450360 -0.000003
450370 0.000003
450380 0.000003
450390 0.000001
450400 -0.000001
450410 0.000004
450420 -0.000001
450430 0.000002
450440 0.000002
450450 0.000002
450460 -0.000000
450470 -0.000112
450480 0.000001
450490 -0.000002
450500 0.000003
450510 0.000002
450520 0.000002
450530 -0.000001
450540 -0.000008
450550 -0.000003
450560 0.000000
450570 0.000001
450580 0.000001
450590 -0.000000
450600 -0.000000
450610 -0.000005
450620 -0.000001
450630 0.000006
450640 0.000003
450650 0.000001
450660 0.000003
450670 -0.000000
450680 -0.000001
450690 0.000002
450700 -0.000001
450710 -0.000004
450720 -0.000003
450730 0.000006
450740 -0.000000
450750 0.000004
450760 0.000002
450770 -0.000001
450780 0.000001
450790 0.000000
450800 0.000002
450810 0.000001
450820 0.000001
450830 -0.000003
450840 -0.000004
450850 -0.000003
450860 0.000001
450870 0.000005
450880 -0.000002
450890 0.000008
450900 0.000003
450910 0.000000
450920 0.000000
450930 0.000006
450940 0.000007
450950 -0.000000
450960 0.000001
450970 -0.000000
450980 -0.000007
450990 -0.000001
451000 -0.000005
451010 0.000004
451020 0.000001
451030 -0.000004
451040 -0.000009
451050 0.000002
451060 -0.000005
451070 -0.000001
451080 0.000006
451090 0.000002
451100 0.000003
451110 -0.000001
451120 0.000001
451130 0.000002
451140 0.000004
451150 -0.000001
451160 -0.000001
451170 0.000054
451180 -0.000001
451190 0.000000
451200 -0.000002
451210 -0.000001
451220 0.000002
451230 -0.000002
451240 0.000002
451250 -0.000002
451260 -0.000004
451270 0.000001
451280 -0.000002
451290 -0.000035
451300 -0.000001
451310 0.000008
451320 -0.000002
451330 -0.000001
451340 0.000002
451350 -0.000003
451360 0.000002
451370 -0.000012
451380 -0.000007
451390 0.000001
451400 -0.000000
451410 -0.000001
451420 0.000003
451430 0.000004
451440 0.000000
451450 0.000009
451460 0.000018
451470 0.000005
451480 0.000001
451490 -0.000002
451500 0.000005
451510 0.000001
451520 -0.000002
451530 0.000004
451540 -0.000001
451550 -0.000001
451560 -0.000003
451570 0.000002
451580 0.000007
451590 0.000002
451600 0.000001
451610 0.000005
451620 0.000005
451630 0.000011
451640 0.000000
451650 0.000000
451660 -0.000001
451670 -0.000004
451680 -0.000002
451690 -0.000005
451700 0.000000
451710 0.000002
451720 0.000002
451730 0.000000
451740 0.000002
451750 -0.000003
451760 -0.000003
451770 0.000004
451780 0.000000
451790 -0.000001
451800 0.000001
451810 -0.000000
451820 -0.000002
451830 -0.000002
451840 0.000000
451850 -0.000008
451860 0.000001
451870 0.000001
451880 0.000001
451890 -0.000002
451900 -0.000001
451910 0.000002
451920 -0.000002
451930 -0.000001
451940 -0.000001
451950 -0.000001
451960 0.000003
451970 -0.000003
451980 -0.000001
451990 0.000000
452000 0.000002
452010 0.000000
452020 0.000002
452030 0.000003
452040 -0.000002
452050 -0.000000
452060 -0.000060
452070 -0.000002
452080 0.000002
452090 0.000002
452100 0.000005
452110 0.000001
452120 0.000000
452130 -0.000001
452140 -0.000004
452150 -0.000001
452160 -0.000002
452170 -0.000001
452180 0.000002
452190 -0.000007
452200 0.000017
452210 0.000023
452220 0.000002
452230 -0.000001
452240 0.000001
452250 -0.000000
452260 -0.000001
452270 -0.000005
452280 -0.000000
452290 -0.000003
452300 -0.000001
452310 0.000005
452320 0.000000
452330 0.000000
452340 0.000000
452350 -0.000002
452360 -0.000003
452370 -0.000002
452380 -0.000003
452390 -0.000000
452400 0.000002
452410 -0.000003
452420 -0.000007
452430 0.000001
452440 -0.000001
452450 -0.000000
452460 -0.000000
452470 0.000015
452480 -0.000045
452490 -0.000000
452500 0.000024
452510 -0.000000
452520 0.000005
452530 0.000005
452540 0.000001
452550 -0.000002
452560 0.000002
452570 -0.000005
452580 0.000003
452590 0.000001
452600 -0.000001
452610 0.000002
452620 -0.000001
452630 0.000000
452640 -0.000001
452650 -0.000005
452660 0.000002
452670 0.000003
452680 -0.000002
452690 0.000002
452700 0.000000
452710 -0.000006
452720 0.000006
452730 0.000004
452740 0.000007
452750 0.000001
452760 -0.000000
452770 0.000005
452780 0.000000
452790 0.000003
452800 -0.000001
452810 -0.000011
452820 -0.000005
452830 -0.000001
452840 -0.000005
452850 -0.000000
452860 0.000013
452870 0.000006
452880 -0.000003
452890 -0.000001
452900 0.000004
452910 -0.000000
452920 0.000004
452930 0.000001
452940 -0.000002
452950 -0.000004
452960 -0.000001
452970 -0.000005
452980 -0.000001
452990 -0.000004
453000 -0.000001
453010 0.000002
453020 0.000001
453030 0.000001
453040 0.000003
453050 0.000002
453060 0.000003
453070 0.000002
453080 0.000002
453090 -0.000004
453100 0.000001
453110 -0.000003
453120 0.000002
453130 -0.000001
453140 0.000003
453150 -0.000002
453160 -0.000007
453170 -0.000001
453180 -0.000001
453190 0.000001
453200 0.000004
453210 -0.000137
453220 -0.000003
453230 0.000001
453240 -0.000002
453250 0.000000
453260 0.000002
453270 -0.000001
453280 -0.000009
453290 0.000002
453300 -0.000006
453310 -0.000000
453320 -0.000002
453330 0.000000
453340 0.000000
453350 0.000001
453360 0.000001
453370 -0.000003
453380 0.000000
453390 0.000024
453400 -0.000006
453410 0.000007
453420 0.000004
453430 0.000002
453440 0.000001
453450 0.000002
453460 -0.000003
453470 0.000005
453480 -0.000006
453490 -0.000001
453500 0.000000
453510 0.000002
453520 -0.000004
453530 -0.000008
453540 0.000001
453550 0.000001
453560 0.000002
453570 0.000002
453580 0.000001
453590 0.000000
453600 -0.000004
453610 -0.000000
453620 0.000006
453630 0.000000
453640 -0.000004
453650 -0.000003
453660 0.000001
453670 0.000003
453680 0.000002
453690 -0.000006
453700 0.000004
453710 0.000006
453720 0.000001
453730 -0.000002
453740 -0.000001
453750 0.000001
453760 0.000002
453770 0.000001
453780 -0.000000
453790 0.000004
453800 -0.000000
453810 0.000000
453820 -0.000002
453830 -0.000002
453840 0.000002
453850 0.000000
453860 0.000001
453870 -0.000007
453880 0.000001
453890 0.000001
453900 -0.000001
453910 0.000004
453920 -0.000000
453930 -0.000002
453940 -0.000002
453950 0.000002
453960 -0.000000
453970 0.000003
453980 0.000003
453990 0.000000
454000 0.000000
454010 -0.000003
454020 -0.000004
454030 -0.000002
454040 -0.000001
454050 0.000031
454060 -0.000001
454070 -0.000003
454080 0.000002
454090 0.000002
454100 0.000001
454110 0.000000
454120 -0.000006
454130 -0.000004
454140 0.000002
454150 0.000001
454160 0.000002
454170 -0.000001
454180 0.000002
454190 0.000001
454200 0.000006
454210 0.000002
454220 -0.000003
454230 -0.000003
454240 0.000002
454250 -0.000009
454260 0.000000
454270 -0.000002
454280 -0.000001
454290 0.000001
454300 -0.000004
454310 0.000001
454320 0.000002
454330 -0.000002
454340 -0.000001
454350 0.000002
454360 0.000001
454370 -0.000001
454380 0.000001
454390 -0.000001
454400 0.000002
454410 0.000000
454420 -0.000000
454430 0.000001
454440 -0.000001
454450 0.000001
454460 -0.000000
454470 0.000002
454480 0.000000
454490 0.000004
454500 0.000002
454510 0.000001
454520 -0.000002
454530 0.000003
454540 0.000002
454550 -0.000000
454560 -0.000002
454570 0.000005
454580 -0.000004
454590 -0.000002
454600 0.000002
454610 -0.000004
454620 0.000000
454630 -0.000005
454640 0.000000
454650 -0.000001
454660 -0.000002
454670 -0.000000
454680 0.000014
454690 0.000006
454700 0.000006
454710 0.000002
454720 0.000000
454730 0.000100
454740 0.000003
454750 -0.000001
454760 -0.000003
454770 -0.000007
454780 -0.000003
454790 -0.000207
454800 0.000010
454810 0.000005
454820 -0.000001
454830 0.000122
454840 0.000000
454850 0.000002
454860 -0.000001
454870 0.000004
454880 0.000004
454890 -0.000004
454900 0.000002
454910 0.000005
454920 0.000004
454930 -0.000001
454940 -0.000004
454950 0.000002
454960 -0.000004
454970 -0.000001
454980 0.000006
454990 0.000001
455000 0.000002
455010 -0.000003
455020 0.000003
455030 0.000002
455040 -0.000005
455050 0.000003
455060 -0.000003
455070 0.000000
455080 -0.000002
455090 0.000001
455100 0.000002
455110 -0.000000
455120 -0.000001
455130 -0.000001
455140 -0.000001
455150 -0.000001
455160 -0.000001
455170 0.000002
455180 -0.000003
455190 -0.000001
455200 0.000007
455210 0.000002
455220 -0.000002
455230 -0.000003
455240 0.000002
455250 -0.000003
455260 0.000002
455270 0.000004
455280 0.000001
455290 -0.000006
455300 -0.000001
455310 -0.000000
455320 -0.000004
455330 0.000001
455340 0.000005
455350 0.000002
455360 0.000002
455370 -0.000001
455380 0.000000
455390 0.000010
455400 -0.000001
455410 -0.000003
455420 0.000001
455430 -0.000000
455440 0.000002
455450 0.000003
455460 -0.000001
455470 -0.000001
455480 0.000002
455490 -0.000000
455500 -0.000001
455510 0.000003
455520 0.000002
455530 0.000002
455540 -0.000000
455550 0.000002
455560 0.000007
455570 -0.000001
455580 -0.000001
455590 0.000000
455600 0.000003
455610 0.000002
455620 0.000001
455630 -0.000000
455640 -0.000002
455650 0.000000
455660 0.000001
455670 -0.000001
455680 -0.000001
455690 -0.000002
455700 -0.000003
455710 -0.000001
455720 -0.000002
455730 0.000004
455740 -0.000025
455750 -0.000000
455760 -0.000002
455770 0.000002
455780 0.000000
455790 -0.000005
455800 -0.000003
455810 0.000003
455820 0.000013
455830 0.000002
455840 0.000003
455850 -0.000001
455860 0.000003
455870 0.000002
455880 0.000003
455890 0.000001
455900 -0.000007
455910 -0.000003
455920 0.000121
455930 0.000000
455940 -0.000001
455950 -0.000001
455960 -0.000008
455970 -0.000001
455980 0.000000
455990 -0.000004
456000 -0.000003
456010 -0.000000
456020 0.000001
456030 -0.000838
456040 -0.000000
456050 0.000002
456060 -0.000001
456070 -0.000001
456080 0.000010
456090 0.000001
456100 0.000003
456110 0.000000
456120 0.000003
456130 -0.000002
456140 0.000001
456150 -0.000003
456160 -0.000004
456170 -0.000006
456180 -0.000000
456190 -0.000003
456200 -0.000001
456210 0.000001
456220 0.000001
456230 -0.000001
456240 0.000001
456250 -0.000005
456260 0.000004
456270 0.000000
456280 0.000000
456290 -0.000001
456300 -0.000001
456310 0.000005
456320 0.000006
456330 -0.000002
456340 0.000004
456350 -0.000007
456360 0.000001
456370 0.000001
456380 0.000001
456390 0.000002
456400 0.000003
456410 -0.000000
456420 -0.000008
456430 -0.000001
456440 -0.000004
456450 0.000001
456460 0.000059
456470 0.000000
456480 -0.000004
456490 0.000000
456500 -0.000001
456510 0.000000
456520 -0.000001
456530 0.000000
456540 0.000001
456550 -0.000005
456560 0.000001
456570 -0.000001
456580 -0.000017
456590 0.000002
456600 0.000000
456610 -0.000001
456620 -0.000002
456630 -0.000003
456640 0.000004
456650 0.000003
456660 -0.000001
456670 0.000001
456680 -0.000001
456690 0.000004
456700 -0.000001
456710 -0.000000
456720 -0.000001
456730 0.000000
456740 -0.000001
456750 -0.000003
456760 -0.000001
456770 0.000001
456780 -0.000000
456790 -0.000001
456800 -0.000001
456810 -0.000004
456820 -0.000000
456830 0.000000
456840 -0.000072
456850 0.000005
456860 -0.000001
456870 -0.000000
456880 0.000008
456890 0.000001
456900 -0.000001
456910 0.000001
456920 -0.000004
456930 -0.000002
456940 0.000001
456950 -0.000003
456960 -0.000003
456970 -0.000000
456980 0.000003
456990 -0.000002
457000 -0.000002
457010 0.000007
457020 -0.000000
457030 0.000001
457040 -0.000003
457050 -0.000001
457060 -0.000003
457070 -0.000005
457080 -0.000003
457090 -0.000001
457100 0.000001
457110 -0.000001
457120 0.000009
457130 0.000003
457140 0.000010
457150 -0.000000
457160 0.000007
457170 -0.000002
457180 -0.000003
457190 -0.000000
457200 -0.000000
457210 -0.000004
457220 0.000000
457230 0.000001
457240 0.000001
457250 0.000002
457260 0.000003
457270 0.000003
457280 -0.000024
457290 -0.000000
457300 0.000000
457310 0.000002
457320 0.000000
457330 -0.000005
457340 0.000001
457350 -0.000001
457360 0.000000
457370 0.000002
457380 -0.000012
457390 0.000010
457400 0.000002
457410 0.000001
457420 -0.000001
457430 0.000019
457440 0.000001
457450 -0.000002
457460 -0.000002
457470 0.000003
457480 -0.000004
457490 -0.000004
457500 0.000001
457510 0.000001
457520 -0.000007
457530 0.000001
457540 -0.000003
457550 -0.000006
457560 -0.000003
457570 0.000001
457580 -0.000003
457590 0.000000
457600 -0.000002
457610 -0.000001
457620 0.000003
457630 -0.000000
457640 0.000000
457650 -0.000003
457660 0.000000
457670 0.000000
457680 -0.000003
457690 -0.000015
457700 0.000002
457710 0.000003
457720 -0.000002
457730 0.000000
457740 -0.000001
457750 -0.000001
457760 0.000001
457770 -0.000002
457780 0.000005
457790 0.000000
457800 0.000001
457810 0.000002
457820 -0.000000
457830 -0.000004
457840 -0.000225
457850 -0.000002
457860 -0.000003
457870 -0.000001
457880 -0.000001
457890 -0.000001
457900 0.000002
457910 0.000001
457920 -0.000000
457930 0.000001
457940 0.000002
457950 -0.000001
457960 -0.000000
457970 0.000000
457980 -0.000001
457990 0.000001
458000 0.000000
458010 0.000003
458020 0.000004
458030 -0.000004
458040 -0.000003
458050 0.000005
458060 0.000001
458070 0.000003
458080 0.000004
458090 -0.000001
458100 0.000003
458110 -0.000002
458120 -0.000006
458130 -0.000007
458140 0.000003
458150 0.000001
458160 0.000001
458170 -0.000003
458180 -0.000001
458190 0.000005
458200 0.000001
458210 0.000003
458220 0.000003
458230 0.000005
458240 0.000003
458250 0.000002
458260 -0.000001
458270 -0.000003
458280 0.000001
458290 0.000002
458300 0.000008
458310 0.000001
458320 -0.000003
458330 -0.000002
458340 -0.000002
458350 0.000002
458360 0.000008
458370 0.000014
458380 -0.000004
458390 -0.000001
458400 -0.000005
458410 -0.000000
458420 0.000000
458430 0.000001
458440 0.000004
458450 -0.000002
458460 -0.000004
458470 0.000005
458480 -0.000010
458490 -0.000002
458500 -0.000003
458510 -0.000002
458520 -0.000002
458530 0.000000
458540 -0.000003
458550 0.000004
458560 -0.000002
458570 -0.000001
458580 -0.000008
458590 0.000001
458600 0.000000
458610 -0.000002
458620 0.000004
458630 -0.000000
458640 0.000011
458650 -0.000001
458660 -0.000002
458670 0.000004
458680 0.000003
458690 0.000002
458700 -0.000001
458710 0.000004
458720 -0.000001
458730 0.000001
458740 -0.000001
458750 -0.000002
458760 -0.000002
458770 -0.000001
458780 0.000000
458790 -0.000000
458800 0.000001
458810 -0.000000
458820 -0.000006
458830 -0.000002
458840 -0.000002
458850 -0.000006
458860 0.000005
458870 0.000002
458880 0.000002
458890 0.000001
458900 0.000004
458910 -0.000002
458920 0.000003
458930 -0.000005
458940 -0.000002
458950 0.000001
458960 -0.000002
458970 -0.000002
458980 -0.000001
458990 -0.000000
459000 -0.000004
459010 0.000000
459020 -0.000001
459030 0.000003
459040 -0.000001
459050 0.000001
459060 -0.000002
459070 0.000002
459080 -0.000002
459090 0.000001
459100 -0.000001
459110 0.000001
459120 -0.000005
459130 0.000001
459140 0.000004
459150 0.000005
459160 -0.000000
459170 -0.000002
459180 -0.000002
459190 -0.000002
459200 -0.000003
459210 -0.000004
459220 0.000004
459230 0.000015
459240 0.000008
459250 -0.000004
459260 -0.000002
459270 -0.000005
459280 -0.000002
459290 -0.000001
459300 0.000005
459310 0.000004
459320 -0.000002
459330 0.000002
459340 -0.000003
459350 -0.000004
459360 0.000000
459370 0.000006
459380 0.000001
459390 -0.000004
459400 -0.000005
459410 0.000005
459420 -0.000002
459430 0.000004
459440 -0.000003
459450 0.000003
459460 0.000000
459470 0.000012
459480 0.000004
459490 0.000001
459500 0.000000
459510 0.000002
459520 0.000001
459530 0.000001
459540 -0.000002
459550 0.000001
459560 0.000002
459570 0.000011
459580 0.000000
459590 0.000002
459600 0.000001
459610 -0.000000
459620 -0.000002
459630 -0.000004
459640 0.000000
459650 0.000021
459660 -0.000005
459670 0.000001
459680 0.000003
459690 0.000008
459700 0.000004
459710 -0.000000
459720 0.000002
459730 0.000002
459740 0.000000
459750 0.000001
459760 -0.000001
459770 -0.000002
459780 -0.000001
459790 -0.000001
459800 0.000001
459810 0.000000
459820 -0.000003
459830 -0.000003
459840 -0.000001
459850 0.000000
459860 -0.000001
459870 -0.000072
459880 0.000001
459890 -0.000006
459900 0.000002
459910 -0.000005
459920 0.000003
459930 -0.000001
459940 -0.000003
459950 0.000000
459960 -0.000001
459970 0.000001
459980 -0.000010
459990 -0.000002
460000 -0.000000
460010 -0.000000
460020 -0.000004
460030 0.000035
460040 -0.000001
460050 -0.000000
460060 -0.000001
460070 0.000003
460080 0.000003
460090 0.000004
460100 0.000000
460110 0.000004
460120 -0.000001
460130 -0.000003
460140 0.000001
460150 -0.000001
460160 -0.000003
460170 -0.000000
460180 0.000000
460190 0.000001
460200 0.000000
460210 0.000004
460220 -0.000001
460230 -0.000003
460240 0.000004
460250 0.000004
460260 -0.000001
460270 0.000002
460280 0.000001
460290 -0.000001
460300 0.000001
460310 0.000001
460320 -0.000004
460330 0.000011
460340 -0.000001
460350 0.000001
460360 0.000001
460370 0.000002
460380 -0.000000
460390 0.000000
460400 0.000007
460410 0.000003
460420 -0.000024
460430 -0.000000
460440 -0.000001
460450 -0.000000
460460 0.000002
460470 0.000006
460480 0.000005
460490 0.000002
460500 -0.000008
460510 0.000002
460520 0.000004
460530 0.000000
460540 0.000002
460550 -0.000002
460560 0.000002
460570 0.000001
460580 0.000001
460590 -0.000001
460600 -0.000002
460610 -0.000001
460620 -0.000025
460630 0.000001
460640 -0.000000
460650 -0.000000
460660 -0.000001
460670 0.000004
460680 0.000002
460690 0.000000
460700 -0.000001
460710 0.000001
460720 0.000001
460730 0.000001
460740 0.000001
460750 -0.000002
460760 -0.000000
460770 0.000003
460780 -0.000000
460790 0.000002
460800 0.000002
460810 0.000002
460820 0.000002
460830 0.000004
460840 0.000002
460850 0.000076
460860 0.000002
460870 -0.000001
460880 -0.000001
460890 0.000000
460900 -0.000003
460910 0.000015
460920 -0.000003
460930 -0.000002
460940 -0.000001
460950 0.000000
460960 -0.000004
460970 -0.000002
460980 0.000001
460990 -0.000001
461000 -0.000001
461010 0.000001
461020 0.000001
461030 -0.000005
461040 -0.000003
461050 -0.000005
461060 -0.000008
461070 0.000005
461080 0.000002
461090 -0.000003
461100 0.000001
461110 0.000002
461120 -0.000013
461130 -0.000001
461140 0.000000
461150 0.000001
461160 0.000000
461170 0.000002
461180 -0.000010
461190 0.000000
461200 -0.000001
461210 0.000001
461220 -0.000000
461230 0.000007
461240 0.000001
461250 -0.000008
461260 -0.000001
461270 0.000003
461280 -0.000001
461290 -0.000006
461300 -0.000005
461310 -0.000004
461320 0.000005
461330 0.000000
461340 0.000001
461350 0.000003
461360 0.000003
461370 0.000001
461380 0.000001
461390 -0.000001
461400 -0.000001
461410 -0.000010
461420 0.000004
461430 -0.000003
461440 -0.000003
461450 0.000005
461460 -0.000003
461470 0.000001
461480 -0.000019
461490 0.000000
461500 -0.000002
461510 0.000004
461520 0.000001
461530 0.000006
461540 0.000005
461550 -0.000001
461560 -0.000005
461570 0.000004
461580 0.000004
461590 0.000002
461600 -0.000002
461610 -0.000000
461620 0.000007
461630 0.000001
461640 0.000002
461650 0.000001
461660 -0.000001
461670 -0.000001
461680 -0.000002
461690 -0.000001
461700 -0.000000
461710 -0.000001
461720 -0.000002
461730 -0.000000
461740 -0.000002
461750 -0.000009
461760 -0.000005
461770 -0.000000
461780 -0.000006
461790 -0.000002
461800 0.000000
461810 0.000001
461820 -0.000003
461830 0.000001
461840 0.000000
461850 -0.000003
461860 -0.000007
461870 0.000008
461880 0.000002
461890 -0.000002
461900 0.000006
461910 -0.000003
461920 -0.000004
461930 -0.000000
461940 -0.000001
461950 -0.000003
461960 0.000001
461970 0.000001
461980 0.000001
461990 -0.000001
462000 0.000002
462010 0.000001
462020 0.000742
462030 -0.000001
462040 -0.000002
462050 -0.000011
462060 0.000002
462070 -0.000001
462080 -0.000003
462090 0.000003
462100 -0.000001
462110 0.000003
462120 -0.000004
462130 0.000004
462140 0.000000
462150 -0.000002
462160 -0.000001
462170 -0.000005
462180 0.000005
462190 0.000003
462200 -0.000006
462210 -0.000002
462220 0.000002
462230 0.000001
462240 0.000001
462250 -0.000001
462260 -0.000001
462270 0.000004
462280 0.000009
462290 -0.000001
462300 -0.000002
462310 0.000001
462320 -0.000003
462330 -0.000004
462340 0.000002
462350 0.000002
462360 -0.000005
462370 -0.000001
462380 -0.000002
462390 0.000002
462400 -0.000001
462410 -0.000001
462420 0.000001
462430 -0.000005
462440 0.000001
462450 0.000000
462460 -0.000003
462470 0.000003
462480 0.000001
462490 0.000000
462500 0.000002
462510 -0.000001
462520 -0.000001
462530 0.000004
462540 -0.000002
462550 0.000002
462560 -0.000007
462570 0.000001
462580 0.000007
462590 0.000002
462600 -0.000002
462610 -0.000001
462620 -0.000001
462630 -0.000001
462640 0.000001
462650 -0.000000
462660 -0.000000
462670 -0.000001
462680 -0.000000
462690 0.000001
462700 0.000001
462710 -0.000002
462720 0.000002
462730 -0.000000
462740 0.000001
462750 -0.000003
462760 0.000002
462770 0.000001
462780 -0.000001
462790 -0.000001
462800 0.000001
462810 -0.000008
462820 0.000005
462830 -0.000002
462840 0.000006
462850 0.000001
462860 0.000001
462870 0.000002
462880 0.000003
462890 -0.000002
462900 0.000001
462910 -0.000006
462920 -0.000011
462930 0.000001
462940 0.000002
462950 -0.000001
462960 0.000002
462970 -0.000002
462980 -0.000000
462990 0.000002
463000 0.000000
463010 -0.000006
463020 -0.000001
463030 -0.000001
463040 0.000001
463050 0.000002
463060 -0.000001
463070 0.000017
463080 0.000074
463090 -0.000001
463100 0.000002
463110 0.000001
463120 -0.000000
463130 0.000004
463140 0.000003
463150 0.000001
463160 0.000002
463170 -0.000002
463180 0.000001
463190 -0.000001
463200 -0.000003
463210 -0.000001
463220 -0.000004
463230 0.000001
463240 -0.000001
463250 0.000001
463260 0.000009
463270 0.000001
463280 -0.000004
463290 0.000004
463300 -0.000001
463310 -0.000000
463320 -0.000001
463330 0.000006
463340 0.000004
463350 0.000003
463360 0.000007
463370 -0.000003
463380 0.000002
463390 -0.000000
463400 0.000003
463410 0.000000
463420 0.000004
463430 0.000007
463440 0.000000
463450 0.000000
463460 0.000368
463470 -0.000004
463480 0.000002
463490 0.000002
463500 -0.000002
463510 -0.000003
463520 0.000003
463530 -0.000005
463540 0.000001
463550 0.000005
463560 0.000003
463570 -0.000009
463580 0.000003
463590 0.000001
463600 0.000004
463610 -0.000005
463620 0.000005
463630 -0.000001
463640 0.000006
463650 0.000001
463660 -0.000003
463670 -0.000004
463680 0.000005
463690 0.000001
463700 0.000002
463710 0.000000
463720 0.000002
463730 0.000001
463740 -0.000001
463750 0.000001
463760 0.000001
463770 0.000001
463780 0.000003
463790 -0.000014
463800 0.000002
463810 -0.000002
463820 0.000000
463830 0.000002
463840 -0.000004
463850 0.000004
463860 -0.000001
463870 0.000004
463880 0.000006
463890 -0.000002
463900 0.000003
463910 0.000000
463920 -0.000007
463930 -0.000001
463940 -0.000007
463950 -0.000002
463960 -0.000000
463970 -0.000005
463980 0.000000
463990 0.000002
464000 -0.000000
464010 0.000001
464020 -0.000003
464030 0.000001
464040 0.000003
464050 0.000005
464060 0.000000
464070 -0.000003
464080 0.000000
464090 -0.000000
464100 0.000002
464110 -0.000004
464120 -0.000002
464130 -0.000000
464140 -0.000004
464150 -0.000005
464160 0.000001
464170 0.000001
464180 0.000003
464190 -0.000006
464200 0.000001
464210 0.000002
464220 -0.000003
464230 0.000001
464240 0.000001
464250 -0.000000
464260 0.000001
464270 -0.000005
464280 0.000000
464290 0.000050
464300 -0.000002
464310 0.000001
464320 -0.000003
464330 0.000000
464340 -0.000001
464350 -0.000001
464360 -0.000004
464370 0.000029
464380 0.000003
464390 0.000001
464400 -0.000000
464410 0.000006
464420 0.000005
464430 0.000001
464440 0.000002
464450 -0.000002
464460 0.000005
464470 -0.000007
464480 0.000002
464490 -0.000002
464500 -0.000002
464510 0.000002
464520 -0.000000
464530 -0.000001
464540 0.000001
464550 0.000002
464560 -0.000001
464570 -0.000005
464580 0.000002
464590 -0.000005
464600 0.000002
464610 0.000002
464620 0.000001
464630 0.000003
464640 0.000000
464650 -0.000013
464660 -0.000005
464670 0.000002
464680 0.000002
464690 -0.000003
464700 0.000005
464710 -0.000003
464720 0.000005
464730 0.000004
464740 0.000000
464750 0.000003
464760 -0.000003
464770 0.000027
464780 0.000002
464790 -0.000002
464800 0.000001
464810 -0.000004
464820 -0.000000
464830 -0.000001
464840 0.000002
464850 0.000003
464860 -0.000003
464870 -0.000001
464880 0.000002
464890 -0.000003
464900 0.000004
464910 -0.000001
464920 -0.000000
464930 -0.000001
464940 0.000003
464950 0.000005
464960 0.000001
464970 0.000010
464980 -0.000002
464990 -0.000001
465000 0.000002
465010 -0.000003
465020 -0.000001
465030 -0.000002
465040 0.000000
465050 0.000004
465060 0.000002
465070 -0.000002
465080 0.000001
465090 0.000002
465100 -0.000001
465110 -0.000000
465120 -0.000001
465130 0.000004
465140 0.000003
465150 -0.000002
465160 0.000002
465170 0.000000
465180 -0.000003
465190 -0.000006
465200 -0.000002
465210 -0.000003
465220 -0.000005
465230 -0.000002
465240 -0.000002
465250 -0.000003
465260 0.000039
465270 0.000002
465280 -0.000002
465290 0.000002
465300 0.000001
465310 -0.000001
465320 0.000004
465330 -0.000000
465340 0.000007
465350 -0.000000
465360 0.000006
465370 -0.000047
465380 -0.000000
465390 0.000001
465400 -0.000003
465410 -0.000003
465420 0.000002
465430 0.000000
465440 0.000075
465450 0.000000
465460 0.000003
465470 -0.000000
465480 0.000001
465490 -0.000000
465500 0.000004
465510 0.000000
465520 -0.000002
465530 -0.000001
465540 0.000003
465550 -0.000001
465560 -0.000000
465570 -0.000001
465580 -0.000099
465590 0.000002
465600 -0.000000
465610 0.000000
465620 0.000003
465630 0.000001
465640 -0.000001
465650 0.000001
465660 -0.000004
465670 -0.000003
465680 -0.000004
465690 -0.000004
465700 0.000004
465710 -0.000001
465720 -0.000004
465730 -0.000001
465740 0.000001
465750 0.000001
465760 0.000001
465770 0.000000
465780 0.000074
465790 -0.000001
465800 -0.000003
465810 -0.000001
465820 0.000001
465830 0.000003
465840 0.000004
465850 0.000001
465860 -0.000000
465870 -0.000002
465880 -0.000000
465890 0.000005
465900 0.000001
465910 0.000006
465920 -0.000001
465930 -0.000005
465940 0.000001
465950 0.000005
465960 -0.000000
465970 0.000001
465980 0.000002
465990 0.000001
466000 0.000006
466010 0.000001
466020 -0.000002
466030 0.000003
466040 -0.000001
466050 0.000001
466060 -0.000001
466070 -0.000001
466080 -0.000000
466090 -0.000002
466100 -0.000000
466110 -0.000002
466120 0.000002
466130 -0.000000
466140 0.000002
466150 0.000002
466160 0.000001
466170 0.000004
466180 0.000008
466190 0.000001
466200 -0.000007
466210 -0.000002
466220 -0.000004
466230 -0.000001
466240 0.000003
466250 -0.000003
466260 0.000001
466270 0.000001
466280 -0.000004
466290 -0.000007
466300 -0.000002
466310 -0.000007
466320 0.000001
466330 -0.000003
466340 0.000000
466350 -0.000003
466360 0.000000
466370 -0.000002
466380 -0.000001
466390 -0.000005
466400 -0.000002
466410 0.000003
466420 0.000004
466430 0.000000
466440 0.000001
466450 0.000002
466460 0.000005
466470 -0.000002
466480 -0.000001
466490 -0.000002
466500 -0.000002
466510 0.000011
466520 0.000001
466530 -0.000002
466540 0.000001
466550 -0.000002
466560 -0.000002
466570 -0.000000
466580 0.000017
466590 -0.000002
466600 0.000005
466610 0.000004
466620 -0.000000
466630 0.000003
466640 0.000008
466650 0.000000
466660 -0.000001
466670 0.000000
466680 0.000004
466690 0.000000
466700 0.000003
466710 -0.000004
466720 0.000001
466730 -0.000001
466740 0.000002
466750 -0.000001
466760 0.000002
466770 -0.000002
466780 0.000001
466790 0.000002
466800 0.000004
466810 0.000001
466820 -0.000009
466830 -0.000000
466840 0.000001
466850 -0.000004
466860 0.000002
466870 -0.000050
466880 -0.000002
466890 -0.000002
466900 -0.000000
466910 -0.000003
466920 0.000000
466930 -0.000001
466940 0.000001
466950 -0.000002
466960 -0.000002
466970 -0.000006
466980 -0.000012
466990 -0.000000
467000 0.000002
467010 -0.000003
467020 -0.000002
467030 -0.000000
467040 0.000003
467050 0.000002
467060 -0.000005
467070 0.000003
467080 0.000004
467090 0.000000
467100 -0.000002
467110 0.000001
467120 -0.000001
467130 -0.000002
467140 0.000004
467150 0.000007
467160 0.000005
467170 0.000003
467180 -0.000003
467190 0.000002
467200 -0.000002
467210 0.000001
467220 0.000000
467230 -0.000000
467240 0.000001
467250 0.000000
467260 0.000006
467270 0.000010
467280 -0.000002
467290 0.000001
467300 0.000002
467310 0.000001
467320 0.000001
467330 0.000001
467340 0.000014
467350 -0.000001
467360 -0.000000
467370 -0.000001
467380 -0.000002
467390 -0.000006
467400 -0.000002
467410 0.000004
467420 -0.000005
467430 0.000014
467440 0.000003
467450 0.000001
467460 -0.000004
467470 0.000002
467480 -0.000001
467490 0.000001
467500 0.000003
467510 -0.000000
467520 -0.000001
467530 -0.000000
467540 -0.000007
467550 0.000001
467560 0.000000
467570 -0.000002
467580 0.000001
467590 -0.000002
467600 0.000003
467610 0.000001
467620 0.000002
467630 0.000000
467640 0.000001
467650 0.000001
467660 -0.000003
467670 0.000001
467680 0.000002
467690 0.000003
467700 -0.000004
467710 -0.000001
467720 0.000001
467730 -0.000004
467740 -0.000001
467750 0.000003
467760 0.000003
467770 0.000001
467780 -0.000000
467790 0.000003
467800 -0.000001
467810 -0.000011
467820 0.000007
467830 -0.000003
467840 -0.000004
467850 0.000005
467860 0.000001
467870 0.000003
467880 0.000000
467890 -0.000002
467900 -0.000000
467910 0.000001
467920 0.000001
467930 0.000002
467940 -0.000006
467950 -0.000008
467960 0.000004
467970 -0.000002
467980 -0.000001
467990 0.000001
468000 0.000001
468010 -0.000002
468020 0.000002
468030 -0.000002
468040 0.000003
468050 0.000006
468060 0.000002
468070 -0.000000
468080 0.000001
468090 0.000006
468100 -0.000001
468110 0.000001
468120 0.000001
468130 0.000003
468140 -0.000002
468150 -0.000002
468160 0.000004
468170 0.000002
468180 -0.000004
468190 0.000003
468200 -0.000002
468210 0.000004
468220 -0.000001
468230 0.000001
468240 0.000001
468250 0.000000
468260 -0.000000
468270 0.000003
468280 0.000002
468290 0.000003
468300 -0.000008
468310 0.000000
468320 0.000002
468330 -0.000000
468340 0.000001
468350 0.000004
468360 -0.000003
468370 -0.000003
468380 0.000002
468390 0.000003
468400 0.000029
468410 0.000001
468420 0.000002
468430 0.000006
468440 0.000002
468450 0.000003
468460 -0.000000
468470 0.000007
468480 -0.000006
468490 0.000009
468500 0.000010
468510 -0.000001
468520 -0.000002
468530 0.000000
468540 -0.000004
468550 -0.000002
468560 0.000001
468570 -0.000000
468580 0.000002
468590 -0.000001
468600 -0.000000
468610 -0.000001
468620 0.000001
468630 0.000001
468640 -0.000001
468650 0.000003
468660 -0.000001
468670 -0.000002
468680 -0.000000
468690 -0.000003
468700 -0.000001
468710 0.000005
468720 0.000002
468730 0.000002
468740 -0.000005
468750 -0.000003
468760 0.000003
468770 0.000051
468780 -0.000001
468790 0.000001
468800 0.000005
468810 -0.000001
468820 0.000013
468830 -0.000002
468840 -0.000000
468850 0.000002
468860 -0.000001
468870 0.000002
468880 0.000006
468890 0.000001
468900 0.000004
468910 -0.000004
468920 0.000000
468930 0.000006
468940 0.000002
468950 0.000008
468960 -0.000000
468970 -0.000001
468980 0.000039
468990 0.000002
469000 -0.000000
469010 -0.000002
469020 -0.000002
469030 0.000000
469040 -0.000002
469050 0.000006
469060 0.000001
469070 -0.000001
469080 0.000005
469090 0.000000
469100 -0.000005
469110 -0.000002
469120 0.000002
469130 0.000001
469140 -0.000000
469150 0.000001
469160 -0.000002
469170 0.000003
469180 -0.000003
469190 0.000002
469200 0.000000
469210 -0.000001
469220 0.000013
469230 0.000003
469240 0.000001
469250 0.000000
469260 0.000001
469270 -0.000003
469280 0.000005
469290 0.000002
469300 0.000028
469310 0.000000
469320 -0.000015
469330 -0.000001
469340 0.000007
469350 -0.000001
469360 0.000001
469370 0.000008
469380 0.000002
469390 0.000001
469400 0.000001
469410 0.000000
469420 -0.000002
469430 0.000001
469440 -0.000001
469450 0.000002
469460 -0.000002
469470 0.000098
469480 -0.000001
469490 -0.000005
469500 -0.000006
469510 -0.000006
469520 0.000002
469530 0.000000
469540 0.000000
469550 -0.000001
469560 0.000001
469570 -0.000000
469580 0.000003
469590 0.000000
469600 0.000001
469610 0.000001
469620 -0.000001
469630 -0.000001
469640 -0.000003
469650 -0.000002
469660 -0.000002
469670 -0.000002
469680 0.000001
469690 -0.000003
469700 -0.000002
469710 -0.000001
469720 0.000001
469730 0.000003
469740 -0.000000
469750 -0.000001
469760 -0.000003
469770 -0.000002
469780 0.000001
469790 0.000004
469800 0.000002
469810 0.000010
469820 -0.000003
469830 -0.000001
469840 -0.000046
469850 0.000003
469860 0.000000
469870 -0.000002
469880 0.000003
469890 0.000054
469900 -0.000001
469910 0.000002
469920 0.000004
469930 0.000000
469940 -0.000002
469950 -0.000003
469960 0.000001
469970 -0.000011
469980 0.000003
469990 -0.000000
470000 0.000001
470010 -0.000000
470020 -0.000001
470030 -0.000001
470040 -0.000002
470050 0.000002
470060 0.000003
470070 0.000006
470080 -0.000001
470090 -0.000005
470100 0.000004
470110 -0.000004
470120 -0.000001
470130 0.000005
470140 -0.000003
470150 -0.000000
470160 0.000002
470170 -0.000001
470180 -0.000006
470190 0.000004
470200 -0.000000
470210 0.000001
470220 0.000005
470230 -0.000014
470240 -0.000002
470250 0.000006
470260 0.000004
470270 -0.000000
470280 -0.000000
470290 0.000000
470300 -0.000000
470310 -0.000008
470320 0.000027
470330 -0.000000
470340 -0.000173
470350 -0.000000
470360 0.000006
470370 -0.000006
470380 0.000005
470390 0.000001
470400 0.000003
470410 0.000005
470420 0.000029
470430 -0.000002
470440 -0.000004
470450 -0.000001
470460 0.000001
470470 -0.000004
470480 -0.000003
470490 -0.000001
470500 0.000004
470510 -0.000000
470520 -0.000001
470530 0.000001
470540 -0.000003
470550 0.000001
470560 -0.000002
470570 0.000003
470580 0.000004
470590 0.000005
470600 0.000001
470610 0.000017
470620 -0.000001
470630 0.000000
470640 0.000004
470650 -0.000002
470660 -0.000002
470670 0.000001
470680 0.000002
470690 -0.000001
470700 -0.000000
470710 0.000004
470720 -0.000001
470730 -0.000001
470740 0.000000
470750 0.000001
470760 0.000003
470770 0.000006
470780 0.000001
470790 0.000003
470800 0.000000
470810 -0.000006
470820 0.000001
470830 0.000002
470840 0.000002
470850 -0.000000
470860 -0.000005
470870 -0.000003
470880 0.000001
470890 -0.000011
470900 0.000003
470910 -0.000003
470920 0.000000
470930 -0.000006
470940 0.000000
470950 0.000001
470960 0.000001
470970 -0.000004
470980 0.000000
470990 0.000003
471000 -0.000001
471010 -0.000001
471020 -0.000002
471030 0.000000
471040 -0.000019
471050 -0.000000
471060 -0.000004
471070 -0.000006
471080 0.000032
471090 -0.000004
471100 0.000002
471110 0.000002
471120 0.000001
471130 -0.000002
471140 0.000002
471150 0.000003
471160 -0.000005
471170 -0.000002
471180 0.000009
471190 -0.000005
471200 0.000000
471210 0.000001
471220 -0.000001
471230 0.000001
471240 -0.000000
471250 -0.000005
471260 -0.000002
471270 -0.000002
471280 0.000002
471290 -0.000002
471300 0.000001
471310 0.000004
471320 -0.000001
471330 0.000002
471340 -0.000002
471350 0.000018
471360 -0.000001
471370 0.000002
471380 -0.000002
471390 0.000001
471400 -0.000006
471410 -0.000000
471420 0.000003
471430 0.000002
471440 -0.000004
471450 0.000003
471460 -0.000001
471470 0.000003
471480 -0.000000
471490 0.000001
471500 -0.000004
471510 -0.000003
471520 -0.000010
471530 -0.000004
471540 0.000001
471550 0.000002
471560 0.000001
471570 -0.000003
471580 -0.000002
471590 -0.000003
471600 0.000000
471610 0.000001
471620 -0.000005
471630 -0.000003
471640 0.000004
471650 -0.000001
471660 0.000000
471670 0.000003
471680 -0.000000
471690 -0.000003
471700 -0.000000
471710 -0.000002
471720 -0.000001
471730 -0.000003
471740 0.000016
471750 -0.000003
471760 0.000001
471770 0.000003
471780 0.000005
471790 0.000001
471800 -0.000001
471810 0.000004
471820 0.000001
471830 0.000007
471840 -0.000006
471850 -0.000004
471860 -0.000002
471870 0.000000
471880 -0.000003
471890 -0.000003
471900 -0.000001
471910 -0.000001
471920 -0.000003
471930 0.000000
471940 0.000003
471950 0.000001
471960 -0.000001
471970 0.000002
471980 0.000000
471990 0.000001
472000 0.000004
472010 0.000002
472020 -0.000000
472030 -0.000003
472040 -0.000001
472050 0.000001
472060 0.000001
472070 0.000002
472080 -0.000002
472090 0.000000
472100 0.000006
472110 -0.000001
472120 0.000003
472130 0.000005
472140 0.000003
472150 -0.000001
472160 0.000003
472170 -0.000003
472180 -0.000001
472190 0.000003
472200 -0.000001
472210 0.000006
472220 -0.000007
472230 -0.000003
472240 -0.000001
472250 -0.000002
472260 0.000000
472270 -0.000002
472280 -0.000001
472290 0.000004
472300 0.000001
472310 -0.000001
472320 0.000003
472330 -0.000004
472340 -0.000000
472350 0.000002
472360 0.000004
472370 0.000001
472380 0.000000
472390 0.000002
472400 -0.000000
472410 -0.000004
472420 -0.000001
472430 -0.000018
472440 -0.000008
472450 -0.000003
472460 0.000003
472470 0.000003
472480 0.000000
472490 0.000008
472500 0.000002
472510 -0.000004
472520 -0.000003
472530 0.000000
472540 -0.000001
472550 -0.000004
472560 0.000003
472570 -0.000004
472580 -0.000002
472590 -0.000003
472600 0.000000
472610 -0.000001
472620 0.000001
472630 -0.000003
472640 0.000004
472650 -0.000006
472660 -0.000001
472670 0.000001
472680 -0.000002
472690 -0.000001
472700 0.000000
472710 -0.000000
472720 0.000002
472730 0.000003
472740 -0.000005
472750 -0.000002
472760 0.000000
472770 -0.000001
472780 -0.000005
472790 -0.000001
472800 0.000004
472810 0.000006
472820 0.000003
472830 0.000002
472840 0.000009
472850 -0.000003
472860 0.000001
472870 0.000001
472880 -0.000004
472890 0.000003
472900 -0.000001
472910 -0.000000
472920 -0.000000
472930 -0.000002
472940 0.000001
472950 -0.000005
472960 -0.000001
472970 -0.000003
472980 0.000002
472990 -0.000003
473000 -0.000002
473010 -0.000001
473020 0.000000
473030 -0.000001
473040 0.000007
473050 -0.000003
473060 -0.000003
473070 0.000001
473080 0.000006
473090 -0.000004
473100 -0.000004
473110 0.000003
473120 -0.000002
473130 0.000024
473140 0.000005
473150 0.000004
473160 0.000001
473170 -0.000001
473180 -0.000002
473190 -0.000002
473200 0.000000
473210 -0.000002
473220 0.000001
473230 0.000004
473240 -0.000001
473250 0.000004
473260 0.000004
473270 0.000000
473280 0.000002
473290 0.000003
473300 0.000000
473310 -0.000003
473320 0.000001
473330 -0.000000
473340 -0.000002
473350 -0.000000
473360 0.000005
473370 0.000001
473380 0.000002
473390 -0.000001
473400 -0.000000
473410 -0.000003
473420 0.000004
473430 0.000003
473440 0.000015
473450 0.000003
473460 0.000004
473470 0.000002
473480 0.000006
473490 0.000005
473500 0.000002
473510 0.000004
473520 0.000002
473530 0.000001
473540 -0.000000
473550 -0.000000
473560 0.000005
473570 -0.000028
473580 -0.000001
473590 0.000002
473600 -0.000001
473610 0.000004
473620 0.000007
473630 -0.000004
473640 -0.000000
473650 -0.000001
473660 -0.000002
473670 -0.000012
473680 -0.000006
473690 0.000000
473700 0.000007
473710 0.000005
473720 -0.000002
473730 -0.000003
473740 -0.000001
473750 -0.000001
473760 0.000008
473770 0.000008
473780 0.000004
473790 0.000000
473800 0.000003
473810 -0.000002
473820 0.000006
473830 0.000001
473840 0.000005
473850 0.000001
473860 -0.000000
473870 0.000002
473880 0.000002
473890 0.000003
473900 -0.000002
473910 0.000001
473920 -0.000001
473930 0.000000
473940 -0.000004
473950 -0.000001
473960 0.000003
473970 -0.000001
473980 -0.000000
473990 -0.000001
474000 -0.000001
474010 -0.000002
474020 0.000005
474030 0.000007
474040 -0.000002
474050 -0.000001
474060 0.000000
474070 -0.000000
474080 -0.000003
474090 0.000006
474100 0.000001
474110 -0.000002
474120 0.000001
474130 0.000002
474140 0.000001
474150 -0.000002
474160 0.000002
474170 -0.000001
474180 -0.000005
474190 -0.000001
474200 -0.000001
474210 0.000004
474220 -0.000003
474230 0.000010
474240 -0.000003
474250 -0.000003
474260 0.000001
474270 0.000004
474280 0.000001
474290 0.000001
474300 -0.000003
474310 0.000001
474320 0.000005
474330 0.000001
474340 0.000003
474350 0.000004
474360 0.000004
474370 0.000000
474380 0.000004
474390 0.000002
474400 0.000002
474410 0.000013
474420 -0.000026
474430 -0.000001
474440 -0.000005
474450 0.000002
474460 -0.000002
474470 -0.000004
474480 0.000020
474490 -0.000001
474500 0.000002
474510 0.000002
474520 0.000001
474530 -0.000002
474540 0.000000
474550 0.000003
474560 -0.000002
474570 -0.000005
474580 0.000002
474590 -0.000001
474600 0.000001
474610 -0.000000
474620 -0.000003
474630 -0.000004
474640 -0.000001
474650 -0.000002
474660 0.000002
474670 0.000001
474680 0.000001
474690 0.000016
474700 -0.000001
474710 -0.000005
474720 -0.000001
474730 -0.000001
474740 0.000015
474750 0.000003
474760 -0.000002
474770 -0.000002
474780 0.000002
474790 0.000000
474800 0.000001
474810 0.000003
474820 -0.000002
474830 -0.000002
474840 -0.000003
474850 -0.000002
474860 0.000008
474870 0.000003
474880 -0.000003
474890 0.000000
474900 -0.000002
474910 -0.000003
474920 0.000001
474930 -0.000001
474940 0.000003
474950 -0.000003
474960 -0.000001
474970 0.000001
474980 -0.000006
474990 0.000002
475000 0.000003
475010 -0.000003
475020 0.000006
475030 0.000002
475040 0.000002
475050 -0.000002
475060 -0.000006
475070 0.000037
475080 -0.000001
475090 0.000000
475100 0.000003
475110 0.000002
475120 0.000000
475130 -0.000002
475140 -0.000001
475150 -0.000000
475160 0.000110
475170 -0.000001
475180 0.000003
475190 -0.000004
475200 -0.000001
475210 -0.000000
475220 -0.000002
475230 -0.000000
475240 0.000001
475250 -0.000003
475260 -0.000001
475270 -0.000000
475280 -0.000002
475290 0.000003
475300 0.000001
475310 0.000001
475320 -0.000003
475330 0.000003
475340 0.000004
475350 -0.000001
475360 0.000007
475370 0.000003
475380 0.000003
475390 0.000001
475400 -0.000007
475410 -0.000003
475420 0.000003
475430 -0.000001
475440 -0.000002
475450 -0.000007
475460 -0.000001
475470 0.000002
475480 0.000002
475490 0.000002
475500 -0.000001
475510 0.000000
475520 0.000001
475530 0.000002
475540 0.000001
475550 0.000001
475560 0.000001
475570 -0.000002
475580 0.000008
475590 0.000002
475600 0.000005
475610 0.000001
475620 -0.000003
475630 0.000006
475640 0.000000
475650 0.000002
475660 -0.000003
475670 0.000001
475680 -0.000001
475690 0.000004
475700 -0.000001
475710 0.000002
475720 -0.000002
475730 0.000001
475740 0.000002
475750 0.000007
475760 0.000003
475770 0.000004
475780 0.000006
475790 0.000007
475800 0.000009
475810 -0.000001
475820 0.000001
475830 0.000004
475840 0.000003
475850 0.000007
475860 -0.000001
475870 0.000002
475880 -0.000002
475890 0.000001
475900 0.000008
475910 0.000004
475920 0.000001
475930 0.000003
475940 0.000003
475950 0.000062
475960 -0.000001
475970 0.000002
475980 -0.000001
475990 -0.000000
476000 0.000001
476010 -0.000001
476020 0.000000
476030 0.000002
476040 0.000001
476050 -0.000001
476060 0.000002
476070 -0.000004
476080 0.000001
476090 -0.000001
476100 -0.000001
476110 0.000000
476120 0.000004
476130 -0.000001
476140 0.000006
476150 -0.000003
476160 -0.000001
476170 0.000000
476180 0.000002
476190 -0.000002
476200 -0.000009
476210 0.000007
476220 -0.000001
476230 -0.000001
476240 -0.000007
476250 0.000002
476260 -0.000001
476270 0.000001
476280 -0.000001
476290 0.000004
476300 0.000010
476310 0.000287
476320 -0.000005
476330 0.000031
476340 0.000009
476350 -0.000007
476360 0.000004
476370 -0.000002
476380 0.000000
476390 0.000005
476400 0.000006
476410 0.000002
476420 -0.000005
476430 -0.000011
476440 -0.000001
476450 0.000001
476460 -0.000015
476470 -0.000005
476480 -0.000001
476490 -0.000002
476500 -0.000002
476510 0.000001
476520 0.000009
476530 -0.000001
476540 -0.000001
476550 -0.000000
476560 -0.000002
476570 0.000001
476580 -0.000000
476590 0.000000
476600 0.000007
476610 0.000002
476620 -0.000002
476630 0.000001
476640 -0.000002
476650 -0.000001
476660 0.000001
476670 0.000005
476680 -0.000011
476690 -0.000001
476700 -0.000002
476710 0.000008
476720 -0.000003
476730 0.000002
476740 0.000001
476750 0.000001
476760 -0.000002
476770 0.000004
476780 -0.000004
476790 -0.000001
476800 -0.000000
476810 0.000002
476820 0.000002
476830 0.000007
476840 -0.000001
476850 -0.000006
476860 0.000002
476870 -0.000000
476880 0.000000
476890 0.000001
476900 -0.000004
476910 -0.000005
476920 -0.000001
476930 0.000000
476940 0.000001
476950 0.000006
476960 -0.000003
476970 -0.000000
476980 -0.000001
476990 0.000017
477000 -0.000000
477010 -0.000002
477020 -0.000012
477030 0.000003
477040 0.000002
477050 -0.000002
477060 0.000001
477070 0.000002
477080 0.000002
477090 0.000002
477100 0.000001
477110 0.000005
477120 0.000000
477130 0.000002
477140 0.000001
477150 0.000000
477160 0.000008
477170 -0.000002
477180 0.000003
477190 0.000026
477200 -0.000003
477210 0.000004
477220 -0.000002
477230 -0.000002
477240 -0.000001
477250 -0.000003
477260 -0.000002
477270 0.000000
477280 -0.000000
477290 0.000002
477300 -0.000000
477310 -0.000001
477320 -0.000022
477330 -0.000001
477340 -0.000004
477350 -0.000001
477360 0.000001
477370 -0.000004
477380 -0.000001
477390 -0.000002
477400 0.000005
477410 -0.000002
477420 0.000000
477430 -0.000004
477440 -0.000001
477450 0.000000
477460 0.000009
477470 -0.000002
477480 -0.000001
477490 -0.000000
477500 -0.000000
477510 0.000001
477520 0.000004
477530 -0.000002
477540 -0.000008
477550 -0.000003
477560 -0.000001
477570 -0.000003
477580 0.000003
477590 0.000005
477600 -0.000008
477610 -0.000000
477620 0.000001
477630 0.000008
477640 -0.000001
477650 0.000000
477660 0.000001
477670 0.000001
477680 -0.000001
477690 0.000008
477700 0.000002
477710 -0.000004
477720 -0.000003
477730 -0.000001
477740 0.000001
477750 -0.000007
477760 0.000002
477770 0.000001
477780 -0.000007
477790 -0.000000
477800 -0.000003
477810 0.000002
477820 -0.000022
477830 0.000000
477840 -0.000006
477850 -0.000005
477860 -0.000002
477870 0.000001
477880 0.000002
477890 -0.000000
477900 0.000001
477910 -0.000001
477920 -0.000015
477930 0.000004
477940 -0.000000
477950 -0.000002
477960 -0.000004
477970 0.000006
477980 -0.000001
477990 -0.000006
478000 -0.000001
478010 -0.000003
478020 0.000004
478030 0.000001
478040 -0.000002
478050 -0.000008
478060 -0.000001
478070 -0.000007
478080 0.000007
478090 -0.000001
478100 0.000001
478110 -0.000001
478120 0.000000
478130 0.000000
478140 0.000002
478150 0.000004
478160 -0.000004
478170 0.000002
478180 0.000004
478190 0.000001
478200 -0.000001
478210 0.000001
478220 -0.000003
478230 0.000003
478240 0.000002
478250 0.000000
478260 0.000003
478270 0.000001
478280 -0.000003
478290 -0.000002
478300 0.000001
478310 0.000001
478320 -0.000000
478330 -0.000000
478340 0.000005
478350 -0.000000
478360 -0.000005
478370 -0.000000
478380 -0.000000
478390 0.000001
478400 0.000004
478410 0.000001
478420 -0.000022
478430 -0.000001
478440 0.000001
478450 -0.000001
478460 -0.000001
478470 -0.000002
478480 -0.000002
478490 0.000002
478500 -0.000001
478510 0.000000
478520 -0.000001
478530 -0.000001
478540 -0.000000
478550 -0.000001
478560 -0.000003
478570 -0.000002
478580 0.000012
478590 0.000006
478600 -0.000001
478610 -0.000001
478620 -0.000002
478630 -0.000002
478640 0.000002
478650 -0.000001
478660 -0.000001
478670 0.000001
478680 0.000003
478690 -0.000005
478700 0.000002
478710 -0.000003
478720 0.000002
478730 0.000002
478740 -0.000006
478750 0.000008
478760 0.000001
478770 0.000001
478780 0.000001
478790 -0.000001
478800 0.000002
478810 -0.000009
478820 0.000001
478830 -0.000001
478840 0.000005
478850 0.000001
478860 -0.000001
478870 0.000001
478880 -0.000001
478890 0.000001
478900 -0.000000
478910 -0.000006
478920 0.000000
478930 0.000003
478940 -0.000001
478950 0.000001
478960 -0.000000
478970 0.000009
478980 -0.000001
478990 0.000003
479000 0.000001
479010 0.000004
479020 0.000003
479030 0.000002
479040 -0.000007
479050 0.000002
479060 -0.000002
479070 0.000007
479080 0.000001
479090 0.000005
479100 -0.000001
479110 -0.000007
479120 -0.000001
479130 0.000000
479140 -0.000002
479150 0.000000
479160 0.000003
479170 0.000002
479180 0.000006
479190 0.000002
479200 -0.000004
479210 -0.000004
479220 0.000001
479230 0.000001
479240 -0.000001
479250 -0.000001
479260 0.000002
479270 -0.000001
479280 -0.000001
479290 -0.000003
479300 -0.000002
479310 0.000010
479320 0.000010
479330 -0.000003
479340 0.000002
479350 0.000004
479360 -0.000001
479370 0.000002
479380 -0.000002
479390 0.000000
479400 -0.000001
479410 0.000002
479420 -0.000000
479430 0.000003
479440 -0.000002
479450 -0.000004
479460 0.000001
479470 -0.000000
479480 -0.000002
479490 0.000002
479500 0.000004
479510 0.000004
479520 0.000005
479530 -0.000004
479540 -0.000006
479550 0.000005
479560 0.000002
479570 -0.000002
479580 -0.000003
479590 0.000000
479600 0.000004
479610 0.000004
479620 0.000004
479630 -0.000001
479640 0.000001
479650 -0.000001
479660 0.000009
479670 -0.000005
479680 -0.000001
479690 -0.000012
479700 0.000001
479710 -0.000004
479720 0.000005
479730 -0.000004
479740 0.000000
479750 0.000003
479760 -0.000001
479770 -0.000008
479780 0.000003
479790 -0.000002
479800 -0.000003
479810 0.000002
479820 0.000001
479830 -0.000003
479840 -0.000006
479850 0.000002
479860 0.000001
479870 0.000001
479880 -0.000005
479890 0.000001
479900 -0.000003
479910 -0.000005
479920 0.000004
479930 -0.000005
479940 -0.000001
479950 0.000001
479960 0.000000
479970 -0.000002
479980 -0.000001
479990 0.000001
480000 0.000000
480010 0.000001
480020 -0.000002
480030 -0.000003
480040 -0.000004
480050 0.000001
480060 0.000000
480070 -0.000001
480080 -0.000006
480090 -0.000008
480100 -0.000001
480110 -0.000001
480120 0.000001
480130 0.000002
480140 -0.000001
480150 0.000001
480160 -0.000000
480170 0.000001
480180 0.000004
480190 -0.000000
480200 -0.000001
480210 -0.000004
480220 0.000001
480230 0.000010
480240 0.000002
480250 -0.000000
480260 -0.000007
480270 0.000000
480280 -0.000001
480290 0.000002
480300 0.000002
480310 -0.000002
480320 -0.000002
480330 -0.000004
480340 -0.000001
480350 0.000001
480360 0.000000
480370 -0.000002
480380 -0.000001
480390 0.000002
480400 0.000004
480410 0.000005
480420 -0.000006
480430 0.000001
480440 0.000006
480450 -0.000002
480460 0.000001
480470 0.000002
480480 0.000003
480490 -0.000000
480500 0.000002
480510 0.000006
480520 0.000003
480530 0.000000
480540 0.000001
480550 0.000001
480560 0.000006
480570 0.000000
480580 -0.000001
480590 -0.000002
480600 -0.000003
480610 -0.000004
480620 0.000001
480630 0.000003
480640 -0.000001
480650 0.000001
480660 0.000008
480670 -0.000004
480680 -0.000001
480690 -0.000001
480700 -0.000002
480710 0.000001
480720 -0.000001
480730 0.000000
480740 -0.000001
480750 0.000002
480760 -0.000004
480770 -0.000001
480780 0.000003
480790 0.000005
480800 0.000001
480810 -0.000002
480820 0.000002
480830 0.000001
480840 -0.000008
480850 0.000001
480860 -0.000001
480870 0.000009
480880 -0.000000
480890 0.000000
480900 -0.000006
480910 -0.000000
480920 -0.000003
480930 -0.000004
480940 0.000000
480950 0.000003
480960 0.000000
480970 -0.000000
480980 0.000002
480990 -0.000000
481000 0.000003
481010 0.000004
481020 -0.000003
481030 -0.000003
481040 -0.000000
481050 -0.000001
481060 0.000003
481070 -0.000001
481080 0.000001
481090 0.000002
481100 0.000001
481110 -0.000002
481120 0.000002
481130 0.000001
481140 0.000003
481150 -0.000001
481160 0.000001
481170 0.000004
481180 0.000038
481190 0.000003
481200 0.000004
481210 -0.000062
481220 0.000125
481230 -0.000002
481240 0.000003
481250 -0.000003
481260 0.000007
481270 0.000005
481280 -0.000003
481290 -0.000001
481300 -0.000003
481310 -0.000001
481320 -0.000010
481330 0.000001
481340 -0.000003
481350 0.000007
481360 0.000004
481370 0.000004
481380 0.000004
481390 -0.000001
481400 0.000004
481410 -0.000003
481420 0.000003
481430 0.000003
481440 0.000002
481450 0.000006
481460 -0.000001
481470 0.000001
481480 -0.000001
481490 -0.000001
481500 -0.000002
481510 0.000000
481520 -0.000003
481530 0.000001
481540 -0.000000
481550 0.000001
481560 -0.000101
481570 0.000002
481580 -0.000003
481590 -0.000001
481600 0.000001
481610 0.000001
481620 -0.000003
481630 0.000004
481640 -0.000003
481650 0.000003
481660 0.000003
481670 -0.000003
481680 -0.000006
481690 0.000001
481700 0.000001
481710 -0.000001
481720 0.000004
481730 0.000280
481740 -0.000002
481750 -0.000007
481760 0.000002
481770 0.000001
481780 -0.000000
481790 0.000004
481800 0.000000
481810 0.000001
481820 -0.000003
481830 0.000003
481840 -0.000021
481850 0.000002
481860 -0.000003
481870 -0.000000
481880 -0.000000
481890 -0.000003
481900 0.000001
481910 0.000001
481920 -0.000002
481930 0.000000
481940 -0.000014
481950 0.000003
481960 -0.000001
481970 0.000004
481980 0.000000
481990 -0.000001
482000 -0.000002
482010 -0.000008
482020 0.000001
482030 0.000002
482040 0.000002
482050 -0.000003
482060 -0.000001
482070 -0.000003
482080 0.000000
482090 -0.000006
482100 0.000002
482110 0.000000
482120 -0.000000
482130 0.000005
482140 0.000001
482150 0.000000
482160 0.000001
482170 0.000001
482180 -0.000002
482190 -0.000001
482200 -0.000004
482210 0.000001
482220 -0.000002
482230 -0.000001
482240 0.000000
482250 -0.000015
482260 0.000044
482270 -0.000004
482280 0.000005
482290 -0.000000
482300 -0.000001
482310 -0.000001
482320 -0.000001
482330 0.000000
482340 -0.000001
482350 -0.000006
482360 -0.000001
482370 0.000002
482380 -0.000003
482390 -0.000001
482400 -0.000001
482410 0.000001
482420 0.000003
482430 0.000000
482440 0.000002
482450 -0.000001
482460 -0.000000
482470 -0.000001
482480 -0.000005
482490 -0.000002
482500 0.000109
482510 -0.000001
482520 0.000021
482530 0.000001
482540 -0.000007
482550 -0.000003
482560 0.000001
482570 0.000001
482580 0.000001
482590 -0.000001
482600 0.000000
482610 -0.000002
482620 -0.000001
482630 -0.000000
482640 -0.000001
482650 0.000001
482660 0.000006
482670 -0.000006
482680 -0.000000
482690 0.000001
482700 -0.000010
482710 -0.000002
482720 0.000002
482730 -0.000001
482740 0.000002
482750 0.000002
482760 -0.000001
482770 -0.000002
482780 0.000002
482790 -0.000000
482800 0.000001
482810 -0.000002
482820 -0.000006
482830 0.000003
482840 -0.000007
482850 0.000003
482860 -0.000002
482870 0.000001
482880 0.000001
482890 0.000001
482900 0.000002
482910 0.000000
482920 -0.000001
482930 -0.000003
482940 -0.000001
482950 -0.000005
482960 -0.000001
482970 -0.000000
482980 0.000002
482990 0.000001
483000 -0.000005
483010 -0.000001
483020 0.000001
483030 0.000002
483040 -0.000000
483050 0.000002
483060 -0.000001
483070 0.000002
483080 -0.000001
483090 0.000007
483100 0.000012
483110 0.000000
483120 0.000001
483130 -0.000003
483140 0.000006
483150 0.000001
483160 -0.000002
483170 -0.000001
483180 0.000002
483190 -0.000001
483200 -0.000001
483210 -0.000003
483220 0.000002
483230 -0.000001
483240 -0.000001
483250 -0.000001
483260 -0.000004
483270 0.000006
483280 -0.000001
483290 -0.000002
483300 -0.000001
483310 -0.000001
483320 -0.000001
483330 -0.000002
483340 -0.000003
483350 0.000001
483360 0.000003
483370 -0.000004
483380 0.000007
483390 0.000004
483400 -0.000015
483410 0.000001
483420 0.000001
483430 0.000003
483440 0.000002
483450 -0.000001
483460 -0.000001
483470 0.000008
483480 -0.000003
483490 0.000003
483500 -0.000001
483510 0.000001
483520 -0.000005
483530 0.000000
483540 -0.000001
483550 -0.000002
483560 -0.000000
483570 -0.000002
483580 -0.000002
483590 -0.000000
483600 0.000001
483610 -0.000001
483620 -0.000002
483630 0.000001
483640 -0.000000
483650 0.000007
483660 0.000004
483670 0.000001
483680 -0.000003
483690 -0.000001
483700 0.000003
483710 0.000001
483720 0.000003
483730 -0.000002
483740 0.000000
483750 -0.000005
483760 0.000002
483770 0.000005
483780 -0.000002
483790 -0.000004
483800 -0.000001
483810 -0.000002
483820 -0.000003
483830 0.000003
483840 -0.000001
483850 0.000004
483860 0.000001
483870 -0.000003
483880 -0.000011
483890 -0.000000
483900 0.000000
483910 -0.000006
483920 -0.000001
483930 -0.000001
483940 -0.000006
483950 -0.000008
483960 -0.000003
483970 -0.000005
483980 0.000000
483990 -0.000003
484000 -0.000006
484010 -0.000002
484020 -0.000004
484030 0.000004
484040 -0.000004
484050 -0.000002
484060 -0.000001
484070 0.000000
484080 0.000004
484090 0.000001
484100 0.000004
484110 -0.000001
484120 0.000001
484130 -0.000001
484140 0.000002
484150 -0.000001
484160 0.000003
484170 0.000001
484180 0.000001
484190 0.000001
484200 0.000003
484210 0.000004
484220 0.000001
484230 0.000018
484240 -0.000006
484250 0.000004
484260 -0.000003
484270 -0.000003
484280 -0.000007
484290 -0.000000
484300 -0.000001
484310 -0.000001
484320 0.000001
484330 0.000002
484340 -0.000001
484350 -0.000003
484360 -0.000001
484370 -0.000001
484380 -0.000002
484390 -0.000002
484400 -0.000001
484410 0.000002
484420 -0.000002
484430 -0.000003
484440 0.000003
484450 0.000003
484460 -0.000000
484470 0.000005
484480 0.000002
484490 0.000001
484500 0.000000
484510 0.000000
484520 0.000000
484530 -0.000002
484540 0.000004
484550 -0.000000
484560 0.000001
484570 0.000001
484580 -0.000000
484590 0.000003
484600 0.000001
484610 -0.000009
484620 0.000002
484630 -0.000002
484640 -0.000001
484650 0.000022
484660 0.000002
484670 -0.000003
484680 -0.000003
484690 0.000006
484700 -0.000003
484710 0.000002
484720 -0.000000
484730 0.000003
484740 -0.000001
484750 -0.000002
484760 0.000004
484770 0.000003
484780 -0.000002
484790 -0.000005
484800 -0.000004
484810 0.000002
484820 0.000004
484830 -0.000002
484840 0.000000
484850 0.000008
484860 0.000004
484870 -0.000004
484880 -0.000014
484890 0.000001
484900 0.000003
484910 -0.000001
484920 -0.000000
484930 0.000001
484940 -0.000002
484950 -0.000000
484960 0.000001
484970 -0.000001
484980 -0.000001
484990 0.000003
485000 0.000001
485010 0.000001
485020 -0.000004
485030 0.000000
485040 0.000003
485050 0.000002
485060 0.000002
485070 -0.000004
485080 -0.000000
485090 -0.000001
485100 0.000002
485110 0.000000
485120 0.000000
485130 0.000006
485140 0.000001
485150 0.000000
485160 0.000031
485170 0.000003
485180 -0.000002
485190 0.000005
485200 0.000000
485210 -0.000002
485220 0.000002
485230 -0.000001
485240 0.000001
485250 0.000001
485260 0.000001
485270 -0.000002
485280 0.000001
485290 -0.000004
485300 -0.000006
485310 -0.000001
485320 0.000002
485330 0.000003
485340 0.000027
485350 0.000002
485360 -0.000006
485370 -0.000001
485380 -0.000008
485390 -0.000001
485400 0.000002
485410 -0.000001
485420 -0.000000
485430 -0.000002
485440 -0.000007
485450 0.000001
485460 -0.000000
485470 -0.000000
485480 0.000000
485490 -0.000002
485500 -0.000001
485510 -0.000001
485520 0.000002
485530 0.000000
485540 0.000001
485550 0.000002
485560 -0.000002
485570 0.000002
485580 0.000001
485590 0.000004
485600 -0.000003
485610 0.000001
485620 0.000000
485630 0.000002
485640 0.000004
485650 -0.000000
485660 0.000004
485670 0.000004
485680 -0.000003
485690 -0.000003
485700 0.000002
485710 0.000032
485720 0.000003
485730 -0.000001
485740 0.000002
485750 0.000004
485760 0.000001
485770 -0.000002
485780 -0.000002
485790 0.000001
485800 -0.000005
485810 -0.000000
485820 0.000003
485830 -0.000002
485840 0.000000
485850 0.000004
485860 0.000001
485870 -0.000024
485880 -0.000002
485890 -0.000000
485900 0.000000
485910 -0.000003
485920 -0.000000
485930 -0.000001
485940 -0.000000
485950 0.000001
485960 0.000002
485970 0.000004
485980 -0.000002
485990 0.000001
486000 -0.000014
486010 0.000003
486020 0.000005
486030 0.000003
486040 -0.000001
486050 0.000001
486060 -0.000004
486070 -0.000001
486080 -0.000001
486090 0.000001
486100 -0.000001
486110 -0.000001
486120 -0.000001
486130 -0.000005
486140 -0.000005
486150 0.000001
486160 -0.000002
486170 -0.000004
486180 0.000001
486190 0.000004
486200 0.000000
486210 0.000001
486220 -0.000003
486230 -0.000000
486240 -0.000003
486250 -0.000001
486260 -0.000001
486270 0.000002
486280 0.000001
486290 -0.000001
486300 -0.000001
486310 0.000001
486320 0.000001
486330 -0.000001
486340 0.000005
486350 -0.000001
486360 -0.000002
486370 0.000002
486380 -0.000001
486390 -0.000005
486400 -0.000001
486410 -0.000002
486420 -0.000001
486430 -0.000008
486440 -0.000000
486450 0.000003
486460 0.000003
486470 0.000000
486480 0.000001
486490 -0.000001
486500 -0.000001
486510 0.000003
486520 0.000002
486530 -0.000006
486540 -0.000002
486550 0.000002
486560 0.000005
486570 0.000006
486580 -0.000004
486590 0.000008
486600 0.000000
486610 -0.000005
486620 0.000002
486630 -0.000004
486640 0.000000
486650 0.000002
486660 0.000001
486670 0.000000
486680 0.000000
486690 0.000000
486700 -0.000032
486710 -0.000004
486720 -0.000003
486730 -0.000002
486740 0.000002
486750 -0.000001
486760 -0.000000
486770 -0.000003
486780 -0.000002
486790 0.000001
486800 -0.000001
486810 -0.000001
486820 0.000000
486830 0.000003
486840 0.000003
486850 0.000007
486860 -0.000003
486870 0.000001
486880 0.000000
486890 -0.000005
486900 -0.000000
486910 0.000002
486920 -0.000000
486930 0.000020
486940 0.000002
486950 -0.000000
486960 0.000002
486970 -0.000000
486980 0.000000
486990 -0.000001
487000 -0.000001
487010 -0.000004
487020 0.000000
487030 0.000002
487040 -0.000002
487050 0.000005
487060 0.000004
487070 0.000001
487080 0.000000
487090 -0.000021
487100 -0.000000
487110 0.000000
487120 -0.000001
487130 0.000005
487140 0.000003
487150 0.000002
487160 0.000004
487170 -0.000002
487180 -0.000001
487190 0.000004
487200 -0.000000
487210 0.000001
487220 -0.000001
487230 -0.000004
487240 0.000003
487250 0.000002
487260 0.000000
487270 0.000000
487280 0.000002
487290 -0.000002
487300 -0.000001
487310 -0.000000
487320 0.000001
487330 -0.000002
487340 -0.000005
487350 -0.000042
487360 0.000003
487370 -0.000001
487380 0.000000
487390 -0.000001
487400 0.000001
487410 -0.000001
487420 0.000003
487430 0.000006
487440 0.000000
487450 0.000002
487460 0.000001
487470 0.000002
487480 -0.000001
487490 0.000001
487500 0.000001
487510 0.000001
487520 0.000004
487530 -0.000002
487540 0.000002
487550 -0.000001
487560 0.000001
487570 -0.000000
487580 -0.000002
487590 0.000001
487600 0.000000
487610 -0.000003
487620 0.000009
487630 -0.000074
487640 -0.000003
487650 0.000003
487660 -0.000003
487670 -0.000000
487680 -0.000003
487690 -0.000002
487700 -0.000000
487710 0.000013
487720 -0.000001
487730 -0.000009
487740 0.000001
487750 -0.000005
487760 0.000003
487770 -0.000003
487780 0.000002
487790 0.000005
487800 -0.000003
487810 0.000000
487820 0.000023
487830 0.000003
487840 -0.000001
487850 0.000000
487860 -0.000002
487870 -0.000001
487880 0.000001
487890 0.000000
487900 0.000001
487910 -0.000003
487920 -0.000000
487930 -0.000001
487940 -0.000001
487950 -0.000010
487960 -0.000000
487970 0.000001
487980 0.000004
487990 0.000001
488000 0.000003
488010 -0.000004
488020 -0.000001
488030 -0.000001
488040 -0.000003
488050 -0.000002
488060 0.000000
488070 0.000001
488080 0.000001
488090 0.000001
488100 -0.000001
488110 -0.000010
488120 0.000004
488130 -0.000005
488140 0.000004
488150 0.000005
488160 0.000001
488170 -0.000007
488180 0.000000
488190 -0.000004
488200 0.000004
488210 -0.000002
488220 -0.000005
488230 0.000008
488240 0.000000
488250 -0.000001
488260 0.000003
488270 0.000001
488280 -0.000001
488290 0.000004
488300 -0.000004
488310 0.000005
488320 0.000001
488330 0.000003
488340 0.000001
488350 -0.000001
488360 0.000001
488370 0.000005
488380 0.000002
488390 -0.000001
488400 -0.000006
488410 -0.000000
488420 -0.000000
488430 -0.000002
488440 0.000001
488450 0.000003
488460 0.000001
488470 -0.000004
488480 -0.000002
488490 0.000003
488500 -0.000002
488510 0.000001
488520 -0.000001
488530 0.000009
488540 0.000002
488550 -0.000002
488560 -0.000001
488570 -0.000001
488580 -0.000001
488590 0.000002
488600 -0.000003
488610 0.000001
488620 -0.000002
488630 -0.000001
488640 -0.000002
488650 0.000001
488660 0.000003
488670 0.000044
488680 0.000001
488690 -0.000004
488700 0.000000
488710 -0.000001
488720 0.000004
488730 0.000001
488740 -0.000014
488750 0.000026
488760 0.000004
488770 -0.000000
488780 -0.000004
488790 0.000001
488800 0.000001
488810 0.000059
488820 -0.000001
488830 0.000003
488840 0.000001
488850 0.000005
488860 0.000001
488870 0.000003
488880 -0.000001
488890 0.000001
488900 0.000006
488910 0.000002
488920 0.000007
488930 -0.000001
488940 0.000003
488950 -0.000001
488960 -0.000002
488970 -0.000002
488980 -0.000001
488990 0.000001
489000 -0.000001
489010 -0.000001
489020 0.000002
489030 -0.000005
489040 -0.000009
489050 0.000002
489060 0.000002
489070 -0.000006
489080 0.000003
489090 0.000003
489100 0.000002
489110 0.000002
489120 0.000001
489130 0.000001
489140 0.000067
489150 0.000002
489160 0.000001
489170 0.000001
489180 0.000003
489190 -0.000001
489200 -0.000002
489210 0.000001
489220 0.000004
489230 -0.000002
489240 0.000002
489250 -0.000001
489260 -0.000001
489270 0.000002
489280 0.000000
489290 -0.000004
489300 -0.000001
489310 0.000001
489320 0.000002
489330 -0.000001
489340 0.000003
489350 -0.000002
489360 0.000002
489370 -0.000001
489380 0.000002
489390 0.000001
489400 -0.000002
489410 -0.000008
489420 0.000005
489430 0.000001
489440 0.000003
489450 -0.000004
489460 0.000001
489470 -0.000003
489480 -0.000002
489490 0.000003
489500 0.000004
489510 -0.000004
489520 -0.000002
489530 0.000000
489540 0.000002
489550 0.000001
489560 0.000004
489570 -0.000003
489580 -0.000002
489590 -0.000000
489600 0.000002
489610 0.000002
489620 0.000005
489630 0.000001
489640 -0.000002
489650 -0.000001
489660 -0.000000
489670 0.000002
489680 0.000001
489690 0.000001
489700 0.000005
489710 0.000002
489720 -0.000009
489730 0.000002
489740 -0.000001
489750 0.000006
489760 -0.000001
489770 -0.000001
489780 -0.000004
489790 0.000003
489800 0.000004
489810 -0.000003
489820 0.000001
489830 0.000008
489840 -0.000004
489850 0.000000
489860 -0.000001
489870 0.000000
489880 -0.000001
489890 0.000001
489900 -0.000001
489910 -0.000002
489920 0.000003
489930 0.000002
489940 0.000002
489950 0.000001
489960 0.000001
489970 0.000000
489980 -0.000001
489990 -0.000002
490000 0.000000
490010 -0.000004
490020 0.000002
490030 0.000001
490040 0.000003
490050 0.000001
490060 0.000001
490070 -0.000001
490080 0.000002
490090 -0.000000
490100 -0.000002
490110 -0.000031
490120 -0.000001
490130 -0.000000
490140 0.000001
490150 -0.000001
490160 -0.000000
490170 0.000000
490180 -0.000003
490190 0.000001
490200 0.000008
490210 0.000004
490220 0.000002
490230 0.000001
490240 0.000002
490250 -0.000006
490260 0.000013
490270 -0.000002
490280 -0.000000
490290 -0.000001
490300 0.000025
490310 0.000004
490320 -0.000000
490330 0.000005
490340 -0.000000
490350 -0.000001
490360 0.000002
490370 0.000004
490380 -0.000003
490390 -0.000000
490400 0.000003
490410 0.000004
490420 -0.000000
490430 -0.000001
490440 -0.000005
490450 -0.000001
490460 0.000001
490470 0.000001
490480 0.000003
490490 0.000002
490500 0.000000
490510 -0.000000
490520 0.000003
490530 0.000003
490540 0.000003
490550 -0.000002
490560 0.000001
490570 0.000002
490580 -0.000000
490590 0.000003
490600 -0.000000
490610 0.000015
490620 -0.000004
490630 0.000003
490640 0.000001
490650 0.000001
490660 0.000000
490670 -0.000006
490680 0.000002
490690 -0.000001
490700 0.000001
490710 0.000015
490720 0.000005
490730 -0.000002
490740 -0.000000
490750 -0.000003
490760 -0.000000
490770 0.000002
490780 0.000001
490790 0.000003
490800 -0.000003
490810 -0.000000
490820 -0.000005
490830 0.000000
490840 -0.000002
490850 0.000004
490860 -0.000003
490870 -0.000005
490880 -0.000002
490890 -0.000002
490900 0.000003
490910 0.000001
490920 -0.000001
490930 0.000000
490940 -0.000000
490950 0.000000
490960 -0.000003
490970 0.000015
490980 0.000001
490990 0.000000
491000 -0.000004
491010 -0.000002
491020 -0.000002
491030 0.000000
491040 -0.000000
491050 0.000000
491060 0.000000
491070 -0.000001
491080 0.000000
491090 -0.000007
491100 0.000009
491110 0.000001
491120 -0.000003
491130 -0.000002
491140 -0.000003
491150 -0.000004
491160 0.000008
491170 -0.000004
491180 -0.000010
491190 0.000003
491200 -0.000003
491210 -0.000004
491220 0.000002
491230 0.000000
491240 0.000003
491250 -0.000001
491260 0.000000
491270 0.000001
491280 0.000008
491290 0.000001
491300 -0.000006
491310 0.000002
491320 -0.000001
491330 0.000005
491340 -0.000000
491350 0.000021
491360 0.000001
491370 0.000000
491380 -0.000007
491390 0.000001
491400 -0.000002
491410 -0.000004
491420 0.000005
491430 -0.000000
491440 0.000049
491450 -0.000000
491460 0.000001
491470 -0.000002
491480 -0.000010
491490 -0.000007
491500 0.000003
491510 -0.000001
491520 0.000000
491530 -0.000006
491540 -0.000005
491550 -0.000003
491560 0.000001
491570 -0.000006
491580 0.000004
491590 -0.000000
491600 -0.000000
491610 0.000001
491620 -0.000000
491630 0.000004
491640 0.000001
491650 -0.000001
491660 0.000008
491670 -0.000003
491680 0.000003
491690 0.000001
491700 -0.000008
491710 0.000003
491720 0.000005
491730 0.000001
491740 0.000065
491750 -0.000004
491760 0.000001
491770 0.000000
491780 0.000004
491790 0.000003
491800 0.000006
491810 -0.000004
491820 -0.000000
491830 0.000002
491840 0.000003
491850 0.000000
491860 0.000001
491870 -0.000002
491880 -0.000002
491890 0.000004
491900 0.000001
491910 -0.000001
491920 0.000003
491930 0.000000
491940 -0.000002
491950 0.000003
491960 -0.000002
491970 -0.000001
491980 -0.000003
491990 -0.000003
492000 0.000000
492010 -0.000000
492020 0.000007
492030 0.000001
492040 0.000001
492050 0.000004
492060 -0.000000
492070 -0.000002
492080 -0.000001
492090 0.000005
492100 0.000000
492110 0.000004
492120 -0.000001
492130 -0.000000
492140 0.000000
492150 -0.000000
492160 -0.000001
492170 -0.000001
492180 0.000005
492190 0.000001
492200 0.000001
492210 -0.000002
492220 -0.000002
492230 0.000003
492240 -0.000001
492250 0.000006
492260 -0.000001
492270 -0.000001
492280 0.000004
492290 0.000009
492300 0.000003
492310 0.000005
492320 -0.000002
492330 0.000001
492340 -0.000000
492350 -0.000004
492360 -0.000000
492370 0.000016
492380 0.000003
492390 -0.000002
492400 0.000002
492410 -0.000005
492420 0.000004
492430 0.000002
492440 -0.000001
492450 -0.000001
492460 -0.000000
492470 -0.000000
492480 -0.000001
492490 0.000003
492500 -0.000002
492510 -0.000001
492520 -0.000001
492530 -0.000000
492540 -0.000004
492550 0.000000
492560 -0.000001
492570 -0.000005
492580 0.000000
492590 0.000003
492600 0.000003
492610 -0.000002
492620 0.000001
492630 -0.000001
492640 0.000001
492650 0.000003
492660 -0.000000
492670 0.000000
492680 -0.000001
492690 0.000006
492700 -0.000003
492710 -0.000004
492720 -0.000005
492730 0.000002
492740 -0.000001
492750 0.000001
492760 0.000000
492770 0.000003
492780 -0.000003
492790 0.000000
492800 0.000001
492810 0.000000
492820 -0.000002
492830 0.000002
492840 -0.000001
492850 0.000000
492860 0.000000
492870 0.000007
492880 -0.000001
492890 -0.000004
492900 0.000000
492910 -0.000000
492920 0.000002
492930 0.000000
492940 -0.000001
492950 0.000001
492960 0.000002
492970 -0.000004
492980 0.000009
492990 -0.000000
493000 -0.000000
493010 0.000000
493020 0.000003
493030 -0.000001
493040 0.000002
493050 -0.000001
493060 -0.000005
493070 0.000001
493080 0.000002
493090 0.000003
493100 -0.000000
493110 -0.000001
493120 -0.000003
493130 0.000000
493140 0.000004
493150 -0.000000
493160 -0.000005
493170 -0.000006
493180 -0.000002
493190 -0.000008
493200 -0.000001
493210 -0.000004
493220 0.000012
493230 0.000002
493240 -0.000001
493250 0.000001
493260 -0.000002
493270 0.000002
493280 0.000004
493290 0.000001
493300 0.000002
493310 -0.000004
493320 0.000006
493330 0.000001
493340 -0.000000
493350 0.000002
493360 0.000003
493370 -0.000002
493380 0.000004
493390 0.000002
493400 -0.000002
493410 -0.000035
493420 -0.000000
493430 -0.000003
493440 -0.000005
493450 0.000002
493460 -0.000010
493470 0.000005
493480 0.000001
493490 0.000002
493500 -0.000001
493510 0.000001
493520 -0.000001
493530 -0.000001
493540 0.000001
493550 -0.000003
493560 0.000003
493570 -0.000001
493580 -0.000001
493590 0.000001
493600 0.000003
493610 0.000008
493620 0.000007
493630 0.000000
493640 0.000002
493650 0.000001
493660 0.000000
493670 0.000001
493680 -0.000002
493690 -0.000006
493700 -0.000001
493710 0.000001
493720 -0.000006
493730 0.000003
493740 0.000005
493750 -0.000000
493760 -0.000001
493770 0.000000
493780 0.000002
493790 0.000001
493800 -0.000003
493810 -0.000004
493820 0.000003
493830 -0.000002
493840 -0.000000
493850 0.000003
493860 -0.000005
493870 -0.000003
493880 0.000005
493890 0.000003
493900 -0.000000
493910 0.000001
493920 0.000001
493930 0.000002
493940 -0.000002
493950 -0.000004
493960 0.000001
493970 -0.000005
493980 0.000002
493990 0.000000
494000 -0.000000
494010 -0.000000
494020 -0.000000
494030 0.000002
494040 0.000000
494050 0.000000
494060 0.000004
494070 0.000000
494080 0.000001
494090 0.000001
494100 -0.000002
494110 0.000000
494120 -0.000002
494130 0.000002
494140 0.000000
494150 -0.000007
494160 -0.000001
494170 0.000002
494180 -0.000000
494190 0.000013
494200 -0.000004
494210 0.000001
494220 -0.000000
494230 0.000000
494240 0.000000
494250 0.000001
494260 0.000000
494270 0.000000
494280 0.000000
494290 -0.000004
494300 0.000001
494310 -0.000001
494320 0.000004
494330 0.000003
494340 0.000001
494350 0.000004
494360 -0.000001
494370 -0.000010
494380 0.000001
494390 0.000000
494400 -0.000002
494410 0.000001
494420 0.000002
494430 -0.000002
494440 0.000003
494450 0.000006
494460 -0.000003
494470 -0.000000
494480 0.000002
494490 -0.000005
494500 -0.000002
494510 0.000001
494520 -0.000003
494530 0.000030
494540 -0.000005
494550 -0.000007
494560 0.000000
494570 0.000000
494580 0.000003
494590 0.000008
494600 0.000005
494610 -0.000039
494620 -0.000000
494630 0.000004
494640 -0.000004
494650 0.000173
494660 -0.000001
494670 0.000003
494680 -0.000002
494690 0.000001
494700 -0.000000
494710 -0.000001
494720 -0.000001
494730 0.000002
494740 -0.000000
494750 -0.000001
494760 0.000001
494770 0.000000
494780 -0.000007
494790 -0.000002
494800 0.000003
494810 0.000001
494820 -0.000007
494830 0.000010
494840 -0.000002
494850 -0.000002
494860 -0.000003
494870 0.000004
494880 0.000003
494890 -0.000000
494900 0.000001
494910 0.000001
494920 0.000074
494930 -0.000001
494940 -0.000002
494950 -0.000001
494960 0.000003
494970 -0.000001
494980 0.000005
494990 -0.000000
495000 -0.000008
495010 -0.000001
495020 -0.000007
495030 -0.000051
495040 0.000001
495050 -0.000001
495060 -0.000001
495070 0.000003
495080 -0.000001
495090 0.000003
495100 -0.000016
495110 -0.000000
495120 -0.000001
495130 -0.000002
495140 -0.000002
495150 0.000001
495160 0.000004
495170 0.000001
495180 -0.000000
495190 -0.000006
495200 -0.000002
495210 0.000004
495220 -0.000003
495230 0.000005
495240 -0.000010
495250 -0.000001
495260 0.000001
495270 0.000001
495280 -0.000000
495290 -0.000001
495300 -0.000000
495310 -0.000003
495320 -0.000005
495330 0.000001
495340 -0.000002
495350 -0.000007
495360 -0.000002
495370 -0.000002
495380 -0.000000
495390 0.000006
495400 0.000003
495410 0.000002
495420 0.000004
495430 -0.000004
495440 0.000006
495450 0.000008
495460 -0.000001
495470 -0.000001
495480 0.000003
495490 -0.000007
495500 -0.000000
495510 -0.000001
495520 0.000003
495530 0.000005
495540 -0.000007
495550 0.000002
495560 0.000001
495570 0.000001
495580 0.000001
495590 0.000001
495600 -0.000004
495610 -0.000001
495620 0.000003
495630 -0.000004
495640 -0.000001
495650 -0.000003
495660 0.000002
495670 0.000002
495680 0.000001
495690 0.000006
495700 0.000026
495710 -0.000002
495720 -0.000002
495730 0.000001
495740 0.000002
495750 -0.000003
495760 0.000002
495770 0.000001
495780 -0.000004
495790 0.000003
495800 -0.000002
495810 -0.000001
495820 0.000002
495830 0.000002
495840 0.000005
495850 0.000002
495860 0.000001
495870 0.000001
495880 0.000002
495890 0.000001
495900 0.000001
495910 -0.000001
495920 0.000001
495930 0.000000
495940 0.000007
495950 -0.000003
495960 0.000010
495970 -0.000000
495980 -0.000002
495990 0.000002
496000 -0.000001
496010 -0.000002
496020 -0.000004
496030 -0.000003
496040 -0.000001
496050 0.000001
496060 0.000002
496070 0.000002
496080 -0.000011
496090 0.000000
496100 0.000001
496110 0.000001
496120 -0.000002
496130 -0.000007
496140 0.000005
496150 -0.000019
496160 0.000029
496170 -0.000002
496180 0.000003
496190 -0.000003
496200 -0.000001
496210 0.000002
496220 -0.000001
496230 0.000006
496240 0.000003
496250 0.000001
496260 -0.000029
496270 -0.000001
496280 -0.000002
496290 0.000002
496300 0.000001
496310 0.000002
496320 -0.000000
496330 0.000001
496340 -0.000003
496350 -0.000006
496360 -0.000002
496370 -0.000003
496380 0.000002
496390 0.000000
496400 -0.000004
496410 -0.000001
496420 0.000003
496430 0.000000
496440 0.000004
496450 -0.000001
496460 -0.000002
496470 -0.000004
496480 0.000001
496490 -0.000002
496500 0.000000
496510 -0.000015
496520 0.000009
496530 0.000001
496540 -0.000001
496550 0.000008
496560 0.000008
496570 0.000001
496580 -0.000002
496590 -0.000002
496600 -0.000002
496610 0.000001
496620 0.000003
496630 0.000077
496640 0.000002
496650 -0.000030
496660 0.000005
496670 -0.000004
496680 0.000003
496690 -0.000004
496700 0.000001
496710 0.000006
496720 0.000007
496730 0.000028
496740 -0.000002
496750 -0.000004
496760 -0.000007
496770 -0.000003
496780 -0.000001
496790 0.000004
496800 0.000001
496810 -0.000005
496820 -0.000002
496830 0.000002
496840 -0.000001
496850 0.000002
496860 0.000003
496870 -0.000000
496880 -0.000012
496890 -0.000002
496900 -0.000001
496910 0.000030
496920 -0.000000
496930 -0.000008
496940 -0.000004
496950 -0.000002
496960 0.000001
496970 0.000004
496980 -0.000005
496990 0.000002
497000 -0.000001
497010 -0.000005
497020 -0.000001
497030 0.000025
497040 -0.000001
497050 -0.000001
497060 0.000007
497070 0.000002
497080 -0.000002
497090 -0.000001
497100 -0.000026
497110 -0.000001
497120 -0.000001
497130 0.000002
497140 -0.000002
497150 -0.000004
497160 -0.000001
497170 0.000001
497180 0.000002
497190 0.000003
497200 0.000004
497210 -0.000003
497220 -0.000005
497230 0.000000
497240 0.000003
497250 0.000002
497260 0.000001
497270 0.000005
497280 0.000000
497290 0.000031
497300 0.000003
497310 -0.000000
497320 0.000006
497330 -0.000003
497340 -0.000002
497350 0.000002
497360 -0.000003
497370 0.000001
497380 0.000001
497390 -0.000003
497400 0.000003
497410 0.000001
497420 -0.000001
497430 -0.000003
497440 -0.000010
497450 -0.000001
497460 0.000003
497470 -0.000002
497480 0.000004
497490 0.000002
497500 -0.000001
497510 -0.000002
497520 0.000001
497530 0.000001
497540 0.000001
497550 -0.000000
497560 -0.000000
497570 0.000001
497580 0.000005
497590 0.000005
497600 0.000003
497610 -0.000002
497620 -0.000001
497630 0.000001
497640 0.000001
497650 -0.000003
497660 0.000005
497670 0.000002
497680 -0.000001
497690 -0.000001
497700 0.000002
497710 -0.000002
497720 -0.000000
497730 0.000002
497740 0.000000
497750 -0.000003
497760 -0.000000
497770 0.000005
497780 0.000002
497790 0.000001
497800 0.000001
497810 0.000003
497820 -0.000001
497830 0.000002
497840 0.000001
497850 -0.000001
497860 -0.000002
497870 0.000002
497880 0.000001
497890 0.000003
497900 -0.000005
497910 -0.000003
497920 0.000004
497930 -0.000001
497940 0.000000
497950 0.000001
497960 0.000000
497970 0.000002
497980 0.000005
497990 -0.000002
498000 0.000004
498010 0.000003
498020 -0.000000
498030 -0.000024
498040 0.000001
498050 0.000004
498060 0.000005
498070 0.000005
498080 -0.000001
498090 -0.000001
498100 -0.000000
498110 -0.000002
498120 0.000005
498130 -0.000001
498140 0.000008
498150 -0.000004
498160 0.000008
498170 0.000001
498180 0.000003
498190 0.000002
498200 -0.000000
498210 -0.000001
498220 -0.000001
498230 -0.000013
498240 0.000002
498250 -0.000005
498260 0.000003
498270 -0.000001
498280 0.000003
498290 0.000001
498300 -0.000004
498310 0.000001
498320 0.000001
498330 -0.000005
498340 0.000004
498350 -0.000000
498360 -0.000029
498370 -0.000000
498380 0.000001
498390 0.000000
498400 0.000001
498410 0.000003
498420 0.000004
498430 -0.000002
498440 0.000006
498450 -0.000005
498460 0.000000
498470 0.000004
498480 0.000024
498490 0.000000
498500 0.000004
498510 -0.000002
498520 0.000002
498530 0.000011
498540 0.000005
498550 0.000000
498560 0.000004
498570 0.000006
498580 0.000001
498590 -0.000004
498600 0.000001
498610 0.000001
498620 0.000003
498630 0.000002
498640 0.000002
498650 -0.000000
498660 0.000002
498670 0.000002
498680 -0.000000
498690 -0.000003
498700 -0.000001
498710 0.000001
498720 -0.000001
498730 -0.000001
498740 -0.000002
498750 0.000002
498760 -0.000002
498770 -0.000004
498780 -0.000001
498790 0.000001
498800 0.000000
498810 -0.000002
498820 -0.000002
498830 0.000003
498840 0.000004
498850 -0.000003
498860 0.000002
498870 0.000001
498880 0.000001
498890 0.000001
498900 0.000000
498910 -0.000001
498920 0.000004
498930 0.000001
498940 -0.000003
498950 0.000000
498960 -0.000002
498970 0.000001
498980 0.000000
498990 -0.000002
499000 0.000002
499010 0.000004
499020 -0.000001
499030 -0.000001
499040 -0.000004
499050 -0.000005
499060 -0.000001
499070 0.000003
499080 0.000001
499090 -0.000002
499100 0.000002
499110 -0.000002
499120 0.000003
499130 -0.000001
499140 -0.000003
499150 0.000002
499160 0.000001
499170 -0.000001
499180 -0.000002
499190 0.000000
499200 0.000001
499210 0.000003
499220 0.000011
499230 0.000002
499240 -0.000002
499250 0.000000
499260 0.000003
499270 -0.000002
499280 0.000006
499290 -0.000008
499300 0.000001
499310 0.000005
499320 -0.000002
499330 0.000000
499340 0.000007
499350 0.000006
499360 0.000001
499370 -0.000006
499380 0.000003
499390 0.000001
499400 -0.000001
499410 0.000010
499420 0.000002
499430 -0.000003
499440 0.000002
499450 -0.000009
499460 -0.000002
499470 -0.000002
499480 -0.000003
499490 -0.000010
499500 -0.000003
499510 0.000003
499520 0.000002
499530 0.000001
499540 0.000001
499550 -0.000002
499560 -0.000000
499570 -0.000000
499580 0.000002
499590 0.000002
499600 0.000010
499610 0.000001
499620 -0.000002
499630 0.000003
499640 0.000001
499650 0.000005
499660 -0.000001
499670 -0.000002
499680 0.000000
499690 0.000003
499700 0.000007
499710 -0.000001
499720 -0.000006
499730 -0.000001
499740 -0.000005
499750 -0.000001
499760 -0.000005
499770 0.000001
499780 -0.000000
499790 0.000002
499800 -0.000004
499810 0.000002
499820 0.000000
499830 -0.000004
499840 -0.000001
499850 0.000002
499860 0.000003
499870 0.000000
499880 -0.000003
499890 -0.000001
499900 -0.000001
499910 0.000003
499920 0.000002
499930 -0.000000
499940 -0.000002
499950 0.000004
499960 -0.000002
499970 0.000002
499980 0.000001
499990 -0.000001
